country,date,gdp,sol,pop,gdpc,gdpGrowth,gdpcGrowth
GCO,1837-01-13,1.01852496408,8.93505,16.40758,62076.489286049495,0,0
GCO,1838-01-19,0.9560021920799999,9.59233,16.65722,57392.66168544331,0.03297569526653765,0.02086935364100917
GCO,1839-01-25,1.07967354352,9.6379,16.92714,63783.57735092875,0.0018403728350253612,-0.010227913490476581
GCO,1840-01-31,1.0305253712,10.08259,17.20461,59898.211653737,-0.05487395801452777,-0.06615880134550844
GCO,1841-02-06,1.0632485292,10.31538,17.4963,60769.90730611615,0.035243307954862635,0.022015274430145393
GCO,1842-02-12,1.1040771346799998,10.08041,17.80779,61999.671754889285,0.05881080434644148,0.04478200215089112
GCO,1843-02-18,1.14478682916,9.99393,18.11956,63179.61524231273,0.07807220367896517,0.06417461555620574
GCO,1844-02-24,1.19209654564,10.3226,18.42688,64693.34719930883,0.1180413774498612,0.10399281069193744
GCO,1845-03-02,1.3919298171999999,10.13996,18.74743,74246.43362850267,0.19108395610048534,0.17559091603184118
GCO,1846-03-08,1.2186312086,10.32241,19.06991,63903.35395395154,-0.07885766829916407,-0.09067356022478412
GCO,1847-03-14,1.2158279463200001,9.02609,19.34548,62848.16640993143,0.019456088269495853,0.008444575042894753
GCO,1848-03-20,1.3551153382,10.35504,19.63353,69020.46337057065,0.04386638465893,0.032401302514514674
GCO,1849-03-26,1.54159249244,10.26062,20.02665,76977.05269927821,0.09572552823409852,0.0791992314548271
GCO,1850-04-01,1.5917036824000002,10.20142,20.44171,77865.48593048233,0.014327391478622387,-0.0012573090989802527
GCO,1851-04-07,1.7117344727600001,9.96163,20.84203,82128.97077491971,0.06934699913317144,0.05386380001317792
GCO,1852-04-13,1.55356351436,10.03957,21.23901,73146.70101666696,0.03713740129662324,0.022267944301703757
GCO,1853-04-19,1.40657699468,9.85322,21.5993,65121.41572550962,-0.08731275376512848,-0.09876737268383162
GCO,1854-04-25,1.5677981098,9.85213,22.925989999999995,68385.18684689299,0.09530294540892559,0.0637964132575215
GCO,1855-05-01,1.77246554004,10.04511,27.28391,64963.76582535275,0.1349012288253597,-0.015369688594607633
GCO,1856-05-07,1.78312601844,9.93899,28.04704,63576.26396368387,0.0140691049629178,-0.0040359738602806505
GCO,1857-05-13,1.90837257052,9.72604,29.47824,64738.34837222304,0.06776052248249398,0.025528052239726984
GCO,1858-05-19,1.8004545280800002,10.12202,30.56376,58908.148999992154,-0.02180629119257438,-0.04263513745506198
GCO,1859-05-25,2.00447758212,10.07745,32.05807,62526.45845866579,0.07227706381627708,0.030895924261588714
GCO,1860-05-31,2.28024860596,10.09625,32.71756,69694.94687134371,0.05724495701565813,0.04096105369753644
GCO,1861-06-06,2.13187039572,10.24088,33.4217,63787.01250145863,-0.010025675115476695,-0.02572393729995348
GCO,1862-06-12,2.47682068348,10.17845,34.07235,72692.98077414678,0.13373206536684057,0.11751255315519304
GCO,1863-06-18,2.5279043987599996,10.22215,33.81743,74751.5230684295,-0.009813495402221761,0.011565172224824005
GCO,1864-06-24,2.62443650196,10.09572,36.40991,72080.27984578923,0.013598923600241175,-0.040794190534237385
GCO,1865-06-30,2.55865034412,10.08874,38.35315000000001,66712.91260613535,-0.033994669059595695,-0.07097269705640674
GCO,1866-07-06,2.67940358608,10.04059,39.10089000000001,68525.38615054541,0.059416854520074835,0.04384542026851457
GCO,1867-07-12,2.92324992752,9.82114,39.79076,73465.54646154032,0.0724179489447454,0.05848805460818607
GCO,1868-07-18,3.6660877505199996,9.47424,64.47846,56857.55755518975,0.12096850863495012,-0.1682885449336986
GCO,1869-07-24,4.26909892604,9.78972,65.53116,65146.09120363504,0.21113568091412382,0.1961203529311093
GCO,1870-07-30,4.04832230504,9.70039,66.61165,60774.98913538398,-0.05008124958960303,-0.06148954470999635
GCO,1871-08-05,4.55969742852,9.77916,67.74032,67311.42440012093,0.05387794205897323,0.040435665355475825
GCO,1872-08-11,4.8700687724,9.9918,69.62258,69949.55907120937,0.03949835743554231,0.018018412009729756
GCO,1873-08-17,5.314052679,10.16493,70.98925,74857.14638483996,0.04699164253910282,0.03187644804680789
GCO,1874-08-23,5.11954914328,9.61237,72.23591,70872.63306131258,-0.0394338261651167,-0.05212883250053579
GCO,1875-08-29,5.59061514752,10.0119,73.61237,75946.68053100315,0.09096501858139772,0.07556698683536456
GCO,1876-09-04,5.9727109161200005,10.32335,75.13152,79496.74006488889,0.05921414339585329,0.04330726193450363
GCO,1877-09-10,6.48367171452,10.35568,76.7808,84443.91976275318,0.07333989210681757,0.05577280513642324
GCO,1878-09-16,6.6756695148,10.31845,78.40271,85145.90267096634,0.039472339697426584,0.023366095659447028
GCO,1879-09-22,6.85407838492,10.35484,80.01191,85663.22669862524,0.009256045712765282,-0.006116694090650077
GCO,1880-09-28,7.3956183548,10.40069,81.50726,90735.70078051943,0.01786070495106129,0.003717171559664001
GCO,1881-10-04,7.5561032586,10.42212,83.08882,90940.07182434412,0.03025684300580278,0.015277438856601044
GCO,1882-10-10,8.42055757192,10.41294,84.7194,99393.49867822483,0.09250985569720016,0.07653557573404912
GCO,1883-10-16,9.355221518239999,10.5761,86.20067,108528.408401466,0.09002686226464185,0.07571884682901509
GCO,1884-10-22,10.38760209656,10.98937,87.8424,118252.71277378578,0.07744731690499651,0.06279082660021351
GCO,1885-10-28,10.99547726576,10.80061,89.746,122517.74191340005,0.02203971545437322,0.005243693447196884
GCO,1886-11-03,11.01657761308,10.91374,91.34513,120603.88564863832,0.03963648986483226,0.026131466099273526
GCO,1887-11-09,12.21817468612,10.75138,92.93244,131473.73173587178,0.06699168818442813,0.053104293605058306
GCO,1888-11-15,11.74061581992,10.66981,94.51821,124215.3847382425,-0.03194027513250286,-0.04435412343293277
GCO,1889-11-21,12.35861591848,11.00215,96.14423,128542.46082661435,0.022812602123073678,0.009570120149687833
GCO,1890-11-27,13.306744050079999,11.02795,97.85586,135983.10872828666,0.05788486460954512,0.044099572352596095
GCO,1891-12-03,14.1978432674,11.1878,100.8295,140810.41032039234,0.08521654969416437,0.06504847264177638
GCO,1892-12-09,14.46939124488,11.08473,106.02017,136477.72159656035,0.015651679328557933,-0.024464344025857954
GCO,1893-12-15,15.46609745096,11.22315,107.89091,143349.40219671887,0.026199943977755602,0.012846407657193692
GCO,1894-12-21,15.441766253159999,11.33133,109.71055000000001,140750.05779444182,-0.002315395715264179,-0.014954321820692895
GCO,1895-12-27,17.819771200399998,11.52865,111.79385,159398.49285448168,0.11034677394179004,0.09493026684396466
GCO,1897-01-02,17.63132648212,11.30241,113.92006,154769.28718366195,-0.0026142222274948557,-0.01677433478230339
GCO,1898-01-08,19.662516412760002,10.70095,115.87071,169693.5870398999,0.06105742377073975,0.04770349051717293
GCO,1899-01-14,19.57726297748,10.79169,117.85789000000001,166109.05708120178,0.023003838307577906,0.009954202593464023
GCO,1900-01-20,20.195873254960002,10.86271,119.82819000000002,168540.25129612655,0.021079325856217634,0.00836683413579653
GCO,1901-01-26,20.75038276012,10.98707,121.85348,170289.6196326933,0.0302880561482759,0.017398303598669784
GCO,1902-02-01,21.67044940268,11.96613,124.16732,174526.19097102198,0.06405155348707225,0.048936124524984415
GCO,1903-02-07,22.28976977604,11.953,126.52042,176175.2749164127,0.014541801396578569,0.00010268641159116854
GCO,1904-02-13,23.1869311284,12.02382,128.86095,179937.60816135534,0.04004781746039843,0.02577110051649778
GCO,1905-02-19,24.5805235468,11.99653,131.25758,187269.36415253123,-0.0129202230389458,-0.026465259331263535
GCO,1906-02-25,22.66882326384,11.63539,133.58645,169694.03157161523,0.0338031530316425,0.020032106822110318
GCO,1907-03-03,25.00673006104,11.81121,135.91504,183987.9535115466,0.042868652145026775,0.02951047439219945
GCO,1908-03-09,26.32806838896,11.86077,138.34406,190308.62900047895,0.041050367097908325,0.027245948095870443
GCO,1909-03-15,28.05960984476,12.02258,140.85993,199202.21346666865,0.07282550566358537,0.05827473414502782
GCO,1910-03-21,28.2600363214,12.06874,143.40953,197058.28700087089,0.02078014569632014,0.00702982888329462
GCO,1911-03-27,29.19835157252,11.99243,145.89338,200134.86268204902,0.02158159183756525,0.008414128019941236
GCO,1912-04-02,29.061791536959998,11.9388,147.01421,197680.15307472658,0.02345082940187182,0.015333885654614132
GCO,1913-04-08,28.447070620799998,11.87524,146.73901,193861.67741488782,-0.03789066256735163,-0.037438382418066296
GCO,1914-04-14,29.4847555678,12.02234,148.92308,197986.47441215962,0.022132324037739792,0.010707943668929465
GCO,1915-04-20,31.102099704519997,11.87438,149.91915,207459.1518463118,0.04419308534390365,0.041041151864372516
GCO,1916-04-26,32.13843985196,11.82546,152.21415,211139.63354891777,0.026916744821238847,0.015259091796967938
GCO,1917-05-02,33.27307950252,11.86668,154.45854,215417.54507403733,0.03697971115544596,0.025515162725116447
GCO,1918-05-08,35.00217061276,11.77001,156.66186,223424.96516229288,0.020771943211161048,0.009905729003400143
GCO,1919-05-14,33.59193997952,11.58285,158.81484,211516.37957460398,0.008831233962681928,-0.0015023849956926627
GCO,1920-05-20,37.94836728488,11.44082,187.82976,202035.9674892839,0.13536606615095836,-0.036735721294647306
GCO,1921-05-26,39.63201598512,11.4449,190.69702,207827.13848973621,0.034353415175025326,0.022446352358484134
GCO,1922-06-01,41.89954751736,11.4583,193.77588,216226.8467951739,0.05774514757732363,0.04504391747136527
GCO,1923-06-07,41.2967364992,11.27046,196.2005,210482.32037736906,-0.02641078266178909,-0.03526820499055239
GCO,1924-06-13,43.95535299168,11.57538,199.27181,220579.88529175305,0.0324843856130379,0.020347770062439263
GCO,1925-06-19,45.01353073308,11.6574,202.53243,222253.4471791999,0.019777148109633602,0.007327885027842429
GCO,1926-06-25,48.66926187344,11.98852,205.83257,236450.7321335977,0.04886051558562099,0.03591513466823626
GCO,1927-07-01,51.61247552292,12.00468,208.91916,247045.19931498863,0.05697984294983294,0.04522160744079584
HON,1838-07-13,0.12109154252,9.37485,4.05401,29869.571737612885,0,0
HON,1839-07-19,0.08838083332,11.19455,4.12486,21426.3837609034,-0.2763545398722669,-0.28610660629501905
HON,1840-07-25,0.08867935492,11.18869,4.22346,20996.849720371447,0.0022779014630256444,-0.014591120524595658
HON,1841-07-31,0.0842415574,11.15326,4.31604,19518.2522404797,-0.03712310590309098,-0.05320947389399766
HON,1842-08-06,0.09105092672000001,12.16832,4.41448,20625.5157391131,0.04426070001069582,0.02616864082003434
HON,1843-08-12,0.0970535566,12.19976,4.52225,21461.34260600365,0.10573352338599906,0.08674260949061163
HON,1844-08-18,0.09939185047999999,12.16368,4.61532,21535.202430167355,-0.02859797391962582,-0.04382689682364249
HON,1845-08-24,0.14950930799999998,11.38126,4.70624,31768.313558169575,0.48622248785935596,0.46393688749992834
HON,1846-08-30,0.11529772956,11.50662,4.8054,23993.367786240484,-0.20195899131705075,-0.21394332914215175
HON,1847-09-05,0.11598021292,12.30833,4.8992,23673.296236120183,0.011024983067540184,-0.004003737079065095
HON,1848-09-11,0.11883341288,11.36052,5.00473,23744.220543365976,0.02928768273617499,0.012267793142956451
HON,1849-09-17,0.12166543219999999,12.22682,5.11858,23769.372013331824,-0.019233636762875816,-0.03508472828995568
HON,1850-09-23,0.1567547098,11.34218,5.22691,29989.93856791106,0.03576583961089552,0.0190467993578316
HON,1851-09-29,0.12902072352,11.35026,5.33878,24166.705412097897,-0.17939735455655104,-0.19184264880825141
HON,1852-10-05,0.12829757512,11.3379,5.4374,23595.39028212013,0.002011702301786711,-0.012228362297667439
HON,1853-10-11,0.1285511396,12.31941,5.53874,23209.455507931405,-0.00009431793047809389,-0.014221618383354895
HON,1854-10-17,0.13095327024,12.33674,5.65695,23149.094519131333,0.01719644402444853,0.0018799874036132813
HON,1855-10-23,0.13238706779999998,12.33849,5.76919,22947.253912594315,0.0039231817892448895,-0.011242226170516845
HON,1856-10-29,0.13447685628,12.33991,5.88387,22855.171218942636,0.017981023584269007,0.0025562703836288225
HON,1857-11-04,0.1365124046,12.32464,6.00927,22716.96971512347,0.00613916989445884,-0.009123506170631734
HON,1858-11-10,0.13773913140000002,11.32908,6.12695,22480.86427994353,0.003743265372049498,-0.011301842109283977
HON,1859-11-16,0.1825660954,9.52553,6.22696,29318.65555584105,0.3425117504106223,0.32600660837804507
HON,1860-11-22,0.15843784996,11.31047,6.33701,25001.98831310034,-0.06998060755878122,-0.08262098758765868
HON,1861-11-28,0.13271362676,11.9279,6.43548,20622.179971035574,-0.1378686402431769,-0.1481940434886978
HON,1862-12-04,0.14799580016000002,11.95963,6.56201,22553.424965826023,0.10870705058404861,0.09328800129038273
HON,1863-12-10,0.15572994216,12.01553,6.68645,23290.37712986712,0.06040853344497821,0.045070941569064216
HON,1864-12-16,0.15370874376000002,11.99096,6.813430000000001,22559.671671977256,0.007528862760278754,-0.007003198417477319
HON,1865-12-22,0.14817805704,12.02209,6.94431,21338.053318472248,-0.025418123594226127,-0.038850569839197435
HON,1866-12-28,0.14952920684,11.98066,7.07335,21139.800354853076,0.039086730718020934,0.02442622627162061
HON,1868-01-03,0.15086906692000002,12.00884,7.22264,20888.35480101459,-0.001191299738249496,-0.017196817489907534
HON,1869-01-09,0.15845826827999998,11.98485,7.38784,21448.52464049032,0.0393823599818659,0.02252835003826381
HON,1870-01-15,0.15956431504,12.02066,7.54604,21145.437214751048,0.018859776254465332,0.0022129591878043975
HON,1871-01-21,0.16840223348,11.8657,7.70337,21860.852260763797,0.06908740702656657,0.05302709246968074
HON,1872-01-27,0.20691529352000002,10.73372,7.83636,26404.516066132746,0.1282962988721439,0.11321531323881806
HON,1873-02-02,0.18938984948,11.56834,7.98029,23732.201396189863,-0.11829527692605246,-0.13060427186109258
HON,1874-02-08,0.20571258656,10.67099,8.14513,25255.899729040542,-0.011305404321661494,-0.025997696847623986
HON,1875-02-14,0.24469106064,10.36133,8.28855,29521.576227446294,0.17453052412266534,0.1585157792675429
HON,1876-02-20,0.26167976796,9.64323,8.41489,31097.229786723296,0.04478946776949022,0.03270416587516256
HON,1877-02-26,0.27416708279999996,9.54522,8.55328,32054.02872348385,0.03544917252989088,0.023318214300126705
HON,1878-03-04,0.32009009292,9.41433,8.68551,36853.34458425584,0.09460926141897152,0.08165654076400175
HON,1879-03-10,0.30171251032,9.29324,8.80514,34265.49837027009,0.057302430549524885,0.04595748895685747
HON,1880-03-16,0.29585243011999995,9.04983,8.9078,33212.738287792716,-0.016143425983047965,-0.02436718888312428
HON,1881-03-22,0.3269439264,8.20129,8.99494,36347.5383271039,0.10427035971119203,0.09574285782613101
HON,1882-03-28,0.30495049936,8.02331,9.05544,33675.94499659873,-0.06837315698750501,-0.07280208439043379
HON,1883-04-03,0.31369175812,8.01251,9.10769,34442.51595300235,0.01260630787795125,0.008035637529339335
HON,1884-04-09,0.32026910604,8.02522,9.15971,34964.98317523153,0.016192885428916837,0.011741355047335533
HON,1885-04-15,0.32131486972,7.98118,9.21635,34863.570689047185,0.0036057156019180248,-0.0008106081989188718
HON,1886-04-21,0.30722222752,7.84781,9.25144,33208.044101242616,0.04408496583035637,0.04110821988682489
HON,1887-04-27,0.32304697048000003,7.90851,9.29814,34743.182021350505,0.058751437731452194,0.054529344630383614
HON,1888-05-03,0.361386753,7.99363,9.35234,38641.31896402398,0.09095010093559242,0.08631540367404322
HON,1889-05-09,0.38408420804,7.40328,9.40087,40856.24075644063,0.06769718563249816,0.06318858448862286
HON,1890-05-15,0.37773682544,7.31648,9.42042,40097.662889765,-0.012751744701277712,-0.014286602767754841
HON,1891-05-21,0.37213585552,8.00247,9.45204,39370.956483468115,-0.02027165243077833,-0.022634094524612403
HON,1892-05-27,0.40368623412,8.78475,9.51454,42428.35009574819,0.03967816417094516,0.034530007208576796
HON,1893-06-02,0.43400335732,8.7867,9.6004,45206.799437523434,0.012353134971254454,0.0057096664422999766
HON,1894-06-08,0.44152413032,8.13032,9.65313,45738.960349648245,0.023465778325096887,0.01915725619285147
HON,1895-06-14,0.44442323952,8.07308,9.70608,45788.12862865338,0.005594971180157504,0.0013791190107947937
HON,1896-06-20,0.44759447772000005,8.04862,9.76191,45851.117017059165,0.004723530936182385,0.000498949623068734
HON,1897-06-26,0.44788030092000003,8.01894,9.81386,45637.52701994934,0.0004053641188372925,-0.0036448027969040453
HON,1898-07-02,0.4450665856,7.98098,9.86379,45121.25517676269,0.0014043833015429108,-0.0024741098170313336
HON,1899-07-08,0.44629646100000003,7.93101,9.91172,45027.14574261581,0.0015442265785410303,-0.0020349250833373578
HON,1900-07-14,0.44811524628000005,7.89942,9.95555,45011.60119531317,0.0028659523728400416,-0.0005421416885811325
HON,1901-07-20,0.4484157106,7.88611,9.96629,44993.24328310735,0.0004970085414259806,0.00024406887332228955
HON,1902-07-26,0.4327243154,7.79459,9.96098,43441.941997674934,-0.029316617753317065,-0.02917214474582852
HON,1903-08-01,0.46988521372,7.26483,9.9406,47269.30102005915,0.07489204915526693,0.07671076214206551
HON,1904-08-07,0.42980595371999997,7.81328,9.93368,43267.54573531661,-0.033802937033467706,-0.03348583316522591
HON,1905-08-13,0.4125465942,7.08617,9.84904,41886.98535085653,-0.007167861414654975,-0.0008577720578686332
HON,1906-08-19,0.4149750956,7.80472,9.79155,42380.94025971373,0.040801739667940984,0.045210544318633916
HON,1907-08-25,0.41863522635999995,7.86557,9.79024,42760.4661744758,0.003905457155397807,0.0039929473998383536
HON,1908-08-31,0.41131838332000004,7.88819,9.78876,42019.45734904115,-0.008704540082903778,-0.008542339969396684
HON,1909-09-06,0.41825697316,7.82763,9.78539,42743.00494512738,0.00010927024404194796,0.0003689404836733079
HON,1910-09-12,0.4197312964,7.8301,9.77942,42919.85581967029,0.0026859410699227038,0.0030863502708489143
HON,1911-09-18,0.41474122716,7.95218,9.65398,42960.647024336075,-0.0036498182685691383,0.0022411318366537536
HON,1912-09-24,0.414581947,8.08226,9.55689,43380.424698829855,0.008631937381077925,0.012051520710652186
HON,1913-09-30,0.43000549176,8.06307,9.59856,44798.95856878532,0.046039117544716346,0.042262158680793194
HON,1914-10-06,0.42764582068,8.17925,9.62841,44414.99901645235,-0.007522155232345562,-0.009903321917017704
HON,1915-10-12,0.42923690731999997,8.14492,9.67827,44350.58200690826,0.00433439395826829,0.0005856717791636878
HON,1916-10-18,0.43323077720000003,8.13497,9.72485,44548.83902579475,0.009611926522004932,0.005890616359679468
HON,1917-10-24,0.45247684508,8.93697,9.78324,46250.20392835094,0.04387400434587119,0.03910474967432731
HON,1918-10-30,0.45501284556,8.09771,9.84507,46217.32964417724,0.0016776137583884854,-0.002950805115276234
HON,1919-11-05,0.45511931868000005,8.12246,9.88613,46036.14545631102,-0.0006348566024415581,-0.004074823801433203
HON,1920-11-11,0.45444855144,8.08052,9.91877,45817.02685312796,0.00711884010458208,0.004567491473747909
HON,1921-11-17,0.45619870296000004,8.01079,9.96599,45775.55295158835,0.00270326003661836,-0.0008072029231085409
HON,1922-11-23,0.43733962636,8.04129,10.01457,43670.33495796624,-0.02025171342505727,-0.023894379415098088
HON,1923-11-29,0.4548208288,8.02818,10.06008,45210.45844565849,0.020043856001115135,0.016746097444657382
HON,1924-12-05,0.47378648304000004,7.96396,10.09617,46927.34799830034,0.03134799579813241,0.028455950386688578
HON,1925-12-11,0.47149103352,8.08254,10.13478,46522.07877428026,-0.010923951755303585,-0.013909516519552745
HON,1926-12-17,0.46162664444,7.99896,10.15652,45451.261302099534,-0.024319148264435486,-0.026531971027595302
HON,1927-12-23,0.47272732780000004,8.00237,10.14933,46577.19551931014,0.008304380643072484,0.008948396109623502
AWS,1865-10-06,0.08774239552,7.73252,1.11737,78525.8200238059,0,0
AWS,1866-10-12,0.08713861624000001,7.78952,1.12336,77569.62704742915,-0.004878660595281525,-0.008787609954406972
AWS,1867-10-18,0.08361518204,7.91891,1.13143,73902.21404770954,0.008845588108657543,0.0032011911878551125
AWS,1868-10-24,0.08029553584,7.68288,1.14008,70429.73812364045,-0.016830018685002446,-0.02263195123861561
AWS,1869-10-30,0.08554752596,8.03961,1.14929,74435.10859748193,0.05556229756835984,0.04952251636887439
AWS,1870-11-05,0.08478295696,7.88737,1.15864,73174.54684802872,-0.027399223685042107,-0.03349323562935158
AWS,1871-11-11,0.08561343752,7.89054,1.16783,73309.84605636096,0.008125263098502478,0.0021082338110807175
AWS,1872-11-17,0.08069456252000001,7.63074,1.17647,68590.41243720624,-0.055622224317437574,-0.060783403808332026
AWS,1873-11-23,0.08207270187999999,8.05563,1.1837,69335.72854608431,0.050574770753013754,0.04593553347809887
AWS,1874-11-29,0.08408567284,7.97387,1.19449,70394.62267578632,-0.00655539977151709,-0.013316089445800872
AWS,1875-12-05,0.08584022304,8.02938,1.2037,71313.63549057074,0.005467651903145132,-0.000375222058816016
AWS,1876-12-11,0.08384273923999999,7.93579,1.21165,69197.1602690546,0.005187406473129652,-0.000009331299610337851
AWS,1877-12-17,0.052923580840000005,7.64548,0.82822,63900.38979981165,-0.39584042245724727,-0.11500555060639173
AWS,1878-12-23,0.0661702002,6.72845,0.82458,80247.1563705159,-0.17021665403187813,-0.16645887558289363
AWS,1879-12-29,0.07006045228,6.49753,0.8130600000000001,86168.85873121294,0.027865040150728992,0.03967890249255812
AWS,1881-01-04,0.07478129828,6.03924,0.80771,92584.34126109618,0.29281852179114387,0.2998204575766099
AWS,1882-01-10,0.07336489264000001,6.04754,0.80641,90977.16129512285,-0.01655165047413909,-0.015734137089342237
AWS,1883-01-16,0.07016050496000001,5.98662,0.80418,87244.77723892662,-0.048142690357481865,-0.046416841888902494
AWS,1884-01-22,0.07351531668,6.21019,0.8011000000000001,91767.96489826488,0.048005732893254605,0.05139804731214137
AWS,1885-01-28,0.07342803832000001,6.4793,0.79827,91983.96322046425,-0.0038601957245703034,-0.0010868490216038307
AWS,1886-02-03,0.07390521372,6.63392,0.79833,92574.76697606253,0.0058824790176770225,0.006076972467071062
AWS,1887-02-09,0.07236579480000001,8.61302,0.79975,90485.52022507034,-0.0873322635778021,-0.08802234064236303
AWS,1888-02-15,0.05598257652,9.83235,0.53747,104159.44428526243,-0.08458362864683933,0.1573506857524749
AWS,1889-02-21,0.05392036988,10.1127,0.54549,98847.58635355368,0.00222091272292535,-0.008554145808547076
AWS,1890-02-27,0.05523744928,10.12703,0.55354,99789.44480976985,0.018600261194596346,0.007003179608081611
AWS,1891-03-05,0.05814922412,9.92586,0.56167,103529.16146491712,0.05075806153356255,0.03913290816049697
AWS,1892-03-11,0.05757363248,9.38928,0.56828,101312.08643626381,0.00009252919263813553,-0.008394031057701312
AWS,1893-03-17,0.0667239326,8.38328,0.74355,89736.9815076323,0.2006473304049492,-0.08062169840380018
AWS,1894-03-23,0.07483432111999999,8.16824,0.75002,99776.43412175674,0.027887176004801173,0.021099154606986525
AWS,1895-03-29,0.07485421839999999,8.34457,0.75488,99160.4207291225,-0.23631561834978543,-0.23976519092510218
AWS,1896-04-04,0.07436472732,8.1001,0.75882,98000.48406736775,-0.0034882239714248975,-0.007750508296170189
AWS,1897-04-10,0.07438905812,8.13465,0.7627099999999999,97532.55905914438,0.0017052118544489403,-0.001781912433484134
AWS,1898-04-16,0.07461334608,8.0859,0.76608,97396.2850877193,0.0025272775751028487,-0.0009578398671128419
AWS,1899-04-22,0.07121725416,8.29878,0.76886,92627.0766589496,-0.06942070061218586,-0.0720359196410224
AWS,1900-04-28,0.07478045432000001,7.47662,0.7701,97104.86212180236,0.024925242034960382,0.0244664662995413
AWS,1901-05-04,0.07261926516,7.5397,0.76764,94600.67891198999,-0.02228925362870171,-0.01944310747045863
AWS,1902-05-10,0.07312413004,7.58276,0.76897,95093.6057843609,0.006171667271940295,0.004619177554856302
AWS,1903-05-16,0.07304544468,7.66962,0.77267,94536.40581360737,-0.0008030337019603317,-0.004120939271517909
AWS,1904-05-22,0.0729925144,7.66361,0.7759799999999999,94064.94291089977,-0.000638397506854016,-0.0040973613439017065
AWS,1905-05-28,0.07296917888000001,7.70033,0.77976,93579.02287883453,0.00018246910783936698,-0.003451470752811714
AWS,1906-06-03,0.07459664784,7.90962,0.78462,95073.59975529557,-0.005095549186991177,-0.009693247983752928
AWS,1907-06-09,0.07662483556000001,7.91076,0.78948,97057.348583878,0.031616370169448293,0.026501497706047372
AWS,1908-06-15,0.07636207488,7.82431,0.79529,96017.89898024619,-0.0025947994295394405,-0.007809548635487995
AWS,1909-06-21,0.10343631896000001,9.22538,0.80132,129082.41271901362,0.17956538231683505,0.17259752953278285
AWS,1910-06-27,0.08443594016,8.78364,0.80671,104667.03048183362,-0.2656377124813808,-0.26940390470578524
AWS,1911-07-03,0.08307606788,10.23145,0.81319,102160.71014154135,-0.005035677946258144,-0.01461530979890735
AWS,1912-07-09,0.08194884983999999,9.09569,0.78913,103847.08456147909,0.013862742462830147,0.03877964621563157
AWS,1913-07-15,0.08397816648,9.34118,0.79703,105363.87147284293,0.013125156942487948,0.005475943822166762
AWS,1914-07-21,0.08543429232,9.35278,0.80505,106122.96418855971,0.00865974376478218,0.0011949878175570028
AWS,1915-07-27,0.08407762844,9.28337,0.81205,103537.50192722122,0.003383253076796988,-0.003486512736043168
AWS,1916-08-02,0.08223572344,8.94364,0.8132,101126.07407771765,-0.005213679283332606,-0.006383572707436613
AWS,1917-08-08,0.08494831175999999,8.94927,0.81264,104533.75634967512,0.003353591299995129,0.0039044687956097945
AWS,1918-08-14,0.08419802404,8.84756,0.81624,103153.51372145448,-0.011169507512861165,-0.014397684562094781
AWS,1919-08-20,0.08047528736000001,8.79625,0.81808,98370.92626637981,-0.04734201567056284,-0.04897601489312686
AWS,1920-08-26,0.08016869016,8.65573,0.81566,98286.89669715322,-0.005302156239848754,-0.002914190169821307
AWS,1921-09-01,0.060344608999999994,8.14931,0.53756,112256.50904085123,-0.17004484059846625,-0.1089573190499159
AWS,1922-09-07,0.05236069176,9.75528,0.80976,64661.98844101956,0.028017000384633395,-0.31602200682742
AWS,1923-09-13,0.12782412188,9.91594,0.82301,155312.96324467505,1.3786789411158953,1.3483666943698358
AWS,1924-09-19,0.06658160860000001,10.54966,0.8372999999999999,79519.41789083961,-0.5147047938915952,-0.5210943231930667
AWS,1925-09-25,0.06667258935999999,10.47075,0.8523200000000001,78224.83264501595,0.0015938408722397934,-0.011620470000686334
AWS,1926-10-01,0.06521886904,10.17456,0.86683,75238.36166260974,-0.011884586848036394,-0.02445316371603279
AWS,1927-10-07,0.06485340264,9.30976,0.8815400000000001,73568.30392268076,0.03492900819028777,0.02205471347260124
D10,1923-11-15,6.82235438924,8.3856,12.44834,548053.3460075802,0.057193879644322765,0.059847079780665835
D10,1924-11-28,8.86728587524,8.72885,12.67903,699366.2666024136,0.23948061301718648,0.22937966790781994
ZHI,1927-11-11,7.3066319924,6.08341,104.86897999999998,69673.91112605463,-0.04754589643175544,0.022793211071391317
SPA,1837-01-13,6.856425832879999,8.90469,120.23182603868587,57026.712965948565,0,0
SPA,1838-01-26,7.19944839068,9.26051,119.05901,60469.58051037045,0.010748553250448989,0.009612251449463871
SPA,1839-01-25,7.44370047512,9.55381,119.05901,62521.10172191084,0.03356772752644366,0.0347180270662697
MAK,1890-04-10,0.06795071608,4.11037,0.9732199999999999,69820.50931957831,-0.023842061855022245,-0.025561984576021102
MAK,1891-04-23,0.06522393332,5.77608,0.9739060011909787,66971.4872279649,-0.025448590375421465,-0.025280338618697273
MAK,1892-04-22,0.06405100728,5.08376,0.97322,65813.49261215347,-0.015100833838777139,-0.014125158587533604
MAK,1893-05-05,0.0669096636,5.12963,0.9728444031121679,68777.35369186822,0.04198433904309562,0.04140934585620282
MAK,1894-05-18,0.06708258388,5.1567,0.9732200000000001,68928.48881034093,0.0016661720984789685,0.0019857831594534137
MAK,1895-05-10,0.06773787124,5.19073,0.97322,69601.80764883582,0.007282059742352853,0.007161143906949663
MAK,1896-05-16,0.06803591912000001,3.48599,0.97322,69908.05688333574,0.002968479095695198,0.0030180333944906934
MAK,1897-05-29,0.06773858052000001,3.59881,0.9734477317606423,69586.25338566818,-0.006257471285317617,-0.006432601193680831
MAK,1898-05-28,0.06796787192,3.59239,0.97322,69838.13723515753,0.002860041130238411,0.00289297037485281
MAK,1899-06-10,0.06798583844,5.41309,0.97322,69856.59813813938,0.005556724821068615,0.006251635005999123
MAK,1900-06-23,0.06751930692000001,5.4845,0.97322,69377.22911571896,-0.008840939009531978,-0.008390385957381286
MAK,1901-06-15,0.06814747264000001,5.37851,0.9732199999999999,70022.68001068619,0.02069523925506478,0.020776908318563603
MAK,1902-06-21,0.06832742384,5.30916,0.97322,70207.58291033888,0.004043169306168659,0.003799425649073207
MAK,1903-07-04,0.06585822152000001,3.64657,0.97322,67670.43579046876,-0.027604102956078957,-0.027781098711728403
MAK,1904-07-03,0.06754012928,3.69536,0.9736800068431368,69365.83765232938,0.03374632857332216,0.03206104895052109
MAK,1905-07-16,0.06722582619999999,3.67178,0.97322,69075.67271531616,-0.005867210367008657,-0.0005632978640923714
MAK,1906-07-29,0.05907095948,4.5421,0.97322,60696.40932163334,-0.12613947969107597,-0.13054584292845173
MAK,1907-07-21,0.05377219536,4.64177,0.97322,55251.83962516183,-0.06725478019252373,-0.06615897603968346
MAK,1908-07-27,0.04026972404,5.5856,0.9509108227668389,42348.58104025812,-0.1820034329670407,-0.1757546437628944
MAK,1909-08-09,0.03308374732,6.50387,0.97322,33994.1095744025,-0.1374960576965626,-0.1375546031338578
ASM,1837-01-13,0.65832609804,8.64493,12.38132,53170.91376686814,0.3068314679317268,0.28681786427168454
ASM,1838-01-19,1.6570982381200001,8.48052,12.63456,131155.99103728187,0.9213498530460282,0.8911818667113616
ASM,1839-01-25,2.06537547944,7.64384,12.82767,161009.40228739905,0.21232787516865326,0.19833929342352397
ASM,1840-01-31,2.5926979473199996,8.02679,13.036410000000002,198881.2830618245,0.1971042525759259,0.1832725508876374
ASM,1841-02-06,3.08779101488,7.7272,13.21323,233689.34127991417,0.11618860337963643,0.10451144445904004
ASM,1842-02-12,2.9984538074400002,7.77281,13.36995,224268.13918077483,0.018651198686620463,0.009568891140648406
ASM,1843-02-18,3.1542350320000003,7.65386,13.5037,233583.02035738353,0.028715899022927704,0.02117552847674231
ASM,1844-02-24,3.061548191,7.6729,13.55871,225799.37110536327,-0.060091281729479085,-0.06283212008795358
ASM,1845-03-02,3.36471184348,8.23613,13.60385,247335.26490515552,0.09596071780097315,0.09332377677870474
ASM,1846-03-08,3.41131029304,8.40961,13.68532,249267.85000569953,0.00328033899388136,-0.0010693736633922146
ASM,1847-03-14,3.27478327644,8.43072,13.77654,237707.23827898732,0.03286570619344076,0.027580539433736506
ASM,1848-03-20,3.32063891536,6.66919,13.74983,241503.99789379214,-0.03263660236094201,-0.030349961944084125
ASM,1849-03-26,2.99386079772,7.04547,13.78483,217185.18093585488,-0.12049563095757698,-0.12249242290058393
ASM,1850-04-01,3.10105741504,7.19613,13.80376,224653.09560873266,0.03203488739323812,0.03097908696492091
ASM,1851-04-07,2.99346650616,7.30384,13.83437,216378.95373334672,0.0016080473623596436,-0.00004955170347065163
ASM,1852-04-13,3.13581170084,7.33837,13.86596,226151.79193074265,0.015185589102363783,0.013374804964709996
ASM,1853-04-19,3.5122997197599997,7.25604,13.91868,252344.31136860678,0.017856429235763915,0.014944186534025183
ASM,1854-04-25,3.0598456059599997,7.4474,13.95593,219250.56989824396,-0.11696209553319326,-0.11858791442551608
ASM,1855-05-01,2.89600913836,8.2366,14.061569999999998,205952.0479121464,-0.033839005552424806,-0.03937047341122468
ASM,1856-05-07,3.0700489861599998,8.05263,14.16725,216700.41724117243,0.030567394864212227,0.02486306812580996
ASM,1857-05-13,2.9385806631999998,9.80077,14.272230000000002,205894.9907057271,-0.04441985071631516,-0.0494973657810881
ASM,1858-05-19,3.01556577244,10.03426,14.466279999999998,208454.81854630218,0.01790664569486422,0.007401807070161803
ASM,1859-05-25,3.3075430206,12.28364,14.64126,225905.62701570764,0.0437241915369051,0.03471782378196231
ASM,1860-05-31,3.1666903418800003,11.60184,14.788,214139.19001081958,-0.035588257240654064,-0.04294045120225021
ASM,1861-06-06,3.7575210634,10.86067,14.95644,251230.9789896526,0.09972536399679588,0.09029041913453506
ASM,1862-06-12,3.66794951796,10.61048,15.1758,241697.275791721,-0.010956865659212056,-0.021515536968409354
ASM,1863-06-18,4.05400602932,10.46763,15.39254,263374.7275836217,0.08083439140258952,0.06911347674857948
ASM,1864-06-24,4.5063754476,10.64353,15.62028,288495.1772695496,0.08746882013018986,0.07546478772075327
ASM,1865-06-30,4.518486514879999,10.8151,15.86263,284851.0313157402,-0.004558553286130085,-0.015886625206649962
ASM,1866-07-06,4.85021951076,10.96186,16.54688,293119.8818605078,0.055765027056547956,0.022113393666316705
ASM,1867-07-12,4.958665829,11.1047,17.51184,283160.7546094528,0.04317147376578956,0.0015034534124931387
ASM,1868-07-18,4.92291450508,11.15912,17.98154,273776.02280338615,0.01621287809042604,-0.001821166213643255
ASM,1869-07-24,5.21106267032,9.55517,18.44679,282491.5700953933,0.03856465954091837,0.019748777076082913
ASM,1870-07-30,4.79121750536,9.69402,19.00206,252142.00488578607,-0.042233532450271505,-0.0654693094246086
ASM,1871-08-05,5.6072696394,11.93965,19.36643,289535.5333636607,0.11208256255093763,0.09576830476383691
ASM,1872-08-11,5.49421288832,11.53926,19.71379,278698.9659684921,-0.016198250805960046,-0.02948588185220291
ASM,1873-08-17,5.5383415048,10.27941,19.881809999999998,278563.2447347601,0.014979770778568602,0.008543388006038821
ASM,1874-08-23,5.59044976672,9.67751,19.974,279886.34057875234,-0.007536715935840266,-0.010900629469102752
ASM,1875-08-29,5.64998169684,10.4691,20.11128,280935.95717627124,-0.0005976290194724676,-0.0056229280403269355
ASM,1876-09-04,6.0121021246,9.77504,20.27901,296469.2124812799,0.04185924639386007,0.035543310158864694
ASM,1877-09-10,4.78638353492,7.11791,19.95011,239917.65132723577,-0.07220979211065415,-0.06696285234545885
ASM,1878-09-16,1.41131894488,4.77081,14.86497,94942.60297060809,-0.5703773897052418,-0.4800162231509876
ASM,1879-09-22,4.238610900159999,9.42933,16.26352,260620.75738585496,1.1173966616062239,0.9079120091230846
ASM,1880-09-28,5.628684424479999,12.51923,16.39803,343253.69721118937,0.4173533854591114,0.4077169830034548
ASM,1881-10-04,6.06857148612,13.22435,16.55427,366586.4750375583,0.07379322334373084,0.0661152286645541
ASM,1882-10-10,6.35922211704,13.65474,16.70098,380769.3989837722,0.019812024864290345,0.012623067373810137
ASM,1883-10-16,6.6624232906400005,13.67289,16.92426,393661.1285007439,0.018948053195692705,0.008981944594363078
ASM,1884-10-22,6.78373558096,13.76638,17.20527,394282.4251499686,0.02159826155261446,0.009015861069537445
ASM,1885-10-28,6.862916648640001,13.87999,17.47291,392774.68084251566,0.02205525520303353,0.010151085468223187
ASM,1886-11-03,7.1895201248000005,13.86471,17.77353,404507.15894929145,0.03060057383483028,0.017595648729046287
ASM,1887-11-09,7.03072650176,13.81914,18.08238,388816.4335535477,0.07296382812457991,0.05915863025250845
ASM,1888-11-15,6.72313064592,13.29187,18.40366,365314.86921188503,-0.051429036110499315,-0.06408383683326724
ASM,1889-11-21,7.7389056929599995,12.3865,18.73303,413115.53405722405,0.09182347725598805,0.07747195986862665
ASM,1890-11-27,7.79516714392,11.71871,19.02021,409836.01884101174,-0.001987009027883957,-0.013426652927154392
ASM,1891-12-03,7.77827139596,11.99313,19.31875,402628.0890823681,-0.0027324764681709857,-0.014432736870855112
ASM,1892-12-09,7.87163144352,11.97747,20.32291,387327.96846120956,0.004229346753455321,-0.02118017053639154
ASM,1893-12-15,8.413247257479998,12.19225,20.63358,407745.39645955764,0.05340259218622845,0.0412631248349804
ASM,1894-12-21,8.65906201888,12.36489,21.61421,400618.9455399943,0.009170127311876053,-0.006885290197917726
ASM,1895-12-27,9.5876156168,12.11718,23.4334,409143.172429097,0.11418761671062616,0.05882260954304397
ASM,1897-01-02,9.64344268732,12.54833,24.46911,394106.8018951241,0.009295355756871349,-0.02821782190970845
ASM,1898-01-08,10.28672296236,12.41792,25.43271,404468.2207425005,0.044462184959735085,0.023081942217349605
ASM,1899-01-14,10.56663090704,12.35892,27.01391,391155.1829053995,0.01724152972188797,-0.025891530672660923
ASM,1900-01-20,11.018808981960001,13.20322,27.25595,404271.6904734563,0.018791196396273913,0.011901844620424873
ASM,1901-01-26,11.039218176999999,13.31983,27.53623,400897.95069985976,0.0071087561495406515,-0.00044416163762472927
ASM,1902-02-01,11.43036063884,13.65641,27.807680000000005,411050.4953609937,0.022334119341671288,0.014551527119005092
ASM,1903-02-07,11.85532334636,14.25796,28.15187,421120.27891433146,0.023688962050928186,0.014302976913854293
ASM,1904-02-13,10.17726091044,14.32244,28.51121,356956.4711718654,-0.03572126794299957,-0.044986994428193094
ASM,1905-02-19,10.76218288028,14.62536,28.97627,371413.6733361471,0.04566555174578357,0.03338231126071345
ASM,1906-02-25,10.7923706904,14.72651,29.57539,364910.5114218274,-0.004749083722286773,-0.019248645848258916
ASM,1907-03-03,11.04902251128,14.86914,30.23181,365476.711823738,0.010620888714295562,-0.006600244282175649
ASM,1908-03-09,10.194172371239999,14.94145,29.41515,346561.97133925883,-0.026294554800110004,-0.027608632926450882
ASM,1909-03-15,10.8893009758,14.9807,31.43718,346382.88090089505,0.05202495896946413,-0.010979590701812203
ASM,1910-03-21,11.550977875320001,15.04304,31.97354,361266.78107335005,0.04019300609150189,0.026829352738461765
ASM,1911-03-27,11.345609886,15.11728,32.50898,348999.2576205098,-0.007745923885412842,-0.02012416640942749
ASM,1912-04-02,10.91137790756,15.16151,32.70802,333599.46299286844,-0.03068788239808229,-0.03326988258762065
ASM,1913-04-08,11.3009031174,15.37351,33.32789,339082.465688647,-0.010079833251447012,-0.024501807957429955
ASM,1914-04-14,11.13385250692,15.43736,33.95295,327920.0336618762,0.006683470153562743,-0.0069492423725375785
ASM,1915-04-20,11.18265666752,15.4842,34.4616,324496.1541982961,0.01937690026798511,0.007839502343188531
ASM,1916-04-26,11.35636998184,15.5793,34.81946,326150.0891122378,0.03193333015242383,0.02355047317830561
ASM,1917-05-02,11.2598597592,15.59472,35.09112,320874.90394151,-0.014146038524185611,-0.019902090224192426
ASM,1918-05-08,11.355052626320001,15.65133,35.36449,321086.2824918442,0.051745885295277017,0.045307530867096046
ASM,1919-05-14,12.12705249444,15.6022,35.73265,339382.959126737,0.037615735969200426,0.029546738290285868
ASM,1920-05-20,12.14111611128,15.27035,36.16035,335757.70453770494,-0.00481924445228632,-0.01388843832790676
ASM,1921-05-26,12.12683139096,15.30089,36.68109,330601.71851381735,0.0024310865398877723,-0.008389429657172265
ASM,1922-06-01,12.661744326400001,15.45109,37.27271,339705.4930108383,0.009709783300474673,-0.0024187550651963985
ASM,1923-06-07,13.14753889904,15.37358,37.87832,347099.3143053863,0.06231279879101903,0.049545219620536596
ASM,1924-06-13,13.532032312759998,15.11007,38.4736,351722.53994323383,0.027266715041030398,0.015066186534037573
ASM,1925-06-19,12.47026893216,14.83811,38.88554,320691.67439001746,-0.07612389730547231,-0.08356182642833432
ASM,1926-06-25,12.347320554400001,15.223,39.05575,316146.0362277001,-0.04952777718374879,-0.052920357460102485
ASM,1927-07-01,12.62865281652,14.20055,39.30571,321293.08480930637,0.013553180036301793,-0.012800395641694995
BCE,1837-01-13,1.4253433027600002,5.70501,11.84441,120338.90271951073,0,0
BCE,1838-01-19,1.32644271552,5.75585,11.68834,113484.26855481617,-0.05928585751961901,-0.0493635958860551
BCE,1839-01-25,1.5545812412,5.66689,11.54899,134607.54933548303,0.10914284711908895,0.11911197949152164
BCE,1840-01-31,1.51666998652,5.60863,11.42135,132792.53210172176,0.003980562228914408,0.012652223490569936
BCE,1841-02-06,1.43305648304,6.01501,11.22896,127621.47901853778,-0.03253925228411869,-0.0251944123211012
BCE,1842-02-12,1.608508954,6.02278,11.11901,144662.9649582112,0.17423696879148687,0.1822457249601397
BCE,1843-02-18,1.80279472984,5.71246,10.95903,164503.12936820136,0.13606101633379364,0.14870489275483734
BCE,1844-02-24,1.42799732088,5.8149,10.7936,132300.37437740885,-0.1965095631553342,-0.18752607452570091
BCE,1845-03-02,1.6611263437600001,6.18651,10.66188,155800.51020645516,0.15012301952208928,0.16067805646123512
BCE,1846-03-08,1.78156179656,6.48727,10.52686,169239.6209847951,0.02999766552024674,0.03995512661851919
BCE,1847-03-14,1.6833153079599998,6.74645,10.40201,161825.96517019306,0.03462619712687176,0.04381627088955575
BCE,1848-03-20,1.55446028296,6.5619,10.25496,151581.3111860017,-0.06730572868679652,-0.056970265980084145
BCE,1849-03-26,1.60804014176,6.72782,10.13944,158592.59897588033,0.14911218979856256,0.15915961528478761
BCE,1850-04-01,1.64529993524,6.8463,10.02163,164174.88325152695,0.010113545420039616,0.018634384439825347
BCE,1851-04-07,1.61737961112,6.86872,9.91559,163114.81325064873,0.0026251818852742748,0.01085637065163847
BCE,1852-04-13,1.5989524283199998,7.12959,9.81811,162857.45711954744,-0.013463402657039603,-0.006157438200483645
BCE,1853-04-19,1.5981307264,7.19176,9.72168,164388.32860164088,-0.06354164517223848,-0.05690499894470491
BCE,1854-04-25,1.54022303864,6.91745,9.55505,161194.66027284,-0.04110203511466237,-0.028137079653014818
BCE,1855-05-01,1.36237704304,7.21772,9.494150000000001,143496.47341152182,-0.09968050257153072,-0.09554843862151152
BCE,1856-05-07,1.54540759048,7.30815,9.46234,163321.9257054809,0.04449291957434354,0.04723972546634392
BCE,1857-05-13,1.52937138848,7.37257,9.43518,162092.44428617152,-0.01964831119147159,-0.017348096390287226
BCE,1858-05-19,1.32260281296,7.42016,9.40438,140636.89610160372,-0.11468029741909114,-0.11266989454623799
BCE,1859-05-25,1.44711638916,8.68154,9.39969,153953.62923245342,0.0536431563881512,0.05393444941580294
BCE,1860-05-31,1.47212726076,8.03702,9.38258,156900.04889486686,0.015543764508499036,0.01689081058999098
BCE,1861-06-06,1.13056567208,7.37036,9.31647,121351.29207521731,-0.21516334093662393,-0.1681660501284321
BCE,1862-06-12,1.15279891688,7.65164,9.29171,124067.466255404,-0.00505675114429982,-0.003091073117323373
BCE,1863-06-18,1.15079592368,7.38705,9.25361,124361.83540045453,0.01416171909478492,0.017268025001942133
BCE,1864-06-24,1.1593110828,7.45609,9.22069,125729.31990989829,-0.00010062473573213548,0.0025387101049825223
BCE,1865-06-30,1.14345007192,7.26233,9.19414,124367.26783799245,-0.011788043689930805,-0.009559462220170567
BCE,1866-07-06,1.37028389004,7.46958,9.1696,149437.69521462222,0.10759704508427115,0.10965178430272893
BCE,1867-07-12,1.37093727888,7.24288,9.13796,150026.62288738406,0.005568986165112699,0.008305105641416066
BCE,1868-07-18,1.3301395151200002,7.32688,9.10627,146068.5346601847,-0.03190532464172868,-0.029497921390434167
BCE,1869-07-24,1.22777433636,7.319,8.38517,146422.11623139423,-0.08878796610940543,-0.011057521588854313
BCE,1870-07-30,1.30243251944,7.06544,9.02702,144281.55907929747,0.03568356080581725,0.020168578316950736
BCE,1871-08-05,1.31220530064,6.94263,8.97744,146166.98085868577,0.015046999541386219,0.019422506600460965
BCE,1872-08-11,1.4072052956,7.24167,8.94472,157322.45342503735,0.040136231343440354,0.04305979694483919
BCE,1873-08-17,1.50144715136,7.67478,8.92856,168162.29620005915,0.04925076041020149,0.05082589823069639
BCE,1874-08-23,1.49633839628,7.99993,8.94064,167363.67824674744,-0.030155891490781572,-0.031165519273099185
BCE,1875-08-29,1.55479773072,9.48395,8.98895,172967.6692739419,-0.01747085113571223,-0.02146306272702103
BCE,1876-09-04,1.7376693224800002,9.93672,9.07553,191467.53109515368,0.058247476183368674,0.05049727380336222
BCE,1877-09-10,1.6261080082000001,9.33814,9.1562,177596.3836744501,-0.040590808285798974,-0.046982976126513476
BCE,1878-09-16,1.72654837628,9.26456,9.22779,187103.12829832494,0.025469543117764726,0.01939648592495824
BCE,1879-09-22,1.8426532566,9.72909,9.29152,198315.58847206915,0.08459417467189612,0.02109141921102564
BCE,1880-09-28,1.94248288468,10.31429,9.38782,206915.22469327276,0.02002359624555705,0.012240116185591177
BCE,1881-10-04,1.9676866154400001,10.92815,9.48526,207446.77694022094,0.008301773440033466,0.000827449489743115
BCE,1882-10-10,2.13305163188,11.0999,9.59686,222265.5776868684,0.0596511554854231,0.05017151200022063
BCE,1883-10-16,2.1146548675199996,10.84583,9.70677,217853.60810238624,-0.010173884401264321,-0.018757390818340935
BCE,1884-10-22,2.20153354252,10.77136,9.8111,224392.1214257321,0.02190792814891651,0.013796974934410677
BCE,1885-10-28,2.6089413230400003,11.66848,9.93026,262726.3861208065,0.17209034582104543,0.16162513883410656
BCE,1886-11-03,2.5263329624,11.98089,10.07775,250684.2263798963,-0.006397431588658131,-0.01745526788919849
BCE,1887-11-09,2.70919467052,11.81886,10.20736,265415.804921155,0.16659986561693807,0.15535571142995774
BCE,1888-11-15,2.526703179,12.22884,10.3563,243977.4030300397,-0.08903198673273383,-0.09894535353258072
BCE,1889-11-21,2.58434173244,12.42163,10.51973,245666.16561831912,0.014472744942963578,0.0026255329201190225
BCE,1890-11-27,2.6105070368,12.45989,10.69021,244196.04823478675,0.008218058541821893,-0.003962117235139839
BCE,1891-12-03,2.77632644068,12.72362,10.86716,255478.56483938766,0.03979026087564019,0.026998886413387657
BCE,1892-12-09,3.13042681692,12.70843,11.05756,283102.856047808,0.07429152044158416,0.06051558732932505
BCE,1893-12-15,3.5374891645599997,13.64039,11.25215,314383.3991334989,0.13804502243310734,0.12297052076990855
BCE,1894-12-21,3.50292399236,13.91154,11.45897,305692.74484181387,-0.01103549683243632,-0.024510128286333366
BCE,1895-12-27,3.45492215068,13.95239,11.66933,296068.59611305874,-0.010819413443178383,-0.024149581610757975
BCE,1897-01-02,3.4849376619199997,13.80364,11.879060000000003,293368.13366714196,0.007979810716442381,-0.005531304893247713
BCE,1898-01-08,3.6246116857599997,13.748,12.099479999999998,299567.5587512852,0.027687964200921567,0.01363107741595515
BCE,1899-01-14,3.76319910824,13.98526,12.324959999999999,305331.5473835209,0.015553948868605172,0.001424693005952049
BCE,1900-01-20,3.7747794479200003,14.00035,12.553829999999998,300687.47529001115,0.002338533968768264,-0.011570040538846027
BCE,1901-01-26,3.77752310936,13.84155,12.78598,295442.59488596104,-0.008925794879381499,-0.022410949437956518
BCE,1902-02-01,3.9351562587999998,14.10087,13.01754,302296.45991485333,0.0071057018228590785,-0.006682979253894494
BCE,1903-02-07,4.4056132484,14.68404,13.25982,332252.86982779554,0.06849996903103328,0.053731933070418236
BCE,1904-02-13,5.10360799728,15.29545,13.51104,377736.13262043486,0.038072810781237365,0.023627524282557655
BCE,1905-02-19,4.88620689076,15.58014,13.751079999999998,355332.5913862766,-0.03807442512710146,-0.05088857528221524
BCE,1906-02-25,5.3178677063199995,15.32908,14.00341,379755.1957930247,0.05449140129488472,0.04027085439572442
BCE,1907-03-03,5.44265345208,15.58994,14.27217,381347.2970179027,0.03675503813101555,0.021939391063063418
BCE,1908-03-09,5.61258813804,15.59269,14.55605,385584.5602371522,-0.006722114892714348,-0.02145409624409511
BCE,1909-03-15,5.6785934436400005,15.80409,14.83304,382834.0949421022,0.018501460785712354,0.004203040820176529
BCE,1910-03-21,5.62844313148,15.5419,15.11217,372444.4028541235,-0.01441163241410548,-0.028242159090748675
BCE,1911-03-27,5.982587420680001,15.41453,15.39258,388666.9694541136,0.008803292981256927,-0.005207212923556304
BCE,1912-04-02,6.09704938284,14.86777,15.47249,394057.4130498711,-0.007864938752823458,-0.008243754277587279
BCE,1913-04-08,6.12265738812,15.19429,15.74956,388751.011972398,0.014621975147501187,0.0010001630121097005
BCE,1914-04-14,6.11484326492,15.15834,16.03365,381375.6234494329,-0.0013810225796870856,-0.014768423943237963
BCE,1915-04-20,5.96276151172,14.83406,16.33059,365128.35799074004,-0.02528230689806854,-0.038606887763027564
BCE,1916-04-26,6.5472329795599995,15.07185,16.63005,393698.93533452996,0.10148120592900733,0.08639430640828394
BCE,1917-05-02,6.5341545843599995,14.64246,16.93577,385819.7521789679,0.023393111124381694,0.009553067993788522
BCE,1918-05-08,7.57598768836,15.52783,17.26596,438781.72359718196,0.12424330674087058,0.10760029255236359
BCE,1919-05-14,7.8197007876,14.75521,17.58479,444685.4803270326,0.023870861100358853,0.009911827386866134
BCE,1920-05-20,8.09957857124,14.73855,17.91566,452094.90307585656,0.0231564744017434,0.008898945553794224
BCE,1921-05-26,8.05364623388,14.52285,18.28017,440567.35981558164,-0.0076167353621883205,-0.023177256063106055
BCE,1922-06-01,6.01771392456,14.17326,18.60546,323438.0619753556,-0.21355518200754808,-0.2240958442614569
BCE,1923-06-07,7.76480691948,14.10437,18.93466,410084.3067411825,0.227629041045444,0.21181793417750838
BCE,1924-06-13,8.21743808392,14.10523,19.28137,426185.3843331672,0.02166747436026406,0.007538063419013641
BCE,1925-06-19,7.9992263681199995,14.26265,19.64853,407115.76734340936,-0.029047818771810396,-0.04261484179732511
BCE,1926-06-25,8.06374574356,14.2435,19.98506,403488.69323184417,-0.020153670154362424,-0.032586167420059375
BCE,1927-07-01,8.26825597884,14.41387,20.3327,406648.20603461424,0.03804211064483032,0.024735515166229405
DFR,1905-12-31,0.131123876,8.15407,3.6889700000000003,35544.84747775124,-0.031395766195968955,-0.03559625900299124
DFR,1907-01-13,0.12783546567999998,8.7838,4.1472231406202775,30824.351944776314,-0.019731485117541525,-0.12576930217153504
DFR,1908-01-12,0.13369985928,8.52989,4.49858,29720.458295728877,0.04763506293685649,-0.036201197250462114
DFR,1909-01-25,0.13399439196000001,7.99723,4.49858,29785.930662564635,-0.0025322880423112037,-0.0062712782730738326
DFR,1910-02-07,0.13906392344000001,8.01256,4.95357,28073.474976633017,0.043349728316412595,-0.05429278508486168
DFR,1911-01-30,0.14414669932000002,7.32312,4.95357,29099.558362958436,0.024978514156084097,0.021222141905176795
DFR,1912-02-05,0.14767871092,6.41886,4.95357,29812.581818769093,-0.07230694316538377,-0.07424115550523491
DFR,1913-02-18,0.15512336996,7.33138,4.95357,31315.469441231275,0.045156950447832855,0.04526999659764419
DFR,1914-02-17,0.15824597256,7.77923,5.608491850160197,28215.423466378037,-0.005896182784705495,-0.12565497172561046
DFR,1915-03-02,0.15500384796000002,7.46064,6.27132,24716.303419375825,0.010619795399285037,-0.026173995284433982
DFR,1916-03-15,0.16444064052,7.77122,6.27132,26221.05721283557,0.023775202201693713,0.01756202261774753
DFR,1917-03-07,0.16951070656,7.48684,6.77315,25026.864392490937,0.018961160057170412,-0.05610311107108812
DFR,1918-03-13,0.17316863252,7.59182,7.0097461086197725,24703.980691548488,-0.003132597246403024,-0.03826878387681332
DFR,1919-03-26,0.20380628943999998,5.91971,7.00833,29080.57831751644,0.12358533374845115,0.11896546592754564
DFR,1920-03-25,0.20286686472,5.82259,7.00833,28946.534298470535,-0.02317607796102883,-0.018137289356816244
DFR,1921-04-07,0.19512777231999998,7.91307,7.00833,27842.263751849583,-0.013790847178038246,-0.005776504599527499
DFR,1922-04-20,0.18563692939999998,8.15701,7.855121031252123,23632.59950565129,-0.03036554501715716,-0.06520705008041128
D05,1901-08-03,11.404840252520001,10.68555,51.54814,221246.39710608378,0.12399433512761826,0.12096196028570705
D05,1902-08-16,13.14920423024,10.56324,53.22669180694922,247041.54595839928,0.08467035777084475,0.08151447650642951
D05,1903-08-15,14.24644370604,10.14002,56.42346,252491.4938934975,0.07441027023132474,-0.01604326658292754
D05,1904-08-28,16.166065214,10.03421,56.958640280770986,283821.1223847912,0.09830666106823882,0.07252963167369475
D05,1905-09-10,18.549972928240003,9.83456,57.93849000000001,320166.6617172798,0.09738285421971149,0.101938352351298
D05,1906-09-02,21.281089878880003,9.97205,60.42518,352189.1019419388,0.10199054700739496,0.08934908722608093
D05,1907-09-08,21.23590425112,9.97885,60.42518,351441.3072682614,0.012490262019610787,0.01296603626099535
D05,1908-09-21,22.39274909976,11.07331,60.030487161274436,373022.9448180378,0.0361258051991038,0.03704787339616766
D05,1909-09-20,24.3759995466,11.58545,63.16734,385895.61546520714,0.064198503018426,0.050044062100975006
D05,1910-10-03,25.97546331068,12.02323,63.16734,411216.671632524,0.0475164372702086,0.044101631717078815
D05,1911-10-16,21.222129811480002,12.69234,63.16734,335966.81151177175,-0.027293098557361395,-0.03670933358363071
D05,1912-10-08,26.78952243708,13.31613,65.5061,408962.25598959485,0.29506169105777347,0.2501048824393224
D05,1913-10-14,27.20943480008,14.01835,66.82115,407197.9425687825,0.026229891692030938,0.005198948970193573
D05,1914-10-27,26.5988844602,14.77929,68.18727,390085.7808238987,0.01897782435960904,0.003429050474108797
D05,1915-10-26,27.3522456064,14.95658,71.41411752337186,383008.9421387637,-0.003417132523758637,-0.0313595115692723
D05,1916-11-08,29.545898177639998,14.91719,73.79493,400378.4294888551,0.07181511872611024,0.027233673553824778
D05,1917-11-21,30.6680094032,14.43124,73.79493,415584.233269142,0.03364666879699252,0.027034201352605258
D05,1918-11-13,32.00457004056,14.36058,79.28394,403670.277241015,0.04532185466588934,0.004387937080290172
D05,1919-11-19,32.97786707332,14.81524,83.46392792778988,395115.20595881034,0.023163795087233208,-0.012531494090475048
D05,1920-12-02,34.00765476992,15.83273,89.42506,380292.22200041014,0.00855097437123864,-0.04758808100797152
D05,1921-12-01,37.36415362784,17.25806,92.10567,405666.1617883025,0.039657406183917665,0.006805610252452521
D05,1922-12-14,36.86033461448,17.15096,99.79479,369361.3124941693,0.002202753645201172,-0.06969025458773792
D05,1923-12-27,39.7220815472,16.74278,106.87713097962522,371661.1887230816,0.006584988964187799,-0.03242600224184711
D05,1924-12-19,49.88890927384,17.10446,111.29187,448270.9228790926,0.1572693431184129,0.09219282723713773
D05,1925-12-25,51.1162762604,17.50195,113.92066,448700.6681702862,0.017499780417203237,-0.0063218531920877785
D05,1927-01-07,51.232505615719994,17.40728,116.48596,439817.00125680375,0.013049147858158694,-0.008906332356291458
D05,1928-01-06,51.633030841600004,17.04993,119.47199,432176.87126162375,-0.005948165439820463,-0.022033559856479812
BNY,1837-01-13,0.06014263112,7.90458,2.49028,24150.9513468365,0,0
BNY,1838-01-19,0.05775675724,8.6893,2.50059,23097.25194454109,-0.10618067177143287,-0.10866641495358453
BNY,1839-01-25,0.055594813560000005,7.13164,2.49923,22244.7768152591,0.2587545639778859,0.2592732793965751
BNY,1840-01-31,0.06104923292,8.67978,2.52175,24209.074222266285,0.06778017637196321,0.06078199116660321
BNY,1841-02-06,0.08497240855999999,7.2583,2.54554,33380.897004172,0.37226514270525635,0.3618216805421468
BNY,1842-02-12,0.058434186199999995,9.4615,2.57281,22712.204243609125,-0.32200066739795785,-0.3276192299628251
BNY,1843-02-18,0.05727215312,9.42727,2.61491,21902.150789128496,-0.02243556131019009,-0.03377328181925199
BNY,1844-02-24,0.08593027352,7.95272,2.65,32426.518309433963,0.49445472207110175,0.47840712990254874
BNY,1845-03-02,0.06541010632,9.52702,2.68275,24381.737515608984,-0.05673591737258932,-0.06608682264537014
BNY,1846-03-08,0.0657952438,9.52585,2.72643,24132.379631972944,-0.0011583302514204252,-0.012809352841938071
BNY,1847-03-14,0.06510736128,9.52278,2.76789,23522.380325807746,0.001967890487895696,-0.009728966760221613
BNY,1848-03-20,0.06246042504,10.35185,2.8204,22145.945624734082,-0.016855871676024092,-0.03050482589110748
BNY,1849-03-26,0.07285102812000001,9.55275,2.85942,25477.55423127767,0.16084139047394763,0.14918015419532393
BNY,1850-04-01,0.0734942962,9.56364,2.89826,25358.075603983078,-0.03640305519705034,-0.04630712146805527
BNY,1851-04-07,0.077522991,9.62515,2.93617,26402.75971759128,0.018892073349450644,0.009950617387676886
BNY,1852-04-13,0.0724983116,9.5412,2.97954,24332.048437007055,-0.06514941508343108,-0.07579329165632087
BNY,1853-04-19,0.07229488603999999,9.51912,3.02336,23912.099796253176,-0.005137300965369573,-0.01630495547428834
BNY,1854-04-25,0.10374576992000001,9.54161,3.07081,33784.49657256555,0.15407872312071036,0.140849391907804
BNY,1855-05-01,0.07951888568000001,8.81281,3.09151,25721.69770759273,-0.1758579878245008,-0.17991064386950395
BNY,1856-05-07,0.07790206944000001,9.50494,3.1241,24935.843743798217,-0.020384423525904083,-0.02825448751239301
BNY,1857-05-13,0.07973514484,9.56062,3.17378,25123.085040551014,0.01934360173683447,0.007793698248625525
BNY,1858-05-19,0.08914769604,9.56598,3.22112,27675.993455692427,0.05198597808311756,0.0402073880704823
BNY,1859-05-25,0.09164247456,9.57608,3.27762,27960.06692661138,0.0035968319724597464,-0.008901968552021633
BNY,1860-05-31,0.09418833995999999,9.65698,3.33116,28274.937247085098,0.028570125728728968,0.01567336260885943
BNY,1861-06-06,0.10693236632,9.52245,3.74299,28568.702112482268,0.09372480814630268,0.05882407772141285
BNY,1862-06-12,0.10872714475999999,9.38782,3.98298,27297.938920105047,0.0052236860083947345,-0.027177723347652893
BNY,1863-06-18,0.11334234808,9.04741,4.22479,26827.924720518655,-0.04132089821174467,-0.07865328811458927
BNY,1864-06-24,0.11655061236,8.94604,4.46961,26076.23760462322,0.026609000866968602,-0.017165454558531468
BNY,1865-06-30,0.12075231428000001,8.40181,4.71191,25627.0417474018,0.03368977949432983,-0.00377399336677553
BNY,1866-07-06,0.12412417576,7.47099,4.93418,25155.988585742718,0.019629910087459512,-0.0066309136135715985
BNY,1867-07-12,0.1303843008,7.31436,5.36294,24312.093888799798,0.03381044741410921,0.010900330201794706
BNY,1868-07-18,0.13852575308,7.14837,5.60544,24712.73496460581,-0.03008850362369908,-0.05417012985585179
BNY,1869-07-24,0.13212893512,7.55104,5.84445,22607.590982898306,-0.03543938115082823,-0.07343873204402929
BNY,1870-07-30,0.14598758044,8.0967,6.11299,23881.534312995766,0.10429343121328283,0.058853608191104856
BNY,1871-08-05,0.15760961371999999,8.21979,6.60503,23862.05872191345,0.03813827173486395,-0.011585009902120413
BNY,1872-08-11,0.17598269728,7.81382,7.36438,23896.47156719235,0.13779608331012283,0.021661666036507876
BNY,1873-08-17,0.18122090844,8.08241,7.42165,24417.873173755164,0.030691193419855933,0.02498165821026288
BNY,1874-08-23,0.18429314851999998,8.06422,7.49482,24589.4028835916,0.014321616146252492,0.006592284101592183
BNY,1875-08-29,0.18625607936,8.04343,7.568999999999999,24607.752590831024,0.008367975557867169,0.0008733146878938669
BNY,1876-09-04,0.18775497727999998,8.02479,7.63725,24584.107797963927,0.006010558608007699,-0.0007694738248509303
BNY,1877-09-10,0.1877377528,8.01252,7.68309,24435.18855043999,0.0030578806745784615,-0.0018220868627423226
BNY,1878-09-16,0.21333104468,6.48214,7.69564,27721.027059477834,0.22180001454516862,0.2189610022671875
BNY,1879-09-22,0.17752901452,7.27068,7.65161,23201.524191640714,-0.12883320723378933,-0.12459942318581207
BNY,1880-09-28,0.16312482316,7.1582,7.65542,21308.409357030705,-0.07998818528220009,-0.080111151633813
BNY,1881-10-04,0.17656972164,7.932,7.697,22940.070370274134,0.07898729018945305,0.0744758643072807
BNY,1882-10-10,0.17582742267999998,7.92326,7.740119999999999,22716.369084717033,0.0036442450366656054,-0.0007653579892764606
BNY,1883-10-16,0.17192779084,7.85212,7.75663,22165.26904596455,0.010919155761297539,0.008268579954344268
BNY,1884-10-22,0.17775413552000002,8.28913,7.700750000000001,23082.70434957634,0.003262545533850858,0.008393038454250101
BNY,1885-10-28,0.19606431623999998,8.72715,7.95658,24641.782806180545,0.020824018086386564,0.016177022172627398
BNY,1886-11-03,0.18245672848,8.93605,8.0198,22750.78287239083,-0.013132188743377515,-0.019251807995709358
BNY,1887-11-09,0.18066075924000002,9.29598,8.08443,22346.75286198285,0.008866759362731846,0.0029189802293738687
BNY,1888-11-15,0.18187874848000002,9.26627,8.13904,22346.46204957833,0.004568851653230066,-0.0007386052022502199
BNY,1889-11-21,0.2525983616,9.2698,8.16025,30954.733200575964,0.25879978471664833,0.257362762271905
BNY,1890-11-27,0.25961354172,9.70125,8.24351,31493.082645620616,0.03196364590201517,0.02394697714133076
BNY,1891-12-03,0.26382712096,9.66325,8.3539,31581.31183758484,0.011721948277998662,0.0013016488068866572
BNY,1892-12-09,0.2694347032,9.63497,8.47941,31775.171055533345,0.01829545349925099,0.007381872517678412
BNY,1893-12-15,0.27133535312,9.57632,8.59525,31568.058301969108,0.010179618295387938,-0.0003690247853845863
BNY,1894-12-21,0.2722716152,9.52314,8.71172,31253.485557387063,0.0030256344608463603,-0.007112318901747905
BNY,1895-12-27,0.27657028671999995,9.50674,8.80711,31403.06942004812,-0.04619156526731638,-0.05401291205309178
BNY,1897-01-02,0.27828059272,9.49771,8.8887,31307.231959679146,0.005245695875628842,-0.001875774658946061
BNY,1898-01-08,0.31965944348,8.69673,8.96098,35672.375508035955,0.08258629240021964,0.07617492911627566
BNY,1899-01-14,0.32240027976,8.67841,9.0308,35700.07970058024,0.007027294820985075,0.0011929010421523056
BNY,1900-01-20,0.33465899532,8.41507,9.40545,35581.39114236958,0.043189081439489296,0.0035024820685243263
BNY,1901-01-26,0.34224242884,8.35711,9.49273,36053.108941263476,0.022375355647513917,0.01565564490162963
BNY,1902-02-01,0.34409671816,7.69799,9.55225,36022.58296841058,0.0034228074930711117,-0.0014202102632108193
BNY,1903-02-07,0.0160464694,6.62453,0.98236,16334.611954884156,-0.7649382085382337,1.2850100557082884
BNY,1904-02-13,0.034682413999999995,5.51055,1.46434,23684.67295846593,0.09526088194264282,-0.001078611717863387
BNY,1905-02-19,0.03368299532,6.20225,1.43032,23549.272414564573,-0.01677072604852803,0.0006510829769412751
BNY,1906-02-25,0.03389480692,6.27065,1.40657,24097.49029198689,-0.007229949056960616,0.004863489133222876
BNY,1907-03-03,0.03255061784,6.3439,1.38545,23494.617517774008,-0.0550708693006271,-0.04470063430608884
BNY,1908-03-09,0.03131886056,6.84449,1.37459,22784.146952909596,-0.03396378142823442,-0.027591496183403508
BNY,1909-03-15,0.0312368004,6.84657,1.3739,22735.861707547858,-0.00009999744579847203,0.00015299858890460705
BNY,1910-03-21,0.030939180479999998,6.84646,1.37369,22522.680138895965,-0.004218211658566173,-0.004205063670753351
BNY,1911-03-27,0.03135419196,6.86896,1.37391,22821.139637967553,0.024508732360277508,0.0246469288186828
BNY,1912-04-02,0.031081250199999997,6.86076,1.37363,22627.090410081317,-0.00766803021932605,-0.007822151779047437
BNY,1913-04-08,0.03349877752,6.37308,1.37249,24407.301707116265,0.12096698372865089,0.12126028931847554
BNY,1914-04-14,0.03337733828,6.50429,1.36057,24531.878756697562,-0.01034768410598852,-0.0032350515521412104
BNY,1915-04-20,0.03234098556,6.48607,1.35662,23839.38432280226,-0.029420874658535823,-0.02743247112333269
BNY,1916-04-26,0.05113941508,6.37043,1.61143,31735.42448632581,0.07147073318661246,0.027574100437949944
BNY,1917-05-02,0.04000180964,8.90209,1.89801,21075.657999694417,-0.04086996755240346,-0.17462885122445415
BNY,1918-05-08,0.04631006536,7.89287,2.18152,21228.34783087022,0.1495063215103969,0.002229517693855154
BNY,1919-05-14,0.05495961328,8.24389,2.46277,22316.17783227829,0.18255958579748577,0.05000768191748062
BNY,1920-05-20,0.057466111040000004,8.71709,3.0089400000000004,19098.456944970654,-0.10346263025801539,-0.17708742502285602
BNY,1921-05-26,0.08055203416,8.52172,3.30005,24409.33748276541,0.3210691890498931,0.23324602250124604
BNY,1922-06-01,0.11179901252,8.13425,3.34033,33469.45137755851,0.2952524436706869,0.28259707657777167
BNY,1923-06-07,0.08493745884000001,9.67019,3.57801,23738.742720115373,-0.008117680183331921,-0.05330931966725061
BNY,1924-06-13,0.12066520856,9.93129,3.8202,31586.09720957018,0.33493411389922234,0.2554375166090255
BNY,1925-06-19,0.0944110232,10.01344,4.07776,23152.66793533705,-0.1824574754661551,-0.23153372044055676
BNY,1926-06-25,0.09372469132,9.87516,4.14798,22595.261143978518,-0.011216431325575482,-0.024130096499900167
BNY,1927-07-01,0.16465547279999998,10.74899,6.17062,26683.781013901356,0.1786849676724649,0.1172924365929564
MON,1837-01-13,0.06576420292,2.96061,1.18479,55507.05434718388,0,0
MON,1838-01-19,0.06806914348,3.19233,1.16546,58405.3879841436,0.1070088979420123,0.12112848829221146
MON,1839-01-25,0.06372375828,2.18365,1.14456,55675.332249947576,0.026004829700824628,0.04063423394259247
MON,1840-01-31,0.06715624656,3.91686,1.12576,59654.141699829444,-0.13022785319177776,-0.11947815483370494
MON,1841-02-06,0.06654428404,4.05075,1.0955,60743.298986764035,-0.12312556580372014,-0.10353481441482759
MON,1842-02-12,0.11051249508,3.64765,1.02558,107756.09419060434,0.7710831488219834,0.8797902972797331
MON,1843-02-18,0.09790545024000001,3.58367,0.98389,99508.53270182642,-0.058079698940710855,-0.031882271747108115
MON,1844-02-24,0.0842439936,3.68044,0.96597,87211.81154694245,0.0011983744758363724,0.013987524681743135
MON,1845-03-02,0.08772154559999999,3.74451,0.93801,93518.77442671187,0.00834520346547074,0.030195555179086897
MON,1846-03-08,0.121071041,3.87608,0.9171899999999998,132002.1380520939,0.4201853534092066,0.4440507447950419
MON,1847-03-14,0.09066401604,4.44529,0.89972,100769.14600097809,-0.25049201378542096,-0.23924034431875774
MON,1848-03-20,0.1381592524,4.66834,0.87904,157170.6093010557,0.38200338571106895,0.40494371465092405
MON,1849-03-26,0.11513175128,4.75957,0.8601400000000001,133852.33947961958,-0.12273021396013928,-0.10826703353983214
MON,1850-04-01,0.10384074375999999,4.72801,0.84248,123256.03427974551,-0.06867676167299819,-0.05364355198282811
MON,1851-04-07,0.01636027432,4.98851,0.79549,20566.28533356799,-0.8163557307240006,-0.8087135015082637
MON,1852-04-13,0.05005948272,8.29319,2.98315,16780.7460972462,3.0026824369687697,0.040195099497203124
MON,1853-04-19,0.06043600108,8.34047,2.96169,20405.91725670141,0.13533498168393332,0.14183053851498184
MON,1854-04-25,0.060884298280000006,9.06725,2.95766,20585.293198001124,0.01095583041435666,0.012041879003696021
MON,1855-05-01,0.06186066536,9.2024,2.96507,20863.138259804997,0.015296357127571714,0.013481779670285965
MON,1856-05-07,0.0612778452,9.75312,2.97479,20599.049075733077,-0.070921623385232,-0.073237733660937
MON,1857-05-13,0.06742304608000001,9.99536,2.99087,22542.95441794528,0.04643032572366046,0.04235127442275077
MON,1858-05-19,0.06685887936000001,10.01767,3.01481,22176.813583608917,-0.007663653159526551,-0.013801053292884391
MON,1859-05-25,0.0655632666,10.16005,3.04388,21539.372971339213,-0.002205287592160987,-0.009543233135637319
MON,1860-05-31,0.1114621794,10.68028,3.0741,36258.47545623109,0.1085830305004798,0.10061478648896083
MON,1861-06-06,0.06891664104,10.67605,3.1009,22224.72219033184,-0.383624821428597,-0.3876845633736832
MON,1862-06-12,0.06849872848,10.85273,3.13045,21881.431896372727,0.010527117287090437,0.00321029912863513
MON,1863-06-18,0.06953506716,10.98983,3.16296,21984.17531679187,-0.002506078881501006,-0.010027660612856537
MON,1864-06-24,0.07045928604000001,11.06727,3.1944499999999993,22056.78161811893,0.01886279766109067,0.011120170474800739
MON,1865-06-30,0.07276062144,11.70848,3.23118,22518.281692756205,0.04139015575279248,0.03224001660135434
MON,1866-07-06,0.08639405060000001,11.06377,3.27067,26414.786756230376,0.202642174550272,0.19188361181513636
MON,1867-07-12,0.08750532752000001,11.07423,3.3061,26467.84051299114,0.00941955221769808,0.0010317792698455452
MON,1868-07-18,0.13615745259999998,11.08589,3.34118,40751.3072028445,0.3108760386662681,0.30082744407287243
MON,1869-07-24,0.12177350744,10.27711,3.3699800000000004,36134.78639042368,-0.04826709651486727,-0.05444040818577378
MON,1870-07-30,0.11525157696,11.02316,3.39846,33912.88317649759,-0.21663309778339113,-0.2215877890519813
MON,1871-08-05,0.0956458802,10.92582,3.4342,27850.99301147283,-0.0812740753388983,-0.08827410902238131
MON,1872-08-11,0.09990564272,11.05066,3.46721,28814.41929389913,0.0632551750236856,0.055407011751341884
MON,1873-08-17,0.10952736444000001,11.06638,3.50299,31266.821897864396,-0.020349134306907657,-0.02804584031737012
MON,1874-08-23,0.12838824596,11.65446,3.5457,36209.56255746397,0.1265454367395531,0.11641022204748674
MON,1875-08-29,0.13455850148,11.49365,3.58279,37556.90439015404,0.04172132753982161,0.0333653459034815
MON,1876-09-04,0.13831418171999998,11.30954,3.61971,38211.39862585677,0.0246613828853961,0.01706479474805378
MON,1877-09-10,0.15150903924,11.21464,3.65213,41485.11669628409,0.06465333955897035,0.057308141145187674
MON,1878-09-16,0.15785570268,11.07319,3.68353,42854.46370193808,-0.014206514243959356,-0.020702148868438464
MON,1879-09-22,0.27443980304000004,9.54802,3.7076900000000004,74019.08008490462,0.683977795821848,0.6759755038337887
MON,1880-09-28,0.29018278795999997,9.38338,3.72334,77936.15086454635,0.025803082992438275,0.02240354646631526
MON,1881-10-04,0.17840632524,5.60386,3.7176599999999995,47988.876131760306,-0.3259815224545163,-0.11353700081466034
MON,1882-10-10,0.31767513908,9.95647,3.73648,85019.8954845202,0.1586309521206135,0.1539288191773105
MON,1883-10-16,0.32118029164,9.82407,3.75238,85593.75426795793,0.007196446597224293,0.003898288730822763
MON,1884-10-22,0.33113420028,9.72096,3.7720299999999995,87786.73559860341,0.025569001369628364,0.02127830008159526
MON,1885-10-28,0.34321562703999997,9.5551,3.79534,90430.79856877118,0.033851559486815175,0.029294620838216545
MON,1886-11-03,0.39897175604,9.5955,3.81433,104598.12235438466,0.15240914313285736,0.14784458729873529
MON,1887-11-09,0.4822570792,11.63308,3.8327,125826.98337986275,0.17382188826818923,0.17016502111566334
MON,1888-11-15,0.54776942584,11.53703,3.86345,141782.45501818325,0.12897295730233638,0.12191402846750976
MON,1889-11-21,0.5701155226,11.51415,3.89296,146447.82443179484,0.004640971487459122,-0.0012844867680106287
MON,1890-11-27,0.55588288652,10.75574,3.9188100000000006,141849.92038909768,-0.02647552652243701,-0.0309748445356115
MON,1891-12-03,0.51494779128,10.56292,3.93675,130805.30673271099,-0.04634875329607924,-0.04973384284723703
MON,1892-12-09,0.57799749904,10.37304,3.9535000000000005,146198.93740736056,0.10676917705163391,0.10298945292705497
MON,1893-12-15,0.58923266844,10.33349,3.9704899999999994,148403.0103186257,-0.028465353557735718,-0.031383235247125385
MON,1894-12-21,0.5926706994000001,10.34762,3.9831899999999996,148792.97733725986,0.008851420347428363,0.006279942133689875
MON,1895-12-27,0.5305225457999999,10.44601,3.9946599999999997,132807.93504328278,-0.055497982256142886,-0.057641924897915975
MON,1897-01-02,0.56270204224,10.3106,4.00774,140403.8291505936,0.0472970897084688,0.04499156163269791
MON,1898-01-08,0.5753971584400001,8.65681,4.01282,143389.72553964547,-0.0238190421732547,-0.025165838331221213
MON,1899-01-14,0.63889723976,8.75394,4.00874,159376.07322001425,0.10033450734889215,0.10145319251734364
MON,1900-01-20,0.66690051584,8.75265,4.01018,166301.89064830006,0.03148118572311853,0.030870943015310015
MON,1901-01-26,0.6726569928,9.02721,4.01229,167649.1461983057,0.0011058503058740676,0.0007333695692044451
MON,1902-02-01,0.6468131857199999,8.89328,4.01862,160954.05530256653,-0.008462008506563201,-0.009375301464070507
MON,1903-02-07,0.72758447216,9.17123,4.02539,180748.81493718622,0.13922812641158244,0.1378365114230249
MON,1904-02-13,0.7140213293200001,9.07639,4.03921,176772.51970558602,-0.022704553417773554,-0.025325553705552784
MON,1905-02-19,0.69695522676,9.04741,4.0498,172096.20888932786,-0.010410121657784321,-0.012303202333709073
MON,1906-02-25,0.6564740285999999,9.10952,3.9882699999999995,164601.20016949705,-0.026188507739895894,-0.020021206304509653
MON,1907-03-03,0.75205140764,9.45683,3.83492,196106.1528376081,0.02454403863180321,0.060830085081356344
MON,1908-03-09,0.8562158706399999,9.68038,3.86002,221816.43375941057,0.16184647846090083,0.15591857030254652
MON,1909-03-15,1.07604927456,10.81664,3.88069,277282.9766252909,0.10559097991343092,0.10111381500938821
MON,1910-03-21,1.13292138336,11.43303,3.9210499999999997,288933.1641677612,-0.010229018689177916,-0.01761174732991999
MON,1911-03-27,1.31351643436,10.94457,3.82822,343114.14557157113,0.16388231021822786,0.19512173154305557
MON,1912-04-02,1.237981719,10.29207,3.86648,320183.1430655273,-0.04357491950739423,-0.050865908587406805
MON,1913-04-08,1.5648566512800002,10.47034,3.90455,400777.72119194275,0.0601412899297713,0.052546811936306614
MON,1914-04-14,1.65027841264,9.96857,3.93804,419060.8558165991,0.04612380782359149,0.03938562277057467
MON,1915-04-20,1.88096901252,10.64898,3.96778,474060.8129785422,0.028958926386075,0.023088557798814247
MON,1916-04-26,2.32451551904,10.58555,3.99949,581202.9831403504,0.22746972367153617,0.22026767031633265
MON,1917-05-02,2.49403769004,10.99291,4.0343,618208.2864536598,0.06559190427701211,0.05852515466893249
MON,1918-05-08,2.6171506472800004,10.15317,4.06509,643811.2433623857,0.05841404111137338,0.05247237785995229
MON,1919-05-14,2.4493483586,9.58067,4.08703,599297.8663234671,-0.04481759131230867,-0.04855767380644338
MON,1920-05-20,2.45490740976,9.88471,4.11275,596901.6861613276,-0.03605083001556042,-0.040659900561289875
MON,1921-05-26,2.0408837618,9.9539,4.14383,492511.45963999484,-0.11985721311376119,-0.1248788793980029
MON,1922-06-01,1.70077382696,9.9971,4.16905,407952.369714923,-0.1904060213373957,-0.19402816022232183
MON,1923-06-07,1.9764778883199998,10.6127,4.19645,470988.070469087,0.09757544387116357,0.09204578743033864
MON,1924-06-13,2.53910639476,10.97291,4.22927,600365.168163773,0.21723699754236825,0.21031210156740232
MON,1925-06-19,2.84587432584,10.76486,4.2604,667982.8949957751,0.08307440694583468,0.07709217146323599
MON,1926-06-25,3.11078693848,11.05896,4.28365,726200.0720133531,0.0772700838442455,0.07305974233525347
MON,1927-07-01,2.57086778468,11.6869,4.31654,595585.3032011751,-0.11221698099113309,-0.11729989499458715
BRA,1837-01-13,0.14726800399999998,9.04223,2.32388,63371.60438576862,0,0
BRA,1838-01-19,0.20001036224,9.88077,2.67853,74671.69015840779,0.12996209631897981,0.009967521873633478
BRA,1839-01-25,0.25560347124,10.02318,2.98619,85595.18022630844,0.07848072589473154,-0.010566801370321066
BRA,1840-01-31,0.27660998508,9.95392,3.33448,82954.45919003863,0.06881519230350719,-0.023986525959208804
BRA,1841-02-06,0.24426400492,9.35949,3.51049,69581.17098182875,-0.05120457542035872,-0.08589015142090961
BRA,1842-02-12,0.31903141504,8.52021,3.58482,88995.10018355175,0.11705144149574442,0.10018113426637965
BRA,1843-02-18,0.33819318156,9.00333,3.6153399999999998,93543.94927171442,0.042647573346541456,0.036058425097919455
BRA,1844-02-24,0.28911363156000003,9.09627,3.66539,78876.63565405046,-0.0208557029618206,-0.031650312391304114
BRA,1845-03-02,0.28412710456,9.2477,3.6915,76967.92755248545,-0.05818638506213247,-0.0623723007991166
BRA,1846-03-08,0.26275239224,9.16664,3.72438,70549.29739715067,-0.005256429836029364,-0.012137356185119352
BRA,1847-03-14,0.29693243008000003,9.14447,3.7438799999999994,79311.41758817057,0.08192859608956393,0.07901939675157843
BRA,1848-03-20,0.31082208091999997,9.07304,3.77226,82396.7809535928,0.06436261444802915,0.05800526550910701
BRA,1849-03-26,0.29771675647999996,9.015,3.7940199999999997,78470.00186609454,-0.11886350739207296,-0.12247786495718838
BRA,1850-04-01,0.43130886135999996,9.60003,3.87455,111318.43991173168,0.5139260523211118,0.49033000683654704
BRA,1851-04-07,0.41783684488,9.38167,3.93149,106279.51358899551,-0.04870360806242546,-0.060076565724855424
BRA,1852-04-13,0.50424328708,9.76187,4.01029,125737.36240521258,0.1309926986522163,0.11499146132504667
BRA,1853-04-19,0.5988709422799999,9.93974,4.149,144341.03212340322,0.1732546967320272,0.14113364923630778
BRA,1854-04-25,0.57319179424,10.7238,4.36559,131297.66978575633,-0.036323690979442436,-0.07623483286778032
BRA,1855-05-01,0.73165828268,10.5046,4.48212,163239.33377062637,0.1730112894983471,0.1506587425014374
BRA,1856-05-07,0.79601027792,10.72508,4.6442,171398.79374703934,0.05885796543053923,0.025770164631028214
BRA,1857-05-13,0.9168529968,10.82724,4.75271,192911.62237965284,0.08447512743370234,0.06442621590934272
BRA,1858-05-19,0.90122620588,10.90689,4.87178,184989.10169999467,0.008509511502618139,-0.010481886638938676
BRA,1859-05-25,1.006797454,11.37516,5.08508,197990.48471213828,0.10966231380093738,0.07397671181530407
BRA,1860-05-31,1.17474445764,11.51067,5.25811,223415.72497342198,0.17927935022563668,0.14756599438874773
BRA,1861-06-06,1.0708558728400002,11.56437,5.43479,197037.21263195085,-0.13748167671326217,-0.1584053939779544
BRA,1862-06-12,1.12921800524,10.98372,5.57505,202548.49826279585,0.023507078575136564,0.0040659018069839625
BRA,1863-06-18,1.1007303829600001,11.51538,5.89072,186858.37774669312,0.008877584703098185,-0.03602552530786629
BRA,1864-06-24,1.28091641912,11.2927,6.10126,209942.93295483227,0.13803513839265036,0.11034769109334319
BRA,1865-06-30,1.29218146408,10.94208,6.19212,208681.5927469106,0.01272963261708493,0.002297269674691904
BRA,1866-07-06,1.2991202660799999,10.87375,6.28289,206771.13017735467,0.009808018959738263,-0.001617843916934536
BRA,1867-07-12,1.35306689284,11.02078,6.46337,209343.87058763462,0.03581126636850862,0.011491066541982287
BRA,1868-07-18,1.44204426236,11.55216,6.66286,216430.2210101968,0.04023952542883058,0.014452413064236058
BRA,1869-07-24,1.51881603952,11.49142,6.8565,221514.77277328086,0.06800555548182174,0.04346404119924707
BRA,1870-07-30,1.4968495152,11.38486,6.92756,216071.6782243676,0.014753282440364002,0.006869461663513876
BRA,1871-08-05,1.56926282136,11.97615,7.02567,223361.3052363689,0.00648973923924534,-0.0038238766798286417
BRA,1872-08-11,1.5739704422,11.60973,7.09642,221797.81385543695,0.002513043829058592,-0.0047232138247477184
BRA,1873-08-17,1.6731983528,12.25575,7.16599,233491.58354951654,0.06921498915097768,0.06157048628975281
BRA,1874-08-23,1.83542937396,12.3041,7.29999,251429.02578770655,0.11139272980523174,0.09483590555868737
BRA,1875-08-29,1.7315096292,12.02474,7.38974,234312.65906513628,-0.02005465271706386,-0.028992030801506696
BRA,1876-09-04,2.13041152012,12.4228,7.460660000000001,285552.6883841376,0.2011838670976629,0.1928522352716815
BRA,1877-09-10,2.420346487,11.46231,7.555680000000001,320334.7001196451,0.07136391439681544,0.06126183643792449
BRA,1878-09-16,2.7034048028,12.2595,7.79897,346636.13307911175,0.12270893044781883,0.0957936986498642
BRA,1879-09-22,2.98721085988,12.31919,8.30283,359782.2501339904,0.033859834013633794,-0.013937039738358359
BRA,1880-09-28,3.02271374548,12.23054,8.70839,347103.6259836778,0.0034757903527080636,-0.030794953205907083
BRA,1881-10-04,3.37006756424,12.50897,9.14382,368562.3256188333,0.09104072049970324,0.049164353958278895
BRA,1882-10-10,3.3071910409200003,12.70113,9.60748,344230.8535557711,-0.0010659575784792708,-0.036553491887532985
BRA,1883-10-16,3.78870902592,12.74771,10.16209,372827.73779015936,0.07925626179303191,0.034161500078826235
BRA,1884-10-22,3.9194018650799998,12.80682,10.77235,363839.07551091455,0.020398248269620556,-0.023239023557806604
BRA,1885-10-28,4.07443804664,13.25635,10.92221,373041.5407358035,0.027417092194329973,0.01828353770519331
BRA,1886-11-03,4.2391790194,13.53362,11.06183,383225.8332843661,0.002954309498031993,-0.006472297194350052
BRA,1887-11-09,4.223727375919999,13.48216,11.20504,376948.88870722457,0.008766059011163785,-0.0010470506570696703
BRA,1888-11-15,4.20553054376,14.13217,11.35328,370424.2777206235,0.007298508643257318,-0.002423689200511725
BRA,1889-11-21,4.32777224256,14.44631,11.32509,382140.2075003378,0.011481664547384973,0.015301325705897373
BRA,1890-11-27,4.08986436456,14.0266,11.27539,362724.8693446524,-0.04500979696084306,-0.04297534365449729
BRA,1891-12-03,4.207413670199999,14.02474,11.22088,374962.89686726884,0.026970531231476302,0.02983350243603078
BRA,1892-12-09,4.61883369896,14.41395,11.20458,412227.294459944,0.09172721054981858,0.09331145509010064
BRA,1893-12-15,4.3676517794,14.85619,11.23168,388868.9652304909,-0.010845568324705068,-0.015245507219745935
BRA,1894-12-21,4.5952579602800006,15.05321,11.39679,403206.3379495455,-0.00960706525477295,-0.018913143979543356
BRA,1895-12-27,5.215013271,15.27976,12.34864,422314.7869724925,0.13476103405915696,0.06729315900192812
BRA,1897-01-02,6.0218134314,17.05365,13.35355,450952.2510044146,0.10848462044643625,0.04451905631929787
BRA,1898-01-08,7.04118313392,17.97584,14.25571,493920.1999703978,0.11375473440447692,0.059862275964865486
BRA,1899-01-14,7.53877851272,18.56924,15.16689,497055.0002485678,0.06288766537541424,0.01196294920760721
BRA,1900-01-20,8.29649198508,18.54909,16.23254,511102.51292034396,0.09303242931598743,0.03908216674499965
BRA,1901-01-26,8.9176604738,18.74957,17.44526,511179.5681921622,0.05965744583170429,0.003229648422378828
BRA,1902-02-01,10.06482095736,19.2078,18.456270000000004,545333.4263835541,0.12209517861365615,0.07915433445695652
BRA,1903-02-07,12.287208707800001,19.57576,19.34013,635321.9294699675,0.21026287722845094,0.1680716911892648
BRA,1904-02-13,10.67668691856,20.13606,20.251020000000004,527217.2423196461,-0.08245458790501192,-0.11496637151608358
BRA,1905-02-19,12.65964861148,19.60142,21.14932,598584.1914293226,0.1492381679320851,0.11131059241858154
BRA,1906-02-25,13.33918165372,20.03976,22.23442,599933.8707157641,0.023652479469914667,-0.014816764476567656
BRA,1907-03-03,13.809304747679999,20.55623,23.21466,594852.7675046716,0.03221371595918554,-0.0005830444085530573
BRA,1908-03-09,15.01542490708,20.46607,24.02273,625050.7293334272,0.06895859668390747,0.04133833859203784
BRA,1909-03-15,14.769909287639999,21.08512,24.950680000000002,591964.1984763541,-0.030568086918974724,-0.057341751795549234
BRA,1910-03-21,18.133135407919998,20.02722,25.85384,701371.06936223,0.2015074399787793,0.16946552925348524
BRA,1911-03-27,21.788642491719997,20.13994,26.81506,812552.442236564,0.0994438300339282,0.06972890984230928
BRA,1912-04-02,18.816151936919997,20.36712,27.84057,675853.6889481788,-0.13546069578750763,-0.15934979503532365
BRA,1913-04-08,20.090653442079997,20.33733,28.95952,693749.5318320192,0.028810301201015465,-0.0008991961639319701
BRA,1914-04-14,20.7595876488,20.30393,29.79765,696685.397969303,0.02576719179686293,0.0026475675064467907
BRA,1915-04-20,20.12265167848,20.6447,30.04332,669787.8822473681,-0.036874833094423964,-0.04285563151823879
BRA,1916-04-26,20.4918022296,20.89311,30.27919,676761.902468329,0.006613452447224555,0.0006572270834530602
BRA,1917-05-02,20.60935903884,20.81704,30.51457,675394.050738385,0.008636707168617086,0.0027954615317518083
BRA,1918-05-08,8.72973085816,20.42181,30.59679,285315.2522914986,-0.09750844069713727,-0.09950627135355816
BRA,1919-05-14,0.96490587336,6.60014,29.06618,33196.85880153498,-0.7563035443548768,-0.7465576022783691
BRA,1920-05-20,0.6440589890799999,2.99268,25.64549,25113.92798811799,-0.23197443470884316,-0.1562900405334604
BRA,1921-05-26,0.9433992282,3.63025,22.65162,41648.20124123572,0.17469598491764016,0.28855388002038285
BRA,1922-06-01,0.3927368874,4.89511,19.93299,19702.858798404053,-0.5131467612607981,0.03635086262843967
BRA,1923-06-07,1.68830653836,4.43272,17.92705,94176.48404840728,0.943140871988227,1.1101077180340693
BRA,1924-06-13,1.7301417535999999,5.20162,17.3603,99660.82116092464,-0.02654297466427602,-0.0023671726006035954
BRA,1925-06-19,1.62164708004,7.48279,16.91721,95857.8323517885,0.07176293401176914,0.09254235168485248
BRA,1926-06-25,2.22451264932,7.91327,16.55362,134382.24686322387,0.2884745947407015,0.3103597728835832
BRA,1927-07-01,1.9443639904,9.71273,16.33592,119023.84379943094,-0.09337570051848287,-0.0839161152154334
KON,1926-09-24,1.4003566059600001,7.54567,21.10281,66358.77430351693,0,0
KON,1927-09-30,1.3347742605600001,7.91477,21.12365,63188.61847076618,-0.005072533507921473,-0.005849858853222756
PTN,1837-01-13,0.029250426920000003,9.22509,1.5157500000000002,19297.65919181923,0,0
PTN,1838-01-19,0.02935687612,9.21333,1.55215,18913.684966014884,0.0005479103461416557,-0.017192868927674354
PTN,1839-01-25,0.14064077664,7.44193,1.59153,88368.28500876516,3.043544265326008,2.9656250466798078
PTN,1840-01-31,0.20248921264,6.89938,1.58399,127834.90592743641,0.5042207714923457,0.5088310962023543
PTN,1841-02-06,0.19721810836,6.90828,1.58462,124457.66704951346,-0.030258139688283947,-0.030717915493739367
PTN,1842-02-12,0.19001335548,6.9156,1.58512,119873.16763399616,-0.011862216186451668,-0.011883605534972141
PTN,1843-02-18,0.20360876848,6.7311,1.58196,128706.6477534198,0.057494919228385566,0.059215178871607765
PTN,1844-02-24,0.19540569516,6.76809,1.55622,125564.31298916606,-0.001599642657674094,0.012708303709786595
PTN,1845-03-02,0.26101191272,7.05679,1.53769,169742.86931696246,0.18090423264599775,0.18928374434216444
PTN,1846-03-08,0.39674047712,6.95684,1.71157,231799.1534789696,0.19261410105905097,0.0943712158099701
PTN,1847-03-14,0.44021178916,6.7317,1.752,251262.4367351598,0.11426127927220087,0.09356126621650684
PTN,1848-03-20,0.44191070144,6.49412,1.82504,242137.5429798799,-0.006053137701628297,-0.04013570998522087
PTN,1849-03-26,0.40288433795999995,6.44586,1.8674900000000003,215735.74046447367,-0.02976568571182181,-0.04268075137323679
PTN,1850-04-01,0.41077436036,6.50943,1.94893,210769.17096047575,0.020381846141916737,-0.013261401278129137
PTN,1851-04-07,0.44620204304,6.51436,2.04137,218579.7004168769,0.09066443956030712,0.05573090239101908
PTN,1852-04-13,0.44809267984,6.97389,2.07884,215549.38323295684,0.046457357149292555,0.03391271076783098
PTN,1853-04-19,0.42442790572,6.90124,2.14547,197825.14121381327,-0.05950714726224737,-0.0823930427461923
PTN,1854-04-25,0.43582382376,6.93559,2.17073,200772.93065466458,0.02195366596507342,0.013747793989897561
PTN,1855-05-01,0.45229415036000004,7.4833,2.21276,204402.71442000038,0.003025347806133283,-0.011681118112026212
PTN,1856-05-07,0.3959488884,7.57376,2.3085,171517.820402859,-0.12913025481599982,-0.154778828691588
PTN,1857-05-13,0.58483686352,7.65812,2.40889,242782.71881239908,0.19384386136309972,0.16031197221827176
PTN,1858-05-19,0.63328921344,7.86371,2.538,249522.93673758866,0.069281208642483,0.0296800308993046
PTN,1859-05-25,0.6562142132,7.74425,2.62559,249930.19214728882,0.01626973442100521,-0.008370919442702407
PTN,1860-05-31,0.61498241688,7.81761,2.70357,227470.49896248296,-0.03966048672561684,-0.06030450543575416
PTN,1861-06-06,0.7379741439199999,7.63631,2.80505,263087.6968039785,0.18180231769533717,0.15345967530260274
PTN,1862-06-12,0.7126477826000001,7.43893,2.94168,242258.77138233936,-0.03569739837390029,-0.06852599898832157
PTN,1863-06-18,0.65201447376,7.7281,3.13952,207679.6687901335,-0.22347290970073252,-0.26121685607916834
PTN,1864-06-24,0.61861031804,7.75984,3.30518,187163.88155561878,-0.30385080248618035,-0.33184368245377716
PTN,1865-06-30,0.7009693443999999,7.50264,3.23652,216581.18732465734,0.08907341442606498,0.10739705870892857
PTN,1866-07-06,0.5127342724399999,7.87525,3.21247,159607.4897010711,0.002540462123120868,0.007904291603164193
PTN,1867-07-12,0.34185272108,7.56969,3.19752,106911.83200730567,-0.0986338388180924,-0.09461370404828251
PTN,1868-07-18,0.45878739451999995,7.58629,3.16184,145101.39492194416,0.023664588224701077,0.03341275872885374
PTN,1869-07-24,0.81303670032,8.13743,3.14335,258652.93407352027,0.2932919719969189,0.301418116912634
PTN,1870-07-30,0.7864560984800001,8.24844,3.07377,255860.42497649466,-0.013422840925773505,0.0068367275664154015
PTN,1871-08-05,0.78812105164,8.49933,3.02402,260620.31720689675,-0.006645151315167741,0.004425684892396031
PTN,1872-08-11,0.77814231768,8.63354,3.01982,257678.3774132233,-0.015213877205292659,-0.013975175336450207
PTN,1873-08-17,0.73964323628,8.58225,2.99304,247121.06630048377,0.007791671666811828,0.012705808979362354
PTN,1874-08-23,0.73755723496,8.6006,3.00698,245281.72284484765,-0.002171054419792595,-0.005999521705818633
PTN,1875-08-29,0.7532094492,9.15605,3.0315,248460.9761504206,0.008277437206504645,0.0018587423197047315
PTN,1876-09-04,0.76142398852,9.24938,3.07074,247961.07404729805,0.011239726728286659,0.0014530960632090917
PTN,1877-09-10,0.7668850914399999,9.02673,3.12157,245672.87981368348,0.008459949696442148,-0.0032982320998404813
PTN,1878-09-16,0.81213245412,9.96502,3.15009,257812.46063445805,0.0773831862540919,0.07106999148578441
PTN,1879-09-22,0.80662709816,10.23783,3.39383,237674.57361152445,0.011400254653345154,-0.04821428312221865
PTN,1880-09-28,0.83430049248,10.34601,3.53161,236238.00263335987,-0.009145197864935284,-0.03921207167236285
PTN,1881-10-04,0.82460185756,9.97433,3.56813,231101.96589249832,-0.03797646958207779,-0.04527369064860309
PTN,1882-10-10,0.8565802882,10.07836,3.55578,240897.99937003976,0.048354547431973094,0.05157065726634369
PTN,1883-10-16,0.87588175324,9.85132,3.57658,244893.6562973567,0.012682721600179692,0.007301473259218261
PTN,1884-10-22,0.85895977544,9.27263,3.59584,238875.97207884668,-0.022463923935552743,-0.026319162457845713
PTN,1885-10-28,0.85101367832,9.36626,3.61413,235468.47465918493,-0.004389151063050822,-0.007971354305597256
PTN,1886-11-03,0.932237553,8.98188,3.74784,248739.9550140881,0.07431174473749924,0.04554731989608585
PTN,1887-11-09,0.6053892020799999,6.9419,3.76935,160608.3813071219,-0.3062965391655377,-0.30831073596776626
PTN,1888-11-15,0.40454577591999996,8.74444,3.78562,106863.80986998166,-0.30195994828110007,-0.304412999332484
PTN,1889-11-21,0.8430453465200001,9.46863,4.06397,207443.7917898016,0.806552053873461,0.6881338550842389
PTN,1890-11-27,0.6909031974,8.18297,4.15462,166297.56690142537,-0.1562405694252198,-0.1707766876816057
PTN,1891-12-03,0.91963426464,9.66415,4.28396,214669.19967506695,0.2882335855617473,0.2593165673218778
PTN,1892-12-09,0.91438471592,9.79565,4.28208,213537.51352613684,-0.0026964525911338244,0.00007746790247309399
PTN,1893-12-15,0.8949164328,9.78733,4.32363,206982.65873814365,-0.011826202409052633,-0.0189343835378728
PTN,1894-12-21,0.87936061772,9.79845,4.39698,199991.9530495931,-0.0590453539087733,-0.07176752382103357
PTN,1895-12-27,0.89055326932,9.99804,4.46939,199256.11086076623,-0.009042625338466004,-0.02233873593071989
PTN,1897-01-02,0.98941122904,10.25629,4.55714,217112.3180415787,0.05583669449762185,0.039979171258867297
PTN,1898-01-08,1.05611660284,10.51793,4.69311,225035.55272303443,0.048258096164595976,0.026883077053122095
PTN,1899-01-14,1.09087766112,10.64839,4.84388,225207.4083420729,0.028349506515118916,0.0054658781811003365
PTN,1900-01-20,1.14208111316,10.74419,5.02388,227330.49220124682,0.035253917560476467,0.006769706325661318
PTN,1901-01-26,1.1519300962,11.00147,5.19528,221726.27773671487,0.03735901956334309,0.009985522537550251
PTN,1902-02-01,1.2342665816,11.24667,5.36767,229944.5721514176,0.07547738186510844,0.04976819817358913
PTN,1903-02-07,1.29627424056,11.31342,5.52961,234424.17106450547,0.05262779405107443,0.029308006164651568
PTN,1904-02-13,1.37431776456,11.31585,5.76003,238595.5914396279,0.05790747082461167,0.02713026790102835
PTN,1905-02-19,1.3446154254,11.38784,6.0205,223339.4942944938,-0.02627277187786914,-0.058238516726233036
PTN,1906-02-25,1.41262677556,12.3109,6.25919,225688.43181945267,0.035612218511057,0.006030746992480074
PTN,1907-03-03,1.4797873428,12.15885,6.56797,225303.608694924,0.06701721025626606,0.030244127889623496
PTN,1908-03-09,1.64343615956,12.14888,6.89943,238198.83085414305,0.08752910687967774,0.050506023042653725
PTN,1909-03-15,1.87187788892,12.36453,7.21791,259337.93700946675,0.1056064332314175,0.0693384596151565
PTN,1910-03-21,2.0814356134,12.21606,7.6281799999999995,272861.365804163,0.10313004649990543,0.05832385664646722
PTN,1911-03-27,1.75657587456,12.2214,8.06452,217815.30389409413,0.05342229358536321,0.009300544791079668
PTN,1912-04-02,2.28668478272,11.79546,8.30474,275346.9443618945,0.31537408118255517,0.2830499335666241
PTN,1913-04-08,2.7115145761600004,12.64748,8.66988,312751.1079922675,0.13964828507137605,0.10133665744847842
PTN,1914-04-14,2.9372287204,13.09791,9.01029,325986.03600993974,0.06260374870596785,0.031166480280627296
PTN,1915-04-20,3.06129998512,12.9817,9.35145,327360.9959011704,0.02960752173352521,0.0016375424186012566
PTN,1916-04-26,3.11459869136,12.82225,9.57001,325454.0686331571,0.017508657975222386,0.0006391889356385239
PTN,1917-05-02,3.0890097056,12.75028,9.72876,317513.1985576785,-0.01820736934842404,-0.03045990733555992
PTN,1918-05-08,3.27785552796,12.77309,9.88018,331760.7096186507,0.03569871030280325,0.02373699583944644
PTN,1919-05-14,3.28350298484,12.70005,10.03104,327334.2529628034,0.022033299162086184,0.010511669548390001
PTN,1920-05-20,3.3086560468,12.54894,10.17697,325112.0959185298,-0.013681030343706269,-0.024381962037130833
PTN,1921-05-26,3.25214072612,12.31122,10.32247,315054.5098334023,-0.005766866255787151,-0.016295865418273325
PTN,1922-06-01,3.78968597904,11.71865,10.47184,361893.0368531223,0.19539338640134907,0.1822984375672152
PTN,1923-06-07,4.05274946804,11.69523,10.62405,381469.35189875803,0.05929509138708067,0.047848695421764065
PTN,1924-06-13,3.71977628568,11.4036,10.78289,344970.2524722037,-0.032452608968405516,-0.04327565583047677
PTN,1925-06-19,3.1869981779999996,11.10374,10.92358,291754.0017100621,-0.08280413716005686,-0.09168733535749429
PTN,1926-06-25,2.97866009324,11.05336,11.0627,269252.541715856,-0.01823009265444897,-0.02755133986416214
PTN,1927-07-01,3.2529360344,10.74836,11.19106,290672.7364878751,0.06510778643824633,0.05603917923366297
LIP,1837-01-13,0.04441700484,9.24009,0.77757,57122.837609475675,0,0
LIP,1838-01-19,0.04817781384,9.17416,0.78558,61327.69907584206,0.01389581107587623,0.005940910064998084
LIP,1839-01-25,0.04686166004,9.09224,0.79347,59059.14532370474,-0.018827719530943088,-0.026280952249122413
LIP,1840-01-31,0.04343883232,9.84546,0.80275,54112.528582995954,0.016026192471179312,0.007395787052689284
LIP,1841-02-06,0.0436640048,9.74227,0.81288,53715.1914181675,-0.02466506537408142,-0.0340756601106712
LIP,1842-02-12,0.045052208760000004,8.75394,0.82172,54826.71562089276,0.10369299431176149,0.0949468999565144
LIP,1843-02-18,0.03516301932,9.46312,0.8298,42375.29443239335,-0.14172588761470828,-0.14832757141134179
LIP,1844-02-24,0.03966800292,9.20392,0.83882,47290.24453398822,0.11116040292662821,0.1018185261264073
LIP,1845-03-02,0.03400888764,8.87198,0.84785,40111.915598278,-0.13624089486998114,-0.1430466137493046
LIP,1846-03-08,0.03921013147999999,8.82036,0.85433,45895.76800533751,0.12623752698856805,0.11965659223474523
LIP,1847-03-14,0.032805690320000004,8.92258,0.8611,38097.42227383579,-0.12684195363328155,-0.13214482448946396
LIP,1848-03-20,0.0359202194,8.48122,0.86746,41408.502294053906,0.07930011980910057,0.0736378041033221
LIP,1849-03-26,0.0355325568,8.43867,0.8715900000000001,40767.51316559391,-0.009776019486510745,-0.013567107329554906
LIP,1850-04-01,0.0373741576,8.41893,0.87619,42655.31174745203,-0.0003440077369045724,-0.004046325437835341
LIP,1851-04-07,0.03385234268,8.40411,0.88032,38454.587740821524,-0.08921621442773953,-0.09246404881527504
LIP,1852-04-13,0.03562778856,8.36852,0.88439,40285.15537262972,0.006572695550151719,0.0028843098544535373
LIP,1853-04-19,0.06937086728000001,8.5539,0.88864,78064.08363341737,0.529883980975246,0.5247637623555081
LIP,1854-04-25,0.06320692716,8.97081,0.89472,70644.3660139485,-0.07824245579299982,-0.0833640771976516
LIP,1855-05-01,0.06746493312,8.89082,0.90036,74931.0643742503,0.09549576435260043,0.09012810786049852
LIP,1856-05-07,0.06989236696,8.86541,0.9074700000000001,77018.92840534673,0.026330780988467417,0.01998558308272269
LIP,1857-05-13,0.07154160312,9.4027,0.91345,78320.21798675352,-0.02898655531113692,-0.03388255647711358
LIP,1858-05-19,0.06767570004,9.35501,0.91983,73574.1387430286,-0.08140223997206142,-0.08617746532099846
LIP,1859-05-25,0.06898906767999999,8.44239,0.92399,74664.30121538111,-0.020570827441490747,-0.02368545512872766
LIP,1860-05-31,0.07772112088000001,8.67653,0.92598,83933.90881012549,0.13003377157717333,0.1281983121134902
LIP,1861-06-06,0.09651108012,8.64506,0.92744,104061.80466660915,0.15021845674362555,0.14929594608215946
LIP,1862-06-12,0.1320905794,10.19564,0.92905,142178.11678596414,0.13592112389419575,0.13446779115727137
LIP,1863-06-18,0.15808599196,11.59389,0.9423799999999999,167751.8537744859,0.11810403670433911,0.10588096830653915
LIP,1864-06-24,0.15625162488,11.55978,0.95802,163098.49990605624,-0.0004686729676188772,-0.012509521381753097
LIP,1865-06-30,0.15391603396,11.7197,0.9733799999999999,158125.33025128933,-0.004584986216906728,-0.016571118908402682
LIP,1866-07-06,0.15319235932,10.85426,0.98705,155202.2281748645,-0.01829286402057073,-0.028618999207085216
LIP,1867-07-12,0.14514415083999999,10.79519,1.0004,145086.11639344261,-0.06368009691597387,-0.07295435169165954
LIP,1868-07-18,0.13536995524,10.3882,1.01167,133808.4110826653,-0.0653625390619994,-0.0740866406981634
LIP,1869-07-24,0.13854823216,10.14812,1.02224,135533.9569572703,0.021517550581701794,0.01354881248906259
LIP,1870-07-30,0.13492812164,9.94316,1.0306,130921.91115854842,-0.014825684854018362,-0.020744495781858774
LIP,1871-08-05,0.13516016592,9.84282,1.03939,130037.97027102434,0.005581271283530809,-0.0008983984457487937
LIP,1872-08-11,0.13956222592,11.12204,0.99268,140591.35463593504,0.03298260219207072,0.0556170027482088
LIP,1873-08-17,0.12279769475999999,11.16915,1.0062,122041.04031007751,-0.12408998843230856,-0.13311145936214952
LIP,1874-08-23,0.12939758104000001,11.07536,1.005,128753.81198009952,0.053421336913370476,0.05673818243264761
LIP,1875-08-29,0.1321934666,10.57672,1.01813,129839.47688409143,0.013915242537150707,0.004200772503182737
LIP,1876-09-04,0.12750377016,10.45161,1.02972,123823.72893602145,-0.026698677434337292,-0.03506064559482924
LIP,1877-09-10,0.1303314428,10.41502,1.04065,125240.41973766395,0.02511881930121107,0.016827475111034218
LIP,1878-09-16,0.1292833282,10.3337,1.05068,123047.29146838238,-0.0023760313218895712,-0.009356738891278082
LIP,1879-09-22,0.12769075488,10.37439,1.04079,122686.37754013776,0.005661007975893417,0.012288035353425375
LIP,1880-09-28,0.11893623248,10.39943,1.03842,114535.76826332315,-0.06076920797490304,-0.06332908820149596
LIP,1881-10-04,0.13834688920000002,10.80485,1.02645,134781.90774026985,0.12716599576297982,0.13076057091396165
LIP,1882-10-10,0.15095633384,10.45358,0.99988,150974.4507740929,0.036966434478855614,0.0634803908818844
LIP,1883-10-16,0.14202816732,9.80559,0.9999099999999999,142040.95100559053,-0.03575966628618554,-0.035548769231335764
LIP,1884-10-22,0.13889853952,9.80197,0.99592,139467.56719415213,-0.0662360200400326,-0.06512993361867436
LIP,1885-10-28,0.13262812108000002,9.47095,1.00281,132256.48037015987,-0.16194868594084144,-0.16651499390865532
LIP,1886-11-03,0.14173908059999998,9.07794,1.00769,140657.42500173664,0.062277912268439595,0.05851850275177295
LIP,1887-11-09,0.17811730976,10.36656,1.0161,175295.0593051865,0.34293368567487903,0.33434868109415805
LIP,1888-11-15,0.22215718096,11.30426,1.02931,215831.16938531637,0.14726913531606756,0.13580813376808343
LIP,1889-11-21,0.22077125772,11.2446,0.99899,220994.462126748,-0.0014928150055409928,0.02975997351351678
LIP,1890-11-27,0.25526854288,10.59327,0.99708,256016.10992096923,0.12830667607657187,0.1305996298415284
LIP,1891-12-03,0.25621826516,10.79294,1.00048,256095.3393970894,-0.05287746920382752,-0.0538813731524842
LIP,1892-12-09,0.24624013232,10.94588,1.00729,244458.03325755245,0.03562877932812736,0.030736630797651543
LIP,1893-12-15,0.24541099024000002,10.68347,1.01407,242005.96629424006,-0.03808225405533083,-0.043618832124774465
LIP,1894-12-21,0.2659259278,10.65532,1.01537,261900.51685592442,0.050556814485245294,0.04643879360923986
LIP,1895-12-27,0.273389012,12.03241,1.02635,266370.1583280557,0.05235746543927555,0.043979128720473604
LIP,1897-01-02,0.3532975602,12.45287,0.9756600000000001,362111.35047045076,0.29855601018594813,0.37056237102795286
LIP,1898-01-08,0.35674885168000003,13.10538,0.9896299999999999,360487.1029374615,0.013035768346101095,0.0022978829401933965
LIP,1899-01-14,0.40193523863999997,13.76142,1.00385,400393.72280719236,0.09286161830274686,0.08123263952041171
LIP,1900-01-20,0.39020032688,13.83083,1.0192,382849.6142857142,-0.02962277678075209,-0.040435077845430434
LIP,1901-01-26,0.42627942448,13.98552,1.01682,419228.00936252234,0.05179568135310131,0.05196088881608474
LIP,1902-02-01,0.0164608626,8.00137,0.97493,16884.148195255046,-0.9584621882367491,-0.9572060556584843
LIP,1903-02-07,0.023233479879999998,4.01016,0.87588,26525.87098689318,0.40020947480674773,0.5298486945197163
LIP,1904-02-13,0.02201096612,5.48706,0.8563299999999999,25703.836278070372,0.2970810275203004,0.32069924468773836
LIP,1905-02-19,0.02276735812,6.01087,0.84673,26888.569107035302,-0.0057553210915590736,0.0028838721979289605
LIP,1906-02-25,0.01751772048,7.69548,0.84089,20832.356764856282,-0.22474870358238985,-0.22085991165378005
LIP,1907-03-03,0.017211789919999998,7.83174,0.83837,20530.06419599938,0.07561609608764885,0.07789561463355921
LIP,1908-03-09,0.051633978239999996,10.15509,0.83401,61910.50255992134,1.1282278170819708,1.1392895943720283
LIP,1909-03-15,0.30609891728,14.03318,0.84254,363304.90811118763,2.6234808779090706,2.5950483495584016
LIP,1910-03-21,0.30082039884,14.19744,0.85413,352195.09774858627,-0.007862246601436751,-0.01806261753542726
LIP,1911-03-27,0.29301784512,14.82885,0.86652,338154.7397867332,0.02372921100010217,0.012221901290258241
LIP,1912-04-02,0.29427100404,12.28498,0.8792900000000001,334668.8851687157,-0.03630204122439795,-0.04733245134155695
LIP,1913-04-08,0.2850694756,13.76329,0.8950099999999999,318509.8217897007,-0.05994072893995894,-0.07248946076744389
LIP,1914-04-14,0.29628735084,15.24941,0.9093,325841.14246123395,0.06523867989114329,0.05287829937239219
LIP,1915-04-20,0.31353587616,15.74599,0.92366,339449.44693934993,0.06526388519162096,0.05289221582159298
LIP,1916-04-26,0.18146086556000002,16.77435,0.93619,193829.10046037665,-0.2605215662078474,-0.2686463379414388
LIP,1917-05-02,0.33947537,17.38363,0.9507,357079.3836120753,0.34312862735960814,0.32763931317349226
LIP,1918-05-08,0.2604069078,16.18767,0.9597299999999999,271333.508174174,-0.15646309718290852,-0.16218656018821187
LIP,1919-05-14,0.29229486416,15.95044,0.9738600000000001,300140.5378185776,0.25861181902227637,0.24451467351686373
LIP,1920-05-20,0.30314676079999997,15.96575,0.98957,306341.90688885073,0.08196796874193413,0.06866881008509473
LIP,1921-05-26,0.30634836076,15.4622,1.0053,304733.27440565004,-0.01048463451892323,-0.021989523294459135
LIP,1922-06-01,0.26709691632000004,15.71711,0.96499,276787.2375050519,-0.11723293533324375,-0.09776874288897086
LIP,1923-06-07,0.29201229252,15.03408,0.9800900000000001,297944.36482363864,0.15448407043988888,0.1408282696830474
LIP,1924-06-13,0.27877925556,14.98615,0.9950099999999998,280177.34048904036,-0.09361124563907297,-0.10384213538366294
LIP,1925-06-19,0.31121647128,14.7125,0.99667,312256.2847080779,0.11992495631021982,0.1170019529070907
LIP,1926-06-25,0.3025723376,15.74674,0.9947499999999999,304169.2260366927,0.024549822370021346,0.024897903620683115
LIP,1927-07-01,0.36207849704,16.36475,0.99557,363689.6421547455,0.13755907241721,0.13501270747786887
AHU,1927-11-11,24.81462982596,5.12724,582.81415,42577.26039417539,0,0
FIN,1837-01-13,0.82247038432,10.1466,14.60167,56327.14506765322,0,0
FIN,1838-01-19,0.8232997827599999,10.25627,14.82868,55520.773444433355,-0.040512572836101324,-0.05174217835513195
FIN,1839-01-25,0.78164113248,9.99356,15.05334,51924.76436990064,0.02707936220073237,0.015477049329932546
FIN,1840-01-31,0.8350541487600001,10.1176,15.28934,54616.75577624672,0.0916625851495505,0.0788901789241716
FIN,1841-02-06,0.9874419063600001,9.87199,15.51853,63629.860970079,0.13274755002355798,0.12000567980468313
FIN,1842-02-12,1.00259190408,9.94805,15.74023,63696.14065868161,-0.04879621124438904,-0.05892549771303468
FIN,1843-02-18,1.1285645914400002,9.96723,15.966370000000001,70683.8555939766,0.1393613817544228,0.12723262521939982
FIN,1844-02-24,1.25411280592,10.19045,16.19222,77451.56661161965,0.09919603977060665,0.08757158472367399
FIN,1845-03-02,1.32045567836,10.0459,16.35623,80731.05344935844,0.025186719245481104,0.017795983534432347
FIN,1846-03-08,1.40990587764,10.18316,16.55559,85161.9228091539,0.1299908863809225,0.11952164936833976
FIN,1847-03-14,1.49163994512,10.15016,16.79664,88805.85314205699,0.024971908625929018,0.013867979780006978
FIN,1848-03-20,1.32107411904,9.98163,16.96819,77855.92447043557,-0.06762326575160371,-0.07520350389735775
FIN,1849-03-26,1.47514872596,10.41197,17.18521,85838.27174413347,0.08856642734687759,0.07785542587466487
FIN,1850-04-01,1.49066408348,10.38096,17.44053,85471.2605339402,-0.007447978932110355,-0.018292848741063517
FIN,1851-04-07,1.5431390254800001,10.28666,17.71896,87089.70647712958,-0.03842135687147141,-0.05011662952756324
FIN,1852-04-13,1.71902130088,10.50355,17.92361,95908.20715692877,0.1351948265441556,0.12596307283783603
FIN,1853-04-19,1.88808062456,10.5896,18.21784,103639.10455685196,0.08317144627367967,0.069772472179914
FIN,1854-04-25,1.7716364614,10.53229,18.50566,95734.84336143645,-0.052414460585572864,-0.06397763978782345
FIN,1855-05-01,1.92950121988,10.5782,18.76767,102809.843730202,0.08986447135364894,0.07847154615132457
FIN,1856-05-07,1.857297039,10.61724,19.02743,97611.55547543732,-0.05148697677412828,-0.06123144515628853
FIN,1857-05-13,2.03015404852,10.62234,19.28487,105271.85552819385,0.04835817039810597,0.03765201353816883
FIN,1858-05-19,2.1003697884,10.73807,19.56973,107327.47914253287,0.06514813103428208,0.05320751214634223
FIN,1859-05-25,1.99587941384,10.54446,19.83191,100639.79787322553,-0.03133678700044695,-0.04090888740679366
FIN,1860-05-31,2.6476248505199997,10.58987,20.10224,131707.95147804424,0.27220978289334763,0.25936355214180007
FIN,1861-06-06,2.57012331472,10.69433,20.39647,126008.24136333395,-0.005056746712292837,-0.01583036023265494
FIN,1862-06-12,2.5717682499600003,10.78345,20.70722,124196.69322873859,0.03427385235687863,0.022458374398775627
FIN,1863-06-18,2.69630072192,10.82807,21.01516,128302.65017825225,0.031767918964366704,0.020278292118097063
FIN,1864-06-24,2.86284391952,11.07328,21.34157,134144.01656110585,0.07909259491145182,0.06667449242980572
FIN,1865-06-30,2.96677779424,11.21236,21.6889,136787.840519344,0.03849207674294686,0.025604870848980665
FIN,1866-07-06,3.18787913964,11.06786,22.02173,144760.61325063926,0.08631350553706607,0.07397036603790252
FIN,1867-07-12,3.11902397144,11.00918,22.35545,139519.62369086733,0.0005057707600979455,-0.010764005773787888
FIN,1868-07-18,3.54173397916,11.03337,22.685679999999998,156122.01085266125,0.07213452609461024,0.0604204823183323
FIN,1869-07-24,3.61344296976,11.22176,24.19731,149332.42454471177,-0.010094069317314047,-0.05917988405266039
FIN,1870-07-30,3.55142269092,11.12386,24.54997,144660.97884926133,-0.009245431191664766,-0.020426338144458045
FIN,1871-08-05,3.82146088168,11.12795,24.9177,153363.30727474848,0.0566953385943465,0.04490995097778527
FIN,1872-08-11,3.75501260836,11.07164,25.289500000000004,148481.09327428378,-0.01959688029740947,-0.03042548644093057
FIN,1873-08-17,3.87047514412,11.13325,25.66107,150830.6217987013,-0.0018651660268209636,-0.012841171450057032
FIN,1874-08-23,4.04529299148,11.11965,26.05262,155273.94141088304,0.017259952296799996,0.005812311992170693
FIN,1875-08-29,4.311574644519999,11.20281,26.4228,163176.29640007872,0.03254953626729917,0.021728593887350822
FIN,1876-09-04,4.230259386079999,11.28386,26.8186,157736.0259700357,-0.012267377854103811,-0.023588696461300795
FIN,1877-09-10,4.48375152628,11.34445,27.22586,164687.23214914056,0.0355036447790833,0.023932545959285845
FIN,1878-09-16,4.85011599332,11.36535,27.6715,175274.77705653833,0.058639117343772584,0.04527621383132785
FIN,1879-09-22,5.01218700268,11.39968,28.09342,178411.4217023061,0.008831554478944348,-0.0027040275808876135
FIN,1880-09-28,5.69002055128,11.63687,28.52831,199451.7218608463,0.09690918175210816,0.08434742444372301
FIN,1881-10-04,5.58828440924,11.37273,28.86655,193590.31159733323,-0.00437785507110644,-0.013734582280410912
FIN,1882-10-10,1.8674750406,11.62801,7.20243,259284.02505820952,-0.6008712003717469,-0.2356243617719036
FIN,1883-10-16,1.95179141196,12.47942,7.30645,267132.65839908575,0.061267845505888374,0.0496109503886093
FIN,1884-10-22,2.24205748728,13.16708,7.4212,302115.222238991,0.08457936999642834,0.07162599721480989
FIN,1885-10-28,2.23492728316,14.24628,7.572029999999999,295155.6297531838,0.0387224728008313,0.022607280588912593
FIN,1886-11-03,2.83919983308,15.51221,7.70483,368496.10349352285,0.22954165651428848,0.21319841947660723
FIN,1887-11-09,3.0447050940800002,16.20745,7.8678,386983.03135311016,0.023733834194686443,0.007674894075370808
FIN,1888-11-15,3.46473520224,16.82235,8.02276,431863.2493356401,0.10120460614762594,0.0840838058793052
FIN,1889-11-21,3.09144568252,16.38953,8.15944,378879.63910758577,-0.03613081206727575,-0.04820242424880172
FIN,1890-11-27,3.293004715,16.54,8.31849,395865.6817523372,0.08276427466552305,0.0670325565548866
FIN,1891-12-03,3.32091704568,16.64877,8.48624,391329.6166123041,0.06024718739656687,0.045117253572337646
FIN,1892-12-09,2.959604349,17.00398,8.69204,340495.9421493688,-0.11434704718385158,-0.13057138780170408
FIN,1893-12-15,3.4721718434,17.92486,8.89139,390509.4527852226,0.14843038843942646,0.12987430902582253
FIN,1894-12-21,3.5807377423999998,16.27396,9.05273,395542.3107062731,0.03417145147255152,0.01966048770358264
FIN,1895-12-27,3.10267781668,16.12466,9.22463,336347.1290100525,-0.1043126150018644,-0.11713408296067696
FIN,1897-01-02,2.79281543892,15.82251,9.44081,295823.70992743206,-0.10170808403941356,-0.1171983996687539
FIN,1898-01-08,3.4715182398,16.45183,9.64633,359879.6889386948,0.23965541055000594,0.2197304720262676
FIN,1899-01-14,3.71419855092,16.65389,9.85274,376971.13198156044,0.013862551073024365,-0.00133632184878818
FIN,1900-01-20,3.6332108591999996,16.88059,10.05076,361486.1820598641,-0.002562026249930849,-0.017247072469743885
FIN,1901-01-26,3.7309841337600003,17.94627,10.24667,364116.74561198906,0.016747572766837582,0.0021871354770324203
FIN,1902-02-01,4.3564285933999995,18.24547,10.51288,414389.64331372565,0.15506768498346069,0.13151537838206773
FIN,1903-02-07,4.42181060984,18.37368,10.72946,412118.65367315785,0.017634290909988026,0.0021251505312880337
FIN,1904-02-13,4.6298124158,18.39556,10.94511,423002.8218811871,0.05878495529547689,0.04395811138764705
FIN,1905-02-19,4.65318250384,18.14676,11.13034,418062.9256464762,0.00883989611403857,-0.003575924447147827
FIN,1906-02-25,4.76204936168,17.92071,11.3267,420426.89942172036,0.008968240019367801,-0.004644015138906665
FIN,1907-03-03,5.17033065692,17.92772,11.54937,447672.094401686,0.07078208200354164,0.055521475338851545
FIN,1908-03-09,5.43308557584,18.92045,11.78932,460848.08757757023,0.04425491500994405,0.027225192961723543
FIN,1909-03-15,5.50132126336,19.28253,12.02605,457450.3900582486,-0.012321130823014337,-0.02636065343194982
FIN,1910-03-21,5.2834630893200005,19.09978,12.25882,430992.7945201904,-0.034036722407680076,-0.04730610429493509
FIN,1911-03-27,5.420459113680001,19.3533,12.36969,438204.9278260005,-0.029483269661686573,-0.036220676030569776
FIN,1912-04-02,5.302953540040001,19.67961,12.55757,422291.3780325334,-0.030830795325250904,-0.041853528773645565
FIN,1913-04-08,5.9287442604,19.75908,12.76838,464330.18600636884,0.09034395028646891,0.07685643229208239
FIN,1914-04-14,5.264301571360001,19.2782,12.96659,405989.6681671897,0.0021893058497202134,-0.009515056606513528
FIN,1915-04-20,5.004358609640001,19.25489,13.20968,378840.26029699435,-0.03586344629244653,-0.049628550153244855
FIN,1916-04-26,3.12555025692,16.78781,13.4125,233032.6379809879,-0.15309341151921496,-0.16229069995145817
FIN,1917-05-02,3.98841328132,15.89895,13.68223,291503.160034585,0.5341276318404846,0.5101118954705504
FIN,1918-05-08,5.888759637280001,17.37266,14.10698,417435.88190243416,0.4568956455131572,0.42416625302751276
FIN,1919-05-14,6.601356849879999,19.68575,14.3898,458752.5087131162,0.04003440108192935,0.025449300270762976
FIN,1920-05-20,7.356294598640001,20.16574,14.79879,497087.5726083011,-0.041223025596044405,-0.06211082508215093
FIN,1921-05-26,7.59493207876,20.77579,15.15504,501148.9299111055,0.071048770871184,0.053969509981630415
FIN,1922-06-01,7.467914710880001,20.73981,15.67705,476359.6920900297,-0.008869165140913737,-0.034762000505024315
FIN,1923-06-07,7.24067222632,19.97995,16.14921,448360.7697416778,0.02605543749843675,0.0025833876806526934
FIN,1924-06-13,7.45195980516,20.5156,16.48127,452147.18314547365,-0.04891430856381784,-0.06330535438276141
FIN,1925-06-19,8.98706634592,21.00442,16.84775,533428.2824662046,0.12501566646586015,0.10731350946715446
FIN,1926-06-25,8.18961931892,21.13925,17.1514,477489.8444978253,-0.1296102269063123,-0.14137798863530693
FIN,1927-07-01,8.95622959868,21.60168,17.45986,512961.13477885857,0.03290146609017763,0.020376509544420163
OMA,1837-01-13,0.60329147996,10.0875,15.751809999999999,38299.81951026581,-0.04232236995973315,-0.053173074513728213
OMA,1838-01-19,0.6367721126,10.07627,16.04307,39691.4127158954,0.02940767213132256,0.01517544969012441
OMA,1839-01-25,0.71021506972,9.30499,16.33294,43483.60244512011,0.030629307709316045,0.017810241792467707
OMA,1840-01-31,0.7833161840399999,9.23105,16.60144,47183.62889243342,0.07604135147540192,0.06339068867940378
OMA,1841-02-06,0.73568034332,9.95834,16.8507,43658.74078346894,-0.0869253576346386,-0.09734573741705788
OMA,1842-02-12,0.83821143276,9.23015,17.13845,48908.24040447065,0.13714915824528373,0.12322694564111125
OMA,1843-02-18,0.8423805618800001,10.10601,17.3788,48471.73348447534,0.0910880008763113,0.07974607062230943
OMA,1844-02-24,0.97713957068,9.41839,17.67107,55296.0047512686,0.1361923279992181,0.12193881745040969
OMA,1845-03-02,1.08432055524,9.35199,17.97121,60336.5357836228,0.074859898779158,0.06118440332748043
OMA,1846-03-08,1.13844562832,9.23663,18.27511,62294.87145740845,0.04360795847180898,0.030126618478168554
OMA,1847-03-14,1.14181246244,8.83619,18.52265,61644.1201685504,0.014496954955986352,0.004103651965404298
OMA,1848-03-20,1.1812156127200002,9.21338,18.8205,62762.18021412822,-0.008082080511552237,-0.020236262295437513
OMA,1849-03-26,1.1690285677199999,9.37071,19.11467,61158.710441770636,-0.026102425955619957,-0.037251595668960635
OMA,1850-04-01,1.17765334596,9.33971,19.51763,60337.92760493974,0.0026546448298978564,-0.0139873705333311
OMA,1851-04-07,1.1625064386,9.50279,19.86067,58533.09272043693,0.023080354997408348,0.010147524037484867
OMA,1852-04-13,1.34252898832,9.32344,20.186600000000002,66505.94891264502,0.10927830863936872,0.09584701436036225
OMA,1853-04-19,1.4007222892,9.37793,20.51216,68287.41045311658,0.0249116845431534,0.012343778482529988
OMA,1854-04-25,1.31047749612,9.23739,20.72081,63244.5110070504,-0.06136064782889439,-0.06909341059021401
OMA,1855-05-01,1.28745199752,9.81597,21.11448,60974.83800311445,0.020962999864033716,0.00628660348906851
OMA,1856-05-07,0.25794521583999996,9.40336,4.89173,52730.87759136338,-0.2653337291783412,-0.013494636592873754
OMA,1857-05-13,0.26571045851999997,8.49113,4.99259,53220.96517438844,0.013103076185955187,-0.004224343493090532
OMA,1858-05-19,0.33048772847999996,7.8166,5.07736,65090.46600595585,0.1718441167753606,0.15820951830439767
OMA,1859-05-25,0.31168257172,7.5855,5.18682,60091.26434308497,0.05777865924143977,0.042053038651386876
OMA,1860-05-31,0.39537260463999996,7.56898,5.2965,74647.90043236098,0.22206819799599553,0.20077996269588794
OMA,1861-06-06,0.35046693552,7.28841,5.40021,64898.76051486886,-0.021782769387446943,-0.03365131075713368
OMA,1862-06-12,0.3780758514,7.7481,5.45505,69307.49514669893,0.07468106258482043,0.06558463504974688
OMA,1863-06-18,0.40951788228,7.69511,5.52077,74177.6749040442,0.010770532071912031,0.00007237195726905732
OMA,1864-06-24,0.42403836904000003,7.89249,5.61667,75496.40072142391,0.05457253575942711,0.0417465671681958
OMA,1865-06-30,0.41611071216,7.79355,5.67339,73344.28131328887,-0.03918365063232587,-0.04781194287529644
OMA,1866-07-06,0.39479046412,7.88038,5.70341,69220.07432746375,-0.012359614598292823,-0.016641273620882524
OMA,1867-07-12,0.36686673504,7.68376,5.74384,63871.33608178501,-0.08462784748483665,-0.0897092641126438
OMA,1868-07-18,0.24429749084000002,7.19152,5.78788,42208.458164301956,-0.33360277108164293,-0.33800148523624773
OMA,1869-07-24,0.31860562812,6.71834,5.8287,54661.52454578208,0.221640879064535,0.21415733309180363
OMA,1870-07-30,0.28693055144,7.57763,5.8671,48905.00442126434,-0.12682294305397657,-0.1318443187724253
OMA,1871-08-05,0.24304919288,7.29409,5.59935,43406.679861055294,-0.027285343828662767,0.008405780796359341
OMA,1872-08-11,0.24868318176,7.36939,5.50989,45133.964881331565,0.024814459163269742,0.035987618427139934
OMA,1873-08-17,0.2620686744,7.51107,5.53677,47332.41120725621,0.019206182969478514,0.01477780722564459
OMA,1874-08-23,0.29628406964,7.6051,5.59617,52944.07954726179,0.07560848879462911,0.06809535903878317
OMA,1875-08-29,0.30430100064,7.68724,5.61908,54154.950746385526,-0.000559487773199252,-0.003849689811178947
OMA,1876-09-04,0.27823964688,7.11227,5.54388,50188.612827117475,-0.12091152886392964,-0.11331158369113337
OMA,1877-09-10,0.26930707647999996,7.34843,5.37546,50099.354563144356,-0.03667303640695729,-0.011911550035214602
OMA,1878-09-16,0.25981839468,7.86903,5.44561,47711.53179900874,0.006056492699327176,-0.0029177154180779485
OMA,1879-09-22,0.27488073496,7.41136,5.47893,50170.51412593334,0.008648222564405783,0.004699221125687769
OMA,1880-09-28,0.13862432219999998,5.98995,3.96129,34994.74216732428,-0.46984004428361226,-0.3662761260828359
OMA,1881-10-04,0.206991122,6.9319,3.95055,52395.520117452004,0.4359479702329152,0.440729287051834
OMA,1882-10-10,0.14515883044,7.46285,3.95242,36726.570162077915,-0.10481019202714037,-0.10412042043800951
OMA,1883-10-16,0.16825811963999998,7.40803,3.9474100000000005,42624.94132608469,-0.02725611881512191,-0.026779576648248038
OMA,1884-10-22,0.19417824556000002,7.36976,3.92691,49448.1018307015,0.017308941328519456,0.02151076481141012
OMA,1885-10-28,0.2045375254,7.29215,3.9120099999999995,52284.50985554741,0.029503172567425517,0.031249204731518043
OMA,1886-11-03,0.19826207388,7.37589,3.87054,51223.362600567365,-0.02391387843227455,-0.015979988907874
OMA,1887-11-09,0.0272785916,4.34594,0.2331,117025.27498927499,-0.8604503554132577,1.2827939101213564
OMA,1888-11-15,0.0193608532,4.35223,0.22879999999999998,84619.11363636365,-0.2994105478820528,-0.29855194572090127
OMA,1889-11-21,0.017767048,5.01572,0.21329,83299.95780392892,-0.04035235862422837,0.02505693693376454
OMA,1890-11-27,0.0176497464,5.06577,0.21071,83763.21199753215,0.03059700268839749,0.015274176425924546
OMA,1891-12-03,0.0173862156,4.45656,0.20961000000000002,82945.54458279662,-0.01843174564854655,-0.014451672156986173
OMA,1892-12-09,0.018407630799999998,4.39669,0.21587,85271.8339741511,0.05170145347115773,0.013627415869497339
OMA,1893-12-15,0.0047189636,3.08263,0.21355,22097.69889955514,-0.561679028392664,-0.5641420890928402
OMA,1894-12-21,0.0007234656,2.00063,0.18819,3844.3360433604335,-0.782671712020615,-0.7606467229009419
OMA,1895-12-27,0.0007141108000000001,2.02012,0.16518,4323.227993703838,-0.005862633049933619,0.09807752551199611
OMA,1897-01-02,0.0006063772,2.43196,0.14529,4173.564594948035,-0.11412813622475015,-0.023796045355327422
OMA,1898-01-08,0.00051259,2.87878,0.12812,4000.85857009054,-0.11632324598283028,-0.028208028051369127
OMA,1899-01-14,0.0004939012,3.39906,0.11309999999999999,4366.942528735633,-0.0009718911519669415,0.09594526639835665
OMA,1900-01-20,0.00047274759999999997,3.80731,0.10058000000000002,4700.214754424338,-0.008542366194173256,0.08367749474569064
OMA,1901-01-26,0.18332884856,7.81077,3.65921,50100.66341095483,429.7446223744112,11.414440525606247
OMA,1902-02-01,0.2362442238,7.90641,3.68075,64183.7190246553,0.14630458939546132,0.14148115229945057
OMA,1903-02-07,0.22961046004,8.61989,3.71676,61777.047762029295,-0.07263306330051023,-0.08028960503443539
OMA,1904-02-13,0.21582240524,8.69345,3.7493199999999995,57563.07950241644,-0.00857438146411904,-0.015162359231648437
OMA,1905-02-19,0.21470886892000002,8.51918,3.78439,56735.39696490055,-0.03350691698957586,-0.04011491816918522
OMA,1906-02-25,0.18833436284,8.30928,3.81618,49351.54076589678,-0.10535952117732417,-0.11112961871364191
OMA,1907-03-03,0.23978191068,8.62648,3.84942,62290.399769315896,0.30539025150988275,0.2967677493298717
OMA,1908-03-09,0.23017303088000002,8.46623,3.8831100000000003,59275.43409277615,-0.033449041793732204,-0.03969190833777847
OMA,1909-03-15,0.26310817156,8.46052,3.89936,67474.70650568297,0.0834527952392059,0.08006447522623605
OMA,1910-03-21,0.21718177208,8.38816,3.91925,55414.11547617529,-0.1629608304855299,-0.1660410516636358
OMA,1911-03-27,0.1791248576,8.40753,3.74748,47798.74945296573,-0.0991045684561358,-0.07230167021545975
OMA,1912-04-02,0.21144436248,8.95276,3.7334,56635.8714522955,0.4578829581106627,0.45586407282235375
OMA,1913-04-08,0.25731862572,8.97245,3.7592200000000005,68450.00444773117,0.059153830240666005,0.053855439900059476
OMA,1914-04-14,0.47199603932,9.03508,3.73259,126452.68816559011,0.5789251392596133,0.5813366689708577
OMA,1915-04-20,0.88668782904,13.03031,3.30785,268055.6340341914,0.44661447053453074,0.5724026242959419
OMA,1916-04-26,0.83872173476,13.30102,3.09841,270694.238257687,-0.1387883308528587,-0.08916517249498268
OMA,1917-05-02,0.73021968396,12.41502,2.97321,245599.76724146632,-0.00035930318024424146,0.03660772690460479
OMA,1918-05-08,0.71731258248,12.27954,2.86756,250147.36656948764,-0.031149443471015448,-0.0063451162467386135
OMA,1919-05-14,0.67542295496,12.24276,2.83448,238288.13572859924,-0.021360331704428526,-0.012776962774818879
OMA,1920-05-20,0.69300469004,12.15655,2.81018,246605.08936794085,0.0017429820382097727,0.006687076644035894
OMA,1921-05-26,0.71314358544,11.9897,2.80947,253835.6292966289,0.007917207622099243,0.00523860733036563
OMA,1922-06-01,0.6827558665200001,12.26817,2.72547,250509.40444033506,-0.042433769628392404,-0.02086650788039246
OMA,1923-06-07,0.46986483024,11.95817,2.60342,180479.8419924561,-0.23442391426517273,-0.2108850143639609
OMA,1924-06-13,0.66502778836,11.60782,2.55114,260678.6724209569,0.526107031558833,0.5467110869109042
OMA,1925-06-19,0.71031769848,10.32741,2.55078,278470.7808905511,0.041662915610842566,0.04498110832298097
OMA,1926-06-25,0.63949547844,10.31619,2.46345,259593.44757961394,-0.04006025054647122,-0.013356349467546491
OMA,1927-07-01,0.6085771452800001,10.48393,2.43404,250027.58593942583,-0.020947857568132777,-0.01122251140563335
ABU,1837-01-13,0.033957427920000005,7.3301,0.60409,56212.53111291364,0,0
ABU,1838-01-19,0.04553894748,7.27125,0.607,75022.9777265239,0.022278997250716692,0.0185897255554357
ABU,1839-01-25,0.04331761148,7.35334,0.61023,70985.71273126526,-0.04920203646391008,-0.05286460055217734
ABU,1840-01-31,0.04329406432,7.33276,0.61339,70581.6272192243,0.00929986449245046,0.005285648032757662
ABU,1841-02-06,0.04546164688,7.34084,0.61658,73731.95186350514,0.027704474822500602,0.02391423016298444
ABU,1842-02-12,0.04721251704,7.30981,0.61898,76274.70522472454,0.06467724978444567,0.06129256259140714
ABU,1843-02-18,0.05239572052,7.57217,0.621,84373.14093397745,0.08207982612691689,0.07934257482334739
ABU,1844-02-24,0.0485379544,7.57323,0.6244,77735.35297885971,-0.0823399524082612,-0.0859524918451594
ABU,1845-03-02,0.052753308920000005,7.50806,0.62762,84052.94432937128,0.06894586307940576,0.06460345311737448
ABU,1846-03-08,0.051587810039999994,7.26135,0.62944,81958.2645526182,-0.03322488849410765,-0.03540737077116063
ABU,1847-03-14,0.05405133188,7.52908,0.63158,85581.13284144526,0.03813257155707772,0.035486485767895815
ABU,1848-03-20,0.05707683904,7.13259,0.62876,90776.8290603728,0.017807725542746455,0.021794375166164448
ABU,1849-03-26,0.05647651412,7.19417,0.62695,90081.36872158865,-0.00020178503390366753,0.0020180135519038966
ABU,1850-04-01,0.057253746679999995,6.98316,0.63835,89690.21176470588,0.03300502569143959,0.03412637528977691
ABU,1851-04-07,0.05585507928,5.53787,0.63361,88153.72118495604,-0.020424406991760513,-0.01462303961256839
ABU,1852-04-13,0.057895837480000004,5.88978,0.62826,92152.67163276351,0.023036997128819348,0.029741024047015063
ABU,1853-04-19,0.0595160436,6.31608,0.62332,95482.32625296798,-0.028607489277287845,-0.0233141212227721
ABU,1854-04-25,0.02289192152,5.18967,0.61737,37079.74394609391,-0.4763894689073894,-0.47278721999845497
ABU,1855-05-01,0.02166858668,6.14635,0.61262,35370.354673370115,-0.0007354459149444548,0.004760499424266262
ABU,1856-05-07,0.03255210296,7.20802,0.61108,53269.78948746482,-0.0256420014708284,0.01691568628394835
ABU,1857-05-13,0.058530160000000005,8.17481,0.61513,95150.87867605223,0.6978033628230436,0.688842133406175
ABU,1858-05-19,0.05772882596,8.09144,0.61942,93198.19502114883,-0.01592160607484816,-0.02076626935921011
ABU,1859-05-25,0.06079417396,8.10867,0.62322,97548.4964539007,0.06404831728215865,0.0590035526002568
ABU,1860-05-31,0.06210069476,7.63219,0.62609,99188.12752160232,0.02373968799077608,0.020243777697063203
ABU,1861-06-06,0.12146791072,8.76788,0.62979,192870.49765794948,0.3019181254157879,0.29669571970234854
ABU,1862-06-12,0.1204601632,8.61973,0.64941,185491.6973868588,-0.003906963142699227,-0.030615443171763013
ABU,1863-06-18,0.1086651046,8.6115,0.65497,165908.52191703438,-0.09180876159835583,-0.09728060222712487
ABU,1864-06-24,0.11109234239999999,8.6658,0.66002,168316.6304051392,0.020850417635140284,0.014658871403061768
ABU,1865-06-30,0.11156394548,8.66603,0.66514,167730.0199657215,0.020840723377631987,0.014684188774067408
ABU,1866-07-06,0.11425439168,8.82755,0.67078,170330.64742538537,0.013336335700068203,0.007281157221681767
ABU,1867-07-12,0.11517894232,9.27125,0.67668,170211.83176686175,0.002963119461229846,-0.0037944130682714405
ABU,1868-07-18,0.11142027988,9.54029,0.68341,163035.776298269,-0.03200165490016327,-0.03938741141521096
ABU,1869-07-24,0.12058765836,9.31652,0.69141,174408.32264502972,0.11096556590891726,0.10163206215434406
ABU,1870-07-30,0.16137715204,7.73915,0.72184,223563.60417821122,0.40347100369547517,0.3599392748120678
ABU,1871-08-05,0.13472319848,8.91194,0.72437,185986.71739580602,-0.15874656309085855,-0.1605770457013459
ABU,1872-08-11,0.11147958588,9.45804,0.73208,152277.87383892472,-0.1018004893681772,-0.10910292844105152
ABU,1873-08-17,0.10488279152,9.74837,0.74109,141525.0394958777,-0.03266296742997643,-0.04174270596546925
ABU,1874-08-23,0.15275281216,10.51139,0.76161,200565.65979963497,0.28806856230247635,0.2592212028000238
ABU,1875-08-29,0.152286927,11.18632,0.8050199999999998,189171.60691659836,-0.046383424888423175,-0.08357414296609067
ABU,1876-09-04,0.1458263872,10.89579,0.8550800000000001,170541.22093839172,-0.001824609992804982,-0.05220074697714383
ABU,1877-09-10,0.14811825080000002,10.29906,0.9008300000000001,164424.19857242765,0.030457457169820623,-0.009511902347921097
ABU,1878-09-16,0.14474408156,9.93211,0.9356100000000002,154705.573433375,-0.02258602774681029,-0.05588373066893226
ABU,1879-09-22,0.15842481304,10.98654,0.9712100000000001,163121.06860514203,0.07962876098454452,0.04412454131348409
ABU,1880-09-28,0.16075409272,10.90088,0.99804,161069.78950743456,0.0025555125296459202,-0.020184349235240928
ABU,1881-10-04,0.16396099043999998,10.79344,1.02416,160093.14017341041,0.018643866927729125,-0.0038500935080472143
ABU,1882-10-10,0.16148258932,10.63284,1.03973,155312.0418954921,-0.013265506263912097,-0.024069951602484707
ABU,1883-10-16,0.16656394456,10.6936,1.05342,158117.31746122154,0.015627824231631227,0.00545031275671759
ABU,1884-10-22,0.16223588108,10.32118,1.06643,152129.89233236123,-0.0027067100406474864,-0.01236073412025307
ABU,1885-10-28,0.20698060292,10.49263,1.07653,192266.4513947591,0.18817304114407096,0.1803134209744235
ABU,1886-11-03,0.22230521768,10.96935,1.08892,204152.0200565698,-0.010834193699009176,-0.019598088365238908
ABU,1887-11-09,0.20461993239999998,10.51666,1.10094,185859.2951477828,-0.03699723548992029,-0.045098243381466285
ABU,1888-11-15,0.21278754796,10.70186,1.11216,191328.1793626816,0.05993021624018313,0.05234738564818531
ABU,1889-11-21,0.21053310719999999,9.80212,1.12117,187779.82571777696,-0.03142147219178626,0.0894090218595982
ABU,1890-11-27,0.2876692338,12.1176,1.1356,253319.1562169778,0.29487430064043907,0.2820952131608978
ABU,1891-12-03,0.29453357284,11.73272,1.15512,254980.93084701156,0.028504395436056207,0.01551872448529834
ABU,1892-12-09,0.31616195727999996,12.11774,1.17368,269376.625042601,0.04241791239310255,0.02991628801259094
ABU,1893-12-15,0.34802124708,12.89216,1.194,291475.08130653267,0.07761273698601623,0.06403795740569262
ABU,1894-12-21,0.37566329164,12.75291,1.21429,309368.67769643164,0.07294795718761793,0.05921916432152896
ABU,1895-12-27,0.33954450140000003,12.80267,1.23496,274943.7240072553,-0.08743075751548168,-0.0990973073279865
ABU,1897-01-02,0.32930290068,13.01247,1.25803,261760.76936162097,-0.014665788996176432,-0.0280573389640284
ABU,1898-01-08,0.3198976586,12.96066,1.28044,249834.16528693264,-0.019856270099716133,-0.033040155300099294
ABU,1899-01-14,0.34052688643999995,12.38161,1.30305,261330.63692106976,0.10131031574984717,0.08674400804306837
ABU,1900-01-20,0.30557734740000003,12.51365,1.32554,230530.4610951009,-0.08988500693853918,-0.10146009882875362
ABU,1901-01-26,0.32006427076,12.38265,1.34809,237420.55112047415,0.05967135690374836,0.04612990929631122
ABU,1902-02-01,0.3319607564,12.721,1.37171,242005.05675397863,0.006655027172498551,-0.006242074164946487
ABU,1903-02-07,0.33388233008,12.43915,1.39417,239484.66118192187,0.023363644990112675,0.0107157119398269
ABU,1904-02-13,0.38431468504,12.37102,1.41565,271475.77793946245,0.14632904799068935,0.1330731027867902
ABU,1905-02-19,0.40510196428,12.29672,1.43819,281674.85817590164,0.12769962075926622,0.11463388492939819
ABU,1906-02-25,0.34498629672,12.37966,1.4598,236324.3572544184,-0.09799653680322673,-0.108215737432519
ABU,1907-03-03,0.36288856604,12.34703,1.48164,244923.57525444776,-0.04599941147720432,-0.056855866212697115
ABU,1908-03-09,0.34478321695999997,12.3973,1.50638,228881.96667507532,-0.014958481339750307,-0.027000803081903224
ABU,1909-03-15,0.38317887036,13.43413,1.53039,250379.88379432695,0.1352342936630977,0.1214925814776211
ABU,1910-03-21,0.4680561366,13.68704,1.5509399999999998,301788.680800031,0.2076724624676869,0.19551090619363198
ABU,1911-03-27,0.47463009100000003,14.42509,1.57202,301923.69753565476,0.04353110755240608,0.03267376391423138
ABU,1912-04-02,0.5716200583600001,14.6417,1.59217,359019.48809486424,0.8041695052936921,0.7865298519612234
ABU,1913-04-08,0.6107035105599999,15.20452,1.6181800000000002,377401.46989828075,0.09312065199628194,0.07999727970031723
ABU,1914-04-14,0.6164112026799999,15.10843,1.64413,374916.3403623801,-0.05571531633403459,-0.06713855702441729
ABU,1915-04-20,0.6273906106,14.96791,1.67329,374944.3375625265,0.003928854323364206,-0.009289865437887346
ABU,1916-04-26,0.7763954432,16.64734,1.70281,455949.54410650634,0.18253625251732397,0.16683216133918655
ABU,1917-05-02,0.88359559236,16.97885,1.73129,510368.33364716487,0.1497941966647076,0.13527920989793585
ABU,1918-05-08,0.801297861,16.81847,1.76134,454936.50345759484,-0.07635869018650454,-0.08801098229060533
ABU,1919-05-14,0.7086246814399999,16.84291,1.79066,395733.7972814493,-0.05527676082351063,-0.0671658026161761
ABU,1920-05-20,0.8321707758,16.97805,1.82061,457083.4916868522,0.03535287793545816,0.022382562780871584
ABU,1921-05-26,0.712258222,17.09738,1.8512399999999998,384746.5601434714,-0.13810984743117727,-0.1486043329019946
ABU,1922-06-01,1.0022278656,17.90707,1.8813599999999997,532714.56053068,0.02458390929136134,0.0122875224479988
ABU,1923-06-07,0.7200144619200001,16.2996,1.91476,376033.791138315,-0.2906483523750849,-0.2997005473474098
ABU,1924-06-13,0.9459410781600001,16.85997,1.94649,485972.73973151675,0.254248730081567,0.238338800148983
ABU,1925-06-19,1.0212118430800001,18.20903,1.97861,516125.8879112104,0.057018334042653995,0.04379561343256255
ABU,1926-06-25,1.05453418252,18.2045,2.01326,523794.33482014254,0.011576706309444074,-0.0012036624743481106
ABU,1927-07-01,1.00221260516,18.948,2.04528,490012.42136040056,-0.06890952947130025,-0.08016773583829406
ITA,1837-01-13,2.19714945268,9.89019,36.81241,59685.02069492327,0,0
ITA,1838-01-19,2.2927639358,9.96927,37.36756,61357.06842512597,0.019169413945975267,0.008008470248917154
ITA,1839-01-25,2.29935512716,10.49017,37.91583,60643.67118324985,-0.01755017232780476,-0.028302689825646654
ITA,1840-01-31,2.3763408682,9.87141,38.49216,61735.71106947493,0.03217748508256246,0.02027307369308362
ITA,1841-02-06,2.56575105956,9.53041,39.06965,65671.20666706766,0.07275623676313936,0.06057221985398353
ITA,1842-02-12,2.5274529852,9.08132,39.45919,64052.32811925435,-0.011493640524425586,-0.018936388042538166
ITA,1843-02-18,2.72835822064,10.5752,40.07194,68086.50194225686,0.10571892323485255,0.09325898095404161
ITA,1844-02-24,2.6376503587199998,10.4083,40.80199,64645.14007086418,-0.029487842382711626,-0.0427764677963447
ITA,1845-03-02,2.63108852292,10.43805,41.52528,63361.12659372796,0.014333320678203032,0.0007264650756129143
ITA,1846-03-08,2.88640376492,10.54611,42.20065,68397.13997106679,0.08998624919548193,0.07735660052609705
ITA,1847-03-14,3.26258325588,10.58634,42.84515,76148.25145623251,0.11377509150711851,0.10080651597934764
ITA,1848-03-20,3.4167667014000003,10.63029,43.50409,78538.97648244108,0.05334029793691264,0.04116776822219226
ITA,1849-03-26,3.85228258844,10.53789,44.18451,87186.2693156493,0.018331253556610028,0.006804516211382339
ITA,1850-04-01,3.92829598772,10.5505,44.84477,87597.63931713777,0.017920939927139168,0.006419643061878588
ITA,1851-04-07,4.09142168344,10.62422,45.51629,89889.17338034361,0.03535944398108737,0.023669637932802967
ITA,1852-04-13,4.3837122862,10.65798,46.34696,94584.67796377583,0.08205677789805166,0.06747705991036779
ITA,1853-04-19,4.312907183,10.66778,47.19249,91389.6932117801,-0.04039334300673059,-0.053530952431275924
ITA,1854-04-25,4.39811421348,10.49399,48.06069,91511.67437421311,-0.0032064839413105117,-0.01626160750154182
ITA,1855-05-01,4.71186371968,10.35037,48.87079,96414.72379881726,0.04850338704690538,0.034924554163221266
ITA,1856-05-07,4.99879943576,10.55776,49.64295,100695.0520821184,0.06756785161492163,0.05483248987470124
ITA,1857-05-13,5.01797376444,10.72469,50.44962,99465.0458108505,0.006727876536969157,-0.0049800859054862645
ITA,1858-05-19,5.0402569282,10.67404,51.27707,98294.55794178566,0.0027202594563064952,-0.009755909889141767
ITA,1859-05-25,5.3986628722,10.71232,52.0335,103753.59858937032,0.03819222455185778,0.026712944431776187
ITA,1860-05-31,5.37041530844,10.08832,52.80367,101705.34185294318,0.026505183250588926,0.015337541353971584
ITA,1861-06-06,5.423763243080001,10.60217,53.56928,101247.64124289146,0.018868645178920396,0.007775128276130916
ITA,1862-06-12,6.09609412828,10.59427,54.42527,112008.52339878149,0.12169954744008904,0.10825117769342163
ITA,1863-06-18,6.37075884484,10.47693,55.2857,115233.39389462376,0.026552379044628927,0.014683554012752564
ITA,1864-06-24,6.4205456796,10.01996,56.04078,114569.1705147573,0.024842619020544188,0.01430203984220113
ITA,1865-06-30,6.67005806584,10.36128,56.82271,117383.66695006275,0.05882441416008444,0.048012174466204316
ITA,1866-07-06,6.631520732719999,10.94885,57.63694,115056.78012607885,-0.0055916780050785375,-0.016328713124799554
ITA,1867-07-12,7.04541933524,10.90603,58.54754,120336.72696137191,0.06698844682109506,0.05434881780401346
ITA,1868-07-18,7.22256496364,10.56424,59.47986,121428.74854850027,0.015724926131830408,0.0038354410224292756
ITA,1869-07-24,7.807488767,11.33908,60.43704,129183.83770945764,0.04868521164044548,0.035955204823797215
ITA,1870-07-30,7.97512581788,11.32777,61.38449,129920.86140782468,0.035903698856487365,0.023749125676554295
ITA,1871-08-05,4.46901889304,9.69034,62.13895999999999,71919.75683275035,-0.3648744397196009,-0.3707085304776355
ITA,1872-08-11,8.3785382746,10.67701,62.862179999999995,133284.24618109013,0.6966783425391587,0.6816577493419314
ITA,1873-08-17,10.88839126284,11.5598,63.32673,171939.89430434827,0.21640286385757124,0.20938347602730834
ITA,1874-08-23,10.555444120519999,11.92247,62.88542,167852.0095837795,-0.01835712389705224,-0.013407532868461192
ITA,1875-08-29,11.332523812480002,12.09808,62.85393,180299.36731847955,0.060587953439930065,0.06047467961948749
ITA,1876-09-04,11.58238473184,12.06227,62.46642,185417.77697265186,0.0059367158872492,0.012252575111927566
ITA,1877-09-10,12.47582535524,12.79181,62.13923,200772.1266459208,0.06581801724928726,0.07052959446855733
ITA,1878-09-16,13.25177998664,13.02516,61.79837,214435.75270092077,0.0490019097087524,0.053786483084424797
ITA,1879-09-22,13.492052252639999,13.10942,62.23094,216806.1779661371,0.020273516919182555,0.015035690660365253
ITA,1880-09-28,15.315854760439999,14.0888,62.55417,244841.46717061388,0.09299985942810363,0.08934823620505039
ITA,1881-10-04,32.560163486760004,12.55287,208.37397,156258.3056163877,1.1254521462356362,-0.3605041142864934
ITA,1882-10-10,34.83126780952,12.64614,210.58827000000002,165399.8478145055,0.039448008027174186,0.031691917548713366
ITA,1883-10-16,33.662975697,12.12155,212.96482,158068.24665688913,-0.021447740446879138,-0.029711708418666882
ITA,1884-10-22,33.938695759800005,12.1538,215.21226999999996,157698.70258698543,0.028226325060421775,0.02068085302728928
ITA,1885-10-28,36.74671666016,12.23797,217.97883,168579.29120988492,0.054692676373123694,0.04438471355383489
ITA,1886-11-03,38.962289951520006,12.29258,219.85315,177219.6120524996,0.05086134276724552,0.04372406067936896
ITA,1887-11-09,44.431917041720006,12.38004,221.12523,200935.53793802726,0.1188071908138899,0.11395589818773888
ITA,1888-11-15,44.52475138436,12.55366,222.93077,199724.56643988626,0.003527311857919768,-0.002867479721274213
ITA,1889-11-21,45.49717621280001,12.71805,224.48919,202669.78651756016,0.02794491983226388,0.022765563441033088
ITA,1890-11-27,49.46230460496,13.01263,226.50401,218372.75465878067,0.07564662494183239,0.06802555056606652
ITA,1891-12-03,53.67853923432,13.15323,227.69585,235746.6736188648,0.03573416883686398,0.032238307670067856
ITA,1892-12-09,55.50240169863999,13.42997,228.93084,242441.7859063462,0.02985381711392865,0.025752232788332163
ITA,1893-12-15,58.90189659484,13.85235,230.72677,255288.52414845492,0.042537825136323315,0.03625895859351003
ITA,1894-12-21,56.79259631656,13.9956,232.51294,244255.63719834262,-0.0317734802279348,-0.03738015003932593
ITA,1895-12-27,60.9850154758,13.96058,235.80955,258619.78650058914,0.06421062528176069,0.05289364108174155
ITA,1897-01-02,67.22770779244,14.28123,238.96401,281329.8445755074,0.06598532374393185,0.055371531579735844
ITA,1898-01-08,72.98364482240001,14.12301,242.42429000000004,301057.47580987035,0.07356268222172369,0.06207396682660615
ITA,1899-01-14,79.7912198642,14.32826,244.81675999999996,325922.21163371333,0.05586676062121665,0.04827764193531747
ITA,1900-01-20,83.31787328176,14.48126,245.18559000000002,339815.5384325808,0.030178461522444966,0.02892540953001288
ITA,1901-01-26,85.49220166031999,14.89546,245.20192000000003,348660.40877787577,0.034092396844415784,0.03354810500730809
ITA,1902-02-01,86.89991519456001,15.12359,245.93120999999996,353350.4966472536,0.013337191156879813,0.01012129323519928
ITA,1903-02-07,85.82343627104,15.06597,245.79633999999996,349164.8259328841,0.007354244308622748,0.007881534662997458
ITA,1904-02-13,89.05050477336,15.37189,246.28284,361578.1951083559,0.02762990565767831,0.026404072743127616
ITA,1905-02-19,93.390443354,15.5454,246.82007,378374.5922849791,0.019782734090625587,0.018326755814326523
ITA,1906-02-25,99.19978837080001,16.15479,249.17689,398109.9064636372,0.038882694183650424,0.03101986194952655
ITA,1907-03-03,104.70775647383999,16.25662,251.31127000000004,416645.6859409448,0.04233475803264741,0.03530326967540098
ITA,1908-03-09,104.1434003064,16.28064,252.1059,413093.86375487444,-0.027308479766047,-0.029536126498227788
ITA,1909-03-15,107.9356665634,16.67557,252.16922,428028.7124788664,0.020498045758643224,0.020328163660571663
ITA,1910-03-21,105.83357558852,16.64006,251.66419,420534.90243693395,-0.011618843217889863,-0.009557971909130325
ITA,1911-03-27,92.56566856056,16.53791,251.60585000000003,367899.50853909,-0.11743614400195657,-0.117306859614137
ITA,1912-04-02,103.13062347015999,16.99753,253.08428,407495.17698278214,0.08122542650682019,0.07640452011979892
ITA,1913-04-08,86.82967195708001,16.65841,254.98528,340528.1746345515,-0.20270710417088478,-0.21022715333904207
ITA,1914-04-14,86.5482721766,16.06336,261.51515,330949.362500031,-0.016130773589052017,-0.036931103410027144
ITA,1915-04-20,92.65980409139999,16.38788,265.44245,349076.811532594,0.06628008831564247,0.05433020556384882
ITA,1916-04-26,100.90641211716,16.70465,269.64031,374225.99060637486,0.08281493107879623,0.07001501687072698
ITA,1917-05-02,107.85281354119999,16.96046,274.04158,393563.68307758257,0.03644172458589612,0.023839168158860558
ITA,1918-05-08,113.1206008738,17.26594,278.50099,406176.65622588986,0.051446366686038525,0.03870627652404024
ITA,1919-05-14,124.20715740316001,17.73796,282.97719,438929.9271901032,0.06052418867389098,0.04780407733210135
ITA,1920-05-20,126.27222461048,18.15005,287.39419,439369.4410122905,0.02794914057927489,0.016048072762776977
ITA,1921-05-26,133.67526028584,18.66373,291.6655,458317.01139092556,0.0423383829949493,0.03079298837262079
ITA,1922-06-01,125.99907151104,19.35492,295.6977,426107.715788929,-0.06458240551373584,-0.07420625605024245
ITA,1923-06-07,125.12247357167999,18.91915,298.49212,419181.83157290716,-0.010957274514458604,-0.017799159682746923
ITA,1924-06-13,130.0535744534,19.05398,300.30984,433064.6456786098,0.026206467753728147,0.021571294108170713
ITA,1925-06-19,125.66507545904,19.1501,302.44175,415501.7468951955,-0.007885386592361932,-0.0131443527839602
ITA,1926-06-25,137.37495454124002,19.55249,306.03811,448881.8550775915,0.07699659498093214,0.06735870723205584
ITA,1927-07-01,141.60061195696,19.6419,310.08772,456646.9512464408,0.010221904507063062,0.00023160658047527427
WTU,1893-05-12,0.02780531728,8.58892,0.8326872927479609,33392.26804847634,0.23828708020456668,0.2443868598281551
WTU,1894-05-25,0.02832346712,9.89089,0.82597,34291.157209099605,0.10565505744875847,0.11557145311454886
WTU,1895-05-24,0.03289593528,9.49524,1.50324,21883.35547218009,0.019155999677652247,-0.46576730825491064
WTU,1896-06-06,0.041585579360000006,9.40902,1.50324,27663.965408051947,0.19686831653194736,0.16433615699383775
WTU,1897-06-19,0.060982137320000004,8.67719,1.5104256837895618,40374.13953859663,0.4546679580806019,0.4538802749767592
WTU,1898-06-11,0.06431120592,9.5588,1.50324,42781.72874590884,-0.007662584145056717,-0.008238878001372907
WTU,1899-06-17,0.06757914592,9.60419,2.29044,29504.875010914933,0.034959142925592435,-0.02054872394112761
WTU,1900-06-30,0.12582524448,9.06629,2.73747,45964.06334315992,0.5118212451433015,0.24621589372440522
WTU,1901-06-29,0.6383906354800001,9.23403,2.73747,233204.614289837,2.8475865719659263,2.9820168536912743
WTU,1902-07-12,0.6514860898,8.66068,3.78743,172012.7077728169,0.03120915884480624,-0.2568966907207889
WTU,1903-07-25,0.77432581304,8.99745,3.78743,204446.23743277104,0.08445222046745648,0.08988343870878945
WTU,1904-07-17,0.69669034448,9.19333,3.7874299999999996,183948.0451071043,0.017141020157875886,0.019742768448792525
WTU,1905-07-23,0.9130396522,9.33704,4.74533,192408.04163251029,0.134236913904765,-0.0939363839284485
WTU,1906-08-05,0.9709121864,11.24702,4.74533,204603.72332377307,0.06470694434321178,0.06310804273106596
WTU,1907-08-04,1.0522136976,11.64843,5.52113,190579.40993963194,0.14193959377002163,0.08520912855491969
WTU,1908-08-17,1.04889105776,11.16669,5.645471245028121,185793.35758440752,0.03991150874022065,0.030407078841015123
WTU,1909-08-30,1.21902702376,10.46377,5.52113,220793.0303687832,0.16733017489709745,0.16332315195950775
WTU,1910-08-22,1.26995706136,10.11136,6.14597,206632.4862243063,-0.0350915789215136,-0.13326572336331222
WTU,1911-08-28,1.30969113132,10.84871,6.19214,211508.64342860464,0.04599152415191088,0.04058548322834277
WTU,1912-09-10,1.4101726054,11.31103,5.947192289322331,237115.69036229802,0.000532164904414989,-0.0008667838666777117
WTU,1913-09-09,1.40260224416,10.60238,6.51559,215268.64706956697,-0.05788340984644058,-0.1081269792657581
WTU,1914-09-22,1.32682236544,10.35102,6.308241127808538,210331.58665907462,0.02805080133939919,0.03097806486191068
WTU,1915-10-05,1.3267308626,10.45492,6.51559,203624.05593353786,-0.008363014892371678,-0.010505986132885226
WTU,1916-09-27,1.42214842484,10.6366,6.51559,218268.55662188688,0.05783342362456012,0.0562172107170309
WTU,1917-10-03,1.48459412764,10.53713,6.51559,227852.6008603979,0.03512928147435934,0.03355146881363957
WTU,1918-10-16,1.5537173792399999,8.30647,6.51559,238461.50221852507,0.0021710849992837566,0.0054124718679702255
WTU,1919-10-15,1.74102904092,8.49859,6.51559,267209.7294212803,0.09432414661606137,0.11085398499890764
WTU,1920-10-28,1.88769043944,8.13899,6.515590000000001,289719.0338004693,0.03484005648218491,0.03648667792101312
WTU,1921-11-10,1.86500217332,8.16967,6.51559,286236.88312493573,-0.009753000003973056,-0.007834427807073774
WTU,1922-11-02,2.04032462296,8.58974,8.76731,232719.57110675907,0.08189186356582834,0.05305098752184123
WTU,1923-11-08,2.1266678939999997,10.30896,8.76731,242567.89072132728,0.041076283195411234,0.040116069165390345
WTU,1924-11-21,2.09350721528,10.49712,8.76731,238785.58135619704,0.02638788983371998,0.023516764239766896
WTU,1925-11-20,2.10831889892,10.88873,8.880263202982544,237416.26241572385,-0.021390630617887707,-0.020498768472696938
WTU,1926-12-03,2.1589763405599998,10.88478,8.76731,246252.99442588433,0.03384863241596214,0.03029866744505627
WTU,1927-12-16,2.5051587896400003,11.12234,10.354948782844719,241928.65094517457,0.0959081956823351,0.001543459059899055
MJT,1837-01-13,0.11454715116,6.14734,3.65325,31354.862426606447,0.6352912290238761,0.6278373737904908
MJT,1838-01-19,0.09110681268,7.56864,3.66249,24875.64817378341,-0.19007701606074234,-0.19110643076997402
MJT,1839-01-25,0.08753557435999999,7.70052,3.6907,23717.87854878478,-0.013638938261392397,-0.01950543004041383
MJT,1840-01-31,0.12269140988,7.07737,3.71775,33001.522393921055,0.35724880898654887,0.3494152714415659
MJT,1841-02-06,0.11306814532,7.705,3.74442,30196.437717991037,-0.021473705717583447,-0.026739719123332617
MJT,1842-02-12,0.12138612304,7.78647,3.76516,32239.30006692943,0.06665892338833168,0.06222964715294199
MJT,1843-02-18,0.12549631692,8.41872,3.79649,33055.879752086796,0.007634906439465183,0.0011201448635012046
MJT,1844-02-24,0.15321969623999998,7.03656,3.81752,40135.92495651627,0.21982949358211235,0.2152363936734525
MJT,1845-03-02,0.13958696804,6.06115,3.81454,36593.39475795247,-0.11286188600114411,-0.1119047440723776
MJT,1846-03-08,0.13606016996,6.69395,3.82574,35564.40582998322,-0.00010143338456769513,-0.002452317326519071
MJT,1847-03-14,0.13715642616,6.68134,3.82953,35815.472436565324,0.00257093768962946,0.0020482547071973833
MJT,1848-03-20,0.13964002207999998,6.67337,3.8397799999999997,36366.67259061717,0.012134555065040464,0.01000101283989463
MJT,1849-03-26,0.14318133596,6.70249,3.85143,37176.149108253296,0.008091837131803059,0.0058688396564521295
MJT,1850-04-01,0.15350379564,7.39941,3.87004,39664.65350228938,0.07298363028630805,0.06890259014428679
MJT,1851-04-07,0.1539637996,7.52455,3.89181,39560.975381634766,0.0037981785536649326,-0.0005322462906552916
MJT,1852-04-13,0.18657686944000001,6.69396,3.90766,47746.44402020647,0.22069004954753102,0.21704942224156065
MJT,1853-04-19,0.17023094972,7.43773,3.92433,43378.34731533791,-0.02351757946950439,-0.027293358032088655
MJT,1854-04-25,0.16628380132,6.41866,3.9022299999999994,42612.506520630515,-0.0206257854201517,-0.01604585929194613
MJT,1855-05-01,0.18679589084,7.71242,3.9145,47718.96559969345,0.1917549131574452,0.18894531587063712
MJT,1856-05-07,0.18839605408,7.74003,3.93732,47848.804283116435,0.005780145391245828,0.0012118254072059909
MJT,1857-05-13,0.18916835288,7.81558,3.9635300000000004,47727.24134294429,0.002914299315336377,-0.0020781350817167255
MJT,1858-05-19,0.18998210712,7.78911,3.99038,47610.028899503304,-0.007629722595705379,-0.012634865495045333
MJT,1859-05-25,0.19127309916000002,7.81621,4.00813,47721.28128578664,0.002811530298733933,-0.0002936780891634738
MJT,1860-05-31,0.19258579652,7.82712,4.03502,47728.585365128296,0.00500708046996623,0.00012801536932105506
MJT,1861-06-06,0.1939003612,7.82999,4.06049,47752.946368541736,0.005876522895525094,0.0009770214887401263
MJT,1862-06-12,0.19614288252,7.85673,4.08644,47998.47361517605,0.010967279628047555,0.006049026390060774
MJT,1863-06-18,0.20113965248,7.90164,4.11424,48888.65318503539,0.022944340071267222,0.017906798694554915
MJT,1864-06-24,0.1992791554,7.67396,4.10951,48492.19381386101,-0.01664436656764634,-0.015017365938519656
MJT,1865-06-30,0.18329013352,8.12942,4.12416,44443.021977808814,-0.12193552503728655,-0.12404197585946253
MJT,1866-07-06,0.18630004120000002,8.19744,4.15988,44784.955623719914,0.0070768234706357624,0.0007342705618345047
MJT,1867-07-12,0.18370766128,8.17879,4.194,43802.49434430138,-0.004651628145039166,-0.010952608477723724
MJT,1868-07-18,0.19568492424,8.21954,4.23173,46242.29906917502,0.03897310709652091,0.0322870458998723
MJT,1869-07-24,0.23009805312,8.31497,4.26681,53927.41957574862,0.12302809113368807,0.11564289817079865
MJT,1870-07-30,0.20714810636,8.3207,4.30002,48173.75415928298,-0.07249304777981991,-0.07817950887811798
MJT,1871-08-05,0.21571324892000002,8.4189,4.33283,49785.76332789424,0.016440161815026944,0.010850926259321714
MJT,1872-08-11,0.2170394668,8.36411,4.37128,49651.23872183891,0.0007449561043457731,-0.006137071174504016
MJT,1873-08-17,0.22576331908,8.38286,4.40274,51277.913090484566,0.014529959613950094,0.009166564368431995
MJT,1874-08-23,0.16978712036,8.56471,4.44492,38198.014893406405,-0.06854184502282001,-0.07491272330560217
MJT,1875-08-29,0.1814155252,9.59785,4.50328,40285.197722548895,0.02516320144147044,0.014568268332133982
MJT,1876-09-04,0.18484007360000002,9.58069,4.54646,40655.823123924994,0.017907605753556544,0.010439501716646982
MJT,1877-09-10,0.20040094308,9.58532,4.60563,43512.16729958768,0.05956845818846879,0.049792581527229984
MJT,1878-09-16,0.19662993376000001,9.55189,4.67275,42080.13134877749,-0.009956525104964253,-0.02104011946840434
MJT,1879-09-22,0.19647248088,9.5444,4.74742,41385.10620084172,-0.0016314614359730362,-0.012991568885960203
MJT,1880-09-28,0.24392666064,8.79712,4.8111,50700.808679927664,0.17686035101206543,0.16401706317346254
MJT,1881-10-04,0.20164099124,8.90404,4.8624,41469.43715860481,-0.08503215922411089,-0.09255418550422201
MJT,1882-10-10,0.19993650352,8.81874,4.92395,40604.901252043586,-0.006592520223765552,-0.015619106124260429
MJT,1883-10-16,0.2021725992,8.75763,4.97231,40659.693221058216,0.008802364007942876,0.0014176320394749808
MJT,1884-10-22,0.2111087342,8.77883,5.03048,41965.922575976845,-0.04444505169223267,-0.05274195685341454
MJT,1885-10-28,0.20688145348,8.82151,5.07908,40732.072241429545,-0.009563404039119705,-0.016865661367981066
MJT,1886-11-03,0.20723864772,8.66847,5.11686,40501.13697072033,-0.006083298425047845,-0.011726534499575836
MJT,1887-11-09,0.23631441496,8.66494,5.17199,45691.19719102318,0.049971397470835566,0.04128877802049735
MJT,1888-11-15,0.21966489896,8.76524,5.23356,41972.36660322992,0.0015870858896991358,-0.007140521382781095
MJT,1889-11-21,0.21519640012,8.72475,5.29314,40655.716667233435,-0.012403671339373479,-0.02102325351547507
MJT,1890-11-27,0.21633837524,8.70976,5.3573699999999995,40381.45120460226,0.004018839337661895,-0.004704180347762654
MJT,1891-12-03,0.28022013760000003,8.821,5.41808,51719.453681008774,0.19203275577422851,0.18165379557597872
MJT,1892-12-09,0.22326424328,8.71591,5.47528,40776.771832673396,-0.16567116131340498,-0.1721944584084335
MJT,1893-12-15,0.21644347296000002,8.49403,5.538309999999999,39081.14081010273,-0.024574565450458108,-0.03267938312873542
MJT,1894-12-21,0.27524178188000004,8.64194,5.59811,49166.912025665806,0.17408297419414143,0.16434318489248323
MJT,1895-12-27,0.27947162984,7.93701,5.64549,49503.52048095028,0.011305001607726517,0.004948610851990054
MJT,1897-01-02,0.24736950628,8.61576,5.7001,43397.39763863792,-0.095781607546499,-0.10234756409432888
MJT,1898-01-08,0.27675732708,8.4235,5.74658,48160.353998378174,0.11694685253588588,0.1099090274670087
MJT,1899-01-14,0.27547165723999995,7.62238,5.78735,47598.9282210338,-0.007657571128266483,-0.012691370947368386
MJT,1900-01-20,0.28991754116,7.73237,5.82499,49771.33714564318,0.04711562307053474,0.04190179767880031
MJT,1901-01-26,0.29101408491999997,7.66555,5.86151,49648.31330493337,0.0025312974243538733,-0.0023023489247148143
MJT,1902-02-01,0.28337220288,7.58199,5.89908,48036.6773937631,-0.020369975538721774,-0.02489191954693848
MJT,1903-02-07,0.2990690716,8.27286,5.94475,50308.099011733044,0.04295993852347868,0.036637800319368585
MJT,1904-02-13,0.30310030452000003,8.23074,5.99425,50565.175713392004,0.014236842142206996,0.007775417868653101
MJT,1905-02-19,0.69921553208,10.68907,6.04186,115728.52268672231,0.9114190434979053,0.9008727301879287
MJT,1906-02-25,1.13197456528,14.17509,6.14147,184316.55048058525,0.4668796587442623,0.4487561087200027
MJT,1907-03-03,1.34659212376,14.55347,6.26493,214941.28805269973,0.18184760315364068,0.16441764873395104
MJT,1908-03-09,1.39524341892,14.76561,6.39213,218275.19448446765,0.014824693661066313,-0.00037159678250775485
MJT,1909-03-15,0.28811432572,7.73976,6.322860000000001,45567.08921595607,-0.7814907849063576,-0.780774772463368
MJT,1910-03-21,0.2623199956,3.94739,5.65685,46372.096767635696,-0.09602167136276085,-0.016386094458632483
MJT,1911-03-27,0.40316716128,8.52044,5.36856,75097.82162814609,0.4481301139549303,0.47046749945251265
MJT,1912-04-02,0.40732276104000004,9.21431,5.25047,77578.34270836707,0.21612242448724195,0.23945911275980047
MJT,1913-04-08,0.41051589176000003,9.1226,5.31321,77263.25361881049,0.018490864140816576,0.009593235465634287
MJT,1914-04-14,0.40107390752,8.05826,5.35462,74902.40344226109,-0.01755042688872177,-0.023122369603850723
MJT,1915-04-20,0.38139515596,8.91219,5.32507,71622.56194942039,-0.054763079249966484,-0.049218747541186825
MJT,1916-04-26,0.39376075336,9.70695,5.35205,73571.94969404246,0.015784671219119195,0.012213683568597755
MJT,1917-05-02,0.3750712498,9.15407,5.388860000000001,69601.22359831206,-0.020425308236773243,-0.025742139107139184
MJT,1918-05-08,0.37785222176,9.81774,5.39564,70029.1757344819,-0.006224333821044592,0.03485804433265649
MJT,1919-05-14,0.38751843468,9.0687,5.43119,71350.55755368528,0.005157277423344153,0.0005429763093331985
MJT,1920-05-20,0.24375471328,8.98833,5.48444,44444.77709301223,-0.35197605055291303,-0.35701056090801164
MJT,1921-05-26,0.26095206332,8.24737,5.52625,47220.459320515714,0.08285685358552963,0.07715082461536094
MJT,1922-06-01,0.26537487808,8.31083,5.56511,47685.468585526614,0.02318618674160633,0.01759545446350863
MJT,1923-06-07,0.25883723684,8.19479,5.5875,46324.33768948545,-0.014485484868088871,-0.017343433892856863
MJT,1924-06-13,0.27799430255999996,8.13967,5.61826,49480.49797624175,0.031051362683769845,0.02719902598441659
MJT,1925-06-19,0.28128604036,8.44922,5.65072,49778.79639408783,0.027389983122456663,0.022785874308056453
MJT,1926-06-25,0.28383185479999995,8.3297,5.68417,49933.73787202001,0.0007278252885722925,-0.003981035841238434
MJT,1927-07-01,0.28234989484,8.50571,5.72563,49313.332304043404,-0.0073807804757246576,-0.012513463380490863
HDJ,1837-01-13,0.27010077899999996,5.85315,5.25998,51350.1532325218,0,0
HDJ,1838-01-19,0.25070143904,5.65192,5.2431,47815.49828155099,-0.058453781111136194,-0.05627525035726044
HDJ,1839-01-25,0.25182010984,5.71466,5.21581,48280.15396266351,-0.0010535127520118204,0.0028660330701970604
HDJ,1840-01-31,0.30171430171999997,5.84354,5.19184,58113.174080865356,0.13163930300842464,0.13558299860951006
HDJ,1841-02-06,0.32949607392,6.69765,5.17869,63625.3712657062,0.078316611415721,0.08059393434073492
HDJ,1842-02-12,0.36607652536,7.37039,5.19877,70415.98788944309,0.048271752742234275,0.045121794716771024
HDJ,1843-02-18,0.3748167774,6.62529,5.202519999999999,72045.23527059965,-0.017658195769437612,-0.018140462075993957
HDJ,1844-02-24,0.35225503820000004,6.71188,5.20393,67690.19533314246,-0.037803047081341856,-0.0380834560750708
HDJ,1845-03-02,0.38057671964,6.69227,5.20774,73079.05533686398,0.05307272002138119,0.052518943763645076
HDJ,1846-03-08,0.35438752492,6.82261,5.21203,67994.14526010018,-0.049790197498857935,-0.05049349304234252
HDJ,1847-03-14,0.38640151056000005,7.02384,5.22008,74022.14344607746,0.03911919842042688,0.03801818247713884
HDJ,1848-03-20,0.4091569014,6.9086,5.25247,77897.99873202512,0.02309872768963772,0.01877684448990946
HDJ,1849-03-26,0.39413459904,6.60816,5.30046,74358.56492455372,-0.02731224202827165,-0.03440389958711998
HDJ,1850-04-01,0.39449902492,6.46109,5.34427,73817.19578539259,0.021488503403393366,0.015504075433685705
HDJ,1851-04-07,0.31818073404,6.39715,5.33263,59666.75618597203,-0.08945686660794361,-0.08782335614755665
HDJ,1852-04-13,0.3287325028,6.44322,5.32075,61783.11380914345,0.006585341943012191,0.008249617483685912
HDJ,1853-04-19,0.37048416028000003,6.60302,5.31302,69731.36940572405,0.11891534897126,0.1202866270414713
HDJ,1854-04-25,0.41125412016,6.71467,5.3095,77456.28028251248,0.16202072912545074,0.16254909158560782
HDJ,1855-05-01,0.43302001704,6.82,5.22479,82877.97539039847,0.1004795902147535,0.11678164809859637
HDJ,1856-05-07,0.528373066,7.3569,5.13213,102953.95206278874,0.08715029062718505,0.10379690168500688
HDJ,1857-05-13,0.4844689798,7.29507,5.20082,93152.42207959513,0.04058157070571333,0.02922323570708607
HDJ,1858-05-19,0.4746529814,7.2101,5.22862,90779.78154847742,0.0639369762662052,0.05978174965017247
HDJ,1859-05-25,0.46446656828,7.18953,5.25216,88433.43848626089,0.0017151315254182453,-0.001725000584905878
HDJ,1860-05-31,0.505985376,7.19224,5.27406,95938.49444261157,0.04738781765953215,0.043980630458758885
HDJ,1861-06-06,0.48115327727999996,6.92111,5.38862,89290.63049166575,-0.0007368279210515638,-0.015411365472445704
HDJ,1862-06-12,0.5632715582,7.00586,5.43459,103645.63991027842,0.13652887827883609,0.13057112226400713
HDJ,1863-06-18,0.55646546956,7.86546,5.49007,101358.53815342973,0.0388044910974048,0.02972341796496414
HDJ,1864-06-24,0.643029907,7.68435,5.52728,116337.49457237557,0.11824594061368843,0.11256416625896004
HDJ,1865-06-30,0.66827315516,8.17253,5.46564,122268.05189511202,0.04341394347347771,0.05194405229459309
HDJ,1866-07-06,0.47289601319999996,7.6392,5.34798,88425.16486598678,-0.06787204696713389,-0.049404451529384
HDJ,1867-07-12,0.57318676636,8.05193,5.41394,105872.38986024965,0.07852748579865287,0.06861840025739241
HDJ,1868-07-18,0.5881046626,7.5534,5.46752,107563.33083372352,-0.012467166061003176,-0.019606600769868532
HDJ,1869-07-24,0.597159121,7.55758,5.50585,108459.02467375611,0.02878511211336221,0.02305132318801406
HDJ,1870-07-30,0.60570844672,8.07246,5.5689,108766.26384384707,0.006510704147687063,-0.0031837185252103772
HDJ,1871-08-05,0.64672178896,8.20459,5.61026,115274.83377953964,0.009105529601481033,0.0033298913322756807
HDJ,1872-08-11,0.73590693436,8.64965,5.66055,130006.25987934034,0.05764763945491902,0.05071337187371472
HDJ,1873-08-17,0.74848387952,8.6868,5.70787,131131.90726488165,0.002312429962236795,-0.004017690521844641
HDJ,1874-08-23,0.88794715204,9.18221,5.793419999999999,153268.21670792036,0.1196597098027381,0.10850153774349613
HDJ,1875-08-29,0.858176709,9.09884,5.87418,146093.02217500997,-0.01203564658301437,-0.023039629763369374
HDJ,1876-09-04,0.8094245874,8.98757,5.93138,136464.8003331434,-0.03485468533647029,-0.04202119885302069
HDJ,1877-09-10,0.77239874712,8.89301,5.98532,129048.8640741013,-0.02873774981728827,-0.03534640566630809
HDJ,1878-09-16,0.82929904824,8.61441,6.037209999999999,137364.6184644894,0.062314319934783535,0.05543543267487561
HDJ,1879-09-22,0.803556247,8.29983,6.07834,132199.95047990076,-0.02371004282543976,-0.02882319720175497
HDJ,1880-09-28,0.79858722892,8.44142,6.11536,130587.11652625521,-0.010518445861801728,-0.015094498990604888
HDJ,1881-10-04,0.8389905638399999,8.4898,6.15778,136248.8695341503,0.02049218985610346,0.015111074881879905
HDJ,1882-10-10,0.88209401488,8.61631,6.20472,142164.9993682229,0.06581977838643782,0.05959745792723403
HDJ,1883-10-16,0.84560659456,8.52608,6.25141,135266.53899840196,-0.02342805413899196,-0.02880873876508583
HDJ,1884-10-22,0.8469246136,8.79836,6.3006,134419.67647525633,0.0061107489360539,0.00011322193624074828
HDJ,1885-10-28,0.87630722972,8.59658,6.35162,137965.94092845605,0.016331930890636226,0.010148983528792233
HDJ,1886-11-03,0.82439234592,8.68337,6.33162,130202.43569892066,-0.04922462448624465,-0.046403018970752385
HDJ,1887-11-09,0.83323612372,8.68847,6.37057,130794.59510216513,0.0030014895035690436,-0.002303636552375976
HDJ,1888-11-15,0.8444146287200001,8.47131,6.42076,131513.18982799546,0.000592630726847343,-0.005207209051687034
HDJ,1889-11-21,0.55208761868,6.68875,6.41987,85996.69754683504,-0.2141795483346326,-0.21352719912933948
HDJ,1890-11-27,0.5978713317200001,6.89341,5.78649,103321.93293689267,0.10578631838268282,0.20389886570726157
HDJ,1891-12-03,0.5846812420799999,7.02353,5.32223,109856.44026657999,-0.003286063284838603,0.0574402440540287
HDJ,1892-12-09,0.7686589648400001,7.16661,5.30721,144832.9658784936,0.27046133201657807,0.26683408908610917
HDJ,1893-12-15,0.88779238236,8.01032,5.34095,166223.6834945094,0.12920416537921797,0.12368222208291768
HDJ,1894-12-21,0.70657448056,7.9288,5.38118,131304.74738997768,-0.15111297238801724,-0.15581577079842224
HDJ,1895-12-27,0.7533088830800001,7.91202,5.419929999999999,138988.67385372138,0.06279556403354536,0.05686619561762729
HDJ,1897-01-02,0.8447952827599999,7.85354,5.2789,160032.44667639091,0.04992804898245873,0.07255869120032132
HDJ,1898-01-08,0.9122936212,7.87565,5.04565,180807.94767770258,0.08651791844820567,0.13023909266670675
HDJ,1899-01-14,0.9261748402400001,8.14615,5.07029,182667.03487177263,0.031208358014532145,0.02743037184700614
HDJ,1900-01-20,0.95721760784,8.47756,5.10225,187606.9592513107,0.005011233057871101,0.00039685503378672493
HDJ,1901-01-26,1.19006268056,9.27376,5.14413,231343.81918030843,0.23761010367830515,0.23001298346341081
HDJ,1902-02-01,1.16271675104,9.43284,5.19513,223808.98091866806,-0.01966897908652876,-0.026993895891336273
HDJ,1903-02-07,1.0225959603600001,8.83821,5.24016,195145.9421773381,-0.03840562676528392,-0.04486842705511396
HDJ,1904-02-13,1.1861519722,9.89027,5.2835,224501.17766631965,0.31938140446409746,0.3104815151184286
HDJ,1905-02-19,0.85801489696,9.43278,5.32669,161078.43650747463,-0.4677781863313427,-0.4705306061638169
HDJ,1906-02-25,1.10184322196,9.5485,5.39524,204225.0617136587,0.21790829103032272,0.20627736999605006
HDJ,1907-03-03,0.96932147936,10.1024,5.46628,177327.4474340868,-0.08105582415210566,-0.0902727537750394
HDJ,1908-03-09,1.16262132324,11.17282,5.55186,209411.13847251193,0.17043868247576643,0.15679629067004885
HDJ,1909-03-15,1.4418267021600002,12.52358,5.64573,255383.57345462855,0.15159648802137848,0.13717913641131396
HDJ,1910-03-21,1.56757049124,13.03299,5.751369999999999,272556.01556498714,0.028374490244587935,0.013836654074444565
HDJ,1911-03-27,1.6423034804799999,13.09582,5.7685,284701.99886972347,0.009825489870229465,0.007026855438357904
HDJ,1912-04-02,1.57217964904,13.19248,5.8727,267709.8522042672,-0.025939976559584355,-0.039432640496159244
HDJ,1913-04-08,1.46637802948,13.57463,5.98773,244897.15292439706,-0.05306946653238975,-0.06693460471799706
HDJ,1914-04-14,1.67861441852,13.29651,6.109629999999999,274748.94854843913,0.07898147803478484,0.06291888256196088
HDJ,1915-04-20,1.56597778948,13.86017,6.23291,251243.44639662694,-0.03914533386644603,-0.05368421695826231
HDJ,1916-04-26,1.57751860136,13.99342,6.36138,247983.70815137596,0.0015842854772465387,-0.013457254182386302
HDJ,1917-05-02,1.65407712288,13.96979,6.48958,254881.99897065756,0.055245552216223404,0.03939994634161992
HDJ,1918-05-08,1.76790576092,15.23973,6.61958,267072.1950516498,-0.04541356955894171,-0.06004502943929246
HDJ,1919-05-14,1.79946328172,14.09841,6.7426,266879.73210927536,0.016347346377410865,0.0025885270412300265
HDJ,1920-05-20,1.8259047955199998,14.42083,6.88047,265375.0100676262,-0.033682209406719954,-0.048356064897825735
HDJ,1921-05-26,1.68502572264,14.5536,7.01834,240088.9273873879,-0.043791636986187044,-0.05819402358598336
HDJ,1922-06-01,1.72307495464,14.64395,7.16329,240542.39806569327,0.02527061560180588,0.0099495615982923
HDJ,1923-06-07,1.6787110314,14.03901,7.30748,229725.02578180167,0.01300141426322643,-0.002238875965246079
HDJ,1924-06-13,1.72727830548,12.25862,7.45261,231768.24031849246,0.08308750794361996,0.06701919157138447
HDJ,1925-06-19,1.8189343764800001,12.33092,7.60506,239174.2309041612,0.03743439989708208,0.021892576229165295
HDJ,1926-06-25,1.9860244664,12.82778,7.75326,256153.47175252732,0.09586415933225001,0.07986135893981716
HDJ,1927-07-01,2.01694148396,12.89348,7.89189,255571.41368670878,0.03480205317184626,0.02151410875000992
AST,1838-12-28,0.38850711744,12.09202,2.61636,148491.4604412237,0.008863032150096206,-0.004117924912431348
AST,1840-01-10,0.43915286375999996,11.69889,2.6151538254362077,167926.20743322786,0.12535462682157572,0.12352785111624875
AST,1841-01-09,0.45123760395999996,11.96538,2.9742799999999994,151713.22268246434,0.037675225695932735,-0.040705245764434905
AST,1842-01-22,0.42034014672000003,11.8098,2.6757020924051793,157095.27152260725,0.03336787409454556,0.01669575394073508
AST,1843-02-04,0.43228938844000003,11.49382,3.01253,143497.12316225897,0.012581006062876376,0.01566449036970785
AST,1844-01-27,0.41241688695999995,11.6794,3.01253,136900.50786548184,-0.03426223967016817,-0.034428237740086964
AST,1845-02-02,0.58973061056,12.34599,3.07231,191950.2298140487,0.16939602210463933,0.1740635636823602
AST,1846-02-15,0.6258674156799999,12.77347,3.053082395499056,204995.25875969548,0.0567692255908705,0.05680768189132013
AST,1847-02-14,0.6319062973599999,12.87338,3.3777800000000004,187077.39916750052,-0.010617288084711407,-0.06290002798401884
AST,1848-02-27,0.50852017216,12.46942,3.37778,150548.63613379202,0.06884330592175147,0.04531603524234251
AST,1849-03-12,0.5970067599600001,11.73925,3.93893,151565.71961420996,0.1292250524263574,-0.030464853765394095
AST,1850-03-04,0.58341342384,11.62815,3.9389300000000005,148114.69709794282,-0.028302900254856822,-0.028228395097640746
AST,1851-03-10,0.59696743288,11.51757,4.4605831801582125,133831.7006474535,0.024035807744700044,-0.09047426732040176
AST,1852-03-23,0.67920296236,11.52225,4.43584,153117.1012389987,0.11363211911645887,0.11234991344116785
AST,1853-03-22,0.81421413008,11.34131,4.894755857671974,166344.17604379833,0.13707661985024688,0.0789174346840329
AST,1854-04-04,0.70685240704,9.36072,4.89151,144505.97198819995,-0.025805039229762072,0.003120566140866421
AST,1855-04-17,0.8322670434,10.98081,4.887017496423191,170301.62957450765,0.15763869719941126,0.15804210391615925
AST,1856-04-09,0.8511379718400001,11.10743,5.13464,165763.90396210834,0.01865119091328249,-0.01986831595620342
AST,1857-04-15,1.0026409281200002,11.84246,5.179606896664148,193574.71486219091,0.128743857413536,0.12701928085504433
AST,1858-04-28,1.03321758852,12.01895,5.13464,201224.93271582818,0.03417291170217229,0.034193154336505716
AST,1859-04-27,1.11790523104,12.02222,5.7176,195520.0138239821,0.07442059490944075,0.008754289515816582
AST,1860-05-10,1.14172928844,11.95547,6.00527,190121.22493076912,0.019582507279602757,-0.029174298930147224
AST,1861-05-23,0.97607519048,11.63985,6.00527,162536.43724262188,-0.14331570263904436,-0.14382814655299758
AST,1862-05-15,1.1938629872000002,11.87958,6.00527,198802.54962724407,0.2242522524404844,0.22383275192929308
AST,1863-05-21,1.20566686916,11.90079,6.59353,182856.05270014695,-0.008590087276333258,-0.09965412094342585
AST,1864-06-03,1.26520796012,12.06742,6.8305,185229.18675353195,0.04463712426934752,0.007761797769710865
AST,1865-06-02,1.30889716204,12.07459,6.8305,191625.38057828858,0.03724067447793078,0.03431798071615533
AST,1866-06-15,1.2383805491200002,11.97417,6.8305,181301.5956547837,-0.028291387537695556,-0.029851817505071043
AST,1867-06-28,1.34303857532,12.00602,7.47066,179775.09019551153,0.04312899347126087,-0.0007103053628431111
AST,1868-06-20,1.31857321128,12.23606,7.55841,174451.1360563928,-0.022345770311216206,-0.0289596010811195
AST,1869-06-26,1.40641023068,12.37921,7.80069,180293.05493232008,0.07759374367839578,0.06175564948725465
AST,1870-07-09,1.53684562824,12.63811,7.849814334541609,195781.14369882664,0.07654248047115408,0.0752885366245728
AST,1871-07-08,1.85449624828,12.90765,7.80069,237734.89887176646,0.16851506727380028,0.16572733941382656
AST,1872-07-21,1.9382461342400001,13.0819,8.490907598886162,228273.13943379378,0.032158288008257596,0.003433760850348744
AST,1873-08-03,2.27860305036,13.12952,8.44286,269885.2107413839,0.14386470185340472,0.13727453770929166
AST,1874-07-26,2.60803242908,13.24341,8.44286,308903.9056765125,0.11770071073209531,0.11789215132097297
AST,1875-08-01,2.7745266354,12.85665,10.92585,253941.49063001963,0.041922782298122074,-0.1801288414925496
AST,1876-08-14,2.8472558634,12.96985,10.87002598378572,261936.43581414717,0.023999067527976647,0.02365409455228873
AST,1877-08-13,2.9530191522,12.82528,11.55516,255558.48228843216,0.009841884332261186,0.0033811375730354865
AST,1878-08-26,3.3827753133200003,13.87583,11.555159999999999,292750.19240927865,0.11015741843265325,0.11101678173715035
AST,1879-09-08,4.35046604304,14.25516,12.45755,349223.24558520736,0.22384779857851012,0.13815626010900406
AST,1880-08-31,4.86585182252,15.84159,12.872570000000001,378001.5818535071,0.10224737254905336,0.06753226296121029
AST,1881-09-06,5.61071967976,16.69753,13.77375,407348.73798057897,0.10367898427999389,0.031443346229763636
AST,1882-09-19,8.33997729292,14.93688,14.664599999999998,568714.9525333116,0.3370703975127114,0.24226581072271203
AST,1883-09-18,8.75897317932,14.52655,30.30930913990961,288986.2365020611,0.024337496879935472,-0.49928633593337113
AST,1884-10-01,9.95849403016,14.76702,32.36827,307662.2269327338,0.08318504162089169,0.009845231632415574
AST,1885-10-14,11.175041152079999,15.05645,33.07985,337820.18818344094,0.09384099165668536,0.0713635180011789
AST,1886-10-06,11.40444358612,15.43432,33.07985,344754.9969579669,0.021458810984587018,0.020686909470011283
AST,1887-10-12,12.392868571720001,15.49691,33.02392751276844,375269.3730001798,0.05199049136602163,0.05176018067985977
AST,1888-10-25,12.84472507188,15.57151,34.71104,370047.2550485379,0.023460636994901307,-0.01631867842010981
AST,1889-10-24,14.413344799879999,15.60688,37.12522,388235.9431103708,0.0800270513897745,0.023485805402947868
AST,1890-11-06,15.76597861332,15.18938,41.39295,380885.6004058662,0.09332694054933421,-0.0050324689805190115
AST,1891-11-19,17.314100324560002,15.08881,44.90491423314683,385572.5062665746,0.07006976363626638,-0.0009525472690462555
AST,1892-11-11,19.041869468959998,15.60069,45.89019,414944.2281446209,0.05748865806695713,0.02897010634404662
AST,1893-11-17,19.99517554268,15.8981,45.11115,443242.4254908154,0.031478541532572235,0.05790898298043934
AST,1894-11-30,22.20521308408,15.90703,45.11115,492233.3632390218,0.08146039109592351,0.07939868416060691
AST,1895-11-29,23.37107759428,15.90728,56.85660000000001,411053.02804388583,0.05886187213671157,-0.15709221373660565
AST,1896-12-12,26.02855980348,15.90962,58.85202,442271.30697434,0.07381115909531433,0.051009485558238365
AST,1897-12-25,30.46436350048,15.59194,60.11557,506763.2811346545,0.12240297857513704,0.0911232080278288
AST,1898-12-17,31.742150167,16.06813,61.09715,519535.6930233243,0.05393525538762178,0.038159400907247454
AST,1899-12-23,32.19167065088,16.22929,63.23201,509104.0226442272,0.027342946150836545,0.011949606720252914
AST,1901-01-05,33.685384944640006,16.23969,65.2782,516028.0912255547,0.04839884203628264,0.027624381509338436
AST,1902-01-04,36.857808207999994,16.40061,67.03943,549792.9831443973,0.06256843621684283,0.03959298166334646
AST,1903-01-17,35.54836481092,16.24372,68.79180922345935,516752.8694505874,-0.018392832749777654,-0.03406428693968189
AST,1904-01-30,34.75986148388,16.41538,70.37167,493946.8039323211,-0.053221496635059484,-0.06685921685472374
AST,1905-01-22,35.84108467212,16.52413,70.86554,505761.8226308584,0.012004822750694588,0.008443104798022016
AST,1906-01-28,35.74854257312,16.55634,70.86554,504455.9397010169,-0.004534583283804516,-0.004180422499459602
AST,1907-02-10,39.069607732479994,16.62364,74.17049813309745,526754.0156245193,0.0446232625502927,0.04070040783328732
AST,1908-02-09,38.200104310680004,16.62097,70.86554,539050.493521675,0.039109412466272975,0.04604166711327373
AST,1909-02-22,39.19426611204,16.60898,71.77744338853732,546052.6909530358,-0.009905089943260004,-0.009537638841671803
AST,1910-03-07,41.91069744524,16.68964,70.86554,591411.530134957,0.05365867334401897,0.05026936289345518
AST,1911-02-27,40.97908171812,16.96399,70.86554,578265.285470484,-0.065932184985115,-0.05932463743091798
AST,1912-03-05,29.706466499839998,14.81902,73.47272,404319.67810419976,-0.27692299909707396,-0.29019660346093124
AST,1913-03-18,40.62220273072,16.94435,73.47272,552888.2383926987,0.5297875536248604,0.5278131356937212
AST,1914-03-17,41.42826672764,17.84082,71.95584977761324,575745.6392451512,0.026808605848585465,0.03121230434395872
ALT,1839-05-10,0.0032176071200000003,11.36084,0.19692,16339.666463538493,0,0
ALT,1840-05-16,0.004546066200000001,11.33748,0.20386,22299.942117139213,-0.04000261674701566,-0.0655479476156785
ALT,1841-05-22,0.00335012496,11.48726,0.21128,15856.327906096176,0.11778221425187341,0.0862453292683103
ALT,1842-05-28,0.0034067150000000003,11.47748,0.21904,15552.935536888239,0.009932320976746567,-0.01605787737583475
ALT,1843-06-03,0.0035600614399999998,11.75702,0.22624,15735.77369165488,-0.05611513573872973,-0.07973305456652868
ALT,1844-06-09,0.0024433359599999997,11.28826,0.23409000000000002,10437.59220812508,-0.09581923012760862,-0.11919821000377284
ALT,1845-06-15,0.00505238968,6.01379,0.22885999999999998,22076.333478982786,0.35168454424569373,0.3721636699228976
ALT,1846-06-21,0.0043337824399999995,6.01768,0.21088,20550.941009104703,-0.11719098026703523,-0.05923952151495193
ALT,1847-06-27,0.0038975227199999998,5.68537,0.19455,20033.527216653816,-0.07515861561279569,-0.016711035911694427
ALT,1848-07-03,0.00331464588,5.67008,0.17847,18572.566145570687,-0.1236114295763514,-0.0661677075468784
ALT,1849-07-09,0.00306002684,6.23094,0.16485,18562.49220503488,-0.0708704681253225,-0.012224618699840706
ALT,1850-07-15,0.0025184406,6.29076,0.15111,16666.273575540996,-0.15038062653255324,-0.09459736242152983
ALT,1851-07-21,0.0021552258,6.26145,0.13941,15459.62126102862,-0.10081605577602526,-0.04311167579132158
ALT,1852-07-27,0.00181902032,6.33802,0.12906,14094.377188904386,-0.11023921612734933,-0.05657639072543541
ALT,1853-08-02,0.00145545452,6.31265,0.11939,12190.757349861799,-0.15495353972611026,-0.10476910164415665
ALT,1854-08-08,0.00111328464,6.31447,0.11071,10055.863426971368,-0.18331973801996748,-0.13521941994477937
ALT,1855-08-14,0.0007846373599999999,6.32963,0.10293,7623.01913922083,-0.23839060793250522,-0.19446709520405103
ALT,1856-08-20,0.0004468464,6.4492,0.09528,4689.823677581864,-0.3238792822051342,-0.2848696574140902
ALT,1857-08-26,0.00017022355999999998,6.28255,0.0886,1921.2591422121895,-0.5189726591334118,-0.4916559831447378
ALT,1858-09-01,0.00003810092,4.0061,0.08181,465.7244835594671,-0.7348925088563732,-0.718049917882075
ALT,1859-09-07,0.00025032176,6.71781,0.07605,3291.54188034188,6.97612112258598,6.242895177439205
ALT,1860-09-13,0.00022607936,6.69278,0.07097,3185.5623502888543,-0.0758918148834371,-0.02585765819470598
ALT,1861-09-19,0.00020284732,6.84836,0.06621,3063.696118411116,-0.08476223276084816,-0.03676806936911081
ALT,1862-09-25,0.00007090616,6.07563,0.06128999999999999,1156.8960678740416,-0.5139348567244477,-0.4838723488099439
ALT,1863-10-01,0.00006883240000000001,6.14992,0.05698000000000001,1208.009828009828,-0.035066289429115716,0.02147364776846339
ALT,1864-10-07,0.0000671034,6.3332,0.05301,1265.8630447085454,0.008128923390891218,0.06298663583134623
ALT,1865-10-13,0.0000527982,6.31224,0.049550000000000004,1065.5539858728557,-0.2002163125079527,-0.15835536690892937
ALT,1866-10-19,0.0000458666,6.57161,0.04629,990.8533160509829,-0.17440483261873663,-0.13069712430298408
ALT,1867-10-25,0.00004411576,5.69442,0.04317,1021.9078063470002,-0.08044021394252576,-0.031059074495687455
ALT,1868-10-31,0.000035762999999999996,5.78445,0.04023,888.9634601043996,-0.13901006924189008,-0.09114622037498687
ALT,1869-11-06,0.0000340704,5.89968,0.03744,910,-0.04732824427480897,0.0044020209829171986
ALT,1870-11-12,0.0000323778,7.03403,0.03508,922.9703534777651,-0.049679487179487336,-0.0015472986199667194
ALT,1871-11-18,0.0000289926,7.16883,0.03299,878.8299484692332,-0.10455311973018555,-0.06019022122772144
ALT,1872-11-24,0.0000273,7.24395,0.03096,881.782945736434,-0.05838041431261731,-0.012769619846617508
ALT,1873-11-30,0.000025607399999999998,7.37157,0.02914,878.7714481811942,-0.06200000000000072,-0.017527567538137112
ALT,1874-12-06,0.000027081600000000002,7.92963,0.02753,983.712313839448,1.0862666260534075,1.2231182637497664
ALT,1875-12-12,0.00007829640000000001,8.23044,0.02588,3025.363214837713,1.9787057851905558,2.122492688190472
ALT,1876-12-18,0.00008229779999999999,8.31303,0.02447,3363.2120964446262,-0.10912854086128199,-0.06988518646223707
ALT,1877-12-24,0.0000628836,8.25614,0.02316,2715.181347150259,-0.20473187795457815,-0.1717013539431268
ALT,1878-12-30,0.0000540618,8.02225,0.02195,2462.9521640091116,-0.12870861931144761,-0.093201418710534
ALT,1880-01-05,0.0000516126,7.35472,0.0207,2493.36231884058,-0.02416197758861094,0.020627860535724407
ALT,1881-01-11,0.000047182200000000004,7.39119,0.01946,2424.573484069887,-0.06495838287752698,-0.02145883957004857
ALT,1882-01-17,0.00004131972,7.55299,0.01821,2269.0675453047775,-0.08540547295504519,-0.038678617298100515
ALT,1883-01-23,0.0000771108,7.86061,0.01728,4462.430555555556,0.9274271908020104,1.0038252124011664
ALT,1884-01-29,0.0000681798,7.35438,0.0163,4182.809815950921,-0.09701935396857508,-0.05396442278211644
ALT,1885-02-04,0.0000613002,7.53363,0.01527,4014.420432220039,-0.09745669131352752,-0.051964625910375206
ALT,1886-02-10,0.000048512360000000004,7.80747,0.01441,3366.5759888966,-0.15064568576720305,-0.11155629525050925
ALT,1887-02-16,0.00004482452,7.81075,0.01358,3300.7746686303385,-0.003988355764484419,0.04249226795934913
ALT,1888-02-22,0.000041995199999999994,8.0858,0.01282,3275.7566302652103,-0.06482900893502153,-0.02293539590652216
ALT,1889-02-28,0.0000368082,8.37088,0.01214,3031.976935749588,-0.10971309155818698,-0.07335229628664575
ALT,1890-03-06,0.000022595559999999998,8.57324,0.00865,2612.2034682080925,-0.2431753624111005,-0.15859983554481194
ALT,1891-03-12,0.00002071472,8.35272,0.00823,2516.976913730255,0.06818065008774066,0.10657343224651283
ALT,1892-03-18,0.000019936800000000002,8.26053,0.00783,2546.206896551724,-0.024205910901362038,0.010435253342937933
ALT,1893-03-24,0.00001868464,8.50673,0.00742,2518.145552560647,-0.06666266105881591,-0.027053498595757786
ALT,1894-03-30,0.00001885884,9.23153,0.00701,2690.2767475035666,0.007619051689869094,0.04191131159701511
ALT,1895-04-05,0.00001162044,8.12592,0.00674,1724.100890207715,-0.32166548750674206,-0.3006905907048647
ALT,1896-04-11,0.00001162044,8.275,0.00636,1827.1132075471698,0,0.03610314350488664
ALT,1897-04-17,0.000009570600000000001,8.40901,0.00599,1597.7629382303842,-0.047416188970020534,-0.002867667406393992
ALT,1898-04-23,0.00001520116,8.9684,0.007259999999999999,2093.823691460055,0.6742836976421029,0.4072207079094541
ALT,1899-04-29,0.0000154518,9.20516,0.006960000000000001,2220.0862068965516,0.01460599788828909,0.04653613303659965
ALT,1900-05-05,0.0000137592,9.24215,0.006680000000000001,2059.760479041916,-0.10954063604240305,-0.0820043826103023
ALT,1901-05-11,0.0000137592,9.26093,0.006390000000000001,2153.239436619718,-0.006197183098592074,0.02764417078139214
ALT,1902-05-17,0.00001003496,9.07894,0.00608,1650.4868421052631,-0.23832199546485233,-0.21023415430984593
ALT,1903-05-23,0.0000033852000000000002,6.77777,0.00576,587.7083333333334,-0.6243908501025236,-0.6088638255839304
ALT,1904-05-29,0.0000118482,9.31578,0.005510000000000001,2150.3085299455533,2.5,2.6275261699533172
ALT,1905-06-04,0.000011383839999999999,10.42344,0.00528,2156.030303030303,-0.02090264062614322,0.012357317283713698
ALT,1906-06-10,0.0000101556,11.35294,0.00508,1999.1338582677163,-0.13765755606805297,-0.11265529165334487
ALT,1907-06-16,0.000008462999999999998,12.40606,0.00495,1709.6969696969693,-0.07520325203252054,-0.05426883298023433
ALT,1908-06-22,0.0000067704000000000004,12.81171,0.00478,1416.4016736401672,-0.19999999999999996,-0.17998588769187263
ALT,1909-06-28,0.0000050778,13.13146,0.00464,1094.353448275862,-0.2500000000000002,-0.23618027740222625
ALT,1910-07-04,0.0000050778,18.06236,0.00448,1133.4375,0,0.02286780122917964
ALT,1911-07-10,0.00000491296,15.36961,0.0044,1116.581818181818,-0.03413551800648562,-0.02002426229790788
ALT,1912-07-16,0.0000033852000000000002,14.68345,0.00417,811.7985611510792,-0.310965283657917,-0.2773526325804594
ALT,1913-07-22,0,14.9312,NaN,0,-0.5301075268817204,-0.5213637205721584
ALT,1914-07-28,0,15.16331,NaN,0,NaN,NaN
ALT,1915-08-03,0,15.2977,NaN,0,NaN,NaN
ALT,1916-08-09,0,15.67015,NaN,0,NaN,NaN
ALT,1917-08-15,0,15.77777,NaN,0,NaN,NaN
ALT,1918-08-21,0,16.08174,NaN,0,NaN,NaN
ALT,1919-08-27,0,16.20604,NaN,0,NaN,NaN
ALT,1920-09-02,0,20.05,NaN,0,NaN,NaN
ALT,1921-09-08,0,22.27635,NaN,0,NaN,NaN
ALT,1922-09-14,0,22.51445,NaN,0,NaN,NaN
ALT,1923-09-20,0,22.68914,NaN,0,NaN,NaN
ALT,1924-09-26,0,22.81065,NaN,0,NaN,NaN
ALT,1925-10-02,0,23.13253,NaN,0,NaN,NaN
ALT,1926-10-08,0,23.17791,NaN,0,NaN,NaN
ALT,1927-10-14,0,23.37694,NaN,0,NaN,NaN
NAS,1915-09-21,0.38455838304,10.22922,4.85416,79222.43663991298,0,0
NAS,1916-09-27,0.43261588136,9.35069,4.89017,88466.42987053619,-0.15533625073459423,-0.16023606858785067
NAS,1917-10-03,0.04911731656,7.78031,4.85663,10113.456565560893,-0.004837553520370741,0.0009221958919891637
NAS,1918-10-09,0.11161526063999999,2.97779,4.35728,25615.81092791833,0.5523406389764804,0.7064865554997459
NAS,1919-10-15,0.20154923204,8.45237,4.3477,46357.66774156451,0.3403337786372771,0.3414154634121094
NAS,1920-10-21,0.25469482376,9.15947,4.35974,58419.72772688279,0.15027579395065338,0.14739252570449946
NAS,1921-10-27,0.27733593784000005,9.78411,4.37025,63459.9709032664,0.037667646187506953,0.03596450140482732
NAS,1922-11-02,0.27613925248000004,8.04986,4.35544,63401.00023878185,0.008907457915106276,0.011617643171820458
NAS,1923-11-08,0.26943412287999996,8.20674,4.35799,61825.319213674185,0.003097366288740133,0.0021964748480014507
NAS,1924-11-14,0.27620281728,8.03476,4.35082,63482.93362630493,0.014236975064697122,0.015586808947103847
NAS,1925-11-20,0.27707456764000005,8.54902,4.34395,63784.01400568607,0.05295902547354303,0.053468338337499643
NAS,1926-11-26,0.22775510263999998,6.94712,4.30817,52865.85780969646,-0.1300242047611574,-0.12503938153625538
NAS,1927-12-02,0.22819491552,7.59957,4.22639,53992.86755836541,0.019489284783511973,0.03484880518989053
WAD,1837-01-13,0.12204696036,6.12751,3.2005999999999997,38132.525264013,0,0
WAD,1838-01-26,0.0822027258,7.10922,3.2006,25683.536149471973,-0.2639177359053291,-0.26010371474193794
WAD,1839-02-08,0.08075405208,7.22905,3.2006,25230.910479285132,-0.016458581310511144,-0.015191722313231626
WAD,1840-01-31,0.079201382,7.42033,3.2006,24745.792038992688,-0.02467638675892303,-0.02453394860888214
WAD,1841-02-06,0.08659949948,7.24444,3.2006,27057.270349309503,-0.14369655351974941,-0.13526068454203832
WAD,1842-02-19,0.0833992848,7.21842,3.2006,26057.39073923639,-0.03157410725225651,-0.032212107432841974
WAD,1843-02-18,0.0811817708,7.73402,3.2006,25364.54752233956,-0.03281368281775443,-0.0298779306188085
WAD,1844-03-03,0.08393336536,6.90118,2.2372839719272735,37515.740698619,0.4375711855716935,0.4237951229824013
WAD,1845-03-16,0.08253695112,7.73362,3.2006,25787.96198212835,-0.03469791853635129,-0.03832298033716941
WAD,1846-03-08,0.08267354264,7.55925,3.2006,25830.638830219334,0.0024220209333543075,0.0012536861749954387
WAD,1847-03-14,0.086777184,7.51324,3.2006,27112.78635255889,0.2427563084976221,0.2569782051406986
WAD,1848-03-27,0.08292846640000001,7.63108,3.203222367857331,25889.07571080422,-0.027132742776502794,-0.027523884708348212
WAD,1849-03-26,0.07690598863999999,7.86207,3.2006,24028.616084484158,-0.05587416722634131,-0.016473208445770493
WAD,1850-04-08,0.07999115332,7.53023,3.2006,24992.549309504466,-0.283893323322034,-0.290271365747215
WAD,1851-04-21,0.08003314644,7.76288,3.2006,25005.669699431353,-0.005968264045104865,-0.004475839245496105
WAD,1852-04-13,0.07917938860000001,7.64211,3.2006,24738.92038992689,-0.0007355768910310978,-0.0011830709032040199
WAD,1853-04-19,0.08163442092,7.39809,3.2006,25505.974167343622,0.013161399907257287,0.011671238885041513
WAD,1854-05-02,0.08403784844000001,7.42408,3.2006,26256.904467912267,-0.11984479343840337,-0.11383670471301066
WAD,1855-05-01,0.08421478988,7.74257,3.198734283389196,26327.53533712429,0.0029908457301659475,0.0029401861600446555
WAD,1856-05-14,0.0816607246,8.04963,3.2006,25514.1925264013,-0.009570604459028242,-0.01484878766909059
WAD,1857-05-27,0.13059012979999998,6.5062,3.85152,33906.12791832835,0.5429896192101451,0.2801422369381674
WAD,1858-05-19,0.13945804288,6.41044,3.85152,36208.572947823195,0.0601584539821578,0.05978545465829699
WAD,1859-05-25,0.09073518636000001,7.84,3.7405511955891035,24257.170030715224,-0.13682550285428274,-0.1808677691596069
WAD,1860-06-07,0.09314618196,8.47186,4.01104,23222.451523794327,0.008685530795981444,0.006722425251685538
WAD,1861-06-06,0.09129696316,8.12276,4.01104,22761.41927280705,-0.013826874065103967,-0.01373711333558536
WAD,1862-06-19,0.1596356138,7.87088,4.23343,37708.33905367515,0.6510030863413596,0.6479302004740879
WAD,1863-07-02,0.12200702228,8.28069,4.300295872862728,28371.773916751295,-0.07302815471454849,-0.08639508158347997
WAD,1864-06-24,0.12503525268000001,7.96731,4.36211,28663.938479313907,0.010572013229659394,0.009363856460498088
WAD,1865-06-30,0.13115001276000002,7.97553,4.36211,30065.72799860618,0.04215253870648317,0.041828259248562816
WAD,1866-07-13,0.13830900876,8.0016,4.65126,29735.81540485804,0.07024039919794389,0.0032063492956837525
WAD,1867-07-12,0.14288903772,8.00634,4.65126,30720.50105132803,0.022621698975180404,0.0226213351751281
WAD,1868-07-25,0.14846348139999999,8.01177,4.65126,31918.981394288858,0.025881064192777803,0.02905705749302534
WAD,1869-08-07,0.15346879132,8.01626,4.92291,31174.405244052803,0.021429952192093538,0.00746936682128907
WAD,1870-07-30,0.15858978876,8.02637,5.06212,31328.729615260007,0.030338292747954743,0.0007556911668347155
WAD,1871-08-05,0.16238827592,8.24499,5.16613,31433.25389024279,0.022325543277853077,0.0021416041452693158
WAD,1872-08-18,0.19113921424,9.8359,5.16613,36998.52970018176,0.12062320302463503,0.1252119029429335
WAD,1873-08-17,0.19122060776000002,10.04375,5.16613,37014.284921207945,-0.015462070835195352,-0.013353389300431062
WAD,1874-08-30,0.18800407183999998,10.12614,5.160790942504757,36429.31363322255,0.0007376178071027972,0.0019361149691483615
D00,1858-02-17,0.44531474884,9.86571,18.18229,24491.675627217475,0,0
D00,1859-02-23,0.54458345396,9.89264,18.58411,29303.714515249856,0.13803123310782905,0.12281343538759204
D00,1860-03-01,0.92425734752,9.29639,22.91843,40328.12664392805,0.3995299413365867,0.33728837415325774
D00,1861-03-07,1.06684259916,9.27424,23.13574,46112.317961733665,0.13959385751802356,0.12959379635183366
D00,1862-03-13,1.5246022386400002,8.98575,27.47913,55482.187341447854,0.2928349256714171,0.09261665673150254
D00,1863-03-19,1.55200959784,9.20072,27.66494,56100.23364735293,0.015110046337917904,0.00968968095623457
D00,1864-03-25,1.56862634344,9.28849,28.17015,55683.989735233925,0.009633440509000613,0.0005025641800810998
D00,1865-03-31,1.63100250924,9.23902,28.45974,57309.114884394585,-0.009927087749179497,-0.01717629497291484
D00,1866-04-06,1.798942184,9.72606,24.902570000000004,72239.21804054761,0.10452301446170531,0.2657641580240784
D00,1867-04-12,2.36956871684,10.09094,25.49665,92936.47270680658,0.2627333423070586,0.235306864296706
D00,1868-04-18,2.6616539289600003,9.93018,40.98492,64942.27459660773,0.07866021691782898,-0.30288586319068733
D00,1869-04-24,3.08306053952,9.48841,41.76614,73817.22465901804,0.1367774775778261,0.11947314791263186
D00,1870-04-30,4.1836960568,9.16179,42.52691,98377.61682661637,0.27739153523842264,0.2648889474483407
D00,1871-05-06,4.97508444784,9.12485,43.05583,115549.61193037039,0.13181847694154492,0.12031597244828429
D00,1872-05-12,5.3787259942,9.1416,43.551,123504.07554820784,0.07915000357331903,0.07080601214546789
D00,1873-05-18,5.461459773640001,8.99102,38.20133,142965.1735591405,-0.0017637928782294754,0.06787908530230813
D00,1874-05-24,5.68961841344,9.10473,44.40541,128128.94675310959,0.0010830042983214216,-0.12472453259012639
D00,1875-05-30,5.90518902376,9.37622,44.59229,132426.2338570188,0.020496425977124533,0.01602415739650387
D00,1876-06-05,7.30822574768,9.78813,44.74275,163338.7699164669,0.21529739903326273,0.21224016863138795
D00,1877-06-11,7.98323986148,10.43308,45.13577,176871.68871783954,-0.00982007837041643,-0.015674945384236194
D00,1878-06-17,8.422183068,10.34991,45.79439,183912.9873331646,0.03369319280831706,0.022471277857571748
D00,1879-06-23,9.46152182456,10.82294,46.471,203600.56432097437,0.0856391670090586,0.07380148797989983
D00,1880-06-29,10.038065765,11.24208,47.20416,212652.14262895475,0.05132039461746274,0.03878698012331783
D00,1881-07-05,10.697618174359999,11.33654,47.90393,223313.99896334182,0.039658345007558715,0.028258095128699257
D00,1882-07-11,11.08659960564,11.34627,48.7735,227307.85376567193,0.02882394274539024,0.01654012592313925
D00,1883-07-17,12.637653054,11.35539,49.33484,256160.81969658763,0.12273890867310966,0.11325088861733912
D00,1884-07-23,12.94654121384,11.53233,49.97723,259048.7950980877,0.0060187170530745515,-0.004008695054565803
D00,1885-07-29,14.51773832236,11.51598,50.58959,286970.8634199249,0.04754303977403418,0.03802478096405104
D00,1886-08-04,13.77787135816,11.5412,51.19995,269099.3127563601,-0.03458791095832925,-0.04270141296463836
D00,1887-08-10,15.596885786040001,11.60154,52.12719,299208.2593755773,0.08867379334561587,0.07293614059472686
D00,1888-08-16,15.849469260560001,12.43699,52.81056,300119.3181924221,0.014264959171914171,0.004330433894187857
D00,1889-08-22,15.97940418412,12.66267,53.56687,298307.59542455996,-0.019745277014292295,-0.030252291854845015
D00,1890-08-28,16.225069887,12.47844,54.20578,299323.61248191615,0.032137753457392115,0.023090059126001483
D00,1891-09-03,16.59972312388,12.32977,55.06396,301462.57413887413,0.014747072211244827,0.001202925264687904
D00,1892-09-09,16.983067218,12.23605,55.32978,306942.6124231833,0.014223996526747884,0.011053666184846378
D00,1893-09-15,17.01632708152,12.4568,55.8872,304476.2858314605,-0.01731550784499647,-0.025126563502332888
D00,1894-09-21,18.947099333239997,12.58996,56.60897,334701.3615199146,0.12126160334956415,0.11072650264101358
D00,1895-09-27,19.50639889224,12.82553,57.34668,340148.7042011848,0.020266358423935538,0.010728455826805261
D00,1896-10-03,19.18392184488,12.75204,58.08740000000001,330259.6061259412,-0.006287571881593457,-0.016016951359781983
D00,1897-10-09,19.287948844840002,12.7868,58.81094,327965.3215003875,0.01725116879165478,0.007897911267257474
D00,1898-10-15,19.8162281018,12.92644,59.58140999999999,332590.78799578594,0.031585534435971896,0.02138864136887797
D00,1899-10-21,21.26733481964,12.94483,60.42651,351953.7173277093,0.05578747716368215,0.044414279897575515
D00,1900-10-27,22.6392875592,12.73645,61.303169999999994,369300.4384471472,0.056177499648708995,0.04452462723482409
D00,1901-11-02,23.27290436744,12.89337,62.187079999999995,374240.1857015959,0.030361338935137816,0.018992972063283098
D00,1902-11-08,25.858102504,12.98263,63.05784,410069.588555523,0.0713953884015408,0.05983492602609464
D00,1903-11-14,25.68542454504,12.79489,63.78116,402711.78111279255,0.005531023048195305,-0.0029142335747769366
D00,1904-11-20,27.19292116268,13.01577,64.56365,421180.0473281793,0.04939662541299272,0.039702691365608445
D00,1905-11-26,29.54540267068,13.0637,65.43986,451489.3930194839,0.06514070190440502,0.054435680677000775
D00,1906-12-02,29.676898044039998,13.25432,66.36657,447166.3677065125,-0.013769145772754565,-0.024024990986595274
D00,1907-12-08,29.01842635952,13.17627,67.34386,430899.3627558622,-0.019389123304469846,-0.030106090845762656
D00,1908-12-14,29.039356268,13.25644,68.35266,424846.03039589094,-0.018541922385687637,-0.029611911242890088
D00,1909-12-20,30.27018471828,13.18485,69.30745,436752.24984153936,0.056478935852862344,0.04576435325524586
D00,1910-12-26,30.14094093088,13.17197,70.2378,429127.06449917285,-0.005422613830695755,-0.015887592806654194
D00,1912-01-01,31.46128739052,13.41018,70.4148,446799.35738679935,0.15312780469012566,0.15248309033922114
D00,1913-01-07,21.63456514856,12.58778,71.25056,303640.63312007656,-0.26763823136745846,-0.2741466557349753
D00,1914-01-13,29.9015734004,14.21355,72.29768,413589.6670598559,0.23443624708462418,0.22079691280953373
D00,1915-01-19,32.15530501872,14.62099,73.46595,437689.9096618229,0.0397459021811688,0.0271395924580331
D00,1916-01-25,33.48618047996,14.46825,74.70189,448264.1668097018,0.014037012739639643,0.0013011049543170117
D00,1917-01-31,34.590635349399996,14.58342,75.8965,455760.6128003267,0.023608524388748053,0.011043297826812237
D00,1918-02-06,35.13801659108,15.20273,77.06177,455972.09343984706,0.005054946519641446,-0.006279114244014616
D00,1919-02-12,35.3450987864,15.52881,78.25133,451686.87594702863,-0.0027997600333009576,-0.01449532961633171
D00,1920-02-18,35.97677682924,15.85025,79.38868,453172.6290100806,0.019508588477340938,0.008379931147323383
D00,1921-02-24,37.75673743764,15.96092,80.61333,468368.4129862889,0.045685606948673296,0.03401355903351577
D00,1922-03-02,38.65255769856,16.27523,81.8361,472316.71228907537,0.021306342573759407,0.009630856372838226
D00,1923-03-08,39.05248220848,16.38841,83.08579,470026.008159518,0.012253498027878562,0.000865498625563621
D00,1924-03-14,40.91929603528,16.44566,84.41013,484767.5988092898,0.04987596784586512,0.03719929973017555
D00,1925-03-20,42.651520137199995,16.53633,85.71332,497606.6746358676,0.029827669607800367,0.018021612228360073
D00,1926-03-26,42.27220743824,16.53919,86.99189,485932.73968688346,-0.0035921021102344186,-0.014456770206554448
D00,1927-04-01,41.73226817604,16.75765,88.14274,473462.3427413307,0.006783784988778407,-0.0030284013093923035
D01,1869-05-08,1.7265236482,11.58926,43.04485,40109.87721411505,0.03535706278383288,0.0231654651827089
D01,1870-05-21,1.9656537674799999,11.00606,43.057746125657296,45651.57130481347,0.12772276858821985,0.12587590994639974
D01,1871-05-20,2.09144828984,10.73045,45.5048,45961.0478419859,0.05493710509573324,0.014764961287716982
D01,1872-06-02,2.27370175292,10.65418,45.5048,49966.195938010926,0.0620651135870276,0.05765599256974929
D01,1873-06-15,2.3681516482,10.76211,45.5048,52041.7988475941,0.028509406788755243,0.027317694043033303
D01,1874-06-07,1.74528164252,10.50849,45.5048,38353.79218280269,-0.23794053207905153,-0.2390430502440236
D01,1875-06-13,1.8922382185200002,10.83971,45.5048,41583.26634816547,0.10045157983115693,0.09724932202136727
D01,1876-06-26,1.90508156904,11.04615,45.5048,41865.50801322058,0.10587407812712657,0.09986896382817645
D01,1877-06-25,2.03510315892,11.13667,45.14468895071671,45079.5698502136,0.05718645170794523,0.057331726878710354
D01,1878-07-08,1.34318452632,11.65185,45.5048,29517.425113834142,-0.220121772292591,-0.21493238306417461
D01,1879-07-21,1.44286327744,11.84371,45.5048,31707.93580984863,0.05315340209952879,0.06920102455718435
D01,1880-07-13,1.73994537912,11.82237,41.23274,42198.15076853976,0.14108605940714147,0.2575311467427459
D01,1881-07-19,2.05128135316,11.85979,41.23227134644318,49749.41438284238,0.10382292710572805,0.09923595480153535
D01,1882-08-01,2.04272643172,11.75342,47.87309,42669.61735120921,-0.02110635923416959,-0.033709651855295175
D01,1883-07-31,2.2368863119199998,11.58371,48.96787,45680.694543585414,0.10688110212678215,0.09745894000291533
D01,1884-08-13,2.4966250582,11.55448,48.96787,50984.96336883757,0.08495928510682393,0.09022455626676229
D01,1885-08-26,2.8939458142400003,11.58515,49.47026102935378,58498.69707626654,0.11908423167222448,0.11962658179177743
D01,1886-08-18,2.59846867332,11.20848,48.96787,53064.7682515086,-0.008218382032855742,-0.01176826071592929
D01,1887-08-24,3.10477042564,11.09825,48.96787,63404.23681160729,0.1767392916471482,0.17595984380668606
D01,1888-09-06,3.41385258084,11.26684,48.96787,69716.17472518205,0.08756335319337971,0.09011077046232385
D01,1889-09-05,3.56840744936,11.33951,48.96787,72872.4253139865,0.02791831177064963,0.02468425762471682
D01,1890-09-18,3.91978881268,11.33792,48.96787,80048.17878907129,0.07692220528497762,0.07837401145226242
D01,1891-10-01,4.67590517108,11.3799,48.96787,95489.24980972217,0.15250956401232463,0.14982775075958
D01,1892-09-23,5.07234536848,11.4824,48.96787,103585.17469679608,0.052067282468902576,0.051286955598947026
D01,1893-09-29,5.9026926498800005,11.52985,48.96787,120542.15651773296,0.14803386947263197,0.14724840499502645
D01,1894-10-12,6.83108113376,11.4762,48.96786999999999,139501.29204639696,0.11629374142364401,0.11650975893009274
D01,1895-10-11,7.6656363581199995,11.45118,48.96787,156544.20660159408,0.10429548377813602,0.0986901410484553
D01,1896-10-24,9.154616130920001,11.43112,49.41198358137616,185271.17244429872,0.14595808486728212,0.14942188928209332
D01,1897-11-06,9.30551190504,11.34173,48.96787,190033.0135870725,0.010565861847874336,0.01216848286171035
D01,1898-10-29,8.77400410484,11.86683,48.96787,179178.79835982245,-0.045741649616767965,-0.04430979124301593
D01,1899-11-04,9.16959460144,12.11117,48.96787,187257.37103615084,0.03760440742763049,0.03692586476752746
SOK,1857-08-26,4.14805033812,8.05317,70.62029,58737.37332599456,-0.010976495784355222,-0.007939053001601026
SOK,1858-09-08,4.06761744532,8.04404,70.62029,57598.424550791286,-0.007173624624233321,-0.008270338466274563
SOK,1859-09-07,4.2876937922,7.35592,70.62029,60714.75764543023,0.030184566748769903,0.010524924891702314
SOK,1860-09-20,4.1948165948,8.01963,70.62029,59399.59457544001,-0.003045086787501594,-0.0030235109336824717
SOK,1861-10-03,4.8655337406,7.45367,70.62029,68897.10790765657,0.05773783384956643,0.04224565135900882
SOK,1862-09-25,4.880760700400001,8.41829,70.62029,69112.72525785437,-0.008034172053411837,-0.012109431320609598
SOK,1863-10-01,4.42570137412,8.04522,75.11339,58920.27205961547,-0.10501168826064733,-0.14097767036074393
SOK,1864-10-14,4.42991970148,7.85641,75.11339,58976.43151880112,-0.0004779806657304597,0.0009800190050723856
SOK,1865-10-13,4.51570350036,7.84593,75.11339,60118.48886543398,0.04363586962095223,0.031122007147115438
SOK,1866-10-26,5.33476296132,7.36439,76.24084149402881,69972.5089175179,0.1699811366564461,0.1690307520267924
SOK,1867-11-08,4.66520555488,8.00998,75.11339,62108.84044615747,-0.07000335418524006,-0.06806498787956006
SOK,1868-10-31,5.1780630600399995,8.2265,75.11339,68936.61782592957,0.0496080683929192,0.05215858914905547
SOK,1869-11-06,5.4034236162400004,7.76905,75.11339,71936.88923160039,0.03568142668169383,0.03621973175325466
SOK,1870-11-19,5.5288113264800005,7.59007,81.78854317372263,67598.8483464799,-0.01638794656209097,-0.020057296338042097
SOK,1871-11-18,6.08138797448,8.12333,75.11339,80962.76808276128,0.07370719550009763,0.06902159514769912
SOK,1872-12-01,6.037401567080001,7.76725,75.11339,80377.16800000641,-0.01790784590765604,-0.018352819780991902
SOK,1873-12-14,5.669819273040001,7.97277,75.11339,75483.46936598123,0.0005570739451692397,0.008916642162561939
SOK,1874-12-06,5.7631583542,8.18841,75.11339,76726.11173853291,0.027111864557956222,0.02678059119866183
SOK,1875-12-12,5.94136729784,8.32093,75.11339,79098.64403457227,-0.03090239839579867,-0.0264068924643448
SOK,1876-12-25,5.997401709,8.10768,75.11339,79844.64166775059,0.019145552547390476,0.027997725945088536
SOK,1877-12-24,6.66212014884,8.22874,74.57382296853494,89335.90747588413,0.06672016159213134,0.062404007217823576
SOK,1879-01-06,6.78063576216,8.21435,75.11339,90271.99760468808,0.0173438921468001,0.025507418269382853
SOK,1880-01-19,6.6645905482000005,8.95233,75.11339,88727.06381911402,-0.023412113396328316,-0.02459350083834355
SOK,1881-01-11,6.66687807032,8.29178,88.1721,75612.10485312247,-0.0029775364843780405,-0.15048537424512587
SOK,1882-01-17,6.82354838152,8.33478,88.88140406258437,76771.38377241782,0.033172262433514454,0.03257060375338905
SOK,1883-01-30,6.9335543108,8.2618,88.1721,78636.60172322084,0.02131078711723644,0.02110401102707904
SOK,1884-01-29,7.08218081428,8.26578,89.58743039185077,79053.2866419196,0.010933881384331379,0.010876079640723013
BUL,1909-07-05,3.7471367065599996,13.65095,27.5507,136008.76589560337,0,0
BUL,1910-07-11,3.38629905016,12.79176,27.50844,123100.3666569242,-0.1322997143507718,-0.13242691809593887
BUL,1911-07-17,3.16496399596,13.09812,27.72097,114172.19512737107,-0.040987998205955556,-0.04862715562662001
BUL,1912-07-23,4.39784550712,12.98292,28.08533,156588.7068843414,0.18966962223254935,0.1779342497489782
BUL,1913-07-29,3.73866806352,13.04873,28.482470000000003,131262.0732513718,-0.09627406631626079,-0.10568695779600235
BUL,1914-08-04,4.1135097187600005,13.17029,28.87542,142457.1389354683,0.03321687102349502,0.022540722663935142
BUL,1915-08-10,4.23694231584,13.44567,29.27657,144721.2674107657,0.013018633412166247,0.002520421428008568
BUL,1916-08-16,4.44013834108,13.56984,29.7269,149364.3246043146,0.013323994568108732,0.0016820858285571116
BUL,1917-08-22,4.396962043239999,13.65592,30.171799999999998,145730.8494435201,0.014579588424285861,0.0031825052546794463
BUL,1918-08-28,4.71540177056,13.33545,30.60471,154074.3817066066,0.061577171164704625,0.050162388313083284
BUL,1919-09-03,4.70812323592,13.63955,31.02324,151761.17117103178,-0.0029182074726816776,-0.013075227952931257
BUL,1920-09-09,4.504764382039999,13.22244,31.396009999999997,143482.06609820802,-0.018933276505084917,-0.027958701876069192
BUL,1921-09-15,5.3750693048,12.99721,31.34101,171502.74687382442,0.3327081890432637,0.33858441117249316
BUL,1922-09-21,6.834184867639999,13.90484,31.77367,215089.5652796797,0.23649683624940598,0.2238126812200123
BUL,1923-09-27,7.82549495884,14.38202,32.27372,242472.6668893453,0.09139243983572531,0.07854579565293873
BUL,1924-10-03,9.29345388764,14.91957,32.7893,283429.4689926287,0.13407476592751344,0.12056462982537997
BUL,1925-10-09,8.881905942,15.39759,33.30337,266696.91211429954,-0.03178094078290483,-0.043148991212907606
BUL,1926-10-15,8.18799480304,15.68086,33.83561,241993.414720172,-0.05040723665068869,-0.06164994448482086
BUL,1927-10-21,7.50128701504,15.11557,34.34629,218401.66769220197,0.04974383129800475,0.038258906561050354
MEW,1837-01-13,0.32269405532,8.70767,6.715470000000001,48052.341134723254,0.1801909379038409,0.1655517608566619
MEW,1838-01-19,0.33209353684000004,8.57996,6.82226,48677.93617364334,-0.009497842232173648,-0.021671460763367567
MEW,1839-01-25,0.43760095444,9.188,6.94412,63017.481616101104,0.31311018617560715,0.2948853157585387
MEW,1840-01-31,0.45881279651999995,8.95927,7.08768,64733.84753826358,0.055872248304772665,0.04039370503861517
MEW,1841-02-06,0.46349548700000004,8.99554,7.22885,64117.45810191109,0.011677079785888278,-0.003649843829974131
MEW,1842-02-12,0.49461847655999996,8.62279,7.3467400000000005,67324.89193302063,0.02672513256576514,0.014242296731913573
MEW,1843-02-18,0.53759897828,8.63855,7.45712,72092.03798249191,0.062432066224637595,0.05154415485696884
MEW,1844-02-24,0.63779541124,8.67717,7.574270000000001,84205.52888133113,0.11515287149282805,0.10190143706716337
MEW,1845-03-02,0.69189504384,8.40611,7.65863,90341.8814905538,-0.02339412049226197,-0.03082957016767074
MEW,1846-03-08,0.7444675601999999,8.42013,7.76402,95886.86791121094,0.03445700180014266,0.023217271423326746
MEW,1847-03-14,0.84106937668,8.37239,7.89204,106571.85932661264,0.11721726784671804,0.10314973149273388
MEW,1848-03-20,0.95082047008,7.89132,8.0078,118736.79038937038,0.08189279892628831,0.07068787151744171
MEW,1849-03-26,0.96814079492,8.70573,8.1326,119044.43780832698,0.02550683811705623,0.013195156557147092
MEW,1850-04-01,1.01832662724,8.81783,8.26713,123177.76873473624,0.057142360583759766,0.04387846553087926
MEW,1851-04-07,1.2021003155199999,8.55135,8.3828,143400.81065037934,0.07465864709736048,0.06359976724368299
MEW,1852-04-13,1.20457544064,8.66978,8.43849,142747.74759939278,0.009092257351979827,0.004499036502387588
MEW,1853-04-19,1.3149721124799998,8.64432,8.50173,154671.12134589077,0.02435560733199038,0.01904078441823609
MEW,1854-04-25,1.26626352996,8.07864,8.54018,148271.2928720472,-0.02241867246343765,-0.02507495812897209
MEW,1855-05-01,1.29011703132,8.68087,8.64179,149288.17193197244,-0.001157096175574246,-0.010543074308790756
MEW,1856-05-07,1.3474218981600001,8.62683,8.75532,153897.5043927578,0.01410156596833545,0.0044076003865316515
MEW,1857-05-13,1.36322747548,8.65306,8.85454,153958.02328297123,-0.04220552594663807,-0.0505907045092735
MEW,1858-05-19,1.52432391904,8.90913,8.96935,169948.09200666714,0.08262183199711415,0.07201534263695342
MEW,1859-05-25,1.43116176268,9.06429,9.08983,157446.48279230745,-0.007771374400709186,-0.017448088892686786
MEW,1860-05-31,1.5472019524,8.98058,9.18029,168535.19359410217,0.060904250636243384,0.05229444164815611
MEW,1861-06-06,1.7655367522,9.21372,9.21175,191661.38379786685,0.10307639715667594,0.10015600803327707
MEW,1862-06-12,1.68505823148,8.90342,9.18852,183387.33892727012,-0.07133454229240932,-0.07001526576919526
MEW,1863-06-18,1.82823436796,9.27459,9.15365,199727.36208616232,0.07088587457782403,0.07225437627352949
MEW,1864-06-24,1.8505549712,9.48403,9.07689,203875.44315288606,0.009020064319593457,0.01650745584987301
MEW,1865-06-30,1.7047852395599998,9.2109,9.11404,187050.4451988361,-0.07517886816501607,-0.07895382905565995
MEW,1866-07-06,1.69960557208,9.42313,8.98522,189155.69925722465,0.0038721236690013594,0.014026522927061524
MEW,1867-07-12,1.7112636985599998,9.79229,8.8407,193566.53868585065,0.019224499719570298,0.03026078817304856
MEW,1868-07-18,1.74896996768,9.83766,8.77487,199315.76965584676,0.00875715266994681,0.01314937609122846
MEW,1869-07-24,1.69564241236,9.75433,8.74589,193878.7718985718,-0.00021570678927462783,0.00287745416853169
MEW,1870-07-30,1.75184558536,9.85625,8.69596,201455.11080547748,0.02030510149802489,0.025787095880096755
MEW,1871-08-05,1.8036889967199998,9.77887,8.82485,204387.4962996538,0.034190777098342284,0.02248320484053079
MEW,1872-08-11,1.828402134,9.80266,8.91696,205047.69944016795,0.011767534883705189,0.0044789781416580965
MEW,1873-08-17,1.8248563335599999,9.84969,9.07072,201180.97941067524,0.006384544017051574,-0.0062786267897173564
MEW,1874-08-23,1.76435848784,10.40192,9.23363,191079.6174245665,-0.016734644663328746,-0.03010601753017117
MEW,1875-08-29,1.87974825324,11.39553,9.3927,200128.63747804146,0.07279964406740413,0.05934534501856481
MEW,1876-09-04,1.86824808716,11.10469,9.54506,195729.3183238241,-0.013607178779122764,-0.026915101363454097
MEW,1877-09-10,1.7819836834799998,10.48108,9.48363,187901.01295390056,-0.04571980804676101,-0.0419464677373621
MEW,1878-09-16,1.90440034668,10.63187,9.4592,201327.84449847767,0.04064998441396095,0.042869597280120963
MEW,1879-09-22,1.6730538718399999,11.4414,9.56305,174949.8195492024,-0.12112815815391986,-0.13005945932207552
MEW,1880-09-28,1.60680369252,10.84956,9.56453,167996.09521011487,-0.004784432377816339,-0.004508158588710454
MEW,1881-10-04,1.6964212683600002,10.69905,9.61527,176429.91495402626,0.027850113089553874,0.023582480423057994
MEW,1882-10-10,1.8197032854,10.82786,9.61493,189258.08980408593,0.043302434953059965,0.043980677715094396
MEW,1883-10-16,1.7810388726,10.91231,9.62227,185095.49956507143,0.006333093622240993,0.006235865486901249
MEW,1884-10-22,1.7568508952800002,10.86361,9.64755,182103.32107944504,0.005839277815683941,0.004156647686684556
MEW,1885-10-28,1.6782400986,10.96608,9.66189,173696.87489714744,-0.03302995118050922,-0.034375310815275784
MEW,1886-11-03,1.68453899432,10.93469,9.6702,174198.9818535294,0.05554031481759214,0.05540823320918076
MEW,1887-11-09,1.7112398758,10.93836,9.77703,175026.55466946505,-0.04732411029609751,-0.055720792603281666
MEW,1888-11-15,1.74638012848,10.93544,9.9271,175920.47309687623,0.00961369028897896,-0.0021111646309585064
MEW,1889-11-21,1.74972468684,10.54471,10.08032,173578.28787578174,0.002917512140105938,-0.008482662347611858
MEW,1890-11-27,1.87689794812,10.54909,10.2286,183495.09689693604,0.05647745698033946,0.044959143922008504
MEW,1891-12-03,1.8626970284,10.56477,10.37418,179551.25401718495,-0.0030957536295358468,-0.013855638830087447
MEW,1892-12-09,1.9258380179999999,10.55126,10.53736,182762.856920519,0.026882021872451478,0.015035491875779794
MEW,1893-12-15,2.02552693252,10.54644,10.69988,189303.705510716,0.03879000718506265,0.02691137005143851
MEW,1894-12-21,1.7687715234799999,10.93435,9.49746,186236.26985320286,-0.06348973777256661,0.0013928696897616
MEW,1895-12-27,2.00659025736,10.36818,10.99825,182446.3216748119,0.14108474433570328,-0.010916661063219646
MEW,1897-01-02,2.0783259406,10.48099,11.14612,186461.83071777446,0.027742111051373364,0.017282741541394753
MEW,1898-01-08,1.99665222744,10.6723,11.29618,176754.639837538,-0.028468469729250878,-0.03819306134322964
MEW,1899-01-14,1.91712092052,10.5455,11.20438,171104.59664167048,-0.02489090395247473,-0.017867929952970818
MEW,1900-01-20,1.87096223548,10.3611,11.05107,169301.45546811307,-0.039643336697536835,-0.029269369095013098
MEW,1901-01-26,1.63075777228,10.19023,10.86136,150143.05503914796,-0.07827783019770085,-0.06675211659852076
MEW,1902-02-01,1.7079755586399998,9.40625,10.6604,160216.83601365803,0.07900022307936183,0.0928328934649798
MEW,1903-02-07,1.56569955308,8.72137,10.34718,151316.5474148512,-0.035008833933311,-0.01394422414160279
MEW,1904-02-13,1.5498382827200001,8.42303,10.09033,153596.39206249945,0.00015241374271512953,0.017629079615862464
MEW,1905-02-19,1.56105189968,8.37576,9.97837,156443.57742597238,0.003267707485647753,0.007136169539702308
MEW,1906-02-25,1.5040062122800002,8.23558,9.94092,151294.4689505599,-0.024429101427331124,-0.02183890888242157
MEW,1907-03-03,1.4145691377999998,8.18906,9.69687,145878.942153499,-0.02498005660212599,-0.015041359095409379
MEW,1908-03-09,1.48337060768,8.26347,9.72449,152539.68153394162,0.03343957387030283,0.02961505540316045
MEW,1909-03-15,1.4558957218,8.36316,9.74605,149383.157463793,0.0013644149794056482,-0.00007395412764243936
MEW,1910-03-21,1.33015521652,8.47387,9.81049,135584.99285152933,0.022551992959768175,0.017548778364106843
MEW,1911-03-27,1.27054263804,8.43292,9.73709,130484.84075221654,-0.024833965488189613,-0.0232647737689069
MEW,1912-04-02,0.98093215584,8.32602,8.39518,116844.68419259624,0.09543262451743306,0.26374565706850017
MEW,1913-04-08,1.04111388316,8.12218,9.61101,108325.12744862401,-0.0512494877244436,-0.12411629210401143
MEW,1914-04-14,1.1116819402,8.15406,9.62075,115550.44463269497,0.02966561847508653,0.028624219066150758
MEW,1915-04-20,1.19531602268,7.75407,9.55492,125099.53224935426,0.05003117033975735,0.052805627533151656
MEW,1916-04-26,1.15419946512,7.80485,9.18347,125682.28187384509,-0.015012958609216365,0.016771017096984808
MEW,1917-05-02,1.25389106544,8.03078,9.17471,136668.19609993123,0.08235236216220954,0.0824893054148701
MEW,1918-05-08,1.09647214924,8.02221,8.80477,124531.60607716045,-0.09013226243113803,-0.06051145274725467
MEW,1919-05-14,1.02423289072,8.14955,8.47564,120844.31272682652,-0.04148061832032457,-0.013733345534808095
MEW,1920-05-20,1.0098078660799998,8.34357,8.18334,123398.0093800331,-0.02641396281849029,-0.002081407476272612
MEW,1921-05-26,0.96438251728,8.58601,8.16667,118087.60697811961,-0.06052608563687811,-0.06173515289867271
MEW,1922-06-01,0.87468571476,9.28627,8.0656,108446.45342689943,-0.08033761197808276,-0.06789228271756453
MEW,1923-06-07,0.89089220792,8.81871,8.06853,110415.67769097963,0.028466234488735198,0.02489151542738255
MEW,1924-06-13,0.94115662004,8.97599,8.12446,115842.35998946392,0.0318582221475785,0.026550236587574938
MEW,1925-06-19,0.94157571872,9.04987,8.18815,114992.48532574513,0.000010661527892308342,-0.006333818213604014
MEW,1926-06-25,0.83279663688,7.37686,8.17825,101830.66510316999,-0.13124047469940725,-0.11571436379454281
MEW,1927-07-01,0.7285246841599999,7.02175,7.75718,93916.1762599295,-0.07726853430928371,-0.04683664282478728
KOT,1837-01-13,0.0619927074,8.46303,3.2544299999999997,19048.71433707285,0,0
KOT,1838-01-19,0.06194074536,9.23317,3.3270499999999994,18617.317251018172,0.00241798986590247,-0.014753758137734496
KOT,1839-01-25,0.06341694892000001,9.201,3.4088399999999996,18603.67424695791,0.01647798784029053,-0.0014125747667015354
KOT,1840-01-31,0.06728831096,9.1943,3.4872600000000005,19295.4672034778,0.05448349534772423,0.03620634813756207
KOT,1841-02-06,0.06913604048,9.1833,3.5659399999999994,19387.88663858618,0.016477116491351973,-0.0010017233740861053
KOT,1842-02-12,0.1229050342,8.93549,3.64338,33733.79504745593,0.733903939606918,0.706500108094755
KOT,1843-02-18,0.1311009258,8.29655,3.7094399999999994,35342.51148421325,0.04085144596606605,0.026226221006345085
KOT,1844-02-24,0.12203892479999999,8.19503,3.75364,32512.154815059515,-0.0437821822717428,-0.05325678838731562
KOT,1845-03-02,0.13516951759999998,8.13461,3.81492,35431.809212250846,0.08216712099209023,0.07027374740731163
KOT,1846-03-08,0.13471858608,8.3326,3.8882499999999998,34647.61424291134,-0.007637755350324182,-0.022061499185568767
KOT,1847-03-14,0.13504079368,8.21653,3.9779599999999995,33947.247755130775,-0.013666097752411899,-0.030634749001913986
KOT,1848-03-20,0.12550153668,8.27955,4.06487,30874.674142100488,-0.07992573623818777,-0.0937696993150201
KOT,1849-03-26,0.11550259396,8.32545,4.17323,27677.02569951812,-0.04903161450194049,-0.06731220418894268
KOT,1850-04-01,0.12352062268,8.37764,4.30871,28667.657530908327,0.04662605841371459,0.020215831151735086
KOT,1851-04-07,0.12197391024,8.37953,4.47191,27275.57357818024,-0.009264479655104907,-0.035598894766223244
KOT,1852-04-13,0.12865079344,8.39602,4.59957,27970.178394936916,0.01512681422296347,-0.0052295001487076
KOT,1853-04-19,0.15164686732,7.37416,4.69105,32326.849494249687,0.14422076427404718,0.1287585986631421
KOT,1854-04-25,0.18324977632,7.45167,4.76845,38429.631498705035,0.16656820445257736,0.15196679936710789
KOT,1855-05-01,0.17915490943999998,7.45779,4.85161,36926.89837806419,0.0008607340996629187,-0.011697805199534339
KOT,1856-05-07,0.18625140352,7.44367,4.93166,37766.47285498189,0.05411435166395728,0.040872932018051866
KOT,1857-05-13,0.17955053064,7.44495,5.0129,35817.69647110455,-0.03966195522677929,-0.051631360394562176
KOT,1858-05-19,0.20842927404,7.47385,5.10025,40866.48184696829,0.09762184343697156,0.08383400040847233
KOT,1859-05-25,0.21215680616000002,7.46743,5.18502,40917.25898067896,0.005387815259485507,-0.007273983492791958
KOT,1860-05-31,0.20991652448,7.45148,5.26853,39843.47141992168,-0.014773283428315853,-0.0269425188764012
KOT,1861-06-06,0.201721312,7.46211,5.35801,37648.550861233925,-0.04443621996682667,-0.0559665676165898
KOT,1862-06-12,0.20822749948,6.53676,5.39353,38606.9048433957,-0.016554569971101385,-0.021499450783484253
KOT,1863-06-18,0.21854994407999997,7.295,5.378,40637.77316474525,0.06639279103996709,0.06895532640836466
KOT,1864-06-24,0.30585165468,7.334,5.41191,56514.549332860304,0.29634838841236144,0.29077877947818265
KOT,1865-06-30,0.33237720152,7.3187,5.48905,60552.77352547344,0.07156670290237566,0.059715711235589275
KOT,1866-07-06,0.5785346174399999,7.10214,5.46611,105840.28082859657,0.7277700970102379,0.7340509676823774
KOT,1867-07-12,0.63277262308,6.89009,5.41233,116913.16366149146,0.11199747295137263,0.11782429534985939
KOT,1868-07-18,0.67078870768,6.38501,5.42379,123675.27276682909,0.02227553534048443,0.019471102580807864
KOT,1869-07-24,0.64525512844,6.50146,5.41178,119231.58894855296,0.005808825370102744,0.00658655057317592
KOT,1870-07-30,0.7018318351199999,6.14231,5.38665,130290.96657848568,0.07558968633943874,0.08031216034485822
KOT,1871-08-05,0.7446400208,6.33688,5.37202,138614.5287619927,0.06731737758755996,0.06911564157440475
KOT,1872-08-11,0.7220955013999999,6.58931,5.366780000000001,134549.1153727188,0.0388610462165786,0.04016622631677902
KOT,1873-08-17,0.7484521907199999,6.67548,5.368599999999999,139412.91784077787,0.04759835674597457,0.047303649905103384
KOT,1874-08-23,0.75465102024,6.85255,5.36831,140575.15684451902,-0.02018160745869968,-0.020551532452185328
KOT,1875-08-29,0.75511700836,7.9485,5.38167,140312.76692179195,0.023831418115751957,0.022255333960374157
KOT,1876-09-04,0.7450818034400001,7.6364,5.40994,137724.5964724193,-0.04287706436999539,-0.0469936489492816
KOT,1877-09-10,0.7679937569199999,6.82403,5.41693,141776.57029350573,-0.036174639874301584,-0.03758020658590855
KOT,1878-09-16,0.73503932476,6.82872,5.33074,137886.9209077914,-0.029999800447779168,-0.01712206942042449
KOT,1879-09-22,0.747045598,7.41247,5.337699999999999,139956.46027315137,-0.04545791250127584,-0.047231965510924345
KOT,1880-09-28,0.61415227016,8.33496,5.3358,115100.31675849919,-0.05374797601778869,-0.05232847488331316
KOT,1881-10-04,0.67843359324,8.30764,5.34851,126845.34444920173,0.05221853239952923,0.05060156680780237
KOT,1882-10-10,0.7272434384800001,8.27387,5.35069,135915.82365638824,0.048249093000448884,0.04749127197650704
KOT,1883-10-16,0.7246066489999999,8.076,5.32258,136138.2354046346,-0.012577148257158166,-0.00883853774459964
KOT,1884-10-22,0.63511858644,8.027,5.30026,119827.81720896711,-0.08812775943821849,-0.08558667030303813
KOT,1885-10-28,0.66420483376,8.39087,5.22539,127111.05463132894,0.03268863146354373,0.044743128261076626
KOT,1886-11-03,0.65126039212,8.70025,5.15676,126292.55426275413,0.0329818949911187,0.038489547936494395
KOT,1887-11-09,0.6173079057599999,8.33812,5.15762,119688.52023995564,-0.02028428386167791,-0.02138629020302263
KOT,1888-11-15,0.6412402438000001,8.78254,5.17712,123860.41733627963,0.03565294749208392,0.03305978908320495
KOT,1889-11-21,0.61351768504,8.79019,5.19581,118079.3148787196,-0.02499867986811022,-0.027790925413057943
KOT,1890-11-27,0.6543837794,8.77755,5.20958,125611.6192476169,0.050785087762768466,0.048365657693301145
KOT,1891-12-03,0.58094880948,8.62638,5.22746,111134.0516197159,-0.11486549988550898,-0.11683389670859634
KOT,1892-12-09,0.59117663748,8.69566,5.24067,112805.54537492344,0.011865202207724135,0.010056829070510753
KOT,1893-12-15,0.6352827026,8.74589,5.27222,120496.24306269464,0.06397994326626755,0.05874989483984061
KOT,1894-12-21,0.6736315455999999,8.77612,5.30809,126906.5795041154,0.040967833582407076,0.035853929092977355
KOT,1895-12-27,0.6323391297600001,8.85357,5.33838,118451.50209614153,-0.056292188915274544,-0.060493922061399585
KOT,1897-01-02,0.7327309080000001,8.89538,5.37963,136204.70329743868,0.11239852004700013,0.10614113989808427
KOT,1898-01-08,0.7002216494,8.98822,5.41844,129229.38140867112,-0.04288459789892063,-0.04824465349735907
KOT,1899-01-14,0.74396832692,9.03016,5.4561,136355.33199904693,0.06972169300207565,0.0637694895409413
KOT,1900-01-20,0.8160517513200001,9.0551,5.501470000000001,148333.40022212244,0.06222133331315005,0.05605179436533314
KOT,1901-01-26,0.7790476668,9.07993,5.50142,141608.4695951227,-0.029828445598504838,-0.029286426561064838
KOT,1902-02-01,0.7905853914400001,9.27391,5.44285,145252.099808005,0.02423564134470202,0.032868179224714966
KOT,1903-02-07,0.53809518724,6.25607,5.37873,100041.3084947562,-0.3246235866675171,-0.06281006329948857
KOT,1904-02-13,0.63971541868,8.01937,5.26456,121513.55833725895,0.01897562560294075,0.03533587916051517
KOT,1905-02-19,0.6148016289999999,8.32391,5.04985,121746.51306474449,-0.026411894549902892,0.004098287192850103
KOT,1906-02-25,0.61887575568,8.51615,4.85509,127469.47135480495,0.033130575023880615,0.06288558073356998
KOT,1907-03-03,0.6507236106800001,8.76479,4.71627,137974.20645552524,0.02824677999687708,0.04962827774043865
KOT,1908-03-09,0.61242123592,8.83462,4.74685,129016.34471702286,-0.010260585095470454,-0.015693248333471632
KOT,1909-03-15,0.63086408008,8.85659,4.776810000000001,132068.070549174,0.0378172503938865,0.032794145114095175
KOT,1910-03-21,0.60851402924,8.83841,4.80441,126657.38961495792,0.009219528704993207,0.004555428132582584
KOT,1911-03-27,0.50203866024,8.72819,4.74892,105716.38609199565,-0.028648372373366815,-0.03041365548867825
KOT,1912-04-02,0.60769895368,8.54534,4.64874,130723.36884403086,0.19649865182873993,0.2071764657641728
KOT,1913-04-08,0.56197520912,9.2475,4.68096,120055.54611019962,-0.054079533719054274,-0.0586598741248362
KOT,1914-04-14,0.5838349925199999,9.26332,4.71469,123833.16665995006,0.014576202093319335,0.008953691245678685
KOT,1915-04-20,0.60330862228,9.28187,4.74761,127076.28096663374,0.032042832733513826,0.026529905028416234
KOT,1916-04-26,0.63589013124,9.2418,4.78365,132929.9031576307,0.03109168573727028,0.025302888148149183
KOT,1917-05-02,0.61701079128,9.22267,4.81661,128100.63328357496,-0.008830361150616417,-0.014126373006215887
KOT,1918-05-08,0.6282480276800001,9.21027,4.77848,131474.44954881052,0.020751816265939027,0.026318506766243255
KOT,1919-05-14,0.6069032533200001,9.2662,4.77552,127086.31799678359,-0.040621339956566804,-0.04017750412809207
KOT,1920-05-20,0.59781188532,8.78081,4.67712,127816.2384800903,-0.03106385932987954,-0.014284234476636515
KOT,1921-05-26,0.6075387156800001,8.94392,4.67602,129926.45790223309,0.03065147238285193,0.0266915317409262
KOT,1922-06-01,0.61902685052,8.95223,4.70599,131540.19675349927,0.011956968913090282,0.006999332439022954
KOT,1923-06-07,0.66246854648,8.9259,4.73413,139934.5912511908,0.03946520180147317,0.03469636870261139
KOT,1924-06-13,0.6642518974,8.82407,4.76333,139451.16072159604,-0.05974138962599451,-0.06399418743971319
KOT,1925-06-19,0.70649344584,8.77754,4.78689,147589.23765534617,0.06128112843864475,0.057071301731713486
KOT,1926-06-25,0.61509131476,8.19637,4.80475,128017.3400822103,-0.07799886265129141,-0.0805141288362008
KOT,1927-07-01,0.54586628668,8.13617,4.71792,115700.62372401397,-0.07415247825283766,-0.0649149148329794
BIC,1839-05-17,45.9869285018,9.69094,1176.8858344059938,39075.09730968157,0.07319323119952936,0.07317966071052084
BIC,1840-05-30,49.069049165239996,9.62168,1186.25586,41364.64216517337,0.04433331781334249,0.043220378561751316
BIC,1841-05-29,50.1761715,9.59116,1161.6083471152124,43195.42953062419,0.02291395742540958,0.02033615467083627
BIC,1842-06-11,52.380385832840005,9.45133,1186.25586,44156.06076149542,0.04453089038080349,0.043792791553876054
BIC,1843-06-24,54.9147730144,9.1316,1175.2644014761795,46725.46275155176,0.04050334622573737,0.04137048492953821
BIC,1844-06-16,56.82642062552,9.10104,1186.25586,47904.01678228169,0.08190309395752804,0.0794143181682776
BIC,1845-06-22,61.30470736832,9.10414,1216.477033147032,50395.28548247593,0.053869384890713246,0.05244070269605605
BIC,1846-07-05,63.2249211698,9.07131,1186.25586,53297.878899245225,0.033105927357964804,0.033043012965625174
BIC,1847-07-04,64.65597827623999,8.47701,1186.25586,54504.24352486655,0.028556728512159957,0.029837943758812324
NET,1848-02-20,4.2736974409999995,10.96171,39.64756,107792.19303785654,0.052181169967356444,0.05452371669279876
NET,1849-03-05,4.3623096415600005,10.8189,39.64756,110027.1906155133,0.0010010174954906415,-0.0009260572890026353
NET,1850-03-04,4.7544486932800005,11.04989,39.64756,119917.81318396391,0.07550026646239227,0.07074730351604108
NET,1851-03-17,4.96051728432,11.00499,39.63539468058539,125153.72495457476,0.027858793108624935,0.028936318495165425
NET,1852-03-30,5.12362146088,11.02684,39.64756,129229.17478099535,0.028431162778141505,0.028758432278744195
NET,1853-03-22,5.13632486484,10.6671,39.64756,129549.58299678467,-0.0014045878319786098,-0.0002589348389768764
NET,1854-03-28,5.22321293156,10.55671,39.64755999999999,131741.09406884058,0.019072342211042814,0.021748509229780222
NET,1855-04-10,5.38308233996,10.64983,39.922788753360045,134837.33246232555,0.02402776394046846,0.024500927712231002
NET,1856-04-09,5.9279395167199995,10.90953,39.64756,149515.87226855828,0.07909236056501312,0.0735442572050986
NET,1857-04-22,6.08229128364,11.00271,39.586015314914725,153647.47462592908,0.022031020203855833,0.023505275787290447
NET,1858-05-05,6.4873974183200005,11.18844,39.64756,163626.64987000462,0.01933826140624806,0.025219112958036805
NET,1859-04-27,6.88894118432,11.35267,39.64756,173754.48033422485,0.03811073349066563,0.03807723508563088
NET,1860-05-03,6.9386087737199995,11.17344,39.64756,175007.2078513785,0.008090968742753946,0.009118764712740646
NET,1861-05-16,2.34000402584,9.8758,39.64756,59020.12698486363,-0.4309938101920917,-0.4068868173494843
NET,1862-05-15,5.14130901804,11.488,39.64756,129675.2944705803,0.8476098033053079,0.7956054157727028
NET,1863-05-28,5.67083408476,11.73558,39.64756,143031.09913346497,0.0671858791589861,0.06664310019260644
NET,1864-06-10,6.24977571504,11.94611,39.64756,157633.29988125374,0.10018389688592921,0.09778587835763619
NET,1865-06-02,6.54349349472,12.22491,39.64756,165041.51818472563,0.04807444551951545,0.04840778000704393
NET,1866-06-08,7.4836765822,12.56651,39.64756,188755.03516988183,0.11756669315844093,0.11601742296796114
NET,1867-06-21,7.39509222556,12.81833,39.64756,186520.73987806565,0.017512357842140114,0.019392032300069362
NET,1868-06-20,7.84854987852,12.99568,40.23785710082441,195053.87324314535,0.016421489785753085,0.013748276579620855
NET,1869-07-03,8.12033659736,13.37716,39.64756,204813.02247502748,0.03758409990504852,0.03558609923271061
NET,1870-07-16,8.06596233872,13.31335,39.42422480901272,204594.06311208056,0.0015935597010816593,0.0026018736702175804
NET,1871-07-08,8.15226491716,13.3096,39.64756,205618.32599938056,0.017065942984315186,0.017224995802809007
NET,1872-07-14,8.85578155436,13.73088,40.02186924543679,221273.56171325553,0.0596117794065647,0.05644533645769845
NET,1873-07-27,9.04648787952,13.63791,39.64756,228172.6259956477,0.023922386384850336,0.025178970909591536
NET,1874-07-26,9.41250442444,13.56634,39.64756,237404.38060854186,0.044798322672689794,0.04361762779103007
NET,1875-08-08,9.13683313556,13.63159,39.64756,230451.33510258893,-0.018485380045563327,-0.022298850790460123
NET,1876-08-21,10.45928222196,14.02209,40.06930588135269,261029.7830696265,0.131567489429961,0.13016481073544028
NET,1877-08-13,10.775891120279999,14.11955,39.647560000000006,271792.03765074065,0.025588315445399523,0.02673460249176629
NET,1878-08-19,11.3115558166,14.35526,39.64756,285302.6974825185,0.029818670534394798,0.028479219673380962
NET,1879-09-01,11.77958064192,14.43873,39.64756,297107.32872136397,0.023432870824486862,0.021290992517179586
NET,1880-08-31,11.16915215988,14.44642,39.64756,281710.95925903134,-0.031339523798884494,-0.030824975582033898
NET,1881-09-13,11.95282710232,14.6448,39.64756,301476.9913285963,0.06424715016995175,0.06342714618237455
NET,1882-09-26,12.31222614908,14.63629,39.64756,310541.8378603879,-0.0064202171144057685,-0.010222686415416349
NET,1883-09-18,12.69272431856,14.68128,39.64756,320138.8513835404,0.026396856730758866,0.025723485427836756
NET,1884-09-24,13.39985598068,14.95086,39.64756,337974.29099495657,0.03570796806698495,0.04001194388801088
NET,1885-10-07,13.69729631192,15.16546,39.64756,345476.40036158595,0.026172253144395308,0.023527676648912754
NET,1886-10-06,14.35537751232,15.28875,39.64756,362074.6777940433,0.04572031580696101,0.052047071969789194
NET,1887-10-19,14.39589087872,15.31511,40.04980329962176,359449.7274061758,-0.011060645575953987,-0.01092584034865951
NET,1888-11-01,15.490698660320001,15.2067,39.64756,390710.0124274987,0.07878742215374346,0.08006031848621276
NET,1889-10-24,15.639723701160001,15.4424,39.64756,394468.7567446774,0.01062255552641056,0.010640860718064804
NET,1890-10-30,15.77274511488,16.03123,39.64756,397823.853848257,0.015114619176968658,0.017223105178968412
NET,1891-11-12,16.304831491,15.90551,39.2193876223861,415733.96423184685,0.038986754231344234,0.03884344620519675
NET,1892-11-11,16.528743254920002,15.88514,39.64756,416891.8151563426,0.026112399823041255,0.02595910626067255
NET,1893-11-24,16.68423703284,15.85957,39.64756,420813.71546798846,0.014618586253690058,0.020711121451927106
NET,1894-12-07,16.55898316072,15.76595,39.64756,417654.5331092254,0.03409439883120724,0.03981491852072638
NET,1895-11-29,12.86893579608,13.83139,39.64756,324583.2983437064,-0.3907892791540164,-0.39787288406647614
NET,1896-12-05,14.36599829184,15.32382,39.64756,362342.55757075595,0.0656844051869574,0.06835573570783926
NET,1897-12-18,16.04206926764,15.90586,39.64756,404616.8104075005,0.09267241811115912,0.0918375407495502
NET,1898-12-17,15.689225929,16.10463,39.62051028624328,395987.4775880281,-0.0353598968409109,-0.0367034651834901
NET,1899-12-30,16.00682998096,16.20758,39.64756,403727.9969047276,0.01743449835249744,0.01930289718598277
NET,1901-01-12,17.365433703279997,16.26852,39.64756,437995.0166739138,0.05961846567575835,0.06255066554424538
NET,1902-01-04,17.5133753704,16.76499,39.64756,441726.43588659685,0.014752803960592198,0.015412130312086214
NET,1903-01-10,17.171765662480002,16.84911,39.23116516176694,437707.25625082606,-0.018356471897706617,-0.018059832274296972
NET,1904-01-23,17.0230930922,16.62864,63.64259,267479.57762561203,-0.01135381720625972,-0.01010946909545507
NET,1905-01-22,17.486189624279998,16.2769,67.33276257977447,259698.08684981134,0.020377906470579354,0.005660842356215445
NET,1906-02-04,17.06495077612,16.28663,67.13857,254175.07069513097,0.012688404071033998,-0.004848658136584083
NET,1907-02-17,17.910792189160002,16.40911,66.81833932863135,268052.04033984884,0.05469478300926656,0.046933576465503
NET,1908-02-09,17.816418269,16.26928,67.70774,263137.098786638,0.03723731125730012,0.03761513060898625
NET,1909-02-15,16.23340750668,16.15024,63.32732290810599,256341.2877919414,-0.004287682373489754,-0.0200172612060473
NET,1910-02-28,10.14895106368,12.76931,70.37671,144208.94446017724,-0.4066864926886111,-0.40435220344480527
NET,1911-02-27,12.76836905864,13.43448,70.37671,181428.8996834322,0.22221026732914528,0.21391205504599897
NET,1912-03-12,12.14994147328,13.44184,70.03479,173484.37074316922,0.14735960417443295,0.1753552376448293
NET,1913-03-25,14.82232242504,13.67161,70.03479,211642.27700318655,0.1804896882864897,0.174112221888036
NET,1914-03-17,17.62633963428,14.35283,72.84361,241975.09753127283,0.23604483878559313,0.2077550081373254
LAH,1837-01-13,0.12557945608,6.93964,0.72728,172670.0254097459,0,0
LAH,1838-01-19,0.12053218060000001,8.92303,0.70939,169909.61332976221,0.2604690108100851,0.27576586554065474
LAH,1839-01-25,0.11960922896,9.24872,0.72159,165757.88045843208,0.0013287780743349575,-0.013291013438878396
LAH,1840-01-31,0.10318259796,9.9072,0.69056,149418.7296686747,-0.1406150428030849,-0.11391580354130026
LAH,1841-02-06,0.10363139072,9.78998,0.70654,146674.48512469218,0.0010729192398248877,-0.02192962615745453
LAH,1842-02-12,0.06700112536000001,9.81325,0.70018,95691.2870404753,-0.2640874228730521,-0.25886810170340313
LAH,1843-02-18,0.11278615192000001,9.37632,0.72002,156643.0820254993,0.6182357025949894,0.5888644647851853
LAH,1844-02-24,0.09826076051999999,9.76554,0.7020999999999998,139952.65705739925,-0.12974510144790152,-0.10565400913312584
LAH,1845-03-02,0.09768759987999999,9.61259,0.67959,143744.90483968274,-0.00247877674524577,0.022337486480377144
LAH,1846-03-08,0.09281267995999999,7.62119,0.6636099999999999,139860.27932068534,0.3264484221024053,0.34549838802441335
LAH,1847-03-14,0.07876576032,7.75559,0.63259,124513.12907254304,-0.026444041360946913,0.010213029299929621
LAH,1848-03-20,0.05743924888,7.903,0.60995,94170.42196901386,-0.06376383130129859,-0.04231613931716438
LAH,1849-03-26,0.04394964392,8.33943,0.57876,75937.59748427673,-0.20456950504191207,-0.17168323869694946
LAH,1850-04-01,0.052906481160000005,7.91637,0.5552,95292.65338616715,-0.23429651676500884,-0.21427258766814083
LAH,1851-04-07,0.03640392652,8.51092,0.52408,69462.53724622195,-0.3001338331476415,-0.2757023931121416
LAH,1852-04-13,0.03256861192,8.40074,0.49952,65199.81566303651,-0.09449911444548043,-0.06165921552182985
LAH,1853-04-19,0.02395008824,8.19924,0.47344,50587.3779993241,-0.122388298619172,-0.0894582365930221
LAH,1854-04-25,0.014040564200000001,6.84158,0.43999,31911.098434055322,-0.2597503561787837,-0.2206802525885765
LAH,1855-05-01,0.01483873976,6.54323,0.39758,37322.65144121938,-0.0385979619090171,0.03999644450997697
LAH,1856-05-07,0.00992000568,5.87437,0.35534,27916.94062025103,-0.3418334041888683,-0.3143433366865723
LAH,1857-05-13,0.02142250188,3.94851,0.37719,56794.988944563745,0.9035777683148245,0.8116944199148219
LAH,1858-05-19,0.02212495116,3.71652,0.38398,57620.06135736236,0.01952088733432822,0.008200686964798365
LAH,1859-05-25,0.01626608152,5.61772,0.3814,42648.35217619297,-0.15196461114656812,-0.13431882431651232
LAH,1860-05-31,0.01412446204,7.34768,0.39957,35349.15544210026,-0.03815060512955293,-0.08031361558131878
LAH,1861-06-06,0.01767215268,7.9515,0.4531299999999999,39000.1824641935,0.19842373444240802,0.08113972651048473
LAH,1862-06-12,0.01800178952,7.85199,0.45282,39754.84634070933,0.0016906540763030886,0.015832031329983787
LAH,1863-06-18,0.01764258808,7.83643,0.44432,39706.94112351459,-0.0019121465597715659,0.01217874521743667
LAH,1864-06-24,0.01752263604,7.9465,0.43647,40146.25527527665,-0.016066730475020274,-0.0024379753006898985
LAH,1865-06-30,0.01530150596,7.65994,0.42952,35624.66464891041,-0.1023912875697588,-0.09193617232157336
LAH,1866-07-06,0.009028948759999999,6.74096,0.36684,24612.770581179804,-0.19807559537419683,-0.13758956606574968
LAH,1867-07-12,0.016411173480000003,7.78327,0.4156,39487.90538979788,0.7592067308911188,0.5807949355925219
LAH,1868-07-18,0.01813178016,8.10463,0.41885,43289.43574071863,0.039566286659039385,0.039761569105111194
LAH,1869-07-24,0.0179973092,8.20101,0.42773000000000005,42076.331330512236,0.009726332270921123,0.0018784319453044596
LAH,1870-07-30,0.01762824232,8.73343,0.42701999999999996,41282.00627605265,0.009228136700926148,0.007036379091648337
LAH,1871-08-05,0.01764299628,8.50852,0.42392,41618.692866578596,-0.015221376310772361,-0.017703822381279877
LAH,1872-08-11,0.01874010944,7.8776,0.44286,42316.10314772163,0.06213875282968129,0.029178713616446972
LAH,1873-08-17,0.0190262228,8.87069,0.43934999999999996,43305.38932513941,0.031912086628316017,0.03778319633470795
LAH,1874-08-23,0.018323356479999997,8.54832,0.43700000000000006,41929.87752860411,-0.023716700375907007,-0.027244133011926186
LAH,1875-08-29,0.01843167144,8.39473,0.4350299999999999,42368.73650093097,-0.0010880313825114563,-0.004372306073937349
LAH,1876-09-04,0.01708121948,8.37965,0.42138,40536.37923014856,-0.03343785078664829,-0.01620220218070545
LAH,1877-09-10,0.017708691,9.16195,0.42353,41812.12901093192,0.038010282013760444,0.04738747074841276
LAH,1878-09-16,0.01787567184,9.16862,0.41031,43566.2592673832,0.0270628186846662,0.046099871661359204
LAH,1879-09-22,0.019667546600000002,8.6276,0.40324,48773.798730284696,0.00941662667223575,0.05330967904025252
LAH,1880-09-28,0.01855728888,8.30626,0.41517,44698.04870294096,-0.06481696883031507,-0.07611079633766127
LAH,1881-10-04,0.018129500479999998,8.36235,0.41816,43355.41534340922,-0.00986244826280136,-0.025622629652071738
LAH,1882-10-10,0.0189621354,8.84056,0.43601999999999996,43489.141323792486,0.030041144962604127,-0.0013796756135682209
LAH,1883-10-16,0.018298085,8.68635,0.43735,41838.538927632326,-0.03659596061849735,-0.02818094805888638
LAH,1884-10-22,0.01762518836,8.52359,0.42406,41562.95892090742,-0.03313414171734996,-0.011002610427057524
LAH,1885-10-28,0.017863703,8.47393,0.41909,42624.980314490924,-0.019873179622987402,0.008460708105626047
LAH,1886-11-03,0.01521715728,8.43939,0.41381,36773.29518377999,-0.13373332229276824,-0.12509678999701734
LAH,1887-11-09,0.00866953412,7.86248,0.35543,24391.678023802153,-0.3136235785217454,-0.22868789424431457
LAH,1888-11-15,0.01254699108,8.49067,0.39893,31451.610758779734,0.31437999368489966,0.25132880600603213
LAH,1889-11-21,0.012252905080000001,8.53133,0.39945,30674.440055075727,-0.016053087541071265,-0.0169691746798476
LAH,1890-11-27,0.010865670400000001,7.86469,0.39793,27305.48186867037,-0.07614426280496323,-0.07342367393198013
LAH,1891-12-03,0.01063997064,7.83157,0.39528,26917.553734061927,-0.017235812700292397,-0.011986072315816831
LAH,1892-12-09,0.011082857239999999,7.93091,0.38926,28471.605713404922,0.032687121144652886,0.04266159999591412
LAH,1893-12-15,0.0099564868,7.98011,0.37295,26696.57273092908,-0.07948994110024321,-0.050669410338596954
LAH,1894-12-21,0.009457126120000001,7.66708,0.35828,26395.90856313498,-0.04474839375998296,-0.016062394882305986
LAH,1895-12-27,0.00903047184,8.06144,0.33675,26816.54592427617,-0.08375837326880109,-0.039616451571439226
LAH,1897-01-02,0.00839011368,8.06586,0.31024,27043.94559051057,-0.05526208252056031,0.004954880188439148
LAH,1898-01-08,0.00745580108,7.83169,0.28541,26123.12490802705,-0.10614403136565231,-0.047645815024779825
LAH,1899-01-14,0.00617525376,7.65947,0.26198,23571.470188564013,-0.1466237647011862,-0.08909988137383928
LAH,1900-01-20,0.00500243016,6.5043,0.23863,20963.123496626577,-0.12512915246456335,-0.10690095923073484
LAH,1901-01-26,0.00469373736,6.43588,0.21728,21602.252209131075,-0.04982058969887526,0.0190054003085649
LAH,1902-02-01,0.0038559788800000003,5.53346,0.19646,19627.297566934747,-0.14928056304236237,-0.08252129258888197
LAH,1903-02-07,0.00302300544,5.15491,0.17689,17089.747526711515,-0.16171820854076369,-0.09280832760381186
LAH,1904-02-13,0.002620982,4.9956,0.15836,16550.78302601667,-0.11956416130299097,-0.04236318434952813
LAH,1905-02-19,0.0021914006399999996,4.71101,0.14158,15478.179403870601,-0.11466675687937022,-0.03609652637791416
LAH,1906-02-25,0.00183435616,5.37229,0.12705,14438.065013774105,-0.12632476201715792,-0.052379999820573286
LAH,1907-03-03,0.00194650352,5.95682,0.11477000000000001,16960.037640498387,-0.020047375079905616,0.05848857164599863
LAH,1908-03-09,0.00161694936,6.05807,0.09116,17737.48749451514,-0.0870431608918949,0.0626239733048588
LAH,1909-03-15,0.0016560128,5.82919,0.09466000000000001,17494.32495246144,0.024168607060671254,-0.007200544199556624
LAH,1910-03-21,0.00139911512,5.58683,0.08637,16199.0867199259,-0.11964975322209892,-0.055927781908403085
LAH,1911-03-27,0.0004976868,6.36377,0.07807,6374.878954784168,-0.4318148899346861,-0.38412751538416434
LAH,1912-04-02,0.00111651488,5.53847,0.07035,15870.85828002843,3.118691978299794,3.4935982680919553
LAH,1913-04-08,0.0009232121600000001,6.05452,0.06473,14262.50826510119,-0.14026039481140795,-0.0848455345719944
LAH,1914-04-14,0.00036677368000000003,6.11563,0.05995,6117.992994161801,-0.29147216278842636,-0.25006951690196433
LAH,1915-04-20,0.00022082839999999998,6.6153,0.05551,3978.1733021077284,-0.28523898692561,-0.24263279908266788
LAH,1916-04-26,0.00005055856,6.45466,0.05151,981.5290234905843,-0.8165360790268024,-0.8063566755171502
LAH,1917-05-02,0.0000768768,7.75244,0.04807,1599.2677345537757,-0.5217056762113632,-0.49843839901181874
LAH,1918-05-08,0.00003554408,8.83056,0.04501,789.6929571206399,-0.29188853206257126,-0.253590805561004
LAH,1919-05-14,0.00003693612,8.73543,0.03689,1001.2502033071294,-0.617716969233959,-0.5529901459194753
LAH,1920-05-20,0.00003372408,12.05647,0.03481,968.8043665613329,-0.0818468116822687,-0.03853288611683836
LAH,1921-05-26,0.000029447600000000002,6.87682,0.03288,895.6082725060828,-0.06760315715055354,-0.029519948402593532
LAH,1922-06-01,0.000030030000000000002,7.89849,0.03112,964.974293059126,0.019777503090234294,0.06288760616282785
LAH,1923-06-07,0.000028035799999999997,5.7134,0.02905,965.0877796901893,-0.06640692640692614,-0.015482584711390746
LAH,1924-06-13,0.00002432352,5.27796,0.0303,802.7564356435643,-0.09593721241062925,-0.1081835826895734
LAH,1925-06-19,0.000041230800000000005,5.79479,0.02836,1453.8363892806772,-0.32785219245635067,-0.29541212081048585
LAH,1926-06-25,0.00003554408,6.01243,0.02653,1339.7693177534866,-0.12869343530911403,-0.08312820481607186
LAH,1927-07-01,0.000030030000000000002,6.27887,0.024809999999999995,1210.399032648126,-0.15513356935951117,-0.11143815565873305
ARG,1837-01-06,0.8186835597200001,9.94438,9.8379,83217.30854348998,0,0
ARG,1838-01-05,0.89340255784,9.11464,10.87363,82162.30990386834,0.07296522747931578,-0.004508345291807769
ARG,1839-01-04,1.2185000698,9.11273,13.915919999999998,87561.58915831652,0.4217405676636088,0.11832613413356374
ARG,1840-01-03,1.3093005458,8.8937,14.335179999999998,91334.78238850158,0.06089908856388804,0.037389919137647
ARG,1841-01-02,1.47917737864,9.56351,14.76862,100156.77691212855,0.09824229207338009,0.07333115321791439
ARG,1842-01-08,1.5973095855600001,9.25448,15.22917,104884.87459001377,0.0931002590896588,0.06800998363176336
ARG,1843-01-07,1.7151285288800002,8.89081,15.67257,109435.05301810744,0.08931961299065128,0.06524776768900997
ARG,1844-01-06,1.7943117836800002,9.2046,16.10823,111390.9960113557,0.039185430083891415,0.017951944204385173
ARG,1845-01-05,1.8946951373999998,9.068,16.54877,114491.59891641492,0.042116000256905206,0.020763491239778054
ARG,1846-01-04,1.9713969901600001,9.03551,17.0079,115910.6644653367,0.0026917706493807536,-0.017984207429719956
ARG,1847-01-03,2.08045356428,9.44106,17.46437,119125.6005386968,0.04083278454004935,0.019705267026042916
ARG,1848-01-02,2.149539392,9.2172,17.94336,119795.81260143028,0.014052912855194721,-0.006962958146426335
ARG,1849-01-08,2.10863478332,9.98502,18.43865,114359.499384174,-0.0528642553276375,-0.07180245349297298
ARG,1850-01-07,2.43785976772,9.98296,18.98444,128413.57278487014,0.05871427081012914,0.035620455485099844
ARG,1851-01-06,2.78169436272,10.01704,19.51399,142548.7233887073,0.07102094488913568,0.04864463451661427
ARG,1852-01-05,3.13564169516,9.992,20.04652,156418.25589478872,0.07844994205820321,0.05651452410984037
ARG,1853-01-04,3.17717334272,9.23274,20.57615,154410.48703085855,0.0475819715491439,0.027074694423767642
ARG,1854-01-03,3.2238912373199997,8.81097,21.01603,153401.53384440352,0.018897657156633496,0.002739178764124217
ARG,1855-01-02,3.38858458692,8.72544,21.46033,157899.92916791124,0.04279275178218511,0.025800580883100332
ARG,1856-01-08,3.64537272476,8.85107,21.93532,166187.3510283871,0.05468485360176123,0.03799491697644486
ARG,1857-01-07,3.8751242181600003,8.90519,22.41092,172912.32212510688,0.06969743853141663,0.052196424816361775
ARG,1858-01-06,4.04088493952,8.92388,22.897749999999995,176475.1968870304,0.02706386764065405,0.010296735288230385
ARG,1859-01-05,4.6210758386,9.0073,23.55978,196142.5717302963,0.08584197204420563,0.06586326716293534
ARG,1860-01-04,4.84856164208,9.07926,25.6037,189369.56932318374,0.03504437855708242,-0.022864396334488335
ARG,1861-01-03,5.36907385664,9.41207,26.19937,204931.41081789372,0.04736843199557916,0.02832198270114028
ARG,1862-01-02,4.85481937304,9.36967,26.85562,180774.80143969867,-0.11148441219043903,-0.12793544193894502
ARG,1863-01-08,4.74748249508,10.14021,27.644759999999998,171731.7312604631,0.15788658065392025,0.1321884619768814
ARG,1864-01-07,5.37260884212,10.6504,28.57636,188008.85914511155,0.05155023039342943,0.025230828714284614
ARG,1865-01-06,5.4864299776,10.64661,29.427089999999996,186441.47204497625,0.014899802226591374,-0.008371106155147467
ARG,1866-01-05,5.89039637368,11.31209,30.31265,194321.3930052305,0.04787796232156438,0.025186841601026133
ARG,1867-01-04,5.9775965314,10.59669,31.18631,191673.7354114674,0.004067527933171666,-0.017742031905077615
ARG,1868-01-03,6.263283507520001,10.56703,32.0624,195346.68357702484,0.044858720778252925,0.023008459123829095
ARG,1869-01-02,6.48013815904,10.58393,32.95052,196662.69785848603,0.02023022859945467,-0.0014901019236970292
ARG,1870-01-08,6.8352182054,10.63503,34.05133,200732.78210865773,0.049945031547390384,0.026372070656265123
ARG,1871-01-07,7.4256910988,10.69329,38.87043,191037.01962648728,0.08597538148165107,-0.02297890370177691
ARG,1872-01-06,8.422364270840001,9.90059,42.01418,200464.8019035478,0.11486089094576624,0.04813819273678566
ARG,1873-01-05,8.770831162079999,9.79403,43.32092,202461.79356486426,0.030687081329199284,0.007285822830573885
ARG,1874-01-04,8.42879944608,9.89456,44.54686,189211.97691778946,0.000608364471148537,-0.021147255936285303
ARG,1875-01-03,9.76118786396,10.15212,52.44623,186118.00817637416,0.1351939542130789,-0.005586415201947137
ARG,1876-01-02,10.1874132568,10.1054,58.53702,174033.68427022762,0.02428892834442853,-0.053777175219022255
ARG,1877-01-08,11.007854586039999,10.70822,60.53764,181834.88134060064,0.09067177987116182,0.06335764524370346
ARG,1878-01-07,10.751092233960001,10.59405,62.186350000000004,172885.0822400736,0.021083451212960957,0.00001641608930236238
ARG,1879-01-06,11.46207432916,10.698,64.34369,178138.28099010175,0.035750371041452844,0.008985773101647831
ARG,1880-01-05,12.44878337976,11.36329,65.78338,189239.03544877144,0.10132175672749577,0.08268102799065913
ARG,1881-01-04,14.14253741888,11.59661,67.27503,210219.7118140267,0.11241431244809585,0.09337475638315351
ARG,1882-01-03,13.85278008504,11.85601,68.80964,201320.3394908039,0.025618472875805987,0.008089457534838917
ARG,1883-01-02,14.280504282719999,12.02562,76.02213,187846.67415553864,0.07146369059541957,0.03131902318157809
ARG,1884-01-08,15.33210999736,11.96038,77.77848,197125.3487771939,0.046272723375313296,0.028210702457831083
ARG,1885-01-07,16.80734634748,11.94615,79.51176,211381.893036703,0.06820920959022803,0.05028431519372911
ARG,1886-01-06,17.174752434840002,11.86475,82.36201,208527.60192277972,0.01363735396574306,-0.011648167267640064
ARG,1887-01-05,17.494346668760002,11.78837,85.2017,205328.61044744414,-0.001095943489431761,-0.027927977835542017
ARG,1888-01-04,17.697920805240003,11.83233,87.099,203193.15727206971,0.01146654852235196,-0.005451101589084351
ARG,1889-01-03,18.45888524948,12.2715,89.05249,207280.955866366,0.0365066783335839,0.01893701604085174
ARG,1890-01-02,19.55146667552,12.29742,94.68059,206499.20617858422,0.03363649378484701,-0.011771978051417942
ARG,1891-01-08,20.257605805319997,12.23406,99.06624,204485.4614984883,0.03618547836223018,0.0008057764182487492
ARG,1892-01-07,21.215463274719998,12.07419,101.13986,209763.62113532686,0.03428124441536129,0.017931543841565256
ARG,1893-01-06,22.963085365479998,12.29481,103.27516,222348.58184175167,0.053015713751656035,0.03624963471584208
ARG,1894-01-05,24.799837757240002,12.5263,105.46247,235153.20433174,0.08386057841066719,0.06659972858429364
ARG,1895-01-04,26.939367088399997,12.94909,108.81488,247570.61799268628,0.06227590669273053,0.0368721785649877
ARG,1896-01-03,27.37747689872,12.88737,112.56415,243216.66266497815,0.009334288782016253,-0.01648335201197626
ARG,1897-01-02,28.73673237552,12.98525,114.97479,249939.42042007644,0.09294313871329596,0.07527943411326588
ARG,1898-01-08,29.458378408679998,13.36903,117.48177,250748.5068422105,0.022603746246406375,0.006115126045499242
ARG,1899-01-07,32.730018613759995,13.569,120.00846000000001,272730.92758427194,0.10214894313202305,0.08429660857563559
ARG,1900-01-06,35.90885874992,13.62385,123.26689000000002,291309.84605776943,0.11472423734333015,0.09303194587172636
ARG,1901-01-05,37.883488628959995,13.45935,127.83299,296351.42406478955,0.05868526353448544,0.028584366047149645
ARG,1902-01-04,38.73370834164,13.712,130.58252,296622.4602009519,0.041310334835542584,0.02438138725890604
ARG,1903-01-03,41.11027752572,13.69376,133.39142,308192.8172420685,0.053710180279241904,0.03660193184939753
ARG,1904-01-02,43.52676701256,13.351,136.2693,319417.2642888751,0.04109198157212046,0.024243725066932065
ARG,1905-01-08,46.5419476158,13.62279,139.30001,334113.02422591357,0.06628935139193293,0.04875774853318249
ARG,1906-01-07,49.17819118576,13.97551,142.9302,344071.3801964875,0.04842324642143181,0.02847024360274064
ARG,1907-01-06,56.64863517872,13.98246,148.10988,382477.0851122153,0.11849784985336442,0.08825999997136136
ARG,1908-01-05,61.56200360076,13.61596,156.09627,394384.8472533008,0.036273980024960295,-0.0004629408957557146
ARG,1909-01-04,64.75195468404,14.09106,166.62544,388607.85414304084,0.04095077042100592,-0.012858438630909741
ARG,1910-01-03,68.29518877844,14.02008,176.64959,386613.91050180193,0.036366772895435995,-0.009511315843018564
ARG,1911-01-02,73.39587471684,14.31777,188.47764,389414.2282174161,0.05519984846977821,0.004198184488601875
ARG,1912-01-08,78.70071643772,14.56129,192.56262,408701.94037513615,0.03313414699678341,0.016828758399533905
ARG,1913-01-07,82.23208341088,15.36573,197.37779,416622.7791428813,0.02941339025686207,0.009726161438075032
ARG,1914-01-06,87.07928789716,15.17466,207.1849,420297.46326667623,0.07260279830969374,0.03518805718272544
ARG,1915-01-05,92.43192977928001,14.49951,218.04052,423920.8830509119,0.02533320018721863,-0.01591526165418289
ARG,1916-01-04,97.25002639404,14.8351,222.69564,436694.79292023863,0.038456029148161486,0.021160250030213712
ARG,1917-01-03,117.91170007656001,17.3909,226.47643,520635.6355783249,0.15257028453411703,0.13824296518841628
ARG,1918-01-02,113.90855103784,19.23667,230.64546,493868.60265031876,-0.025763916546313048,-0.039372107824219515
ARG,1919-01-08,135.10659047964,20.46463,233.82753999999997,577804.4386030834,0.10195695711968988,0.09081667563343476
ARG,1920-01-07,138.65922406596,21.55293,242.12542,572675.2030660803,0.0009588189553626503,-0.02435712016255276
ARG,1921-01-06,153.30644743803998,22.03154,254.55266,602258.281009674,0.09260803094775749,0.054759271506109375
ARG,1922-01-05,165.03407161695998,22.08898,276.06226,597814.6799818273,0.0749945426750156,0.007112419078614041
ARG,1923-01-04,174.78970641288,22.41107,283.35819,616850.7302113979,0.051648582015186184,0.030725762586310212
ARG,1924-01-03,184.43788637924,22.89017,287.60404,641291.0137814475,0.03497939249376625,0.022864654438062848
ARG,1925-01-02,205.79576149912,24.60198,293.77424,700523.5091379012,0.07043734940101509,0.053654938581946254
ARG,1926-01-08,218.56670529875998,25.87504,302.62468,722236.8819977273,0.06925730707948663,0.049427180192346265
ARG,1927-01-07,284.8980518436,26.5077,350.91863,811863.5703199912,0.2288464263709371,0.09462604722621104
ARG,1928-01-06,297.3929826842,26.7054,371.12105,801336.8756210406,0.03667443726438391,-0.009220597290939714
MEX,1837-09-22,3.1192539487200004,9.4198,71.66113,43527.83648150678,0.03429703403139217,0.01715638074800374
MEX,1838-10-05,3.48803931476,9.17649,71.66113,48674.07637529579,0.04962279444578277,0.04808585599889015
MEX,1839-10-04,3.37310319996,9.5641,73.71294,45759.987323256944,-0.036261437687771236,-0.052615044723849924
MEX,1840-10-17,3.8362335294400003,9.88219,76.4230067320431,50197.36455660178,0.08235231424991829,0.057191299025045605
MEX,1841-10-30,4.12135139936,8.37168,75.26609,54757.08116842525,0.08289091134170867,0.08291057480842845
MEX,1842-10-22,4.40998836304,8.80263,77.60285,56827.6598480597,0.060474542880303295,0.03917512237775167
MEX,1843-10-28,4.46717424712,9.08306,78.97623,56563.528635388146,0.032226901939133246,0.0134529927308491
MEX,1844-11-10,4.57213694964,9.2803,81.35039640772675,56203.00762548876,0.06496813359000808,0.03549222815935771
MEX,1845-11-09,4.460682740279999,10.00949,81.13316,54979.77325522634,-0.005154592022285631,-0.009088840357180272
MEX,1846-11-22,4.61223022364,9.86517,81.59264267596694,56527.52591868837,0.05912165662526814,0.03460355030714024
MEX,1847-12-05,4.60550834796,9.64917,84.04727,54796.644173689405,0.008272582439524445,0.015195709438009297
MEX,1848-11-27,4.727103823,9.55145,84.04727,56243.3952108141,0.04498955284938111,0.04404498823011549
MEX,1849-12-03,4.80232915604,9.17401,88.75683,54106.58713295642,-0.003229262438398939,-0.052374043969552586
MEX,1850-12-16,5.1424579102,9.59113,90.49469,56826.07355414997,0.03057876328006004,0.015144457320053206
FTJ,1837-01-13,0.14614297880000002,6.6471,4.2402,34466.05792179615,0.48962352127613107,0.4820103416170187
FTJ,1838-01-19,0.09337097276,8.97466,4.27845,21823.551230001518,-0.31039224476742633,-0.3149946742996311
FTJ,1839-01-25,0.09497361536,9.48148,4.34307,21867.852776952706,0.013356144857767038,0.002466228557593375
FTJ,1840-01-31,0.09604916412,9.43795,4.41199,21770.032144225166,0.005334198892370967,-0.00680724686252665
FTJ,1841-02-06,0.10137857911999999,7.87369,4.4635,22712.799175534896,0.4235248027681775,0.41111370151581816
FTJ,1842-02-12,0.10192019344,8.58826,4.51532,22572.086461203195,0.007553695734554555,-0.0014641403357090743
FTJ,1843-02-18,0.10573528212000001,8.5398,4.56393,23167.59505952107,0.029315692872570853,0.020874688330324576
FTJ,1844-02-24,0.14377214851999998,7.71488,4.61099,31180.321041685187,0.2025421983368958,0.19317407660783892
FTJ,1845-03-02,0.11176060219999999,8.48639,4.63912,24090.905645898358,-0.22729561991972613,-0.23079295662175847
FTJ,1846-03-08,0.10915992048,8.27682,4.6606,23421.859949362744,0.019244501037228634,0.016126836589208215
FTJ,1847-03-14,0.11381409156,8.25386,4.70868,24171.124722852262,0.028925387739999975,0.02138447750451644
FTJ,1848-03-20,0.1151470346,8.20447,4.74695,24257.056552101876,0.0065318109205037,0.0002569368054907706
FTJ,1849-03-26,0.15533816324,7.38299,4.78137,32488.212215327407,0.27590451916351166,0.26855666500987363
FTJ,1850-04-01,0.11311988844,7.46729,4.79217,23605.14932483614,-0.20853091784714328,-0.20970986526951574
FTJ,1851-04-07,0.16216613088,6.02467,4.80885,33722.434860725545,0.41129554821775915,0.4071149956295521
FTJ,1852-04-13,0.12249592056,6.76715,4.81618,25434.248836214592,-0.10213633211058215,-0.10335273637838271
FTJ,1853-04-19,0.12675132236,6.76911,4.8227,26282.23243411367,0.17897561975972898,0.17759913064666488
FTJ,1854-04-25,0.12808895372,6.79098,4.82932,26523.186229117142,-0.0028640430574410347,-0.003929130902108335
FTJ,1855-05-01,0.13348557768,6.3832,4.52488,29500.357507823413,0.055611206023943316,0.07039369674649287
FTJ,1856-05-07,0.12107748484,6.93495,4.8138,25152.163538161123,-0.06645284690330433,-0.12241983022941016
FTJ,1857-05-13,0.12639696107999998,5.52937,4.80745,26291.893016048005,0.020604879830056877,0.021691950966160833
FTJ,1858-05-19,0.13794738724000002,6.76227,4.79877,28746.405274684974,0.019600427249155228,0.021256370912507094
FTJ,1859-05-25,0.16032739424,5.47516,4.78854,33481.47749418403,0.044286255559341736,0.046162703875077815
FTJ,1860-05-31,0.13357448000000002,6.37848,4.79468,27858.893607081187,-0.0055015436079538516,-0.006638418372601151
FTJ,1861-06-06,0.13430032148,7.18227,4.816,27886.279377076415,-0.034348306391186134,-0.03769621665020784
FTJ,1862-06-12,0.14411477703999998,5.58916,4.82436,29872.30991053735,0.1561640490474152,0.15435950195196946
FTJ,1863-06-18,0.1570939396,6.34995,4.81696,32612.67264000532,0.037776682422584695,0.0391258230214222
FTJ,1864-06-24,0.1590014582,5.43934,4.79824,33137.4541915369,0.00631266898467131,0.009408759131580346
FTJ,1865-06-30,0.15464410779999999,5.4333,4.78208,32338.2519322136,-0.021772428857844583,-0.019288864444078624
FTJ,1866-07-06,0.14795520843999999,5.42023,4.74727,31166.37740006361,0.053315823444004984,0.05903085488192161
FTJ,1867-07-12,0.15243763704,5.51415,4.72645,32252.036314781708,0.029588882855321685,0.033088740936213945
FTJ,1868-07-18,0.15059633679999998,5.52306,4.7143,31944.580701270603,-0.011128933825578224,-0.009184065201054747
FTJ,1869-07-24,0.15356288012,7.10055,4.71499,32569.078644917587,0.019747083335493576,0.019573662785628
FTJ,1870-07-30,0.16029473355999999,7.22262,4.72513,33923.87798007674,0.025158560540127883,0.02343831249770356
FTJ,1871-08-05,0.15584165583999998,7.17649,4.73576,32907.42263966079,-0.016756822614243716,-0.018422960397084687
FTJ,1872-08-11,0.16152441864,6.44455,4.74113,34068.759692309635,0.03429694174782627,0.033232063326009476
FTJ,1873-08-17,0.1606852494,6.44304,4.73595,33928.83146992684,-0.0124576291408095,-0.011574614302230168
FTJ,1874-08-23,0.14841120112,6.44191,4.73344,31353.772545970798,-0.026489513535834286,-0.025848669096670385
FTJ,1875-08-29,0.14901804996,7.26244,4.74702,31391.91534057156,-0.003239478123550743,-0.005548283695174572
FTJ,1876-09-04,0.15202557656,7.34614,4.76326,31916.287702119975,0.009986258407770787,0.007333669399262277
FTJ,1877-09-10,0.15020152628,7.31438,4.78185,31410.756564927797,-0.01470626689078769,-0.017398567965409173
FTJ,1878-09-16,0.14977086488000002,7.30061,4.79843,31212.472596245025,-0.003565978549792237,-0.006309083885265521
FTJ,1879-09-22,0.15018327584,7.30837,4.81727,31176.013767133667,0.008761734903486973,0.005749810486636031
FTJ,1880-09-28,0.15643819984,7.37773,4.83706,32341.58762554113,0.04604947776358026,0.042975175905180185
FTJ,1881-10-04,0.14977889368,7.30785,4.84397,30920.68978131574,-0.056296462697046246,-0.057115152567660865
FTJ,1882-10-10,0.14919592064,7.29027,4.8647,30669.08969515078,-0.002005609592722668,-0.0050102222434104116
FTJ,1883-10-16,0.15024377004,7.27824,4.88262,30771.13722550598,0.0032532907443016956,0.00029421658071027146
FTJ,1884-10-22,0.14511008668,7.29745,4.89254,29659.45841628275,-0.077081014677016,-0.07817586301170354
FTJ,1885-10-28,0.151133242,7.26902,4.91249,30765.099165596264,-0.016065778876396042,-0.018949833772292424
FTJ,1886-11-03,0.16916265651999998,7.30783,4.92703,34333.59580112156,0.02821587117298563,0.025632289966045052
FTJ,1887-11-09,0.16365415664,7.238,4.942500000000001,33111.614899342436,-0.023238336157751838,-0.025847491199916917
FTJ,1888-11-15,0.16397309032,7.22213,4.96222,33044.300800851226,0.003314878324076176,0.0004147538482655033
FTJ,1889-11-21,0.16457997555999998,7.21417,4.97962,33050.709805165854,0.0030163890661110138,0.00029967777361128434
FTJ,1890-11-27,0.16636713339999998,7.27474,4.9987,33282.080020805406,0.010640426652845925,0.007672720465710103
FTJ,1891-12-03,0.18047636672,8.84729,5.03154,35869.011618709184,0.07616798494439392,0.07116736764547493
FTJ,1892-12-09,0.18172663860000002,8.28027,5.06984,35844.649653637985,0.006551277852640203,0.0007594609803889263
FTJ,1893-12-15,0.17742569572,8.66,5.1109,34715.15696257019,-0.023285001041160824,-0.028721751411409646
FTJ,1894-12-21,0.1788248566,7.67468,5.14279,34771.95386161986,0.005607738856012068,0.0008262142950132834
FTJ,1895-12-27,0.2002156312,8.45514,5.17323,38702.24815057517,0.06866478176557833,0.06395234333756661
FTJ,1897-01-02,0.20543332211999998,8.5023,5.21995,39355.419519344054,0.03130228641811472,0.024624005822837747
FTJ,1898-01-08,0.22128829683999998,6.84225,5.25206,42133.61934936006,0.09710893076270088,0.0914777922424932
FTJ,1899-01-14,0.26378961803999995,9.85047,5.27301,50026.383041185196,0.15725696182030968,0.1544194593662056
FTJ,1900-01-20,0.27339872716,9.86745,5.35122,51090.91518569598,0.03882989302747508,0.027744959143433556
FTJ,1901-01-26,0.28600395408,9.82227,5.42355,52733.71759825207,0.02743556650264556,0.016766155772294233
FTJ,1902-02-01,0.29301182404,9.79069,5.49788,53295.42006009589,0.01657436643380583,0.006519739971618144
FTJ,1903-02-07,0.29793172551999997,9.73564,5.56946,53493.826245273325,0.01355026921789193,0.0034903378691801823
FTJ,1904-02-13,0.2964330538,9.77781,5.64041,52555.231587774644,-0.023411940602441117,-0.032858663955408374
FTJ,1905-02-19,0.298284571,9.52291,5.71288,52212.64423548192,0.04981150183370264,0.04003090572255652
FTJ,1906-02-25,0.30473239679999997,9.53895,5.77363,52780.03557553913,0.022836940327627397,0.01449661577930228
FTJ,1907-03-03,0.33095841064000003,8.30649,5.83209,56747.822931401955,0.09444373348979651,0.08588316515781003
FTJ,1908-03-09,0.32782866584,8.35943,5.86794,55867.76037928131,-0.009355516167069866,-0.01373422413265768
FTJ,1909-03-15,0.32344693680000003,8.22685,5.90092,54812.96760505142,-0.013261026685851274,-0.01753756853260824
FTJ,1910-03-21,0.32474521664,9.09378,5.9494,54584.53232931052,0.003009200754235719,-0.0035053797210166104
FTJ,1911-03-27,0.34715351892,9.30537,6.00024,57856.60555577777,-0.12124176134290832,-0.12654507753022415
FTJ,1912-04-02,0.41140989136,9.43452,5.944660000000001,69206.63105375244,0.2255198149285793,0.2379776965481144
FTJ,1913-04-08,0.40546688000000003,9.1581,6.009340000000001,67472.78070470301,-0.005543906520103503,-0.013462352618303308
FTJ,1914-04-14,0.40694039724000003,9.07316,6.06806,67062.68514813631,0.0034490423770854317,-0.004082545096173229
FTJ,1915-04-20,0.43970247360000003,9.27962,6.1142,71914.96411631939,-0.06471512535747814,-0.06976200510181774
FTJ,1916-04-26,0.42620304896,8.56727,6.15257,69272.36081182335,-0.04120012486169422,-0.04485667410346306
FTJ,1917-05-02,0.48665355336000005,8.7773,6.20939,78373.81020679971,0.07412219866921954,0.06651909448039195
FTJ,1918-05-08,0.624503932,8.06507,6.25751,99800.70858856,0.2723783282826775,0.26463856602099245
FTJ,1919-05-14,0.47088182491999997,8.74466,6.30566,74676.05689491663,0.16002972036722607,0.15321343044088653
FTJ,1920-05-20,0.49724968124,8.44381,6.34797,78332.07800919034,0.022212240043770315,0.017081984636796888
FTJ,1921-05-26,0.50014713424,8.42326,6.38289,78357.47353314878,0.008587334506995337,0.004278163373820698
FTJ,1922-06-01,0.5041683296,8.43983,6.418879999999999,78544.59494491252,0.0024220063825506344,-0.0016506950436564471
FTJ,1923-06-07,0.56905406376,9.09966,6.46062,88080.41082125246,-0.09289370456342994,-0.09735637995351298
FTJ,1924-06-13,0.55139013696,8.52882,6.51311,84658.50215334917,-0.01157055408169394,-0.017416721121557677
FTJ,1925-06-19,0.54957169488,8.61678,6.559849999999999,83778.08865751504,0.22804607548229372,0.22135458707978195
FTJ,1926-06-25,0.57081447904,9.40936,6.62756,86127.39515598501,0.03689568526871878,0.028663696328498744
FTJ,1927-07-01,0.57806234668,9.3769,6.69876,86293.93300849709,0.010367931744785785,0.002436173493929328
BIK,1837-01-13,0.0829715666,6.65326,3.84182,21596.942751091934,0,0
BIK,1838-01-19,0.08160320636,6.65051,3.9048899999999995,20897.69657019788,-0.0028476182105013903,-0.01462515375243345
BIK,1839-01-25,0.08346799812,6.65253,3.9653600000000004,21049.286349789174,0.009506017706964354,-0.0023773468375360984
BIK,1840-01-31,0.08756955636000001,6.65357,4.02532,21754.681953236017,0.04614698889100333,0.03408047082969268
BIK,1841-02-06,0.09748433084,6.67023,4.08879,23841.853174166437,0.08354930776400482,0.07123133603986842
BIK,1842-02-12,0.131307826,6.68338,4.1488,31649.591689163135,0.21846762422485067,0.20496028713884695
BIK,1843-02-18,0.15155392564,6.69508,4.20444,36046.162066767516,0.1347504501206509,0.12263669465581395
BIK,1844-02-24,0.16154885292,6.68147,4.23283,38165.684168747626,0.10289847188981915,0.0976916073480163
BIK,1845-03-02,0.16259240348,5.99403,4.29021,37898.47198155801,-0.002255259664454057,-0.012626344076103413
BIK,1846-03-08,0.16732012752,6.02315,4.33871,38564.48749052138,0.01987307580307407,0.011110684752793532
BIK,1847-03-14,0.17878440008,6.05916,4.39027,40722.87127670963,0.06737087503770489,0.058171328991383
BIK,1848-03-20,0.18272269391999998,6.07543,4.43902,41162.845384792134,0.0008131279753105236,-0.007697746747697964
BIK,1849-03-26,0.18040139155999999,6.11238,4.48594,40214.84718030111,0.0006382006538399043,-0.007478267496923374
BIK,1850-04-01,0.22863775792,6.94348,4.52212,50559.8608440289,0.2718951050100771,0.26412804760595954
BIK,1851-04-07,0.29629260388,6.32831,4.55467,65052.48544460961,0.1373030184324493,0.13129080993640896
BIK,1852-04-13,0.40384133763999996,6.98257,4.57049,88358.43369966895,0.21531015874100934,0.21215608503420835
BIK,1853-04-19,0.45585271108,8.60878,4.60103,99076.2309917562,0.045369417207960394,0.040489129886142505
BIK,1854-04-25,0.53113682596,8.00606,4.63956,114479.99938787299,0.09615378373877959,0.08935228534640749
BIK,1855-05-01,0.55209051196,8.79902,4.71407,117115.46751745307,-0.006834040740579916,-0.018730816562733454
BIK,1856-05-07,0.63085219444,8.84178,4.79142,131662.88792049122,0.11040597630939009,0.09647295576481985
BIK,1857-05-13,0.74479227992,8.02701,4.83918,153908.77791691982,0.1403091235466758,0.1321251137773285
BIK,1858-05-19,0.9111186198400001,8.48037,4.8774,186804.16202074877,0.14987352463819748,0.14267544056842718
BIK,1859-05-25,0.81413439848,8.63453,4.9163,165599.0070744259,-0.04967027118208356,-0.055251811787198846
BIK,1860-05-31,0.8649844033999999,8.64026,4.95898,174427.8870654852,0.045249468338411925,0.03856520964154253
BIK,1861-06-06,0.99238835644,8.64409,4.99601,198636.1829620037,0.09661008688414574,0.09024191552540062
BIK,1862-06-12,0.9938035411199999,8.5829,4.99419,198991.93685462506,-0.002427897112143751,-0.0017908221406622848
BIK,1863-06-18,1.01333054888,8.94132,4.9848,203284.0934199968,0.04035694273741752,0.04166977776261338
BIK,1864-06-24,1.04159605732,9.00512,5.0102,207895.10544888428,0.027836693245550714,0.02404817312516716
BIK,1865-06-30,1.06175243408,8.93235,5.05043,210230.10596721465,-0.015543105263840284,-0.021568215752637565
BIK,1866-07-06,1.046591637,8.94511,5.09127,205565.92696910596,-0.0015402326624550655,-0.007658169936261339
BIK,1867-07-12,1.0641313514000001,8.89977,5.12836,207499.34704271934,0.011163397320276047,0.005753100160524882
BIK,1868-07-18,1.08190355988,8.89277,5.16398,209509.63401872202,-0.0028202475080091327,-0.007971189237752085
BIK,1869-07-24,1.16892854832,9.03165,5.19982,224801.73319845687,0.032444088671045535,0.02682752132607824
BIK,1870-07-30,1.2979898984,9.23042,5.23732,247834.75105588353,0.06970933889243458,0.06404777356908942
BIK,1871-08-05,1.2834229252,9.31857,5.26361,243829.4108416087,-0.004595621166739505,-0.007941759853839048
BIK,1872-08-11,1.27992582848,9.23906,5.30244,241384.3114641561,0.01955561823669183,0.013772570320686794
BIK,1873-08-17,1.39141378584,9.16351,5.34365,260386.39990268822,0.0701627738086672,0.06408775544579393
BIK,1874-08-23,1.20042447356,9.43642,5.38732,222824.05232286185,-0.10352383243982655,-0.10930486542586038
BIK,1875-08-29,1.2855947748799998,10.02609,5.42665,236903.94163618435,0.0518894604186515,0.04620584758900592
BIK,1876-09-04,1.357389046,10.27528,5.48201,247607.91133179257,0.05983314739617174,0.05179076296537177
BIK,1877-09-10,1.35766343908,9.73874,5.52996,245510.53517204462,0.04117933907950455,0.03428675176171825
BIK,1878-09-16,1.6058214291600001,9.84168,5.57937,287814.1132708532,0.1696794368585135,0.16196720796534003
BIK,1879-09-22,1.36151514668,10.30823,5.64177,241327.6589935428,-0.1641499181301801,-0.1711054479301356
BIK,1880-09-28,1.26838719228,10.45695,5.70127,222474.49994124117,-0.013800374377630265,-0.021743441689332177
BIK,1881-10-04,1.35183793524,11.07657,5.77608,234040.72229609007,0.011775452377914775,0.0019592740938254583
BIK,1882-10-10,1.3963805996399998,11.40557,5.85083,238663.6767159531,0.01923365296949653,0.009435816806568464
BIK,1883-10-16,1.4246123148399998,11.7264,5.93559,240011.91370023869,0.018262947255921036,0.007345560383082761
BIK,1884-10-22,1.35844829744,11.26238,6.01185,225961.7750675749,-0.019727804400888838,-0.029213634772836228
BIK,1885-10-28,1.3452339841199998,10.95932,6.09531,220699.8469511805,-0.00786059118608462,-0.01817983314064331
BIK,1886-11-03,1.3675334535199999,11.07663,6.18007,221281.2239214119,0.04557464000492106,0.034809615087389334
BIK,1887-11-09,1.53552159956,10.98225,6.26644,245038.90559232992,0.025180882813178096,0.014911187781131874
BIK,1888-11-15,1.4097723171999998,11.46962,6.35774,221741.10882168822,-0.0807028976315397,-0.09079022331492181
BIK,1889-11-21,1.47344000492,11.67119,6.4595,228104.34320303428,0.049462851907963845,0.03710336057734254
BIK,1890-11-27,1.55716908776,11.68358,6.56493,237195.0786619202,0.041704096165563254,0.029199221222781846
BIK,1891-12-03,1.4553948614399999,11.57856,6.66895,218234.48390526243,-0.04953915210979121,-0.06096926633856081
BIK,1892-12-09,1.4896070779200001,11.46978,6.78282,219614.71451697082,0.002349528304184556,-0.010304890428857294
BIK,1893-12-15,1.55232709736,11.68299,6.89734,225061.7045643683,0.028544043681609788,0.015801403117124302
BIK,1894-12-21,1.76594805608,11.83507,7.01053,251899.36510934265,0.1236803238731794,0.10972794681094644
BIK,1895-12-27,1.6973299116799998,12.68989,7.12396,238256.51908208354,-0.0426120758368016,-0.05443971748078791
BIK,1897-01-02,1.77397109812,12.6466,7.24781,244759.60298628136,0.04713085021930774,0.033814645870816396
BIK,1898-01-08,1.69451074988,12.57539,7.3678,229988.70081706886,-0.04558596333965059,-0.05742576004065569
BIK,1899-01-14,1.7506750248,12.52754,7.48967,233745.28180814374,0.021792044235994235,0.009455943909928877
BIK,1900-01-20,1.79758331844,12.62141,7.60556,236351.21127701315,0.0497770245463236,0.03724551928431863
BIK,1901-01-26,1.75142278012,12.52447,7.72129,226830.3327708194,-0.02176681567624117,-0.03285686342098271
BIK,1902-02-01,1.8516062089199998,12.4016,7.845529999999999,236007.79156028974,0.0596468189654511,0.04717415576379125
BIK,1903-02-07,1.6767988140799999,12.51046,7.33384,228638.58689036028,-0.06752835261258727,0.00038324227496389085
BIK,1904-02-13,1.87911705748,11.79776,8.01684,234396.2281247973,0.09807607887985381,0.03752592133926469
BIK,1905-02-19,1.8959638781200001,11.89224,8.12478,233355.7189388513,0.0014266336795962786,-0.008528368922380847
BIK,1906-02-25,1.9063178087200001,11.84562,8.22237,231845.2962734589,-0.003229652157737295,-0.012188946715418036
BIK,1907-03-03,1.8282996170399999,11.88602,8.33083,219461.88039367023,-0.02995310857021194,-0.039532912272875476
BIK,1908-03-09,1.96298997284,11.55751,8.44654,232401.66658063536,0.07764515676814754,0.06645977342081522
BIK,1909-03-15,1.91245551276,11.27129,8.55913,223440.40956966422,-0.026555389136549645,-0.03629414491863059
BIK,1910-03-21,1.737556678,11.09071,8.66815,200453.00069795747,-0.11474041069062069,-0.12297293078551164
BIK,1911-03-27,1.7127307818400002,10.94649,8.73079,196171.34094852814,-0.07293386507220267,-0.04850231350612755
BIK,1912-04-02,1.45661685468,11.39935,8.69069,167606.58298478028,-0.159701876316507,-0.15357182952784398
BIK,1913-04-08,1.85214934164,11.84682,8.80483,210356.0593038139,0.043776669708349036,0.03389024430861576
BIK,1914-04-14,1.94385976044,11.78397,8.91901,217945.6868464101,0.03044656992765038,0.020483838946550925
BIK,1915-04-20,1.92867060048,11.88569,9.03551,213454.53665371405,0.006926311565286225,-0.0030302707338096813
BIK,1916-04-26,1.9767401664400002,11.91043,9.15743,215861.8920854432,0.02329543794338651,0.013065922548707087
BIK,1917-05-02,2.00403795852,11.8965,9.27772,216005.43652104182,-0.008406260570803292,-0.018204473467981375
BIK,1918-05-08,1.8169007495599998,11.65338,9.39612,193367.12915118155,-0.10926188767208955,-0.11752557185372359
BIK,1919-05-14,2.04610728556,11.85575,9.50562,215252.37549575933,0.10684890393946689,0.09677294721863738
BIK,1920-05-20,2.1549779404400002,11.86012,9.60484,224363.75207083096,0.04731452914597156,0.03926567264951708
BIK,1921-05-26,2.19307607896,11.88185,9.71426,225758.42925348922,0.0038021940540322596,-0.004557418878032626
BIK,1922-06-01,2.18864243156,11.91213,9.06205,241517.3643447123,0.013957436194868444,0.016838979457920678
BIK,1923-06-07,2.24656700684,11.65384,9.87676,227459.91669737847,0.09045747073405264,0.002762114178394004
BIK,1924-06-13,2.156959844,11.86182,9.97315,216276.68730541505,-0.028128778074651084,-0.035292938355992676
BIK,1925-06-19,2.14513560508,12.07879,10.07439,212929.5773818564,-0.026331247346576103,-0.03368412689510891
BIK,1926-06-25,2.16176364664,12.06104,10.17479,212462.72863027148,-0.030643072596377663,-0.03790112852610272
BIK,1927-07-01,2.1468745713999997,12.02158,10.23684,209720.4382797816,0.013676484407447953,0.009255464992286466
PHI,1837-01-20,1.36844100848,8.02247,25.721593975954917,53202.02977153155,0,0
PHI,1838-02-02,1.51640037588,8.33702,25.75279,58882.955046035786,0.051723837024268526,0.04356739697538092
PHI,1839-02-01,1.51614120008,8.50896,25.75279,58872.89105685248,0.000332883746440249,-0.0005809519973285493
PHI,1840-02-14,1.7317822792400002,8.67607,25.75279,67246.39463296987,0.12716855647792857,0.12984897230473935
PHI,1841-02-27,1.96029405468,8.69937,26.802348514092213,73138.89130459263,0.05539331757753985,0.05635081197883496
PHI,1842-02-19,2.0454123196,8.27412,25.75279,79424.88249234355,0.02819813545423533,0.02886220700732922
PHI,1843-02-25,1.9047569086,8.2013,25.752790000000005,73963.12821251599,-0.0927041896627796,-0.09312345035285774
PHI,1844-03-10,1.94290072704,8.30885,25.752790000000005,75444.28106779886,0.004725814755542235,0.005648029189542214
PHI,1845-03-09,1.9356117742,9.00049,25.75279,75161.24560484514,0.004941766421599825,0.0009043228847249729
PHI,1846-03-22,1.89712611192,9.12489,25.75279,73666.8186988672,-0.002865119294294005,-0.00008519459225864168
PHI,1847-04-04,1.9560173401599998,9.27748,25.75279,75953.60891616014,0.05371018467407196,0.05195955384002304
PHI,1848-03-27,1.92749704992,9.52225,25.75279,74846.14482236681,-0.015746698636893375,-0.015624681700547205
PHI,1849-04-02,2.08528770684,9.86741,25.75279,80973.27345270163,0.07406494123443585,0.07385229649048863
PHI,1850-04-15,2.1676180437599997,9.86919,25.75279,84170.22170258056,0.03227496813338093,0.033151936272619364
PHI,1851-04-14,2.3172980552799998,9.91072,25.75279,89982.4079363828,0.04795159726808351,0.04758420470952984
PHI,1852-04-27,2.19243352172,9.54985,25.53820276396292,85849.17043629059,-0.040989875780504614,-0.04786986365426915
PHI,1853-05-10,2.01346950168,9.9488,25.752790000000005,78184.51910181381,0.05454027321078292,0.03817578639645802
PHI,1854-05-02,2.24560089572,8.8603,25.752789999999997,87198.35387622079,0.04551747326868005,0.044837453516856085
PHI,1855-05-08,2.60298143976,9.86941,25.75279,101075.70635104002,0.11545619657479356,0.11585280750536175
PHI,1856-05-21,2.46951098056,9.95992,26.15764972959244,94408.74872508958,-0.06461702830627636,-0.06443521255454532
PHI,1857-05-20,2.5994702552,9.88556,25.75279,100939.36444167797,0.04744291299166514,0.04654796411447193
PHI,1858-06-02,2.7647234513599996,9.8722,25.75279,107356.26902405525,0.04183636621091158,0.04234559939301841
PHI,1859-06-15,2.9193927562799997,9.78161,25.75279,113362.19323343218,0.06865304934716643,0.06873050528883318
PHI,1860-06-07,3.1791061588,9.80401,25.75279,123447.05792265614,0.08068132825665741,0.08013689286531611
PHI,1861-06-13,4.03653316092,9.20678,25.75279,156741.5864813094,0.24217324865766976,0.2386670695290678
PHI,1862-06-26,4.52012894892,8.79405,25.75279,175519.9708039401,0.059141239912634536,0.05743749979171131
PHI,1863-06-25,5.179669077960001,8.91404,25.438357075545316,203616.49388668177,0.16824061290420733,0.1617255901688157
PHI,1864-07-08,5.40682337468,9.46902,25.75279,209950.97520229846,0.028985023008635036,0.02817693752181749
PHI,1865-07-21,5.562934247,9.57908,25.75279,216012.87654658002,0.019125057727759076,0.01840523065310129
PHI,1866-07-13,6.0680413534,10.02143,25.75279,235626.5613706321,0.038437323590671646,0.03928096487970989
PHI,1867-07-19,6.91890611724,10.1704,25.479061021910635,271552.6334070988,0.1113171458428277,0.11220084089595606
PHI,1868-08-01,6.786833392559999,10.37604,25.75279,263537.7911503957,-0.004554192011738234,-0.005056765015619802
PHI,1869-07-31,7.4818801746,10.88414,25.752789999999997,290526.97492582357,0.11039851243513477,0.10536136763536197
PHI,1870-08-13,8.60543034832,10.76846,25.75279,334155.2642769968,0.1031686740086144,0.09842241974715238
PHI,1871-08-26,8.429175730559999,11.04859,25.752365273802017,327316.56455397647,-0.003485579944061179,-0.005024419333543362
PHI,1872-08-18,7.095549796919999,11.21858,25.752790000000005,275525.4788673382,-0.01669349559528066,-0.014437642690527608
PHI,1873-08-24,9.817306841679999,11.13899,25.75279,381213.3303490612,0.2469603645810785,0.2463090500688434
PHI,1874-09-06,10.10157047016,11.11499,25.75279,392251.49858170707,0.035622253598956766,0.03466643305822892
PHI,1875-09-05,11.408386350919999,11.15887,25.75279,442996.1317169906,0.11227515377369124,0.11315559652916996
PHI,1876-09-18,12.26837354964,11.52278,25.75279,476390.0746148281,0.05430453153706338,0.058759043524523324
PHI,1877-10-01,11.57970008104,12.03022,25.75279,449648.37134306616,-0.050575322910101694,-0.0456639956241206
PHI,1878-09-23,12.193537489119999,12.94851,25.75279,473484.1346945321,0.06852990245173207,0.07023643272157742
PHI,1879-09-29,13.05345297516,13.20327,25.75279,506875.2929356392,0.05094299385546863,0.05238363827835579
PHI,1880-10-12,12.74271421228,13.2663,25.75279,494809.0755323986,0.021824942581104345,0.024302408759689698
PHI,1881-10-11,14.42560584192,13.88681,25.75279,560157.0098587376,0.09922947697203988,0.09651566890436047
PHI,1882-10-24,16.5754250896,14.07179,25.95482664109078,638625.9218298289,0.10117990899289375,0.10486486765446168
PHI,1883-11-06,16.95454611448,14.08953,25.75279,658357.6425886282,0.01794855595977407,0.01799478874408944
PHI,1884-10-29,16.4156579444,13.63915,67.1352,244516.40785161883,-0.05284401324279331,-0.6366555067606535
PHI,1885-11-04,18.548228322,13.03311,67.1352,276281.71692346194,0.08442280837923843,0.08303026028752591
PHI,1886-11-17,19.57007683176,12.68464,67.26739882797656,290929.59104612784,0.03771953194026012,0.03799530017831443
PHI,1887-11-16,21.87066390288,13.42534,67.1352,325770.44386372576,0.10144898210882491,0.09812821162690755
PHI,1888-11-29,22.199795479680002,13.48963,68.21447157520191,325441.1412570455,0.01529219102233248,0.013279532870899446
D09,1914-02-10,11.146398526119999,9.45751,34.3023,324946.09767041856,-0.2320353596697705,-0.23028746774570852
D09,1915-02-23,16.19679004476,10.00258,34.64248698841338,467541.2030948362,0.3859393168055434,0.3820850746363884
D09,1916-02-22,16.558876854,10.67371,34.3023,482733.7191383668,0.005639734170044264,0.002645598698212126
D09,1917-03-07,17.26830694056,11.2715,38.34074799300995,450390.4551812148,0.05771080481854418,0.04014221939700424
D09,1918-03-20,16.25573090024,11.32834,39.72938,409161.4543252374,-0.06966225530812664,-0.0766807551433265
D09,1919-03-12,17.709926475280003,11.17395,41.29498,428863.90731464216,0.0741472321204768,0.07674232317362195
D09,1920-03-18,18.794713697760002,11.10719,41.29498,455133.1347723137,0.06112727148911157,0.06414871090822816
D09,1921-03-31,20.173790184599998,11.23196,41.29498,488528.87650266447,0.058856490631690406,0.05900366749646668
D09,1922-03-30,21.005635015560003,11.33493,41.85348298628171,501884.992999149,0.028864132105223428,0.031387776585892535
POR,1837-01-20,3.3722313560000003,8.44888,60.936647695180675,55339.955241198826,0,0
POR,1838-02-02,3.5404843978400002,8.77871,61.20718,57844.2659478839,0.01649475395975908,0.014781374564040606
POR,1839-02-01,3.8067045785599998,9.17921,61.20718,62193.758617207975,0.055813501894752315,0.05042644583835698
POR,1840-02-14,3.9647093298800002,9.11125,61.20718,64775.232740341904,0.024212353019381405,0.021466758867494384
POR,1841-02-27,4.17185805192,8.9968,64.17396921385813,65008.57127938259,0.008397020848532,0.009118628625186975
POR,1842-02-19,4.153121609,8.85303,61.20718000000001,67853.50360856357,-0.009505927403949621,-0.00710689775122697
POR,1843-02-25,4.296650586799999,8.8786,61.20718,70198.47323140847,0.015460000451329226,0.01606980587043938
POR,1844-03-10,4.4567055811200005,8.88139,61.20718,72813.44412730663,0.03141523080992448,0.03622727429490147
POR,1845-03-09,4.48940419044,8.90137,61.207179999999994,73347.67245346053,-0.0042483903391569156,-0.004807535829269294
POR,1846-03-22,4.5665674288,8.91679,61.20718000000001,74608.36177716404,0.01633565207073029,0.01888355438060807
POR,1847-04-04,4.5245066308,8.87502,61.20718,73921.17445698364,0.01976653580570309,0.018143945187284682
POR,1848-03-27,4.86599311016,9.08462,61.20718,79500.364338955,0.04265266526715039,0.04184167013472995
POR,1849-04-02,4.834309909,9.16237,61.20718000000001,78982.72570309561,-0.009698165931504965,-0.009327278080052293
POR,1850-04-15,4.9259580994,9.15177,61.20718,80480.06948531201,0.005998291733777972,0.005483168716574616
POR,1851-04-14,5.02666666008,9.38869,61.207179999999994,82125.44116686964,0.012168317698531217,0.011916045574375866
POR,1852-04-27,5.39406966072,9.55484,62.058796647628554,86918.69569027686,0.04458998332121511,0.05142625267816148
POR,1853-05-10,5.9178086422,9.6898,61.207179999999994,96684.87654879705,0.06036435748309743,0.06601198864191749
POR,1854-05-02,6.12895865868,9.55907,61.20718,100134.63549015002,0.0349773521677319,0.03461794324987477
POR,1855-05-08,6.4161637592,9.63999,61.20718,104826.9787825546,0.02081901630202343,0.018484063175600696
POR,1856-05-21,4.05497409928,9.41258,57.60848050949095,70388.49251738112,-0.2122927927035243,-0.1853497049068349
POR,1857-05-20,4.70690979096,9.2411,61.207179999999994,76901.26862502079,0.0545861074434022,0.1049591432627035
POR,1858-06-02,6.14019704532,9.41591,61.20718000000001,100318.24771734295,0.1936199883003682,0.1817453347798461
POR,1859-06-15,6.24025077624,9.36439,61.207179999999994,101952.92082138076,0.030538030998483956,0.031717667739117106
POR,1860-06-07,6.4728356721599996,9.29373,61.20718,105752.88180504313,0.03623932723562295,0.03574982997349396
POR,1861-06-13,6.60967658052,9.29559,61.207179999999994,107988.58206700587,0.022157061886082907,0.02260625242459624
POR,1862-06-26,6.93025541156,9.41527,61.20718,113226.1837836672,0.04807206252462315,0.04672421072888655
POR,1863-06-25,7.1511658036000005,9.59288,85.2519956902001,83882.67917606111,0.0101684129394648,-0.07143699039077944
POR,1864-07-08,7.18177066412,9.57273,83.46687,86043.36863380644,0.01922121244095032,0.020990077146702868
POR,1865-07-21,7.57333229536,9.57661,83.46687,90734.59080662782,0.05445499975924739,0.05307679162500145
POR,1866-07-13,7.8800412802799995,9.66033,83.46687,94409.2102684574,0.04104795491607649,0.040207152179812855
POR,1867-07-19,7.95786211376,9.836,81.39246759642421,97771.48117953866,0.01815052368816228,0.019238612983793146
POR,1868-08-01,8.43165702132,10.35006,88.97947,94759.57792645876,0.030957856185223287,-0.03209954926117964
POR,1869-07-31,8.609759808,10.19757,88.97947,96761.19455420447,-0.0027103433630737417,-0.005710830209899709
POR,1870-08-13,9.044589353800001,10.28457,88.97947,101648.04705849563,0.015030312276326674,0.012529976238943474
POR,1871-08-26,9.13790041684,10.13347,88.50207304684794,103250.693483789,0.019804870957056853,0.020399513285622062
POR,1872-08-18,9.641498759880001,10.22532,95.93921,100495.91569369813,0.05580566655525798,-0.00558864856083674
POR,1873-08-24,9.605327147,10.14308,95.93921,100118.88931543213,-0.016268408085494568,-0.01676207332065216
POR,1874-09-06,9.79071425488,10.04928,95.93921,102051.22863613324,-0.02679276457286639,-0.029617819325545414
POR,1875-09-05,10.31834748412,10.23992,95.93921,107550.89065377961,0.038283147297311526,0.03960425607071727
POR,1876-09-18,10.696263055400001,10.34454,95.93921,111490.00555038967,0.0311543417402822,0.032019484738312176
POR,1877-10-01,10.88363379324,10.40437,95.93921,113443.02077575997,0.02040556423118378,0.024684359272346468
POR,1878-09-23,10.968715459519998,10.33551,95.93921,114329.8496987832,0.025070272322126552,0.026016970947928986
POR,1879-09-29,10.45019062568,10.27045,95.93921,108925.12691818079,-0.011833980743981676,-0.011630774226799034
POR,1880-10-12,11.08580875272,10.6999,101.92362,108765.84596112266,0.02067520202146733,-0.04294046821127784
POR,1881-10-11,10.86607548624,10.64796,101.92362,106609.9838902896,-0.011454150695766385,-0.004579218803345664
POR,1882-10-24,11.09662527012,10.59887,103.79644577237401,106907.56497052837,0.020780904345709894,0.0068762417460366265
POR,1883-11-06,10.194528222319999,10.48524,104.35293,97692.78373228236,-0.0770659446773293,-0.06303075215501763
POR,1884-10-29,10.801939233279999,10.35389,104.35293,103513.52121382696,0.07152484894999378,0.07665563006220433
POR,1885-11-04,10.69171982216,10.40157,104.35293,102457.30351950826,-0.003607680345265818,-0.003369648087337418
POR,1886-11-17,11.31239334368,10.73098,104.82507596147275,107916.8628300135,0.021719215267178127,0.022736665061512618
POR,1887-11-16,11.4368806448,10.93022,104.35293,109598.07879663752,-0.016316287102176696,-0.015391502102810928
POR,1888-11-29,11.11843684848,11.41801,107.57246441356989,103357.64741555412,-0.05843566961023694,-0.048308907681899216
POR,1889-12-12,10.72181076928,11.43599,98.59402,108747.0697439865,-0.049322294074495066,0.0046406324479759675
POR,1890-12-04,13.824365264319999,11.10465,98.59402000000001,140215.04817756693,0.24007122954875015,0.22998472800381142
POR,1891-12-10,13.92746397952,11.01097,114.30637,121843.28816950446,0.029932058817310647,-0.04121922470787487
POR,1892-12-23,14.43710559356,11.09097,112.07315,128818.59386980736,0.02474113757361507,0.043330884331632236
POR,1893-12-22,15.02743160568,11.12335,112.07314999999998,134085.92161173307,0.017422187140909706,0.017646471962128985
POR,1895-01-04,13.280466136080001,11.8258,93.25263,142413.85080592366,-0.13325575188786798,-0.01796658154384634
POR,1896-01-17,13.2344725942,11.56874,93.25263,141920.6363852687,-0.013030161198597678,-0.012469247237173575
POR,1897-01-09,14.285989963959999,11.56767,93.25262999999998,153196.6440406024,0.0626798319838513,0.06392610507630758
POR,1898-01-15,14.5067899444,11.56291,93.25263,155564.40546931492,0.0005091566292565464,0.00018915173424782772
POR,1899-01-28,15.572403325440002,11.58774,93.25263,166991.57252122543,0.06373946794075169,0.06211155040447469
POR,1900-01-27,15.30200617712,11.59557,93.69172809055719,163322.91536270882,0.006566759440392422,0.008655086767482167
POR,1901-02-09,14.85473927184,11.92107,93.25263,159295.66031370912,-0.028276428684224086,-0.02138588978045064
POR,1902-02-22,18.792882329,11.92692,93.25263,201526.56637137206,0.30449451578068265,0.30347495274258907
POR,1903-02-14,22.06874468812,12.41552,93.25263,236655.46685514392,0.11342845677478097,0.11130273693650605
POR,1904-02-20,22.86343787624,12.74906,91.67159309954981,249405.91848787537,0.0346599474358158,0.035779445888472816
POR,1905-03-05,24.02513088924,12.87604,93.25263,257634.8880373669,0.07615954374748246,0.07432635256655518
POR,1906-03-04,25.56123977628,13.14107,93.25263,274107.44100493466,0.054944981905999946,0.05626956745749556
POR,1907-03-17,26.10803314392,13.14576,93.25263,279971.0114762447,-0.0032869138046820456,-0.003682911588968607
POR,1908-03-30,25.91700080944,13.00805,93.25263,277922.4651298307,-0.0053176565771205775,-0.005407496731019257
POR,1909-03-22,28.02614378512,13.23277,97.22359999999999,288264.8223797514,0.03661953253385386,-0.004566611489399408
POR,1910-03-28,26.78894023884,13.35804,97.22359999999999,275539.480525716,-0.014823112620970358,-0.013977278455170605
POR,1911-04-10,30.47064182552,13.37994,97.2236,313407.8744823273,0.0694927130480425,0.0671864415819996
POR,1912-04-09,27.769760669039997,13.39697,99.78524,278295.27362002636,-0.003962624634124667,-0.025552228598884508
POR,1913-04-22,27.82899358512,13.49931,99.78524,278888.87760474393,0.013927897617478147,0.009643773721856652
POR,1914-05-05,29.187706212080002,13.34429,99.78524,292505.24638794275,0.03354295236657201,0.03246166369202763
POR,1915-04-27,26.373037362879998,13.61033,102.33182,257720.78873296693,-0.0997769580845933,-0.12321700487697262
COS,1884-08-06,0.00015304276,10.35075,0.05248,2916.21112804878,-0.3281169385584034,-0.32811693855840307
COS,1885-08-19,0.0001849666,10.38161,0.05248,3524.516006097561,0.20859425169802237,0.20859425169802215
COS,1886-08-18,0.0001822444,10.45198,0.05248,3472.644817073171,-0.014428622969408278,-0.014392544383688644
COS,1887-08-31,0.0001838382,10.72696,0.055184638081187835,3331.329268292683,-0.04014096046001436,-0.039012967070465754
COS,1888-09-13,0.00016338036,10.81374,0.05248,3113.1928353658536,-0.0675652446069227,-0.06066826979133144
COS,1889-09-05,0.00016217032,10.90138,0.052480000000000006,3090.1356707317073,-0.007406275760440506,-0.007406275760440506
COS,1890-09-11,0.00016217032,10.98157,0.052480000000000006,3090.1356707317073,2.220446049250313e-16,0
COS,1891-09-24,0.00015900404,11.08155,0.05257025985087731,3024.6006097560976,-0.022985299241768176,-0.02331257655531538
COS,1892-09-23,0.00015989532,12.11409,0.05248,3046.785823170732,0.00485360381591593,0.004519836353756634
COS,1893-10-06,0.00015860364000000002,12.89272,0.05248,3022.173018292683,-0.008078285218104164,-0.008078285218103831
COS,1894-10-19,0.00015860364000000002,12.95533,0.05248,3022.173018292683,-2.220446049250313e-16,0
COS,1895-10-11,0.00011899056,11.06218,0.05248,2267.3506097560976,-0.24215715107436686,-0.23890135535409773
COS,1896-10-17,0.0001394848,10.74293,0.05248,2657.8658536585367,0.0814565884707732,0.08456728004600333
COS,1897-10-30,0.00013591656000000002,10.82901,0.052480000000000006,2589.873475609756,-0.025581568744407424,-0.0255815687444082
COS,1898-10-29,0.00012595232,10.91894,0.05247999999999999,2400.006097560976,-0.06417043088258811,-0.06412185046441232
COS,1899-11-11,0.0001276366,11.35727,0.05248,2432.099847560976,0.007500284261342527,0.007136597815807333
COS,1900-11-24,0.0001265082,11.4886,0.05248,2410.598323170732,-0.008840724369029163,-0.00884072436902894
COS,1901-11-16,0.00012406836,11.62538,0.05248,2364.107469512195,-0.01671455289064272,-0.017357420309513705
COS,1902-11-22,0.00012406836,11.72437,0.05248,2364.107469512195,0,-2.220446049250313e-16
COS,1903-12-05,0.00012062908,11.86528,0.05248,2298.5724085365855,-0.005893808534722544,-0.008226976520705698
COS,1904-12-04,0.00012058332,12.01183,0.05247999999999999,2297.7004573170734,-0.0029362131483388065,-0.0031612375522204195
USA,1837-01-13,18.303196661359998,11.07925,162.724199024203,112479.86944239099,0,0
USA,1838-01-26,17.74396423644,10.93207,166.19469,106766.13215765195,-0.029311047174557125,-0.06296228973314066
USA,1839-01-25,17.893011695000002,10.8816,167.60933,106754.27015309947,-0.0009724692923812617,-0.006071395376422872
USA,1840-02-07,19.0426019836,10.89757,174.43716,109165.97119329391,0.030346922932836584,0.01864874641288705
USA,1841-02-20,19.053949623799998,10.87192,175.57511116389895,108523.06740682159,0.019763544506196995,0.0033033134531403885
USA,1842-02-12,20.06782302096,10.89001,181.46923,110585.26572774899,0.03180347375655468,0.012678961500821595
USA,1843-02-18,21.8768520126,10.92947,185.71789,117796.1477626092,0.07256054099702203,0.04749071856824605
USA,1844-03-03,22.637980172600003,10.90428,190.36601,118918.18383229234,0.019506489284192963,0.0016042480694062888
USA,1845-03-02,23.10027287048,11.12568,194.54254,118741.49926530207,0.012715610940940758,-0.004198814187043376
USA,1846-03-15,23.9567395418,11.25812,201.2273,119053.12818787509,0.028872711190532696,-0.002026520091537143
USA,1847-03-28,23.874616935,11.4028,202.94248,117642.28433100847,0.014479473489983796,0.0045004330315341345
USA,1848-03-20,25.10832916176,11.42248,210.81301,119102.37020836618,0.03206476993720275,0.01998755188024881
USA,1849-03-26,24.321004773,11.08718,215.25269,112988.15718865115,-0.0403213893382548,-0.047575063599928136
USA,1850-04-08,24.19697377136,11.41687,220.28197,109845.45748959844,-0.020757338147762816,-0.03287750258839384
USA,1851-04-07,25.17316009936,11.37634,225.74041,111513.75200993035,0.04202312626890836,0.021097477408176024
USA,1852-04-20,25.96221949828,11.30107,235.0495271502473,110454.25112335813,0.030803027420521323,-0.006931121303167531
USA,1853-05-03,26.231951843759997,11.18466,238.91902,109794.32212537955,0.010727774786222,-0.006505118047626213
USA,1854-04-25,27.4207870222,11.10826,238.91902,114770.21386660635,0.0410988679754174,0.03965922704322944
USA,1855-05-01,28.68632437944,11.1232,238.91902,120067.14400318568,0.036597322097930984,0.03639141941512669
USA,1856-05-14,29.32427920084,10.96172,238.65598527068536,122872.59071914827,0.03177145637182588,0.03193936496493932
USA,1857-05-13,29.56661136,11.03853,238.91902,123751.60152590614,0.007107124489765804,0.008454546480478609
USA,1858-05-26,34.21873832,10.923,238.91901999999996,143223.1654055839,0.11683220165725161,0.11712948352605634
USA,1859-06-08,35.12791099116,10.67396,238.91902,147028.52452333012,0.00040111627850580867,-0.0012556591241648096
USA,1860-05-31,36.128343343560005,10.84411,238.91902000000002,151215.8527335329,0.018165658669735185,0.017650455290516787
USA,1861-06-06,37.69272622076,10.78158,238.91902,157763.60634980004,0.03658071715648381,0.03685209050143268
USA,1862-06-19,40.7040441392,10.79859,238.91902,170367.53348142817,0.07301221609412645,0.07309545319581523
USA,1863-06-18,40.791902805679996,10.93878,225.12577393358495,181196.05806536457,0.0568486272773614,0.057367495120728584
USA,1864-07-01,44.53410766324,10.97545,238.91902,186398.33556675396,0.02809051833398124,0.03105713747611305
USA,1865-07-14,47.97837881824,10.84148,378.37403,126801.45838296566,0.07642828562875126,-0.04054451013111704
USA,1866-07-06,49.077714025080006,10.75556,385.04159,127460.8128048713,0.022126035532567645,0.00982436879441373
USA,1867-07-12,52.192498710040006,10.82857,390.2136064691276,133753.66169905532,0.07609144650806732,0.06744000102091685
SGU,1837-01-13,0.09159896563999999,8.10623,2.22626,41144.77448276481,0,0
SGU,1838-01-19,0.05871998964,9.3611,2.25936,25989.65620352666,-0.2921680558531403,-0.30014153946096944
SGU,1839-01-25,0.056494462440000004,9.43554,2.29546,24611.3905012503,-0.022604510947366485,-0.034649834040068495
SGU,1840-01-31,0.08677655428,9.42323,2.33178,37214.726209162094,0.3228043740046247,0.30717950806705296
SGU,1841-02-06,0.09589657480000001,8.71254,2.36247,40591.65822211499,0.07449114440712656,0.06422665534342875
SGU,1842-02-12,0.09475481704,7.72801,2.38452,39737.48051599483,-0.007731525975989362,-0.014525423738051768
SGU,1843-02-18,0.09347476372,7.75972,2.40308,38897.899245967674,-0.01729960315192436,-0.02307535382930337
SGU,1844-02-24,0.13276606252,7.18786,2.41982,54866.09025464704,0.4199036388586168,0.4121916555389131
SGU,1845-03-02,0.1043709082,6.22869,2.42764,42992.74529996211,-0.2096306291588368,-0.21142750932572196
SGU,1846-03-08,0.10332046868,6.93218,2.43748,42388.2323875478,-0.025130183837772546,-0.02812902998559519
SGU,1847-03-14,0.1018056884,7.96587,2.45799,41418.267934369134,-0.013475043620167937,-0.0198690339907327
SGU,1848-03-20,0.10689593564,6.85914,2.47111,43258.26678699046,-0.14921962817188095,-0.1523198118057344
SGU,1849-03-26,0.1054895998,6.8411,2.48298,42485.07833329306,-0.002670822713087162,-0.006226302717979859
SGU,1850-04-01,0.10907616251999999,7.72937,2.49914,43645.47905279416,0.028429605961077353,0.02326036881385929
SGU,1851-04-07,0.10950841408,7.56127,2.51592,43526.19084867564,0.004091189476030044,-0.0009015626781218034
SGU,1852-04-13,0.10959059384,7.51346,2.53251,43273.50882721095,-0.0018111426677944742,-0.006731971539323145
SGU,1853-04-19,0.11401106548,8.23405,2.55512,44620.63053007295,0.05410244210505688,0.0468806754655009
SGU,1854-04-25,0.11386862136,8.23068,2.57821,44165.76669860097,0.002994919286174458,-0.0038498619111732024
SGU,1855-05-01,0.11281595936,8.27241,2.60505,43306.63878236502,-0.00855306230456454,-0.016335668505000456
SGU,1856-05-07,0.11276394272000001,8.43032,2.63446,42803.43703073875,-0.001246888638591459,-0.009692220860764711
SGU,1857-05-13,0.10979970248000001,8.24412,2.66255,41238.55044224522,-0.025190483856353474,-0.032887476658993164
SGU,1858-05-19,0.11159598996,7.91553,2.68725,41527.952352777,0.02060220048402539,0.013501960166930171
SGU,1859-05-25,0.11170831568,7.92695,2.71214,41188.25565051951,0.011805267038710765,0.004757230784162125
SGU,1860-05-31,0.11180621192,7.93724,2.73759,40841.1091215266,0.0008266768266160796,-0.006149350543237397
SGU,1861-06-06,0.11251154148,7.96602,2.76333,40715.926610285416,0.004931361395294376,-0.002151823729000135
SGU,1862-06-12,0.11595145484000001,8.22011,2.79002,41559.363316391995,0.01567539123780648,0.008176212621372025
SGU,1863-06-18,0.11626011591999999,8.52659,2.81896,41242.201350852796,-0.0014352138022910577,-0.009077267207795225
SGU,1864-06-24,0.11952891652,8.4277,2.85276,41899.394453091045,0.030513443657905093,0.021450273153118316
SGU,1865-06-30,0.11816127804,8.5243,2.88849,40907.629259578534,-0.012293083630442792,-0.02167040649858276
SGU,1866-07-06,0.11865815936,8.51951,2.92583,40555.384065376325,0.006134602231311126,-0.0034875897319820437
SGU,1867-07-12,0.11915137728,8.51433,2.96343,40207.252163877674,0.0034502444486534944,-0.006183847246047702
SGU,1868-07-18,0.11989369547999999,8.52663,3.00133,39946.8553874449,0.0008672665126012724,-0.008698678771678958
SGU,1869-07-24,0.11944102664,8.51558,3.03719,39326.16222231734,-0.0023369843249442246,-0.011195422044091852
SGU,1870-07-30,0.11928459712,8.54128,3.07198,38829.87425699386,0.0005241118848213766,-0.008078655701109994
SGU,1871-08-05,0.11936650232,8.54135,3.10777,38409.052896449866,0.0006926198203600631,-0.007950602194743861
SGU,1872-08-11,0.11938880616,8.48343,3.1450699999999996,37960.619687320155,0.002165117349925083,-0.006549137099091551
SGU,1873-08-17,0.12004595096000001,8.47546,3.18865,37647.89204208678,-0.00620979114757958,-0.01662413089667969
SGU,1874-08-23,0.12898240576,9.13587,3.22911,39943.63950438356,0.08811681328360321,0.07780700443869493
SGU,1875-08-29,0.12564779136,9.26554,3.2782799999999996,38327.35195285333,-0.02067004492173541,-0.031463595037217185
SGU,1876-09-04,0.13462044232,9.81166,3.33563,40358.32580951724,0.05344852965831293,0.039538595860475256
SGU,1877-09-10,0.1304805268,9.71342,3.39569,38425.33529267984,-0.02912956477411599,-0.04190290584922751
SGU,1878-09-16,0.13683767916,9.8218,3.45478,39608.217935729626,0.039600025088997626,0.02615244167037556
SGU,1879-09-22,0.13678552004,9.76356,3.51813,38880.1778331102,-0.0027248807204457437,-0.01634892801250576
SGU,1880-09-28,0.13844642552,9.82459,3.58087,38662.790193444605,0.020838681900628542,0.007230953778556204
SGU,1881-10-04,0.13942519915999999,9.35994,3.63475,38358.95155375198,0.006685192411493901,-0.0045124266324771956
SGU,1882-10-10,0.14243080019999999,9.58334,3.6907499999999995,38591.28908758383,-0.0028949004360565578,-0.014273735917729735
SGU,1883-10-16,0.1476120048,9.91016,3.75467,39314.241944032365,0.02589369869459479,0.012896349183565192
SGU,1884-10-22,0.17518825012,9.21225,3.81252,45950.775371670185,0.1894319167807943,0.1754514659943447
SGU,1885-10-28,0.17780364472000001,9.56326,3.86797,45968.20676478877,0.022139934305681175,0.011255212895362687
SGU,1886-11-03,0.17636494304,9.53276,3.93206,44853.06507021765,-0.0058210515249605965,-0.018053636112209337
SGU,1887-11-09,0.17796662156,9.5586,3.99962,44495.88249883739,0.006938311225263227,-0.006071188926038307
SGU,1888-11-15,0.177908237,9.62678,4.06522,43763.49545658045,0.004586623569632575,-0.007626061381670213
SGU,1889-11-21,0.180449451,9.62497,4.13221,43668.99334738554,0.012347490686253071,-0.00012137314834104185
SGU,1890-11-27,0.18623144956,9.7459,4.19897,44351.69804975982,0.007942894610936113,-0.004292864758600468
SGU,1891-12-03,0.18483488608,9.77619,4.26367,43351.12381586755,0.003874927501517078,-0.00760064118543724
SGU,1892-12-09,0.18367063988000001,9.67211,4.32886,42429.33240622243,-0.002105820978869022,-0.013449883449939026
SGU,1893-12-15,0.1811657042,9.59439,4.39434,41227.056668350655,-0.01037856408785598,-0.02163796582984101
SGU,1894-12-21,0.17333982952,9.20268,4.46035,38862.38288923515,-0.03362245976273004,-0.04418825518785663
SGU,1895-12-27,0.1754229282,9.22197,4.52227,38790.90107401814,0.006516948841913006,-0.004104211579113892
SGU,1897-01-02,0.18093317528,9.22867,4.58698,39444.94531914245,0.022711630191375898,0.011975603499355003
SGU,1898-01-08,0.18191551611999998,9.21851,4.652,39104.79710232158,0.004203164394507741,-0.006462362601960869
SGU,1899-01-14,0.17812060708,9.19785,4.71726,37759.33636899386,-0.022227135715329638,-0.03255350593136286
SGU,1900-01-20,0.17958548712,9.19726,4.7848,37532.49605417155,0.0067506934207641756,-0.003885428049763884
SGU,1901-01-26,0.18057643812000002,9.04243,4.851160000000001,37223.35237757567,0.0038664510267767405,-0.006544818247913975
SGU,1902-02-01,0.1814376538,9.03383,4.92283,36856.3720055334,0.0036497151992149757,-0.007450571842557152
SGU,1903-02-07,0.18355221455999998,8.51663,5.00287,36689.38320603973,-0.0006004748174358587,-0.012419328612418346
SGU,1904-02-13,0.18068303187999998,8.43591,5.07308,35616.04230171809,-0.0039012289655997456,-0.014540227898087954
SGU,1905-02-19,0.18878733484,8.89915,5.152770000000001,36638.02864090576,0.018922241598509304,0.0068448424282792075
SGU,1906-02-25,0.19018361439999998,8.91523,5.23524,36327.5827660241,0.005665316324564795,-0.00603817565570286
SGU,1907-03-03,0.19213692628,9.85802,5.32311,36094.86301804773,0.008089929616485136,-0.004905501880435925
SGU,1908-03-09,0.19364545147999998,9.50959,5.41437,35765.093903815214,0.0055562131682522775,-0.006990167553594939
SGU,1909-03-15,0.19536915632000001,9.47202,5.50043,35518.88785422231,0.0066330306134512185,-0.005305933893435921
SGU,1910-03-21,0.19694287132000002,8.87073,5.57493,35326.519134769405,0.006277866852772762,-0.003932916099634309
SGU,1911-03-27,0.19753771075999998,8.86746,5.61789,35162.26034329615,0.004169260282695486,-0.00414805273748009
SGU,1912-04-02,0.23695809228,7.30222,5.56709,42564.085057004646,0.234815933931819,0.2886145160859108
SGU,1913-04-08,0.23062230464,7.76938,5.60182,41169.17441831405,-0.021034678903816495,-0.026010724967411303
SGU,1914-04-14,0.22950603572,8.16141,5.6474899999999995,40638.59089967402,-0.0040577244182155026,-0.009783642914071189
SGU,1915-04-20,0.23132161052,8.6713,5.69586,40612.235995969,0.006311110208813142,-0.0006097327252532203
SGU,1916-04-26,0.24004662968,8.73877,5.75622,41702.12911945687,0.02884009375457297,0.020794201901779497
SGU,1917-05-02,0.24382397624,8.86478,5.81764,41911.14889199057,0.012639764312559088,0.004570536284373761
SGU,1918-05-08,0.24476013691999998,8.66367,5.86878,41705.45444197942,0.0027889747245362084,-0.003845377415937379
SGU,1919-05-14,0.24513617544,8.66471,5.92376,41381.854673383124,0.0016801221777873465,-0.005323639052786766
SGU,1920-05-20,0.23735950472,7.77094,5.953420000000001,39869.43718400515,-0.0029695266522818953,-0.006696461285060407
SGU,1921-05-26,0.23684559912,7.76417,5.975079999999999,39638.900085019784,-0.003549882897282308,-0.006545630116135959
SGU,1922-06-01,0.23710795784,7.77466,5.99046,39580.92664670159,0.0000969307918476936,-0.0016571209777036522
SGU,1923-06-07,0.23754891368,7.77919,6.003619999999999,39567.613153397455,0.0009442449820764587,-0.000812887941360585
SGU,1924-06-13,0.23370682972,7.1709,6.00744,38902.89869228823,0.0058643542087482015,0.004781378716551821
SGU,1925-06-19,0.23398785592000002,7.1722,5.99292,39044.04796326332,0.005219824014190966,0.0073347985111553715
SGU,1926-06-25,0.21838815179999999,7.85137,6.03002,36216.82047489063,0.0005527205830970772,-0.0045339238023499595
SGU,1927-07-01,0.22698419536,7.91206,6.07792,37345.703029983946,0.027568822800397852,0.021502889507502232
AGC,1848-10-02,0.0034075459599999997,6.60936,0.12082,28203.492468134416,-0.007975508880559312,-0.009161764261094607
AGC,1849-10-15,0.00313788904,6.67863,0.12082,25971.602714782322,-0.062081222305756634,-0.06191927347340187
AGC,1850-10-14,0.0024761453599999998,6.75122,0.12082000000000001,20494.4989240192,-0.1901257723421651,-0.189585448247648
AGC,1851-10-27,0.00230634196,5.86453,0.12010313537794397,19203.01208409204,-0.0475267529450113,-0.047475442652953115
AGC,1852-11-09,0.0021483716800000004,5.93423,0.12081999999999998,17781.58980301275,-0.052364822777347664,-0.051976262419250685
AGC,1853-11-01,0.00180699012,6.02267,0.12082,14956.051316007284,-0.14353647263683733,-0.14299238109695234
AGC,1854-11-07,0.0018002504,6.13487,0.12082,14900.268167521934,0.01397298937296787,0.014282045580247038
AGC,1855-11-20,0.0016402952800000001,6.25443,0.11953664655550955,13722.112233073995,-0.06220544140183337,-0.06136497650517658
AGC,1856-11-19,0.00152248616,6.26744,0.12082,12601.27594769078,-0.05953133549387335,-0.05907060264337649
AGC,1857-12-02,0.0002488122,7.01874,0.12082,2059.3626882966396,-0.8109334194506641,-0.7891085160441387
AGC,1858-12-15,0.00019109896000000002,6.85464,0.12082000000000001,1581.6831650389008,-0.19060827902840483,-0.19128196085513882
AGC,1859-12-07,0.000036673,6.93198,0.12082,303.53418308227117,-0.7870757282959817,-0.7873114659144975
AGC,1860-12-13,0.00002661724,6.0615,0.12082,220.3049164045688,-0.2270357609986039,-0.2297404395339815
AGC,1861-12-26,0.0000236964,6.09933,0.12082,196.1297798377752,-0.09089793030846649,-0.08929213797513891
AGC,1862-12-25,0.00002004652,6.04241,0.12082,165.92054295646417,-0.13828665947946106,-0.13110147780290438
AGC,1864-01-07,0.00001720732,6.00928,0.12082,142.42112233073993,-0.14380258186125705,-0.14325957822105784
AGC,1865-01-20,0.00001476904,5.47873,0.12082,122.24002648568118,-0.10925565843373208,-0.10764107075530971
AGC,1866-01-12,0.00001476904,5.58866,0.12082,122.24002648568118,-1.1102230246251565e-16,0
AGC,1867-01-18,0.0000118482,5.71767,0.12082,98.0648899188876,-0.0965558680176416,-0.10075775515036711
AGC,1868-01-31,0.0000118482,5.83828,0.12082,98.0648899188876,-1.1102230246251565e-16,0
AGC,1869-01-30,0.00000801684,5.1373,0.12082,66.35358384373448,-0.32429229756418687,-0.3206602455701787
AGC,1870-02-12,0.00000650572,5.31789,0.12082,53.84638304916405,-0.1895526583209014,-0.18940131024194062
AGC,1871-02-25,0.00003187652,6.31825,0.6089777026804802,52.344313855321964,0.23394879172994498,0.3648709135960355
AGC,1872-02-17,0.00002240316,7.85982,0.12082,185.42592286045357,-0.18005856055618752,-0.15245422616305837
AGC,1873-02-23,0.000019582159999999998,8.20222,0.12082,162.0771395464327,-0.1259197363229121,-0.12591973632291165
AGC,1874-03-08,0.000016925999999999997,8.63505,0.12082000000000001,140.09269988412512,-0.12301858980521363,-0.12376871917839183
AGC,1875-03-07,0.00001833572,8.8498,0.12082,151.76063565634828,0.08683280731107557,0.10003541961830176
AGC,1876-03-20,0.00001476904,9.23194,0.12082,122.24002648568118,-0.19452085873911718,-0.19452085873911684
AGC,1877-04-02,0.0000118482,9.81459,0.12082,98.0648899188876,-0.15192592070980915,-0.1595662277304415
AGC,1878-03-25,0.000009972559999999999,9.93409,0.12082000000000001,82.54063896705843,-0.02110745373418199,-0.015830590300636493
AGC,1879-03-31,0.00000773396,9.86963,0.12082000000000001,64.0122496275451,-0.129200286701724,-0.12519100833993058
AGC,1880-04-13,0.0000063060400000000005,9.77749,0.12082,52.19367654361861,-0.20045689474147677,-0.20000293953378978
AGC,1881-04-12,0.00000648752,13.28342,0.12082000000000001,53.69574573746068,0.028550410309095664,0.028119363079486925
AGC,1882-04-25,0.0000029208400000000003,12.6265,0.12082,24.17513656679358,-0.44429304264187275,-0.4706636742545687
AGC,1883-05-08,0.0000029208400000000003,12.93857,0.12082,24.17513656679358,0.19734037320040665,0.2352596212583995
AGC,1884-04-30,0.0000028392,13.26771,0.12081999999999998,23.49942062572422,-0.005590172690048134,-0.005590172690048134
AGC,1885-05-06,0.0000029208400000000003,13.77244,0.12082,24.17513656679358,0.005750915750915686,0.005750915750915908
AGC,1886-05-19,0.0000011284,14.11647,0.048327999999999996,23.34878331402086,-0.04247360066257155,-0.0026789451653411733
AGC,1887-05-18,0.000012811759999999999,13.3865,0.12082,106.04005959278265,8.22331029185868,8.74306780776827
AGC,1888-05-31,0.000012976599999999999,13.45039,0.12082,107.40440324449594,-1.1102230246251565e-16,0
AGC,1889-06-13,0.0000118482,13.85763,0.12082,98.0648899188876,-0.0487804878048782,-0.040609137055837574
AGC,1890-06-05,0.00000987272,14.1312,0.12082,81.71428571428571,-0.1673937532002051,-0.16665350010972124
AGC,1891-06-11,0.000009972559999999999,14.41504,0.12082000000000001,82.54063896705843,0.009826318006545431,0.009905856332902196
AGC,1892-06-24,0.00000819832,14.78195,0.12081999999999998,67.85565303757657,-0.17791219105224743,-0.17791219105224731
AGC,1893-06-23,0.00000819832,14.96803,0.12081999999999998,67.85565303757657,0,-2.220446049250313e-16
AGC,1894-07-06,0.00000463164,15.12236,0.12082,38.33504386690945,-0.25867055689458296,-0.28012812381073193
AGC,1895-07-19,0.00000461344,15.22207,0.12082000000000001,38.18440655520609,-0.013981512667939122,-0.014112495789828428
AGC,1896-07-11,0.00000463164,15.44154,0.12082,38.33504386690945,0.0039449954914339,0.0039449954914339
AGC,1897-07-17,0.00000463164,15.69209,0.12082,38.33504386690945,2.220446049250313e-16,2.220446049250313e-16
AGC,1898-07-30,0.0000029208400000000003,15.92196,0.12082,24.17513656679358,-0.15270187164224125,-0.16334839382354416
AGC,1899-07-29,0.0000029208400000000003,16.17967,0.12082,24.17513656679358,0,0
AGC,1900-08-11,0.0000028392,16.46666,0.12081999999999998,23.49942062572422,-0.02795086345024045,-0.02795086345024045
ASH,1880-04-20,0.37751129832,9.45908,8.12734,46449.55155315269,0.6043014392849093,0.6098802695928809
RUS,1847-09-19,33.44912919036,7.95221,630.98007,53011.387808746484,0.0267556109068543,0.020918825134183194
RUS,1848-10-02,33.70334971484,8.02368,630.98007,53414.28567599608,0.014403894977847997,0.016068698814531324
RUS,1849-10-01,34.49383640092,7.92598,639.9857489721351,53897.81953163751,0.011352378104618532,0.013170246038401778
RUS,1850-10-14,35.62613327104,7.93176,630.98007,56461.58248871474,0.024003054142649027,0.023567486376351088
RUS,1851-10-27,32.98965232316,7.82547,630.98007,52283.19227762614,-0.06778303301049904,-0.06886314645505309
RUS,1852-10-19,32.21447867404,7.84312,630.98007,51054.66908652123,-0.008772934996901904,-0.011860523578758664
RUS,1853-10-25,32.09125996128,7.68742,630.2694086074621,50916.734213998236,-0.004769585017170952,-0.0033776917750482083
RUS,1854-11-07,32.66104489128,7.53084,630.98007,51762.403353373746,0.015165179613115809,0.014355013677795458
RUS,1855-11-06,33.6527653384,7.5327,630.98007,53334.117729582176,0.015240136841895291,0.008805402658285777
RUS,1856-11-19,33.6848501184,7.81445,630.98007,53384.966847526586,-0.002627073778673772,0.0009602598012699026
RUS,1857-12-02,33.828950416560005,7.72476,633.2077853852343,53424.72281192653,0.012985104241783674,0.015988661230362577
RUS,1858-11-24,36.32452768308,9.09968,630.98007,57568.423172351555,0.06581850016698043,0.06517493212912995
RUS,1859-11-30,37.60184774996,9.17153,630.98007,59592.76613912702,0.02087231791868449,0.020943756337835406
RUS,1860-12-13,39.33296273192,9.03448,630.98007,62336.29967412441,0.044798435680632576,0.04378771823331862
RUS,1861-12-12,40.490642490999996,9.08562,630.98007,64171.03236081608,0.021052969984949543,0.021410851632668315
RUS,1862-12-25,41.0415054712,9.07555,630.98007,65044.05990382549,0.011690181578078107,0.009185816881546849
RUS,1864-01-07,41.05144462172,8.9811,630.98007,65059.8118284782,0.023278792222347855,0.02259024984840874
RUS,1864-12-30,39.854412910520004,8.94343,630.98007,63162.71274704446,-0.04617254864819276,-0.04523429873562046
RUS,1866-01-05,41.061495749559995,8.91637,630.98007,65075.74121883121,0.026403123695704744,0.027304582841290115
RUS,1867-01-18,41.68577612264,8.86628,630.98007,66065.12329722237,0.007551590086890103,0.008080921753842008
RUS,1868-01-17,40.62155075836,8.86457,630.98007,64378.50051010328,-0.020718285808652648,-0.019889714900634292
RUS,1869-01-30,44.89023782516,9.31941,638.1221780227723,70347.4026937174,0.06794723512951828,0.06875497080736115
RUS,1870-02-12,45.25209970996,9.34134,630.98007,71717.16170046385,0.0065310339237931725,0.009401022014746241
RUS,1871-02-04,47.01029400184,9.37392,630.98007,74503.61150367238,0.0319948011973652,0.03214066075285671
RUS,1872-02-10,49.169832803000006,9.26787,630.98007,77926.12657797577,0.023929805613244204,0.02382204884122152
RUS,1873-02-23,48.716195788520004,9.25238,608.7921450885434,80021.06495877121,0.014480295263210374,0.016669851173075845
RUS,1874-02-22,50.29309631164,9.21067,630.98007,79706.31514817894,0.012145360634476132,0.01231576011074309
RUS,1875-03-07,51.637061171279996,9.20411,630.3743528440214,81914.91442872355,0.02728054629761889,0.024867500679530696
RUS,1876-03-20,53.146250590159994,9.1,630.98007,84228.0970778681,-0.011089887417627287,-0.01617418560255912
RUS,1877-03-12,53.0404435054,9.19056,630.98007,84060.41018918395,-0.002710548533904733,-0.0016653312619357985
RUS,1878-03-18,55.71611161688,9.05015,630.98007,88300.90563221752,0.040600493798665704,0.04065804863416478
RUS,1879-03-31,57.71036610248,9.06722,630.98007,91461.47215470689,0.0229244702441187,0.024736015141936907
RUS,1880-03-30,59.83965981448,9.06277,626.5701535261067,95503.52738272701,0.02983661617128508,0.029908236799410348
RUS,1881-04-12,60.38944602288,9.07815,630.98007,95707.37475571931,0.003792158449192895,0.0018573567238608923
RUS,1882-04-25,63.124960077919994,9.30098,630.98007,100042.71621117923,0.021083866794780803,0.020348056140390147
RUS,1883-04-17,63.8844221158,9.28368,630.98007,101246.3390734354,0.00842400154882128,0.007753255187825436
RUS,1884-04-23,64.37879870604,9.19764,624.9602354998611,103012.63192297025,0.018872075975580493,0.01989748751293763
RUS,1885-05-06,66.70695342688,9.23637,630.98007,105719.58861851216,0.020957031384994274,0.020308171673199427
RUS,1886-05-05,69.42079516736,9.13918,628.9424003172106,110377.03155701893,0.030084142918397783,0.029286146503329835
RUS,1887-05-18,71.83596603039999,9.14401,630.98007,113848.23300425321,0.028995869289626608,0.027723888066308433
RUS,1888-05-31,72.52339765164,9.17453,634.5375875137845,114293.30441368774,-0.003097822323506194,-0.0048341940250599125
RUS,1889-05-23,73.18079437344,9.13652,630.98007,115979.5655248509,0.01591695378432978,0.015394075162456833
RUS,1890-05-29,75.61194217772,9.15081,639.5332759181631,118229.87954640153,0.018253308727894435,0.01662110483434276
RUS,1891-06-11,76.524086626,9.13626,630.98007,121278.13581497116,0.01630446265858443,0.01620735109089
RUS,1892-06-10,78.92855508251999,9.21865,1159.50149,68071.11138987841,0.01346496119515872,-0.44801930356794817
RUS,1893-06-23,80.34442847704,9.06436,1176.77347,68275.18679278178,0.017863490126642345,0.00928811183592182
RUS,1894-07-06,83.323679023,9.11892,1177.798321351114,70745.28593945953,0.027181560133314076,0.026657706721802787
RUS,1895-06-28,89.0588453118,9.21277,1191.8017,74726.22778755896,0.04436284330586582,0.03098522814483129
DAI,1855-06-05,2.67974390476,8.24589,69.26144,38690.27130767134,-0.06305224717585078,-0.05974765876817867
DAI,1856-06-18,3.6521744188799996,7.04061,69.26144,52730.26981362213,0.46752471040237453,0.4638717786000015
TIB,1927-11-04,0.3463573334,3.46349,27.04673,12805.88571705341,-0.7651385022069231,-0.7497066270648992
GBR,1849-10-15,38.68717722584,10.92069,288.30590545599097,134187.9458370841,0.02982247973006502,0.029913636090865836
GBR,1850-10-28,39.46595319992,10.84567,286.7208999999999,137645.88908558813,0.014443243955079899,0.01376449604380836
GBR,1851-10-27,41.57839588188,10.98671,294.2522,141301.90320371435,0.038555886213587964,0.011644097800074027
GBR,1852-11-09,44.16373603096,10.95057,294.2522,150088.0402286202,0.05201143532243946,0.0520311756798828
GBR,1853-11-22,46.1133644582,10.50614,304.53352854215314,151422.94734819996,0.03734774544308239,0.008226223141267974
GBR,1854-11-14,47.23168766368,11.06783,303.17482,155790.27197469762,0.031852640039293334,0.03158566651070638
GBR,1855-11-20,51.17929792664,11.18826,311.84232,164119.1545991577,0.07139815661288629,0.05863397913859547
GBR,1856-12-03,53.37581742064,11.19211,311.84232,171162.84095320996,0.030599093554636747,0.028632892015747924
GBR,1857-12-02,52.757964777960005,11.24946,299.52619,176138.06918840721,-0.00800905119412243,0.04067487138755954
GBR,1858-12-15,56.484094925959994,11.18558,299.52619,188578.1504647724,0.06197752321240335,0.0635336275614875
GBR,1859-12-28,58.53318026712,11.30962,309.48246,189132.46413745065,0.023281348307295557,-0.005751097213191336
GBR,1860-12-20,59.9062346948,11.52866,314.20187,190661.6109407624,0.02161893954910843,0.010747223481193835
GBR,1861-12-26,65.35065836104,11.63711,319.19053,204738.71314741072,0.06603327622362132,0.05060848808671681
GBR,1863-01-08,65.00686326368,11.70097,321.12442,202435.1286136383,-0.0009471530089755209,-0.005403919050879669
GBR,1864-01-07,69.0448904262,11.72637,327.86982,210586.29435975535,0.04079276459160175,0.02108734414970792
GBR,1865-01-20,79.23306246128,11.71551,350.0463710000966,226350.18964746856,0.07729532447990395,0.07085699830449399
GBR,1866-02-02,67.41379199984,11.85245,332.58224,202698.11160042702,-0.10324676740111494,-0.08096685449801055
GBR,1867-01-25,72.50394551244,11.81682,337.47888,214839.94942865756,0.038582185926144374,0.028862967541366746
GBR,1868-01-31,72.60288958363999,11.84338,327.22431,221874.98717207165,0.005858930441162702,0.010267439773206766
GBR,1869-02-13,75.7255775172,11.89849,329.58977187098145,229757.06159608287,0.024202161719262927,0.015708294302172465
GBR,1870-02-12,79.40602766512,11.85138,330.66015,240143.9292431217,0.04214376798027186,0.04046993948502231
GBR,1871-02-25,80.7407351374,12.0019,330.66015,244180.42251961722,0.005928654715318116,0.005449436349722392
GBR,1872-03-10,82.8407611174,12.19776,330.66015,250531.43270333606,0.03954680382474085,0.04188127199432512
GBR,1873-03-02,86.70207793468,12.50408,330.66015,262209.03224860935,0.021321778531008473,0.021002902320490957
GBR,1874-03-08,87.63086659184,12.6112,330.66015,265017.9242701003,0.0098195609883176,0.0072936148806588275
GBR,1875-03-21,89.71063171824,13.14165,330.66015,271307.6605035109,0.018474791409316627,0.016957418087835352
GBR,1876-03-20,92.09329169664,13.99159,329.4035478186012,279575.8949972048,0.024326569477186366,0.016569858435477203
GBR,1877-04-02,89.04896116376001,12.60722,330.66015,269306.60124529677,-0.04624271890757081,-0.05909462238699825
GBR,1878-04-15,92.69585348556,12.74689,330.66015,280335.7268348182,0.03818466866198178,0.04069885275506069
GBR,1879-04-07,102.83288114684001,13.31878,330.66015,310992.66466442967,0.05803121303656078,0.05646887815122015
GBR,1880-04-13,111.9986688418,13.82507,384.57490427782506,291227.19032360415,0.03668679495593197,-0.08653250705720317
GBR,1881-04-26,121.7368681074,13.81724,385.09081,316125.09295508766,0.0422000425876643,0.03706843726925224
GBR,1882-04-25,127.30741463232,13.75743,385.09081,330590.6329790628,0.039130397602009426,0.03935911879066545
GBR,1883-05-08,136.32051178979998,13.26321,385.09081,353995.7543775194,0.0827601408078038,0.08121037651508711
GBR,1884-05-21,132.72118769468,13.40923,384.93318424122697,344790.1950991768,-0.013541129675469166,-0.011710578855087084
GBR,1885-05-13,135.50188613260002,13.91722,465.56043000000005,291051.1233366633,0.03985632764632108,-0.13732479141893794
GBR,1886-05-19,147.46635793812,13.40203,465.56043,316750.19704342145,0.06702175714774516,0.06723081128007591
GBR,1887-06-01,135.39801963376001,13.55171,465.56042999999994,290828.0234077454,-0.09424829797965706,-0.09569886430525243
GBR,1888-05-31,136.51162269940002,13.61662,477.13657000000006,286105.9731795448,0.023737370800747337,-0.002392684137991874
GBR,1889-06-13,161.810655097,13.82735,487.51237999999995,331910.8636728364,0.06431222400472558,0.05250927279993145
GBR,1890-06-26,164.54007593088002,13.90543,493.79664,333214.2477333989,0.03253005149121457,0.01859783694561945
GBR,1891-06-18,174.94499753276,14.52651,488.36539,358225.62596575485,0.015203992687860213,0.024527873911733833
GBR,1892-06-24,181.53114197972,14.44762,508.646,356890.9260659083,0.024858428531017163,-0.006554308316055524
GBR,1893-07-07,190.92523954036,14.49987,520.7813,366613.0860312381,0.03891973049109332,0.025485245226881892
GBR,1894-07-06,198.88975326896,14.49661,525.63244,378381.80852947355,0.03126263953561437,0.0214081306347067
GBR,1895-07-19,214.80592472456,14.77444,535.1818892927695,401369.94360631495,0.07246735373945046,0.05660796933140255
GBR,1896-08-01,220.82033767924,14.97806,544.65209,405433.7470351761,0.015070104046344124,-0.0006877885077531953
GBR,1897-07-24,221.53538681924002,15.05686,556.82766,397852.6979411188,-0.0006286146872618303,-0.015570584053337777
GBR,1898-07-30,234.77593975055998,15.24147,559.98731,419252.2501100248,0.013277021244203047,0.003710777789678321
GBR,1899-08-12,229.30611938468002,15.52662,538.7957700205599,425590.05126549146,-0.020297638891069947,0.01566238327913072
GBR,1900-08-11,227.67113814432003,15.82991,532.39541,427635.4263541078,-0.006399158670909344,-0.044907657763097464
GBR,1901-08-24,238.58428303008,16.30818,536.41723,444773.71286168415,0.012187017970232805,0.009501262859888282
GBR,1902-09-06,236.05209402736,16.47428,541.51229,435912.7177471078,-0.006555726326090694,-0.023768813154933066
GBR,1903-08-29,235.26021331124,16.67931,547.96186,429336.8398144352,-0.02300207799131626,-0.027984841223262835
GBR,1904-09-04,238.41033813896001,16.61823,547.96186,435085.6428930291,-0.003300731542855151,-0.0038975931927254237
GBR,1905-09-17,234.92966121664,16.84855,586.17022,400787.4388716643,0.008727546284159171,-0.020987385638065903
GBR,1906-09-16,224.57388655000003,17.6927,563.1621548977338,398773.04360194626,-0.03576587643150353,-0.009209894170128186
GBR,1907-09-29,205.3033786726,18.02905,503.08403,408089.63598506595,-0.0932683438184232,0.03160650047564029
GBR,1908-10-12,201.46064423159999,18.18798,507.00695,397352.82569913485,-0.0267821188470988,-0.03566007217150691
GBR,1909-10-04,181.17171967388,19.08117,507.00695,357335.77157843695,-0.031913146632497114,-0.03525220181883093
GBR,1910-10-10,179.50128957124,18.46852,480.89585822752537,373264.3700298057,-0.012365010052941994,0.01446943764321662
GBR,1911-10-23,194.88604975683998,18.74887,531.34398,366779.444375826,0.06465906690736078,-0.02769825280752758
GBR,1912-10-22,189.94209571636,18.99896,523.799165312407,362623.8991867689,0.017891649396386544,0.008382162739073662
GBR,1913-11-04,191.09298167544,19.34372,549.00073,348074.1850296629,0.03521012974653481,0.029022518166966993
GBR,1914-11-17,188.20303572928,19.51222,546.0840983572028,344641.12083734985,-0.009751513358492558,-0.018130350666305417
GBR,1915-11-09,194.81517143503999,19.70831,557.37135,349524.910878609,0.021177494366217076,0.024879272334248803
GBR,1916-11-15,189.1130842068,19.76824,561.2720132662902,336936.60068006476,-0.008150788915201157,-0.024525263805147857
GBR,1917-11-28,170.78132690788001,20.42297,566.51662,301458.6348903233,-0.05083526723920728,-0.051260745532233365
GBR,1918-11-27,168.59796924776,20.2185,537.49768,313671.99435681285,-0.0034538707243546574,0.0458705768068246
GBR,1919-12-10,146.74607951536,20.30088,513.09157,286003.6845184574,-0.09022822229336314,0.02877161704281339
FRA,1877-10-08,28.863676430679998,10.1389,396.12956,72864.23267852062,0.0963786366925341,0.09648270168646378
FRA,1878-10-21,30.601220915720003,10.88298,406.00246,75372.00862211525,0.03943410540222003,0.023701552888473865
FRA,1879-10-20,31.11091218976,10.78148,417.80316207676407,74463.08456622908,0.00037393418290254665,-0.008140020506975598
FRA,1880-11-02,30.69952606032,10.85585,423.0557299999999,72566.1511789948,-0.002947336652136423,-0.024777964529896557
FRA,1881-11-15,31.60571885484,10.86185,430.2588,73457.46061403044,0.022760490438360925,0.011608202671881784
FRA,1882-11-07,32.4242140352,10.97779,435.99984,74367.4906743085,0.016188138714067657,0.005477097690549604
FRA,1883-11-13,35.565855248039995,10.9467,442.0173178690613,80462.58327501925,0.06112459682272231,0.0523309649324335
FRA,1884-11-26,35.941344291840004,11.03993,447.88232,80247.29418173953,0.02583497850026517,0.01337236932802055
FRA,1885-11-25,37.76661210712,11.09582,453.06185,83358.62334716551,0.03289448867640066,0.02376553407367732
FRA,1886-12-08,41.25531354048,10.99296,455.72369,90527.0330372336,0.08602651960528651,0.0893123514296641
FRA,1887-12-21,42.56598281832,10.91949,460.13065629217994,92508.46957541312,0.022623652872350686,0.02021234921444237
FRA,1888-12-13,43.103630287639994,10.88908,455.72369000000003,94582.81681086186,0.019207766502966184,0.019951471996934034
FRA,1889-12-19,45.1092714332,10.86905,455.72369,98983.81941303074,0.02587302295556171,0.025585531481249646
FRA,1891-01-01,45.109073294480005,10.7521,455.72369,98983.38463484311,0.004555849073295759,0.006264250961419693
FRA,1891-12-31,46.40018786052,10.75428,455.72369,101816.49292912554,0.01631216271370861,0.014748720508456659
FRA,1893-01-13,49.10275337032,10.82396,455.72369,107746.76508548415,0.03517229947895495,0.03230733640775907
FRA,1894-01-26,51.55526760956,10.72834,455.72369000000003,113128.34671719611,0.04057105536637007,0.04000362851056227
FRA,1895-01-18,54.52137854696,10.76681,455.72369,119636.91979005965,0.040713310214433696,0.041305567191368686
FRA,1896-01-24,57.361929543360006,10.69959,455.72369,125869.97516710182,0.03752251269430973,0.03819502790249896
FRA,1897-02-06,60.3043395292,10.64428,455.72369000000003,132326.54095555138,0.04088480902534064,0.041958764818550875
FRA,1898-02-05,63.79202006008,10.61256,455.7236899999999,139979.6004901128,0.03761070664871924,0.03790737823798351
FRA,1899-02-18,71.32913138936,11.08005,460.893728671317,154762.64256185584,0.07393743839548295,0.07394143361891636
FRA,1900-03-03,79.01796514040001,11.3092,455.7236899999999,173390.0757724489,0.0990480661257731,0.10200819316128928
FRA,1901-02-23,91.27390644840001,11.06968,455.72369,200283.43588721493,0.09840855269739879,0.09627585588355725
FRA,1902-03-01,97.59039030103999,11.19195,455.72369,214143.77273439526,0.035461692507362974,0.03678693547143541
FRA,1903-03-14,87.61089863708,11.32338,458.8407167736751,190939.67783224085,-0.09115559864007572,-0.08772088806849232
FRA,1904-03-13,94.35125937276,11.87467,455.7236899999999,207036.10859632952,0.06232344234873932,0.06161656309753183
FRA,1905-03-26,100.33975384888,12.10593,455.72369,220176.7343911395,0.04073541712444784,0.0409005399843152
FRA,1906-04-08,106.1328829626,12.27381,455.72369,232888.66761041104,0.03179883033025166,0.029739895274430328
FRA,1907-03-31,118.04304825404,12.82472,455.72369,259023.28723363054,0.08244942686398393,0.08299962371507053
FRA,1908-04-06,127.34369664847999,12.65758,455.72369,279431.8123959718,0.05656260128608759,0.05679134719437018
FRA,1909-04-19,132.11036093944,12.67386,455.72369,289891.36145070713,0.021075070249116257,0.023319140541189887
FRA,1910-04-18,144.85737604,13.16769,456.98021949643544,316988.2849625834,0.07235124131075565,0.07235899323979322
FRA,1911-05-01,160.04400919676,13.11838,455.72369,351186.5033761137,0.07103270259214334,0.0726722191635194
FRA,1912-05-14,168.12154294884,13.58039,455.72369,368911.1332984248,0.03557560852535757,0.03854481524603881
FRA,1913-05-06,178.25254273267998,13.83835,455.72369,391141.7085486164,0.024185786862011893,0.022843461641496532
FRA,1914-05-12,171.28306567476002,13.31534,450.00208020367603,380627.2753166727,-0.039431078296489175,-0.0368719213324602
FRA,1915-05-25,156.62601669156,12.6934,455.72369,343686.3611184225,-0.0785398055099189,-0.07898118760613348
FRA,1916-05-24,195.89821444492,13.14447,662.45678,295714.7097881918,0.19801787415915362,-0.174457975636386
FRA,1917-06-06,181.7481914118,12.85046,675.0894,269220.9230537467,-0.06020418212615275,-0.07057444543577218
JAS,1837-01-13,0.00934509316,8.54719,0.51271,18226.859550233075,0,0
JAS,1838-01-19,0.00931460244,8.53246,0.52695,17676.444520352976,0.0019066384197148345,-0.01896263754812566
JAS,1839-01-25,0.009612526560000001,8.51442,0.54198,17735.94331894166,0.022401403150920096,0.0017721915180646253
JAS,1840-01-31,0.01025751064,8.26605,0.55589,18452.41080069798,0.05907508185110322,0.038398526029447044
JAS,1841-02-06,0.01058451992,8.33962,0.57974,18257.35660813468,0.020089700018969925,-0.0005035223212894735
JAS,1842-02-12,0.09358266164000001,7.25878,0.62816,148979.02069536425,2.138063522962574,2.0404017798016763
JAS,1843-02-18,0.09410264968,7.05844,0.63752,147607.3686786297,-0.00207880880997402,-0.013517542751089406
JAS,1844-02-24,0.08642749128,7.15272,0.64909,133151.78369717606,-0.052871876355511604,-0.06471399402221034
JAS,1845-03-02,0.10345945896,7.64632,0.7256399999999998,142576.84107822063,0.1547213392893012,0.06025407628276924
JAS,1846-03-08,0.11823189871999999,7.67928,0.79033,149598.14092847292,0.10948825563875397,0.0348843812045323
JAS,1847-03-14,0.12449076432,7.71427,0.8416199999999999,147918.02038924932,0.00874253852734408,-0.041675390201592166
JAS,1848-03-20,0.12393029844,7.70767,1.00771,122982.10639965862,-0.008756386031278374,-0.15595066454127604
JAS,1849-03-26,0.12701811876,7.666,1.11237,114186.93308881037,0.026532171951428207,-0.05507728262700595
JAS,1850-04-01,0.12622294464,7.7304,1.19744,105410.66328166756,-0.004259520950493423,-0.049138460680087204
JAS,1851-04-07,0.12302245696,7.72879,1.29965,94658.14408494595,-0.020365621269549217,-0.08187841071587698
JAS,1852-04-13,0.12203795552,7.72426,1.33307,91546.5470830489,0.01879986529619626,0.002794336609827086
JAS,1853-04-19,0.1332513052,7.87214,1.38466,96233.95288374042,0.0280781778774426,-0.002356726187043079
JAS,1854-04-25,0.12639522324,7.87906,1.47897,85461.65455688757,-0.03113239315963856,-0.08402694574338099
JAS,1855-05-01,0.122443321,8.55895,1.4991999999999999,81672.43930096051,-0.03011898188273676,-0.03983866058519003
JAS,1856-05-07,0.12553046064,8.52635,1.51337,82947.63385028116,0.01317526056183449,0.005284210532147338
JAS,1857-05-13,0.12319346728,8.59032,1.52876,80583.91590570136,-0.021620590999740896,-0.027414613544232025
JAS,1858-05-19,0.1238816696,8.02433,1.5562900000000002,79600.63330099145,0.022108293290537206,0.008821458894728407
JAS,1859-05-25,0.12203914268,8.02951,1.64077,74379.18945373209,-0.008117544348088424,-0.03272126519362106
JAS,1860-05-31,0.1321862412,7.90919,2.00356,65975.68388268881,0.06347340624966957,-0.08731854321684052
JAS,1861-06-06,0.13611900692,7.86067,2.44993,55560.36577371599,0.02577711621023604,-0.12816776118088868
JAS,1862-06-12,0.21363554576000002,7.97387,2.63043,81216.9667164684,0.32205932739766974,0.2550407063997322
JAS,1863-06-18,0.24866202971999998,8.00371,2.7993000000000006,88830.07527596183,0.08137308443105606,0.04274111515046841
JAS,1864-06-24,0.30561241567999997,8.16984,3.24863,94074.24535265635,0.20678525380647117,0.07525257643346839
JAS,1865-06-30,0.30111625076000004,8.11444,3.67768,81876.68605207631,-0.017229937880982704,-0.10364770093595899
JAS,1866-07-06,0.28609318296,8.74328,4.05051,70631.39776472593,-0.047268238605639445,-0.11538955443735333
JAS,1867-07-12,0.29280946655999995,8.70825,4.24665,68950.69444385574,0.012236113207207966,-0.023664574377947667
JAS,1868-07-18,0.35806692219999997,8.77999,4.62611,77401.29875856821,0.2047606470811918,0.12540201013634844
JAS,1869-07-24,0.7097633670400001,8.68813,5.00157,141908.11426012233,0.8647764365306261,0.7474177340522241
JAS,1870-07-30,0.87098396476,8.57721,5.17937,168164.0749280318,0.16737562810066575,0.1392067885833197
JAS,1871-08-05,0.8381383311599999,8.48234,5.2616,159293.43377679793,-0.03197266773612917,-0.04222850756408014
JAS,1872-08-11,0.89006663564,8.52689,5.34188,166620.48485551903,0.05902731308995324,0.04624682526500723
JAS,1873-08-17,0.9253396911199999,8.62814,5.39946,171376.33969322857,0.027185712618438274,0.018909198385669512
JAS,1874-08-23,0.9374691918800001,8.75067,5.46011,171694.19514991457,0.01694765556076039,0.008252993040207324
JAS,1875-08-29,0.9581052676,8.88481,5.51897,173602.18801696692,0.02592458741682213,0.017837129839795463
JAS,1876-09-04,0.96961483164,8.89477,5.56889,174112.76423847483,0.0401306954840106,0.031069836756538072
JAS,1877-09-10,0.9725027119599999,9.24076,5.62453,172903.81808968927,0.03547838680545423,0.02556098833753695
JAS,1878-09-16,1.18852223776,9.80625,5.66879,209660.6573466295,0.16787017370651558,0.15707987474786123
JAS,1879-09-22,1.10008539784,10.73691,5.76339,190874.71051585957,-0.099437887944405,-0.11096145757462372
JAS,1880-09-28,1.07422874572,10.81287,5.88401,182567.45751961673,-0.04085671187247819,-0.05593324750085926
JAS,1881-10-04,0.90798541704,10.72498,5.98293,151762.66762940565,-0.16351631803646915,-0.17410631586628644
JAS,1882-10-10,1.0741032213600001,10.83577,6.073799999999999,176842.04638941027,0.08165384181763424,0.0692168382509597
JAS,1883-10-16,1.29239491368,11.35799,6.20941,208134.89746690908,0.1881557517895236,0.16709369185080591
JAS,1884-10-22,1.20070502188,10.5083,6.27728,191277.91366324265,0.007369933910442716,-0.0005420451086473044
JAS,1885-10-28,1.132364753,10.67878,6.344170000000001,178489.03055876496,-0.04048202240313736,-0.04798142470585742
JAS,1886-11-03,1.17159957824,10.57212,6.408550000000001,182818.20041038922,0.023379866485053746,0.016082200768916532
JAS,1887-11-09,1.17774860424,10.35574,6.48313,181663.57982024114,0.03318114729491661,0.02404701927860753
JAS,1888-11-15,1.1682943344799999,10.41435,6.56431,177976.71567613352,-0.04932448833041114,-0.05798548669718029
JAS,1889-11-21,1.16392982836,10.50089,6.64782,175084.43796011322,0.006192451836539048,-0.003540983512069551
JAS,1890-11-27,1.2328534842,10.62214,6.64277,185593.28174842725,0.03629057300303029,0.03975885325500683
JAS,1891-12-03,1.27876844576,11.03876,6.6355900000000005,192713.60131653704,0.05234561458429021,0.05570570555704912
JAS,1892-12-09,1.36424715544,11.31786,6.69801,203679.47426773026,0.046364514845559146,0.0391197404492758
JAS,1893-12-15,1.4110185648,11.40313,6.769879999999999,208425.93440356405,0.019370858144140524,0.010958922715332386
JAS,1894-12-21,1.4008214064,11.29448,6.8395,204813.42296951532,-0.0023816490502455157,-0.009956191764219358
JAS,1895-12-27,1.49398099032,11.36688,6.9078,216274.49988708418,0.07104697279397554,0.06296215569105956
JAS,1897-01-02,1.514272526,11.26932,6.98745,216713.18234835312,0.013772252016701847,0.0051811256145963824
JAS,1898-01-08,1.43908681176,11.2133,7.06368,203730.46510600706,-0.0398349697307856,-0.04779714599679186
JAS,1899-01-14,1.47315502724,11.0957,7.13924,206346.1975280282,0.0192838587827302,0.010982045302041277
JAS,1900-01-20,1.74717270832,10.75498,7.22385,241861.70924368585,0.15392348456104,0.14395364407544253
JAS,1901-01-26,1.69751335468,10.69984,7.30949,232234.17156053297,-0.01321401332506178,-0.022031625140378375
JAS,1902-02-01,1.76170500948,10.75182,7.40211,238000.38225316835,0.011104541582707572,0.0013312659297759488
JAS,1903-02-07,1.77284085784,10.60207,7.44394,238158.9397335282,0.0027414007294677134,-0.0017786195848753517
JAS,1904-02-13,1.8098567676800001,10.38171,7.50102,241281.42141735394,0.014151750135718233,0.008013703217996326
JAS,1905-02-19,1.8433703880799999,10.32165,7.58624,242988.67265997385,0.023825013971453535,0.01506497451340727
JAS,1906-02-25,1.7916499665999999,10.32957,7.67398,233470.76309815765,-0.040554275588735256,-0.04868058111413387
JAS,1907-03-03,1.82990103504,10.37168,7.75896,235843.5969562931,0.01126952776941148,0.002794176569951068
JAS,1908-03-09,1.9156128992,10.37782,7.85019,244021.21467123728,0.009558536599259426,0.0007826867418636585
JAS,1909-03-15,1.85258994596,10.46685,7.89003,234801.38173872593,-0.010798210489561089,-0.01635807050147553
JAS,1910-03-21,1.83258815376,10.4805,7.84964,233461.4267354936,-0.0020354650519394113,0.0025384232317773314
JAS,1911-03-27,1.81527953464,10.58365,7.92322,229108.81366919004,-0.018153612106742045,-0.024877104103826486
JAS,1912-04-02,1.70485390816,10.7171,7.878910000000001,216381.94980777797,-0.04820029702981343,-0.04043599597335723
JAS,1913-04-08,1.78060803284,11.07156,7.9764,223234.54601574645,-0.0005260158630115974,-0.009973653330249688
JAS,1914-04-14,1.8354993638800001,11.06276,8.08438,227042.6877361035,0.01641818699290387,0.0062889141014705885
JAS,1915-04-20,1.8663701175599998,11.09745,8.18958,227895.70619738742,0.019291791327406438,0.009295188184104575
JAS,1916-04-26,1.91401323932,11.16833,8.29168,230835.39636358374,0.044162461500104166,0.03447364354697302
JAS,1917-05-02,2.04350372824,11.05259,8.39146,243521.83389302934,0.04272986900853737,0.03328386058438304
JAS,1918-05-08,2.2098351652000003,11.07306,8.50102,259949.41374093932,0.0743822746857048,0.06374538939032437
JAS,1919-05-14,2.2878621786799997,11.09911,8.61539,265555.2654818876,0.026854003863464815,0.0166753158363675
JAS,1920-05-20,2.41764319732,10.99417,8.72952,276950.3016569066,0.04011905112401126,0.029756698106548907
JAS,1921-05-26,2.61349541388,10.92105,8.84218,295571.38781160297,0.0032242787880141233,-0.006516910899983186
JAS,1922-06-01,2.60385900216,11.10779,8.96094,290578.7788066877,0.0020524462024167356,-0.007946628605707273
JAS,1923-06-07,2.87506709412,11.55782,9.08859,316338.07819694804,0.08483069554132827,0.0732449859096056
JAS,1924-06-13,2.7471943995599997,11.41653,9.20583,298418.98009848106,-0.05911448034396949,-0.06830218771481988
JAS,1925-06-19,2.45300760224,11.65425,9.339049999999999,262661.36301229784,-0.06857453791221879,-0.07844978568312722
JAS,1926-06-25,2.63516242756,11.75183,9.47328,278167.9025173963,0.030405513363628955,0.01936499845507078
JAS,1927-07-01,3.05440045872,10.13446,9.48546,322008.68051944766,0.1567195979971403,0.15719835588193098
MBS,1837-01-20,0.0153513984,7.71069,0.2736193842859558,56104.93730208993,0,0
MBS,1838-01-19,0.01514454032,7.90243,0.30001,50480.11839605346,-0.009371896693446624,0.003924840734822688
MBS,1839-02-01,0.01686903972,8.15634,0.30001,56228.258124729175,0.08787936535585539,0.08934346315876152
MBS,1840-02-14,0.016110490760000002,8.79471,0.30001,53699.845871804275,-0.09621933256816817,-0.08878300530556593
MBS,1841-02-06,0.012526661679999999,6.55879,0.30001,41754.14712842905,-0.22736837857050463,-0.2305557907203143
MBS,1842-02-12,0.009656417680000001,5.11879,0.30001,32186.986033798876,-0.12808773848900623,-0.11445759668921829
MBS,1843-02-25,0.0066759758,5.13636,0.30001,22252.510916302792,-0.12521167032422886,-0.12160460030050979
MBS,1844-02-24,0.00610939056,5.19993,0.28854141006168565,21173.35795473484,-0.04913156692621534,-0.04272720439213862
MBS,1845-03-09,0.00657881328,5.18016,0.30001,21928.646645111832,0.030986798813605887,0.029611259664361844
MBS,1846-03-22,0.0070160599599999995,4.77469,0.30001,23386.086997100094,0.06079165937111841,0.07060512944440722
MBS,1847-03-14,0.00743180516,4.79532,0.30001,24771.858138062064,0.016115736884077414,0.014304197337204227
MBS,1848-03-20,0.0072444632000000005,5.18926,0.28544184574517817,25379.821872604247,-0.023937182782344357,-0.01862062878208459
MBS,1849-04-02,0.0066591907199999995,5.1503,0.30001,22196.562514582845,-0.071348969097622,-0.07860410569003273
MBS,1850-04-01,0.0066542294,5.15655,0.30001,22180.025332488916,-0.024966467914836477,-0.02786750841710628
MBS,1851-04-14,0.006813261,5.29654,0.30001,22710.11299623346,0.010797196317474667,-0.0021509712882101795
MBS,1852-04-27,0.0064766728,5.30583,0.26891928566591317,24084.077064097863,0.0849176242692311,0.09337924132397535
MBS,1853-04-19,0.0039164460399999995,5.2272,0.30001,13054.384987167094,-0.1137939215204532,-0.11129912629487093
MBS,1854-04-25,0.00599482104,4.05633,0.30001,19982.070730975633,0.5151301034269453,0.5153614979635057
MBS,1855-05-08,0.006782867000000001,5.39537,0.30001,22608.80303989867,0.1749158455090991,0.17182727135505993
MBS,1856-05-07,0.00544914604,5.39808,0.30001,18163.214692843572,-0.08518997660865502,-0.10419211597393085
MBS,1857-05-20,0.00687561004,6.18146,0.30001,22917.936202126595,0.1487898366618401,0.12896212349375902
MBS,1858-06-02,0.0062778456,5.62323,0.30001,20925.454484850503,-0.04738883171650099,-0.04544382650603285
MBS,1859-05-25,0.0030071392,4.80662,0.30001,10023.463217892737,-0.345675332865211,-0.3403718624317158
MBS,1860-05-31,0.0027934566399999998,4.82085,0.30001,9311.211759608013,-0.004226564225836116,-0.003044198784641683
MBS,1861-06-13,0.00319163988,4.85966,0.30001,10638.444985167162,0.09864185724420205,0.0991762179141491
MBS,1862-06-12,0.0033521696,4.88386,0.30001,11173.526215792808,0.03850030767683399,0.036613986317269864
MBS,1863-06-25,0.0033022215200000002,4.9072,0.30002464588993333,11006.500849971668,-0.006893751156519468,-0.003202759380382836
MBS,1864-07-08,0.00581812244,6.30036,0.30001,19393.095030165663,0.7773984057896377,0.7993860651747076
MBS,1865-06-30,0.00606780148,6.31081,0.30001,20225.33075564148,0.04703620272247666,0.046939442471498394
MBS,1866-07-06,0.0060554727999999995,6.08209,0.30001,20184.23652544915,-0.009173283282514322,-0.009432317652531053
MBS,1867-07-19,0.0066515098,6.89634,0.29886948714028727,22255.56668111063,0.604177205886449,0.5768000750056916
MBS,1868-07-18,0.00811342792,6.10745,0.30001,27043.858271390953,0.08435268703052845,0.053110582208725
MBS,1869-07-31,0.00802559004,6.11876,0.30001,26751.07509749675,0.0023561288495710375,0.005404699148736869
MBS,1870-08-13,0.008133299200000001,7.03075,0.30001,27110.09366354455,0.021600632981702672,0.024215323389912502
MBS,1871-08-05,0.00821481076,6.39749,0.30001,27381.789807006433,0.006852960465216773,0.006973424339139056
MBS,1872-08-11,0.0080184182,6.21018,0.30001,26727.16976100797,-0.022475195659632075,-0.024481790834065986
MBS,1873-08-24,0.05227552096,8.99586,0.30001,174245.92833572216,2.4576457839908312,2.34226645207244
MBS,1874-08-23,0.0576564482,10.46327,0.30305907628719764,190248.21465951134,0.08995004408290952,0.07347254947634863
MBS,1875-09-05,0.062286374799999995,10.96318,0.30001,207614.3288557048,0.08561164758941842,0.08261276612495139
MBS,1876-09-18,0.0682119022,11.09495,0.30001,227365.42848571713,0.05292620448134033,0.05090407487530335
MBS,1877-09-10,0.07335281876,11.26304,0.30001,244501.24582513914,0.06525214959061132,0.06500520269507626
MBS,1878-09-16,0.07586927244,11.22937,0.288949785799192,262569.0558314723,0.05519689195695032,0.05683436553726673
MBS,1879-09-29,0.0749971612,12.13679,0.30001,249982.20459318024,0.0009799184005772066,0.002157903036269948
MBS,1880-09-28,0.07688253767999999,11.81177,0.3008471468604378,255553.48781707278,0.0014277593073619421,0.004151375045954975
MBS,1881-10-11,0.01407684772,9.51239,0.30001,46921.26169127696,0.20406955203463117,0.0001479534619617251
MBS,1882-10-24,0.05860425272,10.46103,0.302807670183841,193536.22279257356,0.6011884958337872,0.4594573546386178
MBS,1883-10-16,0.0636377144,11.41525,0.30001,212118.64404519848,0.0545277032187137,0.05408755253690156
MBS,1884-10-22,0.045603615720000004,9.90067,0.3502323621712572,130209.59981333955,-0.4102280003819154,-0.4243855438905505
MBS,1885-11-04,0.05059448732,9.68214,0.30001,168642.66964434518,0.05985243525158879,0.05909502060634497
MBS,1886-11-03,0.06428801184,10.6782,0.30001,214286.22992566915,0.2049356767756627,0.21641271293285236
MBS,1887-11-16,0.06597960928,10.73004,0.30001,219924.70010999634,0.029066173453968558,0.03378906131168291
MBS,1888-11-29,0.07257642392000001,11.56802,0.30005191739168235,241879.5538815373,0.05625552806263401,0.05587443246072121
MBS,1889-11-21,0.07429621732,11.53123,0.30001,247645.80287323755,0.013352825008766223,0.013649793735218463
MBS,1890-11-27,0.02188313608,9.26597,0.30001,72941.35555481484,-0.7315947744508104,-0.7335378629572695
MBS,1891-12-10,0.02460323996,9.97512,0.30001,82008.06626445786,0.06287217641834397,0.06092465489575871
MBS,1892-12-09,0.024054954559999998,9.22785,0.30001,80180.50918302723,0.01768665103363376,0.011839243757204576
MBS,1893-12-22,0.025866146280000002,9.49826,0.30001,86217.61367954403,0.05312710972245527,0.05651354879419035
MBS,1895-01-04,0.02543330452,9.41831,0.30001,84774.85590480317,0.017765804585551548,0.01374695395368275
MBS,1895-12-27,0.02457528268,9.19044,0.30001,81914.87843738543,-0.04135646880411059,-0.04379287849247837
MBS,1897-01-02,0.02491698716,10.00258,0.30001,83053.85540481984,0.06444332224941829,0.05748792578738349
MBS,1898-01-15,0.02462298436,9.93666,0.30001,82073.87873737542,0.002152625021370591,0.005238302846610088
MBS,1899-01-14,0.025802443680000002,9.93604,0.30001,86005.27875737476,0.01240250934039322,0.010209083555173804
GNG,1927-11-11,35.05238311224,5.76162,553.16598,63366.84535849439,0.1583305324489439,0.1757463626882858
BNJ,1837-01-13,0.1960426754,6.22547,1.59191,123149.34600574154,0,0
BNJ,1838-01-19,0.19008313792,6.61047,1.59255,119357.72058648082,-0.017939847581474044,-0.018271686586876057
BNJ,1839-01-25,0.18582024968000002,6.69498,1.59368,116598.21901510969,-0.018047356012257154,-0.018681629117618836
BNJ,1840-01-31,0.18865235532,7.04302,1.59754,118089.28434968764,0.023067252550412976,0.0211641978209689
BNJ,1841-02-06,0.22636370275999998,7.17357,1.60208,141293.63250274642,0.12781978941117833,0.12544154840065325
BNJ,1842-02-12,0.2078395904,7.48594,1.60766,129280.81211201372,-0.07440234514831312,-0.07681904855484556
BNJ,1843-02-18,0.22722001848,7.49107,1.61443,140743.1839596638,0.017050997119457012,0.013833888618245194
BNJ,1844-02-24,0.12941888752,6.6731,1.38346,93547.25653072732,-0.3337375029963616,-0.2627009690651244
BNJ,1845-03-02,0.24053616028000002,6.19283,1.6145599999999998,148979.3877465068,0.33535420323843,0.1968965161918479
BNJ,1846-03-08,0.24110490924,5.96601,1.6113899999999999,149625.42230000187,0.021856706831103745,0.02342814474625099
BNJ,1847-03-14,0.25251865444,6.0731,1.6085999999999998,156980.38943180407,0.10609952275312962,0.10756264508844837
BNJ,1848-03-20,0.25726820756,6.79984,1.58526,162287.70520924014,-0.03726335708956641,-0.026751100975907494
BNJ,1849-03-26,0.26325967876,5.9583,1.5713400000000002,167538.32955312025,0.0011984355563912086,0.008000193193151262
BNJ,1850-04-01,0.20853798056,6.5147,1.5574499999999998,133897.06286558157,-0.1976306078051835,-0.19222981413005868
BNJ,1851-04-07,0.21784387143999998,5.90467,1.53811,141630.87909187248,0.00941043816004239,0.01894960928469369
BNJ,1852-04-13,0.21611120492,5.61657,1.52634,141587.8538988692,-0.0018197533074362227,0.004070149011772717
BNJ,1853-04-19,0.16462955964,5.21606,1.51144,108922.32549092257,-0.048664830458960195,-0.04260375969971464
BNJ,1854-04-25,0.17274712364,4.75117,1.45853,118439.19812413868,0.04400739636764284,0.07170482539356704
BNJ,1855-05-01,0.20975531824,5.70395,1.44175,145486.60880180335,0.18268473446886557,0.19215882622804958
BNJ,1856-05-07,0.2033624112,5.33164,1.42992,142219.43269553542,-0.05084757082808444,-0.04482263551964638
BNJ,1857-05-13,0.2066194676,5.58455,1.41753,145760.2079673799,-0.015236173657799057,-0.008869303454494437
BNJ,1858-05-19,0.21364281328,6.10659,1.4073,151810.42654728913,0.005459839714903714,0.011123755349823572
BNJ,1859-05-25,0.19434307516000002,5.9362,1.39671,139143.46941025698,-0.04953581583165567,-0.04463241068786117
BNJ,1860-05-31,0.21906514864,6.16645,1.3845399999999999,158222.33278922964,0.08318206954224894,0.09038481066131276
BNJ,1861-06-06,0.1572862538,6.5532,1.38474,113585.40505798922,-0.3305341205770781,-0.33052454245073304
BNJ,1862-06-12,0.2825399434,6.7511,1.38855,203478.40797954702,0.3780942443618951,0.37511070660801216
BNJ,1863-06-18,0.2029557036,6.6623,1.3921500000000002,145785.80153000753,-0.19503754753832148,-0.19654300163419658
BNJ,1864-06-24,0.22465881204,6.74959,1.39655,160867.00228420034,0.09278837761558556,0.09014482371962629
BNJ,1865-06-30,0.1944906054,6.69719,1.39606,139313.9302035729,-0.1215214344809441,-0.12167530575848384
BNJ,1866-07-06,0.2078307868,6.91378,1.3931699999999998,149178.3391833014,-0.02426511299002876,-0.022159782497430336
BNJ,1867-07-12,0.21431607079999998,7.0264,1.39782,153321.65142865316,0.014036254002606219,0.01145613777734078
BNJ,1868-07-18,0.21587832708,6.6974,1.40165,154017.28468590588,-0.011854279843082183,-0.014011811567585908
BNJ,1869-07-24,0.188666582,6.85503,1.40244,134527.38227660363,-0.13064401125242253,-0.13078240475876457
BNJ,1870-07-30,0.24839944896000002,7.08609,1.40483,176818.15519315505,0.08801071137041494,0.0866636814758952
BNJ,1871-08-05,0.19485987040000002,7.16882,1.40765,138429.20498703513,-0.080682485735315,-0.08219450392728223
BNJ,1872-08-11,0.14092194012,8.13514,1.40849,100051.78604036948,0.22144779635193057,0.22140823382815822
BNJ,1873-08-17,0.1794753714,7.7364,1.41553,126790.22797114862,0.22926537088009113,0.2246225032300515
BNJ,1874-08-23,0.20402268952000002,8.40897,1.41798,143882.6284714876,0.049022702829186526,0.04796468780133889
BNJ,1875-08-29,0.18892501784,7.5346,1.4137799999999998,133631.12919973404,-0.014066215818427485,-0.013983609301701172
BNJ,1876-09-04,0.21572582096,8.56983,1.4157,152381.0277318641,0.0672438320696025,0.0655302120423471
BNJ,1877-09-10,0.21938730008,8.94217,1.42545,153907.39772001823,0.1180139995180498,0.11248901173153869
BNJ,1878-09-16,0.19687347836000002,9.87716,1.4406,136660.75132583646,-0.11275793586512695,-0.11995317799411398
BNJ,1879-09-22,0.23225364968,10.20335,1.7300600000000002,134246.00862397836,0.2928241619445362,0.11721000667099646
BNJ,1880-09-28,0.28453296508,10.60536,1.9126800000000002,148761.40550431854,0.14406668572312897,0.06215166697196417
BNJ,1881-10-04,0.28047351696,10.74811,1.9566599999999998,143343.0013185735,0.05678097037368124,0.04019899123581627
BNJ,1882-10-10,0.3478505134,10.78055,1.99703,174183.91982093407,0.24258661149079797,0.2229185242193692
BNJ,1883-10-16,0.400967034,11.37419,2.03966,196585.23185236755,0.04306950893115413,0.025136091225132606
BNJ,1884-10-22,0.44207337564,9.8581,2.09302,211213.16358181,0.05998133587288068,0.04271652908655321
BNJ,1885-10-28,0.41989324624,9.00775,2.12309,197774.5862116067,-0.05568237064050985,-0.06666932392138203
BNJ,1886-11-03,0.4642714362,9.4862,2.16159,214782.3760287566,0.1001714653120458,0.08445771445672423
BNJ,1887-11-09,0.48345167936,10.06775,2.21003,218753.4464962014,0.02533112483599842,0.009519804258701026
BNJ,1888-11-15,0.4028071632,10.16035,2.23886,179916.1909185925,-0.134484476942354,-0.1435125550436368
BNJ,1889-11-21,0.45863394356,10.33686,2.27461,201631.90329770817,0.11512200356246316,0.09872887320631141
BNJ,1890-11-27,0.48361373216000003,10.34045,2.30826,209514.41005779244,0.0006980632491491168,-0.010087075186121619
BNJ,1891-12-03,0.5025617100399999,10.3727,2.35198,213676.01341848142,0.04879873670576118,0.03391940072185373
BNJ,1892-12-09,0.50072196616,10.44035,2.40392,208293.93913274986,-0.009236571399683147,-0.02543577322427415
BNJ,1893-12-15,0.47390511479999997,10.40093,2.45351,193153.9365235927,-0.04849022787325585,-0.06316971178808073
BNJ,1894-12-21,0.57994154296,10.55374,2.50105,231879.2279082785,0.1514673747422155,0.13419175411190376
BNJ,1895-12-27,0.64268570496,11.52557,2.55083,251951.60201189417,0.07825382886588628,0.061950084298201036
BNJ,1897-01-02,0.70048054024,12.06988,2.5983599999999996,269585.63872596563,0.0789884221700281,0.06368381032844694
BNJ,1898-01-08,0.70227257672,11.49445,2.64663,265345.9594729902,-0.00019749460260509721,-0.01392857060076158
BNJ,1899-01-14,0.719311801,11.71261,2.70169,266245.1284196188,0.03387940733963757,0.016978970350867817
BNJ,1900-01-20,0.7804135804400001,11.69369,2.7504099999999996,283744.45280521817,0.09281014885555727,0.07737005563065535
BNJ,1901-01-26,0.6679885066400001,12.33782,2.8096,237752.17349088838,-0.08118920746477476,-0.09492321028762418
BNJ,1902-02-01,0.650261456,10.94033,2.78194,233743.88232672162,0.00019488982780013764,0.01260816941736631
BNJ,1903-02-07,0.6404796372,10.60531,2.67332,239582.10659404786,-0.0027093334694628934,0.03172624160351467
BNJ,1904-02-13,0.62449740808,10.80815,2.58069,241988.54108009872,-0.011899175535061257,0.01801657304605686
BNJ,1905-02-19,0.63831950728,11.53104,2.62208,243440.13427507933,-0.020971435356182733,-0.02705577006285176
BNJ,1906-02-25,0.6851969612800001,14.07932,2.81422,243476.6867124816,0.07587605925542351,0.026219166393358195
BNJ,1907-03-03,0.7049160388400001,12.46255,2.74793,256526.1992991088,0.0004569707013519775,0.02486262847429943
BNJ,1908-03-09,0.7143412972800001,12.24535,2.79084,255959.2442705422,0.0014425280449448241,-0.01026449330468926
BNJ,1909-03-15,0.71160287328,12.71463,2.81999,252342.3392565222,0.12596535865407787,0.11686426015697071
BNJ,1910-03-21,0.52037535472,10.23771,7.46915,69669.95638325646,-0.2952945109405819,-0.7330471943072336
BNJ,1911-03-27,0.70979541464,9.34334,7.46724,95054.58705492257,0.2284561049754803,0.22393782403158125
BNJ,1912-04-02,0.83945604444,9.72084,7.47206,112345.99888651857,0.07533607745394688,0.0721266568543033
BNJ,1913-04-08,0.95297171008,11.05807,7.59697,125441.02584056539,0.1424857866313991,0.12820339444174533
BNJ,1914-04-14,0.95098683784,10.9979,7.73058,123016.23394881109,-0.0028106269881789103,-0.015669148818186485
BNJ,1915-04-20,0.97218397952,11.40075,7.86319,123637.35068337405,0.010226128076494367,-0.0027039215311898124
BNJ,1916-04-26,1.05784369132,11.18255,7.99296,132346.92671050524,0.07297108416526332,0.05997776483918882
BNJ,1917-05-02,1.07698856876,10.91089,8.12172,132605.97124254468,0.019549755466855778,0.007233452832282605
BNJ,1918-05-08,1.02333200996,10.86829,8.24824,124066.71119657044,-0.04858679399146559,-0.059675649269694375
BNJ,1919-05-14,1.01725496548,10.96728,8.37769,121424.27870689893,-0.01595445898098924,-0.027431822247000692
BNJ,1920-05-20,0.75081568224,9.55629,8.48848,88451.13403577555,-0.20468058813254553,-0.21259044169391272
BNJ,1921-05-26,0.63547898336,9.20956,8.56681,74179.18494282002,-0.10313451755155056,-0.10952031906676718
BNJ,1922-06-01,0.6538811661199999,10.85439,8.66747,75440.83407499535,0.03725586971609096,0.027946530094222544
BNJ,1923-06-07,0.65482700816,10.85055,8.8005,74407.93229475598,0.005111372595075103,-0.006111502421606851
BNJ,1924-06-13,0.65792188176,10.75434,8.92252,73737.22690002376,-0.004085409597435308,-0.01463686392344643
BNJ,1925-06-19,0.6244986581599999,10.71959,9.04793,69021.16375347732,-0.045828419268356124,-0.055964213004303875
BNJ,1926-06-25,0.69902779076,10.58582,9.18206,76129.73458679207,0.08708080061941836,0.07525885496229967
BNJ,1927-07-01,0.6433635494000001,10.92778,9.31673,69054.65215799965,-0.04326767137659082,-0.0538423083234113
ZAN,1908-11-30,1.3566177783600002,11.31457,7.79653,174002.7651224327,0,0
ZAN,1909-12-06,1.49790625192,10.95495,7.88495,189970.29174820386,0.10436093846366612,0.09501358688871386
ZAN,1910-12-12,1.59492457644,11.25488,7.88238,202340.4830064016,0.07775821561229534,0.07628306483098579
ZAN,1911-12-18,1.6695498466399998,11.20246,7.905609999999999,211185.4552197743,0.00630213737383678,0.0024031782134961155
ZAN,1912-12-24,1.62947615012,11.16436,7.995230000000001,203806.03811522617,-0.03181340773616326,-0.03996314191404293
ZAN,1913-12-30,1.60581013528,11.34762,8.08955,198504.25985128965,-0.007715553107009998,-0.016555620217913014
ZAN,1915-01-05,1.65150560016,11.42037,8.18445,201785.77670582628,0.07530117213221654,0.06585650183623626
ZAN,1916-01-11,1.76796733204,11.6111,8.28569,213375.99307239347,0.027024513964261532,0.017582655781319456
ZAN,1917-01-17,1.3596053744,9.88424,8.34527,162919.27935225586,-0.30650902966418714,-0.3097698945892917
ZAN,1918-01-23,1.7556867146000001,10.79702,8.43762,208078.4290593793,0.1962455850129965,0.1865228650266808
ZAN,1919-01-29,1.87035386824,10.5424,8.5364,219103.35366665103,0.045465178830147224,0.03625349618641138
ZAN,1920-02-04,1.8605217956,10.88161,8.62709,215660.41337229585,-0.01486903282130414,-0.02277100147018407
ZAN,1921-02-10,1.89751144752,10.7394,8.69855,218141.12093624801,0.005013231505115012,-0.0011616782999115394
ZAN,1922-02-16,2.15243929212,10.19457,8.77086,245408.00926248962,0.11186141106390557,0.10482791103352684
ZAN,1923-02-22,2.08324904008,10.43411,8.83565,235777.67793880473,-0.008947191533592136,-0.014472401097461507
ZAN,1924-02-28,2.19082738628,10.53674,8.90702,245966.37105114845,0.03642631987052125,0.030079922488407407
ZAN,1925-03-06,2.04109448816,10.36915,8.98448,227180.03581286842,-0.06415739157192812,-0.0702226475312705
ZAN,1926-03-12,2.1217352754000003,10.48174,9.05944,234201.5925266904,0.03301943777593097,0.026547870599477053
ZAN,1927-03-18,2.23831619648,10.3639,9.13314,245076.3041495039,0.031205803343019367,0.024958406928306198
