country,date,gdp,sol,pop,gdpc,gdpGrowth,gdpcGrowth
CMI,1837-01-13,0.29036257744000005,7.86944,9.33632,31100.324050589526,0.3211607149704523,0.31130191559875997
CMI,1838-01-19,0.30836295568,8.64,9.45154,32625.683822953724,0.019495418549640098,0.009693303645662565
CMI,1839-01-25,0.30914007487999995,9.37121,9.57957,32270.767360121587,-0.07836718149365218,-0.0878786719944924
CMI,1840-01-31,0.27753512592,8.65193,9.72491,28538.58040022993,0.011768020513577948,0.0012327167538837003
CMI,1841-02-06,0.32564438192,9.44744,9.85564,33041.42419163038,0.047595375775667526,0.03704813169097321
CMI,1842-02-12,0.30900528308,9.43142,10.00618,30881.443575870115,-0.0857629284955066,-0.09642212459425026
CMI,1843-02-18,0.36040832204,9.40732,10.15403,35494.11633016644,0.07802161699911747,0.06669409567936779
CMI,1844-02-24,0.32077272136,9.41021,10.30542,31126.60341451392,0.0021493820241569317,-0.009375075899000995
CMI,1845-03-02,0.3175295136,9.41497,10.45589,30368.482606454352,-0.09046995652290679,-0.09999997873001865
CMI,1846-03-08,0.38051361556,9.06255,10.59248,35922.99589520112,0.20989784666225542,0.19826096134396298
CMI,1847-03-14,0.42363880936000003,9.37602,10.7426,39435.40756986205,0.11506931759433003,0.10288140102195786
CMI,1848-03-20,0.40968009159999996,9.35366,10.90789,37558.14292223335,0.06999580213252399,0.05817763620047067
CMI,1849-03-26,0.45220719024,9.42081,11.063819999999998,40872.609120538844,0.12217770241129933,0.10983215039514027
CMI,1850-04-01,0.41219012692,7.88846,11.166289999999998,36913.79383125461,-0.05053634131118334,-0.05698270298323738
CMI,1851-04-07,0.5330650364,7.82125,11.26792,47308.20208166192,0.29017783772371764,0.2813652586360258
CMI,1852-04-13,0.60123276408,7.75043,11.35752,52936.97603702217,0.09072961825989112,0.08379416243197269
CMI,1853-04-19,0.51382148688,6.938,11.4154,45011.25557404909,-0.12949214193309155,-0.1328827940869035
CMI,1854-04-25,0.71737340792,7.18869,11.46888,62549.56089173485,0.1522282646452715,0.14825631661651406
CMI,1855-05-01,0.67440271444,7.00519,11.47991,58746.34160372338,-0.032428428765636674,-0.033005915802742924
CMI,1856-05-07,0.5478226572,7.27498,11.52416,47536.88400716408,-0.1541106006604629,-0.15642649190319202
CMI,1857-05-13,0.5464252112800001,7.21632,11.57049,47225.7623730715,-0.0016695934868481421,-0.0048335926431805065
CMI,1858-05-19,0.67920385208,6.91337,11.61722,58465.26553512803,0.13725496316993402,0.13347182306258
CMI,1859-05-25,0.64880779236,7.03308,11.64761,55703.08349609919,-0.033813302523670985,-0.03582244998288697
CMI,1860-05-31,0.7598871742800001,6.99449,11.70103,64941.90462549024,0.07829936147724492,0.07443099870502712
CMI,1861-06-06,0.63248873428,7.41001,11.75882,53788.452776724196,-0.04348958230320277,-0.04711029033215608
CMI,1862-06-12,0.67919673016,6.99397,11.82044,57459.51336498473,-0.003964524993925633,-0.00780000577446649
CMI,1863-06-18,0.81379857104,7.0799,11.8644,68591.63304001887,0.06583549922269993,0.06277677805393056
CMI,1864-06-24,0.70350164352,8.44695,11.90127,59111.47663400629,-0.16546930682841077,-0.16716705045535662
CMI,1865-06-30,0.8018568620400001,9.16964,12.052129999999998,66532.37743369845,0.1751927914621485,0.1641371610494482
CMI,1866-07-06,0.95060794608,8.44412,12.16788,78124.36891882562,0.20387979953433444,0.19501723858700992
CMI,1867-07-12,0.90876982196,8.91278,12.2967,73903.55314515276,-0.001866438005479809,-0.009560307102530086
CMI,1868-07-18,1.1703037559199998,9.38229,11.368,102947.19879662209,0.24425719619452702,0.3483146764384588
CMI,1869-07-24,1.1155454377599998,9.14445,12.482820000000002,89366.46028381406,-0.014701449623018337,-0.028273502503113335
CMI,1870-07-30,1.01445335316,9.11466,12.609949999999998,80448.64199778748,-0.035697375470506776,-0.0428115459356212
CMI,1871-08-05,0.92944510516,9.21387,12.74275,72939.13049851877,0.00019032004878472009,-0.008258737121294102
CMI,1872-08-11,1.05720835792,9.19177,12.86039,82206.55500494153,0.1695075245105655,0.1609343201586384
CMI,1873-08-17,0.9342537089599999,9.31923,12.97199,72020.84714527223,0.05139836820940169,0.04475151574171132
CMI,1874-08-23,1.0155923934,9.51084,13.08895,77591.58629225414,0.0157396744332563,0.008641375427923315
CMI,1875-08-29,1.08620926752,9.48987,13.22557,82129.48610305644,0.05246532041014662,0.04449029034554419
CMI,1876-09-04,1.14157678284,9.61561,13.35905,85453.44038984808,0.03387202993077443,0.025953149089461336
CMI,1877-09-10,0.98776814708,9.30293,13.491469999999998,73214.27146782375,-0.11891680358284251,-0.12558414541700702
CMI,1878-09-16,1.0004145892,9.41451,13.6271,73413.60885294744,0.011904138338098447,0.004600850762106257
CMI,1879-09-22,1.1139001588000002,9.01317,13.73779,81082.92227498018,0.038281021029307194,0.03171583384396803
CMI,1880-09-28,1.20667491256,8.8014,13.83315,87230.6678204169,0.04279359728316101,0.03726107082227914
CMI,1881-10-04,1.27539730656,8.77478,13.92741,91574.62202663667,0.10045325700466279,0.09517797375729997
CMI,1882-10-10,1.33861721032,8.71802,14.00582,95575.78280457696,-0.009064021722215432,-0.013440736911246032
CMI,1883-10-16,1.50470850764,8.88006,14.08458,106833.75064361165,0.07085189276397874,0.06628593532992855
CMI,1884-10-22,1.7404432006000001,8.87963,14.19001,122652.71135115481,0.09841049991854289,0.0924272023896886
CMI,1885-10-28,1.68997809448,9.06056,12.48424,135368.9206936105,-0.020050708038440224,0.11509836855840971
CMI,1886-11-03,1.82381497844,9.11921,14.35816,127022.89001097633,0.015659549508193926,-0.06958589880251342
CMI,1887-11-09,1.8287196163600001,8.96614,14.46614,126413.79223206744,-0.017582907694976613,-0.023279035864794295
CMI,1888-11-15,1.90255742924,8.87724,14.54538,130801.4936179048,0.07066573593677239,0.06606404098226881
CMI,1889-11-21,2.02365294404,8.67031,14.622679999999999,138391.38543960478,0.025069561593062506,0.021198506332939848
CMI,1890-11-27,2.125646497,8.7103,14.692980000000002,144670.8902482682,0.04689425599311137,0.04283660654141741
CMI,1891-12-03,2.30794773976,8.5346,14.75802,156386.0016289448,-0.0036958568027035676,-0.006969876182811641
CMI,1892-12-09,2.49376849072,8.61301,14.81748,168299.0961162087,0.021385441304295982,0.018470383295519976
CMI,1893-12-15,2.45976680976,8.49076,14.858239999999999,165549.00242289802,0.06014220473689136,0.057629344893468604
CMI,1894-12-21,2.59015681652,8.68399,14.90348,173795.43680536357,0.04885483938265289,0.046576935660532115
CMI,1895-12-27,2.40453771584,8.93297,14.97223,160599.83822316382,-0.03444187858535419,-0.03770694080576842
CMI,1897-01-02,2.3877256655199997,8.88215,14.99377,159247.85197585396,-0.1667312913437472,-0.1671794105368617
CMI,1898-01-08,2.35748752668,9.57524,15.10082,156116.5239159198,0.04118739841783947,0.03564654359418329
CMI,1899-01-14,2.2497171866000003,10.4356,15.21639,147848.28639381615,-0.036682234309568185,-0.04225526114135425
CMI,1900-01-20,2.42295895036,10.51009,15.35734,157772.04583345813,0.01656040940182102,0.00948693955224389
CMI,1901-01-26,2.74522915368,10.73719,15.49705,177145.27304745096,0.030229944019670274,0.023405156026050644
CMI,1902-02-01,2.58660590344,11.05339,15.661030000000002,165161.92762800402,-0.04385850357208099,-0.05153842094585115
CMI,1903-02-07,3.04423018796,11.23415,15.82373,192383.85563707165,0.06782621474505279,0.059512876292974415
CMI,1904-02-13,3.11895127024,11.32211,15.973219999999998,195261.2729455927,0.0069815817790293,0.00010325964650093056
CMI,1905-02-19,3.35004242976,11.60947,16.14949,207439.51850863404,0.035914592483294205,0.02721986556997691
CMI,1906-02-25,3.40916238624,11.83391,16.34282,208603.06766151742,0.018897987619850287,0.009962601760495016
CMI,1907-03-03,3.76492013196,11.80023,16.55224,227456.83556787478,0.07614316070154414,0.06562784086887241
CMI,1908-03-09,3.57693814088,11.78121,16.7634,213377.84344941954,-0.05711072382223992,-0.06607017080777644
CMI,1909-03-15,3.6928547515599996,11.84873,16.97709,217519.8901319366,0.007900010765936827,-0.0015665465259718792
CMI,1910-03-21,3.23064880684,11.93239,17.18974,187940.52771246104,-0.11164166299102973,-0.11998780898472383
CMI,1911-03-27,3.57019110708,12.17874,17.41584,204996.77920100323,0.06646096895904363,0.056099765018496894
CMI,1912-04-02,3.8564021511599997,12.39634,17.67705,218158.69453104446,0.10362228021095832,0.09138541178334836
CMI,1913-04-08,4.56376092848,13.07315,17.94757,254282.9435115729,0.1393032481651617,0.12622000209728723
CMI,1914-04-14,4.5950097986000005,12.48487,18.25085,251769.63257053783,0.038991337357837,0.02584344903226876
CMI,1915-04-20,5.26161447656,12.97452,18.57557,283254.53682228865,0.13663711682549406,0.1217720299089311
CMI,1916-04-26,5.6337417032,13.15463,18.90961,297930.0843962409,0.05603808526181986,0.04192400557851084
CMI,1917-05-02,6.09477025612,13.66154,19.25338,316555.8596007558,0.04295870712291938,0.028883838685704433
CMI,1918-05-08,6.31992570352,13.60347,19.59562,322517.26169011235,0.03548527467678042,0.02166599502846478
CMI,1919-05-14,6.221682546559999,13.63349,19.94069,312009.391177537,-0.028091269568645827,-0.04076897165142401
CMI,1920-05-20,6.02579692208,13.65784,20.28954,296990.3172807269,-0.03343087081195839,-0.04597577395763275
CMI,1921-05-26,6.3906419304,13.65564,20.64184,309596.5248446844,0.024964086547622166,0.01171270586590012
CMI,1922-06-01,6.46892822472,13.71223,20.99249,308154.40306128527,0.024433901484683496,0.011543977622703316
CMI,1923-06-07,6.71681053316,13.53057,21.35903,314471.7027486735,0.03906613421209282,0.025533950114637438
CMI,1924-06-13,6.94753786272,13.41432,21.73625,319629.09253988153,0.020919073507045916,0.007547261752646861
CMI,1925-06-19,7.0039697171599995,13.43688,22.1242,316575.04981694254,0.008589712161325203,-0.004707344454566664
CMI,1926-06-25,7.11048760396,13.29406,22.51387,315826.9814989604,0.011712563715881696,-0.001622765346490418
GUJ,1837-01-13,0.35455453748,9.5514,11.48329,30875.693070539888,0,0
GUJ,1838-01-19,0.48932049192,9.63291,11.764179999999998,41594.10106951781,0.21671335642693768,0.19601239097134537
GUJ,1839-01-25,0.6347230656,9.61943,12.0037,52877.28497046744,0.27467287434391774,0.2541939724728157
GUJ,1840-01-31,0.70840612648,8.83954,12.21896,57975.97557238914,0.11214532535477395,0.09715868939748917
GUJ,1841-02-06,0.83942055028,8.91266,12.350320000000002,67967.51422473263,0.15561913222100854,0.1465833696745673
GUJ,1842-02-12,1.0132996978,8.93784,12.488609999999998,81137.90868639505,0.16847961307863346,0.15751591218606453
GUJ,1843-02-18,1.02027526276,8.99476,12.62635,80805.24163831986,0.00016218869007511572,-0.0074334520108392255
GUJ,1844-02-24,1.2320337723199999,9.26845,12.75275,96609.2624978926,0.15639627392205457,0.14680928095411394
GUJ,1845-03-02,1.45674159384,9.41854,12.83964,113456.57618437901,0.15155121646987868,0.14588338142202106
GUJ,1846-03-08,1.55363399932,9.59662,12.89849,120450.84341810552,0.010290406363704374,0.007852122828435615
GUJ,1847-03-14,1.76492701112,9.73352,12.94708,136318.5375482348,0.10860948259648229,0.10490616135935205
GUJ,1848-03-20,1.95288479984,9.81582,12.939399999999997,150925.45248156795,0.11598840134293908,0.11698090336978662
GUJ,1849-03-26,2.06726512408,10.09333,13.02369,158731.1371876941,0.03973989810488221,0.034621249461419756
GUJ,1850-04-01,2.3351768928800003,10.08176,13.133319999999998,177805.52768683017,0.06837174548161151,0.061583369215121087
GUJ,1851-04-07,2.63591682484,9.89005,13.29482,198266.45451687198,0.10003619586378498,0.08919546777459364
GUJ,1852-04-13,2.97343526064,9.87996,13.47141,220721.90369382268,0.09573635227461796,0.08465514043095612
GUJ,1853-04-19,2.9982764146400003,9.88037,13.62782,220011.44824630793,0.0040918053080258865,-0.005470813519175
GUJ,1854-04-25,3.4245129048000003,10.19761,13.55713,252598.66246027,0.07415052821609569,0.07712105728294394
GUJ,1855-05-01,3.49182855216,10.12838,13.3114,262318.65560046275,0.04457693338655866,0.059763974966356326
GUJ,1856-05-07,3.98491807428,10.36427,13.094850000000001,304311.853459948,0.15413168115801867,0.16875627038045216
GUJ,1857-05-13,3.67518614476,10.39422,12.73673,288550.21224128956,-0.07695141776905934,-0.05636955692242973
GUJ,1858-05-19,3.4108631154,10.70247,12.41149,274814.9589936422,0.0012264050592616371,0.020614728314370945
GUJ,1859-05-25,3.40575696812,11.2568,12.2755,277443.44166184677,0.04074393581784208,0.049445796850637214
GUJ,1860-05-31,3.0829340916400003,11.47412,12.23681,251939.36096417287,-0.042598148393695356,-0.04031769573547073
GUJ,1861-06-06,3.4623447554799998,12.73407,12.4165,278850.3004453751,0.061044502232374453,0.053765874703921135
GUJ,1862-06-12,3.5881871168,12.72452,13.05926,274761.9020373283,0.03044924316607056,-0.006825513253077786
GUJ,1863-06-18,3.68448830152,12.29756,13.752669999999998,267910.76216618303,0.06229707374505011,0.02082858161118528
GUJ,1864-06-24,3.70487620724,12.29291,14.39037,257455.2431410728,0.0327624676916114,-0.002598637502834622
GUJ,1865-06-30,3.9013844219999996,12.45473,15.04052,259391.5916470973,0.04765172181996569,0.014321181370358094
GUJ,1866-07-06,4.3813261387999995,12.33984,15.599790000000002,280858.0204477111,0.09134612206791237,0.06149141933402946
GUJ,1867-07-12,4.4105021204399995,12.59972,16.01939,275322.72579917207,0.02843818583343083,0.007975534186498656
GUJ,1868-07-18,2.9810876966,11.14567,47.42078,62864.58587564354,-0.3306315137537744,-0.7723775990999611
GUJ,1869-07-24,3.0158153089999997,10.55046,48.13777,62649.66800497821,0.017781972405085167,0.006020645974872618
GUJ,1870-07-30,3.12927470596,9.87895,49.04384,63805.66256557398,-0.005586239708340601,-0.01898898648980163
GUJ,1871-08-05,3.10655406516,10.49629,49.93751,62208.82989880753,0.03533653572553486,0.020924779087039935
GUJ,1872-08-11,3.3228309166,10.48433,50.77906,65437.03086666039,0.10031226807751126,0.0862896982847039
GUJ,1873-08-17,3.89321588968,10.95211,51.74090999999999,75244.44177112464,0.16872976252899607,0.15288676822060498
GUJ,1874-08-23,4.79533205372,11.13118,52.710460000000005,90974.96120732014,0.15773658810786584,0.14124898682361642
GUJ,1875-08-29,4.866948521239999,11.04553,59.19989,82212.12102319783,0.019702461018609396,-0.05534370863495508
GUJ,1876-09-04,4.69158668524,10.89205,60.44496,77617.50004036729,-0.0512559459163926,-0.06548406036362087
GUJ,1877-09-10,5.42999122432,10.5823,61.58622,88168.9316915375,0.1619434786267535,0.1451243608393522
GUJ,1878-09-16,5.937658760800001,11.14927,62.66516,94752.15192620589,0.09420757728062346,0.07957173819836028
GUJ,1879-09-22,5.699358477280001,11.52263,63.854659999999996,89255.16911811919,-0.035741469761097044,-0.04884258467144653
GUJ,1880-09-28,6.26937546248,11.596,65.11384,96283.30109973549,0.08261819226440736,0.06640977733759756
GUJ,1881-10-04,7.3175146387200005,11.64772,66.5007,110036.65583550249,0.07334309882386925,0.057069106663516944
GUJ,1882-10-10,7.88621798484,11.05068,67.6693,116540.55804980987,0.05125069895264489,0.03702627780976453
GUJ,1883-10-16,8.1105016252,11.09025,68.7651,117945.02771318589,0.017611227757289294,0.005125056959348395
GUJ,1884-10-22,8.79257907944,11.18549,71.33477,123257.97194607901,0.06828440576734862,0.03471056675889561
GUJ,1885-10-28,9.54804519864,11.15669,72.51116,131676.90599129844,0.07747294777080405,0.06391997738945099
GUJ,1886-11-03,10.07600477728,11.13744,73.6901,136734.85009899564,0.06792659281546531,0.05475197660349829
GUJ,1887-11-09,11.52007339392,11.14579,86.51498,133156.97921816548,0.08136162493444354,-0.058113174104771126
GUJ,1888-11-15,12.97826214516,10.91491,87.85839,147717.96006232302,0.08690311332863554,0.0742790030949867
GUJ,1889-11-21,14.43989766336,11.35111,89.43086,161464.37217935733,0.05057613730104449,0.036547372393501254
GUJ,1890-11-27,18.75224280332,11.30157,125.17813000000001,149804.4650716543,0.05728229830667542,-0.07707198810812266
GUJ,1891-12-03,21.417969946880003,11.75408,127.39243,168125.92354883254,0.11462235122495956,0.09964957659042906
GUJ,1892-12-09,23.91173206344,12.07233,130.45473,183295.24781079227,0.10768132914986128,0.08702350025647321
GUJ,1893-12-15,23.935469884040003,12.00924,132.79619,180242.14312202783,-0.0021477269194278836,-0.015714375846156425
GUJ,1894-12-21,25.72945255972,12.0913,135.15508,190369.85187475008,0.022337829136420462,0.008793211109933585
GUJ,1895-12-27,27.3801099676,12.16752,137.55428,199049.49498917809,0.04854831404479487,0.03485387028763487
GUJ,1897-01-02,28.28491168308,12.20566,139.83979,202266.54862024606,-0.0015938298834523579,-0.01411404055880805
GUJ,1898-01-08,28.64996008108,12.10442,142.13215,201572.69190031954,0.09358210546294443,0.08037582001116528
GUJ,1899-01-14,32.26497784952,11.88539,165.91329,194468.91716462257,0.06361389443819654,-0.03234543595925987
GUJ,1900-01-20,33.98619797924,11.81473,168.44526,201764.05070252498,0.04363050783968192,0.031668987496484835
GUJ,1901-01-26,32.71452961816,11.97759,170.65824,191696.16197940396,0.004795921636888911,-0.005347336373589862
GUJ,1902-02-01,34.1485962662,12.03737,172.48344,197981.8831662912,0.031346695138421365,0.023850850080233243
GUJ,1903-02-07,37.90723517308,13.16493,179.63848,211019.57204870583,0.09839975719780614,0.07203689225981558
GUJ,1904-02-13,38.851066148440005,13.35518,182.74574,212596.28896651708,0.07233282620171422,-0.010256015460721635
GUJ,1905-02-19,47.23626455392,11.73885,264.16756,178811.75324449377,0.19174723891318557,-0.1729397736133531
GUJ,1906-02-25,50.42775612212,11.71915,267.48416,188526.1397240121,0.0552718353378896,0.04522866800711123
GUJ,1907-03-03,53.3755309568,11.82386,271.02921,196936.4518193445,0.05172335138691375,0.041436284627718756
GUJ,1908-03-09,52.14259525488001,11.7798,274.58529,189895.80707284066,0.003009007879351433,-0.00678108662335053
GUJ,1909-03-15,50.47732230528,11.64965,277.92716,181620.6890513327,-0.08323541953487423,-0.0916606729383016
GUJ,1910-03-21,54.69649071692,11.81574,281.23293,194488.21557603515,0.05591659002443161,0.04656991053128934
GUJ,1911-03-27,62.15297780328,10.44392,456.92327,136024.97811783585,0.1178357100744809,-0.18460799499387726
GUJ,1912-04-02,63.40174227504,10.32546,461.4500699999999,137396.7551354798,-0.013307329625014575,-0.02054209109868743
GUJ,1913-04-08,64.51145855492,10.31002,465.84726,138481.99634129007,0.02825917952570456,0.02089772283337843
GUJ,1914-04-14,66.36764498156,10.18529,468.884,141543.8466263724,0.006248254207675608,0.0011314658185781479
GUJ,1915-04-20,68.40930862116,10.29605,471.22227,145174.18419371394,0.0841553919943927,0.07988998845090212
GUJ,1916-04-26,71.53359640855999,10.4587,473.66033,151022.98393568234,-0.009924042055640014,-0.013747106380320617
GUJ,1917-05-02,65.02413277204,10.43282,476.03136000000006,136596.32166258962,-0.04897791580112454,-0.05257175627334465
GUJ,1918-05-08,70.09647816964001,10.5156,476.38512,147142.45938168684,-0.024968704381720497,-0.027072398183359825
GUJ,1919-05-14,67.80965515948,10.54041,473.16586000000007,143310.54053536322,-0.01629330730664391,-0.010891757994156759
GUJ,1920-05-20,69.06777414732001,10.79792,467.05128,147880.49429458796,0.010415375779627256,0.020988158708004967
GUJ,1921-05-26,73.06519083864,10.68838,471.0725,155103.91890556127,0.0510227793079463,0.04402059011135773
GUJ,1922-06-01,75.3103881426,10.77552,474.66691,158659.44424607142,0.01455353336345655,0.008751618936423844
GUJ,1923-06-07,62.2933393732,10.7729,476.36083,130769.23090674772,-0.06083842278783136,-0.03938913638551911
GUJ,1924-06-13,77.7563846358,10.7567,471.79221,164810.65814079467,0.039374443803203096,0.0476038055911685
GUJ,1925-06-19,83.29227049156,11.14344,476.6566,174742.71937398956,0.019976665046083752,0.011995453590615268
GUJ,1926-06-25,93.4270655812,11.38152,481.6401,193976.9250550359,0.05031114503967449,0.042129062788955896
PER,1872-03-24,7.73608777916,7.87402,154.18206447277092,50175.01747439774,0.006097034802639678,-0.00175158320832558
PER,1873-04-06,7.77415780908,7.89331,154.52187,50311.05182120822,-0.003387616319570519,-0.011704583785709044
PER,1874-04-05,7.68566949904,7.83339,155.43826745838376,49445.156747502486,-0.0026058748650057417,-0.014054116477695833
PER,1875-04-18,7.89343918376,7.75342,159.27283,49559.23231702482,0.04099758801463893,0.031263476198764684
PER,1876-05-01,9.23890382688,7.51436,159.28316423859016,58003.01539113733,0.1894891919645052,0.18721029376522957
PER,1877-04-23,9.7529374982,7.66224,198.68566,49087.2743317258,0.058141164502944376,-0.15498288936064586
PER,1878-04-29,10.2349499668,7.18161,192.02842878469949,53299.139255445,0.04355405745583174,0.046939882899452945
PER,1879-05-12,10.7650731422,6.89103,202.56636,53143.43972118569,-0.00911120784046393,-0.024310657133034597
PER,1880-05-11,10.7496145068,7.70034,203.41013,52846.99688653657,-0.025811853575382848,-0.019540015291302892
PER,1881-05-24,10.121687252040001,7.85622,203.41013,49759.995984664085,-0.04872058217998221,-0.044122038397246155
PER,1882-06-06,9.4773238716,7.90703,208.32599,45492.75811241795,-0.08078900620815266,-0.09871688076987262
YOG,1837-01-13,0.08074285492,7.71683,0.58632,137711.241165234,0,0
YOG,1838-01-19,0.09187373780000001,7.76545,0.58901,155979.92869391013,0.06351178463022955,0.060005816231607945
YOG,1839-01-25,0.08890006008,8.13627,0.59263,150009.38204275855,-0.029929685935316197,-0.03452277992398345
YOG,1840-01-31,0.08763883856,8.61728,0.59729,146727.44991545146,-0.041568361578234625,-0.04715423007645325
YOG,1841-02-06,0.09476578696,8.27001,0.60175,157483.65095139176,0.06171113837732034,0.05576949543712706
YOG,1842-02-12,0.10897032068000001,8.17987,0.60547,179976.41613952798,0.07001613760647829,0.06485538797333645
YOG,1843-02-18,0.09502324728,8.35079,0.60927,155962.45881136443,-0.04394044123761409,-0.048249287601488944
YOG,1844-02-24,0.13104419276,8.36068,0.61287,213820.53740597516,0.3532820726293098,0.3470589073077188
YOG,1845-03-02,0.08979371180000001,7.87122,0.61583,145809.25222869948,-0.24883369968554758,-0.25167100526852193
YOG,1846-03-08,0.10380646172,7.60628,0.61658,168358.46397872135,-0.033268222634378564,-0.034611145272512966
YOG,1847-03-14,0.111082075,8.07721,0.61026,182024.1782191197,0.06389418213884746,0.07231949647900748
YOG,1848-03-20,0.1108384654,7.59057,0.60814,182258.1402308679,0.005041014762737772,0.007956467360304531
YOG,1849-03-26,0.1077477414,7.76997,0.60878,176989.62088110647,-0.0301601501241322,-0.031015871009968943
YOG,1850-04-01,0.1068714998,7.4533,0.60984,175245.14593991867,-0.028187063974781434,-0.02957723283849023
YOG,1851-04-07,0.09924820359999999,7.86124,0.61136,162340.03467678616,-0.042936941538813445,-0.04457091579544015
YOG,1852-04-13,0.09782516951999999,7.98439,0.61279,159638.97831230928,-0.012150967755659381,-0.014283258779425378
YOG,1853-04-19,0.08852773228,7.95117,0.61406,144167.886330326,-0.03885734008750974,-0.04036894895530141
YOG,1854-04-25,0.04672854004,7.25437,0.61418,76082.80966491908,-0.30102553576519087,-0.3022647577060573
YOG,1855-05-01,0.09044140144,6.18914,0.59335,152425.04666722845,0.6837683487598174,0.7341299538057215
YOG,1856-05-07,0.0583121864,7.06148,0.58927,98956.65212890526,-0.2739624819526365,-0.2701815266965757
YOG,1857-05-13,0.060595782,7.12133,0.58758,103127.71367303176,0.03803759042345467,0.04025784702884483
YOG,1858-05-19,0.09542432328,7.27316,0.58551,162976.41932674078,0.39323824293621645,0.39730153754842457
YOG,1859-05-25,0.09382176076000001,8.15767,0.58791,159585.24393189434,0.016417393797890423,0.01321377085755926
YOG,1860-05-31,0.09451141648,8.24688,0.59,160188.84149152544,-0.009677493237516765,-0.012474494264666847
YOG,1861-06-06,0.11778397487999999,7.46764,0.5904,199498.60243902437,0.0782000220771697,0.07758401515872304
YOG,1862-06-12,0.11579042852,8.17421,0.59132,195816.86484475413,-0.023129591115512826,-0.02416768824000659
YOG,1863-06-18,0.11556208456,8.15057,0.59321,194808.0520557644,0.01697882121049732,0.014480361476635117
YOG,1864-06-24,0.12045452431999999,8.17579,0.59493,202468.39850066396,-0.0012451606968804096,-0.00345345809769404
YOG,1865-06-30,0.12014890888,8.2062,0.59531,201825.7863634073,-0.013613446240062,-0.014353762829154348
YOG,1866-07-06,0.08320219544,7.98181,0.59475,139894.40174863389,-0.30232142839084586,-0.3019078601896237
YOG,1867-07-12,0.07924807176000001,7.9722,0.59443,133317.752737917,-0.006134946317837953,-0.005685118223374586
YOG,1868-07-18,0.09019051859999999,8.01911,0.59432,151754.1368286445,0.10779037149015136,0.10791341477626104
YOG,1869-07-24,0.13171115152,7.98913,0.59435,221605.36976528983,0.48398419357863354,0.4838446345164573
YOG,1870-07-30,0.13103978784,8.11703,0.59632,219747.43064126646,-0.01511196846605456,-0.017628387422836123
YOG,1871-08-05,0.12930274916,8.14974,0.59721,216511.35975619967,-0.025701655772172538,-0.02689325741917692
YOG,1872-08-11,0.12542586004,7.86478,0.59833,209626.56066050506,-0.012011728256527299,-0.013503864954059641
YOG,1873-08-17,0.11362345071999999,8.12736,0.6004,189246.25369753496,-0.09277833263826352,-0.09515570165319598
YOG,1874-08-23,0.1121740334,8.03521,0.60231,186239.6994902957,0.010924472917849037,0.008404601463823269
YOG,1875-08-29,0.12423871512,8.08017,0.60433,205580.9162543643,0.04380278206884025,0.04120157526830104
YOG,1876-09-04,0.12204981724000001,8.14868,0.60642,201262.84957620132,-0.005496186376135581,-0.008042829229283122
YOG,1877-09-10,0.09408390627999999,8.06902,0.60722,154942.0412371134,-0.2046256493350832,-0.2053596569807673
YOG,1878-09-16,0.08599297044000001,7.93179,0.60862,141291.72626597877,-0.05664814221068337,-0.05828938482760826
YOG,1879-09-22,0.08597087044,7.95893,0.61,140935.85318032786,0.012861987163587107,0.011095910735777759
YOG,1880-09-28,0.07988962540000001,7.97597,0.61136,130675.25745878043,-0.08435333555482283,-0.08600272817530019
YOG,1881-10-04,0.10594453688,7.7314,0.61166,173208.21515220875,0.30633267942346065,0.3063328884536545
YOG,1882-10-10,0.10988555552,8.05576,0.61,180140.25495081965,0.0074701395788261404,0.00968964746570844
YOG,1883-10-16,0.01577120688,7.89236,0.60891,25900.719121052374,-0.0658199553712121,-0.06441559125288454
YOG,1884-10-22,0.0379194816,7.50378,0.60972,62191.631568588855,1.1182786436347083,1.1163245846962395
YOG,1885-10-28,0.04045615496,7.05917,0.61072,66243.37660466334,0.2396927828293678,0.2381136941927151
YOG,1886-11-03,0.05746202124,6.56796,0.60974,94240.20277495327,0.1951063886714144,0.19684148614591757
YOG,1887-11-09,0.055397309240000005,6.65522,0.60919,90936.01214727754,-0.007005601873611211,-0.00632406250015527
YOG,1888-11-15,0.06453932784,7.69178,0.60578,106539.21859420912,0.08223282952025679,0.08781549157516166
YOG,1889-11-21,0.07043259496,6.26796,0.60471,116473.34252782326,-0.02619828897026044,-0.024960268459316315
YOG,1890-11-27,0.0657026032,7.17919,0.60474,108646.03499024373,0.0012378530100478624,0.000992277505940331
YOG,1891-12-03,0.07546367348,6.82865,0.60371,124999.87325040168,0.08960359032153509,0.09111511889990176
YOG,1892-12-09,0.08092230588,7.05092,0.60281,134241.81065343972,0.0459051866914848,0.047140040671333594
YOG,1893-12-15,0.0655526352,6.69539,0.59906,109425.82579374353,-0.23114529135167994,-0.22677477172013194
YOG,1894-12-21,0.06393453560000001,5.91388,0.59592,107287.11169284469,-0.004985714512912964,-0.000971600661374139
YOG,1895-12-27,0.04237543232,6.43752,0.59371,71373.95752134881,-0.1973684940051461,-0.19508115926704128
YOG,1897-01-02,0.030538986400000002,6.89427,0.59517,51311.36717240453,-0.254515340429344,-0.2559319947378229
YOG,1898-01-08,0.03064098076,6.85019,0.59684,51338.68500770725,-0.12048779361233708,-0.1224149371281531
YOG,1899-01-14,0.02385300372,6.72325,0.59861,39847.31915604484,-0.30646027396633346,-0.30793189082879047
YOG,1900-01-20,0.02759330548,7.06219,0.59732,46195.18094153888,0.19097292175496428,0.19346015917524095
YOG,1901-01-26,0.03111453072,7.14994,0.59883,51958.870998446975,0.10276649308332497,0.1006792741743685
YOG,1902-02-01,0.04095016744,6.49817,0.60029,68217.30736810541,0.17389207270660156,0.171145339203006
YOG,1903-02-07,0.03668508584,6.17972,0.598,61346.29739130435,-0.09353759781616211,-0.09072988280463046
YOG,1904-02-13,0.0304477732,6.39084,0.59741,50966.29316549773,-0.10859885590752338,-0.10788930280543807
YOG,1905-02-19,0.029954109639999997,6.49114,0.59713,50163.46463919079,0.004508877493549779,0.004726649192202448
YOG,1906-02-25,0.031054714599999998,6.6427,0.59351,52323.82706272852,0.02402152257406387,0.02882973115664278
YOG,1907-03-03,0.03280304508,6.64759,0.5928,55335.771052631586,0.049425261584634006,0.05030564558867723
YOG,1908-03-09,0.03422470012,6.78703,0.59276,57737.8705040826,-0.008087063979893228,-0.008019915323503546
YOG,1909-03-15,0.034938433920000005,6.89336,0.5925,58967.82096202532,0.008980980805406658,0.009330062148663387
YOG,1910-03-21,0.03813777708,7.01368,0.59025,64612.921778907235,0.04822965801352064,0.050765844830005014
YOG,1911-03-27,0.036823062639999994,5.8807,0.58161,63312.29284228263,0.009265600960574494,0.021292250966140402
YOG,1912-04-02,0.0342264364,5.88594,0.57433,59593.67680601744,-0.035209774214640555,-0.025637918346211985
YOG,1913-04-08,0.03034002088,5.14041,0.56434,53761.95357408655,-0.10474642797873479,-0.09331540182360143
YOG,1914-04-14,0.02804720724,5.03069,0.55115,50888.518987571435,-0.05268163115215718,-0.03578480844767251
YOG,1915-04-20,0.02180593532,5.66507,0.53522,40742.00388625238,-0.20011550404462652,-0.18118819618143345
YOG,1916-04-26,0.0205485826,6.6362,0.53334,38528.11077361533,-0.06175219391812603,-0.059303409448399624
YOG,1917-05-02,0.024388936519999998,6.544,0.53105,45925.87613219094,0.12970182692146714,0.13304565625365639
YOG,1918-05-08,0.0231767744,6.35475,0.52734,43950.3439905943,0.040077559380736094,0.045495356878670234
YOG,1919-05-14,0.025301832399999998,6.68837,0.52481,48211.414416646025,0.11636683132771841,0.12065933728564349
YOG,1920-05-20,0.0230716538,7.44096,0.52351,44071.085175068285,0.005942642565142986,0.00802575689967
YOG,1921-05-26,0.02415402756,8.10246,0.52581,45936.79762651908,-0.055868915666041796,-0.058931863874067236
YOG,1922-06-01,0.0221583986,6.69112,0.52766,41993.705416366596,-0.0628722397015401,-0.06614857144503627
YOG,1923-06-07,0.018042502919999998,6.60256,0.52506,34362.74505770769,-0.10600608076828621,-0.10266044163033816
YOG,1924-06-13,0.023291028279999997,7.94514,0.5253,44338.52708928231,0.05566718980635477,0.05561527002092337
YOG,1925-06-19,0.021149306359999998,7.59639,0.52725,40112.48242769085,-0.023293836793333078,-0.026117050340441095
YOG,1926-06-25,0.019694589199999998,7.04792,0.52824,37283.41132818416,-0.08007176959316165,-0.08129909375701072
D07,1898-04-09,0.66225818516,10.42453,22.92458,28888.56350519835,0.3844879548009674,0.3833630187357766
D07,1899-04-22,0.65425971208,10.42476,22.95423521634194,28502.788523061274,-0.003959040614407994,-0.0017554182555232778
D07,1900-04-21,0.6269631836,10.41433,22.92458,27348.949625249406,-0.030999673398659833,-0.023375524885152488
D07,1901-05-04,0.70473296088,10.46512,22.92458,30741.36847349003,0.09406816025882847,0.09662056890218484
D07,1902-05-17,0.7292988664000001,10.55734,22.92458,31812.965227716282,0.010754634675204766,0.009947828378084278
D07,1903-05-09,0.8326474889200001,10.51584,22.92458,36321.166578406235,0.22768514017447017,0.22812803664902637
D07,1904-05-15,0.89305149544,10.25868,22.92458,38956.0679166205,-0.09407971796818249,-0.09452503614320973
D07,1905-05-28,1.6646350292,10.69138,22.92458,72613.54533867142,0.024873932412317945,0.02249605614035155
D07,1906-05-27,1.60448722252,10.66102,21.92808339768506,73170.42686409087,-0.052839148363791666,-0.03924138893495088
D07,1907-06-09,2.11382836652,10.6102,22.92458,92207.9430253466,0.11906773843554586,0.1253831001440111
D07,1908-06-22,2.37116575072,10.62327,22.92458,103433.33446981362,0.054374452027839304,0.050147689149351526
D07,1909-06-14,2.43591292152,10.79399,22.92458,106257.69028352974,0.03951761213935079,0.04100272663664328
D07,1910-06-20,2.86213640388,10.82556,23.31190457880864,122775.74293443981,0.11261081143256746,0.11041396216296917
D07,1911-07-03,4.08444630828,11.50444,22.92458,178168.86103387718,0.31773364851943486,0.31467825730341326
D07,1912-07-02,5.3598141875200005,11.93182,22.92458,233802.0669307791,0.1772551776690927,0.19447979132351922
NAR,1868-11-14,0.8785576966399999,11.50917,21.92,40080.186890510944,0.19936217469089113,0.2646682821427069
NAR,1869-11-27,0.85301019024,10.87778,21.92,38914.698459854015,-0.013589516624672227,-0.013627917657997868
NAR,1870-11-26,0.82915274884,10.86381,22.180995328334898,37381.22372627737,0.015624860304429555,0.01054460387584455
NAR,1871-12-09,0.81275427584,10.24156,21.92,37078.20601459854,0.3306328450732252,0.29509623682410213
NAR,1872-12-22,0.95263904372,10.98682,21.92,43459.81038868613,0.12296770062188545,0.11676284519000601
NAR,1873-12-14,1.25234711732,10.2278,21.92,57132.62396532846,0.30913181207499063,0.32082836860837083
NAR,1874-12-20,1.1189036586,10.85179,21.503888146912644,52032.620843065684,-0.11364609570927642,-0.10081586434828937
NAR,1876-01-02,1.4571916033999999,10.77734,21.920000000000005,66477.71913321166,0.07589650991976105,0.07436510330484469
NAR,1877-01-01,1.296258197,10.52639,21.92,59135.866651459844,-0.13108762027363496,-0.11353058022138984
NAR,1878-01-14,1.5629509272,10.43384,21.92,71302.50580291971,0.06038516058488219,0.06539060431824861
NAR,1879-01-27,1.38439797548,9.5965,21.805143790608266,63489.513702554745,-0.11460461123942578,-0.09543867082521729
NAR,1880-01-19,1.55844109096,8.74388,21.92,71096.76509854014,0.14034199906060363,0.13667732362889184
NAR,1881-01-25,1.7292266939999998,9.42105,21.92,78888.07910583941,-0.02662340579151601,-0.026553443640635832
NAR,1882-02-07,1.43652216136,9.34424,21.92,65534.770135036495,-0.17819733277097927,-0.17844071238255943
NAR,1883-02-06,1.46243850584,9.28692,21.919999999999998,66717.08512043796,0.019892841501177205,0.019728787934926828
NAR,1884-02-19,1.7116971315599998,8.49061,21.92,78088.37279014598,0.08852274234898205,0.09734133583384841
NAR,1885-03-04,1.6152002027199999,9.03095,21.92,73686.14063503649,-0.01657014832710546,-0.012658562050324784
NAR,1886-02-24,1.6438000129199999,8.99043,21.92,74990.87650182481,0.011199545722627713,0.010866545889823165
NAR,1887-03-02,1.92398786736,9.1166,21.92,87773.16913138685,0.15242266438986007,0.15087528049347854
NAR,1888-03-15,2.07859717416,8.92913,21.92,94826.51341970802,0.07055957223178488,0.06993710186806124
NAR,1889-03-14,2.18257867672,8.93011,21.92,99570.1951058394,0.05468495535309659,0.05544479046037232
NAR,1890-03-27,2.3094598956,8.85926,21.682666375915755,106511.80327919708,0.047709341362969004,0.0477056142286052
NAR,1891-04-09,2.35444796704,7.93247,21.92,107410.94740145985,0.01165874000414191,0.014547753032073452
NAR,1892-04-01,2.1620863368000003,7.72996,21.92,98635.32558394161,-0.08415797500104383,-0.08487400108942167
NAR,1893-04-07,2.1551055271200004,7.59601,21.92,98316.8579890511,-0.0204737129923227,-0.019488532094089517
NAR,1894-04-20,2.38962653228,7.60906,22.10832479754556,108087.18227919708,0.0777951754050481,0.07742824960357031
NAR,1895-04-19,2.3281102187199996,7.4031,21.92,106209.40778832114,-0.02118538350310284,-0.026009334814382612
NAR,1896-05-02,2.66209245068,8.66222,21.92,121445.82347992698,0.14736510033119443,0.14912672575959762
NAR,1897-05-15,2.74955150704,8.43919,21.92,125435.74393430656,0.012242748101197742,0.012938894445622573
NAR,1898-05-07,2.8174958396000003,8.16756,21.92,128535.39414233576,0.023122136238885815,0.02419710462685387
NAR,1899-05-13,3.07213090756,9.12515,21.92,140151.95746167883,0.04312177936144734,0.05238376711489545
HAU,1837-01-13,0.15998026304,5.03047,4.00137,39981.37214004204,0.22069553100268968,0.22255371918794387
HAU,1838-01-19,0.13871178516,4.95267,4.00137,34666.07315994272,-0.13496601037234612,-0.135399563631731
HAU,1839-02-01,0.138175778,4.97296,4.00137,34532.11724984193,-0.002792506450949639,-0.0028078588777991076
HAU,1840-01-31,0.13834008656,5.12394,4.00137,34573.18032573844,0.0020727284792334544,0.0020812726557624117
HAU,1841-02-13,0.137693166,5.23021,4.00025825881981,34421.06911382852,-0.003303383484844602,-0.003230129779003388
HAU,1842-02-26,0.1369760418,5.25295,4.00137,34232.28589208196,-0.0038917288798512306,-0.003837137132940982
HAU,1843-02-18,0.13540949968000002,5.51383,4.00137,33840.784451325424,-0.006290154417148752,-0.006549011608911082
HAU,1844-02-24,0.13451486204000002,5.5183,4.00137,33617.20161844569,-0.006239729708832686,-0.005179753865582448
HAU,1845-03-09,0.13382306132000002,5.53938,4.00137,33444.31065360115,-0.007862793768974696,-0.007084712965756856
HAU,1846-03-08,0.15814112184,5.66951,4.00137,39521.744262590066,0.10126708931871775,0.12052984282437196
HAU,1847-03-21,0.13354896672,5.71855,4.00137,33375.81046491577,-0.17645885861993693,-0.17684961611604333
HAU,1848-04-03,0.13282941308,5.78554,4.00137,33195.98364560139,-0.004172342376757343,-0.0041790440459861244
HAU,1849-03-26,0.13088313004000002,5.78842,4.00137,32709.579479028438,-0.008795945345747125,-0.008956320943264151
HAU,1850-04-01,0.12866346012000002,5.80582,4.00137,32154.851993192337,-0.01154268825774063,-0.011302121066896542
HAU,1851-04-14,0.12803350924,5.83253,4.00137,31997.418194268466,-0.0033198442441157994,-0.0032959281230530157
HAU,1852-04-13,0.12692709744,5.85195,4.005040603153202,31691.837865531055,-0.0088574844935555,-0.008805095435769905
HAU,1853-04-26,0.12531764024,5.889,4.00137,31318.683410931757,-0.01202465200157632,-0.012009345755627066
HAU,1854-05-09,0.12043315388,5.53056,4.0024745756214255,30089.67367676571,-0.03651462902861102,-0.036266588867457705
HAU,1855-05-01,0.11810624644,5.51817,4.00137,29516.452225112902,-0.01801303362286355,-0.017992490720281418
HAU,1856-05-07,0.14747239468,5.22866,3.9967264110554117,36898.29613357425,0.24275896207400405,0.2409555194655193
HAU,1857-05-20,0.1213064476,5.64593,4.00137,30316.228591707342,-0.10703284656818746,-0.11041092063438851
HAU,1858-05-19,0.12114670879999999,5.76577,4.00137,30276.307564659106,0.003946250272396146,0.004034704617448925
HAU,1859-06-01,0.1210841528,5.8181,4.00137,30260.673919182682,-0.0010030977851862577,-0.0007586207459037153
HAU,1860-06-14,0.12287920736,5.87291,4.053997161096029,30310.629849276625,-0.033421022868718286,-0.04945083688366847
HAU,1861-06-06,0.11969367904,5.7894,4.00137,29913.17449773453,-0.021386973389513897,-0.0207190389627413
HAU,1862-06-12,0.11921400972,5.79616,4.00137,29793.29822535782,-0.003925422411802604,-0.0039906886568934485
HAU,1863-06-25,0.11964078932,5.88071,4.00137,29899.95659486626,0.0006070919102958428,0.000679102672581422
HAU,1864-06-24,0.09959285128,5.82719,4.00137,24889.688101825126,-0.21987100325447673,-0.22795596521135875
HAU,1865-07-07,0.14463079956000002,6.51522,4.00137,36145.32011785964,0.43985596736708654,0.4215103574977366
HAU,1866-07-20,0.21627379176,6.42627,4.00137,54049.93583697584,0.4662114677783993,0.4699208637461951
HAU,1867-07-12,0.14766164035999998,7.00095,4.00137,36902.77089096984,-0.2177677480299285,-0.20883642745427955
HAU,1868-07-18,0.15566880628,7.15602,4.00137,38903.876992130194,0.0631582544100524,0.06341831946141308
HAU,1869-07-31,0.15277582216000002,6.62989,4.00137,38180.878589083244,0.03971637555475738,0.054538884904451246
HAU,1870-07-30,0.13596137828000002,6.50496,4.00137,33978.70686289946,-0.08684569436862566,-0.1557764772425302
HAU,1871-08-12,0.14830682204,6.8455,4.006734876576022,37014.38368358838,-0.035785461330991364,-0.04439278011925196
HAU,1872-08-25,0.14890506072,6.41051,4.00137,37213.51954955429,0.012090909968967889,0.010895964148083692
HAU,1873-08-17,0.14696759948000002,6.48874,4.00137,36729.32007787333,-0.007831104355414453,-0.0075347937092740125
HAU,1874-08-23,0.11817294424,5.82383,4.00137,29533.120966069124,0.027624537510041902,0.049037758922443775
HAU,1875-09-05,0.14147335383999998,5.99018,3.9167668776053794,36119.93214324094,0.009877400470040154,0.027586637077919196
HAU,1876-09-04,0.12481161056,6.72047,4.00137,31192.21930488808,-0.1142140851606015,-0.10909691335595217
HAU,1877-09-17,0.15384331352,6.26681,4.00137,38447.66005643067,0.023068578291239428,0.03815012314279742
HAU,1878-09-30,0.1110728502,6.45563,4.00137,27758.70519347124,-0.15169053490342532,-0.17421540474934682
HAU,1879-09-22,0.14636026236,7.76961,4.00137,36577.53778330922,0.13540998620156874,0.13533496776793408
HAU,1880-09-28,0.14290260504,7.6114,4.00137,35713.41941385076,-0.02278262716787205,-0.02273663411805471
HAU,1881-10-11,0.21338241183999998,7.95206,4.00137,53327.338346616285,0.2614255878483087,0.2525359075560889
HAU,1882-10-10,0.14732138096,8.55861,3.9727738460380317,37082.750407985266,-0.19903605479507935,-0.16939652400195127
HAU,1883-10-23,0.14624187032,7.80981,4.00137,36547.9499071568,-0.011869352579443548,-0.012259914349793233
HAU,1884-11-05,0.1673173034,7.61242,4.00137,41815.00421105772,0.0861820018644297,0.09448942078394218
HAU,1885-10-28,0.15518178988,7.6415,4.00137,38782.16457863182,-0.14894088816804052,-0.14405277647093362
HAU,1886-11-03,0.22932292552,7.79388,4.022597413579228,57008.66926077819,0.22004062508194355,0.23122617233117881
HAU,1887-11-16,0.16194622443999998,9.10439,4.00137,40472.69421223231,-0.07676970495544921,-0.08688897394037598
HAU,1888-11-15,0.16320855304,8.7737,3.9802669482206947,41004.4238648263,0.015658565944566494,0.0113233465258884
HAU,1889-11-28,0.17389779576,8.6761,4.00137,43459.56403931654,0.1263976789804162,0.08446332318817307
HAU,1890-12-11,0.15769685568,8.59245,4.008846659788294,39337.21318448432,-0.07928981835476878,-0.06809449849895466
HAU,1891-12-03,0.15759074084000002,9.13629,4.00137,39384.19612282794,0.003953095312576371,0.004650887105307033
HAU,1892-12-09,0.16063779939999998,8.78544,4.00137,40145.69994776789,0.01086603237252759,0.01038035636056689
HAU,1893-12-22,0.16308170319999998,8.40856,4.00137,40756.46671015178,0.009435565240733634,0.009193516904163257
CHL,1837-06-30,0.71521911188,9.54339,9.70965,73660.64810575046,-0.041431769329692725,-0.03719209679077806
CHL,1838-07-13,0.69786249572,9.18403,10.269629999999998,67954.00571588267,-0.01322106518740529,-0.06760950612946381
CHL,1839-07-12,0.87714084796,9.22348,12.63484185498723,69422.38438970051,0.17019993987362114,0.1654365157129769
CHL,1840-07-25,0.8655185208799999,9.5438,10.62273,81477.97420060568,0.004369687078588758,-0.011473713949304742
CHL,1841-08-07,0.83983047512,9.33836,11.55335,72691.5115633128,-0.024681810780479707,-0.10589010406763899
CHL,1842-07-30,0.85862631192,9.23834,12.1918,70426.54176741744,0.013880312222664282,-0.03969032524573113
CHL,1843-08-05,0.9419593388399999,9.49611,12.355465937593682,76238.26924842411,0.08848453146309732,0.07244820850105471
CHL,1844-08-18,0.9590698026000001,9.54701,12.54212,76467.91791180438,0.011006975791925111,-0.0024290905063554247
CHL,1845-08-17,0.9944297193999999,9.37794,12.694080000000001,78338.0693520129,0.02595513615990308,0.01372391093685188
CHL,1846-08-30,1.1193056877599998,9.37824,12.91545,86664.08741158844,0.1278499790427421,0.11327349061305214
CHL,1847-09-12,1.20477140628,8.52023,12.87164953539524,93598.83540699634,0.09241210233715935,0.08519559739593174
CHL,1848-09-04,1.0754951480000001,9.66526,13.13868,81857.16890890105,-0.1378088935504589,-0.14428960270995828
CHL,1849-09-10,1.11303504156,9.65202,13.467310000000001,82647.16870406934,0.04346565103530908,0.03538672227167172
CHL,1850-09-23,1.05035694816,9.27943,13.62414,77095.28441134632,-0.052888691934858234,-0.054127770338507575
CHL,1851-09-22,0.92404545896,8.92235,13.82219,66852.31927502081,-0.03573775305889482,-0.03986464635098064
CHL,1852-10-05,0.91545178712,9.12685,14.00282,65376.24472213454,0.0013709753225077392,-0.011908532262004168
CHL,1853-10-18,0.8824276812,9.88523,14.15885,62323.40064341384,-0.016145325222250317,-0.01675354365234183
CHL,1854-10-10,0.85720094252,10.01511,14.4369,59375.69301719899,-0.02823209226439849,-0.03564561469356009
CHL,1855-10-16,0.93539539444,10.02598,14.69318,63661.87540341845,0.025730356113967456,0.004535435035025959
CHL,1856-10-29,1.04078599716,9.62359,14.939209999999997,69668.07462777484,0.16912003518641727,0.14667235747323182
CHL,1857-10-28,1.3689753376,9.77732,15.216699999999998,89965.32346698036,0.2318746056127572,0.20642816579169398
CHL,1858-11-10,1.47289181416,9.71778,15.246746569036212,96603.67918433274,0.047668055095794415,0.03221054318527039
CHL,1859-11-23,1.55814553908,9.69964,15.66112,99491.32240095217,0.04512937320617061,0.02507580151491884
CHL,1860-11-15,1.80265986108,9.64753,15.786630000000002,114189.02331149839,0.15166689279817347,0.13482767908971494
CHL,1861-11-21,1.76350309408,9.75742,15.79519,111648.1089546881,-0.020061948798160034,-0.0203622675377767
CHL,1862-12-04,1.8747561419599998,9.85154,14.66730185525953,127818.74679205116,0.05911067509375556,0.06572452265359163
CHL,1863-12-03,2.2070214093200002,10.43843,15.394510000000002,143364.18692897662,0.10338212804911295,0.12187410769671803
CHL,1864-12-16,2.90432702716,11.78826,15.38279,188803.65831945962,0.1720091295584747,0.16836738460353406
CHL,1865-12-29,2.95782759168,12.24006,15.39239,192161.6845519117,0.010933588681066864,0.00902901535886369
CHL,1866-12-21,3.01969764408,12.40373,15.64661,192993.73117116102,-0.01757763773089871,-0.024507948563425752
CHL,1867-12-27,3.00956015048,12.01937,16.02699,187780.74675781289,-0.0016540867885682653,-0.026036647508646094
CHL,1869-01-09,3.07439153996,12.22196,16.02699,191825.8849578118,0.04169824761944163,0.04405992359074351
CHL,1870-01-08,3.14149139512,12.42309,16.62902,188916.20763701046,0.029439808376113374,-0.0075778887063819855
CHL,1871-01-21,3.22876769436,12.59623,16.93993,190601.00569246744,-0.005805697475529836,-0.02308071742237683
CHL,1872-02-03,3.35451955488,12.23492,17.00328,197286.614987226,0.02324681954429275,0.029356095361155354
CHL,1873-01-26,3.43060993964,12.8724,17.04505,201267.22653438975,-0.002257257157034509,-0.005981289435707193
CHL,1874-02-01,3.7333697518,13.11537,17.87811,208823.51388373828,0.08790828860063882,0.07618976037263181
CHL,1875-02-14,3.90032716736,12.77848,18.75527,207958.9985833315,0.02212113197829324,-0.02649642458580359
CHL,1876-02-13,3.70542978988,12.22756,18.45889346978598,200739.5403167123,-0.02877732043802228,-0.03954137328162988
MAY,1926-01-29,0.89125002252,6.24824,19.08058,46709.79721371153,0,0
MAY,1927-02-04,1.0439867048,6.19561,19.07293,54736.56668377643,0.0747021667052854,0.07514243215050809
DLA,1899-08-05,0.23684635104,8.20737,9.90631,23908.63510631103,0.008344736010163833,0.009765252332835095
DLA,1900-08-18,0.24163125844,8.8551,10.091810250502915,23943.30179047496,0.023466345203477124,0.020825905363025976
DLA,1901-08-17,0.24741816944,8.85563,9.90631,24975.815358089945,0.04432491301958508,0.044251352531628374
DLA,1902-08-30,0.27883947884,8.24174,9.90631,28147.66334184979,0.13954199214715146,0.1389848759494252
DLA,1903-09-12,0.23582208259999998,8.23193,9.90631,23805.239549337744,-0.03208434912668379,-0.05164089296389862
DLA,1904-09-04,0.25486165171999997,8.96932,9.90631,25727.203340093336,0.02347008897078129,0.023276383100180542
DLA,1905-09-10,0.2609392058,8.87788,9.90631,26340.706660704138,0.02929684607257288,0.032137467662500585
DLA,1906-09-23,0.26272552748,8.91441,11.05674,23761.572351344068,0.00019224294713837686,-0.08123840389594239
DLA,1907-09-22,0.27029276976,9.00251,11.34238,23830.33981933245,0.01683914258869801,-0.005733478956785221
DLA,1908-10-05,0.27757420912,8.93428,11.34238,24472.307321743763,0.03270847019977863,0.03338620215197907
DLA,1909-10-18,0.29411765188,8.95914,11.34238,25930.85859228839,0.02868926606873501,0.042997638732258814
DLA,1910-10-10,0.27479297976,8.34938,11.34238,24227.100463923798,-0.1052445867642644,-0.11034308348000776
DLA,1911-10-16,0.27049911616,8.40042,10.99907792696875,24592.89023644068,0.01431871931108808,0.014129794847312471
DLA,1912-10-29,0.27962310844,8.46353,11.34238,24652.94836180766,0.06324098047571258,0.0607682541246537
DLA,1913-10-28,0.28862761252,8.42708,11.240359217961585,25677.792579687863,0.02479869993165762,0.02943325803867558
DLA,1914-11-10,0.33159238528,8.51069,11.34238,29234.815380898894,0.19155694071004326,0.2096330157499957
PHI,1872-06-09,10.79579456228,10.81567,42.68395,252923.98108141348,0.0019429213411854551,0.003087333083482413
PHI,1873-06-22,11.0929803998,10.95796,42.68395,259886.4538028931,0.018084764199817416,0.01567282000305248
PHI,1874-06-21,12.73069940844,11.28292,42.68395,298254.95082905865,0.11866970660649634,0.11569806244254166
PHI,1875-07-04,13.63042240196,11.52831,42.68395,319333.66996166005,0.08303846206903565,0.08601413137592617
PHI,1876-07-17,13.20356769212,10.6186,50.6018,260930.79084380402,0.01471522046429774,-0.027606786023540053
PHI,1877-07-09,13.6211617204,12.22293,50.601800000000004,269183.34368342627,0.02555569542428482,0.024854415103246374
PHI,1878-07-15,14.50318491752,12.20682,50.601800000000004,286614.0121007553,0.00935431670950515,0.011159822966170019
PHI,1879-07-28,15.16336388164,12.44816,50.6018,299660.563095384,0.03070790870497042,0.03145253211651822
PHI,1880-07-27,16.15667314924,12.16481,50.6018,319290.4827346063,0.05989442445465487,0.05998250800653748
PHI,1881-08-09,17.200924878800002,12.39615,50.87898206684173,338075.25583358697,0.04551617823397591,0.04769796959498551
PHI,1882-08-22,17.865674158799997,12.61471,50.601800000000004,353064.00481405796,0.03002967230039255,0.03127609433248635
PHI,1883-08-14,18.0828243882,12.92352,50.6018,357355.358667083,-0.0013998857992113534,-0.0012890053910155075
PHI,1884-08-20,19.263981261199998,12.94575,50.6018,380697.5495180013,0.04623674182285753,0.04642107650349092
PHI,1885-09-02,20.090506432879998,12.69098,50.95070448135837,394312.6329142442,0.05864305227458355,0.05799192583820889
PHI,1886-09-01,21.216967359639998,12.61048,50.6018,419292.7397768459,0.034204197658393554,0.03373119141310443
PHI,1887-09-14,21.01656877112,12.72632,51.127515234286186,411061.8064424586,-0.024236844254775125,-0.02141731296170335
PHI,1888-09-27,21.7828475202,12.92835,50.6018,430475.7443450628,0.03298231230678006,0.03137671324786506
PHI,1889-09-19,23.79480575316,13.01056,50.6018,470236.3503503828,0.0533366518285876,0.05390659352357563
PHI,1890-09-25,24.16542442652,12.99681,50.6018,477560.56951570895,0.008650956477959548,0.007794266021555529
PHI,1891-10-08,25.41157446984,12.98948,49.90055315095156,509244.3443055385,0.06579663115267453,0.06610986944016228
PHI,1892-10-07,27.59209502088,13.02158,50.60179999999999,545278.9232967998,0.07876372350455307,0.07904675740157074
PHI,1893-10-20,28.5051695578,13.02037,50.60179999999999,563323.2327268991,0.01300942910754399,0.013319792866643754
PHI,1894-11-02,28.34600312804,13.25008,50.6018,560177.7630052686,-0.006873164634336626,-0.0049536141832216
PHI,1895-10-25,29.28552879044,13.53173,50.6018,578744.8033556119,0.02839045970343057,0.028384580458022723
PHI,1896-10-31,30.23752184544,13.58841,50.60179999999999,597558.2260994669,0.03682624299555548,0.034891845190309745
PHI,1897-11-13,32.797336337480004,12.89352,50.6018,648145.6457572656,0.04159826197765315,0.04076209316631396
PHI,1898-11-12,35.35972735672,13.64684,50.52266695285529,699878.4800833173,0.06305720350786803,0.06153854071055154
PHI,1899-11-25,36.31999117812,12.40156,50.60179999999999,717760.8539245641,0.038368476305885135,0.037070000585404106
PHI,1900-12-08,36.562266184600006,12.80568,50.6018,722548.727211285,0.013706230700741173,0.01386701812843616
PHI,1901-11-30,38.2581141566,12.74545,50.6018,756062.317083582,0.014233726470601837,0.013185439344774563
PHI,1902-12-06,39.084429572240005,12.73413,50.2976707209152,777062.4168484126,0.02265770895175878,0.02165681673441222
PHI,1903-12-19,40.71457064636,12.75158,50.6018,804607.1611357699,0.02360709359906399,0.021930804111433222
PHI,1904-12-18,44.49951912068,12.60258,116.30114,382623.2410162101,0.09728073429920991,-0.15223143819670282
PHI,1905-12-31,43.991167400959995,12.90601,116.30114,378252.24585898296,-0.019737283027101205,-0.02370621601569256
PHI,1907-01-13,45.6574124136,12.82743,118.7543375391517,384469.42957807635,0.01976800619457242,0.011452503220478416
PHI,1908-01-05,46.202596713,13.2264,116.30114,397266.9288796309,0.005076184673408202,0.003808839374493944
PHI,1909-01-11,48.950483031839994,13.60887,116.30114,420894.2666584351,0.03566551759915759,0.034339460558872714
PHI,1910-01-24,50.297399853479995,14.06391,116.30114,432475.5531500379,0.017418397990899503,0.01744024995272353
PHI,1911-01-23,51.07382992452,14.11559,116.30114,439151.58462350414,0.013167874405963342,0.010178503313165388
AST,1880-05-04,6.416511322,12.23737,18.812916115589335,341069.46964394074,-0.0569326742904559,-0.0600423448692079
AST,1881-05-17,6.71288613632,12.66732,17.86332,375791.62979334185,0.06984626014561957,0.06607904256219532
AST,1882-05-16,6.658010560239999,12.57352,17.86332,372719.6601885875,0.06585490384015213,0.05825305256447444
AST,1883-05-29,12.12203900336,12.83583,38.14474,317790.5788153229,0.7329543180968261,-0.1865830532876207
AST,1884-06-11,12.07976559088,13.42394,37.48777851255272,322232.099905176,0.021171801884944053,0.011812168327633765
AST,1885-06-03,12.74878646652,13.60767,39.83128,320069.7157239235,0.03739197665013827,0.012438252086293344
AST,1886-06-09,13.54093562276,13.68394,40.73905,332382.2136932501,0.06130340645628474,0.04494785317034089
AST,1887-06-22,14.456372329879999,14.88129,41.47207,348580.9203611008,0.0629426216630189,0.052990520599766056
AST,1888-06-21,13.76107824312,14.89642,42.231700000000004,325847.1300733809,0.008635574950184521,-0.016874092563136656
AST,1889-07-04,13.98324884268,14.60217,43.69602,320011.9562989948,-0.00970451583962284,-0.034372857261873224
AST,1890-07-17,16.02468351848,14.46368,44.76632,357962.9399620071,0.042778061595467154,0.017933035002378972
AST,1891-07-09,17.49481345924,15.11727,46.28466,377982.97447231977,0.049336398059536046,0.02035316757804395
AST,1892-07-15,19.27611532496,15.24858,48.80986,394922.56943494617,0.029557695304811116,-0.004083380840108286
AST,1893-07-28,18.38525816712,15.41454,50.34924,365154.63127387816,-0.020716413835097924,-0.03955618368377822
AST,1894-07-27,20.2029024912,14.61079,51.31192,393727.2760637294,0.013806498309030912,-0.005980415522728988
AST,1895-08-09,21.46685640112,14.60095,53.79266419619486,399066.61478645453,0.06224235958736046,0.054178504117406545
AST,1896-08-22,21.0228913076,14.4121,54.28946,387237.0678875789,-0.012210874682400563,-0.04070026254336723
AST,1897-08-14,21.899057212760002,15.59608,56.10464999999999,390325.17291810934,0.03137575503663914,0.003180585229755728
AST,1898-08-20,22.40446151268,15.96726,58.65383,381977.8096789247,0.01594325684743314,-0.013876702792084528
AST,1899-09-02,24.614823733759998,15.91463,60.84695856046775,404536.6328260858,0.07044285365446656,0.0426444631877998
AST,1900-09-01,25.42247473012,15.74966,61.09606,416106.6152239604,0.040712372477883285,0.02706797852069709
AST,1901-09-14,26.71487120276,15.74156,62.13058815435671,429979.3708115204,0.05434110621756738,0.04172146036526003
AST,1902-09-27,27.04406609372,15.8418,63.54259999999999,425605.2804531134,0.007270972835013545,0.0011215142438874004
AST,1903-09-19,26.88727233712,16.0855,64.39431,417541.1202809689,-0.02502068839206628,-0.03804005242735131
AST,1904-09-25,30.05796870856,16.44562,66.439,452414.5262354943,0.06519499483202806,0.04650605012933462
AST,1905-10-08,33.653367468759996,16.93683,69.845192601807,481827.97147715697,0.06209082016373091,0.06082553610308272
AST,1906-10-07,35.35621533808,16.98742,67.46873,524038.54849617,0.03310600586492618,0.03304209230468236
AST,1907-10-20,40.18985305452,17.04066,67.46873,595681.1852619726,0.12316259741153224,0.12483535057041051
AST,1908-11-02,39.97503484936,16.74005,67.46873,592497.2183315145,-0.009352243636884361,-0.011279398781672278
AST,1909-10-25,42.46862149504,16.45532,67.46873,629456.3643785795,0.05070504459390279,0.0500698160227846
AST,1910-10-31,44.051689454240005,16.15695,67.46873,652920.092822853,0.02074907964750672,0.022754532409319017
AST,1911-11-13,45.28328762464,16.0356,67.46873,671174.4481427175,0.004681259187688358,0.005452378420868653
AST,1912-11-12,44.78035268668,15.95321,67.5995208476933,662435.9481419022,-0.012037606074466467,-0.013636317161682343
AST,1913-11-25,48.15466543108,16.27587,82.18898,585901.7283227021,0.0666254664980388,-0.11977692831959474
AST,1914-12-08,48.1024514568,16.71216,82.18897999999999,585266.4366536731,0.02580986879975411,0.025281216712439214
AST,1915-11-30,48.70958695772,16.31381,82.18898,592653.5036414857,0.017275042012467434,0.01765501015104487
AST,1916-12-06,53.383909264399996,17.22706,83.45633954036455,639662.7213512078,0.0614044784565555,0.06127314634260084
AST,1917-12-19,59.11183487352,16.95105,82.18898,719218.499530229,0.08064142072346647,0.07849882584419987
AST,1918-12-18,59.32100260788,16.70935,95.10309999999998,623754.6684375168,0.041363914335178054,-0.102481604360953
AST,1919-12-31,60.65836263084,16.93993,96.6763,627437.7756579431,0.023646129631938795,0.016307815661205094
D10,1897-03-20,0.07306750828,11.44527,1.64684,44368.31038838017,0.11117003970505679,0.10161657875236663
D10,1898-03-26,0.07214576096,11.42889,1.67509,43069.78189828606,-0.015578937864862863,-0.02837526361715459
D10,1899-04-01,0.07191659904,11.40109,1.70379,42209.778810768934,-0.0036593513742714245,-0.016225027810876758
D10,1900-04-07,0.07154411524,11.3061,1.73223,41301.74124683212,-0.006165783296803062,-0.018421566736432693
D10,1901-04-13,0.07596322864,10.52176,1.75833,43201.91809273572,0.06003963965382564,0.04781483214127813
D10,1902-04-19,0.06999494164,10.82124,1.78553,39201.212883569584,-0.07862425968855524,-0.08899905021486954
D10,1903-04-25,0.06586952788,10.40928,1.81166,36358.65884327081,-0.027904534092679123,-0.03864858448572417
D10,1904-05-01,0.06183132436,10.45958,1.83754,33648.96783743483,-0.015701101827281905,-0.02608624279140692
D10,1905-05-07,0.06093559732,10.29304,1.86007,32759.840930717663,-0.002631614470855803,-0.011679248652068597
D10,1906-05-13,0.06384390324,9.55955,1.88039,33952.47966645217,0.04499314509561758,0.03616613157208182
D10,1907-05-19,0.06790322864000001,9.84379,1.90177,35705.279103151275,0.06129373704306529,0.052446097940669345
D10,1908-05-25,0.066216423,8.90475,1.9251999999999998,34394.568356534386,-0.0027456222558245313,-0.012082513780070525
D10,1909-05-31,0.06667412076000001,9.01606,1.9453900000000002,34272.88140681303,0.01067211143064739,0.0024614784012555457
D10,1910-06-06,0.0667023942,8.99975,1.9677700000000002,33897.45458056581,0.004304947473305454,-0.004105092491994422
D10,1911-06-12,0.06697106624,8.98068,1.9891399999999997,33668.352272841534,0.005507705028212184,-0.0026544351148216627
D10,1912-06-18,0.07029868612,8.46219,2.00816,35006.51647279101,0.04823511863085761,0.04034333095499876
D10,1913-06-24,0.06921512051999999,9.03359,2.02722,34142.87572143132,-0.016569133003017655,-0.023330811198643775
D10,1914-06-30,0.06979999364,8.98402,2.04678,34102.3430168362,0.0066069003067183996,-0.0007402225605459556
D10,1915-07-06,0.0703162642,8.11075,2.06355,34075.38668798914,0.006079696000125923,-0.0002633498975032067
D10,1916-07-12,0.06734190476,7.59135,2.07315,32482.89065431831,-0.0428187002551097,-0.04613436245214397
D10,1917-07-18,0.0682587256,5.52585,2.07428,32907.189771872654,0.012930321541854362,0.012116560787133412
D10,1918-07-24,0.0673990694,5.25279,2.06249,32678.495119976338,-0.010621218650374575,-0.0067697375094318835
D10,1919-07-30,0.06507313124,4.88882,2.04945,31751.509546463683,-0.011129072975460508,-0.006364538444872503
D10,1920-08-05,0.06558725784000001,6.01253,2.03453,32237.05614564543,0.005913539435139059,0.0116254491890182
D10,1921-08-11,0.06604917019999999,6.09599,2.02522,32613.330996138688,0.0002207673479905914,0.00347321977901216
D10,1922-08-17,0.06633938271999999,7.89717,2.02311,32790.79373835333,0.0027618892124749994,0.003924727696545283
D10,1923-08-23,0.06804351684,8.28309,2.02952,33526.90135598565,0.02320013837707524,0.020631625954872
D10,1924-08-29,0.06688424132,8.20435,2.0396599999999996,32791.85811360717,-0.017565104937653286,-0.02116203137861561
D10,1925-09-04,0.06639736324,8.09619,2.0479,32422.170633331712,-0.008371734319476798,-0.011438218317772142
D10,1926-09-10,0.06783782408000001,8.0706,2.05541,33004.52176451414,0.006425380978286155,0.003613609905583237
GBR,1842-04-02,32.34209744792,10.83106,278.86412,115977.98041540803,0.019000173193717496,0.017604512080181767
GBR,1843-04-15,33.23936795764,10.66755,278.86412,119195.57079498071,0.009731653583022304,0.009900777358018864
GBR,1844-04-14,34.393636857320004,10.72741,286.64361,119987.45360944903,0.031113650316310304,0.005372900096613398
GBR,1845-04-27,35.25718445028,10.31677,284.32609,124002.63532017058,0.03773049506212178,0.04915480240692638
GBR,1846-05-10,37.72449983484,10.5798,284.32609,132680.40169947117,0.049987799860915505,0.049065324232417495
GBR,1847-05-02,38.296158780359995,10.7531,313.89815,122001.86200638647,0.018299162804148228,-0.07719848487035974
GBR,1848-05-08,38.78949943076,10.78268,318.25676,121881.14851279202,0.001243491097238758,-0.00140927571998406
GBR,1849-05-21,39.084833373559995,10.68452,318.25676,122809.12233744854,0.006828339882463119,0.007244177369107652
GBR,1850-05-20,39.751460892,10.71953,318.25676,124903.74404615945,0.010062931003572695,0.009968291872814339
GBR,1851-06-02,40.96724292908,10.84315,328.0863837223924,124867.24521839376,0.03813359787903825,0.008352126688319972
GBR,1852-06-15,42.289664350440006,10.87394,331.59064,127535.76020855113,0.03336959921575389,0.024835311027224583
GBR,1853-06-07,43.53769453904,10.99929,331.59064,131299.52805374723,0.022216126839751382,0.021680440863826922
GBR,1854-06-13,46.9074465704,10.95671,341.34207000000004,137420.64249625016,0.0614707908933978,0.05109735281654837
GBR,1855-06-26,47.908598001680005,11.04446,345.15669286351704,138802.45984574946,0.01268713003011035,0.01240429868146986
GBR,1856-06-25,49.04928977728,11.1274,341.34207,143695.41315923937,0.03520857915437681,0.03687817801129811
GBR,1857-07-08,52.196977324440006,11.113,341.34207,152916.9179891597,0.03154346063580937,0.03190398687013207
GBR,1858-07-21,54.53380175412,11.10726,352.16734,154851.95689674118,0.03701081283325025,0.016174030445904375
GBR,1859-07-13,57.00564503972,11.18202,355.24768,160467.3253312168,0.026528512827541872,0.01764518240693924
GBR,1860-07-19,58.163730652560005,11.46146,358.72534,162140.01122017196,0.016048471966278788,0.010007084809902533
GBR,1861-08-01,61.86783576376,11.01612,366.38159,168861.74811283502,0.07412733783592707,0.05956831075847968
GBR,1862-07-31,61.790821242279996,10.86271,367.2224567323408,168265.36642697148,0.01289532688762729,0.0039332549403814365
GBR,1863-08-13,67.64872613824,10.97851,377.73317000000003,179091.3044206311,0.06576002302532191,0.05350881264229068
GBR,1864-08-26,68.56653544936,11.17394,385.39649,177911.67597130945,0.008395248584036619,-0.003321545197424447
GBR,1865-08-18,71.27294263752,11.19851,360.67297,197610.98991565683,0.026184141043453346,0.03381420474473229
GBR,1866-08-24,63.4873562648,11.20688,360.78532445396337,175969.8966716177,-0.05923781155639518,-0.06614402779017003
GBR,1867-09-06,67.25185656644,11.22211,370.96687999999995,181288.03457181947,0.022529026694535048,0.01320345497684472
GBR,1868-09-05,61.60288274452,11.98956,369.0262614484459,166933.60115544545,-0.026317665431379922,0.003238877658295003
GBR,1869-09-18,64.47341307628,12.05605,370.96688,173798.29993523948,0.04486181385517263,0.04422447359092252
GBR,1870-10-01,64.641149508,12.09208,388.68566189890026,166307.00806456193,0.017727881142644897,-0.014719880856486678
GBR,1871-09-23,68.43354673948001,12.09162,397.44762,172182.55512381735,0.039595448623413354,0.02788996580378411
GBR,1872-09-29,69.41804150372,12.05553,406.68448133922425,170692.62459960187,0.009757370574652313,-0.0014342390198871513
GBR,1873-10-12,73.27312749172,12.13918,413.79975,177073.88052245078,0.027893369836882398,0.022386496340570217
GBR,1874-10-11,72.41839800728,12.24218,413.79975,175008.31744649436,0.017860858352931386,0.016977007630406327
GBR,1875-10-24,75.63956283104,12.27551,422.20004,179155.74529798716,0.029661367386922155,0.004695171807101328
GBR,1876-11-06,73.07356838964,12.68879,395.48933000000005,184767.48383993065,-0.021259934927643664,0.049115889204362384
GBR,1877-10-29,77.44730762444,12.67859,380.20726,203697.60331362425,0.04177267423093789,0.07499894693259823
GBR,1878-11-04,79.50295062476,13.08121,360.61953,220462.13255493957,0.04291556781840011,0.0918867785211932
GBR,1879-11-17,85.78076636531999,12.96683,360.61953,237870.55117430826,0.048823712512485073,0.04937373839312609
GBR,1880-11-16,77.73407605912,12.72065,360.61953,215557.0333617816,-0.10083043804778535,-0.10148010316366962
GBR,1881-11-29,72.561480394,12.3962,360.61953,201213.39627390672,-0.040307919440740525,-0.038032774983557505
GBR,1882-12-12,63.604400056079996,11.69489,360.61953,176375.36174505024,-0.13619811439379137,-0.1357784213175166
GBR,1883-12-04,83.11587570936,12.58458,360.61953,230480.79428576707,0.23218203939545412,0.22741273017054464
GBR,1884-12-10,87.23546440595999,12.62369,360.61953,241904.4370834824,0.035135833734722066,0.03623921598691493
GBR,1885-12-23,91.33939054344,13.1168,368.412016304895,247927.28385886364,0.03978040344144507,0.038194936723277895
GBR,1886-12-22,96.9893914392,13.33347,417.37543,232379.25490534984,0.04985591949992818,-0.0921557337377451
GBR,1888-01-04,98.8019175988,13.44483,423.35625216397705,233377.72170311876,0.007299965940805064,0.001016061568261728
GBR,1889-01-17,110.25852908563999,13.56442,424.01201,260036.33502183112,0.11833364180788153,0.11749164289927538
GBR,1890-01-09,111.2130708234,13.51068,424.01201000000003,262287.54893853125,0.004361044799600755,0.00531878575629996
GBR,1891-01-15,112.3312683584,13.85596,424.01201000000003,264924.7325763249,0.00441909941840124,0.0032051498557681413
GBR,1892-01-28,116.0557770268,14.0338,431.00739949095214,269266.3215616935,0.015418442647333386,0.013360784962052508
GBR,1893-01-27,125.27258679728,14.30336,437.04065999999995,286638.2885228116,0.06292405376188315,0.03269947574349508
GBR,1894-02-09,129.20715152332,14.42928,438.79608999999994,294458.30185797694,0.020976400275003027,0.016156911954132713
GBR,1895-02-22,134.51006070684002,14.47588,461.18061000000006,291664.6055584167,0.034410638709911456,-0.006796529021454778
GBR,1896-02-14,142.17950547424002,14.26356,469.1922,303030.411575981,0.043637146741936084,0.025069259445029246
GBR,1897-02-20,148.30367727656,14.33344,476.0502,311529.4926387175,0.04144799689862233,0.03247832714173193
GBR,1898-03-05,154.24235930688,14.60921,476.16496,323926.3118119401,0.0005662322472814729,0.0002343103719979478
GBR,1899-03-04,149.61551670936,14.58376,482.1414873163905,310314.54592742695,-0.016322768471124682,-0.026634109135189488
GBR,1900-03-17,151.55310139892,14.45611,485.63217,312073.8508713704,0.01216499031426177,-0.005226905889179845
GBR,1901-03-30,152.33555959648,15.22473,493.424114442744,308731.4850197836,-0.011310373708985466,-0.01191659905901421
GBR,1902-03-22,155.71935983603998,15.25502,477.16422000000006,326343.3285841088,0.02000281160048467,0.037866418777221744
GBR,1903-03-28,158.16350973072002,15.2351,482.6305301632826,327711.36479329324,-0.0008497783483111254,-0.009338813742530316
GBR,1904-04-10,172.20721161851998,15.15997,488.34879000000006,352631.5927157718,0.06361669895543542,0.052150707147055275
GBR,1905-04-09,187.77998297707998,15.3371,573.01606,327704.57249850896,0.06641800929210562,-0.05843223904259809
GBR,1906-04-22,172.82146856884,15.23215,580.85389,297530.0183817999,-0.0991607326001992,-0.10902972766091601
GBR,1907-05-05,181.35245289668,15.29985,591.8648506833022,306408.553721868,0.008167228493962897,0.0034938098882681956
GBR,1908-04-27,198.66263944436,15.01761,565.10261,351551.44557615824,-0.00947816201743168,0.025471220963477315
GBR,1909-05-03,212.06371143255998,14.8938,576.53906,367821.93288440857,0.056921846728297476,0.04358237660304831
GBR,1910-05-16,231.84883672548,14.99495,585.58592,395926.248919168,0.06614635748607367,0.055754573779360106
GBR,1911-05-15,241.860838661,15.30725,596.02745,405788.08687586454,0.014293472214521596,0.004121557287291466
GBR,1912-05-28,245.79563761116,15.90636,601.31328,408764.69186105457,0.014945613672300517,0.007425406177100857
GBR,1913-06-10,259.62238568032,16.74341,607.41499,427421.7626409253,0.03450360135093056,0.027258423767480222
GBR,1914-06-02,260.12900599348,16.86726,620.02883,419543.4041244179,0.005095005425300059,-0.006569659801526906
GBR,1915-06-08,263.89210512340003,16.9592,630.71267,418403.0505101475,0.010130172059351628,-0.003385158528960819
GBR,1916-06-21,274.7637416732,16.9154,643.12795,427230.2916911013,0.025357377840889095,0.01012626171483788
GBR,1917-06-20,277.96549961024,16.85276,653.72814,425200.4504659077,0.003252575865666074,-0.012035990812962916
GBR,1918-07-03,270.67380494024,16.83475,663.9096070175528,407696.7738969377,-0.0012908367919048924,-0.014566437860023429
GBR,1919-07-16,279.42116205172005,16.92873,672.42789,415540.7088360359,0.024793750309594964,0.01429173722963517
GBR,1920-07-08,282.97259360968,16.95962,682.04612,414887.7697738094,0.00796196771453861,-0.0029007053337704036
GBR,1921-07-14,295.85274990543996,16.89374,693.24399,426765.6902520568,0.04489527901269352,0.03662494655361059
GBR,1922-07-27,310.85065965252,16.87584,701.3091850309805,443243.3886329153,0.04089308498025068,0.033126392203800537
ALK,1858-02-17,0.51280426912,9.03104,4.847991308351146,105776.64779155933,-0.6511203495785224,-0.6531107834558649
ALK,1859-03-02,0.2939778348,8.51415,4.51812,65066.40700114208,-0.37369651322386566,-0.3703472341855799
ALK,1860-03-01,0.2507343904,8.19917,4.521427660804794,55454.69466946429,-0.127403106530121,-0.12439492292515852
ALK,1861-03-14,0.44451650776,11.4103,4.51812,98385.28143564139,0.40107313010085255,0.46276449831223254
ALK,1862-03-27,0.58429355556,13.10873,4.516142777340116,129378.89353093765,0.1839289385492,0.2042615038651776
ALK,1863-03-19,0.8320044200000001,14.03646,2.89697,287198.14841023553,0.22823882375765914,0.7826783943975775
ALK,1864-03-25,0.8790580422000001,15.75138,2.91436,301629.8748953458,0.055961173748664716,0.05047894600881331
ALK,1865-04-07,0.86726879096,15.78994,2.91836,297176.7674173166,0.0012422559982998571,0.00016286882061278263
ALK,1866-04-06,0.75431176756,15.67556,2.9334,257145.89471602917,-0.03730359420922347,-0.05444491310427535
ALK,1867-04-19,0.5845102068000001,13.20992,2.9334,199260.3145837595,-0.10123944272237406,-0.09217110307019083
ALK,1868-05-02,0.47825383632,13.27678,2.9333999999999993,163037.3751687462,-0.4357591672973865,-0.39141103632733387
ALK,1869-04-24,0.45637170852,12.92843,2.57456,177262.0208967746,-0.6503483889221574,-0.6073550429156547
ALK,1870-04-30,0.50895056472,14.04731,2.49694,203829.71345727172,-0.0010040449470053447,0.022586086237126102
ALK,1871-05-13,0.51139441704,14.49501,2.4104,212161.63999336207,0.0313139192016334,0.05725584519785709
LUA,1837-01-13,0.10262442788000001,6.39842,3.15473,32530.336314042725,0,0
LUA,1838-01-26,0.09407049392,7.52031,3.15473,29818.873222114096,0.025580280230507846,0.03996695175726939
LUA,1839-02-08,0.12419013828,7.85247,3.15473,39366.32874445674,-0.01009012143968635,0.02562036241845611
LUA,1840-01-31,0.13693790188,7.23743,3.1547299999999994,43407.170147683006,0.009997123414149822,0.0008813622053265302
LUA,1841-02-06,0.1491041526,7.29541,3.15473,47263.68107571805,0.08902810920488458,0.08700945925165637
LUA,1842-02-19,0.144021293,7.89457,3.15473,45652.49419126201,-0.008697433434449509,-0.005292140773654697
LUA,1843-02-18,0.12375542348,7.9634,3.15473,39228.5309614452,-0.19082265341755955,-0.18250227025773025
LUA,1844-03-03,0.11306487815999999,7.96747,3.2386224356218563,34911.41076415415,-0.11369502450126223,-0.1165251020022352
LUA,1845-03-16,0.12039466607999999,8.13465,3.15473,38163.22350248674,0.05409282514532743,0.05387439137123451
LUA,1846-03-08,0.12249990688,8.06849,3.15473,38830.55186339243,0.03655125421890526,0.03525810667614859
LUA,1847-03-14,0.14413762792,8.1102,3.15473,45689.37053884168,0.13105034216632094,0.13082243334357124
LUA,1848-03-27,0.18687367036,7.99609,3.1690277142333616,58968.771248252626,0.13833296709297804,0.14180906099833845
LUA,1849-03-26,0.21404310148000003,7.87818,3.1547300000000003,67848.31078412416,0.14670064099803004,0.14447633292986772
LUA,1850-04-08,0.2261728092,7.02238,3.15473,71693.23815350284,0.08210608244905249,0.0769104502581226
LUA,1851-04-21,0.22567648167999999,7.11927,3.1547300000000003,71535.9101032418,-0.015228269298975916,-0.020165779933726813
LUA,1852-04-13,0.21659222728,5.69905,3.15473,68656.34373781591,-0.09832870024994733,-0.0960532117806353
LUA,1853-04-19,0.22107419048,5.33701,3.15473,70077.05587482922,-0.00032408943986173,0.0034074062272122507
LUA,1854-05-02,0.29715578828,5.32422,3.15473,94193.73077252253,0.12706349397833505,0.12249139587361513
LUA,1855-05-01,0.23384037196,5.0963,3.1736309912878164,73682.28146307291,-0.17507892594619845,-0.18506758430889725
LUA,1856-05-14,0.21433778548,5.16808,3.1547300000000003,67941.72099672555,-0.09355228174308627,-0.09559310885892058
LUA,1857-05-27,0.21053105372,6.16133,3.1547300000000003,66735.04665058499,-0.00377488555994665,-0.002625525428520903
LUA,1858-05-19,0.23223502068,6.23761,3.1547300000000003,73614.86424511764,0.032766881337035425,0.034993295194068574
LUA,1859-05-25,0.21776472068,6.20993,3.1249524808307823,69685.77026877103,-0.04364717485020375,-0.04253215957243017
LUA,1860-06-07,0.2299183198,6.04567,3.15473,72880.50635078122,0.044379758156147364,0.04124234125872128
LUA,1861-06-06,0.2129166312,6.70224,3.1547299999999994,67491.23734836263,-0.06760525141066775,-0.06319159204192315
LUA,1862-06-19,0.22504282944,6.09017,3.15473,71335.05226754746,0.04061678494875265,0.036598913580942805
LUA,1863-07-02,0.25060583392,6.10536,3.13524074232968,79931.92692877045,0.07046358404918807,0.06895630521866924
LUA,1864-06-24,0.24404153072,6.85654,3.1547299999999994,77357.3430119218,0.00032371320019142225,0.0017231111867472837
RYU,1837-01-13,0.08637751252,7.00602,1.94644,44377.17706171267,0,0
RYU,1838-01-19,0.12476091056000001,7.09885,1.95352,63864.67021581556,0.17424278876332022,0.17115009354200272
RYU,1839-01-25,0.1337591164,6.75671,1.9579,68317.6446192349,0.062020200538231096,0.060173975710842154
RYU,1840-01-31,0.13582813972000002,6.23211,1.9595099999999999,69317.40063587326,0.011575327188504625,0.010993934608954703
RYU,1841-02-06,0.14462116552,6.27704,1.957,73899.420296372,0.0018006866413149414,0.002616956796634984
RYU,1842-02-12,0.16299317423999998,6.29889,1.95467,83386.5431198105,0.11853907001821296,0.11957566257777841
RYU,1843-02-18,0.15342950219999998,7.01178,1.9551099999999997,78476.14824741319,-0.03229364584408123,-0.03265204284428058
RYU,1844-02-24,0.17415326552,6.31792,1.95123,89253.06884375495,0.08953265616345885,0.09126147732963208
RYU,1845-03-02,0.18140965024,6.71012,1.94832,93110.80840929621,0.012702278341189865,0.013797030912930275
RYU,1846-03-08,0.21068439236,6.74043,1.946,108265.3609249743,0.2038774387664235,0.2048958460447714
RYU,1847-03-14,0.22217530608,6.72573,1.93629,114742.78443828145,-0.013865408098614251,-0.010137488490494784
RYU,1848-03-20,0.30219874984,6.81591,1.9284000000000001,156709.57780543456,0.39435198044382447,0.3989803030051926
RYU,1849-03-26,0.2938301496,6.95165,1.93037,152214.41982625093,-0.07368073598661384,-0.07453563571390032
RYU,1850-04-01,0.32927953968,7.65458,1.93591,170090.3139505452,0.12356670892958599,0.12111967218013309
RYU,1851-04-07,0.3201173196,7.57632,1.94438,164637.22091360742,0.03800392455651225,0.03460704004347903
RYU,1852-04-13,0.344128135,7.73677,1.95292,176212.1003420519,-0.002100926465131825,-0.005327532403784363
RYU,1853-04-19,0.35798170147999997,8.33811,1.9612800000000001,182524.52555473975,0.0009514959187839622,-0.002206687483489622
RYU,1854-04-25,0.35719656699999996,8.56436,1.9671,181585.36271668953,0.006942014192253154,0.004231993555753988
RYU,1855-05-01,0.3370569046,8.02881,1.95721,172212.94832950988,-0.10657901089240529,-0.10297401412603036
RYU,1856-05-07,0.35555260208,9.29884,1.96415,181021.1043352086,0.02880139251854308,0.025801633174153293
RYU,1857-05-13,0.40174845048,8.96094,1.97624,203289.3021495365,0.08564984769305517,0.08077571417372997
RYU,1858-05-19,0.39987413544,8.90596,1.98685,201260.35455117395,-0.04334466782942059,-0.04730636177575853
RYU,1859-05-25,0.36805479932,8.46172,1.9973199999999998,184274.32725852643,-0.037482455477022114,-0.04119647075432031
RYU,1860-05-31,0.38119133,8.70775,2.00723,189909.14344644113,0.044283538068024875,0.04031336943659469
RYU,1861-06-06,0.33538457888,8.82565,2.01809,166189.1089495513,-0.06433016983100037,-0.06820418685592278
RYU,1862-06-12,0.35941048259999997,8.75965,2.02875,177158.58661737523,0.05361673661454702,0.04941592305397857
RYU,1863-06-18,0.37963296696,10.36478,2.05192,185013.5321844906,0.0915577607901048,0.0816886268752417
RYU,1864-06-24,0.4240995668,10.59154,2.07603,204283.9298083361,-0.03338415362807634,-0.04207072772360099
RYU,1865-06-30,0.37240466952,10.54645,2.10096,177254.52627370344,-0.1106694103703173,-0.11822347160910385
RYU,1866-07-06,0.35481936152,10.03262,2.12559,166927.4702647265,-0.026779174358342206,-0.035581609547861714
RYU,1867-07-12,0.38866072492000003,9.5819,2.14848,180900.32251638366,0.02350880328306304,0.015146759449303993
RYU,1868-07-18,0.41607965828,9.91851,2.17149,191610.21155059428,0.019702455930592278,0.011830487850033045
RYU,1869-07-24,0.39661866347999997,10.13424,2.19732,180501.09382338484,-0.030233123099974946,-0.039045158692729176
RYU,1870-07-30,0.47188037780000003,11.37368,2.22707,211883.94518358202,0.12784256172434283,0.11635988101297357
RYU,1871-08-05,0.49712700596,10.81782,2.2583,220133.28873931715,0.05201898960225826,0.04088574063737793
RYU,1872-08-11,0.4914508664,11.26578,2.28204,215355.9387214948,0.11932082452017867,0.11036248520621039
RYU,1873-08-17,0.48997747084000004,10.70495,2.30752,212339.42537442798,0.027551857292496207,0.019072013698513635
RYU,1874-08-23,0.57506733076,11.02282,2.32988,246822.72510172197,0.13422495061924766,0.12606422690407548
RYU,1875-08-29,0.58348253184,11.13348,2.3522,248058.2143695264,-0.03436023158788992,-0.04115233492917114
RYU,1876-09-04,0.61212830276,10.53083,2.37354,257896.77138788474,0.004129155642686788,-0.002662101016535856
RYU,1877-09-10,0.5651882807999999,8.86464,2.38023,237451.12060599183,-0.07114430269766814,-0.07282434010779981
RYU,1878-09-16,0.2497475942,8.76032,2.40281,103939.8013991951,-0.44873415310586195,-0.45278033583307453
RYU,1879-09-22,0.38476700444,7.81826,2.42576,158617.0950300112,0.6185974150284037,0.6069182946402676
RYU,1880-09-28,0.5537778729599999,8.68888,2.43782,227161.100064812,0.3651447745994483,0.3593132228604641
RYU,1881-10-04,0.52741037596,8.86018,2.43437,216651.69056470462,-0.008074845578528,-0.0069050962928225434
RYU,1882-10-10,0.59620572752,10.46852,2.45196,243154.7527365862,0.12986049866097482,0.12357303551339527
RYU,1883-10-16,0.8289669642799999,11.31838,2.4796,334314.7944345862,0.24924768213955129,0.23879541650005853
RYU,1884-10-22,0.92398708584,12.0095,2.51359,367596.57933075796,-0.013521943544415493,-0.023657596358566013
RYU,1885-10-28,0.89989757312,12.30369,2.54869,353082.3964938851,-0.05854950164566142,-0.06846244488017816
RYU,1886-11-03,0.86811609352,12.31052,2.58506,335820.4813505296,-0.029729287929905035,-0.040116059537572135
RYU,1887-11-09,0.8388444230400001,12.34835,2.61947,320234.4073572135,0.019546301678576183,0.009513576970521243
RYU,1888-11-15,1.00728095416,12.67537,2.65911,378803.79305857973,0.14172180030057824,0.12865950431167983
RYU,1889-11-21,1.02214249176,11.60117,2.69884,378734.00859628577,0.013223126387125417,0.0019022795859955366
RYU,1890-11-27,1.26769892548,12.23856,2.73976,462704.3702660087,0.13436245392738444,0.121574917472699
RYU,1891-12-03,1.3460199038,12.47485,2.78179,483868.26604452525,0.050869333705768405,0.03884388923760573
RYU,1892-12-09,1.36049830124,12.45833,2.82364,481824.27690498787,0.015291030084469304,0.0039787002425786255
RYU,1893-12-15,1.46634398768,12.43766,2.86699,511457.6568735852,0.06451966717890945,0.05219212429214748
RYU,1894-12-21,1.542037744,13.14965,2.91048,529822.484263764,0.034026797811625764,0.02233477994267208
RYU,1895-12-27,1.721811494,13.8441,2.95563,582553.1253912025,0.07942832067083216,0.0671303666194325
RYU,1897-01-02,1.75254475032,14.76964,3.00335,583529.9749679525,0.014851999388941106,0.0024384534869219543
RYU,1898-01-08,1.9183245073200001,15.25762,3.04978,629004.225655621,0.05139038271603824,0.03924819557035075
RYU,1899-01-14,1.79190263616,16.2547,3.09778,578447.3513806661,-0.038217456660813,-0.04944971867384618
RYU,1900-01-20,1.99251719212,16.12752,3.14648,633252.7752027663,0.07631147775055802,0.06352324112583374
RYU,1901-01-26,2.15213814608,16.38205,3.1973099999999994,673109.0029055675,0.08125838637664895,0.06814368562368256
RYU,1902-02-01,2.1553260819999998,16.45478,3.2503399999999996,663107.8847135992,0.0004117112129555789,-0.01172200749095309
RYU,1903-02-07,2.0872256886,15.88088,3.30313,631893.291696058,0.021499275275792318,0.008866842314287915
RYU,1904-02-13,1.99469660208,16.719,3.3588399999999994,593864.7277274298,-0.00730646262534862,-0.01947689549000453
RYU,1905-02-19,2.2543528404799997,17.00685,3.4118899999999996,660734.3262766384,0.034503157472673074,0.02213804580910228
RYU,1906-02-25,2.02252502764,14.31533,3.46836,583135.8416196704,-0.025986499044170164,-0.03821511963849822
RYU,1907-03-03,2.14861324028,13.54781,3.5253700000000006,609471.698085591,0.05814515985319191,0.04523415161664923
RYU,1908-03-09,2.0053792714800003,13.46888,3.5783200000000006,560424.8003197031,-0.05035501014977872,-0.06112555985225798
RYU,1909-03-15,2.20589100472,13.18435,3.63343,607109.8121389431,0.07470992030811408,0.06250975654443947
RYU,1910-03-21,2.26165442308,13.56974,3.69014,612891.2244738683,-0.025084017217444687,-0.036316795264451085
RYU,1911-03-27,2.3579693072000003,13.42482,3.7461299999999995,629441.3987768712,0.05338461408981998,0.04120652360229937
RYU,1912-04-02,2.46858921296,15.48714,3.80996,647930.4803619987,-0.06259840993610188,-0.07427287014637629
RYU,1913-04-08,2.55829171104,15.47136,3.87174,660760.2036913636,-0.013287418597068834,-0.025285699032717823
RYU,1914-04-14,2.69353402084,16.20478,3.9287499999999995,685595.6782284442,0.043839172759055245,0.03227259236115376
RYU,1915-04-20,2.9450645255200003,17.33506,3.99184,737771.1845965771,0.04547259526310499,0.033363324449143805
RYU,1916-04-26,2.91239098436,17.25143,4.05586,718069.8999373746,-0.008080841431746033,-0.020157908961358384
RYU,1917-05-02,3.0245620147600003,17.22779,4.12079,733976.2557082501,0.02860666564247394,0.016169164025299
RYU,1918-05-08,3.0224823735600004,17.12971,4.19064,721246.0086192086,-0.026297254505328937,-0.03812387211996282
RYU,1919-05-14,2.9844261886399996,17.40873,4.25721,701028.6522487733,-0.010612034941260617,-0.022585431420799162
RYU,1920-05-20,2.8903484506,17.46772,4.32506,668279.3881703375,-0.03789996534182427,-0.04935444369479436
RYU,1921-05-26,2.77385946552,17.43657,4.39755,630773.8321383498,-0.019560032550169804,-0.03155556887998878
RYU,1922-06-01,2.79095126076,17.79798,4.46875,624548.5338763637,0.009476949723239425,-0.0029624717462688466
RYU,1923-06-07,2.76633883656,17.50812,4.54384,608810.7936370999,0.002827985905189845,-0.0094255797902143
RYU,1924-06-13,3.7588265109199996,17.55171,4.61711,814108.0699658444,0.1345734605233313,0.12069748352916299
RYU,1925-06-19,2.8315997762,17.77942,4.68953,603813.1275842142,-0.07082677962161121,-0.08189077579307835
RYU,1926-06-25,2.94865816856,17.48592,4.7666,618608.2676457013,0.028630655709586117,0.016433376639946706
BRZ,1837-01-06,6.404269423240001,8.57965,47.76717,134072.61563203347,0,0
BRZ,1838-01-05,7.10844971356,8.67507,48.46485,146672.2730713084,0.10019524845753058,0.08626764016820165
BRZ,1839-01-04,8.09511885104,8.65762,55.16343,146747.92432305243,0.1136653602885056,0.00983322610924886
BRZ,1840-01-03,8.41808122324,8.80803,57.52147,146346.76796750847,0.034614098783036784,0.0009805425146105495
BRZ,1841-01-02,8.675436274960001,8.86715,59.02157,146987.555142298,0.038684037539403526,0.017731194459069233
BRZ,1842-01-08,8.68322678652,9.05843,59.76398999999999,145291.9523365157,-0.006288916848749659,-0.015030626565163518
BRZ,1843-01-07,8.732858393479999,9.07481,60.35351,144695.12035803715,0.013864178972869956,0.005995475930125949
BRZ,1844-01-06,9.4205317752,9.24224,63.0277,149466.5325753597,0.044455408888314674,0.015933235197721052
BRZ,1845-01-05,9.75470745964,9.08401,63.68422,153173.06955537808,0.0029319051920644323,-0.004854178855182578
BRZ,1846-01-04,9.65098641312,9.10095,64.39693,149867.18176037274,-0.010214878492486035,-0.018438410161055407
BRZ,1847-01-03,9.88459785924,9.3438,64.46576,153330.97537731656,0.011381863379725798,0.010974890366526102
BRZ,1848-01-02,9.75348941892,9.20645,64.97288,150116.3165142133,-0.0031574739045560074,-0.009629218634764847
BRZ,1849-01-08,10.73788166464,9.42941,65.63023,163611.82437788197,0.03345673205641275,0.02536512700245419
BRZ,1850-01-07,11.91208523128,9.6762,66.30066,179667.67195500017,0.07713067269226115,0.06882036229300947
BRZ,1851-01-06,11.670785524320001,9.68429,66.9005,174449.89984110734,-0.025187369332795972,-0.03197289422935701
BRZ,1852-01-05,11.67230209028,9.64277,67.56029,172768.67950507614,0.0056736725529198395,-0.0017929975408835785
BRZ,1853-01-04,12.03867470572,9.68592,68.2943,176276.41993138517,0.023549653371394363,0.015060291205499343
BRZ,1854-01-03,12.087825541479999,9.71574,68.93513,175350.73251446686,-0.008654194442570096,-0.015583896068259162
BRZ,1855-01-02,13.09918565904,9.79232,69.71556,187894.72047617493,0.04789867058339481,0.0387267920732175
BRZ,1856-01-08,13.4555630118,10.03284,70.67896,190375.79234046454,0.017906507272486438,0.00743341280365617
BRZ,1857-01-07,13.95441925332,10.04227,71.76998,194432.53646329563,0.03579452382269466,0.023900178414212325
BRZ,1858-01-06,13.86373091948,10.15895,72.97325,189983.73951386297,-0.005962316724074879,-0.018689709951712263
BRZ,1859-01-05,13.51453805312,10.2802,74.11047,182356.66368220304,-0.013689950882054491,-0.02528268677502543
BRZ,1860-01-04,14.758703629280001,10.37731,74.56765,197923.6790924751,0.05593835156738369,0.0523507977422204
BRZ,1861-01-03,15.4212240702,10.71973,75.97977,202964.86907238598,0.04221193252613098,0.026819438009004992
BRZ,1862-01-02,15.33439988184,10.72627,77.87936,196899.40803108807,-0.005254102668955207,-0.024174329478549583
BRZ,1863-01-08,16.91287734812,11.35551,80.04641,211288.39317241087,0.08890294741120641,0.06618395246098463
BRZ,1864-01-07,17.63309877004,11.31885,83.70431,210659.38862694168,0.014910193552346351,-0.02117677168006049
BRZ,1865-01-06,18.2347286628,11.35617,86.80268,210071.03309252663,0.035651464235874064,0.007244295180923288
BRZ,1866-01-05,16.58275931624,11.4881,88.95603,186415.23588946136,-0.09498899636463487,-0.11189142456457313
BRZ,1867-01-04,17.931328137839998,11.47754,91.04748,196944.8043794293,0.06150102738628882,0.042761420896815894
BRZ,1868-01-03,18.71897620788,11.60621,92.97135,201341.34018576692,0.026941135801632266,0.010873387434543469
BRZ,1869-01-02,20.019595247079998,11.64055,96.03961,208451.4425566701,0.050912654634349463,0.02459899754564221
BRZ,1870-01-08,21.11947162728,11.70513,98.38749,214656.06681581165,0.04015266377521698,0.021339287876939395
BRZ,1871-01-07,21.354797152,11.79432,102.59416,208148.27229931994,0.007321436762699696,-0.028383615067573587
BRZ,1872-01-06,22.46383641008,11.8463,105.58478,212756.38790060463,0.03536760984636311,0.012595735882360959
BRZ,1873-01-05,23.571188555720003,11.97881,108.44731,217351.52818193464,0.045100466658843485,0.02377991779074229
BRZ,1874-01-04,25.03473802544,12.98884,111.54751,224431.16861541776,0.050580684455234115,0.027729650066882883
BRZ,1875-01-03,26.34743782788,13.08934,114.59854,229910.76350431688,0.03817115365904167,0.01718221883271931
BRZ,1876-01-02,27.70273262224,13.18787,117.85796,235051.85922308514,0.04023279297786231,0.01785155388902293
BRZ,1877-01-08,27.26762874524,14.19631,121.61436,224213.89008041483,-0.02854781105593207,-0.05082688184265283
BRZ,1878-01-07,30.76278012236,13.6628,133.17305,230998.54003764276,0.09005203079009871,0.0063161727481027
BRZ,1879-01-06,32.91686292492,13.66167,139.85363,235366.5251657751,0.05693479338071139,0.01611697911209875
BRZ,1880-01-05,34.31773791992,13.71587,145.68371,235563.31672168424,0.05564352388938687,0.02177385485993444
BRZ,1881-01-04,36.26362124944,13.68656,151.99939,238577.41303724967,0.02779189864559717,-0.006287135077005179
BRZ,1882-01-03,37.048380529679996,13.10918,157.00178,235974.2706718357,0.03621464916825401,0.011796263731240542
BRZ,1883-01-02,40.08588258116,13.23794,161.18592,248693.45027878365,0.06549005150687548,0.0445990019270146
BRZ,1884-01-08,42.820009540360005,13.31369,168.27334,254466.98532494812,0.05013824605755257,0.014496984500599108
BRZ,1885-01-07,44.75950782108,13.11945,183.11947,244427.90174676673,0.031525067215158575,-0.03304620204650632
BRZ,1886-01-06,46.875601019,13.98224,189.63051,247194.4046292973,0.02698348795617389,0.00025868805568940445
BRZ,1887-01-05,49.095792213,14.54767,199.01984,246687.92926876034,0.02769994970785139,-0.010854913111252973
BRZ,1888-01-04,51.43570247764,13.66493,205.01609,250886.17423949507,0.04389717371138091,0.020178726485860388
BRZ,1889-01-03,51.21822046744,12.86509,209.99734,243899.37733230335,-0.005293485411960064,-0.023639035986919077
BRZ,1890-01-02,54.81391013956,13.20467,214.42577,255631.16849042912,0.052576417459621494,0.0364449670996192
BRZ,1891-01-08,56.993336959,13.21095,225.17711,253104.48721453082,0.03559841603882874,-0.0023649946280882572
BRZ,1892-01-07,59.43058753528,13.12789,234.43987,253500.34333016817,0.0362942795410468,0.003973312581963873
BRZ,1893-01-06,61.759677888999995,12.56959,246.19242,250859.3801913154,0.04966175262005135,0.018980139452267508
BRZ,1894-01-05,65.93080757796,12.76614,259.15826,254403.65118194575,0.05430218383458629,0.013870158533555443
BRZ,1895-01-04,74.3077846212,12.48889,265.6062,279766.7547715377,0.1018840345608707,0.08022632449623823
BRZ,1896-01-03,85.82449595355999,12.8756,270.01892,317846.23075138585,0.1286803532405123,0.11439982150268424
BRZ,1897-01-02,93.42900417448,12.6806,282.34303,330906.00527478935,0.06975598878263378,0.03355837516771931
BRZ,1898-01-08,101.91369530368,12.95818,287.77134,354148.1764781719,0.06868110263337934,0.05375091449746017
BRZ,1899-01-07,109.86460048408,13.17675,295.8087,371404.22335137543,0.06012556079916376,0.038293623437370305
BRZ,1900-01-06,119.38441502415999,13.22488,310.73002,384206.247674943,0.06634956934717096,0.027770567587255934
BRZ,1901-01-05,132.7111350838,13.35585,346.33664,383185.37444897543,0.07597615371701116,-0.010778430195195421
BRZ,1902-01-04,143.04788276324,13.43191,370.5682,386023.09308580717,0.05511558259150062,0.0009371860104268048
BRZ,1903-01-03,164.86916103164,13.39685,392.51534,420032.40187158034,0.12249128575152146,0.07332079694834581
BRZ,1904-01-02,190.36958039216,13.6317,411.2968,462852.0824673569,0.12132336510716812,0.0812115955262609
BRZ,1905-01-08,198.34459131551998,14.11372,440.01501,450767.78475243377,0.05596535932577673,0.00022406068757052644
BRZ,1906-01-07,221.25538793331998,14.35291,460.79466,480160.48609009484,0.0580724110542592,0.026041151381088756
BRZ,1907-01-06,248.59643161392,14.96962,487.05914,510402.96998413786,0.08485520787586376,0.03850270993871385
BRZ,1908-01-05,265.4973110608,15.46569,509.36238,521234.628793748,0.047650194659583534,0.013295320329450577
BRZ,1909-01-04,291.13413257136,16.09989,530.15464,549149.4567912486,0.07367682398990816,0.04144561991431028
BRZ,1910-01-03,317.2048597406,16.33881,550.7931,575905.6526681253,0.05790846809782013,0.028359978472878078
BRZ,1911-01-02,355.03501155772,16.97107,576.53704,615806.0747627247,0.09767920447933154,0.05833389985235127
BRZ,1912-01-08,374.32423345096,18.1318,598.06723,625889.8910929462,0.047414233287173424,0.01951659027697028
BRZ,1913-01-07,419.01905344104,18.68489,637.91049,656861.8325135866,0.06521512378694583,0.014324034643113048
BRZ,1914-01-06,450.6739861572,19.60954,674.49458,668165.4671816636,0.04816936947261419,0.0049993756965678315
BRZ,1915-01-05,467.7927562412,20.38321,700.01713,668259.012806158,0.037256028261037466,0.007000271975548422
BRZ,1916-01-04,493.95624106712,20.9098,724.23705,682036.6909800045,0.03963343088617677,0.011798835345544711
BRZ,1917-01-03,516.81680999936,21.06364,748.96592,690040.4894248861,0.034298656091479085,0.01430496144033322
BRZ,1918-01-02,557.6810890144,21.09257,805.75831,692119.5625204287,0.05738149707441331,-0.001066569381773852
BRZ,1919-01-08,567.78138396408,21.17404,853.5478099999999,665201.6176622608,0.016189907692550465,-0.02928228906549013
BRZ,1920-01-07,617.6263907059999,21.3344,891.18607,693038.649836616,0.04445284877557465,0.010840928107569203
BRZ,1921-01-06,662.6470699825601,21.88552,916.0752000000001,723354.4473014442,0.06103311646317344,0.040409847794838694
BRZ,1922-01-05,694.7645819816,22.47132,942.11298,737453.5716317167,0.03677358803819364,0.013663913171547915
BRZ,1923-01-04,726.20411829992,23.76645,965.30706,752303.7470583919,0.038994440662408536,0.0213905172804687
BRZ,1924-01-03,741.3325039868799,23.6194,997.90509,742888.7891401375,0.018551249031826256,-0.009086078845463974
BRZ,1925-01-02,770.33079688032,23.68719,1032.86871,745816.7620164619,0.014273551795972672,-0.010639541383773654
BRZ,1926-01-08,800.48750849392,23.83359,1070.29225,747914.8881942478,0.023815673332513665,-0.004402654617939539
BRZ,1927-01-07,852.20072378688,25.62481,1096.61843,777116.9081910105,0.058578816565085345,0.03957342762699745
JAB,1886-06-30,0.01173154684,8.75622,0.56719,20683.627779051116,-0.21033570079538932,-0.205074126773659
JAB,1887-07-13,0.014146278120000001,8.98451,0.56719,24940.986477194594,0.19259847303626487,0.19131602115790103
JAB,1888-07-12,0.01335501492,7.28736,0.5523703635023773,24177.645656658264,0.1136736216989942,0.1095246194944095
JAB,1889-07-25,0.015032728359999999,7.19841,0.56719,26503.867063946826,0.14413654574192258,0.14603106372643526
JAB,1890-08-07,0.01479673104,5.82424,0.56719,26087.785468714188,-0.013846235004005059,-0.014271110974548695
JAB,1891-07-30,0.01307030296,5.63173,0.56719,23043.9587439835,-0.1109023903861287,-0.11104478366768855
JAB,1892-08-05,0.01284138804,6.9556,0.5696410156766591,22542.948429979373,-0.012301997311007229,-0.012985004899287778
JAB,1893-08-18,0.012570547080000001,6.78194,0.56719,22162.850332340135,-0.01033488628174939,-0.010075786383792362
JAB,1894-08-17,0.0124908004,6.72969,0.56719,22022.2507449003,-0.005150913522465217,-0.005208654594328732
JAB,1895-08-30,0.012334400519999998,6.57647,0.56719,21746.505615402246,-0.008211729725379757,-0.00835849736381622
JAB,1896-09-12,0.012612141879999999,6.58938,0.5662017081015196,22274.997937199176,0.026183158589913713,0.027626419458794738
JAB,1897-09-04,0.013282074000000001,6.69993,0.56719,23417.327526931014,0.002273907597289959,0.004391344158353405
JAB,1898-09-10,0.012562421039999999,5.07397,0.56719,22148.523493009397,-0.05353578394186631,-0.05313743997173104
JAB,1899-09-23,0.01193403276,4.69298,0.56719,21040.62617465047,-0.029721568807358212,-0.031200483860421957
JAB,1900-09-22,0.01313937456,7.61213,0.56719,23165.737336694936,0.07885761108222344,0.08195331053335031
JAB,1901-10-05,0.01320254728,7.52752,0.56719,23277.1157460463,-0.002664522589301277,-0.0041208234298094615
JAB,1902-10-18,0.012938131439999999,7.54514,0.56719,22810.930093972038,-0.014284008744665955,-0.014208512818042252
JAB,1903-10-10,0.012511391879999998,6.63805,0.56719,22058.55512262205,-0.024568771660110733,-0.024387956297445834
JAB,1904-10-16,0.011410988160000001,6.31336,0.56719,20118.457941783177,-0.07177335397445805,-0.07086111575911902
JAB,1905-10-29,0.01038976588,7.25477,0.56719,18317.963786385517,-0.06901067038237785,-0.06849903259933654
JAB,1906-10-28,0.009282874120000001,6.99398,0.56719,16366.427687371077,-0.08387011134203648,-0.08353870451761247
JAB,1907-11-10,0.00772571176,6.54401,0.552303302205885,13988.168691267478,-0.1121658114020112,-0.11552511498831952
JAB,1908-11-23,0.00672283612,6.30779,0.56719,11852.881961952786,-0.12371321005106972,-0.10426351776310705
JAB,1909-11-15,0.006183757319999999,6.58173,0.56719,10902.444189777676,-0.0484015238212363,-0.04780518134354783
JAB,1910-11-21,0.0040559194,5.67147,0.56719,7150.900756360304,-0.17474949722137734,-0.17400313494116026
LAN,1837-01-13,0.061409662600000005,8.62272,0.74269,82685.4577279888,0,0
LAN,1838-01-19,0.06260507032,8.71858,0.7490299999999999,83581.52586678772,0.019794376074335318,0.013502260456574211
LAN,1839-01-25,0.07260365944000001,8.98856,0.75464,96209.66214353865,0.1621555623421922,0.15536936173164162
LAN,1840-01-31,0.07149358839999999,9.14736,0.75955,94126.24369692581,-0.0037647040118434782,-0.008697972126429865
LAN,1841-02-06,0.08398560092,9.22735,0.76428,109888.52373475689,0.09856564257277811,0.09375419574679311
LAN,1842-02-12,0.09076060447999999,9.37219,0.76912,118005.77865612647,0.04895305252557369,0.04383061725839532
LAN,1843-02-18,0.10087700844,9.67414,0.77394,130342.15629118538,0.07844096222173969,0.0737278381423303
LAN,1844-02-24,0.093153333,8.73693,0.77947,119508.55453064262,-0.0791894879141295,-0.08430390516289277
LAN,1845-03-02,0.09442785976000001,8.91998,0.78364,120499.0298606503,0.002155173133439048,-0.0018001685582675897
LAN,1846-03-08,0.09915150336,9.1384,0.78842,125759.75160447478,0.045423127544765185,0.04073005883243952
LAN,1847-03-14,0.10160440211999999,12.34916,0.79594,127653.34336759053,0.009901221063365107,0.002458239229083725
LAN,1848-03-20,0.10515855584,11.60319,0.80393,130805.61222992052,-0.007399590953549029,-0.014967876482485654
LAN,1849-03-26,0.09946701231999999,11.93596,0.81038,122741.1983513907,-0.0004977514119161031,-0.006541474301114958
LAN,1850-04-01,0.158012426,13.6079,0.8187300000000001,192996.9904608357,0.5753102522354769,0.5629866633029696
LAN,1851-04-07,0.1606066514,14.21402,0.82949,193620.96155469024,0.018566707364199075,0.008439126730559243
LAN,1852-04-13,0.17294041492,12.45106,0.83992,205901.05595771028,0.05262085309617426,0.043019071579696755
LAN,1853-04-19,0.17477615376,12.71347,0.84979,205669.81696654466,-0.012104656814868053,-0.02107414454217027
LAN,1854-04-25,0.11099445708,12.76051,0.85913,129194.01846053566,-0.17730900146727213,-0.18431385127927313
LAN,1855-05-01,0.07939130108,7.64955,0.83689,94864.67884668236,-0.029320133874865872,-0.0107590666937738
LAN,1856-05-07,0.11831787552,8.72759,0.80615,146769.0572722198,0.5806325740928724,0.3942053175098801
LAN,1857-05-13,0.11754088944,9.18859,0.80425,146149.69156356854,-0.005070327033713018,-0.0032472878747098477
LAN,1858-05-19,0.1180174112,10.01811,0.8059600000000001,146430.8541366817,-0.002280484891788337,-0.0036797108174398963
LAN,1859-05-25,0.13267724184000002,9.1396,0.80805,164194.3466864674,0.12108331240307524,0.11860133151706309
LAN,1860-05-31,0.12289266912,10.57527,0.81462,150858.89018192532,-0.07569815543648628,-0.08099021255816052
LAN,1861-06-06,0.12762748699999998,10.08677,0.81716,156184.20749914338,0.027128806852481535,0.02453807602423086
LAN,1862-06-12,0.11471615687999999,10.02726,0.81548,140673.17025555501,-0.08975450243486416,-0.0876851165048157
LAN,1863-06-18,0.13169493272000002,10.42079,0.8150999999999999,161569.05007974483,0.05174241566571469,0.05208604173173059
LAN,1864-06-24,0.13462081048,10.74135,0.82349,163475.9505033455,-0.04355809941732025,-0.05137108334675966
LAN,1865-06-30,0.15721395508000002,11.37281,0.83396,188514.98282891267,0.10923774858698909,0.09863085550921502
LAN,1866-07-06,0.14529233004,9.65221,0.84595,171750.4935752704,-0.08529672427130186,-0.09556104427814416
LAN,1867-07-12,0.12598873924,7.98348,0.84233,149571.71089715432,-0.11830723045306779,-0.11494390309741831
LAN,1868-07-18,0.12923138280000002,7.93618,0.83618,154549.71752493482,0.03518112268740059,0.04044374256788785
LAN,1869-07-24,0.12448245108,7.97163,0.83195,149627.32265160166,-0.03399092126749825,-0.029823867159178175
LAN,1870-07-30,0.12627533828,8.0617,0.8319500000000001,151782.3646613378,-0.00870432267372856,-0.008934160048041817
LAN,1871-08-05,0.12881969984,8.14856,0.8271900000000001,155731.6938550998,0.02720226654327207,0.03205267053749106
LAN,1872-08-11,0.13163067163999997,8.21144,0.82147,160237.95347365088,-0.00880491898502711,-0.004154867279445029
LAN,1873-08-17,0.13216898032,8.0687,0.81694,161785.41914950914,0.024998758309129787,0.029620029138833548
LAN,1874-08-23,0.0909674428,8.12778,0.8154,111561.74000490557,-0.30661904000036166,-0.3056633441437724
LAN,1875-08-29,0.0337333594,7.09476,0.81664,41307.50318377743,-0.5005685695715054,-0.5015849979034182
LAN,1876-09-04,0.10669209875999999,8.52316,0.8124999999999999,131313.35232,2.3910909813500005,2.4048898209698293
LAN,1877-09-10,0.13555475388000002,9.59729,0.8111,167124.58868203673,0.1602146223786436,0.16138875908161499
LAN,1878-09-16,0.14414155756,10.09586,0.81384,177112.89388577605,0.03268778384891702,0.030278641143849372
LAN,1879-09-22,0.1048913502,10.2287,0.54563,192238.9718307278,-0.026203939030356338,-0.006615044894686117
LAN,1880-09-28,0.09041911476,11.29483,0.5508,164159.6128540305,-0.15953643060572376,-0.16593757939724407
LAN,1881-10-04,0.00545642864,4.00867,0.52167,10459.540782487014,-0.9292867925186756,-0.9265531744618698
LAN,1882-10-10,0.0070365765600000005,3.22441,0.64584,10895.231884057972,0.16112682347994767,0.002051339306784694
LAN,1883-10-16,0.0073260252,3.40597,0.57287,12788.285649449264,-0.0156611162894853,0.07827297207739292
LAN,1884-10-22,0.00720801848,3.6491,0.50708,14214.756014830007,-0.011672164358484838,0.08262640150210276
LAN,1885-10-28,0.0066537822,4.02549,0.44652,14901.420317119055,-0.08166249274554582,0.01254083845264331
LAN,1886-11-03,0.0282151168,8.23984,0.41645,67751.511105775,1.2563552223878176,1.3861330914316459
LAN,1887-11-09,0.08708224668,9.52626,0.42117,206762.70076216254,0.5518252231228724,0.5388124865077328
LAN,1888-11-15,0.08232646916,10.0076,0.42628000000000005,193127.68405742702,-0.08344904624661054,-0.09165782605545858
LAN,1889-11-21,0.09060971192,9.87953,0.43109,210187.45950961518,-0.0067866420633462265,-0.015193857267464361
LAN,1890-11-27,0.08885521528000001,10.72646,0.43655,203539.60664299622,-0.03504681187068992,-0.044074312075078725
LAN,1891-12-03,0.10338419988,11.70799,0.44333,233199.1967157648,0.10900172747257875,0.09599769036828376
LAN,1892-12-09,0.10544308268000001,12.04177,0.44956,234547.29664560905,0.039716794645951126,0.02942268559979122
LAN,1893-12-15,0.09757871084,12.0458,0.45707,213487.45452556503,-0.014485131347145463,-0.02699167421016524
LAN,1894-12-21,0.10201421464,11.06339,0.46516,219309.94634104395,-0.0035089895118755043,-0.016472532901177228
LAN,1895-12-27,0.11249415008000001,11.61032,0.4736,237529.8777027027,0.06786585856479976,0.05339636687880511
LAN,1897-01-02,0.11481585284000001,11.55972,0.48177,238320.88515266625,0.008253501812698794,-0.00462969831052551
LAN,1898-01-08,0.12255888944,11.49815,0.48992,250161.02514696275,0.032550954424889644,0.019447563961552783
LAN,1899-01-14,0.11621004356,11.90057,0.49825,233236.4145709985,-0.130701069789238,-0.1418578529151231
LAN,1900-01-20,0.12585265108,10.6428,0.5063,248573.27884653368,0.03476753284136369,0.022370864583566075
LAN,1901-01-26,0.11437155912000001,10.8304,0.51418,222434.86545567703,-0.02825969482026225,-0.03945027659538358
LAN,1902-02-01,0.12434486376,11.2923,0.52189,238258.75904884172,0.04224448024940464,0.030549381057277225
LAN,1903-02-07,0.11762445292,11.64306,0.5307,221640.19770114945,-0.0020156966200873816,-0.014557633455025587
LAN,1904-02-13,0.11967863752,10.48252,0.53933,221902.42990376952,0.04426976408551764,0.03167890697399711
LAN,1905-02-19,0.1427637406,9.05037,0.54059,264088.755988827,-0.23639670348435038,-0.08041139105413164
LAN,1906-02-25,0.13984153144,11.26945,0.54893,254752.94015630404,-0.004069502320377172,-0.0156479625396172
LAN,1907-03-03,0.11781119116000001,11.49571,0.5574,211358.43408683172,-0.0998924573049852,-0.11069439801103631
LAN,1908-03-09,0.11439398048,11.68949,0.56176,203634.96952435203,-0.013248068333763574,-0.018931299502984555
LAN,1909-03-15,0.11607502035999999,11.29376,0.56882,204062.8324601807,0.012648277289655452,0.0032131283168379543
LAN,1910-03-21,0.12857473876,10.67197,0.57718,222763.67642676458,0.06490532701557972,0.05302014535330324
LAN,1911-03-27,0.06940649612,10.90376,0.58617,118406.76957196718,-0.3494100851117823,-0.3568448764882033
LAN,1912-04-02,0.057760944280000004,9.37757,0.59171,97616.98176471583,-0.145643881490925,-0.1517025282105543
LAN,1913-04-08,0.09141328768,10.56724,0.59878,152665.90013026487,0.4851669793578455,0.47186262429037895
LAN,1914-04-14,0.0903469476,11.21384,0.60894,148367.56921864222,0.021727559666072205,0.008846718116183983
LAN,1915-04-20,0.1256503716,10.96637,0.61886,203035.212487477,0.23535386393350488,0.22003705846800736
LAN,1916-04-26,0.13809016104000002,11.11415,0.62924,219455.4717436908,0.003888839131256816,-0.00874783600313489
LAN,1917-05-02,0.14364020944,11.54743,0.64037,224308.14910130083,0.009919815190837067,-0.0032757752765461
LAN,1918-05-08,0.15777080124,11.44137,0.6518,242054.0061982203,0.08866222157428716,0.07412170771853299
LAN,1919-05-14,0.12982773232,10.90068,0.65395,198528.53019343986,-0.17800671163363502,-0.17835415561735635
LAN,1920-05-20,0.2309164754,11.90566,0.66097,349359.99425087374,0.4875031000005856,0.47565245546032875
LAN,1921-05-26,0.21110845444,13.0955,0.6701699999999999,315007.31820284406,-0.03777635097100762,-0.047667192610612585
LAN,1922-06-01,0.26398195564,12.54451,0.67985,388294.4114731191,0.1797044395944476,0.16693231099007844
LAN,1923-06-07,0.28686755708,13.54312,0.6896,415991.2370649652,0.07369966354120883,0.062009192020827664
LAN,1924-06-13,0.31411684772000004,13.42756,0.70008,448687.0753628157,0.11721027083690805,0.10465091105243429
LAN,1925-06-19,0.2696241756,13.33987,0.71077,379340.96205523587,-0.06697218942627159,-0.07758683513965203
LAN,1926-06-25,0.26104165724,14.00278,0.72201,361548.5342862287,-0.06025918174952616,-0.07119294076715244
DEI,1837-01-20,6.68203977584,7.75362,95.12372,70245.77861168592,0.15540014609279695,0.1509461863058097
DEI,1838-01-26,6.88488829756,7.76362,95.12372,72378.24905880468,0.03452647994259461,0.033569742773100986
DEI,1839-02-08,7.4836352682,7.76027,95.12372,78672.65145013251,0.04618913314768558,0.046859150389965354
DEI,1840-02-07,7.497610788719999,7.74011,95.12372,78819.57085698498,0.015163218675108059,0.0170405887049756
DEI,1841-02-20,7.4445127203200006,7.72717,92.70779068947446,80300.83194685826,0.02506333325060317,0.02756640461394122
DEI,1842-03-05,7.85852850744,7.72869,95.12372,82613.76350125919,0.021358086163075773,0.014112187219784245
DEI,1843-02-25,8.1293552626,7.47573,95.12372,85460.86362686404,0.026823569763875232,0.027800094046123602
DEI,1844-03-03,9.04534401316,7.43287,95.12372,95090.30989494523,0.15607678283353166,0.15398732346258082
DEI,1845-03-16,9.6921471556,7.37159,95.12372,101889.90880087532,0.022999370517686968,0.023119059432511913
DEI,1846-03-15,9.6680490088,7.46324,115.14239000000002,83966.02683685825,-0.003637330957841911,-0.07435012599295909
DEI,1847-03-28,10.401593531160001,7.01608,115.14239,90336.78674865095,0.060962901626375965,0.06090582763874641
DEI,1848-04-10,10.98938175608,7.07294,115.14239,95441.66797371497,0.04696561400213706,0.042644125400799426
DEI,1849-04-02,11.228213138480001,7.38401,115.14239,97515.89435029097,0.02223049141183897,0.021384330128699114
DEI,1850-04-08,10.61712874196,7.25652,121.19481999999999,87603.81625188272,-0.05443511659324418,-0.10105909798739943
DEI,1851-04-21,10.84776062344,7.28763,123.65192,87728.20206463433,0.010092078852326214,-0.006228972113947351
DEI,1852-04-20,11.27590722544,7.34925,124.70493392082606,90420.69845126546,0.02688618133753451,0.026748310177765244
DEI,1853-05-03,11.825287554600001,7.27137,123.65192,95633.67519566214,0.04255236427298725,0.03968780336026345
DEI,1854-05-16,10.88337683212,7.22805,123.38074102654134,88209.68930457952,-0.0015638011727496792,-0.0366704021258667
DEI,1855-05-08,11.81619280088,7.08655,126.86784999999999,93137.80284666289,0.06600707839203701,0.06738328899897827
DEI,1856-05-14,12.59179026404,7.2927,126.90958429754393,99218.59199001166,0.03804666941061985,0.037992833330397824
DEI,1857-05-27,12.6348347502,7.25961,126.86785,99590.51682676107,0.026072378388418027,0.02482447948571309
DEI,1858-05-26,12.42264421372,7.25473,126.86784999999999,97917.98484580609,-0.00841152654700772,-0.00836795637699761
DEI,1859-06-08,12.85893631724,7.27381,126.86785,101356.93414241669,0.02320216435093414,0.019058657307572613
DEI,1860-06-21,13.12138367072,7.2525,126.5807946031115,103660.14616878903,0.023117545220547875,0.021418240859188087
DEI,1861-06-13,13.89070273032,7.30793,126.86785,109489.54152151234,0.042746432249850086,0.043307899616265244
DEI,1862-06-19,13.7407556364,7.26673,126.86785,108307.62589891764,-0.024170976875745542,-0.023670818224343693
DEI,1863-07-02,15.10348290776,7.30709,126.86785,119048.93877968295,0.07037762945458303,0.06915723404099716
DEI,1864-07-01,15.429276824519999,7.25585,126.86785,121616.91732397136,0.01020477664393371,0.010214433172424986
DEI,1865-07-14,15.67140567304,7.2318,130.76194,119846.84284310862,0.01175333134562706,-0.0023824495145791103
DEI,1866-07-27,15.81777561,7.09785,130.76194,120966.20476875763,-0.00821322175832162,-0.010881882845514723
DEI,1867-07-19,16.12034194524,7.05133,130.76194,123280.0763375031,0.03899219634063589,0.039820582703823604
DEI,1868-07-25,16.7335931542,6.95024,130.76194,127969.90587781124,0.033710319639667974,0.032383093986465994
DEI,1869-08-07,16.95622401148,6.97649,130.76194,129672.4720624365,0.014512393985581795,0.014731360702320728
DEI,1870-08-06,16.42521121904,6.99423,130.76194,125611.5595947873,-0.02422368264417707,-0.023845384294665983
DEI,1871-08-19,16.56799037712,6.99947,133.05075253148024,124523.83817370712,-0.014009350271771415,-0.01304468325830832
DEI,1872-09-01,16.63937020616,6.96305,137.15331,121319.49426637971,0.0056158586920105336,-0.005046474502127252
DEI,1873-08-24,17.713256219879998,7.0625,137.15331,129149.31633717041,0.048894630980675924,0.04869194766628082
DEI,1874-08-30,17.969854353360002,7.06016,137.15331,131020.20179724427,0.03789298845567979,0.039328128025334363
DEI,1875-09-12,19.662118892000002,7.0672,138.2594227118224,142211.7820713186,0.04952180192392963,0.04929834303877767
DEI,1876-09-11,19.97661540212,7.09702,137.15331,145651.71924848188,0.009793394524228782,0.010922561236961892
DEI,1877-09-24,20.85684980548,7.10821,137.15331,152069.60594301368,0.013816592097451563,0.010876254869788271
DEI,1878-10-07,20.9874380248,6.94784,137.15331,153021.73913848668,0.004666248399975981,0.00454830477439927
DEI,1879-09-29,21.8377588494,6.97149,137.15331,159221.52261144845,0.024887592552739868,0.02350399102868561
DEI,1880-10-05,21.48837412644,6.98941,137.15331,156674.11983305396,-0.016172831734578064,-0.015100779255364571
DEI,1881-10-18,23.56250332904,6.7299,137.15331,171796.82596825404,0.06513338496934473,0.06375167986435692
DEI,1882-10-17,24.7374333856,6.785,139.08082050888703,177863.72912589568,0.03388144310252361,0.03179981658567632
DEI,1883-10-30,14.4054330082,6.9159,137.15331,105031.61030674359,-0.08938907747139702,-0.1298830918419931
DEI,1884-11-12,13.4713750366,8.26947,137.15331,98221.29000459412,-0.039869636702472566,-0.06676167374813069
DEI,1885-11-04,16.40372696612,8.52613,137.15331,119601.39325926585,0.20209273057917265,0.1990645316350308
DEI,1886-11-10,18.95400293228,8.10183,137.95356978040112,137394.07369052924,0.08512800132118015,0.08650392907109627
DEI,1887-11-23,19.651794203079998,7.80336,137.15331,143283.41184824484,0.04584905512268289,0.04556275317329295
DEI,1888-11-22,21.47897569532,7.82956,140.65296175716307,152709.01818906158,0.04042537035154692,0.03921838339834127
DEI,1889-12-05,22.64255949228,7.2397,137.15331,165089.41338914822,0.04795762908418122,0.038530322161348884
DEI,1890-12-18,22.916311025400002,7.39993,136.67083391801447,167675.21180961654,0.00806525763032595,0.008732138813680512
DEI,1891-12-10,23.779311537799998,7.48889,137.15331,173377.59867260949,0.013998558651426407,0.014606995358897645
DEI,1892-12-16,25.23820088816,7.61638,137.15331,184014.52278592475,0.04526571193152917,0.04352442287672553
DEI,1893-12-29,24.98726150128,7.84125,137.15331,182184.89587513416,-0.012658949971411482,-0.01218995012496693
DEI,1894-12-28,20.64785689928,8.03518,137.15331,150545.81547670998,-0.1746455867556217,-0.1755888473851751
DEI,1896-01-10,27.88882433428,7.90936,137.15331,203340.51241111133,0.3129956436958632,0.31107855834993714
DEI,1897-01-23,28.009022778360002,8.24372,137.15331,204216.89260259195,0.029483762872423602,0.029474812976118425
DEI,1898-01-15,31.51507211528,8.3149,137.15331,229779.8873047978,0.02926885610292773,0.03386880061708486
DEI,1899-01-21,30.91080796596,7.72075,137.15331,225374.13035062733,-0.020267301299539908,-0.01685439680445544
DEI,1900-02-03,32.4585457196,8.08424,137.15331,236658.85802974788,0.02180681223861658,0.02394206244544317
DEI,1901-02-02,34.808660784560004,7.09467,137.15331,253793.80770730216,0.06271470670858781,0.07079071956694372
DEI,1902-02-15,41.50623362912,8.06157,137.15331,302626.55439464055,0.18014091410334387,0.18678221393283723
DEI,1903-02-28,48.8467403788,7.66568,137.15331,356147.0035159924,0.12236275203032476,0.12167599902070436
DEI,1904-02-20,49.6263614574,7.8217,137.15331,361831.30729692196,0.02609175348780468,0.02325731029353917
DEI,1905-02-26,52.65687797552,8.23307,137.15331,383927.1394581727,0.06414246658539513,0.06599229177587684
DEI,1906-03-11,54.8671751446,8.39621,133.00777034431488,412511.05106540996,-0.003213293789150251,-0.0009814956683836806
DEI,1907-03-10,56.42164618116,8.72535,137.15331,411376.4821363772,0.019339745147030518,0.022145544749301305
DEI,1908-03-23,53.32717725452,8.86459,171.85369,310305.6865087971,-0.10697115965105775,-0.28480175076399905
DEI,1909-04-05,57.195547641960005,8.97028,171.85369,332815.35963504773,0.04631027158611145,0.04335098808024496
DEI,1910-03-28,60.57195045564,8.97506,171.85369,352462.3210338981,0.021168721025876414,0.02123698357132442
DEI,1911-04-03,65.86481398224,8.82828,171.85369,383260.98195645376,0.08614401347541367,0.08198828174262296
DEI,1912-04-16,66.28215544236,9.09774,171.85369,385689.4515466034,-0.010300642299660545,-0.012670315177197633
DEI,1913-04-15,62.46339083452,9.1659,171.85369,363468.42965385265,-0.01818946459958426,-0.017534259775934147
DEI,1914-04-28,65.84523715536,9.33489,171.85369,383147.0662943577,-0.009053025496280065,-0.009453498225924784
BNJ,1837-01-13,0.19562803728,6.92335,1.59592,122580.1025615319,0,0
BNJ,1838-01-26,0.19770214048,7.58997,1.59592,123879.73111434157,0.007732078483120075,0.007844080285383859
BNJ,1839-02-08,0.1878061146,7.65848,1.59592,117678.90282720939,0.010501077757686161,0.011520298626827907
BNJ,1840-01-31,0.19352031452000001,7.69672,1.59592,121259.4080655672,0.010778616502870264,0.009506658845849003
BNJ,1841-02-06,0.19349155228,7.64578,1.59592,121241.38570855682,0.017076700660848765,0.016123493382048437
BNJ,1842-02-19,0.19309478968,7.85763,1.59592,120992.77512657276,0.019522680095064082,0.015803586899121758
BNJ,1843-02-18,0.1982662448,7.70548,1.59592,124233.19765401774,0.04242685050081785,0.03395151380839612
BNJ,1844-03-03,0.22374173952,6.58965,1.5396315996552068,145321.60782495365,0.3251753860037987,0.3347409929971328
BNJ,1845-03-16,0.1489575438,6.34135,1.59592,93336.47288084617,-0.291787755857841,-0.2888872359414918
BNJ,1846-03-08,0.24114724971999998,6.14004,1.59592,151102.34204722042,0.06549083857887594,0.04415520092975078
BNJ,1847-03-14,0.21872025552000002,6.40388,1.59592,137049.63627249486,-0.061799624160152056,-0.0599239373735323
BNJ,1848-03-27,0.23649712528,6.47298,1.591241349343214,148624.29597974836,0.07432208014818587,0.07349370282290435
BNJ,1849-03-26,0.23460024015999997,6.80532,1.59592,147000.00010025565,-0.015979742504127814,-0.012897614411926828
USA,1837-12-01,18.05654226012,10.99684,164.04037,110073.77184116325,-0.007914895122978605,-0.0235678726313997
USA,1838-12-14,18.44631762636,10.95946,166.74093,110628.61186128684,0.011462896511588383,-0.0005982190220118477
USA,1839-12-13,18.29251986068,10.97728,169.83212,107709.42422834973,-0.007592943232327842,-0.019684365130267834
USA,1840-12-26,18.5353279592,11.03501,177.88249,104199.84541030429,0.036665211954230115,0.002045791278634246
USA,1842-01-08,19.03528163836,11.12231,185.63033,102544.02735996862,0.007137246533565955,-0.02222765296317719
USA,1842-12-31,20.00820252496,10.9317,190.01969,105295.41714840183,0.030748444081084347,0.02365617630763439
USA,1844-01-06,20.3071858964,10.5594,196.86159,103154.63720678067,0.023935652609623048,-0.0009975790025421594
USA,1845-01-19,21.55470820204,10.52663,202.34054,106526.88878877166,0.03221142264671939,0.008673748006302384
USA,1846-01-18,21.13633184832,10.61825,204.72491,103242.59929248474,-0.01997957162652042,-0.029701202691939765
USA,1847-01-31,23.97116279532,10.40799,209.52297287286166,114408.27927668666,0.09921679250304627,0.0747364685605223
USA,1848-02-13,24.10905794804,10.41518,213.08699,113141.85792403376,0.027258130095118904,0.01350977061359182
USA,1849-02-05,25.12144297884,10.64541,217.87755,115300.7410760769,0.037744813112351894,0.019140318420965752
USA,1850-02-11,22.502283168039998,10.80987,223.12765,100849.37105750901,-0.11767285832054764,-0.13085929534941554
USA,1851-02-24,23.40397910396,10.69076,228.15158194373933,102580.83202653956,0.012985464034532823,-0.0008390365203312378
USA,1852-02-23,23.95375842548,10.64032,227.29549000000003,105385.98203369543,0.010316793792647383,0.008027641346165737
USA,1853-03-08,24.11818353204,10.5111,227.0919950938283,106204.46362310136,0.013891061964768525,0.013754463490925017
USA,1854-03-21,24.300501712760003,10.6649,227.29549,106911.49970797925,0.0072808139716911136,0.005573347139603335
USA,1855-03-13,24.8678962428,10.93908,227.29549,109407.78562214323,0.02363610453790166,0.023525291015341843
USA,1856-03-19,24.435365833840002,10.92581,227.29549,107504.8424138992,-0.012569972402435403,-0.01050781451841698
USA,1857-04-01,26.052960895,10.93643,227.29549,114621.5479022483,0.04280601044095511,0.04181865493133041
USA,1858-03-31,27.95520857272,10.97882,229.2978672356595,121916.5660358681,0.04391441053563394,0.04497346457141704
USA,1859-04-13,30.22551145276,10.56088,227.29548999999997,132978.93175425523,0.06489505360708803,0.06130868706319248
USA,1860-04-26,29.24661565852,10.61749,227.29549,128672.22160246117,-0.03617009348609512,-0.036277369463272535
USA,1861-04-18,29.085078856600003,10.35042,227.29549,127961.5308539558,0.006896581570584814,0.007965526685768554
USA,1862-04-24,25.389167264759998,10.99533,227.20808948953626,111744.11668968882,-0.118892912469437,-0.11972519765150591
USA,1863-05-07,26.4348271772,10.9803,227.29549,116301.59127750402,0.031440387597769126,0.029505131054429423
USA,1864-05-06,27.13525095632,10.99457,230.52994316101774,117708.14057489659,0.014767509015875646,0.014987761014179535
USA,1865-05-19,26.864021197,11.07018,227.29549,118189.85584359812,0.002731792126840382,0.002360585569297635
USA,1866-06-01,28.589344748640002,11.08208,227.99126867398778,125396.66503422483,0.04740451534157897,0.04705716275878813
USA,1867-05-24,29.518073871520002,11.09787,227.29549,129866.51812369881,0.02248975202999981,0.022013414350745997
USA,1868-05-30,30.357295267,11.07803,227.29549,133558.72246739257,0.019359792146624644,0.01955302543965054
USA,1869-06-12,30.66849939088,11.07254,227.29549,134927.8834827739,0.009740831154352536,0.00985196485921258
USA,1870-06-11,32.34708282416,11.09793,227.29549000000003,142312.91093439644,0.04004400746491443,0.04138138947376846
USA,1871-06-24,34.8709529922,11.03558,227.29549,153416.82754989993,0.06003476531597607,0.06169403517994487
USA,1872-07-07,34.56352896048,10.99579,227.29549,152064.29727435418,-0.021044886931192774,-0.021550198213054594
USA,1873-06-29,36.023153829,11.01968,227.29548999999997,158486.00352343114,0.02933036636078934,0.02875996794210911
USA,1874-07-05,41.14905841956,10.74864,227.29548999999997,181037.72503167574,0.10745118848015167,0.10772469320996914
USA,1875-07-18,42.61738882804,10.80587,227.29548999999997,187497.73182054778,0.032236169671938875,0.028949468821173108
USA,1876-07-17,39.86565959636,11.19524,227.29549,175391.33572936268,-0.06497955929278443,-0.0624038717428953
USA,1877-07-30,40.34455377108,11.303,227.22562646872572,177552.833270031,0.036611827263289376,0.04185620264957568
USA,1878-08-12,41.68480800848,11.27614,227.29549,183394.78714901028,0.028564248277498372,0.02835323016081137
USA,1879-08-04,42.19602714756,11.32385,227.29549,185643.9260962019,0.002252432317447539,0.001680309525498247
USA,1880-08-10,43.74431521148,11.50108,227.29549,192455.7113362874,0.04792131143420186,0.04950495210290162
USA,1881-08-23,45.25736849036,11.49002,230.5877841089169,196269.5841206528,0.029234397562927672,0.029357951832043927
USA,1882-08-22,44.759073125,11.31699,227.29549,196920.1990105479,-0.007868141976073884,-0.00919261825186235
USA,1883-09-04,46.085511189120005,11.2988,230.69370925995568,199769.25828171955,0.015341692166127796,0.016395688331082736
USA,1884-09-17,48.16129309576,11.28099,227.29549,211888.46771997106,0.0348121188055428,0.03256126730313902
USA,1885-09-09,49.575206820359995,11.11237,227.29549,218109.06507806203,0.029934082689316188,0.030019888518391546
USA,1886-09-15,53.59703518156,11.08927,227.29549,235803.33767977534,0.07042620255284171,0.06944442721959843
USA,1887-09-28,56.29558607296,11.14935,229.2349730628487,245580.26779589866,0.038905516445966626,0.03839068351933084
USA,1888-09-27,55.21341228208,11.17811,227.29549,242914.6846779934,-0.01053967810537082,-0.011263931690980167
USA,1889-10-10,58.60867705004,11.14865,227.29549,257852.35355985287,0.03857334868900231,0.035869118451628657
USA,1890-10-23,62.43922842456,11.08417,227.29549,274705.0917048992,0.049476142815520374,0.05144355016022062
USA,1891-10-15,65.91919913539999,11.10457,227.29548999999997,290015.429410412,0.04170355360059719,0.041694709891101134
USA,1892-10-21,70.40159718332,11.10717,227.29549,309736.0056872224,0.07367526826577397,0.0717623427583578
USA,1893-11-03,70.98250174236,11.02188,227.29549,312291.7297758965,0.01092032122520048,0.010153312927688285
USA,1894-11-02,74.03524364392,11.05343,229.1734859848863,323053.26825112104,0.021937223129465222,0.019516811102099574
USA,1895-11-15,79.21203525455999,11.07659,227.29549,348498.0509492731,0.05610658383111278,0.05348413183250411
USA,1896-11-28,82.23692284964,11.08103,227.29549,361806.2234742977,0.022615142157704327,0.025891732220168162
USA,1897-11-20,89.6867649678,11.10216,227.29549,394582.2460788817,0.04648514421618688,0.04555162584532857
USA,1898-11-26,96.02492654092,11.34963,220.22489562137307,436031.20469183085,0.06699035014999444,0.07038501589146873
USA,1899-12-09,106.71935767324001,11.60306,227.29549,469518.1487025546,0.056481170002304015,0.05660343899388276
USA,1900-12-08,108.91074847276,11.56288,227.29549,479159.3026010327,0.0009489759202934156,0.016327901713431903
USA,1901-12-21,116.72598485392,11.49076,227.29549,513542.8989546603,0.028038979660199415,0.027259835941787047
USA,1903-01-03,136.07371162632,11.48284,229.31623469875686,593388.9146796534,0.11192143496730322,0.1125207251701772
USA,1903-12-26,144.94922934439998,11.42156,227.29549,637712.738358337,0.04576892498092233,0.04653725728207303
USA,1905-01-01,145.22160986059998,11.55078,227.29549,638911.0926072488,-0.01355669271784865,-0.015215627636147366
USA,1906-01-14,152.22360636963998,11.77859,227.29549,669716.7918714093,0.038799609076847874,0.03811302223860191
USA,1907-01-13,164.88584463364,11.93868,227.29549,725425.060715635,0.056369326245340634,0.05645314463321682
USA,1908-01-26,177.57911861768002,11.98821,227.29549000000003,781269.8730523866,0.0776397059512941,0.07700688154514013
USA,1909-02-08,190.4653444798,11.98066,227.29549,837963.5886299371,0.04135357585196964,0.04396876154881735
USA,1910-01-31,190.57067551080002,12.18197,227.29549,838426.9987530329,-0.0010225471826352805,-0.0008957416387176398
USA,1911-02-06,199.89798383256002,12.29807,227.29549,879463.0453624927,0.04364380167122239,0.04191036718864671
USA,1912-02-19,198.85794629272,12.41896,227.29549,874887.338471696,-0.0008820807452278867,-0.0002025541811249143
USA,1913-02-18,197.6051606074,12.56156,227.29549,869375.6334866125,-0.010115516942547642,-0.011865536446469482
USA,1914-03-03,225.19714414964,12.7656,233.58804875307948,964078.1938620956,0.0691382376657288,0.06117942751350314
USA,1915-03-16,248.65652402136,13.11764,227.29549,1093979.1371195267,0.04836259901772433,0.053166753975872894
USA,1916-03-08,274.3627229512,13.82641,227.29549,1207075.0851730495,0.0733120719467879,0.07318124212937915
USA,1917-03-14,283.9511710334,14.04574,227.29549,1249260.0316592292,0.03648945419557603,0.03583714544338279
USA,1918-03-27,283.66706248244,14.15455,223.33390887861123,1270147.7527831283,0.011530546682976706,0.012864395939250262
USA,1919-03-26,286.14343215224,14.57864,227.29548999999997,1258905.0145792158,0.018846877192731926,0.023770265976843286
USA,1920-04-08,279.7120107366,14.67098,227.29549,1230609.5943065125,-0.022446670468358465,-0.018236440387824016
USA,1921-04-21,270.34852496912004,14.71359,227.29549,1189414.3828771967,-0.03279829835428516,-0.03126917563090559
TPG,1881-12-13,70.24444260496,7.39996,2023.65362,34711.69270804358,-0.3532288071821389,-0.3643459793477455
TPG,1882-12-19,79.34690203388,8.10758,2029.5857,39095.12273065384,0.08585460451695748,0.08343632409332558
TPG,1883-12-25,81.41993798952,8.1652,2037.19959,39966.59845661956,0.01782367558124398,0.014891458332123353
TPG,1884-12-31,86.08090087324,8.34524,2046.42076,42064.12608580065,0.03356542534189977,0.030065401858266894
TPG,1886-01-06,87.23369850572,8.38385,2054.92449,42451.04816757525,-0.0021467119478936203,-0.005298372340372337
TPG,1887-01-12,84.31417924643999,8.32404,2062.13677,40886.802695652426,-0.023477276817172932,-0.025996764162230845
TPG,1888-01-18,85.11477828308,8.27953,2068.17995,41154.435465385875,0.011049556898826474,0.008755513140049187
TPG,1889-01-24,85.30426120112,8.30946,2072.08701,41168.28144254425,0.016486797659177155,0.01498044787658337
TPG,1890-01-30,86.03140653432,8.25526,2074.8157,41464.60166766619,-0.002052065927949376,-0.0029077302180342546
TPG,1891-02-05,85.52682343504,8.25679,2078.0603,41157.04603713376,-0.0018685912383894498,-0.003098279879762078
TPG,1892-02-11,85.05940666444,8.22421,2080.29516,40888.143326949816,-0.0045167563896595375,-0.005309411170670741
TPG,1893-02-17,87.58148515896,8.23484,2079.1613,42123.4683230012,-0.008954194637117108,-0.008163251193998966
TPG,1894-02-23,98.74353738808,8.79903,2087.3514,47305.66084276945,0.08687503649061346,0.0836247067126894
TPG,1895-03-01,101.83912023116,8.98975,2097.84201,48544.70438942159,0.014555060761586303,0.010675686025866105
TPG,1896-03-07,105.91368502728,9.09426,2109.78944,50201.06889305503,0.007148115924596077,0.002863384542646008
TPG,1897-03-13,106.55249675980001,8.72586,2118.99694,50284.40331763764,0.0008972382390797229,-0.0025233186083082337
TPG,1898-03-19,107.36661354796,8.68173,2129.83066,50410.86860302781,0.004508234408042933,0.0006635850670797527
TPG,1899-03-25,109.46753101128,8.70867,2243.5133,48792.90486545366,0.030425958448731416,-0.020408239788133553
TPG,1900-03-31,108.11683256868001,8.67527,2248.53255,48083.28550488629,-0.009357185247469313,-0.01165563269134584
TPG,1901-04-06,110.70793598332,8.78517,2252.50616,49148.782786600685,0.006065568654483933,0.004953721957883239
TPG,1902-04-12,120.5510644104,8.96183,2262.0939,53291.803850582866,0.04425537767455445,0.041033667744470925
TPG,1903-04-18,123.1662515252,8.96766,2275.15229,54135.38780087551,0.023871262113683178,0.01941976515083388
TPG,1904-04-24,121.75637525428,8.76582,2282.84785,53335.300140252446,-0.03476689535919997,-0.03729250299221698
TPG,1905-04-30,122.10323367008,8.62091,2288.27516,53360.38069393717,0.01230495854363145,0.010528954262337242
TPG,1906-05-06,122.27110414844,8.62174,2282.52581,53568.33364720638,0.006348045232214883,0.00839444531463962
TPG,1907-05-12,120.16119598652001,8.66804,2277.04412,52770.69290450113,-0.002711635548376834,-0.0005534947558846204
TPG,1908-05-18,126.35984624484,9.53606,2287.42409,55241.11020656428,0.052819468922908897,0.0487589354892457
TPG,1909-05-24,48.301183949720006,8.63932,980.9656599999998,49238.404481681864,-0.20516171347558576,0.18170452006000293
TPG,1910-05-30,53.4248175812,9.30565,987.68761,54090.804663632465,0.08863630600162731,0.08278660319938824
TPG,1911-06-05,51.338174511,9.36369,982.21878,52267.5554126546,-0.025424927737393244,-0.021143504417035497
TPG,1912-06-11,51.02057755548,9.24829,983.08755,51898.30504463209,0.007455113238351796,0.00612156674847153
TPG,1913-06-17,53.84388040668,9.61773,981.89563,54836.663655056705,0.04461897336132514,0.04584058270216085
TPG,1914-06-23,54.19485500104,9.53406,982.82652,55141.83215267736,-0.0019850473502353028,-0.002974429592123795
TPG,1915-06-29,55.3061053376,9.63326,983.59873,56228.321215502176,0.018342336251504943,0.017982132276776808
TPG,1916-07-05,57.3449413966,9.58513,987.75424,58055.879766813254,0.032991789844748265,0.02964594267548204
TPG,1917-07-11,61.533581106919996,9.89102,992.79514,61980.13933359907,0.05957750702509612,0.055557565983701984
TPG,1918-07-17,58.823306173320006,9.29161,995.87483,59066.96745545824,-0.013675360272129233,-0.016387310544787037
TPG,1919-07-23,44.53284499092,7.71311,982.01574,45348.402451186776,-0.2054034235473775,-0.1966836220341588
TPG,1920-07-29,99.66031169796,8.25547,2135.84358,46660.86628776439,0.6222537648254653,-0.11542718265166263
TPG,1921-08-04,130.21236651851999,9.63434,2134.84921,60993.7066789462,0.18965596501352722,0.1901903615297149
TPG,1922-08-10,167.19543400819998,9.32444,2777.13735,60204.23657051027,0.2696395081067988,-0.02337857962175549
TPG,1923-08-16,174.99283973392002,9.30569,2790.24651,62715.906679485466,0.03998950162309356,0.03626380547776642
TPG,1924-08-22,189.75136764324,9.54671,2798.56057,67803.20200224932,0.04101177224369046,0.03889788838029107
TPG,1925-08-28,208.82453515871998,9.66178,2808.9219599999997,74343.30256676835,0.06346041931432378,0.06028275530817462
TPG,1926-09-03,221.40458746952,9.56336,2816.11663,78620.53194491452,0.04134448919712397,0.03936464953467356
HNA,1924-05-16,1.8143423864800001,10.62928,14.3128,126763.62322396737,0.1850347081706425,0.1769340746857162
HNA,1925-05-22,1.9793961361199999,10.77591,14.56932,135860.57112617473,0.11298673212467758,0.09796627844051753
HNA,1926-05-28,1.74793628308,10.09869,14.75193,118488.65084636383,-0.21146516530115755,-0.21934647895468162
KOR,1837-01-13,4.43930204016,8.23056,163.92497,27081.304575867853,0,0
KOR,1838-01-19,4.72950399792,7.30231,165.69731,28543.034270864147,0.07253971654855818,0.06359263096558876
KOR,1839-01-25,6.202574712360001,7.77004,166.77071,37192.23065225303,0.19838566205531505,0.19265257155024917
KOR,1840-01-31,7.84219789392,7.54672,168.13665,46641.81125245448,0.22541762866681814,0.21810181366078485
KOR,1841-02-06,9.0897190098,7.20985,169.18862,53725.3569997793,0.11399016616668933,0.10881515958461341
KOR,1842-02-12,10.278972230799999,8.88777,171.32431,59997.16111975002,0.10141348723712351,0.09088283657658058
KOR,1843-02-18,11.13240188476,8.65887,173.38119,64207.66799881809,0.07517858085237195,0.06553025798590006
KOR,1844-02-24,11.53759365408,9.31694,175.45926,65756.53889159227,0.036037466645314487,0.026690945786607134
KOR,1845-03-02,12.412186924799999,9.22455,177.73043,69837.15126779358,0.05383406379226807,0.043691791943601954
KOR,1846-03-08,12.54739341076,9.03234,179.84476,69767.9121190965,-0.005063553015263955,-0.013769100334327988
KOR,1847-03-14,13.48024745496,8.89839,181.70431,74187.82446580382,0.0739285737923614,0.06537381836254208
KOR,1848-03-20,14.35922205224,8.82088,183.45623,78270.56106102256,0.03149288034842912,0.024134725715557526
KOR,1849-03-26,14.61315227164,8.49881,184.5267,79192.6169580879,-0.015465274299928722,-0.01966230212020459
KOR,1850-04-01,15.38440073924,8.05815,185.13035,83100.37084270624,0.03562943243563921,0.03313223622576178
KOR,1851-04-07,16.09516165244,8.09089,185.69215,86676.58623393612,0.034303815691058004,0.03197185463152441
KOR,1852-04-13,18.51215852096,8.06294,185.96541,99546.2463743123,0.11592645095337062,0.11439475422812695
KOR,1853-04-19,17.542964989679998,8.10965,186.00449,94314.73933602356,-0.03981470157795941,-0.039946291846445936
KOR,1854-04-25,18.76087999084,8.1576,186.16589,100775.0667474047,0.03671376835379658,0.03622542730828293
KOR,1855-05-01,18.45447728748,7.73503,186.09621,99166.32524370056,-0.01593577628357512,-0.015661772627417303
KOR,1856-05-07,20.312377269080002,7.8084,186.11987,109135.99536191383,0.06294154210024572,0.06290943066679744
KOR,1857-05-13,21.2758887588,7.79432,186.09268,114329.53063387555,0.022437764906316326,0.022657398903699333
KOR,1858-05-19,22.10410604064,7.80512,186.25341,118677.59114123065,0.027611367168568046,0.026676007935516388
KOR,1859-05-25,22.86629622732,7.87468,186.3803,122686.22932423653,0.013563195228840641,0.013144071712077654
KOR,1860-05-31,25.3722383148,8.22461,186.71141,135890.13287832812,0.04785440229088933,0.04639028315331806
KOR,1861-06-06,25.23963684268,8.22725,187.07819000000003,134914.90826739342,0.04063515330727396,0.03914687041810527
KOR,1862-06-12,27.002363476920003,8.22634,187.26367000000002,144194.35161619977,0.005422564805743324,0.004578478891414273
KOR,1863-06-18,27.19787567744,8.10121,186.93864,145490.92513693264,0.0016383375649995369,0.0030464150008506774
KOR,1864-06-24,29.037589172279997,8.24253,186.81215,155437.3694231344,0.060874160425082424,0.06151590023173603
KOR,1865-06-30,31.16291275916,8.28298,186.43518,167151.4612164936,0.04746938346955876,0.04914952994427102
KOR,1866-07-06,32.84381866428,8.27256,186.00335,176576.48996257325,0.0377590423556633,0.03935010084944013
KOR,1867-07-12,31.51505518564,8.41208,185.73032,169681.80093395629,-0.01702787310746423,-0.016101994354437932
KOR,1868-07-18,33.58914181064,8.46906,185.49569,181077.74800934727,0.02684292399867072,0.027906514138531957
KOR,1869-07-24,33.30982837988,8.59751,185.32412,179738.22500751656,-0.028600494695308343,-0.028022937095474987
KOR,1870-07-30,33.88315301696,8.64737,184.98719,183164.86139910555,0.01149492268802299,0.01297623235761347
KOR,1871-08-05,34.012073737719994,8.71627,184.60571,184241.72111317684,0.007213325899288803,0.008681516391714883
KOR,1872-08-11,33.60787819584,8.80982,184.2434,182410.21494305902,-0.0082284478087854,-0.006684358000021429
KOR,1873-08-17,34.487488729199995,8.84661,184.0237,187407.8650152127,0.03020709329341864,0.031286839012561796
KOR,1874-08-23,24.552981673999998,9.16411,184.25867999999997,133252.78176311695,-0.26120316140772215,-0.2621055401357665
KOR,1875-08-29,19.571042691720002,9.0138,185.08739,105739.47091544163,-0.14984352692499492,-0.1526324691876546
KOR,1876-09-04,33.04239931876,8.85601,185.53058,178096.78231351404,0.6394673611918742,0.6367226584169021
KOR,1877-09-10,31.78051111976,9.22296,186.05931000000004,170808.49713868118,-0.031568258675874095,-0.03377472945322446
KOR,1878-09-16,32.74851384532,9.27158,186.68129,175424.72438089538,0.0038325938606860177,0.0013509010318661918
KOR,1879-09-22,34.9651372148,9.36576,187.32116,186658.7694353377,0.053927741698386544,0.05123236784036811
KOR,1880-09-28,20.073368940039998,9.58075,96.17594,208715.07926036388,-0.4141699322438086,0.14230979481030115
KOR,1881-10-04,13.50676998476,7.59989,172.09966,78482.25838888931,-0.3003470187130093,-0.6129600787254202
KOR,1882-10-10,12.96555982384,8.03837,166.13513,78042.25285669563,-0.07274254826978488,-0.04814172439757869
KOR,1883-10-16,12.98471959044,8.23164,164.36014,79001.63379296221,-0.0123712861286297,-0.004274566945801528
KOR,1884-10-22,12.93017638848,8.34645,163.05883,79297.6153973385,-0.0016991034920879056,0.004390053240801883
KOR,1885-10-28,13.1043270488,8.55681,162.16813,80807.04296707375,0.020204227550633336,0.024138726444661085
KOR,1886-11-03,13.00857680772,8.49143,161.17691,80709.92803944436,-0.00110528478029559,0.003600098041679489
KOR,1887-11-09,13.5249567986,8.82334,160.73155,84146.24756993882,0.045811042172370975,0.04835434063190536
KOR,1888-11-15,13.1138428902,8.97724,160.93852,81483.55589575447,-0.022147165736694174,-0.022829339643508972
KOR,1889-11-21,11.88793625812,8.43063,161.24843999999996,73724.34894948443,-0.07113886795978985,-0.0726491003767874
KOR,1890-11-27,12.18048612196,8.33607,160.76515,75765.7124193894,0.01328877688792196,0.015526560594249172
KOR,1891-12-03,12.13535590124,8.97365,161.36341,75205.12798558237,0.0009167089605759404,-0.001952436861820006
KOR,1892-12-09,12.267566002119999,9.12475,162.05865,75698.3104704377,0.02689302285437356,0.023721875756504973
KOR,1893-12-15,12.543920912639999,9.14494,163.07144,76922.85609693518,0.011440538531045208,0.006743747334047034
KOR,1894-12-21,12.74834029404,9.27054,164.23018,77624.83298770056,0.028903397194259606,0.02351730175108213
KOR,1895-12-27,12.75622278424,9.2447,165.40324,77121.96438376902,0.0030421336036670077,-0.0022785322668891217
KOR,1897-01-02,13.53594981388,9.1305,166.47604,81308.69651800944,0.0301710293774462,0.02515663642603405
KOR,1898-01-08,14.00494774744,9.15212,167.5422,83590.5685101425,0.025772099009658822,0.020934787013173528
KOR,1899-01-14,13.9350630224,8.80093,167.87795,83007.10738009369,0.028673913623098013,0.027085150158427496
KOR,1900-01-20,14.81916012148,8.84478,168.20347,88102.58267252154,0.038084190433145926,0.03661499127078849
KOR,1901-01-26,11.49015414144,8.78432,137.27965,83698.88866587292,-0.22425075303053998,-0.048908764375131364
KOR,1902-02-01,11.89932196856,8.89106,137.88053,86301.68428102214,0.050423483570450234,0.046817970666433784
KOR,1903-02-07,14.99539105896,9.36016,166.2806,90181.24218315307,0.2287780667337609,0.020273406935063187
KOR,1904-02-13,14.52201106772,9.49525,167.77665,86555.61466819132,-0.016756290860317158,-0.023415998377843583
KOR,1905-02-19,13.9461618582,9.54631,168.88073,82579.94774300183,-0.028438909683207947,-0.032919121385959205
KOR,1906-02-25,14.2848187092,9.75924,169.77171,84141.3372652016,0.007020819627643338,0.003918853123631827
KOR,1907-03-03,14.06490851688,9.42688,171.21515,82147.56998361419,-0.023056355909743753,-0.029234238420500658
KOR,1908-03-09,14.63311320068,9.59137,172.58452,84788.0980326625,0.04359604018022267,0.037276418910658915
KOR,1909-03-15,14.37709745524,9.71036,174.09678,82581.06471147829,-0.020731987707297783,-0.02695733154040081
KOR,1910-03-21,16.33984236664,10.17955,176.03964,92819.1080522546,0.12651600597466683,0.1171123028579184
KOR,1911-03-27,16.36996156796,10.17957,178.33442,91793.6176760493,0.016800829543832885,0.00691252514824936
KOR,1912-04-02,16.73608538784,10.00063,180.47773,92732.13591416515,0.016077687700001286,0.006946172167624276
KOR,1913-04-08,17.060249501359998,9.94703,182.59557,93431.89159167442,0.01803745200625606,0.009181044602783128
KOR,1914-04-14,19.10483502044,9.77887,184.58867,103499.49983625756,0.11155405844432287,0.1025046249528101
KOR,1915-04-20,18.938505424800002,9.60395,186.29938,101656.29872090825,-0.04658344504391865,-0.05327041032779578
KOR,1916-04-26,19.69411809092,9.5459,187.99803,104757.045012227,0.03125040128554901,0.024149559043789237
KOR,1917-05-02,20.14514239296,9.42749,189.61255,106243.71853529738,-0.002527949488540071,-0.00878310523794923
KOR,1918-05-08,20.4954022806,9.54387,191.24025,107170.9657386455,0.007412145588533425,0.0008606898454979195
KOR,1919-05-14,22.24923411412,9.60797,192.7374,115438.07332733553,-0.0006913471817200367,-0.006634508177286724
KOR,1920-05-20,21.60258455472,9.33303,193.9711,111370.11933592168,-0.03389027224201924,-0.03841696158438446
KOR,1921-05-26,20.98687951828,9.12765,194.76552,107754.59392545457,-0.0199186395949128,-0.02303500448510709
KOR,1922-06-01,21.14100634308,9.01888,195.43494,108174.13888775466,-0.005946270468736747,-0.008537083999719308
KOR,1923-06-07,20.70189611724,9.05358,195.99725,105623.40092649258,0.005309608637416918,0.0031091237447378184
KOR,1924-06-13,21.19041637232,9.02332,196.45981,107861.32986853647,-0.018551937010168107,-0.020411295595180068
KOR,1925-06-19,21.92188310052,9.10532,196.9402,111312.38366021766,0.029589626080895215,0.027705801734350777
KOR,1926-06-25,22.18525899252,9.13544,197.57584,112287.30695271245,0.012589325755030467,0.010097547555921738
CAN,1837-01-13,0.6887222331599999,11.28184,5.7833,119088.10422423184,0.24940355931971814,-0.03994819051601728
CAN,1838-01-19,0.75996139596,11.25541,6.17342,123102.16961748917,0.08319415211888725,0.045710439704842676
CAN,1839-01-25,0.75677432168,11.45941,6.59247,114793.74523964465,-0.0010497076446640552,-0.04918081469593272
CAN,1840-01-31,0.8365766422,12.31751,7.01387,119274.61475619023,0.10738107270641906,0.05583850531663925
CAN,1841-02-06,0.8609006021200001,12.34132,7.44836,115582.57148150734,-0.002433122795195919,-0.047152871378410954
CAN,1842-02-12,0.9034620322,12.32697,7.92491,114002.81292784399,0.00814694041397912,-0.03754065285030406
CAN,1843-02-18,0.92743172132,12.24815,8.36553,110863.47443855919,-0.010516237896360803,-0.04986913914312818
CAN,1844-02-24,0.90470784716,11.97738,9.38945,96353.6572600099,-0.03685578483260221,-0.12123454155524205
CAN,1845-03-02,1.064336832,11.53536,10.05634,105837.39531479642,0.1464291502918471,0.09323529205346404
CAN,1846-03-08,1.20911715496,11.56159,10.44057,115809.4965083324,0.07007167667408742,0.03813550501894092
CAN,1847-03-14,1.30287204008,12.29935,10.63834,122469.48678835233,0.06898313018533941,0.05263942966806412
CAN,1848-03-20,1.37343252072,12.01898,10.8432,126663.02574147853,0.043825703309702924,0.029825675451529587
CAN,1849-03-26,1.61759064116,11.51353,10.98705,147227.0210074588,0.12134234285605672,0.1100945872723833
CAN,1850-04-01,1.7304246362,11.4871,11.25763,153711.2728167474,0.045957143089922825,0.02974400783427278
CAN,1851-04-07,1.78915450532,11.68051,11.91631,150143.33340774116,0.03655904064303228,-0.010280868624228945
CAN,1852-04-13,1.9459054092399999,11.67253,12.21719,159276.02085585965,0.0463528488278675,0.028202987308348915
CAN,1853-04-19,1.89078058624,11.72677,12.78268,147917.38401023886,-0.05882408503793968,-0.09144449196166682
CAN,1854-04-25,2.3054293132000003,12.55627,13.35523,172623.70720683958,0.1521291437325505,0.11435601033647447
CAN,1855-05-01,2.67328608872,12.44495,13.95176,191609.23702242583,0.12251127827271913,0.08624936310863474
CAN,1856-05-07,2.78968786772,12.88161,14.567480000000002,191501.06042500143,-0.012814102667273453,-0.04446187901966947
CAN,1857-05-13,2.8273716276,12.45248,15.19196,186109.73354326893,0.005099047805012358,-0.025241116520898332
CAN,1858-05-19,2.96496561972,12.25184,15.855879999999999,186994.70604722033,0.04549148041200324,0.012229312981868468
CAN,1859-05-25,3.1379681086,12.32877,16.51232,190037.99033691207,0.06903353813268054,0.03719745965419485
CAN,1860-05-31,2.99008277724,12.40063,16.70379,179006.24811734344,-0.01585008634032281,-0.02255384308967867
CAN,1861-06-06,2.9243134008399996,12.34655,16.72168,174881.55501361107,-0.04437296567509419,-0.04558927806605895
CAN,1862-06-12,3.10022985064,12.50739,16.66467,186036.07816056363,0.06808805356926562,0.07095160037930026
CAN,1863-06-18,3.4519936536799998,12.63309,16.67339,207036.100857714,0.07303941279488857,0.07313201415678905
CAN,1864-06-24,3.53228928832,13.00995,16.91821,208786.23024066968,0.010464597886938876,-0.0006081601577603291
CAN,1865-06-30,3.82205458804,13.22298,16.9863,225008.07050623148,0.06504481491698444,0.061315051905041384
CAN,1866-07-06,3.70662466668,13.331,17.01451,217850.80303105994,-0.01530786447893906,-0.016722464764878264
CAN,1867-07-12,4.03295196824,13.39252,17.25871,233676.32738715695,0.05602286272408685,0.0452308724454078
CAN,1868-07-18,4.27468449616,14.51862,17.75844,240712.83829885957,0.0214717682591421,-0.0009306230490699896
CAN,1869-07-24,7.92741228708,14.78892,29.427319999999998,269389.543019208,0.8341240529061928,0.11573573737471055
CAN,1870-07-30,8.11165119232,14.81355,30.136319999999998,269165.2860176691,0.034016517033613525,0.016975194903783075
CAN,1871-08-05,7.83080524824,14.96107,32.09681,243974.56470720924,-0.015584837761441594,-0.06926590482341977
CAN,1872-08-11,8.575205145,13.89245,32.59105,263115.33826004376,0.05256624360869466,0.04102293628695608
CAN,1873-08-17,8.2406156794,13.85873,33.01456,249605.49767738837,-0.019267494685113462,-0.02860026846740471
CAN,1874-08-23,15.61101535084,11.35467,99.60359,156731.45265988907,0.2237140878918138,-0.16551845472013293
CAN,1875-08-29,16.0894804876,11.95333,101.19819,158989.8049322819,0.014928474898133981,0.0025737317088816436
CAN,1876-09-04,16.16313541648,13.07743,103.1262,156731.6105556105,0.017216104430150203,0.0028788897859501894
CAN,1877-09-10,17.66128644384,13.32045,105.28764,167743.20750127936,0.05187913987442094,0.03506715249863279
CAN,1878-09-16,17.50055317504,13.63833,107.43278,162897.7038017633,-0.004305173368662096,-0.01948312671024599
CAN,1879-09-22,18.75736072756,14.04002,110.13888999999999,170306.4260731155,0.05647419471058113,0.036883050102441084
CAN,1880-09-28,20.17481266372,13.09938,112.63022999999998,179124.31381628185,0.07067229852419099,0.05324625408019723
CAN,1881-10-04,22.02341751272,13.0862,115.28253,191038.63796812927,0.05787004866156642,0.0396896287027757
CAN,1882-10-10,23.6573784174,13.04237,116.57787,202931.98372384053,0.024915028901726366,0.01716106188065436
CAN,1883-10-16,24.6031160466,13.03381,118.4827,207651.54783440958,0.07442957197065958,0.06148136651686276
CAN,1884-10-22,24.28187929388,13.9624,121.02606999999999,200633.46098803342,-0.004468430578677851,-0.020750854115079043
CAN,1885-10-28,24.858682978999997,13.95977,123.64448,201049.6787159443,0.012239277154209693,-0.0040606103660765225
CAN,1886-11-03,26.80257763976,14.08357,126.27824,212250.16788133886,0.050704517413178385,0.03421787013018496
CAN,1887-11-09,22.735667305520003,13.10508,128.14659,177419.21424144023,-0.17285330368960172,-0.18266922114788542
CAN,1888-11-15,16.510244367240002,12.82326,127.67445,129315.1790921363,-0.33650655761947,-0.334444544356682
CAN,1889-11-21,25.291614778560003,13.4683,127.01374,199125.02992636862,0.4166395063357551,0.42250495176364433
CAN,1890-11-27,27.7540736694,14.51107,127.37040000000002,217900.49861977348,0.0740468969369843,0.0715576822097741
CAN,1891-12-03,29.04621763836,14.50609,128.5656,225925.268021617,0.024539284311761778,0.017291009006331848
CAN,1892-12-09,31.11577642108,14.88231,130.1943,238994.92083048183,0.04227521237887255,0.032755118594390176
CAN,1893-12-15,35.10296761608,14.75792,131.63905,266660.74858546915,0.10953790298951804,0.10023796484560643
CAN,1894-12-21,36.822844757919995,15.08872,133.08539,276685.8537809447,0.035402685109253484,0.027080909591878033
CAN,1895-12-27,40.61562314628,15.33275,134.83616,301222.03974275145,0.08104505618351632,0.07063063161249206
CAN,1897-01-02,42.91140131824,15.37562,136.6995,313910.44823309523,0.03963434812470212,0.029032070409760413
CAN,1898-01-08,45.27895568924,15.65667,137.98899,328134.55399043066,0.0478459043102295,0.04053456069793193
CAN,1899-01-14,48.300291460720004,15.58558,139.38817,346516.4329277011,0.046740040962489626,0.038748253299141444
CAN,1900-01-20,51.09665794584,15.63462,141.18217,361920.0494357042,0.03349826998762295,0.023420409843178946
CAN,1901-01-26,53.58152701772,15.88402,142.96704,374782.3765374173,0.04535189805167983,0.03537510674293309
CAN,1902-02-01,56.1981060108,15.60069,144.51302,388879.18895335513,0.042981771630238974,0.034606172755093034
CAN,1903-02-07,59.46411566992,15.60548,146.17095,406812.13106927194,0.02503580639239056,0.016184109271135227
CAN,1904-02-13,63.856701142,16.51165,147.93892,431642.3368644303,0.07008526102751533,0.06048240447236153
CAN,1905-02-19,72.03293499688,16.87266,149.77591,480938.05603905185,0.06152257952603524,0.05170116977798367
CAN,1906-02-25,78.39382918952,17.30966,151.53759,517322.6602687822,0.07465810300500308,0.06519908406953645
CAN,1907-03-03,70.09129309156,17.19897,152.97282,458194.4236339501,-0.12582442452288956,-0.1318785318225718
CAN,1908-03-09,72.64559828604,17.22645,153.96489,471832.23581713985,0.05247219357536115,0.04751635257645215
CAN,1909-03-15,77.7560839458,17.80783,154.0482,504751.65529879613,0.03816560429163207,0.037901155706796086
CAN,1910-03-21,94.89420026632,18.14479,154.10463,615777.7366346489,0.07705300612621757,0.07739211505943122
CAN,1911-03-27,98.81836352128,18.30801,154.82089,638275.3872638247,0.02724728275965904,0.02352434500815548
CAN,1912-04-02,104.403146185,18.88948,155.90658,669651.9555813489,0.05432795226700904,0.04880072487624565
CAN,1913-04-08,107.24707580028,19.28613,156.90019,683536.9402693522,0.020978311214185252,0.016630414886443123
CAN,1914-04-14,113.55932653156,18.58097,157.87949,719278.5239650825,0.06589118841241426,0.0603386178518599
CAN,1915-04-20,110.95932519152001,18.79701,158.6671,699321.5681859693,-0.028249848342834838,-0.03181580194410327
CAN,1916-04-26,114.23749401324,18.79648,159.8773,714532.2945361224,0.023636815971341152,0.017622156399947908
CAN,1917-05-02,112.85593707960001,18.93864,159.31179,708396.6420790326,-0.0022272199981255847,0.0003792635351964613
CAN,1918-05-08,104.41790352344,18.48438,158.56868,658502.6975279103,-0.06588629311372662,-0.06323013576361558
CAN,1919-05-14,102.66347592592,18.26703,158.00753,649737.8696187453,0.001727614101743935,0.004014206947081211
CAN,1920-05-20,85.33054682048001,17.20322,157.58704,541482.0077874424,-0.16693007648546043,-0.1666955302602302
CAN,1921-05-26,101.98869896332,19.01754,158.40153,643861.8298909108,0.15793182976844466,0.15352097529649011
CAN,1922-06-01,108.09955019552,19.2879,159.12161,679351.7875763072,0.05427846559347205,0.05036402756314984
CAN,1923-06-07,109.2226852002,19.86647,161.28398,677207.2787402691,0.005190804231373525,-0.005057136202639589
CAN,1924-06-13,117.71009567512,20.98789,164.14107,717127.624884619,0.077360950058035,0.06347102133970983
CAN,1925-06-19,121.17882014472,21.30905,166.27308,728793.9824337169,0.017780019330915442,0.008353620215756585
CAN,1926-06-25,125.48523608868,21.46417,167.67215,748396.415795229,0.03205114362286321,0.025298404828580034
JHN,1837-01-13,0.1317364386,7.87508,3.6009,36584.309089394315,0,0
JHN,1838-01-19,0.19161014912,7.73578,3.65246,52460.574275967425,0.12614072318727976,0.11407037575019019
JHN,1839-01-25,0.19242328612,7.662,3.7082999999999995,51889.89189655638,0.020484876899462767,0.009359625858244236
JHN,1840-01-31,0.18714583056,7.74015,3.76128,49755.88910158244,-0.04252210511160648,-0.05310383744508562
JHN,1841-02-06,0.20034685112,7.7602,3.81673,52491.75370539703,0.04563602745955242,0.033842309519158675
JHN,1842-02-12,0.23358733008000002,7.68435,3.88393,60142.00309480346,0.0636718019678757,0.05121875432298628
JHN,1843-02-18,0.22784825544,7.47706,3.97386,57336.75958388066,0.00624500256081828,-0.011741433933328493
JHN,1844-02-24,0.23557129440000002,7.50434,4.05568,58084.29027931199,0.003506496746908727,-0.012727918277640526
JHN,1845-03-02,0.23280160488,7.51025,4.16154,55941.21524243429,-0.002706991007704662,-0.02222513346017685
JHN,1846-03-08,0.22136546068,7.93018,4.27564,51773.643403092865,-0.030157395353026417,-0.051755351279067385
JHN,1847-03-14,0.25045331688,7.96431,4.37972,57184.77822326541,0.1083635025577725,0.09004483531545193
JHN,1848-03-20,0.23450370371999998,8.17818,4.47018,52459.56621880998,-0.048496124134491,-0.0640353561344551
JHN,1849-03-26,0.27174174819999997,7.35789,4.59137,59185.32991242264,0.16452305807647827,0.14228969618170728
JHN,1850-04-01,0.27215762756,7.33984,4.68912,58040.235174190464,-0.005982240876922895,-0.021634750873875896
JHN,1851-04-07,0.23795718700000001,8.46749,4.78537,49725.97458503731,-0.12569264872063257,-0.13968895503918677
JHN,1852-04-13,0.27549178384,7.69433,4.90453,56170.883619837165,0.15200426165325487,0.1299876024513309
JHN,1853-04-19,0.28959595392,7.70378,5.00001,57919.074945850116,0.057433891131604575,0.04237119366361153
JHN,1854-04-25,0.30962934496,7.97668,5.09469,60774.91367678897,0.016426898684804847,0.0019727946639289673
JHN,1855-05-01,0.31308417556,7.92412,5.19383,60280.019862028596,0.011521884518484127,-0.003172011539422148
JHN,1856-05-07,0.31758632152,8.24308,5.31233,59782.867690824925,0.03908210113883093,0.021526512923996766
JHN,1857-05-13,0.5112156062,7.78259,5.38851,94871.42200719679,0.4814609081123744,0.4650266107182026
JHN,1858-05-19,0.55729991044,7.09827,5.44209,102405.49319103506,0.011815760253578445,0.00471854750539058
JHN,1859-05-25,0.58862448996,7.23965,5.47836,107445.38328258821,0.054847362424415236,0.04973998609590535
JHN,1860-05-31,0.60964660536,7.547,5.53161,110211.42223692562,0.03765336640662165,0.029719830121653912
JHN,1861-06-06,0.5790583396,7.93325,5.60009,103401.61311693204,-0.0400551937588286,-0.04874384057610204
JHN,1862-06-12,0.63197170036,7.99764,5.66294,111597.80968189669,0.05932769198986154,0.05019320081780454
JHN,1863-06-18,0.6660705838800001,8.13228,5.72801,116283.06931726726,0.04237367657593061,0.033181165672165225
JHN,1864-06-24,0.81323673184,8.00054,5.79614,140306.60609302053,0.19129524697224398,0.1810881194357623
JHN,1865-06-30,1.0198127238,8.07243,6.30683,161699.73248050132,0.1764447287260178,0.10247934886180099
JHN,1866-07-06,1.27142131584,8.87628,6.81824,186473.5350823673,0.23004917400554592,0.15871196708807678
JHN,1867-07-12,1.3276938875200002,8.69133,7.24303,183306.41838015307,0.10545748644001285,0.05547018130091974
JHN,1868-07-18,0.38708220772,6.41995,6.99665,55323.934700177946,-0.7155133993659437,-0.7067784321912215
JHN,1869-07-24,0.39118815840000004,7.34538,6.38029,61311.97146211223,-0.016584025240878986,0.05554088242944033
JHN,1870-07-30,0.39457507076,7.0858,6.02678,65470.29603868069,-0.10432029439490964,-0.06389265167734826
JHN,1871-08-05,0.39780378872,7.77294,5.8634,67845.24145035303,0.017689855390548903,0.04131660582554275
JHN,1872-08-11,0.43748537715999997,8.12313,5.88227,74373.56278443526,0.06156877678529327,0.05955328003894689
JHN,1873-08-17,0.42984747988,8.24527,5.931120000000001,72473.23943538488,-0.011782476182053081,-0.018133639145325398
JHN,1874-08-23,0.43919181488000003,8.30559,5.9618,73667.65320540777,0.019140927221468873,0.0154404515278177
JHN,1875-08-29,0.43920600724000003,7.94175,5.98513,73382.86841555656,0.10421493545040139,0.10082938443004075
JHN,1876-09-04,0.4023796972,9.32489,6.02985,66731.29467565528,-0.09903009098172555,-0.10402233785843795
JHN,1877-09-10,0.40994057883999996,8.92712,6.11452,67043.78738478245,0.03676221886911213,0.02613911426607074
JHN,1878-09-16,0.39702444391999997,9.25105,6.1145,64931.628738245156,-0.026351829935061466,-0.025449121865703583
JHN,1879-09-22,0.396688266,9.20926,6.14882,64514.53547184663,-0.0007972480231498436,-0.004995272510774806
JHN,1880-09-28,0.39318256848,9.23913,6.19581,63459.4295951619,-0.002689586346244943,-0.007876204034944267
JHN,1881-10-04,0.39249557932,10.23773,6.27004,62598.57661514122,-0.0008754319543979872,-0.010280869528483505
JHN,1882-10-10,0.38164359896,10.10975,6.36293,59979.22324463729,-0.02267002814126351,-0.03391768089145386
JHN,1883-10-16,0.37310802932,9.20126,6.44148,57922.71796543651,-0.02262677628697618,-0.03127305377279055
JHN,1884-10-22,0.3882142368,9.27944,6.5455,59310.096524329696,0.040312927177515556,0.027372550755043967
JHN,1885-10-28,0.38826130304,9.2717,6.65507,58340.67906723746,0.0020538108066918692,-0.010486494420447245
JHN,1886-11-03,0.38984508992,9.12046,6.76958,57587.78091403011,0.006903260630211072,-0.00578737583513933
JHN,1887-11-09,0.33574563152,9.06434,5.14988,65194.845611936595,-0.03594727775511841,0.0921480762942386
JHN,1888-11-15,0.43602537212000003,7.81378,6.87185,63450.94437742384,0.32189418169205064,-0.0068721867997332264
JHN,1889-11-21,0.40265696068,9.18957,6.95284,57912.58833512637,0.003262020481396677,-0.005832828000871926
JHN,1890-11-27,0.40320445828,9.11041,7.03992,57274.011392174914,0.008274423513268792,-0.0012555593002668841
JHN,1891-12-03,0.41996293404,9.04745,7.12829,58914.961938978355,0.01795052113853246,0.008663451710478887
JHN,1892-12-09,0.43473345188,9.12108,7.23752,60066.63219998011,-0.03377530480554858,-0.04514015339477295
JHN,1893-12-15,0.5044645554,9.21987,7.34379,68692.67168587337,-0.01955146716311762,-0.03021948972300481
JHN,1894-12-21,0.49903334104,8.92137,7.4596599999999995,66897.59868948451,-0.022877760025072913,-0.03430248283840509
JHN,1895-12-27,0.5047359595199999,8.82103,7.5533600000000005,66822.70665240369,0.008511234629287712,-0.0012115514363661983
JHN,1897-01-02,0.5150791651200001,8.76984,7.6511,67320.92968592752,0.011923089378017337,0.0025712059812099675
JHN,1898-01-08,0.52478789636,8.67623,7.74548,67754.08320207399,0.016048790312747085,0.006386074107716633
JHN,1899-01-14,0.53276547012,8.49454,7.83889,67964.40186301887,0.007132286364138984,-0.001988810352239634
JHN,1900-01-20,0.5444949821999999,8.45791,7.93126,68651.76304899852,0.01774526931036724,0.009038698969546788
JHN,1901-01-26,0.6073257314799999,7.96809,8.0018,75898.63924117073,0.059234100605696005,0.05200816533999597
JHN,1902-02-01,0.54296482916,8.43026,8.08273,67175.92065552108,-0.06009376677402567,-0.06738259432512328
JHN,1903-02-07,0.54518865024,8.31915,8.17175,66716.26643497415,-0.05597281081687877,-0.06346209843534456
JHN,1904-02-13,0.596215256,8.55213,8.25227,72248.63655697161,0.0826446352184893,0.07453779547584061
JHN,1905-02-19,0.5822413636,8.76069,8.327,69922.10443136784,-0.027471788064528768,-0.03379670948458213
JHN,1906-02-25,0.61186838128,9.01408,8.43599,72530.71438918253,0.051553278347678644,0.04138762697652276
JHN,1907-03-03,0.61128895204,8.33988,8.52323,71720.33982891463,-0.05387946286979117,-0.06129738679411112
JHN,1908-03-09,0.6228627932799999,8.31542,8.60028,72423.5482193603,0.013655731680883632,0.007042487222880922
JHN,1909-03-15,0.5548124529999999,7.27909,8.62318,64339.65810756588,-0.08590466512689487,-0.0877017402694632
JHN,1910-03-21,0.57146374636,7.55458,8.65547,66023.42176219201,0.03284236050556255,0.029644052609426375
JHN,1911-03-27,0.57966628044,7.60873,8.6911,66696.53788818447,-0.0030019672802502617,-0.005995111111462226
JHN,1912-04-02,0.57684098732,7.56996,8.72014,66150.42732341452,-0.00657941067644896,-0.00921942526876085
JHN,1913-04-08,0.5710302067599999,7.48458,8.73927,65340.72145156289,-0.009659548650400196,-0.0113232179602627
JHN,1914-04-14,0.57171964148,7.52314,8.76361,65237.914681278606,0.0006115234534429526,-0.0013028642397475698
JHN,1915-04-20,0.57246533344,7.51993,8.78304,65178.49553685284,0.00174419407295745,0.00003013514565153308
JHN,1916-04-26,0.57257908656,7.50909,8.79783,65081.85388442377,0.00044804393297903644,-0.0010420415292363705
JHN,1917-05-02,0.6186063468,7.59866,8.81428,70182.2890582101,-0.04998056626024627,-0.051036967266600675
JHN,1918-05-08,0.6181261585200001,7.64313,8.83815,69938.41002019653,-0.012915019722707366,-0.015037312827106297
JHN,1919-05-14,0.62117914768,7.6344,8.858159999999998,70125.07650347252,0.0017721959642436058,0.00012871311563178445
JHN,1920-05-20,0.7496295976,8.83945,8.90245,84204.86468331752,0.15504538501562282,0.1505869856044948
JHN,1921-05-26,0.75909427256,8.59889,8.97374,84590.62470720123,0.02175423881144778,0.01568708533586194
JHN,1922-06-01,0.75398397516,8.32055,9.03585,83443.61351284053,-0.0038902341961306597,-0.00886348131655701
JHN,1923-06-07,0.82989054512,8.3049,9.09271,91269.87940009084,0.044160717629099455,0.03904015008634931
JHN,1924-06-13,0.7854060957600001,8.25351,9.15468,85792.850843503,0.016938326587963015,0.011765796167409137
JHN,1925-06-19,0.7912343576800001,8.22886,9.21472,85866.34837303792,0.018053237750981888,0.013099965028664728
JHN,1926-06-25,0.871873288,8.32461,9.27469,94005.65280348992,0.07494725572160599,0.06960402132161381
TID,1837-01-13,0.28283649576000003,5.77593,3.08108,91797.84223713764,0,0
TID,1838-01-19,0.28717110084,5.37393,3.05836,93897.08891039643,0.036613188592552026,0.042293756005239436
TID,1839-01-25,0.27551809948,5.64345,3.03502,90779.66520154726,0.01112821435325384,0.017235712542855053
TID,1840-01-31,0.28642709628,5.98462,3.01025,95150.60087368159,-0.00910886250354892,-0.0032363520907062737
TID,1841-02-06,0.2902912818,5.69997,2.99164,97034.16246607213,0.022408508054421405,0.02725150167963286
TID,1842-02-12,0.31175561248,6.2247,2.97809,104683.07286885219,0.05902104071694203,0.06263641660091035
TID,1843-02-18,0.33036547388,6.26277,2.96089,111576.40907970238,0.04202411694203412,0.04627642032739665
TID,1844-02-24,0.44973733376,6.40124,2.94385,152771.82389048356,0.3565385510710244,0.36264720038458775
TID,1845-03-02,0.46367557964,6.52673,2.92533,158503.68322206382,0.02043172260310011,0.02542487975430796
TID,1846-03-08,0.45153236648,6.60242,2.9088299999999996,155228.17300426634,-0.004714653232375521,-0.0006503784390962108
TID,1847-03-14,0.4607028842,6.33031,2.89366,159211.1319920101,0.021415544965070588,0.025453982667559494
TID,1848-03-20,0.474718777,6.37758,2.86549,165667.57413217286,0.04758736777446315,0.054939295912248776
TID,1849-03-26,0.48176049428,6.5339,2.852,168920.2294109397,-0.004437235955593866,-0.0008225925297153935
TID,1850-04-01,0.5061491422,6.79964,2.8434900000000005,178002.78608329903,0.027477240878329923,0.030231468720735677
TID,1851-04-07,0.50297753272,6.89086,2.84496,176795.99457285868,0.001731028191089834,0.0011950030651970422
TID,1852-04-13,0.4748201042,7.01529,2.8485200000000006,166690.10721357053,-0.02502017217335628,-0.025879462314941315
TID,1853-04-19,0.49411530532,7.10603,2.85496,173072.58431641772,0.044946580590548235,0.04330017806157249
TID,1854-04-25,0.4122627782,7.16023,2.85295,144504.03203701432,-0.031879187001291664,-0.03295726508046759
TID,1855-05-01,0.43954594008,6.61832,2.78695,157715.76098602414,0.05596464282974867,0.07616823125191075
TID,1856-05-07,0.48470723028,7.25716,2.77647,174576.7936552529,0.09015116710009119,0.0929014738942111
TID,1857-05-13,0.4913772604,7.25776,2.78381,176512.4992007357,0.008255696957348624,0.006089312425225479
TID,1858-05-19,0.49891745643999996,7.2869,2.79296,178633.94264149864,0.027399078532235555,0.024925964931869604
TID,1859-05-25,0.48507034212,7.12999,2.80007,173235.07702307444,-0.025677081201275098,-0.027680489408345554
TID,1860-05-31,0.5085960022,7.24907,2.80528,181299.55020532708,0.03935721382401747,0.03790531965367716
TID,1861-06-06,0.4932784844,7.19853,2.8111,175475.25324606025,-0.03714753651341851,-0.03856639376496229
TID,1862-06-12,0.43975961588,6.81626,2.81107,156438.51482887298,-0.06631193539813107,-0.06635749614382325
TID,1863-06-18,0.47094182512,7.02096,2.8096,167618.81588838267,-0.021950945336403294,-0.021766643547586062
TID,1864-06-24,0.5167649749600001,7.19403,2.80541,184203.01309256043,0.06417627664659142,0.06541717891254684
TID,1865-06-30,0.53671698184,6.93542,2.79778,191836.7354974301,0.08322880796185506,0.08514261664833311
TID,1866-07-06,0.46968659347999997,7.00804,2.78884,168416.47189512485,-0.12401412201751205,-0.12178913442904915
TID,1867-07-12,0.542664382,7.10085,2.78589,194790.31189314724,-0.0018206368070462497,-0.001041019133638743
TID,1868-07-18,0.37837218796,7.27,2.78562,135830.51096703784,-0.21792268585484398,-0.21785005381803502
TID,1869-07-24,0.54269274384,7.57401,2.79024,194496.79735076556,0.3429240334220416,0.3414471001919952
TID,1870-07-30,0.58859984976,7.70354,2.7949,210597.8209452932,0.0409501908836134,0.03952863446810717
TID,1871-08-05,0.59482613788,7.81063,2.80244,212252.94310672133,0.012680764370226916,0.010658772967027108
TID,1872-08-11,0.602448795,7.64313,2.81081,214332.80620177102,0.01902547967937407,0.016885989649004562
TID,1873-08-17,0.5488181634,7.62794,2.81741,194795.2777196077,-0.08023217448822784,-0.08202531475396746
TID,1874-08-23,0.5581327897599999,8.04846,2.82495,197572.62597922087,0.040806662062809584,0.03868693321008898
TID,1875-08-29,0.59962024304,8.18802,2.83338,211627.18838983827,0.06434225309066566,0.061971503576164766
TID,1876-09-04,0.5881638089600001,8.3666,2.84151,206989.87825487155,-0.018187545589154364,-0.020350335610438086
TID,1877-09-10,0.42664320971999997,7.91544,2.84895,149754.54455852156,-0.14426879601199494,-0.1458678405993783
TID,1878-09-16,0.42904497480000003,8.04359,2.84908,150590.70815842308,-0.032136855797088026,-0.032315308564498935
TID,1879-09-22,0.48812564424,8.37203,2.84905,171329.26562889383,0.12466061534049322,0.12471441832941155
TID,1880-09-28,0.48188973872,8.35939,2.84786,169211.17566172496,-0.0016462512954569242,-0.0011964185851977005
TID,1881-10-04,0.5080827102,8.66001,2.84667,178483.17866138328,0.04469530159013391,0.044896275448598644
TID,1882-10-10,0.49866322739999996,8.62349,2.84772,175109.64118663353,-0.04253898950814672,-0.04282844501575145
TID,1883-10-16,0.33913094384000003,8.93539,2.85011,118988.72108094074,-0.0278456855425393,-0.028326257072758154
TID,1884-10-22,0.29363297963999996,8.44759,2.85355,102900.94080706488,-0.11860369141394778,-0.11940326795232503
TID,1885-10-28,0.51063847068,8.60146,2.86695,178112.09497200858,0.38124457504702924,0.37611542466078185
TID,1886-11-03,0.56424497896,7.88508,2.8577,197447.2404241173,0.08554982200597938,0.08831392029188168
TID,1887-11-09,0.57120050416,8.05418,2.85341,200181.71386516487,0.01630382090053506,0.017615779317619706
TID,1888-11-15,0.545167662,8.49991,2.85886,190694.07456118873,-0.042102968287302533,-0.043424592870950796
TID,1889-11-21,0.52153698012,8.95954,2.86591,181979.53882710903,-0.03241814430471479,-0.034199314602311626
TID,1890-11-27,0.55137266964,9.24853,2.87694,191652.47437902773,0.037926358362022405,0.034848264101712045
TID,1891-12-03,0.5526469254799999,9.39246,2.88696,191428.67427328398,0.011423505315904636,0.008879738798152959
TID,1892-12-09,0.57336662916,9.29434,2.88503,198738.53275702507,0.003806790755709333,0.003820449217825095
TID,1893-12-15,0.445898102,9.69176,2.86689,155533.73237201286,-0.20365609309296262,-0.1998276694980866
TID,1894-12-21,0.47999330444,10.09896,2.85126,168344.27742121028,0.113178936369011,0.11750560926240361
TID,1895-12-27,0.59193303208,8.20181,2.83958,208457.95226054557,0.14077562244418895,0.14424760384030733
TID,1897-01-02,0.65207740936,8.99443,2.82583,230756.06436339061,0.08657184839598031,0.09064022431877072
TID,1898-01-08,0.69626194196,9.24918,2.82089,246823.49966145435,0.066194986208294,0.06750557568865156
TID,1899-01-14,1.1485658885999999,11.89145,2.83116,405687.3820624761,0.5667455432707564,0.5630856840927827
TID,1900-01-20,1.16827905532,11.74737,2.99276,390368.4409441452,0.0019161955146675957,-0.01720281985812444
TID,1901-01-26,1.22270855564,12.08195,3.00941,406295.10623012483,-0.003892251109256284,-0.008005056565662083
TID,1902-02-01,1.22488849652,12.3135,3.03212,403970.982850283,0.07678332995129722,0.07088160761936946
TID,1903-02-07,1.3634458837999999,12.73338,3.05682,446034.07586969464,0.14708038954919078,0.139990871104555
TID,1904-02-13,1.33576738308,12.97493,3.08544,432926.06016645924,-0.05433125216632584,-0.06087141149617592
TID,1905-02-19,1.30379729948,12.09464,3.1142,418662.0318155546,0.018955315563335517,0.011884950399895233
TID,1906-02-25,1.22797656176,12.1165,3.14427,390544.24771409575,-0.05011994831205002,-0.057027738320377885
TID,1907-03-03,1.32293967676,12.13874,3.17475,416706.72549334593,0.058334366147760885,0.050765913313792765
TID,1908-03-09,1.2439411998,12.32978,3.20716,387863.77973035333,-0.06778902090643135,-0.07508277246199724
TID,1909-03-15,1.18050472904,12.69588,3.24453,363844.6027745158,-0.01024829800814775,-0.01877996334897547
TID,1910-03-21,1.1435428066400002,11.815,3.27741,348916.61605963245,-0.053689800686201106,-0.0607397729926501
TID,1911-03-27,1.19485139696,12.22549,3.31377,360571.61388991994,0.05914764688289709,0.05039798194162626
TID,1912-04-02,1.25911680388,12.60562,3.35249,375576.60242983577,0.03483660171250924,0.02590505548195976
TID,1913-04-08,1.11962717048,12.82893,3.3951999999999996,329767.6633129124,-0.06919828243570181,-0.07810231762944686
TID,1914-04-14,1.3562595914400002,12.91451,3.43884,394394.5026346094,0.10711767061194988,0.09651914629057856
TID,1915-04-20,1.36216220192,13.05695,3.48079,391337.08207619534,-0.022687430498197214,-0.03154490439558144
TID,1916-04-26,1.25242573404,13.14411,3.52407,355391.84353318746,-0.05734077148567773,-0.06616350689209705
TID,1917-05-02,1.3998851438,12.95804,3.56894,392241.1539000375,0.03685529291051104,0.027158245903818656
TID,1918-05-08,1.47171300432,13.1123,3.6158,407022.79006582225,0.028658601204070377,0.01856665585155781
TID,1919-05-14,1.18002872468,13.06097,3.73931,315573.92264348234,-0.14741525918817933,-0.1728314618443807
TID,1920-05-20,1.69452573732,13.04829,3.78887,447237.7614750572,0.2650771877254001,0.2525746966186544
TID,1921-05-26,1.6045186206400002,12.82945,3.83887,417966.3861084121,-0.02166273833995913,-0.03134540769034122
TID,1922-06-01,1.68544539696,12.6095,3.88476,433860.881228184,0.06708893120192805,0.057550370603036693
TID,1923-06-07,1.60184853816,12.71384,3.9305299999999996,407540.0870009897,-0.020066637893985217,-0.028586236978296653
TID,1924-06-13,1.9351909818800002,12.71449,3.97805,486467.23441887356,0.14292322360767162,0.13246333676155198
TID,1925-06-19,2.1524753036799997,13.12901,4.02771,534416.6545456351,0.124708255307449,0.11432984688341685
TID,1926-06-25,2.1754288966799997,13.20694,4.08235,532886.4248974242,-0.01709945306140026,-0.026973558440331558
GER,1837-01-13,10.51818739504,10.24852,141.88076,74133.9938906445,0,0
GER,1838-01-19,10.95761855604,10.33453,143.2254,76506.1124356434,0.015109468512197077,0.008615633196767503
GER,1839-01-25,11.68821856852,10.37616,145.21002,80491.81846073708,0.052476743342344756,0.04184900234784816
GER,1840-01-31,11.919941579,10.41933,146.79611,81200.66382549237,0.019927772157073198,0.011724240734622748
GER,1841-02-06,12.38827336396,10.42094,148.06525,83667.66249312382,0.026090356582877616,0.01957289453360067
GER,1842-02-12,12.17011608332,10.37359,149.48186,81415.33750864485,-0.007129449706956281,-0.013551196204986349
GER,1843-02-18,12.457051566439999,9.83648,151.2194,82377.33760641821,0.03208005865338337,0.02329825530895424
GER,1844-02-24,13.91415480988,10.20232,152.69423,91124.29991545848,0.10029193255797275,0.09238577647040591
GER,1845-03-02,14.00304243416,10.10917,154.65377,90544.46221492045,-0.01067739066574358,-0.020396297629706295
GER,1846-03-08,14.7115805668,10.06135,156.62363,93929.5083813343,0.037079525726457785,0.027059679182591667
GER,1847-03-14,15.208828645919999,10.03422,158.1987,96137.50710922403,0.044553827781133704,0.03622587835245894
GER,1848-03-20,15.451468910280001,10.06512,159.46091,96898.16087390947,0.021284831098552948,0.014807685081596578
GER,1849-03-26,15.45551381972,10.00296,160.6913,96181.3976221488,-0.0015488977843989282,-0.006822643263886818
GER,1850-04-01,15.3257934934,9.92565,161.92916,94645.05030100817,-0.03373652191620791,-0.039033521501453894
GER,1851-04-07,16.15170082084,10.18977,163.34262,98882.34204177697,0.035131582021947105,0.028342824928823562
GER,1852-04-13,16.38359170188,10.18698,164.87988,99366.83421821996,0.0051264596089592995,-0.001852805969782212
GER,1853-04-19,16.565277379039998,10.15496,166.27459,99626.03052601122,0.01091391299008393,0.004881585043403858
GER,1854-04-25,17.28666526652,10.10544,167.99077,102902.47057335354,0.031904605281547704,0.023911915252531557
GER,1855-05-01,17.93857248144,10.10448,169.20039,106019.68755178401,0.029352510277536048,0.02410209709956157
GER,1856-05-07,18.87881985652,10.13627,170.27995,110869.3058491032,0.05733342046062084,0.05230374268245508
GER,1857-05-13,20.09001141316,10.19311,171.72365,116990.35871389876,0.04984871788737166,0.042958497028188214
GER,1858-05-19,19.92836369836,10.15796,172.65776,115421.18754673986,-0.005064973690236063,-0.00889554320399788
GER,1859-05-25,21.63281637244,10.32996,173.66946,124563.15792333322,0.0714895511126672,0.06657252133848357
GER,1860-05-31,22.3623708178,10.48999,174.9011,127857.23370407618,0.02458365887141989,0.018940284679869857
GER,1861-06-06,40.258049299,10.30485,338.7959,118826.84914132667,0.17332181730586949,-0.04198666629805414
GER,1862-06-12,42.13993149652,9.97421,357.68333,117813.5181656914,0.03473238402565171,-0.012254661391427502
GER,1863-06-18,44.14713457544,9.8849,368.35512,119849.38495069648,0.03541483567384063,0.014189400315111955
GER,1864-06-24,49.03729785656,9.96415,397.45988,123376.72385087018,0.07094824411005418,-0.005658325780702023
GER,1865-06-30,51.463916277280006,10.06023,400.77547,128410.8438005949,0.03589831989593795,0.02943793945758033
GER,1866-07-06,54.170285072279995,10.06742,403.94231,134104.01369512393,0.023483442743230887,0.01743705092050063
GER,1867-07-12,52.79713650276,10.01663,406.82686,129777.90233112927,-0.04993488054501549,-0.03612853002742278
GER,1868-07-18,54.37509045696,9.91852,409.51818,132778.20891116484,0.03282023115220323,0.027751858510725258
GER,1869-07-24,56.84765191404,9.90958,411.75911,138060.4594614555,0.02135900055917883,0.017170644289580483
GER,1870-07-30,58.81164870724,9.89006,413.82989,142115.5168546187,0.014686565823776254,0.010852056445228131
GER,1871-08-05,60.76383599988,9.93411,415.8995,146102.20978837437,0.017868191464632144,0.01408313146032203
GER,1872-08-11,63.164908814280004,10.07257,418.13682,151062.77608912796,0.038742517692271994,0.03455324296737827
GER,1873-08-17,68.36326027128001,10.38091,416.23095,164243.57744487768,0.052063279549557695,0.05458896342844799
GER,1874-08-23,75.01295994451999,11.16046,414.74578,180864.91427235256,0.055383951321240854,0.05954025835336085
GER,1875-08-29,77.84069560696,10.99833,419.1356,185717.21325260846,0.020961677680000568,0.012590586573536289
GER,1876-09-04,80.42990955376001,11.27513,423.00862,190137.75547590497,0.016756288218740423,0.009846236881902781
GER,1877-09-10,84.85821387524,11.30854,427.11075,198679.6489557802,0.04854531366255377,0.040929317524284636
GER,1878-09-16,91.01930965244,11.48245,430.53185,211411.32683317157,0.04300006294912628,0.03684233075324017
GER,1879-09-22,96.9122583858,11.59288,434.12167,223237.55085941692,0.043127584122359286,0.03666657678695584
GER,1880-09-28,101.50514488608,11.92173,438.46369,231501.82603736242,0.026976877273727995,0.01920154974445154
GER,1881-10-04,101.32492166784,11.92703,442.99701,228725.97191534092,0.002292390732680394,-0.005510178643597041
GER,1882-10-10,103.373887942,11.99167,446.45383,231544.40839268867,0.010198115862398716,0.004261505564015611
GER,1883-10-16,97.1556077752,11.94822,450.83666,215500.6821654654,0.012755984117114982,0.005257777319712664
GER,1884-10-22,101.65156994668,11.90243,454.2687,223769.69830120364,0.022439572981994615,0.0168358688553234
GER,1885-10-28,108.3767882704,12.36868,458.00484,236628.04146436532,0.05147354485371647,0.04493234438366844
GER,1886-11-03,110.0500568206,11.72146,461.89473,238257.87495042433,0.023064534601763498,0.016308316606573392
GER,1887-11-09,117.48824790768,11.63904,466.47396,251864.53689222012,0.02810588223616617,0.021101545222668605
GER,1888-11-15,124.62903894376,12.19344,474.81105,262481.3364047867,0.05524279112882047,0.04060638976389708
GER,1889-11-21,132.38432141376,13.14124,479.8578,275882.39977293275,0.030920022180630724,0.022572058917264437
GER,1890-11-27,147.57859837812,13.32967,484.9098000000001,304342.3712577473,0.09255341747637758,0.0839306964171902
GER,1891-12-03,157.73905892784,13.75351,489.58603999999997,322188.6370122808,0.05098138511715988,0.04324335221525377
GER,1892-12-09,167.69687192179998,13.9171,494.23581,339305.3852609344,0.04523422603224159,0.037813347380957874
GER,1893-12-15,178.13243365944,14.20749,499.03126,356956.4633274477,0.04630512388521746,0.03871230019506444
GER,1894-12-21,185.87985675116,14.37096,503.74639,368994.91577728227,0.029558849399641707,0.022252638052279394
GER,1895-12-27,198.0941147198,14.72454,508.87085,389281.7101231088,0.06418421609820624,0.05634942597069936
GER,1897-01-02,203.5661326556,14.93566,515.12519,395177.981211907,0.023888860232058162,0.014654596237963835
GER,1898-01-08,211.43008437564,14.94902,520.46639,406231.96509507555,0.023239005388686618,0.015420931086235878
GER,1899-01-14,209.18847969708,14.93776,527.39442,396645.2274885275,0.0014895377845773883,-0.008798759309429527
GER,1900-01-20,212.33419956891998,15.27488,531.42,399560.04585623427,0.004340434168426777,0.024789730424286782
GER,1901-01-26,217.66487792868,16.23656,540.63216,402611.78308127285,0.05340300275380905,0.039525919211622185
GER,1902-02-01,233.6979214362,16.70287,547.9718,426478.0075109704,0.057266141700569095,0.04695779715542092
GER,1903-02-07,242.40241910872,16.82653,554.29787,437314.3615159842,0.021519627098168348,0.012839475976680337
GER,1904-02-13,241.93597025156,17.0796,560.77977,431427.778237364,0.023995872993993972,0.015094826006623263
GER,1905-02-19,252.35496472316,17.34399,567.00967,445062.8941181197,0.024574127596977302,0.01600502175272034
GER,1906-02-25,253.52102615215998,17.52226,574.03095,441650.44785853446,0.014443872043774064,0.005168507582946402
GER,1907-03-03,222.05063069488,18.00472,581.02683,382169.32373825146,-0.08837788205102615,-0.09637545028146977
GER,1908-03-09,236.3475549344,18.40533,591.13458,399820.21510973014,0.036972511479840264,0.023185001399296468
GER,1909-03-15,268.33407805256,18.59737,596.37747,449939.99865984207,0.12321330277834819,0.11566740240627649
GER,1910-03-21,281.33771764436,18.45486,645.34155,435951.6563660902,0.028844426642654186,-0.047552374029761535
GER,1911-03-27,309.5935111048,18.71171,650.31394,476067.7759803211,0.06582918037391772,0.05962734212590037
GER,1912-04-02,304.18943042748,19.19921,655.41547,464116.9523012326,0.02044628625971212,0.014575936065381878
GER,1913-04-08,321.06114401712,19.63954,662.27305,484786.6661902066,0.03132517041064742,0.0233650299949677
GER,1914-04-14,332.42428197732,20.08116,670.62293,495694.7743754005,0.005042055723308403,-0.004428414522823609
GER,1915-04-20,354.94758487032004,20.21604,677.39669,523987.77571576263,0.04768741035872237,0.03994156246790603
GER,1916-04-26,362.84628422223994,19.38386,754.04393,481200.4576739182,0.0264196720961698,-0.07577454918281579
GER,1917-05-02,378.14189893480005,20.12282,760.61479,497152.9661351971,0.053528259535609246,0.046869501213133935
GER,1918-05-08,399.09822422860003,20.42987,767.51889,519984.88822679006,0.01547482037418213,0.020187591196057175
GER,1919-05-14,398.95847824352,20.67833,774.75084,514950.68820257107,0.015738787747828997,0.008452601580734687
GER,1920-05-20,410.64043185203997,21.17693,781.3124299999998,525577.7536420866,0.05592359650563794,0.04918501647873419
GER,1921-05-26,436.4670127064,21.09894,788.65702,553430.7076939478,0.05211568949345824,0.044748449577784566
GER,1922-06-01,456.70760214248,21.18112,797.32352,572800.86525289,0.037993726083226376,0.029236820553639076
GER,1923-06-07,462.571342012,21.24305,804.48844,574988.1775951934,-0.004328475657483066,-0.011219903502195705
GER,1924-06-13,456.40219437904,21.22604,811.58049,562362.2056008764,-0.014359035561599565,-0.020872824157761705
GER,1925-06-19,482.07848358488,21.24426,820.21108,587749.2944680533,0.020463551877283992,0.012277378388072524
GER,1926-06-25,470.86065923988,21.59344,828.59001,568267.362093685,-0.0005979450882647175,-0.008260057154762745
RUS,1895-12-27,62.632615162,8.3409,1075.23534,58250.145649044614,0.04633028351731494,-0.052522482904206025
RUS,1897-01-09,64.9392316066,8.44286,1073.8729809707074,60471.985753752175,0.01545324280878524,0.014840017735233024
RUS,1898-01-08,70.83251917508,8.48022,1121.36668,63166.24208513133,0.08559938558322489,0.04408428703637757
KBU,1885-12-16,0.27694120948,7.13449,3.06484,90360.73970582479,0,0
KBU,1886-12-22,0.24760990228000002,7.43488,2.84602,87002.1652272296,-0.08462380400567926,-0.033028005163958096
KBU,1887-12-28,0.22096447464,7.02182,2.6222,84266.82733582488,-0.08258139970525047,-0.025631341884042258
KBU,1889-01-03,0.15174931148,5.10284,2.37101,64001.970248965634,-0.27665601790517835,-0.22101777688212965
KBU,1890-01-09,0.0015654287999999998,2.54594,0.16948,9236.658012744867,-0.9940298749184476,-0.9126907295967787
KBU,1891-01-15,0.00485197128,6.33429,0.21841,22214.968545396274,1.3110483406675741,0.7918869522956842
KBU,1892-01-21,0.00423220096,6.27479,0.21316000000000002,19854.573841246012,-0.07866416922928643,-0.06215915330463184
KBU,1893-01-27,0.00401542492,6.29315,0.21112,19019.63300492611,-0.02515983107123476,-0.018143035673058083
KBU,1894-02-02,0.00433602832,5.46818,0.21856999999999996,19838.167726586453,0.07980305864081738,0.04392995068744576
KBU,1895-02-08,0.00472012684,5.45918,0.22101,21357.073616578433,0.04811228646750032,0.049607990498332866
KBU,1896-02-14,0.0049546952,5.52944,0.22662999999999997,21862.4859903808,0.05222419469565187,0.05469023524550609
KBU,1897-02-20,0.0060298789200000005,5.08717,0.30595,19708.707043634582,0.1860985899176435,-0.14590739085389726
KBU,1898-02-26,0.0061837926799999995,5.83119,0.28584,21633.75552756787,0.0341187462825987,0.08036821297210062
KBU,1899-03-04,0.00617346704,5.92814,0.27891,22134.262091714176,0.001097284741780724,0.008146776968409819
KBU,1900-03-10,0.00608975276,7.00231,0.26593,22899.833640431694,-0.004758123224670285,0.026154950689999623
KBU,1901-03-16,0.00718520452,8.1181,0.26278,27343.041784001827,0.19392857312279643,0.18276441172818392
KBU,1902-03-22,0.00720146388,8.46405,0.26185,27502.248921138053,0.008316900405255678,-0.007675156177232689
KBU,1903-03-28,0.00699723908,8.34644,0.25534,27403.615101433385,-0.004277862206631178,0.0017103911828495466
KBU,1904-04-03,0.00693666064,8.01602,0.25332,27382.99636822991,0.003295313324684912,-0.0004563396038319567
KBU,1905-04-09,0.006087523,4.46037,0.24722,24623.9098778416,-0.10852961752560897,-0.08812287936310892
KBU,1906-04-15,0.006498505,4.64891,0.24666,26346.002594664722,0.05765082931681431,0.04601660599103785
KBU,1907-04-21,0.00609043188,7.23622,0.23635,25768.698455680136,-0.047926787823153405,-0.018686022660330592
KBU,1908-04-27,0.00491835396,6.91564,0.21719,22645.39785441319,-0.13890956224125228,-0.08362729034230854
KBU,1909-05-03,0.0039793026,7.285,0.20014,19882.59518337164,-0.17155927221308398,-0.11802100203413257
KBU,1910-05-09,0.00304668,7.54965,0.18398,16559.843461245786,-0.18314042171377265,-0.13077479974678685
KBU,1911-05-15,0.00130362128,11.44775,0.17182,7587.13351181469,-0.46814600480461366,-0.43570246501343735
KBU,1912-05-21,0.00090845768,12.04943,0.17479,5197.423651238629,-0.18457416175084596,-0.19504064802959276
KBU,1913-05-27,0.00069774172,12.16786,0.17788,3922.5417135147286,-0.15548829639752337,-0.16651241783068094
KBU,1914-06-02,0.0006358404000000001,12.16558,0.18133,3506.5372525230246,-0.05697296801688445,-0.07071246786528607
KBU,1915-06-08,0.0006480474,12.14418,0.18455,3511.5004063939314,0.01684850200756438,0.0034399917874801123
KBU,1916-06-14,0.00066192152,12.12057,0.18776,3525.3596080102257,0.015667188250432007,0.0026983530342474804
KBU,1917-06-20,0.0007049926000000001,12.09678,0.19096,3691.8338919145376,0.03649279012007689,0.023283379350923727
KBU,1918-06-26,0.0007734974,12.28014,0.19433,3980.3293366953117,0.07176869063635638,0.05784478876081778
KBU,1919-07-02,0.00404616576,11.73766,0.3285,12317.09515981735,4.211599343797524,2.1947886946184876
KBU,1920-07-08,0.00414979032,11.19312,0.33425,12415.229080029918,0.02383046262156907,0.01047010527703196
KBU,1921-07-14,0.0042759995200000005,11.18097,0.34027,12566.489905075381,0.021680622906681934,0.008311637938900995
KBU,1922-07-20,0.004421664,10.96384,0.34619,12772.3619977469,0.027677192052814714,0.014184563266746775
KBU,1923-07-26,0.00406960528,9.88912,0.35193,11563.678231466485,-0.03224457733091224,-0.044547463883778726
KBU,1924-08-01,0.00458010124,9.80829,0.35711,12825.463414634147,0.12178775121498897,0.10980900733234567
KBU,1925-08-07,0.00470032888,9.80016,0.36214,12979.314298337658,0.023209935306882867,0.012213729832434517
KBU,1926-08-13,0.00457021084,10.20724,0.36732,12442.041925296744,-0.011690960883967816,-0.022245211612614058
D00,1865-02-03,1.91299123392,10.14786,38.12167,50181.202290455796,0,0
D00,1866-02-09,1.9291206038,10.16341,38.88354,49612.78226725241,0.047959187463582964,0.03146549547974442
D00,1867-02-15,2.30580171952,10.14422,39.8882,57806.61246985324,0.10464425951681955,0.08832536772954613
D00,1868-02-21,2.75057640052,10.9477,41.27987,66632.39008553079,0.16406220890388012,0.1387275998737072
D00,1869-02-27,3.026500529,11.01393,42.40058,71378.75305007621,0.06867031539631996,0.04448232199551394
D00,1870-03-05,3.11118781428,10.96656,43.620689999999996,71323.67264891959,-0.004155990265406029,-0.025166545741824087
D00,1871-03-11,3.58582105076,10.88778,45.22327,79291.50304168629,0.12286076781925193,0.09401612698221373
D00,1872-03-17,3.96022858348,10.7587,46.87516,84484.58807351271,0.04219066352220935,0.012599292893914038
D00,1873-03-23,4.42063717732,10.72818,49.43994,89414.29090164753,0.09358226727415642,0.05324605979982344
D00,1874-03-29,4.45381465568,10.70669,51.882329999999996,85844.53812463704,0.012161427739272757,-0.02485312071714396
D00,1875-04-04,4.673026324199999,10.70069,55.29959,84503.81502286001,0.031162645898436425,-0.02009662222659192
D00,1876-04-10,5.15237845564,10.65721,56.94209,90484.53359615005,0.05712268206028881,0.03433769617193372
D00,1877-04-16,4.98274164232,10.67995,58.64717,84961.33133653336,-0.022693747463285008,-0.04326058855024961
D00,1878-04-22,5.25382043368,10.78035,60.25011,87200.17994456773,0.04718189476040946,0.024899601939963878
D00,1879-04-28,5.78764157088,10.37695,61.86904,93546.65226549498,0.05772444529826437,0.03761118891155135
D00,1880-05-04,6.05761911196,10.45755,63.08475,96023.5098333591,-0.024353118454366607,-0.03977829307498171
D00,1881-05-10,6.8212792076,10.30198,64.90253,105100.35907074809,0.09455406350864948,0.07272571865309008
D00,1882-05-16,7.39325028,10.38956,66.53609,111116.39232182114,0.1134586437866496,0.09400765340504091
D00,1883-05-22,8.65762221844,10.33857,68.29675,126764.77604629795,0.13984003504464737,0.1168506007572836
D00,1884-05-28,9.33599430348,10.35031,70.68933,132070.77084306782,0.0576717219980285,0.030113431940560043
D00,1885-06-03,10.104637115560001,10.36997,72.65615,139074.76676867687,0.05075643672955765,0.02932872440051426
D00,1886-06-09,10.753407426839999,10.37067,74.80979,143743.3179111985,0.03829777265941137,0.015297452886721574
D00,1887-06-15,12.53376774728,10.3545,77.53246,161658.32668381731,0.21250877150087732,0.17747008786787033
D00,1888-06-21,11.99577179944,10.47275,79.94339,150053.32897991943,-0.0336343474953249,-0.05546821942258162
D00,1889-06-27,14.065685395840001,10.4959,83.08326,169296.26251834608,0.07818394582136867,0.04576454184504852
D00,1890-07-03,15.0675821712,10.79229,85.08789,177082.56922577348,0.05558154632262591,0.03443960721804262
D00,1891-07-09,15.33734666828,10.9542,86.10617,178121.34331697715,0.013439208826883098,0.004400804773031508
D00,1892-07-15,15.6407037332,11.13243,87.20247,179360.787982267,0.014767192669092655,0.0055080320458373855
D00,1893-07-21,16.116465105,11.30445,87.99908,183143.56360316495,-0.0006716386797566143,-0.00784415831646057
D00,1894-07-27,15.98958544664,11.33965,88.93205,179795.53430557373,-0.010765622147972831,-0.017508351843487313
D00,1895-08-02,17.21314345712,11.46026,89.59318,192125.5999298161,0.05184303458229644,0.046247899994233954
D00,1896-08-08,17.85226878916,11.40063,90.31632,197663.8196636001,0.051081465508069135,0.0451114817001077
D00,1897-08-14,18.12132325744,11.51812,91.15446,198797.9881339871,0.003319111415381659,-0.003650682956245377
D00,1898-08-20,18.75772982044,11.30043,92.2544,203326.1266718986,0.023068895406992862,0.013059656642520956
D00,1899-08-26,19.241710008560002,11.28407,93.07351,206736.6967095149,0.04207888244060376,0.0350701677013876
D00,1900-09-01,21.32233354056,11.25903,94.03049,226759.7833485713,0.0686067191088211,0.060091545195458895
D00,1901-09-07,19.032072236839998,10.34109,93.84126,202811.3458497893,-0.09870208498634603,-0.09820652162204857
D00,1902-09-13,13.59270978104,9.26442,90.93278,149480.8558700174,-0.20881518086264483,-0.18911205012957333
D00,1903-09-19,5.82783531824,7.94565,79.04202,73730.84997372284,-0.5436109118051835,-0.49123422999842836
D00,1904-09-25,5.84149083908,8.79343,82.61397,70708.26930457405,0.035094172503001175,-0.02132726099402904
D00,1905-10-01,9.5631774914,10.37208,70.10497,136412.26137604794,0.5845801861514435,0.7608411325785893
D00,1906-10-07,13.8491349776,11.07261,79.56863,174052.7011411407,0.31114852767440593,0.21327138509286647
D00,1907-10-13,16.995566063840002,11.96767,79.15887,214701.979245535,0.19192122411984824,0.19689166948946069
D00,1908-10-19,18.468772479040002,12.77406,79.38591,232645.47170952632,0.06711899721221526,0.06455726050625299
D00,1909-10-25,21.08575970436,13.53081,79.95392,263723.90127163247,0.12641642594728708,0.12035253982014171
D00,1910-10-31,23.4569510396,13.82678,80.75783,290460.3929996633,0.07827351240588798,0.0700397990026882
D00,1911-11-06,25.220761662719998,14.02272,81.8898,307984.1648498348,0.056043468275491115,0.0455405822844861
D00,1912-11-12,26.5741549372,14.2214,84.8762,313093.1278403133,0.029847118372909875,0.0014626911657478203
D00,1913-11-18,26.2036107658,13.25685,87.31654,300099.05071593536,-0.004759991811551623,-0.027706675974726425
D00,1914-11-24,30.313110094280002,12.70341,90.14483,336271.1992942912,0.11229129945193383,0.08455483451833512
D00,1915-11-30,27.53920839644,12.52378,92.95922,296250.4246102753,-0.1062065182039994,-0.1258863606047852
D00,1916-12-06,29.754807964439998,12.32172,95.49763,311576.4020996123,0.07006189306494881,0.04768745508775041
D00,1917-12-12,28.435771099319997,12.35159,96.73806,293946.0549376326,-0.03760580960938098,-0.04596922738511289
D00,1918-12-18,28.596319147240003,12.49058,97.57864,293059.20995865494,0.011191911464002224,0.004508710073354294
D00,1919-12-24,31.222304575800003,12.75755,98.6398,316528.4659518775,0.07292297033532402,0.06393842257860083
D00,1920-12-30,31.79111290888,12.61671,99.28166,320211.3351940328,0.010371437185926036,0.005623186207158959
D00,1922-01-05,33.19603468428,12.52433,99.84383,332479.58020320337,0.026915007168693883,0.02261386755189032
D00,1923-01-11,34.18691072628,12.768,100.97080000000001,338582.1517337685,0.033321493414261605,0.025200643610183926
D00,1924-01-17,35.88128338756,12.60962,101.86041,352259.365415474,0.040223886961924915,0.034336533085000065
D00,1925-01-23,39.15024408412,12.55862,102.30302,382689.035808718,0.08876779591493467,0.08524494585013831
D00,1926-01-29,40.2913925102,12.78523,102.69066,392356.93402106874,0.008904313353667481,0.005905593957954869
D00,1927-02-04,42.173967927,12.80938,103.15616,408836.15604729764,0.05386961331639872,0.05034516156057789
MEX,1838-06-22,3.21201892284,8.79247,71.9118,44666.08988844668,0.00047483972507267325,0.00373625095136898
MEX,1839-07-05,3.37344690124,9.09178,73.70588,45769.03364073532,0.03615862930441027,0.013213439767581159
MEX,1840-07-04,3.53754011052,9.09561,77.30798949001733,45759.04940558307,0.023517316073468075,0.013375278715578087
MEX,1841-07-17,3.8394158166,8.63087,76.62495,50106.60126499267,0.05561288464283298,0.046698952977594965
MEX,1842-07-30,4.05139584512,8.97198,81.30406286767573,49830.17701973568,0.026326451737916257,0.008877321918727255
MEX,1843-07-22,4.08482790924,9.01852,79.4563,51409.74232678844,0.014835521461921797,0.0002514342833697114
MEX,1844-07-28,4.450544997600001,8.57106,80.51176863440025,55278.191910175185,0.0686441896644221,0.054536336429631405
MEX,1845-08-10,4.474855307,9.17577,81.35818,55001.910158265586,0.012335256919751458,0.013838299961554723
MEX,1846-08-09,4.60663908432,8.90938,82.20032,56041.61984186923,0.05177106402989229,0.035899727307058926
MEX,1847-08-22,4.84038821552,8.88091,84.12652,57537.007539596314,-0.024505484290545443,-0.03538136005790382
MEX,1848-09-04,5.25117763976,9.06168,87.09947872188381,60289.426720077914,0.08557207657965882,0.06884350657007388
MEX,1849-08-27,5.74285646636,8.81563,86.81649,66149.37399980119,0.0658429925189945,0.05035307840027037
MEX,1850-09-02,5.8831185904400005,8.41271,91.30575,64433.16648119094,0.04879669207152593,0.02056321878662537
D05,1876-01-16,3.67422973996,10.34362,54.48865404889591,67431.09742925371,0.6909528112315249,0.6784455698206941
D05,1877-01-29,4.17430561288,10.35323,53.22929,78421.21532862828,0.11707930685191892,0.11751447135731885
D05,1878-01-28,4.4260398468,10.56241,55.504931481498836,79741.38024610135,0.0012363639294064033,0.002830652011385437
D05,1879-02-10,4.37193126344,10.66152,53.22929,82133.93910457945,-0.01631585222495613,-0.02405545801991138
D05,1880-02-23,4.7133482744399995,10.50805,53.29888402735199,88432.40079888348,0.05200488433097128,0.0474281928719662
D05,1881-02-15,4.53032142732,10.58426,53.22929,85109.55955489918,-0.019723379278559272,-0.018069280343401162
D05,1882-02-21,5.0773576386000006,10.55377,51.780872962725404,98054.6937139308,0.08528510188238947,0.0885970504165694
D05,1883-03-06,5.07175240936,10.41171,53.22929,95281.23349682102,0.005108907012382868,0.005728158558667706
D05,1884-03-05,4.532178655159999,10.87167,67.06296,67580.9516185984,-0.11345545148853531,-0.2979402740192165
D05,1885-03-18,6.5085352774,10.34568,67.06296,97051.11849223476,0.3647569406725013,0.3447236595697658
D05,1886-03-31,7.43214878796,10.27548,67.06296,110823.45288606409,0.02587282787293388,0.03185346678947609
D05,1887-03-23,8.15156444076,10.16417,67.06296,121550.91932655522,0.058353528310779224,0.05683429582908617
D05,1888-03-29,8.60224388816,10.25352,67.06296,128271.16321975646,0.026942577645536092,0.026885291879602757
D05,1889-04-11,8.47405744484,10.08535,67.06296,126359.72890012607,0.02798670286686833,0.024330103437376405
D05,1890-04-10,9.5492691164,10.08882,67.06296,142392.59818534701,0.10096252673381745,0.09901971645548335
D05,1891-04-23,10.20739766592,10.1422,73.7330771140071,138437.15826666477,0.051792922551127774,0.003821612423824172
D05,1892-05-06,10.971955846279998,10.28148,72.95415,150395.22558045018,0.048037774158991686,0.05011814544488913
D05,1893-04-28,11.433780606040001,10.36877,72.95415,156725.56812792693,-0.003134506585702579,-0.0039030417111007853
D05,1894-05-04,11.14683710608,10.45003,72.95415,152792.36487684387,-0.02029368873277826,-0.019801750049982636
D05,1895-05-17,12.22584002588,10.61353,73.4576897493611,166433.76707863776,0.07984493480408461,0.07726661727904482
D05,1896-05-16,13.220631999639998,10.60426,72.95415,181218.36797001952,0.07201545867845804,0.070500885844619
D05,1897-05-29,14.718710697079999,10.8137,80.79552045304082,182172.36072678884,0.07760416475522014,-0.03470659256728226
D05,1898-06-11,15.46013116752,10.75761,94.58558,163451.2487793594,0.12743368055149062,0.04913024770771357
D05,1899-06-03,15.337864275240001,10.80794,94.58558,162158.5898742705,-0.011264505296387228,-0.0107519017964266
D05,1900-06-09,16.1039656752,10.90049,96.92049,166156.46160270134,0.026239315825448806,-0.006995866639078363
D05,1901-06-22,17.84508670932,10.89596,97.34250344963861,183322.66047125432,0.11297203091007901,0.09337741069752603
D05,1902-06-21,17.763139030519998,10.83324,99.45736000000001,178600.54832060693,0.03645815825608767,0.030958591911128375
POR,1857-11-25,7.28060892676,9.73557,76.38543,95314.10540936931,0.021610815246954296,0.02426050612082986
POR,1858-12-08,7.25356958664,9.95947,77.35623940639121,93768.38432557913,0.017509230121498298,0.0006316384014166676
POR,1859-12-07,7.2755275917999995,10.08181,77.67279,93668.93595298944,0.001147880146308733,-0.005830156283991417
POR,1860-12-20,7.35481361524,10.12106,77.67279,94689.70556149715,0.007627477877609312,0.007603183463252838
POR,1862-01-02,7.2972573518,10.10058,77.67279,93948.69621395085,-0.010064686161745162,-0.011162621768909475
POR,1862-12-25,7.7293060598,10.25023,77.67279,99511.11656733329,0.04345000200202653,0.042685702667804915
POR,1863-12-31,7.99511448008,10.37983,77.67279,102933.27277261445,0.02590916755365913,0.02276286554773921
POR,1865-01-13,3.95455505276,10.01256,77.67279,50913.00380429233,-0.5021571399992111,-0.502145430237368
POR,1866-01-12,7.176280563400001,10.03803,82.12324772750374,87384.27621873759,0.4880565808767754,0.5120726275476626
POR,1867-01-25,8.18395373692,9.9647,77.67279,105364.48783312662,0.08971885778656175,0.08545737537363829
POR,1868-02-07,8.42798791328,9.8837,77.67279,108506.31106826471,0.0264169133357246,0.024208886711649447
POR,1869-01-30,9.36440715392,9.80007,77.67279,120562.26065678855,0.07595182155757563,0.07527139015057194
POR,1870-02-05,9.42132402692,10.0283,78.3663012605101,120221.6242872182,0.02067343521528131,0.017331958180336837
POR,1871-02-18,9.440808663,10.03106,77.67279,121545.89352333036,-0.010511788254570886,-0.009321129821183716
POR,1872-02-17,9.7480690918,10.23296,105.53041,92372.13322491593,0.021367382444656524,-0.2505390472330771
POR,1873-03-02,10.7699174622,10.11413,105.53041,102055.10868573334,0.049894706761716145,0.05088505159504053
POR,1874-03-15,10.6721996758,10.11104,108.02055524592623,98797.85982865034,-0.0027473997259753746,-0.0030826222238488077
POR,1875-03-07,10.912892786639999,10.17947,105.53041,103409.9345074088,0.022942840876223336,0.026083156516968353
POR,1876-03-13,11.43169269528,10.17351,105.53041,108326.05213302972,0.028625626706662688,0.027499372321079907
POR,1877-03-26,11.59873954408,11.16665,105.53041,109908.97831326534,0.007083083376774102,0.006869791000703618
POR,1878-03-25,11.750386843000001,11.16694,117.51558,99990.03402782849,0.019301374400769955,-0.08369893357923197
POR,1879-04-07,12.271363820040001,11.23836,117.51558,104423.29280968533,0.012366905162326969,0.01835296978358003
POR,1880-04-20,12.91304118,11.18686,121.33926,106420.96531658426,0.031060777085782476,0.013314227800824696
POR,1881-04-12,13.26159061448,11.13152,124.82626999999998,106240.3820484262,0.021213014328601565,-0.003488245928667477
POR,1882-04-18,13.34705979984,11.40192,122.27264,109158.18779933106,-0.00009933830659591969,0.02716864564695709
POR,1883-05-01,13.9552952812,11.28984,122.27264,114132.60792602498,0.0285940752491316,0.027865347114063077
POR,1884-04-30,14.5049231288,11.29639,122.27264,118627.70877278842,0.04613071781598932,0.04709010940975911
POR,1885-05-13,14.17503092148,11.1841,118.47770079383386,119643.02840537344,0.0022967650138343565,-0.0016710515584023033
POR,1886-05-26,14.88501860456,11.16859,132.38555,112436.88306284184,0.006497860053927607,-0.07491787382631043
POR,1887-05-18,15.86606161764,11.19211,132.38555,119847.38226823094,0.05302066646503034,0.05188763468816515
POR,1888-05-24,17.59803198608,11.37651,138.11196,127418.59565297602,0.06507361912463505,0.03661565470564798
POR,1889-06-06,18.661196920600002,11.45022,138.37407226024035,134860.50251888126,0.06638605980654821,0.0510823217596752
FRA,1846-09-06,29.398983310320002,10.79494,385.20417,76320.52194637457,0.03462850745956714,0.03397852939625112
FRA,1847-09-19,28.467207558400002,10.42544,386.0218818618732,73745.06186306343,-0.006807799042249596,-0.009849522784341036
FRA,1848-09-18,28.11223468456,10.89856,385.20417000000003,72980.08919415384,-0.000847909914319378,-0.0022621999010600247
FRA,1849-10-01,28.586432775680002,10.67358,385.20417,74211.11971783692,0.005064218871214887,0.0003322915876713406
FRA,1850-10-14,27.781732264520002,10.9149,385.20417,72122.09635352598,-0.006179332648344693,-0.0094001126795209
FRA,1851-10-06,28.1410784122,11.36948,385.20417,73054.96825800199,0.002744420981126261,0.0025215853660318643
FRA,1852-10-12,28.894963914439998,11.34999,385.20417,75012.07454332594,0.030018052238444337,0.029083147817275723
FRA,1853-10-25,28.9595754162,11.38793,385.20417,75179.80767497922,-0.0138667034773432,-0.013140211472466579
FRA,1854-10-24,28.75765019764,11.36675,413.6031443160744,69529.57343975964,-0.00589860293231359,-0.07433617038107676
FRA,1855-11-06,32.80607176444,10.80541,413.96282,79248.83631926171,0.0867132741728287,0.07744856599533212
FRA,1856-11-19,34.5319211978,10.68613,413.96282,83417.92917006412,0.020506383406860174,0.016860699739873697
FRA,1857-11-11,35.17196501936,10.8081,413.96282,84964.06759273694,0.01874631151766315,0.019545031334874174
FRA,1858-11-17,37.652807688079996,11.82778,450.88466119825733,83508.73500113099,0.03141948754209212,-0.04205674308750096
FRA,1859-11-30,38.498077209799995,11.91445,453.17932,84951.09002281922,0.02363574055724116,0.005954661599098632
FRA,1860-11-29,39.418245487920004,11.67513,458.95467588669015,85887.01141733622,0.024333132546286107,0.01461592196551953
FRA,1861-12-12,39.38167322492,11.22484,464.3326,84813.50054878765,-0.0041509035075194545,-0.01766560832176578
FRA,1862-12-25,35.10739394032,11.17234,472.4200171646982,74313.94239182,-0.07087379882449352,-0.07598909976619928
FRA,1863-12-17,36.70830225816,11.05319,474.00172,77443.39463190135,0.03006134079865319,0.02174645478247461
FRA,1864-12-23,37.36234429876,10.95313,482.32255,77463.39933465686,0.006938689755593641,-0.010560953985722987
FRA,1866-01-05,36.8811413178,10.87239,486.35716,75831.39378024166,0.012420286049379392,0.006675926217731165
FRA,1867-01-04,38.371834509319996,10.73655,493.89286,77692.62853753343,0.022694911642795246,0.0054782503734400745
FRA,1868-01-17,38.90900634504,10.70161,500.06279,77808.24153110852,-0.0012951302520791685,-0.010458209187209744
FRA,1869-01-30,39.52185255148,10.64013,520.57246,75919.98345721171,0.013835711695398878,-0.027292472351084007
FRA,1870-01-22,41.397384373280005,10.65397,523.80949,79031.37526828695,0.0362685789557573,0.029528924716343274
FRA,1871-01-28,40.417398962200004,10.71669,526.70499,76736.31298271923,-0.03332930533665013,-0.03815629820912203
FRA,1872-02-10,41.88983868992,10.55005,534.23937,78410.24275301912,0.022765002159722103,0.005708765873165378
FRA,1873-02-09,40.21880096,10.41506,545.62937,73710.84324144795,-0.021792168524803923,-0.0389061124293163
FRA,1874-02-22,40.062041604,10.63353,497.52218,80523.12683627493,-0.011139002949675847,-0.003796520498068001
FRA,1875-03-07,41.701972499200004,10.57179,495.5950199999999,84145.26138539489,0.01654785692430827,0.01600973335008038
FRA,1876-02-27,41.658814795000005,10.65932,495.44346999999993,84083.89113494624,0.007914323198878082,0.008755218780326368
FRA,1877-03-05,44.065492669639994,10.68909,497.59426,88557.07593901907,0.03938548969848421,0.03591907403331862
FRA,1878-03-18,44.61992949804,10.85685,506.8515419102719,88033.52818040569,-0.0033866645616064117,-0.010795685645238362
FRA,1879-03-17,44.45243893272,10.99117,504.43596999999994,88123.05540526779,-0.006582872784025029,-0.01219336501336954
FRA,1880-03-30,46.88105627452,11.18663,509.17593000000005,92072.41252452762,0.02182901422767869,0.016935294330296502
FRA,1881-04-12,49.37192008892,11.23185,530.70243,93031.26817964634,0.045525875503620306,0.03776132267579979
FRA,1882-04-04,50.37849061544,11.24597,530.70243,94927.9441125604,0.01444918342631274,0.014729760526921432
FRA,1883-04-10,51.13684579068,11.18719,530.70243,96356.90906989062,0.026411858140643396,0.025110787214161157
FRA,1884-04-23,51.2237066302,11.04787,530.70243,96520.58052607748,-0.0008365378076728991,0.00002243967627824084
FRA,1885-04-22,51.007265338639996,11.00919,530.70243,96112.74125622524,0.0006573310729209858,0.003383476359555271
FRA,1886-05-05,53.41127787684,11.38841,530.70243,100642.61035480844,0.029933799844964692,0.03130596457645329
FRA,1887-05-18,53.192805110639995,11.33117,530.70243,100230.94318720189,-0.0016899556157161655,-0.0009431331698472878
FRA,1888-05-10,56.28715360528,11.33022,530.70243,106061.60896093879,0.05227204797102614,0.05090030829732428
FRA,1889-05-16,59.02694565924,11.44656,566.1410778595149,104261.90214356297,0.04127669537766665,0.006290191723918204
FRA,1890-05-29,61.89662894688,11.46095,555.36929,111451.29927310169,0.024854581814315324,0.01555409492073756
FRA,1891-05-28,64.64229175872,11.63232,560.09344716653,115413.40482689168,0.046206697066231595,0.03857557906829823
FRA,1892-06-10,67.38148826604,11.73345,568.31248,118564.15376632234,0.03441117201271582,0.02498778400383972
FRA,1893-06-23,67.64528422548001,11.84001,560.072957357041,120779.41514029716,0.00913871275045608,0.014378507190635048
FRA,1894-06-15,69.13809617,12.09163,562.12563,122994.02923506619,0.010449175599254179,0.013656912695310996
FRA,1895-06-21,71.11065959868,12.1348,569.5479569065695,124854.56007060215,0.028911421596916176,0.017954269327173034
KAT,1837-01-13,0.00990580708,6.88531,0.44511,22254.739457662152,0,0
KAT,1838-01-19,0.01135519164,6.98547,0.45100000000000007,25177.808514412412,0.14347687132390163,0.13191461712555008
KAT,1839-01-25,0.01167035324,6.99346,0.45724,25523.473974280467,0.023902398874628528,0.013731646489058669
KAT,1840-01-31,0.012758854160000001,7.0393,0.46301,27556.325262953287,0.052758578866408,0.042585086207259204
KAT,1841-02-06,0.01328404064,6.94028,0.46893,28328.408589768194,0.026723681492223816,0.017257066659614795
KAT,1842-02-12,0.00970475376,7.7984,0.47559,20405.714501987004,-0.21978777643865932,-0.2283081529872817
KAT,1843-02-18,0.00956364344,7.81653,0.48271000000000003,19812.399660251496,-0.006386294715851615,-0.017715965281782653
KAT,1844-02-24,0.01007754852,7.8974,0.49019,20558.45390562843,0.04872140859271501,0.037010604224548826
KAT,1845-03-02,0.0100148776,6.12817,0.49521000000000004,20223.49629450132,-0.004041924666871699,-0.011969404227386127
KAT,1846-03-08,0.010067685160000001,6.09391,0.49802,20215.423396650738,0.007001008031104483,0.0026376719768459456
KAT,1847-03-14,0.010329774520000001,5.9928,0.5008,20626.54656549521,0.023480345690398474,0.019293499820031146
KAT,1848-03-20,0.010086010480000001,5.93303,0.50327,20040.95312655235,-0.028017662603580518,-0.03167898978239492
KAT,1849-03-26,0.010285000439999999,5.95285,0.5057,20338.14601542416,0.014763889187022983,0.011113847434494284
KAT,1850-04-01,0.010199732400000001,5.21433,0.50839,20062.81083420209,0.001975626822509957,-0.002153390625062035
KAT,1851-04-07,0.01065371736,5.91513,0.51065,20863.051718398117,0.0241208456883526,0.02079942808227897
KAT,1852-04-13,0.01096266184,4.28713,0.51167,21425.258154670006,0.022644426740129786,0.021161988237855978
KAT,1853-04-19,0.0110709976,3.08068,0.5102,21699.328890631128,0.006947661133702487,0.009439317151689108
KAT,1854-04-25,0.01123941728,2.68259,0.50793,22127.886283543008,0.007482610925119371,0.01095192696518077
KAT,1855-05-01,0.01121334292,3.7916,0.50664,22132.76275067109,-0.0034218460658697047,-0.0016231078592046089
KAT,1856-05-07,0.01480502972,3.80661,0.50643,29234.108800821436,0.06801898066871392,0.06832225717286566
KAT,1857-05-13,0.00772710276,3.72125,0.50677,15247.750971841268,-0.2093457035617181,-0.20975760665143595
KAT,1858-05-19,0.013472634760000001,5.8686,0.50786,26528.24550072855,-0.06015469523492689,-0.061181664222316856
KAT,1859-05-25,0.01226092816,4.07848,0.50682,24191.879089222995,-0.1291706901941736,-0.12790994665715594
KAT,1860-05-31,0.00863396768,4.79292,0.50623,17055.42476739822,-0.05533212048162661,-0.05445054987856046
KAT,1861-06-06,0.01069725072,5.22265,0.50762,21073.343682282022,0.10514729791188904,0.11105548541984
KAT,1862-06-12,0.00871543608,7.08262,0.51205,17020.67391856264,-0.11038115791534286,-0.1164611038961606
KAT,1863-06-18,0.0114372804,7.15298,0.51753,22099.7437829691,0.04824180307744208,0.04010167442177881
KAT,1864-06-24,0.01109125264,7.13877,0.52335,21192.801452183052,-0.02771240964830657,-0.03636960870663031
KAT,1865-06-30,0.00786140368,4.56769,0.52565,14955.585808047183,-0.00849825860426845,-0.011273046979512924
KAT,1866-07-06,0.01148207632,4.58413,0.52597,21830.287506892026,0.23878258229825233,0.23809191440538902
KAT,1867-07-12,0.00790472592,4.59114,0.52639,15016.861870476261,-0.17203252864483232,-0.1725228974126335
KAT,1868-07-18,0.01160468712,4.37315,0.52653,22039.93527434334,0.0628660800415266,0.06281228229819869
KAT,1869-07-24,0.011561204719999999,6.02753,0.52884,21861.441494591938,-0.13531575893274161,-0.13854970251847876
KAT,1870-07-30,0.00789227816,6.02024,0.53203,14834.272804165179,-0.0418431712617765,-0.04625376998066866
KAT,1871-08-05,0.0111366528,4.40758,0.53133,20959.954830331433,0.11934446119026054,0.12054417171335552
KAT,1872-08-11,0.00874854032,5.01414,0.53084,16480.55971667546,-0.10149358479920911,-0.10924271649761663
KAT,1873-08-17,0.011795552079999999,4.63669,0.53085,22220.122595836863,0.04748295180393658,0.047513219630112236
KAT,1874-08-23,0.01186303456,4.6531,0.53062,22356.93068485922,-0.1202930321011707,-0.1201287297307293
KAT,1875-08-29,0.012197482959999999,6.20578,0.53337,22868.708326302563,0.015845377567663688,0.011810823303922247
KAT,1876-09-04,0.01206110152,5.54211,0.53642,22484.436672756423,0.030307222459803107,0.02563782516096169
KAT,1877-09-10,0.00853137168,4.50918,0.53469,15955.734500364697,-0.16933274492266115,-0.16739216356936082
KAT,1878-09-16,0.01194794016,4.55435,0.53423,22364.787001853136,0.04473461348970931,0.04545177239084208
KAT,1879-09-22,0.01179838088,4.55796,0.53347,22116.296848932463,-0.1316884882115671,-0.1307322176199488
KAT,1880-09-28,0.012177676160000001,6.21424,0.5334,22830.28901387327,0.010786861631131073,0.010920195933675991
KAT,1881-10-04,0.011919826880000001,6.21135,0.53603,22237.23836352443,0.006704776154020653,0.0030401696869002404
KAT,1882-10-10,0.00843936704,6.2046,0.5395,15642.941686746986,-0.047679519278926996,-0.05221194481107949
KAT,1883-10-16,0.01208566944,6.20217,0.54283,22264.188493635207,0.054777078526037304,0.04981493712499119
KAT,1884-10-22,0.01204092968,6.20283,0.54594,22055.408433161152,-0.11966935197736506,-0.12351213384062554
KAT,1885-10-28,0.01127650264,6.2018,0.48636999999999997,23185.029175319203,0.0045393352705274115,0.008246216494586456
KAT,1886-11-03,0.0121353544,8.04341,0.55328,21933.477443609023,-0.034552405228855054,-0.14957000651897412
KAT,1887-11-09,0.00841016488,6.18366,0.55958,15029.423639157942,-0.057584548592025886,-0.06600386057949015
KAT,1888-11-15,0.01221830272,6.18971,0.56182,21747.717631981774,0.05770642381417579,0.054607226745611026
KAT,1889-11-21,0.01212884296,6.17988,0.56406,21502.75318228557,-0.021550373080072127,-0.024500411294743674
KAT,1890-11-27,0.012455508,7.17968,0.56832,21916.364020270266,0.005989815243674368,0.00006119739753751574
KAT,1891-12-03,0.012423736000000001,7.18338,0.57265,21695.164585698072,0.1643910971448157,0.15737619242299306
KAT,1892-12-09,0.00848799016,7.1759,0.57712,14707.496118658164,-0.05862911844878471,-0.06401910383664511
KAT,1893-12-15,0.012422312239999999,7.16904,0.58227,21334.28175932128,0.04900003437871536,0.042190341119511476
KAT,1894-12-21,0.0124740148,7.16401,0.587,21250.451107325385,0.001044763954108463,-0.005318902589833252
KAT,1895-12-27,0.01282609952,7.26421,0.59167,21677.79255328139,0.015760025613195117,0.009677210407880832
KAT,1897-01-02,0.013437372,7.94586,0.59797,22471.649079385254,0.20886728903035934,0.19910019274837443
KAT,1898-01-08,0.012679587439999999,9.03876,0.60422,20985.05087550892,-0.0687442479921554,-0.07588694381866301
KAT,1899-01-14,0.012615073119999999,9.02791,0.61237,20600.410078873883,-0.004985624602161232,-0.015192194522943958
KAT,1900-01-20,0.012700986479999999,9.02534,0.62108,20449.839762993495,0.0068368766598188024,-0.0034473730236005418
KAT,1901-01-26,0.01311279008,9.04257,0.62951,20830.153738622103,0.03480776841378641,0.024126678880403762
KAT,1902-02-01,0.01358018688,9.07833,0.63857,21266.559468813128,0.020288373730930287,0.00973012336877832
KAT,1903-02-07,0.0132274792,9.04044,0.64721,20437.692866303056,-0.00014742954507873662,-0.010567492761494046
KAT,1904-02-13,0.01304704752,7.26419,0.65401,19949.3089096497,0.00047603433884546575,-0.00765819128819234
KAT,1905-02-19,0.01279130944,8.43566,0.66135,19341.210312240117,-0.0023200938074390276,-0.010493541678188056
KAT,1906-02-25,0.012910135679999999,8.45515,0.66713,19351.7540509346,0.006220602702980971,-0.0006098349000269732
KAT,1907-03-03,0.01300809016,8.59173,0.67167,19366.787499813898,0.00797553009479568,0.002753768017023983
KAT,1908-03-09,0.01295749624,8.57392,0.67686,19143.539638920898,-0.0015508832771330416,-0.00717527757458325
KAT,1909-03-15,0.012995851440000001,8.58023,0.68227,19047.959664062615,0.0019073986502857743,-0.004131699565132041
KAT,1910-03-21,0.01300500136,8.56762,0.68814,18898.77257534804,0.000584355675564252,-0.005949051086728496
KAT,1911-03-27,0.01305495776,8.57001,0.69426,18804.133552271483,0.0028103646584536346,-0.0038105759460547173
KAT,1912-04-02,0.013113712559999999,8.56852,0.70028,18726.384531901524,0.003925289932720677,-0.0027304010832085446
KAT,1913-04-08,0.013121405440000001,8.56308,0.70656,18570.829710144928,0.0015211269475168265,-0.005090847478941507
KAT,1914-04-14,0.01256324992,10.26726,0.7155,17558.700097833684,-0.02780231693373081,-0.037232451082828244
KAT,1915-04-20,0.01325838592,10.3633,0.7259,18264.75536575286,0.024707132615589433,0.013447370515356605
KAT,1916-04-26,0.012908178400000001,9.66017,0.73871,17473.945662032464,-0.015896092153395824,-0.028278358530741232
KAT,1917-05-02,0.014822678,8.34918,0.7509,19739.88280729791,0.1950750652178459,0.17972070493491676
KAT,1918-05-08,0.01352691808,9.07586,0.76047,17787.57620944942,-0.09117542282772129,-0.09994908494180421
KAT,1919-05-14,0.0136559618,7.49071,0.76815,17777.72804790731,0.00726658978688266,0.00038487844822143735
KAT,1920-05-20,0.01363440468,7.09862,0.7729200000000002,17640.1240490607,0.002412947233175755,-0.0023484891660553453
KAT,1921-05-26,0.01378845052,7.68607,0.77876,17705.64810724742,0.0032978656309616827,-0.0021470764754287774
KAT,1922-06-01,0.01383681208,7.70258,0.7847800000000001,17631.453502892527,0.0023388212073238712,-0.003661272804323268
KAT,1923-06-07,0.013848406,7.75734,0.79077,17512.55864537097,0.007768777619632683,0.0019132388991900395
KAT,1924-06-13,0.01407515928,7.78074,0.79797,17638.707319824054,0.006557179538819291,-0.00007504460261276158
KAT,1925-06-19,0.01338882584,6.76263,0.80514,16629.189755818865,0.12862365792993313,0.12029118960966279
KAT,1926-06-25,0.01353311544,7.74826,0.8132599999999999,16640.576740525787,0.2204644019059092,0.275950738952238
ROM,1837-01-13,1.7907554558399998,7.80898,22.41693,79884.06333249022,0,0
ROM,1838-01-19,1.8650342703199998,9.04051,22.65545,82321.66080656089,0.07434926641365891,0.06626964958146209
ROM,1839-01-25,1.74353876892,8.98507,22.89495,76153.85789966783,-0.04469608070149689,-0.05311791294418855
ROM,1840-01-31,1.85219630856,9.00671,23.012779999999996,80485.55231310603,0.0530274031521496,0.04742455904573939
ROM,1841-02-06,1.89460956984,8.42481,23.04395,82217.22273481761,-0.016972849458429806,-0.018059197178292186
ROM,1842-02-12,2.09059510816,8.48593,23.15623,90282.18791055366,0.025810087937502946,0.020684716485527277
ROM,1843-02-18,1.8719771096000002,8.49488,23.31369,80295.18748855287,-0.05690095580379084,-0.06231647426849696
ROM,1844-02-24,1.59045502876,8.56526,23.2354,68449.6513406268,-0.027179068364883707,-0.025408821441789353
ROM,1845-03-02,2.1831435262000003,8.72984,23.11683,94439.57178384754,0.3596239083103163,0.36602403382154036
ROM,1846-03-08,2.2245939539200004,8.99921,23.10476,96282.92844937582,0.04762430722405653,0.04959226909750636
ROM,1847-03-14,2.22096969432,9.07574,23.17231,95845.84766559742,-0.004977526703988433,-0.006444354752720871
ROM,1848-03-20,2.31280095332,9.07839,23.30953,99221.26071696855,-0.0008681993085918327,-0.00534136713648381
ROM,1849-03-26,2.22558650808,8.87114,23.37275,95221.4227286049,-0.05698582986195744,-0.058537462763061154
ROM,1850-04-01,2.56244471184,8.93365,23.34816,109749.32122445623,0.12457626053963766,0.12537774209460162
ROM,1851-04-07,2.89027778104,9.35902,23.42947,123360.78370701514,0.09278238168790809,0.0895434474599035
ROM,1852-04-13,2.9609081002799997,9.42545,23.55398,125707.3369460278,-0.001101076452519223,-0.00515176032429121
ROM,1853-04-19,2.98655361004,9.6468,23.75246,125736.60202101173,0.0473699836712036,0.04050893977943626
ROM,1854-04-25,3.1135897920400004,9.77078,23.96846,129903.62301290948,0.02485708402135689,0.017917127568072067
ROM,1855-05-01,3.25766917736,9.65391,24.18051,134722.93087945622,0.06541443119991985,0.0583632369311986
ROM,1856-05-07,3.40858447904,9.53925,24.415419999999997,139607.85761784972,0.05049715699411528,0.04274723497441468
ROM,1857-05-13,3.3845236516,9.59529,24.679469999999995,137139.23563188352,0.008279930934989244,-0.00006780311190945909
ROM,1858-05-19,3.83460055004,9.829,26.40508,145222.07658677798,0.08120358472389078,0.06605906159610653
ROM,1859-05-25,4.02962633372,10.75437,26.73751,150710.60595096552,0.012154682421749996,0.0025497060036803187
ROM,1860-05-31,2.15389745012,9.41291,26.64003,80851.91533643169,-0.4859363926028053,-0.48374063898211384
ROM,1861-06-06,3.17984246684,8.76438,26.89478,118232.70042885645,0.3093922113226715,0.29712643848014464
ROM,1862-06-12,4.15706322356,10.50132,26.94825,154260.97143821954,0.0918466478390767,0.09005243108124605
ROM,1863-06-18,4.65348331812,10.77093,27.11996,171588.87100570946,0.07445695785888473,0.0689559931476027
ROM,1864-06-24,5.127716153040001,11.0731,27.05678,189516.86612523737,0.09055759952169007,0.09215714398397279
ROM,1865-06-30,5.17984547184,11.23689,27.092059999999996,191194.22708498358,0.019489634646698395,0.019059668560859944
ROM,1866-07-06,5.50975239516,11.12006,27.06848,203548.6438529241,0.06405983278732807,0.06421864042943781
ROM,1867-07-12,6.05934667884,11.52215,27.28107,222108.10202239137,0.07988455670363526,0.07309228652970501
ROM,1868-07-18,4.42169495144,10.03072,50.903029999999994,86865.06385651306,-0.3309049709073305,-0.6402467098286162
ROM,1869-07-24,7.453160422760001,9.87503,51.54259,144601.97717576864,0.36412789099966014,0.3503916334388104
ROM,1870-07-30,9.26625274796,11.16657,52.44818,176674.43842589008,0.15108048181047606,0.1358379691164251
ROM,1871-08-05,9.269057239,11.29008,53.51334,173210.21709726957,-0.008234327592444246,-0.022926027555515427
ROM,1872-08-11,9.73966488456,11.34881,54.56259,178504.44571197958,0.04105538243205986,0.025687749134148508
ROM,1873-08-17,10.17286558756,11.3358,55.62547,182881.43160965652,0.037685502548429284,0.02254360991486748
ROM,1874-08-23,11.145726093839999,11.54291,56.71164000000001,196533.30592872994,0.09209061041265043,0.07655915317922801
ROM,1875-08-29,8.7092845502,11.41845,57.719049999999996,150890.9892002727,-0.25789517967481046,-0.26798250558192405
ROM,1876-09-04,8.757297797040001,12.67,58.72399,149126.40978652847,0.002744315253486951,-0.010123456278371967
ROM,1877-09-10,7.8550208692800005,12.2537,59.74989,131465.02645076,-0.09169420985757726,-0.10352916414505797
ROM,1878-09-16,8.3822977966,11.85299,60.75524,137968.31016715596,0.03313690568399119,0.019983508238690995
ROM,1879-09-22,9.04380291204,11.96317,61.71235,146547.69931853187,0.09688221639623862,0.08436958018270024
ROM,1880-09-28,9.56746905244,12.11941,62.66254000000001,152682.43279701078,0.01716558841603666,0.005375609238325918
ROM,1881-10-04,9.15880081844,12.01287,63.63635,143924.0437020665,0.017796021003124496,0.005866399377606468
ROM,1882-10-10,10.61099061568,11.97122,64.6509,164127.50040107718,0.0727068303055034,0.06021211372925239
ROM,1883-10-16,11.03792528852,12.13074,65.72201,167948.6870307223,0.12222941033222479,0.10818280629470478
ROM,1884-10-22,11.93815622168,12.28819,66.85684,178562.97458390196,0.06066364947334768,0.047004962530363015
ROM,1885-10-28,12.07616751016,12.57465,68.05514,177446.81019185326,0.028169136377975468,0.014650724208129517
ROM,1886-11-03,12.25142418656,12.54884,69.26234,176884.3528324339,0.029114616165487384,0.015409035230280477
ROM,1887-11-09,12.462439184,12.34344,70.53048,176695.79427220687,0.007268973009074253,-0.0060465170394735646
ROM,1888-11-15,13.504807910879999,12.34567,71.86352,187922.99501722155,0.08283807506913576,0.06754849416958941
ROM,1889-11-21,15.12115762768,13.00325,73.2761,206358.65756610956,0.10885706873583723,0.09268938167354124
ROM,1890-11-27,15.55623689672,13.11464,74.67383,208322.47250100874,0.035809992278319935,0.021169400079373846
ROM,1891-12-03,16.39444365,13.16107,76.00391,215705.26634748132,0.048222131497586584,0.034247580431780555
ROM,1892-12-09,16.91020731504,13.15249,77.3348,218662.32685724925,0.047023322854080396,0.03336666448968284
ROM,1893-12-15,16.64659554532,13.04867,78.65394,211643.50502110893,-0.013597433623205424,-0.02592306404234257
ROM,1894-12-21,16.13156382136,12.75015,79.86192,201993.1880095044,0.034071559078950875,0.022086304723416772
ROM,1895-12-27,17.44235079756,12.88182,81.14966,214940.5283714066,0.031663285387961704,0.019262232004376045
ROM,1897-01-02,18.9014055906,12.97043,82.39665,229395.31632171938,0.05553362912592119,0.04347146985763817
ROM,1898-01-08,20.393210850480003,13.75409,83.62985,243850.8600754396,0.07216261464491813,0.06012662131604385
ROM,1899-01-14,22.1602833296,14.349,85.12486,260326.81087052595,0.06449936937866552,0.05043737448742647
ROM,1900-01-20,21.92765817164,14.74127,86.66019,253030.34959466395,0.06432775794770973,0.04985481880218057
ROM,1901-01-26,22.753108350439998,15.20424,88.34221,257556.47668809735,0.0102841981068853,-0.004205680099910736
ROM,1902-02-01,21.46662126232,14.86786,89.95688,238632.3454339457,0.010159011849391941,-0.0034417861858018206
ROM,1903-02-07,25.257054876559998,14.96757,91.60566999999999,275714.97350065777,0.13499315416418267,0.11945633409134926
ROM,1904-02-13,25.3343728872,14.98572,93.24688999999998,271691.3442067613,-0.004130712645059376,-0.01743031759596325
ROM,1905-02-19,24.865253339680002,14.70025,94.90042,262014.15483387746,-0.038588323292249926,-0.05122276105498402
ROM,1906-02-25,26.318468324719998,14.80852,96.59279999999998,272468.22045452666,0.006885799020176275,-0.006620960533315845
ROM,1907-03-03,25.305294749279998,14.87031,98.32995,257350.8351146319,-0.09050993151377984,-0.10257458400827668
ROM,1908-03-09,28.95470083636,15.34113,99.98924,289578.16697436647,0.11960546135392414,0.10552393183563602
ROM,1909-03-15,28.66988463924,15.31719,101.5179,282412.112930232,0.005970878251810863,-0.005551462902346871
ROM,1910-03-21,28.74774904508,15.41452,103.02754,279029.7530648601,-0.028331935098310335,-0.03903484117987999
ROM,1911-03-27,29.90021106124,15.5788,104.52121,286068.35934295057,0.04897946294215161,0.037674240613658316
ROM,1912-04-02,29.62240935732,15.63503,106.00632,279440.03109739115,-0.006089655197363708,-0.016612572326880404
ROM,1913-04-08,31.14566617552,15.23762,107.47037,289807.00611266156,0.022516875385921287,0.012053540664761941
ROM,1914-04-14,32.31390382116,15.59646,108.92942,296649.9208492986,0.03493681037756158,0.02438321450987946
ROM,1915-04-20,29.93736302908,15.43103,110.44169,271069.40349319176,-0.06898211349543404,-0.07863950243050133
ROM,1916-04-26,32.1906053326,14.61618,111.9444,287558.8714808423,0.08630734649900096,0.07530052267395715
ROM,1917-05-02,34.35140546708,14.77438,113.49015,302681.82275801024,0.024890200610777846,0.014218951276971481
ROM,1918-05-08,31.678403321759998,14.95069,114.64213,276324.27382289566,-0.05135744871381087,-0.05907182295274538
ROM,1919-05-14,59.268375106200004,15.96239,115.69008,512303.000449131,0.7677096332480093,0.7548544243756732
ROM,1920-05-20,91.87073142624,18.01904,117.1483,784225.9036301849,0.3197037193359582,0.3072833202560028
ROM,1921-05-26,88.85511199396,18.2209,115.90718,766605.7615581709,-0.012888916754526858,-0.0020186445339501757
ROM,1922-06-01,94.39660297808001,18.50536,115.36838,818219.0213477905,0.04551638110021039,0.04823416014054649
ROM,1923-06-07,93.28413154736,19.59583,114.58723,814088.3722152984,-0.009907716490989538,-0.004633542372901034
ROM,1924-06-13,86.4614665902,20.81132,115.27894,750019.6184159917,-0.07604390222244051,-0.08129358544613985
ROM,1925-06-19,85.71630314052001,21.28985,116.26761,737232.8642561759,0.004483201869108333,-0.0020189133924936042
ROM,1926-06-25,96.48137286736,21.81672,117.22673,823032.1946825609,0.018435096640171622,0.012220600916397206
ION,1837-01-13,0.09126016379999999,9.61572,1.91487,47658.6733303044,0,0
ION,1838-01-19,0.16334000852,9.90895,1.9439,84026.96050208344,0.5682472184747547,0.5504345349613917
ION,1839-01-25,0.16536174928,9.82307,1.95236,84698.39029687147,0.0392775284005209,0.03668108005769488
ION,1840-01-31,0.16695840304,9.95485,1.9831700000000003,84187.64051493315,0.0030212134182099337,-0.009088622060330454
ION,1841-02-06,0.16154084023999998,9.94233,2.01533,80156.02419454878,-0.017501354261219904,-0.029423375590749368
ION,1842-02-12,0.19788621528,10.25281,2.04884,96584.513812694,0.11154108441554134,0.0981068259327782
ION,1843-02-18,0.30211965992,9.56297,1.9958399999999998,151374.68931377266,0.1618105607316065,0.18873025892942819
ION,1844-02-24,0.306505433,9.96339,1.95399,156861.31095860267,-0.014109156533541056,-0.00022896486923928983
ION,1845-03-02,0.35840342719999996,9.79808,1.8416500000000002,194609.95694078677,0.06324820432588552,0.11321284480326255
ION,1846-03-08,0.39458534336,9.88142,1.83848,214625.85579391674,0.07377350245916103,0.07014637213079666
ION,1847-03-14,0.38286563692000003,9.88163,1.82346,209966.56736095116,-0.020861621231498373,-0.014780791567894358
ION,1848-03-20,0.4264917514,10.05921,1.81809,234582.3096766387,0.09501113458299026,0.0981247519633166
ION,1849-03-26,0.39876863884,10.18162,1.83781,216980.34010044567,0.0017453097614275048,-0.006053417828373653
ION,1850-04-01,0.38739811032,10.20212,1.86029,208246.0854597939,-0.0347964670941584,-0.04333930935635588
ION,1851-04-07,0.34568729103999996,10.52428,1.88954,182947.85558389872,-0.16323411522968023,-0.17350595335090724
ION,1852-04-13,0.47315692736,10.96383,1.92117,246285.81924556388,0.3065312833479832,0.29037444369702126
ION,1853-04-19,0.4409275858,11.07947,1.95372,225686.1708944987,-0.06170482404674382,-0.0738449791735345
ION,1854-04-25,0.42484128128,11.24572,1.98694,213816.86476692805,-0.04778512268452151,-0.05974409806782599
ION,1855-05-01,0.38816067732000004,9.14323,2.01958,192198.7132572119,-0.046367260269662425,-0.058974883638102105
ION,1856-05-07,0.49431262244,10.34532,2.05387,240673.76340274702,0.27144239948466065,0.25442324923725
ION,1857-05-13,0.5077046286,10.50192,2.08182,243875.37279880105,0.014901466810911979,0.004467986711033323
ION,1858-05-19,0.48764899352,10.30712,2.12977,228967.91368082,-0.03732821824691679,-0.05568516345190988
ION,1859-05-25,0.50825020012,11.55475,2.21174,229796.54033475908,0.042939890955183024,0.024934298123029164
ION,1860-05-31,0.53271913188,11.47366,2.29429,232193.45936215558,0.03313828631235882,0.003428985620952396
ION,1861-06-06,0.5826921854,11.52903,2.33695,249338.74725603886,0.06826528565872869,0.053822600439718205
ION,1862-06-12,0.5433619542,11.81074,2.37868,228430.0343888207,-0.05212048065607211,-0.06498784319386441
ION,1863-06-18,0.5803014318399999,11.96809,2.43429,238386.31873770175,0.037322349930237086,0.019237115600932775
ION,1864-06-24,0.57908492148,11.94163,2.48034,233469.9764870945,0.003308255013988015,-0.01075123676717138
ION,1865-06-30,0.61518575196,11.94522,2.49887,246185.5766646524,0.04816887818596105,0.04293417584583281
ION,1866-07-06,0.563015544,12.04851,2.53103,222445.22743705133,-0.08830394860948698,-0.0962691329194767
ION,1867-07-12,0.5721058168800001,11.18196,2.5692,222678.58355908457,-0.04355420532927101,-0.05434682895205789
ION,1868-07-18,0.66679442232,12.3242,2.61394,255091.70918995846,0.1554680675310356,0.14035194462377198
ION,1869-07-24,0.6886457708000001,12.24201,2.65874,259012.07745022082,0.020133012277313123,0.007115193962856425
ION,1870-07-30,0.72612358104,12.32246,2.70215,268720.6783635253,0.019879887277943098,0.007395685061412305
ION,1871-08-05,0.7536571156399999,12.50077,2.74934,274122.9224613907,0.024266277886203946,0.010983844545705113
ION,1872-08-11,0.75785034052,12.85668,2.7916899999999996,271466.5097199188,-0.005756178822762803,-0.01674980540344595
ION,1873-08-17,0.7427464137600001,12.92481,2.84424,261140.55556493122,-0.014623103347012223,-0.028242218981984313
ION,1874-08-23,0.7698928198,13.29401,2.8929399999999994,266128.1671241022,0.008500646041868176,-0.00498101705538867
ION,1875-08-29,0.80207606128,13.44918,2.94965,271922.452250267,0.04499232207193238,0.029734243421136952
ION,1876-09-04,0.79818399596,13.55024,3.00828,265329.02388075576,-0.008146408662511817,-0.022622146833041645
ION,1877-09-10,0.8258106818000001,13.8794,3.0683799999999994,269135.72693082347,0.0005498524552871586,-0.014198943214928872
ION,1878-09-16,0.93669272008,12.66287,3.1202500000000004,300197.9713420399,0.06501569397834372,0.05155132954301678
ION,1879-09-22,1.0379773216800001,13.39822,3.1740699999999995,327017.77896517725,0.08125199013629048,0.06751385301364632
ION,1880-09-28,0.30937925512,11.6414,3.22863,95823.69460731022,-0.26626640865704676,-0.27514732902409267
ION,1881-10-04,0.27457422200000003,7.44204,3.21986,85275.20513314243,0.1618951369398609,0.16344726036433688
ION,1882-10-10,0.28265542604,6.92068,3.10918,90909.95890877981,0.033689292632022694,0.06248981491426231
ION,1883-10-16,0.37726202904,8.76458,2.61137,144469.00632235187,0.31184705290358794,0.5051542866536247
ION,1884-10-22,0.42133783588,11.15943,2.16929,194228.45072811842,0.09929029927970445,0.25004353392939693
ION,1885-10-28,0.5418817045200001,14.6648,2.06672,262194.05846945883,0.25649056891700006,0.3152312756830613
ION,1886-11-03,0.6681713349999999,14.2328,2.32536,287341.0289159528,0.1806131475512025,0.07463349761696736
ION,1887-11-09,0.8497767798,14.55919,2.38494,356309.5003647891,0.19924944370094888,0.1779519821443134
ION,1888-11-15,0.72920527836,14.18489,2.47748,294333.4672166879,-0.07841881004578521,-0.10757361900860041
ION,1889-11-21,0.76122013396,14.02508,2.51785,302329.42151438724,0.08750641625283273,0.07430320572565807
ION,1890-11-27,0.79114446112,14.51008,2.56092,308929.78348406043,0.023651707864259075,0.011375916177904122
ION,1891-12-03,0.78136869564,14.50076,2.60595,299840.24852357106,0.015259222753563062,0.0026240959884271664
ION,1892-12-09,0.7858449440399999,14.92701,2.65444,296049.2397793885,0.003047822161582836,-0.009994799328718496
ION,1893-12-15,0.77605130928,15.00395,2.70071,287350.8482139882,-0.015902043107947184,-0.028476364903407436
ION,1894-12-21,0.79969106672,14.15703,2.74711,291102.67398102005,0.019733359730941924,0.0066833899320881685
ION,1895-12-27,0.8147098216399999,14.23122,2.7958500000000006,291399.6894110914,0.022956850470506662,0.009465648956759276
ION,1897-01-02,0.85021956292,13.46489,2.84512,298834.34193285345,0.028934807051997913,0.0154403947805144
ION,1898-01-08,0.88692244316,14.60675,2.89587,306271.4980852041,0.03701725518418164,0.02335697801073855
ION,1899-01-14,0.89108197984,14.60725,2.95401,301651.6463519081,0.012356914662945417,-0.0027874365577024163
ION,1900-01-20,1.0734103260399999,15.0131,3.01271,356293.9433400493,0.16784244163416817,0.15083224003394524
ION,1901-01-26,1.1141281652800001,15.12088,3.06928,362993.3291455977,0.046979464065343146,0.032168535514708774
ION,1902-02-01,1.09794575488,15.15902,3.12817,350986.60075379536,-0.016113978274776564,-0.029910077461289042
ION,1903-02-07,1.1312223702,15.29031,3.18697,354952.31213346845,0.025829875131889724,0.01144535585621953
ION,1904-02-13,1.21776689996,15.36273,3.2473399999999994,375004.43438629777,0.0921548233312981,0.07685495692812228
ION,1905-02-19,1.23047810496,15.09104,3.3087,371891.71123401937,-0.005310882479940493,-0.019280212373322336
ION,1906-02-25,1.3333444555599998,14.96318,3.3697699999999995,395678.1784988293,0.055850290824477566,0.04129554064413621
ION,1907-03-03,1.42750017956,14.93407,3.42972,416214.78708465997,0.06715798972169895,0.05301465831080909
ION,1908-03-09,1.51255488332,15.15969,3.49422,432873.3975880168,0.057295007320499414,0.0425647856172493
ION,1909-03-15,1.49787986504,15.92709,3.56123,420607.44884211355,0.027664331773166184,0.013024773905719211
ION,1910-03-21,1.2544743109599998,15.25535,3.62794,345781.43821562646,-0.10999870105225296,-0.1226271787200125
ION,1911-03-27,1.42681243016,14.75465,3.69512,386134.26090627635,0.1121893017468989,0.09713195637281102
ION,1912-04-02,1.40426994864,14.79941,3.76147,373330.09398984973,-0.003614753565354789,-0.017067635266431957
ION,1913-04-08,1.41630311888,14.90357,3.82607,370171.7738776342,0.010028043724391145,-0.002784654136865017
ION,1914-04-14,1.52208712448,15.11102,3.8873,391553.80970853806,0.05409130940504614,0.04154123953489397
ION,1915-04-20,1.63980979032,15.10094,3.94974,415169.046651172,0.04385993496541474,0.03130436060730091
ION,1916-04-26,1.54371074676,15.13757,4.01278,384698.57474369387,-0.057406545293410605,-0.06862987670355092
ION,1917-05-02,1.60255880824,15.06188,4.0769,393082.6873948343,0.03342933675995097,0.021115222965374825
ION,1918-05-08,1.60115781592,15.13335,4.14197,386569.14847765677,-0.012517806253375507,-0.024349032836473494
ION,1919-05-14,1.47023858644,15.24371,4.20845,349353.9394408868,-0.07633925869025993,-0.08723642215176541
ION,1920-05-20,1.4829725866799999,14.85013,4.27196,347141.0281650577,0.042724003147045275,0.030878416523719254
ION,1921-05-26,1.6147918877999998,14.85168,4.33558,372451.18018811784,0.05089561791820518,0.03920023784882565
ION,1922-06-01,1.57897890176,14.9261,4.40269,358639.5821100282,-0.032079163341359296,-0.04306193065997621
ION,1923-06-07,1.64449465336,14.93581,4.47568,367429.0059521682,0.026778485575981836,0.01391204168155502
ION,1924-06-13,1.67212312384,14.53292,4.55348,367218.7258624173,0.0047662752285340115,-0.008165381612651346
ION,1925-06-19,1.71923539424,14.34279,4.6317,371188.8495023425,0.017306245916974827,0.004304346830090511
ION,1926-06-25,1.8119655455199999,14.0915,4.71038,384675.0252676005,0.017715831087236955,0.004849833193531383
DLA,1925-11-13,0.08433595404,8.76174,1.74803,48246.28526970361,-0.30427262185180803,-0.295384105762436
DLA,1926-11-19,0.04955323984,6.67526,1.74403,28413.066197255783,-0.38977647319974196,-0.39010708783095505
MJT,1837-01-20,0.10690982952,6.35286,3.621920240765203,29517.44445300462,0,0
MJT,1838-01-19,0.08551978916,7.73193,3.6343999999999994,23530.648569227385,-0.1873125771645927,-0.20071003637085783
MJT,1839-02-01,0.08517314208,7.97106,3.6344,23435.269117323358,-0.025725597373552622,-0.023569652864065982
MJT,1840-02-14,0.08535842587999999,8.48996,3.6344,23486.24969183359,-0.039011471564823985,-0.04078578293847046
MJT,1841-02-06,0.14339293539999998,7.20336,3.6344,39454.36259079903,0.343010431497097,0.33060907209619605
MJT,1842-02-12,0.14479483356,7.24339,3.6343999999999994,39840.09287915475,0.010958932470447103,0.011007824307870395
MJT,1843-02-25,0.14536467504,7.35517,3.6344000000000003,39996.8839533348,0.007041839154642737,0.006783260878524766
MJT,1844-02-24,0.14336477636,7.31117,3.5389987129617317,40509.98262161567,0.004264934150641997,0.003562006155372277
MJT,1845-03-09,0.12509706767999998,6.61671,3.6344000000000003,34420.28056350429,-0.020065680053321655,-0.03188064389756029
MJT,1846-03-22,0.13338017264000002,7.31204,3.6344,36699.365133171916,0.07139135331522639,0.06906687695403235
MJT,1847-03-14,0.12903501104,7.27517,3.6344,35503.800088047545,-0.016322051797453718,-0.015821977477568416
MJT,1848-03-20,0.12997034284,7.34354,3.6391797701583157,35714.18590138675,0.006630916607315296,0.006430798573423546
MJT,1849-04-02,0.13036018996,7.34578,3.6344,35868.42118644068,0.0024813720101080072,0.002437950793652055
MJT,1850-04-01,0.12974775476,7.28942,3.6344,35699.91051067576,-0.03339451069614685,-0.03930486773553832
MJT,1851-04-14,0.14019085288,7.41077,3.6344,38573.31413163108,0.06658243622214077,0.07274691802067479
MJT,1852-04-27,0.13878648212,7.38259,3.616200031184719,38379.09433193925,-0.00280314826875816,-0.0021543560082603053
MJT,1853-04-19,0.13910246688,7.35528,3.6344,38273.84626898525,-0.0005178818406669228,-0.0009352823755416351
MJT,1854-04-25,0.14784016832,7.32727,3.6344,40678.01241470394,0.006748990224976881,0.0046031985029721945
MJT,1855-05-08,0.14574061164,5.83592,3.6344,40100.32237508254,-0.005004207503726321,-0.005522756364412795
MJT,1856-05-07,0.14459986268,6.57819,3.6343999999999994,39786.4469183359,0.033039103131195624,0.030917081181354833
MJT,1857-05-20,0.14400454172000002,6.57361,3.6344,39622.64520140876,-0.0031258122033689384,-0.0031256176020501014
MJT,1858-06-02,0.14387782552,6.53937,3.6344,39587.7794188862,-0.0026047568294361723,-0.002411988328534176
MJT,1859-05-25,0.14368998696000002,6.55369,3.6344,39536.09590578913,-0.0017045588230718556,-0.0016451814721852864
MJT,1860-05-31,0.14598472408000002,6.57486,3.6343999999999994,40167.489566365846,0.014402052994988868,0.014100667255252164
MJT,1861-06-13,0.14465017423999998,6.63845,3.6344,39800.290072639225,-0.0008829571641599809,-0.0007275695778562463
MJT,1862-06-12,0.14532557104000002,6.63963,3.6344,39986.12454325336,0.0036926674941752946,0.0036044700795128115
MJT,1863-06-25,0.14510755428000002,6.66888,3.633341505224269,39937.769150341184,-0.0009338851000951776,-0.000930883419003492
MJT,1864-07-08,0.14505243116,6.69306,3.6343999999999994,39910.97049306626,-0.000458595555189123,-0.0005026687195225366
MJT,1865-06-30,0.14497817776,6.69033,3.6344,39890.539775478755,0.00004911925027761832,0.00006602411148737275
MJT,1866-07-06,0.14465252048000002,6.69996,3.6343999999999994,39800.93563724412,0.0021360812245043714,0.0021919452947221085
MJT,1867-07-19,0.14454004448000002,6.69769,3.6350530005792385,39762.843748624255,-0.0007854153207725867,-0.0007104562366760936
MJT,1868-07-18,0.14440306504,6.69433,3.6344,39732.29832709663,-0.00034758155376513056,-0.000282116068625049
MJT,1869-07-31,0.17025539596,7.0741,3.6344,46845.53047545675,0.2064184739683539,0.21277575621415346
MJT,1870-08-13,0.1558470888,7.20201,3.6344000000000003,42881.10521681708,-0.062390452253284656,-0.05610371722677865
MJT,1871-08-05,0.15276738204,7.10131,3.6344,42033.728274268105,-0.01086913043366633,-0.011160720265844915
MJT,1872-08-11,0.15362999444,7.08316,3.6344,42271.07485141977,-0.0036237219810185683,-0.0034744784396529838
MJT,1873-08-24,0.1583062884,7.05777,3.6344,43557.75049526744,0.0422783233533266,0.0416394382046168
MJT,1874-08-23,0.28985198008,7.51007,4.09787341930889,70732.29219678626,0.5458386454139577,0.5704169587191341
MJT,1875-09-05,0.32334896828,7.82685,3.6344000000000003,88969.00954215275,0.02429356436935226,0.028540712289276682
MJT,1876-09-18,0.435804642,8.19402,3.6344,119911.02850539291,0.2992139617103622,0.275805663382068
MJT,1877-09-10,0.38484484220000004,8.21647,3.6344,105889.51194144839,-0.07844245690838647,-0.0785220040440705
MJT,1878-09-16,0.429848523,8.52518,3.8023328579659768,113048.63068456967,0.06166892564761084,0.05574548760311804
MJT,1879-09-29,0.46346695148,9.08667,3.6344,127522.27368478979,0.19505411077794976,0.17798714467318022
MJT,1880-09-28,0.44643207232,8.60901,3.4293860863247803,130178.42292537971,0.057386197439547315,0.07574224922659556
MJT,1881-10-11,0.3627094848,8.6261,3.6344,99798.99977988114,-0.13878879638841157,-0.16458384763460177
MJT,1882-10-24,0.40410841952,8.58581,3.6470573088640257,110803.9674994497,-0.040345552117498684,-0.0342395108936957
MJT,1883-10-16,0.49410860720000005,10.45873,3.6344,135953.28175214617,0.19401613732964096,0.19334513229471928
MJT,1884-10-22,0.4519365006,10.48411,3.5476904592309464,127388.93254457407,-0.0956723923432109,-0.08703436116884677
MJT,1885-11-04,0.55835471016,9.08631,3.6344,153630.50576711426,0.29750820855205995,0.29647240212392956
MJT,1886-11-03,0.6535938942,9.57501,3.6344000000000003,179835.43203830067,0.11465631211860705,0.1108946721460422
MYS,1867-09-06,3.80770269204,5.88919,53.32736,71402.42254707527,0.16795551665191177,0.26851944656132765
MYS,1868-09-19,4.17794709072,6.68401,53.32736,78345.28262265374,0.13490143762052198,0.13820915783613574
MYS,1869-09-18,4.5547253128000005,7.08237,52.76763343601963,86316.6493589782,0.06618242312849709,0.07176857213494969
MYS,1870-10-01,4.35992822668,7.30143,53.32736,81757.81112509602,-0.03709768985780881,-0.03675785769945683
MYS,1871-10-14,4.42660876736,7.63937,53.327360000000006,83008.21130766645,-0.00858022205846487,-0.012494669285393667
MYS,1872-10-06,4.57284941204,8.89611,53.32736,85750.53053516994,0.0014967494015447613,0.0025773121808922994
MYS,1873-10-12,4.80780610128,9.08813,53.431296840558154,89981.08572260094,0.042209456461162365,0.0365919675412687
MYS,1874-10-25,5.149271533119999,9.8856,53.32736,96559.65592746387,0.0397041343954585,0.03725075312644788
MYS,1875-10-24,4.98422327884,8.61942,53.32736,93464.65451955619,-0.04390140908574314,-0.04437592644418431
MYS,1876-11-06,5.47582119552,8.76209,53.32736,102683.147928568,0.04655182758009557,0.03831694079388037
MYS,1877-11-19,5.39731110516,7.9943,52.629468169000255,102553.02386542293,0.00412602197183598,-0.0010373463769199898
MYS,1878-11-11,6.04230841552,8.31529,53.32736,113305.97305998273,0.1417777848509878,0.1449344050602437
MYS,1879-11-17,6.208798582999999,8.40222,53.32736,116428.0133687473,0.05643417249456917,0.05426332921010668
MYS,1880-11-30,6.74721445372,8.65115,53.32736,126524.44174472541,0.07418777271650123,0.07561660154013183
MYS,1881-11-29,6.7730780494,8.6936,53.32736,127009.43848336014,-0.04789876939257676,-0.03778746831314661
MYS,1882-12-12,7.52820169868,8.71176,53.32736,141169.5928446486,0.048867049369552884,0.04359859605034733
MYS,1883-12-25,7.62247175092,9.11099,53.32735999999999,142937.3543134331,0.02199329400042882,0.013514216204119522
MYS,1884-12-17,8.172392695480001,9.22244,53.32736,153249.52698727258,0.05570035810522023,0.052053860411111375
MYS,1885-12-23,8.431016639760001,9.47452,53.32736,158099.26911364074,0.011849377009943929,0.016774887616911593
MYS,1887-01-05,8.506442251320001,9.60889,53.32736,159513.65774191712,-0.005691887923890748,-0.0012404002301643624
MYS,1888-01-04,9.35375720188,9.62604,53.32736,175402.5926256241,0.07847147975237645,0.07509095765448093
MYS,1889-01-17,9.351408036879999,9.88275,53.24514847070899,175629.297794603,0.00367577899836502,0.007746268576719784
MYS,1890-01-30,9.48351392612,9.88563,53.32736,177835.80372476717,0.004326530780331961,0.006258026740329159
MYS,1891-01-22,9.673750204040001,10.05855,53.32735999999999,181403.1334766994,0.00491871722043058,0.0027558129090778927
MYS,1892-01-28,9.59905716432,10.46613,53.32736,180002.4821089962,-0.029966433590754127,-0.03052933291812787
MYS,1893-02-10,9.86898519776,10.58767,54.95589200314806,179580.1112134559,-0.008183476065661832,-0.004414676640062676
MYS,1894-02-09,10.73633003456,10.43483,53.32736,201328.73696654028,0.08115754200563208,0.07594819613453274
MYS,1895-02-22,10.592662169959999,10.67788,55.87388503328229,189581.62947950172,-0.006256656618486844,-0.0107406853034826
MYS,1896-03-07,10.894986142559999,10.94529,53.32736,204303.87220668714,0.023844475255705433,0.030085434811058187
MYS,1897-02-27,10.27007167004,11.15794,53.32736,192585.41337954852,-0.023896704168923977,-0.022842018478075876
MYS,1898-03-05,11.46858636404,11.78048,53.32736,215060.08105482816,0.07716382918017461,0.07975308091535194
MYS,1899-03-18,10.997560933839999,12.01639,53.32736,206227.36497437712,0.013121225119969937,0.014132774946120863
MYS,1900-03-17,12.13983270604,12.16557,51.321297072984265,236545.71100913303,0.06405131160412458,0.05803861682833955
MYS,1901-03-30,11.790607959519999,12.40835,53.32736,221098.6622911766,0.032278875259143636,0.017655882957611446
MYS,1902-04-12,13.082625092679999,12.68681,53.32736,245326.69707782273,0.1566327997045216,0.1581076512321209
MYS,1903-04-04,14.03916717944,12.64569,53.327360000000006,263263.8701679588,0.028503870542016863,0.02608865397038107
MYS,1904-04-10,15.66031617228,12.44947,53.73298155222485,291446.99809853703,0.07094078304965645,0.0705511299271715
MYS,1905-04-23,15.826114028400001,12.72815,53.32736,296772.8765946786,0.008148840387562473,0.008737733356396049
MYS,1906-04-22,15.466864832119999,12.84607,52.84881190426403,292662.488991017,0.04982769982284552,0.048666101668375816
MYS,1907-05-05,15.697164620799999,12.37624,53.32735999999999,294354.80437809037,-0.007802961845749912,0.003505463430129474
MYS,1908-05-18,16.460220190959998,12.04001,51.38144108479247,320353.4163978866,0.05040880109445922,0.04944668015960363
MYS,1909-05-10,15.89838084172,11.96371,53.32736,298128.03112173564,-0.009585305079054862,-0.0073287076673526075
MYS,1910-05-16,17.46140680284,12.05174,53.327360000000006,327438.0506149188,0.019478906414474695,0.017936694122715924
MYS,1911-05-29,15.858520394600001,11.99355,53.32735999999999,297380.5640219205,0.0018304301561837821,-0.0030063974667148274
MYS,1912-05-28,17.588024449840002,12.1435,53.32736,329812.3974230114,0.006713900481561952,0.0018285510457327625
MYS,1913-06-10,17.24896783116,12.26946,53.327360000000006,323454.3737241071,0.03246701133975605,0.03464808725408508
MYS,1914-06-23,17.14458843708,12.19561,53.32736,321497.04086382675,0.018369541014312762,0.01987436184946234
MYS,1915-06-15,17.976154778919998,12.28766,53.327360000000006,337090.6562582509,0.029702186011941523,0.03021060970666256
MYS,1916-06-21,18.0248278782,12.38862,53.32736,338003.3790947086,-0.04486664301092769,-0.04774452360842063
MYS,1917-07-04,17.69159576132,12.1171,53.32736,331754.57703737816,-0.015303725033172566,-0.021762139586977924
MYS,1918-07-03,18.7892763916,12.82929,53.32736,352338.3942426552,0.06263300839020025,0.06925496814616805
MYS,1919-07-16,14.47480443136,12.27488,50.24135782465185,288105.358972955,-0.04976729641905564,-0.01899800217999381
MYS,1920-07-29,16.34384766924,11.67657,53.32736,306481.469722859,0.19244041141917756,0.18426811367911822
MYS,1921-07-21,13.83777475288,11.37995,53.32736,259487.33919849023,-0.016799186829211554,-0.010874644958317359
MYS,1922-07-27,14.30570415924,11.93958,53.327360000000006,268261.9983295629,0.02418633839917117,0.027059302510270777
ABU,1837-01-13,0.042099597800000006,7.11533,0.6012,70025.94444444445,0.032942464955298734,0.014225070052977351
ABU,1838-01-19,0.04621305364,7.00618,0.6012,76868.02002661345,0.013364237949390567,0.0132762553738357
ABU,1839-02-01,0.01469702,6.5013,0.6012,24446.141051230876,-0.4441935879702468,-0.461823420845888
ABU,1840-01-31,0.04409075372,5.09436,0.6012,73337.9137059215,1.9450149090635822,1.9351827644239465
ABU,1841-02-13,0.04280451552,5.12117,0.595396938844406,71892.4010645376,-0.00256022579841797,-0.004924084748274105
ABU,1842-02-26,0.04417377172,5.8667,0.6012,73476.0008649368,-0.023575808611828286,-0.017877001939994308
ABU,1843-02-18,0.07174546391999999,6.5583,0.6012,119337.099001996,0.42745708290603357,0.41964224903820746
ABU,1844-02-24,0.09867042848,7.04748,0.6012,164122.46919494346,0.15387478479848027,0.15643483025612115
ABU,1845-03-09,0.10184279923999999,7.80022,0.6012,169399.200332668,0.010105174448216125,0.00868425845103804
ABU,1846-03-08,0.11504018240000001,6.46075,0.6012,191350.93546240852,0.047698218915950275,0.018389821038531595
ABU,1847-03-21,0.1175583422,6.01341,0.6012,195539.49135063207,0.04783969281379652,0.049445684556277625
ABU,1848-04-03,0.11681476196,4.30766,0.6012,194302.6646041251,-0.027083227712362934,-0.024705284171244513
ABU,1849-03-26,0.11977367636,5.52002,0.6012,199224.34524284766,0.012762998462970021,0.013227568471765094
ABU,1850-04-01,0.11834402268,7.35852,0.6012,196846.34510978044,-0.023755800643053715,-0.019200350635619534
ABU,1851-04-14,0.11645917348,5.22023,0.6012,193711.2000665336,-0.0033360084082935115,-0.004176314880270038
ABU,1852-04-13,0.12024912119999999,5.99758,0.5990936568015857,200718.40159680642,0.04600473987360987,0.04972402757658001
ABU,1853-04-26,0.11950035032,6.75562,0.6012,198769.71111111113,0.0020545202387254324,0.0009794467010773023
ABU,1854-05-09,0.1229795892,5.65462,0.5976808534881403,205761.29966733203,0.014865542624495909,0.020032583579648433
ABU,1855-05-01,0.11510686096,5.68523,0.6012,191461.84457751166,-0.0626527136611229,-0.06326493877403239
ABU,1856-05-07,0.11251731504,4.41259,0.6041282172759626,186247.40878243514,-0.0018876499279044667,-0.00354337163241758
ABU,1857-05-20,0.11268598692,3.58719,0.6012,187435.10798403193,-0.0017612409074478919,-0.00244532259070418
ABU,1858-05-19,0.10641484516,5.41651,0.6012,177004.06713240186,0.02677884436410216,0.055365356646796204
ABU,1859-06-01,0.1047953504,6.37474,0.6012,174310.29673985363,-0.006982905892642943,-0.010253910122483556
ABU,1860-06-14,0.08153236831999999,6.62218,0.5690587267060655,143275.84218230206,-0.14530893467487982,-0.15323042962214117
ABU,1861-06-06,0.08521378112,6.50314,0.6012,141739.48955422489,0.014599213800086774,0.007254467593532654
ABU,1862-06-12,0.07105223527999999,4.75206,0.6012,118184.02408516301,-0.1336994738417997,-0.13307968245215795
ABU,1863-06-25,0.06776004872000001,5.0599,0.6012,112707.99853626083,-0.031749075167001095,-0.03232944938061133
ABU,1864-06-24,0.06926892908,4.50364,0.6012,115217.77957418497,0.053579967465938294,0.05996548538316793
ABU,1865-07-07,0.06941483068,4.67321,0.6012,115460.4635395875,0.012084329742100275,0.011591930827905328
ABU,1866-07-20,0.050981045960000006,6.33177,0.6012,84798.81230871592,-0.09588807290231038,-0.07651909393637168
ABU,1867-07-12,0.03097069196,4.81332,0.6012,51514.79035262808,-0.36163833664699363,-0.3616874716481664
ABU,1868-07-18,0.02897753612,5.89916,0.6012,48199.49454424485,-0.057868386682337514,-0.05657400226160936
ABU,1869-07-31,0.053389384879999995,4.63349,0.6012,88804.69873586162,0.8883952670065907,0.8835928558132065
ABU,1870-07-30,0.0494345774,4.32952,0.6012,82226.50931470393,-0.05401659301373263,-0.048969817003626015
ABU,1871-08-12,0.039702461239999993,6.21428,0.5704477541891642,69598.76859614106,-0.11007453346219365,-0.11449469291296044
ABU,1872-08-25,0.02166359572,7.02908,0.6012,36033.9250166334,-0.41171087372551396,-0.40315685083466446
ABU,1873-08-17,0.02019061304,6.96835,0.6012,33583.85402528277,-0.06813314672222504,-0.06770132103692028
ABU,1874-08-23,0.036654933120000004,6.5039,0.6012,60969.61596806388,0.21908900083872807,0.1671493734670113
ABU,1875-09-05,0.043414645040000005,6.981,0.6016896916850931,72154.54351297407,0.12290632591179684,0.12322946701842907
ABU,1876-09-04,0.04400557408,6.32809,0.6012,73196.23100465735,0.000059936625676160205,-0.004161308458062951
ABU,1877-09-17,0.04571885708,4.97158,0.6012,76046.00312707918,0.024026543896956243,0.021966007781906383
ABU,1878-09-30,0.047038212520000004,4.61155,0.6012,78240.5397870925,0.024447247116836435,0.02631322765436117
ABU,1879-09-22,0.02978623284,6.1722,0.6012,49544.63213572855,-0.13054796763596188,-0.12818103925305002
ABU,1880-09-28,0.023797683,6.07329,0.6012,39583.6377245509,-0.43110627161016546,-0.4620414458275899
ABU,1881-10-11,0.01847301716,6.90468,0.6012,30726.908117099138,-0.210095719870382,-0.21136644880069755
ABU,1882-10-10,0.01915121468,6.8515,0.6554538212097679,29218.251630073188,-0.03169285943027156,-0.01806366209067345
ABU,1883-10-23,0.03238704664,6.84294,0.6012,53870.66972721225,0.6144262874250617,0.5525296867260334
ABU,1884-11-05,0.03246314136,6.73857,0.6012,53997.241117764475,0.007663362735448542,0.006959465839355472
ABU,1885-10-28,0.03212785212,6.79993,0.6012,53439.54111776447,-0.01195076645938642,-0.011029500771802758
ABU,1886-11-03,0.03192677228,6.8824,0.6079117022851848,52518.76573519628,-0.0033931534066121705,-0.005859602810842635
ABU,1887-11-16,0.047549648119999996,6.7785,0.6012,79091.23107119095,0.2553057897411002,0.26916841852132256
ABU,1888-11-15,0.05129389096,7.17474,0.6098498034696745,84109.05548902196,0.06675057533281192,0.06737633319083058
ABU,1889-11-28,0.04312418656,7.13056,0.6012,71730.18389886894,-0.1087120173612679,-0.11485797723369762
ABU,1890-12-11,0.019408509640000002,5.77625,0.606634165424159,31993.762874251497,-0.4963944163851812,-0.4879631614068052
ABU,1891-12-03,0.01916388656,5.78653,0.6012,31876.05881570193,0.015932821071735992,0.01535644433505201
ABU,1892-12-09,0.02012643256,5.77336,0.6012,33477.1000665336,0.048110266041521355,0.0482838415639435
ABU,1893-12-22,0.019805790679999997,5.79934,0.6011999999999998,32943.763606121094,-0.0110194531104717,-0.011267767857089606
ABU,1894-12-21,0.036074590239999996,6.82142,0.6012,60004.30844976713,0.749196326048728,0.7458480057793724
ABU,1896-01-03,0.051793642679999995,7.18291,0.6012,86150.43692614771,0.052090288191018796,0.019198546403989214
ABU,1897-01-16,0.05107895676,8.88753,0.6012,84961.67125748504,-0.05516185856589717,-0.05667072776243398
ABU,1898-01-08,0.05203231228,8.5999,0.6012,86547.4256154358,-0.012356256152824652,-0.014471540790584436
ABU,1899-01-14,0.0535574052,8.91122,0.6012,89084.17365269462,0.03390794572786415,0.03494494704925666
ABU,1900-01-27,0.05490058236,7.37901,0.6012,91318.33393213573,-0.005201855667361199,-0.0038482761306287694
ABU,1901-01-26,0.02389649704,6.58339,0.6012,39747.99906852961,-0.49198505283862504,-0.49295431661416567
ABU,1902-02-08,0.0212830462,5.84059,0.6012,35400.94178310047,-0.04597959476704927,-0.038273739954659325
ABU,1903-02-21,0.11123277308,9.21252,0.6012,185017.91929474386,4.28128911147686,4.143206249609482
ABU,1904-02-13,0.06243540628,9.35653,0.6012,103851.30785096475,-0.35915877308943134,-0.35590787983496297
ABU,1905-02-19,0.07359448928,8.79957,0.6012,122412.65681969395,0.12407392233330472,0.1247646172690462
ABU,1906-03-04,0.16109919228,11.77339,0.5992205823083834,268847.89514304727,1.2064263909112278,1.2040364803757009
ABU,1907-03-03,0.15441863683999998,13.16502,0.6012,256850.69334664007,0.008790528737680381,0.0015404272578918299
ABU,1908-03-16,0.01049194172,4.21449,0.6012,17451.66620093147,-0.9226198382074923,-0.9175319286327981
ABU,1909-03-29,0.009244859000000001,2.80518,0.6012,15377.343646041252,-0.19909854774945068,-0.2031297786361771
ABU,1910-03-21,0.0085318688,4.80529,0.6012,14191.398536260813,-0.10585146479152407,-0.10540054175241398
ABU,1911-03-27,0.00994322888,6.23044,0.6012,16538.97019294744,0.22785348268576477,0.2395737979960797
ABU,1912-04-09,0.01121724604,6.346,0.6012,18658.09387890885,0.054921952528206086,0.04794481225274416
ABU,1913-04-08,0.0110496126,5.69173,0.6012,18379.2624750499,-0.003996099629783645,-0.004680111726165226
ABU,1914-04-21,0.01155748984,6.1981,0.6012,19224.034996673323,0.03186247245538554,0.03525211597558031
ABU,1915-04-15,0.11584902888,9.81738,0.6012,192696.32215568863,7.65871816210114,0
MAD,1837-01-13,0.6135453266800001,8.74768,19.77708,31023.049240838383,0,0
MAD,1838-01-19,0.5196887254,9.61513,20.10398,25850.04190215072,-0.1627938202310535,-0.17321981943275777
MAD,1839-01-25,0.58606441192,9.52686,20.40251,28725.113327722913,0.013246527648864914,0.0028705882083333023
MAD,1840-01-31,0.6158234497999999,8.75549,20.72476,29714.38269007699,0.1195769124081758,0.10631830866034209
MAD,1841-02-06,0.79800001476,7.8737,21.038699999999995,37930.10094540063,0.2090178205389377,0.19526301574842742
MAD,1842-02-12,0.77522849508,7.03549,21.25514,36472.518886255275,0.2509326012231472,0.24045636726845943
MAD,1843-02-18,0.79853991672,7.05269,21.39941,37315.978184445274,0.14399936509305067,0.1376676061816311
MAD,1844-02-24,0.81446694368,8.30689,21.600259999999995,37706.3490754278,0.007247516976589319,0.0006559475441936247
MAD,1845-03-02,0.82390964396,8.36071,21.78692,37816.71039137244,0.012307292885307408,0.005577227538797969
MAD,1846-03-08,0.93739111856,7.96543,21.97851,42650.34884348393,0.08365244751471268,0.07677552621502137
MAD,1847-03-14,0.94672220136,7.57049,22.08825,42860.896692132694,0.0031200382801936932,-0.0008312964868502082
MAD,1848-03-20,0.89030772116,8.0062,22.266009999999998,39985.058892904475,-0.0408794682652357,-0.04673360802067161
MAD,1849-03-26,0.91707889572,8.80952,22.51786,40726.73405554525,0.022391669957854354,0.013915696647719189
MAD,1850-04-01,0.92627277704,8.48575,22.79626,40632.66417561477,-0.0038442357022959728,-0.013194119482494271
MAD,1851-04-07,0.93855678072,8.51844,23.07172,40679.965807490735,0.021003118206014637,0.011671077642148253
MAD,1852-04-13,0.94845905752,8.85339,23.39917,40533.8760956051,0.00035543201960530624,-0.010411197688910079
MAD,1853-04-19,0.941372432,8.08596,23.74912,39638.20267866767,0.09526485150191366,0.08243655528430471
MAD,1854-04-25,1.18603786964,7.31547,23.97232,49475.30608802151,0.18993619365181202,0.181431161690629
MAD,1855-05-01,0.9903646563199999,7.22422,24.025940000000002,41220.64137011913,-0.13560852657724598,-0.13624064450195872
MAD,1856-05-07,1.1256798014799998,8.46786,24.319750000000003,46286.6518562074,0.01988425825069151,0.009894996567034298
MAD,1857-05-13,0.97856401916,8.87978,24.5953,39786.62667908096,-0.03732441814045773,-0.04566415914120081
MAD,1858-05-19,0.97039789184,9.2122,24.939969999999995,38909.344792315314,-0.00008176011603899802,-0.010676655720526118
MAD,1859-05-25,0.98127610152,9.19865,25.23349,38887.84712380254,0.005849668705892652,-0.0032331315222153822
MAD,1860-05-31,1.01925027256,8.83274,25.537630000000004,39911.701773422195,0.03533631183199182,0.02595537398837644
MAD,1861-06-06,1.00892610468,8.80698,25.883060000000004,38980.17099523781,-0.0069904136413339035,-0.017214034593809213
MAD,1862-06-12,1.0742505415199999,8.45533,26.15519,41072.17502606557,0.05618900407284655,0.04752037998469305
MAD,1863-06-18,1.0779088028800001,8.46367,26.49527,40683.065425640125,-0.0006688641391129346,-0.01016606545103238
MAD,1864-06-24,1.1562464159999999,7.69721,26.73405,43249.9533740679,0.0827414854151578,0.07488917808893336
MAD,1865-06-30,1.1124639317999998,8.49488,27.02613,41162.53166102583,-0.03337644750956237,-0.04135930244169839
MAD,1866-07-06,1.11912201076,8.52493,27.344460000000005,40926.827984900774,-0.05044065959002875,-0.05856177670035023
MAD,1867-07-12,1.18587045928,8.56445,27.69625,42817.00444211762,0.012674634358703862,0.0029591059397311437
MAD,1868-07-18,1.186852875,8.56001,28.035009999999996,42334.66922251856,0.002157825038839878,-0.006584194567698209
MAD,1869-07-24,1.25294423956,8.1578,28.36302,44175.27610106399,0.05759795604276752,0.04806568080793783
MAD,1870-07-30,1.2545384514,8.54574,28.77137,43603.709222049554,0.004544030623936379,-0.006472423531799554
MAD,1871-08-05,1.2954713340400001,8.55604,29.194959999999995,44373.11556652245,0.022002634581402614,0.010873126043247305
MAD,1872-08-11,1.4000917034,7.83335,29.54462,47389.05775061585,0.009774651667752154,0.0007389267477124761
MAD,1873-08-17,1.37757135412,8.20575,29.9059,46063.53107982037,-0.019287215969860938,-0.028189878815294667
MAD,1874-08-23,1.54243643892,7.79716,30.26842,50958.60434472629,0.08400664533247548,0.07428235997048427
MAD,1875-08-29,1.4479918627200001,7.81621,30.59554,47326.89348578257,0.00420441177532882,-0.0039594974088652535
MAD,1876-09-04,1.48118546316,7.82028,30.92752,47892.15117021992,0.04055009813988186,0.03224902466533619
MAD,1877-09-10,1.53926206304,7.82277,31.22821,49290.755475257785,0.025092765135490636,0.017844620050307514
MAD,1878-09-16,1.55333986652,7.78955,31.504409999999996,49305.47394856784,0.008437177290013143,0.0014636359851727399
MAD,1879-09-22,1.5707101046,7.75905,31.79287,49404.47668297955,0.008134347536532527,0.0014450955285669753
MAD,1880-09-28,1.58249974116,7.73438,32.066,49351.329793550794,0.0071916165568783885,0.0008089459447673253
MAD,1881-10-04,1.60874228372,7.72747,32.31998,49775.47274843611,0.00784095877395341,0.0016436395606149734
MAD,1882-10-10,1.75313840988,7.33709,32.56892,53828.57060903463,0.07206814940679362,0.06624048121295578
MAD,1883-10-16,1.7857050016,7.32074,32.77226,54488.30814841576,0.009800434547091452,0.004874396002437997
MAD,1884-10-22,1.7220176916799999,7.85992,33.02064,52149.73700328037,-0.039541443602235105,-0.04499066176105859
MAD,1885-10-28,1.71370946084,7.82106,33.30774,51450.78774002679,0.00338110613791498,-0.003395869993671252
MAD,1886-11-03,1.79516091196,7.90255,33.52207,53551.612772122964,0.038886995433274674,0.03388523529270837
MAD,1887-11-09,1.77934584932,7.83213,33.80485,52635.81555072719,-0.006240758301166216,-0.012585772097734593
MAD,1888-11-15,2.22456535184,8.78177,34.1048,65227.33902090029,0.10467385002074092,0.09737313526700664
MAD,1889-11-21,2.60904768488,8.20472,34.37771,75893.58584035993,0.08046264301179185,0.07380965479019719
MAD,1890-11-27,3.2230129079200003,8.93042,34.71288,92847.75299312532,0.13749067269127124,0.12922767012298286
MAD,1891-12-03,3.47030528104,9.14022,35.03149,99062.4515554434,0.027110025563144013,0.019881405424604814
MAD,1892-12-09,4.3245654868,9.7667,35.40277,122153.30853489714,0.17543331509871596,0.16598772905516346
MAD,1893-12-15,4.3847942372,9.99929,35.81755,122420.27266521582,0.016834263952117068,0.008081496964852386
MAD,1894-12-21,4.40505344708,9.90035,36.2591,121488.21804953793,-0.013671198673497642,-0.022860221814495207
MAD,1895-12-27,4.87415391528,10.2046,36.71269999999999,132764.79025732243,0.07361003357084095,0.06363765569666846
MAD,1897-01-02,5.074408287,10.32281,37.24015,136261.75745801238,0.01144893434482852,0.0006138293677699913
MAD,1898-01-08,5.345844212279999,10.57529,37.69052,141835.2469607742,0.03824323560291498,0.028635701446564354
MAD,1899-01-14,7.48040785804,10.91162,38.18356,195906.50683278355,0.3562143515121896,0.34327857377466153
MAD,1900-01-20,8.32445617224,11.42733,38.66514,215296.16011321827,0.07986759648994979,0.06990288759517616
MAD,1901-01-26,9.41602992616,11.66349,39.32837,239420.80300200594,0.12380269469370475,0.10938759220602146
MAD,1902-02-01,10.636956763159999,11.86575,40.02524,265756.2268998262,0.10356918008294058,0.08900311807132821
MAD,1903-02-07,11.0949043088,11.88665,40.71557,272497.82598647155,0.013430038237458586,0.0001570786731097673
MAD,1904-02-13,10.90845234648,12.28538,41.41526,263392.1010390856,0.0172025123881685,0.004302321641268314
MAD,1905-02-19,11.656492174079998,12.46927,42.17866,276359.9453866007,0.09184190893066524,0.07697452805792993
MAD,1906-02-25,11.90579402896,12.62219,42.95868,277145.24815380736,-0.015882345643244866,-0.029736318772003223
MAD,1907-03-03,12.11921429992,12.86817,43.68921,277396.05041885626,-0.003019815107749957,-0.015691037142469333
MAD,1908-03-09,14.05776925228,13.31041,44.45790999999999,316204.00626750116,0.008178393766119285,-0.005123507385083492
MAD,1909-03-15,13.66269987836,13.41932,45.22917000000001,302077.1744951322,-0.0017824478835833935,-0.014847671484493619
MAD,1910-03-21,15.68802706848,13.51013,46.02882,340830.5289703277,0.0760664793095922,0.06199139077290461
MAD,1911-03-27,16.47482497752,14.03649,46.90603,351230.4276767827,0.049216128002319115,0.0341521342972968
MAD,1912-04-02,17.11148712728,14.27607,47.78241,358112.684715568,0.045327056205505256,0.03039851639983482
MAD,1913-04-08,17.67050956996,15.09623,48.69209,362903.0828202281,0.02365123863428309,0.008847984286358912
MAD,1914-04-14,16.5603285536,15.21205,49.51943,334420.8233737747,-0.03357583712907086,-0.045818842725435016
MAD,1915-04-20,17.58120466804,15.49027,50.45975,348420.3680763381,0.09848040254825441,0.08307871783560872
MAD,1916-04-26,18.32598109992,15.44147,51.25123,357571.53730593395,0.03162324226459323,0.01986469521778278
MAD,1917-05-02,19.373886818,15.50421,52.18049,371286.0269805822,0.04905338327384179,0.03450408697802487
MAD,1918-05-08,19.90439860396,15.48609,53.03991,375272.1036660884,0.02363213428972588,0.011105326304091445
MAD,1919-05-14,20.90445101264,15.61419,53.978519999999996,387273.5119940302,0.01499389266716089,0.0018241026558849516
MAD,1920-05-20,19.49321162048,15.74008,54.83061000000001,355516.95705154474,-0.07588808816479076,-0.08682493610107078
MAD,1921-05-26,20.85862642032,16.05632,55.62604,374979.53153451154,0.04178246272710284,0.030547480973367014
MAD,1922-06-01,21.4457266374,15.86623,56.45712,379858.6721639361,0.02447676935060894,0.013172493449626232
MAD,1923-06-07,25.01042648208,16.35878,57.2956,436515.6570850118,0.1418659307985246,0.12934515060875973
MAD,1924-06-13,25.70067761352,16.48988,58.17117,441811.25484531256,0.033087826300323364,0.021261005645525355
MAD,1925-06-19,27.47605488992,16.71843,59.09037,464983.63252624753,0.04695165342670715,0.03479195529422796
MAD,1926-06-25,30.071608913320002,17.27757,60.09018,500441.3185868307,0.08979012942101705,0.0759650524498574
SIA,1873-03-09,1.1812181186,8.58831,24.37347,48463.272509002614,0,0
SIA,1874-03-15,2.56715697108,9.59154,58.01753,44247.953525081124,0.5009370033258032,-0.003849004999268768
SIA,1875-03-21,2.63922059648,9.70712,58.6575,44993.744985381236,-0.013726201578727837,-0.02186147058242005
SIA,1876-03-27,2.83275624892,9.35413,59.31935,47754.33731016945,0.029269966497516675,0.02049138719780763
SIA,1877-04-02,2.84295067004,9.25382,59.942350000000005,47428.08164911786,0.004357948044991566,-0.0034245890654795996
SIA,1878-04-08,2.8133477236799997,9.25938,60.57516,46443.91733641314,-0.018683719828249568,-0.02644811879220288
SIA,1879-04-14,2.87611056304,9.19505,61.21013,46987.493132917705,0.024318611783956445,0.01615687209094485
SIA,1880-04-20,2.87897422904,8.77815,61.78242,46598.5992300075,0.024031616527115496,0.017079266272717053
SIA,1881-04-26,3.40659389512,8.69944,62.35113,54635.64004565756,0.12401165406139159,0.11614825120798988
SIA,1882-05-02,3.74940670832,8.8213,62.91729,59592.62880394245,0.08515229878823294,0.07774935881680367
SIA,1883-05-08,3.89070555484,8.75881,63.48936,61281.22184315608,-0.011455444200657028,-0.018063234222414515
SIA,1884-05-14,4.35848228348,8.86393,64.0313,68067.99617499566,0.08953868399129772,0.08243563606101167
SIA,1885-05-20,4.72881697652,8.91965,64.6091,73191.19097031224,0.06591895828973748,0.05889143900862437
SIA,1886-05-26,4.72903809248,8.85812,65.1315,72607.54155024834,0.0059096883010087975,-0.000242770264424097
SIA,1887-06-01,4.97946836608,8.74251,65.6624,75834.39481468846,0.02735723110402488,0.021081345050647737
SIA,1888-06-07,4.84774238,8.74541,66.17189,73259.84462586757,-0.016884393407061382,-0.02254467111891001
SIA,1889-06-13,4.7020412051600005,8.78965,66.69783,70497.6639443892,-0.030762875846474413,-0.03664099347991623
SIA,1890-06-19,4.859348873599999,8.64044,67.20209,72309.49027924577,0.018720432838174927,0.012980055595132933
SIA,1891-06-25,4.84687902192,8.44794,67.62916,71668.47883250362,-0.01695430552546673,-0.021582584561252616
SIA,1892-07-01,5.19298061776,8.40838,67.99311,76375.10062063641,0.06559105968811063,0.06116254883094774
SIA,1893-07-07,5.63287541908,8.33708,68.35275,82408.90701661601,0.06274186532166048,0.05863334680143284
SIA,1894-07-13,5.8244707799199995,8.31217,68.68796,84796.09497676157,0.015552991988540432,0.011710740488582339
SIA,1895-07-19,5.60470864252,7.85791,68.92381,81317.4524524979,-0.03361144303959962,-0.036073547949635576
SIA,1896-07-25,6.085433231800001,7.79969,69.15503,87996.97190211617,-0.02270398069948265,-0.025173217345563548
SIA,1897-07-31,6.24806311948,8.40273,69.49775,89903.09930148818,0.027975292807283836,0.023967894224404374
SIA,1898-08-06,6.67086118972,8.43146,69.84107,95514.87670105856,0.02086727483385986,0.017042945329361237
SIA,1899-08-12,12.41425836352,9.13891,109.18455,113699.77129108467,0.8113583100289963,0.16025669255955233
SIA,1900-08-18,10.2258764634,9.06507,109.39778,93474.25938076623,-0.1669828638659887,-0.0477901916989103
SIA,1901-08-24,12.85317449728,9.16942,110.18582,116649.98724227854,0.11641820520531088,0.11019745406371495
SIA,1902-08-30,13.308341685079998,9.18192,111.12585,119759.18910928465,0.03364389396205114,0.02707127700266243
SIA,1903-09-05,14.248838277960001,9.20411,112.06476,127148.25140356344,0.052142223840987656,0.04542609292758826
SIA,1904-09-11,15.66555742856,9.23763,113.10699000000001,138502.11581583065,0.07107878961093705,0.06370180849781049
SIA,1905-09-17,15.83159817356,9.0854,114.08072,138775.40546342975,0.003303128434225755,-0.0032199375420546295
SIA,1906-09-23,16.25279719908,9.04547,115.04985999999998,141267.42265553388,0.009604257323060361,0.0031518389313858197
SIA,1907-09-29,16.341262791880002,9.03165,116.03588000000002,140829.3951136493,0.025764113651387976,0.019241754565404667
SIA,1908-10-05,16.40918227936,9.00914,116.9827,140270.1619928417,0.010678665640090568,0.004401976138528996
SIA,1909-10-11,16.24236942588,8.5227,117.85353,137818.26836989948,0.0029212439595500683,-0.0027250430507119727
SIA,1910-10-17,13.76173470776,8.76162,105.50369,130438.42075817443,-0.05440485333953393,0.032273726037368666
SIA,1911-10-23,16.66854761468,9.03098,118.91733,140169.20506607404,0.16409046862101762,0.03452865638392377
SIA,1912-10-29,16.847255065680002,9.10844,119.80129,140626.6582411592,0.009699680714140957,0.00409012131883002
SIA,1913-11-04,17.6956802308,8.92033,120.68561,146626.26497724128,0.040996789833710245,0.035260587952070876
SIA,1914-11-10,18.40673117816,8.9508,121.49371999999998,151503.560662724,0.021170568799018463,0.016012365205325674
SIA,1915-11-16,18.875559091480003,9.08529,122.3929,154221.02990843426,0.019802669403973905,0.014203198104284942
SIA,1916-11-22,18.49736696288,8.93095,123.25797999999999,150070.33997214623,-0.042310223899144406,-0.047414331966245116
SIA,1917-11-28,19.493577528360003,9.11551,124.13559,157034.5581662761,0.051206792035082715,0.04562424745654803
SIA,1918-12-04,19.6437446608,9.13709,125.03302,157108.45551679068,-0.006135237865809051,-0.01151312113734404
SIA,1919-12-10,20.891613539159998,9.06491,125.92239,165908.6484870562,0.043198966204835765,0.03761277928519213
SIA,1920-12-16,20.30310034012,9.15042,126.86416000000001,160038.10958209157,-0.004280781169302639,-0.009869526461345313
SIA,1921-12-22,22.03144001292,9.28342,127.8434,172331.46187382375,0.07106869682938344,0.06489683949999869
SIA,1922-12-28,24.60262573184,9.71862,143.75557,171142.06936009505,0.13438319637057639,0.010822151446053807
SIA,1924-01-03,26.092708692960002,10.12581,145.15577,179756.60693997904,0.05269198092976568,0.04509396243772623
SIA,1925-01-09,26.69880710796,10.37317,146.63437,182077.41546514642,0.021573230056126214,0.013747041439303498
SIA,1926-01-15,27.45336271496,10.42599,148.18827,185260.02574265833,-0.0028271518598512735,-0.010801295594528249
SIA,1927-01-21,28.174616656679998,10.55288,149.74143,188155.1195062048,0.019612161562997832,0.011689701392906926
NET,1859-09-14,8.84061872148,12.10819,40.78323,216770.93063693092,0.053322115128001446,0.05307399771902066
NET,1860-09-27,9.15708755312,12.03847,43.80009814888099,209065.45738765533,0.026530041129795512,0.0060174166961191045
NET,1861-09-26,10.39578214064,12.39239,43.85972,237023.44977669715,0.11818544271284304,0.11073582990288933
NET,1862-10-09,10.207053954760001,12.65722,45.8698,222522.31216966285,0.00038148855443465024,-0.04574187075971159
NET,1863-10-22,11.10602442248,12.61922,48.90216,227107.03213273195,0.095075335561982,0.05677390329554388
NET,1864-10-14,11.316776381039999,12.4481,48.90216,231416.6977704052,0.016805810204626903,0.01575667963857552
NET,1865-10-20,12.067121520479999,12.46495,48.90216,246760.5013864418,0.03281418226027433,0.03347775700732747
NET,1866-11-02,12.53440152224,12.38518,48.90216,256315.90756400125,0.03316384305390052,0.03232979084236254
NET,1867-11-01,12.55339840404,13.6979,53.39718545702766,235094.75820860578,0.0037607387714631013,-0.07810287669229643
NET,1868-11-14,12.96607913328,13.90966,53.30351,243250.0061117926,0.004507053069952693,0.004578528128593273
NET,1869-11-27,13.59420538112,14.16,53.30351,255033.9627000173,0.03214921479934385,0.03321530979640519
NET,1870-11-19,14.634495361199999,14.35516,53.30351,274550.31312572095,0.05201556217198,0.05108631861816537
NET,1871-11-25,14.46465566884,14.61535,53.30242607118757,271369.55547805387,0.004215782727648998,0.0028960927632033506
NET,1872-12-08,15.84720539376,14.95136,53.30351000000001,297301.34833071963,0.08113064353471766,0.08051426316619836
NET,1873-12-07,17.02501177936,15.40866,53.30351,319397.5739939077,0.06742227000515988,0.06607089396221211
NET,1874-12-20,17.68247782444,15.58243,53.30351,331731.9595733939,0.019787038597271156,0.018061531696201394
NET,1876-01-02,18.6053818132,15.72156,53.45109718500919,348082.3181010031,0.047911282987557646,0.048434766889051906
NET,1876-12-25,18.93291046816,15.85646,51.02929,371020.4564507952,0.015213626148901538,0.06047783040808641
NET,1877-12-31,19.084732234359997,16.72771,51.02929,373995.64513556816,0.007467216338658433,0.007929274419715915
NET,1879-01-13,19.51096535648,16.94845,51.02929,382348.3602550613,0.011062152613855458,0.010585791204497097
NET,1880-01-12,19.73601506344,17.148,51.02929000000001,386758.5667650872,0.03534669092354581,0.03241808563724291
NET,1881-01-25,20.23629040368,17.10705,51.02929,396562.25676822074,0.03616034617102115,0.03441179880785428
NET,1882-02-07,21.01644802556,16.82681,58.40345000000001,359849.4271410336,0.011426523852637427,-0.052402815520003476
NET,1883-01-30,21.3289444732,16.9542,58.40345000000001,365200.0776187023,0.006174744189628267,0.004979984677762284
NET,1884-02-05,17.93809101708,17.70499,58.40345,307140.94830151304,-0.18313348739478352,-0.1859267805064394
NET,1885-02-18,4.35131764236,13.55001,58.40345,74504.46236241181,-0.619111108668509,-0.6062476314471472
NET,1886-02-17,4.72042476464,9.48677,58.40345,80824.41644526136,0.0110822278679239,0.0944028137889199
NET,1887-03-02,14.2378668926,14.43661,59.50187361127031,239284.34565971702,0.7814865763423002,0.7110335019998371
NET,1888-03-15,17.71728156328,15.46909,58.40345,303360.1878532861,0.18499735497318381,0.17671783381322226
NET,1889-03-07,21.29856907568,13.31721,58.40345,364679.98167368537,0.22356201771130002,0.21613455693944883
NET,1890-03-13,19.20211737652,15.21632,58.40345,328783.9567100916,0.0001259918750011746,-0.0005009615808975187
NET,1891-03-26,18.377049292160002,17.01619,57.326930717191104,320565.7282232471,0.0018230346815268916,0.004312480102130811
NET,1892-03-25,18.7521635444,17.23934,58.40345,321079.722934176,0.010118133388848927,0.014701559140030351
NET,1893-04-07,18.74805314096,17.34938,58.40345000000001,321009.3434713189,-0.01488870096148276,-0.013458278933857315
NET,1894-04-20,19.71265661508,17.51732,58.40345,337525.55054675706,0.04180780711120913,0.04135289708673939
NET,1895-04-12,18.4748664516,18.00963,58.40345000000001,316331.7655309746,-0.018246703820389842,-0.018386733719272463
NET,1896-04-18,19.779175422759998,18.05059,58.40345,338664.50394214725,0.05647297809826557,0.05707722473236165
NET,1897-05-01,20.69538444792,17.78679,58.40345,354352.0878975471,0.05453028065916854,0.054274968326852635
NET,1898-04-30,20.02887807544,18.20473,58.681255510501096,341316.4544827403,-0.04267164789919686,-0.04535470708525158
NET,1899-05-13,21.033631087560003,18.57838,58.40345,360143.6402739907,0.010111930843551109,0.004678580687468736
NET,1900-05-26,21.88136342756,18.79883,58.40345,374658.7475150869,0.03623514448401677,0.035340370803211396
NET,1901-05-18,23.40297651952,18.55756,58.40345,400712.2270948035,0.04807451563955811,0.047295118328649854
NET,1902-05-24,23.330791135600002,18.21491,58.114499831181234,401462.4784412565,-0.020614707049189662,-0.01914874214315565
NET,1903-06-06,23.43365170952,17.91945,58.40345,401237.4561694558,-0.008165167177630384,-0.00689091989752777
NET,1904-06-05,24.896355755440002,17.57183,59.01510760582408,421864.108453867,0.03847244896368274,0.039780221923814585
NET,1905-06-18,24.60903937596,17.49562,58.40345,421362.7683974149,-0.017127539097899547,-0.01552607270274231
NET,1906-07-01,24.46983574568,17.70349,57.81655128363904,423232.3651688385,-0.03356341305807942,-0.03135149942538329
NET,1907-06-23,23.86791030156,18.1355,58.40345,408672.95171021577,-0.04664903142847521,-0.04725386894492878
NET,1908-06-29,23.09747402248,18.44324,58.665565212537174,393714.3354675109,-0.019444445912651154,-0.020550176586105584
NET,1909-07-12,24.63227318708,18.61847,58.40345,421760.5841278212,0.062413007636129114,0.061956013284253375
NET,1910-07-11,23.14487413316,19.13896,82.50519,280526.28123345936,-0.05898637025427067,-0.33558141949120857
NET,1911-07-24,23.03185078376,19.03982,82.50519000000001,279156.38741950656,0.013401270390599462,0.01902617873407153
NET,1912-08-06,20.74298986812,18.69013,82.50519,251414.3639705575,-0.12533900401037668,-0.11292785779329861
NET,1913-07-29,21.76834946312,18.43025,82.50519,263842.18329925666,0.015994072018916894,0.015862369841035395
NET,1914-08-04,25.75381768908,18.76458,82.50519000000001,312147.8502028781,0.1609728008518152,0.15976834422000752
NET,1915-08-17,28.209763077599998,18.67933,82.50519,341915.01259011705,0.056015729767924016,0.05555257088985632
NET,1916-08-16,28.15005069708,18.65398,82.50519,341191.27168945374,-0.003350844961089283,-0.0027534385228268343
NET,1917-08-29,29.46238232288,18.48325,82.50519,357097.3210640446,0.04049597745592637,0.04140967435859544
NET,1918-09-11,30.517001752640002,18.74949,82.50519,369879.7827462733,0.015026233546482803,0.012388690284173887
NET,1919-09-03,30.15474512856,17.60306,82.50519,365489.0695792592,-0.013155575875978598,-0.014936709894470157
NET,1920-09-09,30.99040019452,17.73278,82.50519,375617.58471824625,0.023621374832343278,0.021986004177057428
BRG,1837-01-13,0.0783098316,6.1814,2.48278,31541.188345322586,0.47103433743040424,0.4657084938710201
BRG,1838-01-19,0.06554730468,7.65166,2.49635,26257.25746790314,-0.1678904512102205,-0.17136745004074228
BRG,1839-01-25,0.06768105916,8.47371,2.519,26868.22515283843,0.025302490099081476,0.018216465479218957
BRG,1840-01-31,0.0679314636,8.48446,2.54887,26651.599963905574,-0.0036299558863116532,-0.012038607791601375
BRG,1841-02-06,0.0857729132,7.70437,2.57549,33303.53183277745,0.16860389280720778,0.158970062079125
BRG,1842-02-12,0.06877403052,7.8614,2.5931,26521.93533608422,-0.20397018765006925,-0.20818461400014954
BRG,1843-02-18,0.0895315018,6.4991,2.60938,34311.40799730204,0.29436291665068337,0.28794332753987395
BRG,1844-02-24,0.07050347876,7.88596,2.62004,26909.313888337583,-0.19688798063642265,-0.1993865307125463
BRG,1845-03-02,0.0711952332,7.89393,2.63853,26982.91594183125,0.007969991974816182,0.002645836381867772
BRG,1846-03-08,0.07075899688000001,7.89355,2.65707,26630.460198639856,-0.008313337474888494,-0.013442703372841147
BRG,1847-03-14,0.06998997668000001,7.88823,2.67461,26168.29245385309,-0.012124110220868567,-0.01714545508676535
BRG,1848-03-20,0.07750433756,7.2294,2.68692,28845.04844208238,0.1128859366087227,0.10953293838360967
BRG,1849-03-26,0.07781755592,7.72678,2.70284,28791.033105918217,0.002486738653826981,-0.0020712085598497687
BRG,1850-04-01,0.07842542812,7.75251,2.71873,28846.34668392963,0.003830774522328717,-0.0006739324488052034
BRG,1851-04-07,0.07885598656000001,7.75079,2.73569,28824.898493615874,0.005828645369299723,0.0012926965401616197
BRG,1852-04-13,0.08002302152,7.80634,2.75203,29077.815837763395,0.02225312124200962,0.017563844852255928
BRG,1853-04-19,0.0819265694,7.31585,2.76689,29609.622861768985,0.015600277731180778,0.011380241664777468
BRG,1854-04-25,0.08369938980000001,7.28629,2.77726,30137.397938975824,-0.044567562644296066,-0.04719615575470748
BRG,1855-05-01,0.08410918151999999,7.29372,2.78732,30175.64596817014,0.0037230001648069777,0.0009354159440424503
BRG,1856-05-07,0.08455446948,7.30089,2.79764,30223.498906220957,0.0036117673342219714,0.0008154683167502785
BRG,1857-05-13,0.08484624512000001,7.30629,2.80828,30212.88657826143,0.0031183187982670724,0.0002882523479650345
BRG,1858-05-19,0.08544092336,7.31332,2.81854,30313.894200543542,0.005623441062872825,0.0028069784301136824
BRG,1859-05-25,0.08583261388,7.31876,2.82926,30337.478308815735,0.003428961018934862,0.0006254664331399873
BRG,1860-05-31,0.08492516448000001,7.28734,2.83941,29909.4405105286,-0.01139688486767676,-0.014125296651854247
BRG,1861-06-06,0.08546774652,7.30016,2.84938,29995.208262850163,0.0040428695216554456,0.0013734438447730035
BRG,1862-06-12,0.0857407018,7.30243,2.85975,29981.88715796835,0.002555188644206119,-0.00013139804913731012
BRG,1863-06-18,0.08612957964,7.30778,2.86931,30017.523251234616,0.004017315791476683,0.0014323442400048236
BRG,1864-06-24,0.08540485304,7.30894,2.87866,29668.266846379913,-0.0009783071056376214,-0.0035025575556387745
BRG,1865-06-30,0.08447279567999999,7.93068,2.8964,29164.754757630162,0.015906872271836292,0.01125837385809425
BRG,1866-07-06,0.08939865636,7.10223,2.9077,30745.48831034838,0.05399254861193792,0.05092737566071537
BRG,1867-07-12,0.0935897196,7.32618,2.91699,32084.347083808992,0.046456558473293,0.04403397032318224
BRG,1868-07-18,0.09221256875999999,7.66202,2.92918,31480.676762780025,-0.014063760824809646,-0.01711981400706475
BRG,1869-07-24,0.09184261996,7.80504,2.94594,31175.99813981276,-0.008005629002933667,-0.012367710272556898
BRG,1870-07-30,0.0925578134,7.76322,2.9643,31224.172114833178,0.0029460190066388225,-0.001565778293899367
BRG,1871-08-05,0.09266778092,7.76667,2.98154,31080.509038953027,0.0015187923680208826,-0.0029811406129528484
BRG,1872-08-11,0.09278013004,7.78276,2.99906,30936.403419738184,0.003053710289327549,-0.001424841126603349
BRG,1873-08-17,0.09351596644,7.79065,3.01735,30992.747424064164,0.006781085867895387,0.0023180345672038083
BRG,1874-08-23,0.09471700576,7.79599,3.03462,31212.147076075424,0.012271365627289699,0.00780701113055815
BRG,1875-08-29,0.09517066416,7.80073,3.05272,31175.69385990199,-0.007824049724663329,-0.012189221279106377
BRG,1876-09-04,0.09870297008,7.84766,3.07479,32100.719099515736,0.0349996719335437,0.029433921587832756
BRG,1877-09-10,0.09918559664,7.85281,3.0961,32035.656677755887,0.0038927811404936286,-0.0014472238699245743
BRG,1878-09-16,0.09633422604,7.81297,3.11823,30893.880836243636,-0.015035460344516083,-0.020140221555453253
BRG,1879-09-22,0.09473328019999999,7.93608,3.13961,30173.582132812673,-0.012392535363651369,-0.01753743796189622
BRG,1880-09-28,0.0967801094,8.47684,3.1677,30552.17015500205,0.002470733003475223,-0.004533472505488856
BRG,1881-10-04,0.13441330084,9.25154,3.19969,42008.22605939951,0.19907493472194515,0.19062428275864463
BRG,1882-10-10,0.12399305048,9.7337,3.2402000000000006,38267.0978581569,-0.08404572361322127,-0.09291727405882977
BRG,1883-10-16,0.12216949576000001,9.65694,3.28223,37221.49141285041,-0.016097475210254397,-0.02579748371629087
BRG,1884-10-22,0.12294446632,9.63243,3.32635,36960.772714837585,0.012582226410133401,0.002732268172465746
BRG,1885-10-28,0.12590372496000002,9.56509,3.3654400000000004,37410.77688504326,0.0158624675094321,0.006721225518817819
BRG,1886-11-03,0.12545565552,9.2111,3.4049299999999993,36845.29653179361,-0.008329562676508862,-0.01690860504439695
BRG,1887-11-09,0.12667747195999998,9.20251,3.4401,36823.77604139414,0.0048295269545051145,-0.002978663991736741
BRG,1888-11-15,0.12578193836,9.19336,3.47475,36198.84548816462,0.0013820364721008893,-0.006330241189079544
BRG,1889-11-21,0.12815537592,9.20505,3.51205,36490.19117609374,-0.0015469428442754785,-0.009270734678919812
BRG,1890-11-27,0.13499761963999998,9.21479,3.54733,38056.120981132284,0.05470475251012119,0.04659320433546177
BRG,1891-12-03,0.13239929144,9.16686,3.5820800000000004,36961.56742451313,-0.0066343534930901615,-0.01409734129856588
BRG,1892-12-09,0.13051560964,9.39052,3.6205599999999993,36048.459254921894,-0.016787665555282216,-0.024417433842214287
BRG,1893-12-15,0.13035140924,9.38629,3.6582900000000005,35631.786774695276,-0.0029790230028821085,-0.01092429698338171
BRG,1894-12-21,0.13234025064000002,9.4024,3.69691,35797.53108406751,0.015339088014600488,0.007286565326529937
BRG,1895-12-27,0.1859416104,7.97342,3.7261500000000005,49901.80491928666,0.3695533443757304,0.3613534570427501
BRG,1897-01-02,0.18414679868,7.94293,3.7404,49231.846508394825,-0.00408754832267022,-0.006991315716240898
BRG,1898-01-08,0.18389042464000002,7.95332,3.7551300000000003,48970.45498824275,-0.0011337645192179835,-0.004003624041737486
BRG,1899-01-14,0.18520875203999998,7.94386,3.76997,49127.38086509972,0.008810946457606272,0.005752489355341783
BRG,1900-01-20,0.18562136267999998,7.97354,3.78462,49046.23520459121,-0.0010463700972019874,-0.0039920618412309095
BRG,1901-01-26,0.18022940104,7.92961,3.7993500000000004,47436.90395462381,-0.032008013516434675,-0.03476407025672923
BRG,1902-02-01,0.1814261358,7.96541,3.81373,47571.835394744776,0.006387120897676013,0.0034893431156777233
BRG,1903-02-07,0.1868289878,8.02497,3.83006,48779.65039712172,0.012368524898556554,0.009065059652809904
BRG,1904-02-13,0.18329681448000001,7.97725,3.8461,47657.838974545644,-0.03382295620340414,-0.03677719145136238
BRG,1905-02-19,0.18245102044,8.02389,3.8624700000000005,47236.87703464363,0.006494613795292592,0.0032647307464788167
BRG,1906-02-25,0.18195067176,7.99793,3.87894,46907.31791675045,-0.000364033278780429,-0.0035705278676666508
BRG,1907-03-03,0.18188054508,8.00792,3.89589,46685.23625667049,0.00025220793507463313,-0.003023663964425105
BRG,1908-03-09,0.18319679923999999,8.00721,3.9126,46822.2663292951,0.00016103173310511032,-0.003133119725043265
BRG,1909-03-15,0.18127067036,8.01558,3.92994,46125.55671587861,-0.0067453807626267626,-0.009971398433312184
BRG,1910-03-21,0.18179505084,8.04612,3.94701,46058.928363495404,0.002584604823918646,-0.000736222738557446
BRG,1911-03-27,0.18198232728,8.38979,3.9688699999999995,45852.428343583946,0.00041799020108168605,-0.003905836084689529
BRG,1912-04-02,0.17968812992,8.35187,3.9931899999999994,44998.642669144225,-0.008560728602073686,-0.012971212069669225
BRG,1913-04-08,0.18249090703999998,8.06738,4.01587,45442.433903487916,0.04327378380375624,0.038682651874058616
BRG,1914-04-14,0.19722048632,8.1639,4.03413,48887.98484927357,0.06913381844378419,0.06539238074201492
BRG,1915-04-20,0.19669994604000002,8.1753,4.06427,48397.36189770857,0.0062911208614135905,0.0006742991193247061
BRG,1916-04-26,0.19363500052,8.34754,4.10293,47194.322233135834,-0.009330842261519923,-0.01652910463396362
BRG,1917-05-02,0.19800537744000002,9.20417,4.15034,47708.23051605411,0.017850061040065812,0.009100023773906063
BRG,1918-05-08,0.19679301304,8.98002,4.20187,46834.626735239304,0.005704353578521282,-0.0036469432989537642
BRG,1919-05-14,0.20021940744,8.6542,4.24815,47130.96464107906,0.006260105824893003,-0.0021205062349343162
BRG,1920-05-20,0.20079706452,8.92579,4.2972,46727.41890533371,0.002526321328129022,-0.005869684603800773
BRG,1921-05-26,0.2048745582,9.06442,4.34852,47113.629050803494,0.011756081266373286,0.0026622387234926936
BRG,1922-06-01,0.2058051242,8.89213,4.40041,46769.53379344197,0.003824721902684791,-0.005313908931234623
BRG,1923-06-07,0.20571876468,8.892,4.45378,46189.70058691718,-0.0017952739618203317,-0.010573871612706065
BRG,1924-06-13,0.22267050572,8.07549,4.49928,49490.25304493163,0.07935880688424102,0.07084257245752967
BRG,1925-06-19,0.21406506576,9.03744,4.54786,47069.40533789519,-0.037951233718775956,-0.04576943202714501
BRG,1926-06-25,0.21545550832,9.03661,4.6041,46796.444108511976,0.003657768437648201,-0.005522145578443882
LAH,1837-01-13,0.10167706276,7.81874,0.730075390863939,139269.2645614035,0,0
LAH,1838-01-26,0.10621995644,7.86627,0.741,143346.7698245614,0.06736991952161864,0.06676963318828211
LAH,1839-01-25,0.0907930894,8.05239,0.741,122527.78596491228,-0.08569571742308091,-0.07599235573066254
LAH,1840-02-07,0.07345389635999999,8.58058,0.741,99128.0652631579,-0.19142672816475337,-0.1914640793091199
LAH,1841-02-20,0.07372520324000001,8.51252,0.7161132633784771,102951.8750877193,0.02021481710780937,0.017107650708287236
LAH,1842-02-12,0.05033586844,7.54127,0.741,67929.64701754386,-0.29910621319799113,-0.3005370792958114
LAH,1843-02-18,0.059199370880000005,5.91838,0.741,79891.18877192982,0.19153277436381133,0.19197128190285628
LAH,1844-03-03,0.0676623506,6.64332,0.741,91312.21403508773,0.13373145759632998,0.13291109748202135
LAH,1845-03-02,0.04914096876,6.76897,0.741,66317.09684210527,-0.29661295271684207,-0.2958548728633217
LAH,1846-03-15,0.0588251508,6.92122,0.7409999999999999,79386.16842105264,0.14225747716217163,0.13899499474713894
LAH,1847-03-28,0.042554616520000005,6.25241,0.741,57428.63228070176,-0.26614691299144255,-0.2664785601168129
LAH,1848-03-20,0.0435021912,5.25708,0.741,58707.41052631579,0.019941688214206055,0.020779511926423355
LAH,1849-03-26,0.037636839240000004,6.05375,0.741,50791.955789473686,-0.15695854011895338,-0.1559955835866471
LAH,1850-04-08,0.028506293399999997,5.22069,0.741,38470.03157894737,-0.17912043165613012,-0.17192084428926624
LAH,1851-04-07,0.02375214972,4.73888,0.741,32054.18315789474,-0.10697510694970647,-0.11048605076206686
LAH,1852-04-20,0.00943620496,6.43696,0.7606482426608823,12405.477894736841,-0.5258297623647695,-0.5134785582969952
LAH,1853-05-03,0.01840208968,5.8671,0.741,24834.12912280702,0.4701099840740275,0.5135035328432469
LAH,1854-04-25,0.01910142468,4.71596,0.741,25777.90105263158,-0.02867375758658386,-0.02385354032331477
LAH,1855-05-01,0.01522720004,6.41349,0.741,20549.527719298247,-0.1158684128231503,-0.11764886808185693
LAH,1856-05-14,0.01426855508,6.05308,0.749188685520313,19045.34245614035,0.8249950803228172,0.7742537487950758
LAH,1857-05-13,0.01530896328,6.9386,0.741,20659.86947368421,0.04080421359034214,0.0422156733186978
LAH,1858-05-26,0.014655838079999999,7.47228,0.741,19778.45894736842,-0.05189869808948322,-0.056685597503358554
LAH,1859-06-08,0.01584894324,7.57805,0.741,21388.587368421053,0.03830935436167637,0.03837362800923838
LAH,1860-05-31,0.016495562720000002,8.10403,0.741,22261.218245614036,0.007537685660755855,0.010744017854057208
LAH,1861-06-06,0.016333929560000002,8.33825,0.741,22043.089824561404,-0.008535901556748104,-0.007268050479965926
LAH,1862-06-19,0.01705867124,8.2871,0.741,23021.148771929824,0.0227567676769167,0.022538635519550487
LAH,1863-06-18,0.01884432108,8.42094,0.7456234768474481,25273.24,0.0761046612554428,0.07461949361835774
LAH,1864-07-01,0.018651276799999998,9.21552,0.741,25170.41403508772,-0.018758735918902536,-0.018024316879872715
LAH,1865-07-14,0.01964453192,9.20762,0.741,26510.839298245617,0.03912838159006693,0.03900227385417088
LAH,1866-07-06,0.01694726072,8.64487,0.741,22870.797192982453,-0.12461838756483468,-0.12489002495644796
LAH,1867-07-12,0.01741877488,9.49567,0.7349591978129019,23700.329122807016,0.0144624980673278,0.014916938177241157
LAH,1868-07-25,0.01690742352,9.36026,0.741,22817.035789473684,-0.01861415620543061,-0.018250883190151668
LAH,1869-07-24,0.01667121924,9.53851,0.741,22498.271578947366,-0.020159820769109715,-0.014945443674472592
LAH,1870-08-06,0.018108630799999997,9.63413,0.741,24438.098245614034,0.0645896801215855,0.0768806549105574
LAH,1871-08-19,0.017976528439999997,9.86576,0.7402311457956292,24285.020350877192,-0.04107572199107801,-0.04526764337459521
LAH,1872-08-11,0.019410023880000002,10.0188,0.741,26194.364210526317,0.046947985656316193,0.04656982932871134
LAH,1873-08-17,0.016211220999999998,9.75105,0.741,21877.491228070176,-0.12393524066193018,-0.12594879336035913
LAH,1874-08-30,0.016918483919999998,9.00505,0.741,22831.962105263156,0.04699234753533332,0.048776078483925955
LAH,1875-08-29,0.01474226936,8.14735,0.741,19895.100350877194,-0.12637760727672875,-0.12821221491813806
LAH,1876-09-11,0.01440600616,8.2371,0.741,19441.303859649124,-0.04012745822250363,-0.04156965009675739
LAH,1877-09-24,0.015748134480000002,8.65043,0.741,21252.54315789474,0.08845949259850894,0.08741595993578022
LAH,1878-09-16,0.01379686932,8.79478,0.741,18619.256842105264,-0.32240604781913673,-0.3291253960057259
LAH,1879-09-22,0.01465027148,8.23521,0.741,19770.946666666667,0.021267110177714654,0.021159649280373838
LAH,1880-10-05,0.014261428480000001,8.47387,0.741,19246.192280701754,-0.029457889507689572,-0.03379879130847341
LAH,1881-10-04,0.014695560880000002,8.15084,0.741,19832.065964912283,0.05241056450549908,0.04121275310028616
LAH,1882-10-17,0.01636229088,7.94903,0.7514581495156574,21774.054736842103,0.11050434652409646,0.11557820180262457
LAH,1883-10-30,0.01629883008,7.89935,0.741,21995.722105263158,0.022211477798948165,0.018342397121793086
LAH,1884-10-22,0.014823999840000001,7.8431,0.741,20005.39789473684,-0.05301463198999001,-0.05123931323315667
LAH,1885-10-28,0.013265564,7.90745,0.741,17902.245614035088,-0.07963188460334258,-0.07913942839417387
LAH,1886-11-10,0.01176765512,8.00007,0.7345005927634762,16021.301052631577,-0.08579426360916431,-0.08547252784484538
LAH,1887-11-09,0.01175860764,7.68257,0.741,15868.566315789474,0.007564725080914547,0.011602113578650819
LAH,1888-11-22,0.01067164072,7.53985,0.7348329902006405,14522.53894736842,-0.09983739053261387,-0.0986920527913947
LAH,1889-12-05,0.00946697076,7.538,0.741,12775.938947368422,-0.0862714973573141,-0.08608641197288569
LAH,1890-11-27,0.00770643692,7.14834,0.741,10400.049824561404,-0.15569978023149633,-0.1515802291346119
LAH,1891-12-03,0.00694255796,7.00409,0.741,9369.174035087719,-0.08213909432289457,-0.08065857112686847
LAH,1892-12-16,0.0056225135200000005,6.98698,0.741,7587.73754385965,-0.12542601172563705,-0.12379807285101663
LAH,1893-12-15,0.00380202316,8.03654,0.741,5130.935438596492,-0.3577881561259374,-0.32105934253002844
LAH,1894-12-28,0.0065366964,7.49979,0.7409999999999999,8821.452631578948,0.4426201740386875,0.4334914007259463
LAH,1896-01-10,0.00726037364,7.23083,0.741,9798.075087719299,0.10415996978466802,0.10068315401504258
LAH,1897-01-02,0.007539584,6.54528,0.741,10174.877192982456,0.04101853127262567,0.03961926882632438
LAH,1898-01-08,0.00794120704,6.40451,0.7410000000000001,10716.878596491228,0.04284006092507342,0.04273940402584442
LAH,1899-01-21,0.008565650079999999,7.30008,0.741,11559.581754385965,0.044605170078908296,0.04559570853823125
LAH,1900-01-20,0.00478973664,6.78924,0.7529247133169019,6361.508070175439,-0.3815061532568206,-0.4020678571719616
LAH,1901-02-02,0.01064816324,4.68904,0.741,14369.990877192982,0.41603465722856536,0.4555183317637461
LAH,1902-02-15,0.008392126599999999,5.18302,0.741,11325.40701754386,-0.24528537795751826,-0.23304135756084499
LAH,1903-02-07,0.0045417044400000006,4.4305,0.741,6129.155789473685,-0.3715700357428887,-0.3785508754858503
LAH,1904-02-13,0.00262194868,4.89057,0.7107014402050685,3689.240701754386,-0.29869574138318933,-0.29405352007769125
LAH,1905-02-26,0.00243467796,5.42782,0.741,3285.665263157895,-0.02764561358500961,-0.02443621449351152
LAH,1906-02-25,0.001810016,5.72772,0.741,2442.666666666667,-0.21381512972302175,-0.2106430081698255
LAH,1907-03-10,0.00113801948,4.3318,0.741,1535.7887719298244,-0.3127450401812417,-0.3189868299254133
LAH,1908-03-23,0.000630838,4.99412,0.741,851.3333333333333,-0.39096610721430125,-0.4129197281148148
LAH,1909-03-15,0.00047957,6.09399,0.741,647.1929824561404,-0.2965419371020861,-0.30403731324793737
LAH,1910-03-21,0.00040368432,8.25304,0.741,544.7831578947369,-0.11071816688486735,-0.11218194895699418
LAH,1911-04-03,0.00078282672,5.20352,0.7409999999999999,1056.4463157894738,-0.177835069747321,-0.2021753789348586
LAH,1912-04-02,0.00119132936,5.59421,0.741,1607.7319298245613,0.09113573419483112,0.1302439502561903
LAH,1913-04-15,0.0008720425999999999,6.00582,0.741,1176.8456140350877,-0.20930847911825678,-0.2087205226455079
LAH,1914-04-28,0.00048887852,6.04842,0.741,659.7550877192982,-0.3570483733055454,-0.335956920061684
LAH,1915-04-20,0.000020383479999999997,3.85134,0.741,27.508070175438593,-0.9772910034877083,-0.9768006618560656
LAH,1916-04-26,0.0000398658,4.7949,0.741,53.800000000000004,1.2246288207101252,0.9171410689748152
LAH,1917-05-09,0.000036673,5.28584,0.7066423046758796,51.897543859649126,2.046867975635173,2.237693475394648
LAH,1918-05-08,0.0003293004,7.48428,0.741,444.40000000000003,10.376494879926833,10.70644363500742
LAH,1919-05-21,0.0000387374,4.63823,0.7017555713759042,55.20070175438597,-0.5574524864880985,-0.43751824152862195
LAH,1920-06-03,0.00003674528,4.67466,0.741,49.58877192982456,-0.036819783853322186,-0.015512242569349577
LAH,1921-05-26,0.0000327236,4.73469,0.741,44.161403508771926,-0.0703121271145799,-0.0639131297104325
LAH,1922-06-01,0.000028563600000000002,4.80435,0.741,38.54736842105263,-0.11814393930038314,-0.12065727031468987
ETH,1837-01-13,0.13092106612,7.08402,3.67895,35586.53042851901,0,0
ETH,1838-01-19,0.16211905892,6.48597,3.7179600000000006,43604.30422059409,0.28283642067074877,0.27061480477185396
ETH,1839-01-25,0.15653794624,6.31977,3.7601999999999998,41630.21813733312,0.0017620705919485502,-0.0049999080889108205
ETH,1840-01-31,0.16159958152,6.76053,3.8230600000000003,42269.69535398346,0.015660831232700012,0.0036242566302271406
ETH,1841-02-06,0.17134279708,7.33406,3.89368,44005.3617862793,0.032981085561560874,0.019006758317529515
ETH,1842-02-12,0.17751128148,7.38753,3.95037,44935.355797051925,0.012901038991583569,0.001099463835840142
ETH,1843-02-18,0.17677638992,7.37544,4.03071,43857.38242642115,-0.005910753205744967,-0.021432329128779015
ETH,1844-02-24,0.18583750952,7.43429,4.10804,45237.51217612292,0.03707477784504509,0.022609048084513805
ETH,1845-03-02,0.18545096856,6.94832,4.14609,44729.12275420939,0.002037874628713965,-0.006019959212218429
ETH,1846-03-08,0.18677256364,6.9624,4.20481,44418.78792145186,0.006236973901542209,-0.0031755405738150833
ETH,1847-03-14,0.18726443112,6.96041,4.25404,44020.37383757558,0.0020654899954712924,-0.007208969502376927
ETH,1848-03-20,0.18692106368,6.96344,4.30354,43434.25730445168,-0.0027902195198848956,-0.011997321260409755
ETH,1849-03-26,0.19059248312,7.01395,4.3836,43478.529774614464,0.012634929616071044,-0.0003755019336164622
ETH,1850-04-01,0.18113343040000002,7.13289,4.44282,40769.92324694676,-0.05498180950047593,-0.06477564235146915
ETH,1851-04-07,0.18120985480000001,6.91157,4.51466,40138.09562624871,-0.006295520763919593,-0.018273051364731563
ETH,1852-04-13,0.18579346656,6.93788,4.5825,40544.128000000004,0.018246053306723242,0.006586504715575314
ETH,1853-04-19,0.1946429576,7.18479,4.64159,41934.54346463173,0.007314605675043273,-0.003186116567490793
ETH,1854-04-25,0.19502279576,7.21073,4.69488,41539.46336434584,0.00521033865247178,-0.002001686342169795
ETH,1855-05-01,0.19833637252,7.20542,4.74645,41786.25552149501,0.012660924946353624,0.004372129845776174
ETH,1856-05-07,0.19701586632,7.23588,4.80712,40984.17895122235,-0.006279982879986767,-0.016700474483717587
ETH,1857-05-13,0.20201291500000002,7.27101,4.88175,41381.249551902496,0.0196813196209491,0.008523927879019899
ETH,1858-05-19,0.20354977187999998,7.29638,4.95993,41038.83963684971,-0.001071181179442715,-0.012781757791735626
ETH,1859-05-25,0.22076744196,7.30418,5.04275,43779.17643349363,0.0271267623705016,0.014345371470573909
ETH,1860-05-31,0.31440083688000003,7.26408,8.20629,38312.177229905355,0.29239709281374515,-0.10235126780147485
ETH,1861-06-06,0.37023232428,7.59609,8.25296,44860.54994571645,0.1320005274258571,0.1265524270221392
ETH,1862-06-12,0.41248625548,7.08691,8.32498,49548.017590432646,0.04850333351509262,0.04192867192021543
ETH,1863-06-18,0.41260884704,7.07774,8.36806,49307.58706797036,-0.0023896793999437227,-0.006393138991248493
ETH,1864-06-24,0.43567698356,7.15547,8.41513,51773.05443409669,0.06156351105789182,0.057385782086782244
ETH,1865-06-30,0.7498463024,6.76772,15.53726,48261.16718134343,0.35333181266570723,-0.038695979720880236
ETH,1866-07-06,0.89586902912,6.19004,15.53843,57655.05454025921,0.17927834865602166,0.17874618911384133
ETH,1867-07-12,0.82526613468,6.97374,15.87328,51990.90135624143,0.0001654753598885339,-0.009136247304442513
ETH,1868-07-18,0.8372666484,7.23308,15.95769,52467.91035544618,-0.00524877047099348,-0.009259682340927333
ETH,1869-07-24,0.83379016396,8.30084,16.07485,51869.234484925204,0.05002300217986777,0.044306076844570885
ETH,1870-07-30,0.93667607852,8.45216,16.22483,57731.02575003867,0.057007311727833576,0.04964196442331881
ETH,1871-08-05,1.00253204168,8.88081,16.40035,61128.697965592204,0.05544057361490928,0.04672962191693286
ETH,1872-08-11,0.99767244564,8.77091,16.50211,60457.26550362349,-0.06028647578181878,-0.06450874053927402
ETH,1873-08-17,0.94536344864,8.5408,16.58472,57002.074719380245,-0.014549951658207938,-0.017919701506512897
ETH,1874-08-23,1.0253998310399999,8.30688,16.70408,61386.19014276751,0.08573103957455741,0.07998597584701539
ETH,1875-08-29,1.05565141084,8.22367,16.81337,62786.425971711804,-0.0017613184998672704,-0.006763743121405819
ETH,1876-09-04,0.98817779164,8.22328,16.93705,58344.1503473155,-0.04395502201268775,-0.04875255832715486
ETH,1877-09-10,0.98818720572,8.39113,17.13182,57681.39086915459,-0.04999689583056577,-0.05780157570628952
ETH,1878-09-16,0.9951379203999999,9.49246,17.29929,57524.783988244606,-0.007769136425377132,-0.01460432629053654
ETH,1879-09-22,1.01857741804,9.69552,17.47902,58274.28643253455,0.0347307591331083,0.026575215311233302
ETH,1880-09-28,1.016466334,9.72503,17.64638,57601.974682626125,-0.003585905594111205,-0.010711069783652216
ETH,1881-10-04,1.03601622748,9.60828,17.84031,58071.64939846897,0.02154483653796313,0.013398496389653625
ETH,1882-10-10,1.0368890064,9.52472,18.04865,57449.67110559516,0.0016738368453674823,-0.007167820854898532
ETH,1883-10-16,3.31646861728,9.66241,65.17209,50887.86652814111,2.138205473177004,-0.0787053037067168
ETH,1884-10-22,3.29921417904,9.6515,65.87747,50081.06988686723,0.009198925794599466,0.0010497268081357536
ETH,1885-10-28,3.84696802256,10.25586,66.83583,57558.46860224523,0.1360044875885602,0.12342358746444737
ETH,1886-11-03,4.5029950664400005,11.08503,67.74684,66467.9720329391,0.07900808481115984,0.06855910343975302
ETH,1887-11-09,5.59228243444,10.59613,68.82905,81248.86852920389,0.13063016119676463,0.11708498834735148
ETH,1888-11-15,6.92563319968,10.68782,69.92475,99044.08953453533,0.20064419567730085,0.1862511230523951
ETH,1889-11-21,8.39415071352,10.6388,71.02376,118187.92349940358,0.11371320863379064,0.10081789461555535
ETH,1890-11-27,9.31392936136,11.0556,72.00859,129344.69847777885,0.07588295502024711,0.0646574407480589
ETH,1891-12-03,10.63828270076,11.04102,73.01772,145694.53415910547,0.08313886507572366,0.07171415790288971
ETH,1892-12-09,11.683101064959999,10.9395,74.08529,157697.9865363286,0.0774422888680073,0.06572625415482247
ETH,1893-12-15,12.67426110392,11.4388,75.15889,168632.8936459812,0.0501905268678704,0.03873622932794052
ETH,1894-12-21,14.17256993412,11.99097,76.29997,185748.04071508808,0.04880345370932049,0.03713571702566831
ETH,1895-12-27,14.56426511228,12.0365,77.54346,187820.6764604004,0.027635926879133743,0.015103058945863168
ETH,1897-01-02,16.33289893976,12.18323,78.80972,207244.72742397766,0.0770529843372234,0.06386859733431693
ETH,1898-01-08,17.71465173348,12.09211,91.06414,194529.3914100545,0.05813811521609469,-0.02363563557116599
ETH,1899-01-14,21.24715391604,12.0471,92.48783,229729.18616470945,0.15439899496824006,0.14102428064320205
ETH,1900-01-20,22.825750616239997,12.40999,94.68735,241064.41479500695,0.007422878670326316,-0.012310433279069
ETH,1901-01-26,23.91295412272,12.65568,96.21128,248546.26321071706,0.06292569902332623,0.050261287044866876
ETH,1902-02-01,28.43369099324,12.64669,97.79732,290741.00387658883,0.1609023348165719,0.14666092806253395
ETH,1903-02-07,30.55566291336,12.74185,99.4,307401.035345674,0.033000923650119196,0.020368886098441896
ETH,1904-02-13,31.4362879324,12.90446,101.02533999999999,311172.30520976224,0.0202204938114936,0.007482538113333437
ETH,1905-02-19,18.73410560892,11.06506,99.95159,187431.7918196199,-0.2734636033748794,-0.26630404457660184
ETH,1906-02-25,27.38590063352,12.44217,101.25988,270451.64021051576,0.33372947284129584,0.3205343197416215
ETH,1907-03-03,27.83344395468,12.44078,102.92099,270435.05853062624,-0.0015774188713627568,-0.01368591779748396
ETH,1908-03-09,30.98892888676,12.81637,104.77591,295763.8725042808,0.09952932418700655,0.08476975291548339
ETH,1909-03-15,32.36201254676,12.93954,106.64848999999998,303445.57664867083,0.02159847115033009,0.008050135780417023
ETH,1910-03-21,33.16178202584,13.00118,108.57580000000002,305425.16864568344,0.006467913574436324,-0.007029987169063112
ETH,1911-03-27,34.21370615624,12.9902,110.51462,309585.3395346245,0.010516522523480454,-0.002941366511405863
ETH,1912-04-02,34.94991134856,13.3577,112.50744,310645.3346424023,0.019799460415591774,0.00620027392629563
ETH,1913-04-08,37.52435887512,13.40284,114.51424,327682.9054196229,0.05136251702024852,0.03732633557082976
ETH,1914-04-14,36.66470121184,13.41665,116.47194000000002,314794.2861760523,-0.03422317566032418,-0.04641630719512324
ETH,1915-04-20,40.61611374288,13.64846,118.49081999999999,342778.56919953803,0.0850294469289321,0.07111530582250425
ETH,1916-04-26,41.76511893372,13.9099,120.62084,346251.2691316028,0.0320871773848328,0.018227173887256587
ETH,1917-05-02,45.0605504284,14.01364,122.76557999999999,367045.4734006063,0.06595954124867309,0.05201045456195508
ETH,1918-05-08,47.24086971604,14.16941,124.89976,378230.2681449508,0.03301035966534438,0.019766424804417593
ETH,1919-05-14,49.28228539104,14.40926,127.14559999999999,387605.1187853925,0.041563212691520635,0.02770349628270119
ETH,1920-05-20,50.40936943744,14.20848,129.45048,389410.4482072218,0.0004661486726180719,-0.013072250996824075
ETH,1921-05-26,53.0663526484,14.28322,131.76239,402742.79062788707,0.03501469350383912,0.021288707805211526
ETH,1922-06-01,54.79477508856,14.30389,134.09794,408617.5752480613,0.03081266634689306,0.017227466500914224
ETH,1923-06-07,56.26867777544,14.54688,136.4877,412261.8944816273,0.00010069644358279284,-0.013089838676737853
ETH,1924-06-13,59.48885805304,14.62706,138.85088,428437.02577210893,0.035429304840267184,0.02201496971007577
ETH,1925-06-19,50.05969586852,13.54913,141.21182,354500.74836879806,-0.14037965908367278,-0.15128865309944284
ETH,1926-06-25,43.57743736632,11.87402,142.65228,305480.13229315367,-0.08797534746727398,-0.09486245822530692
JEY,1837-01-13,0.11135328776,8.42735,2.52733,44059.65495602078,0,0
JEY,1838-01-19,0.22140745744,8.16235,2.5927,85396.48144405447,0.721273609063813,0.6888550704294829
JEY,1839-01-25,0.2146680926,8.17531,2.66716,80485.64488069707,0.0019388954053201068,-0.01859422566117319
JEY,1840-01-31,0.21494773924,8.0927,2.74279,78368.28165481135,-0.013361000259755618,-0.034461676057256474
JEY,1841-02-06,0.22951320912,8.58713,2.8196699999999995,81397.18801136305,0.05344671333780204,0.031234802430244457
JEY,1842-02-12,0.23344324952,8.8957,2.90885,80252.76295443217,0.012548831737738242,-0.010147346525081757
JEY,1843-02-18,0.23611916744,8.82227,2.99377,78870.1762126015,0.006717388879634356,-0.01540593113783928
JEY,1844-02-24,0.25564280872,8.85783,3.09112,82702.32430963534,0.012450339395599475,-0.009661878458211759
JEY,1845-03-02,0.30322544304,8.64945,3.1822,95287.99039658098,0.09431967031202748,0.07188180990118576
JEY,1846-03-08,0.30085483584,8.66285,3.2647500000000003,92152.488196646,-0.003051442463370746,-0.022603607664856473
JEY,1847-03-14,0.30169406644,8.78787,3.35452,89936.58301038599,0.0047201190641512625,-0.014819070470345586
JEY,1848-03-20,0.39570266528000003,8.5092,3.44976,114704.40415565141,0.24150305554556573,0.214302141466987
JEY,1849-03-26,0.49596708408,8.10483,3.5922800000000006,138064.70655962228,0.07471650409514607,0.04760029121421927
JEY,1850-04-01,0.49765415024,8.20157,3.7916699999999994,131249.33083311576,-0.008288211896982256,-0.04742683953158322
JEY,1851-04-07,0.44495228024,7.98103,3.98512,111653.42078532139,-0.09321838835770868,-0.12828613539730227
JEY,1852-04-13,0.5717899356,7.9766,4.14696,137881.70987904392,0.15832803484715452,0.12542785839577064
JEY,1853-04-19,0.59021308164,8.06194,4.29575,137394.65323633823,-0.014426080871850933,-0.039487204398020115
JEY,1854-04-25,0.5533523720400001,8.05318,4.45125,124313.92800673969,-0.04889833420783596,-0.07207917851117807
JEY,1855-05-01,0.62317153236,7.99683,4.56664,136461.71635162833,0.1063664855490214,0.085358294117158
JEY,1856-05-07,0.59884546956,7.85357,4.63904,129088.23152203906,0.0047245965251803135,-0.007216694848807825
JEY,1857-05-13,0.77454477256,7.80239,4.71076,164420.34248401533,0.11797736802309933,0.1045074388951559
JEY,1858-05-19,0.81683534816,7.9306,4.78182,170821.0154627318,-0.01269734043588211,-0.023557455224481827
JEY,1859-05-25,0.86112325364,7.95187,4.85664,177308.43827007973,0.10210264701920413,0.08930166617409707
JEY,1860-05-31,0.5634226156000001,7.87478,4.92534,114392.63392984038,-0.159637248868004,-0.1684096413362116
JEY,1861-06-06,0.75056266532,7.66518,5.00143,150069.61315463777,0.4195516818913838,0.40272018306501756
JEY,1862-06-12,0.92113539544,7.80742,5.0633,181923.9222325361,0.293619875479165,0.28161851447533937
JEY,1863-06-18,1.02144318744,8.15443,5.15264,198236.86254813068,0.06185839899948564,0.047069970476290024
JEY,1864-06-24,1.22385057132,8.80704,5.15596,237366.1881240351,0.12732270414769142,0.1275365852396042
JEY,1865-06-30,1.27182762408,9.01117,5.20266,244457.1861470863,0.04060727051446289,0.03227747495983069
JEY,1866-07-06,1.2884551690400001,9.10621,5.29836,243179.9970254947,-0.005432913816528329,-0.0179169615995437
JEY,1867-07-12,1.2301584791600002,9.09478,5.35608,229675.1503263581,0.012732235347508336,0.004707763784651764
JEY,1868-07-18,0.471935087,8.86133,5.466969999999999,86324.79911175661,-0.6279702469074464,-0.634504560989883
JEY,1869-07-24,0.62404119804,10.08661,5.5617,112203.31877663305,0.12384158691441316,0.10957594895886946
JEY,1870-07-30,0.63532551576,9.86307,5.65898,112268.55648191017,0.018958208999332316,0.005598425116113859
JEY,1871-08-05,0.678318615,9.4349,5.75624,117840.57214431642,0.05800196143584779,0.0442024386148554
JEY,1872-08-11,0.79595854416,9.31948,5.84896,136085.48257467995,0.20919924558276493,0.19488210192313904
JEY,1873-08-17,0.68950443692,9.723,5.93686,116139.5816845942,-0.03208004980008805,-0.04282352776533971
JEY,1874-08-23,0.6706097294,9.68224,6.03671,111088.61108120151,-0.011899891716135369,-0.02402340460877983
JEY,1875-08-29,0.6323201404000001,10.0159,6.13923,102996.65273983871,-0.05282963071751012,-0.06491013913766275
JEY,1876-09-04,0.59682861108,10.18204,6.24588,95555.56800322773,-0.020430260750884832,-0.03322257130226536
JEY,1877-09-10,0.5948278024,10.21584,6.35789,93557.42272986793,0.0013801692892831952,-0.011688385554851188
JEY,1878-09-16,0.7761486075199999,9.6128,6.46058,120136.05705989244,0.25169928001862085,0.23657617058660718
JEY,1879-09-22,0.7626263944,10.10001,6.56267,116206.72598195552,-0.07073346020981297,-0.08173335860936448
JEY,1880-09-28,0.68680631604,9.26139,6.66513,103044.6992091677,-0.10824087450644004,-0.11822139432500733
JEY,1881-10-04,0.7338243894800001,9.41423,6.77183,108364.26630320017,0.18566353509460254,0.17129352893575733
JEY,1882-10-10,0.70676404396,9.7305,6.8808,102715.38832112546,-0.04925384659061627,-0.06067589996918743
JEY,1883-10-16,0.90471349696,9.3891,6.99375,129360.28553494191,0.2425576114064778,0.22746251841392828
JEY,1884-10-22,0.91025316148,9.58303,7.10271,128155.75484286984,0.006611129807475802,-0.005159401591006696
JEY,1885-10-28,0.78693116996,9.61786,7.21396,109084.49311612484,-0.12036800787451074,-0.13036977419031437
JEY,1886-11-03,0.79937302796,9.72755,7.32365,109149.53990974446,0.034926318936035594,0.023127930016683562
JEY,1887-11-09,0.97913267556,9.16284,7.42291,131906.8499496828,0.11655995961240939,0.10534865804930615
JEY,1888-11-15,0.83680390248,9.93269,7.5368,111029.07102218448,-0.07220334347380164,-0.08281200308926684
JEY,1889-11-21,1.01757467188,9.89867,7.643750000000001,133125.05928111202,0.17701554397529384,0.1646134130515926
JEY,1890-11-27,1.13315837752,9.86413,7.7506699999999995,146201.3448540578,0.06694822157065672,0.0556251976839206
JEY,1891-12-03,1.24508631884,9.76825,7.85608,158486.9704534577,0.06976828820289027,0.059058727186716675
JEY,1892-12-09,1.26643568428,9.887,7.960989999999999,159080.17523951168,0.01536089418445985,0.00526498341513526
JEY,1893-12-15,1.30050523304,10.07988,8.08071,160939.47599158986,0.024367122748919057,0.012956944673675475
JEY,1894-12-21,1.3749928280400001,10.22104,8.20747,167529.43696900507,0.04387091625549333,0.03167368467714926
JEY,1895-12-27,1.4257695114,10.45691,8.33812,170994.12234412553,0.03422254524906987,0.02184149833927118
JEY,1897-01-02,1.3866651385600002,10.61429,8.47636,163592.05349466047,-0.025208197720118952,-0.03708515110313382
JEY,1898-01-08,1.40493817984,10.57792,8.6093,163188.4334196741,0.023980134748698978,0.011860100794781836
JEY,1899-01-14,1.42711718396,10.43063,8.73663,163348.7035573213,0.019068502652143327,0.007783813578246868
JEY,1900-01-20,1.55383504588,10.5519,8.87122,175154.60623003377,0.03177942613839546,0.020000090846920004
JEY,1901-01-26,1.56856792768,10.29913,9.00319,174223.5727203358,0.0036522327270218646,-0.007544129202272876
JEY,1902-02-01,1.4931199800400001,10.49383,9.13724,163410.39307712176,-0.008076089144438137,-0.019151049281807997
JEY,1903-02-07,1.51885359496,10.52844,9.27604,163739.43999379044,-0.020192179518382036,-0.031253161810394836
JEY,1904-02-13,1.5380340430000001,10.77174,9.41796,163308.61917018122,0.01096901387491278,-0.0005276054536955677
JEY,1905-02-19,1.65704115876,10.71978,9.56252,173284.98750956863,0.05467508699836432,0.04279863196519473
JEY,1906-02-25,1.5795724828000002,11.02386,9.7089,162693.24875114587,-0.013927157327950024,-0.025186107425635207
JEY,1907-03-03,1.6110535131600001,10.64022,9.84936,163569.36015741123,-0.01716706763514486,-0.027725653959747687
JEY,1908-03-09,1.6621566083200001,10.55687,9.99095,166366.22226314817,0.018089983304865553,0.007247757369319263
JEY,1909-03-15,1.67718296668,10.58215,10.13116,165546.9824462352,-0.009832042822470077,-0.020197954687223407
JEY,1910-03-21,1.78099790336,10.47963,10.26946,173426.6361970347,0.030802752220878693,0.02016064985239452
JEY,1911-03-27,1.77356983076,10.31119,10.40967,170377.14267215002,0.00679116917104472,-0.00339608166054417
JEY,1912-04-02,1.762184021,10.29653,10.553640000000001,166974.05075405262,-0.0015833759533973035,-0.011855896122893173
JEY,1913-04-08,1.63365704632,10.45069,10.69963,152683.50833813878,0.07302969200000287,0.06193422307206564
JEY,1914-04-14,1.8264291994000001,10.124,10.85135,168313.54618549766,0.12700152024885214,0.11495813555402679
JEY,1915-04-20,1.8382749439600001,10.08297,10.99433,167202.08907318593,0.008737681483223625,-0.0011620519946143881
JEY,1916-04-26,1.7015893804,10.31094,11.1464,152658.2017871241,-0.09847276794054982,-0.10767254515092317
JEY,1917-05-02,1.92526579492,10.17421,11.2883,170554.0953837159,0.10373223199340065,0.0931831782968433
JEY,1918-05-08,1.89283368924,10.10119,11.42422,165686.03276547545,-0.009091902744797098,-0.018025318732327822
JEY,1919-05-14,1.8288955672,10.32958,11.5743,158013.49258270478,-0.043119608884687355,-0.052475940563429524
JEY,1920-05-20,1.96725544652,8.70297,11.69562,168204.4600046855,0.07985928090062266,0.07120095463482246
JEY,1921-05-26,2.04463727676,9.07326,11.790010000000002,173421.16561054654,0.07372560502106107,0.06709435521508933
JEY,1922-06-01,1.8815630594800001,9.41738,11.89758,158146.70373975212,-0.07643115424377966,-0.08274534845998294
JEY,1923-06-07,1.74857316452,10.48012,12.062069999999999,144964.60097810742,-0.040049379710216826,-0.049917983515833875
JEY,1924-06-13,1.70190273812,10.00281,12.22661,139196.6160791912,-0.030047883495702865,-0.039818043799415115
JEY,1925-06-19,1.85027408384,10.37523,12.394589999999999,149280.7816829762,0.08325654188666887,0.07213088836275805
JEY,1926-06-25,1.84472336204,10.31663,12.57814,146661.06133657283,-0.0019841606174597626,-0.01298064417945577
BEN,1901-11-09,2.5763701506400003,8.64722,20.29051,126974.14459468983,0,0
BEN,1902-11-15,3.02463296148,9.82853,20.33482,148741.56552553698,0.07508445928914487,0.07209285437386614
BEN,1903-11-21,3.19487942228,10.11273,20.27229,157598.34839971212,0.054909667526706896,0.058132538870261374
BEN,1904-11-27,3.55403565972,11.09253,20.27119,175324.4708238638,0.05382200649951363,0.05409875134322717
BEN,1905-12-03,3.4917512812,11.08643,20.342,171652.30956641433,-0.02118359230564315,-0.02429150379585232
BEN,1906-12-09,3.68059543644,11.98005,20.29407,181363.09948866835,0.0460639565808163,0.04736890066432964
BEN,1907-12-15,3.67213583464,12.08956,20.44323,179626.00991330628,0.0012862740634049796,-0.004073653689286472
BEN,1908-12-21,3.69975600748,12.2698,20.59473,179645.7641095562,0.0018757333133261334,-0.00376285534518106
BEN,1909-12-27,3.7770920277999998,12.36997,20.75282,182003.7964864534,0.013585460256422932,0.00788488018685829
BEN,1911-01-02,3.7804478280400002,12.28879,20.89919,180889.6817551302,0.00020227609275957903,-0.005132759591037317
BEN,1912-01-08,3.78288102348,12.32185,21.00998,180051.6242033548,0.0011402709118324417,-0.0028474505898757885
BEN,1913-01-14,3.777122505,12.21896,21.0863,179126.8503720425,0.000702773762699449,-0.0019061533005994002
BEN,1914-01-20,3.6305035416,12.00802,21.02319,172690.42146315568,-0.03979487030006734,-0.037132080690817526
BEN,1915-01-26,3.57978873356,12.07061,20.90927,171205.82084214324,-0.008642577442981358,-0.004572534921509996
BEN,1916-02-01,3.5979639098,12.2649,20.77693,173171.10419104266,-0.01763065331711733,-0.012639757931503848
BEN,1917-02-07,3.4937596283200003,12.28858,20.5504,170009.32479757085,0.01392357085420759,0.023555140023191035
BEN,1918-02-13,3.4463274326,11.45694,20.47026,168357.77526030445,-0.0014626006437331585,0.0016692421360082754
BEN,1919-02-19,3.51865963956,11.57851,20.41876,172324.8443862409,0.014473734205104005,0.01627019405065777
BEN,1920-02-25,3.46734071788,11.65186,20.38987,170052.1247992263,-0.020204932748632665,-0.01896786101016945
BEN,1921-03-03,3.31154555732,11.72871,20.28014,163290.07380225186,-0.0009563267120624719,0.004707601384293936
BEN,1922-03-09,3.5086328446,11.62049,20.31618,172701.40570717526,0.009432108717779109,0.007904613491640067
BEN,1923-03-15,3.24467252148,11.5195,20.36495,159326.31906682806,-0.030578437064230912,-0.03196970984246206
BEN,1924-03-21,2.3152881258,9.51868,20.37648,113625.51951073001,-0.2715143034792663,-0.27298356180951533
BEN,1925-03-27,2.6023697102,10.55538,20.172,129009.0080408487,0.06966013790365988,0.07794825653957482
BEN,1926-04-02,2.52705700416,10.53006,20.17112,125280.94643034201,-0.016436271498310395,-0.016481031569398175
D06,1877-09-17,0.8588858278,10.593,34.81719,24668.441875981378,0.06900570906182191,0.059429050289284246
D06,1878-09-30,0.8633747199999999,10.49938,34.81719,24797.36934542966,-0.020352014219261028,-0.01908582033836448
COC,1837-01-13,0.10122784776,8.47054,5.42161,18671.178443303743,0,0
COC,1838-01-19,0.18560820408,9.27517,5.54201,33491.13481931645,0.7893740591250651,0.7610663627132361
COC,1839-01-25,0.18317360048,9.23641,5.66907,32311.049339662415,-0.0018129680802249082,-0.01912422766405031
COC,1840-01-31,0.18671132168,9.2402,5.80834,32145.38434044839,0.006130475862239804,-0.011394619609806922
COC,1841-02-06,0.1876510532,9.23686,5.94207,31580.08121748818,0.00595772198276423,-0.011704534171317116
COC,1842-02-12,0.1943105866,9.23292,6.0985,31862.029449864724,0.015087689650765457,-0.004284006415990027
COC,1843-02-18,0.20081935016,9.25142,6.28739,31940.01806154859,0.03201265739490711,0.008465802579929349
COC,1844-02-24,0.20804152875999998,9.26093,6.50447,31984.393618542323,0.013196111675402689,-0.013365337095851304
COC,1845-03-02,0.2162820608,9.24608,6.72893,32142.117810706903,0.03975685946323293,0.013233187998431317
COC,1846-03-08,0.23646587588,9.26278,6.988720000000001,33835.362681578314,0.06605743394636843,0.03669022879805528
COC,1847-03-14,0.32560661067999996,9.28246,7.23975,44974.84176663559,0.3498437342741778,0.31388731059683717
COC,1848-03-20,0.37027709212,9.21848,7.56542,48943.36231431963,0.08964911191016944,0.0569436129405656
COC,1849-03-26,0.43495415028,9.35445,8.02683,54187.5373316739,0.0867396230495181,0.03987304505590483
COC,1850-04-01,0.47028622004,9.34809,8.48876,55401.05033479566,0.06467871666746827,0.0192796846720662
COC,1851-04-07,0.57910129628,8.57859,8.93596,64805.71715629882,0.21992739343248302,0.1764858599658039
COC,1852-04-13,0.733904613,8.48741,9.33861,78588.20670313892,0.19840038034993657,0.1593967348000247
COC,1853-04-19,0.86883734704,9.27258,9.72969,89297.53641071812,0.18423366697377785,0.14789717401564895
COC,1854-04-25,0.84389829264,9.17501,10.16121,83050.96466267304,-0.01305389177938343,-0.04460963240239113
COC,1855-05-01,1.1062340458,8.87398,10.29349,107469.28843375764,0.23694776638902693,0.2265935330351656
COC,1856-05-07,1.9112137824,7.50434,10.41857,183443.00440463517,0.7462056001396336,0.7309165543526486
COC,1857-05-13,1.89860971664,6.90503,10.47718,181213.81102930367,-0.014332159644168785,-0.018361255108572783
COC,1858-05-19,2.09360700016,8.10028,10.53356,198755.88121774595,0.06520822237318846,0.06071923410390556
COC,1859-05-25,2.01640667384,8.41988,10.63272,189641.66025626555,-0.04975652025703947,-0.05612666876131733
COC,1860-05-31,2.2205503585199997,8.66051,10.7378,206797.51518188082,0.09619542494425315,0.0876706480205085
COC,1861-06-06,2.5093456596,11.38582,10.86814,230890.07498983265,0.13515991922029946,0.12459973505453026
COC,1862-06-12,2.52417870328,11.66176,11.01528,229152.47758386531,0.023770654005528025,0.013803451228331598
COC,1863-06-18,2.585760151,11.86887,11.16284,231639.99045045886,0.01713083763017842,0.006737666845778145
COC,1864-06-24,2.62816641152,11.98231,11.32088,232152.1305340221,0.01793077252895059,0.007019317093476252
COC,1865-06-30,2.6346576776,12.11548,11.48923,229315.42649942602,-0.0036109194771667408,-0.014349829198846087
COC,1866-07-06,2.45111571536,11.75175,11.64466,210492.68208432017,-0.01829546424454853,-0.028425713839324573
COC,1867-07-12,2.794938159,11.20308,11.79942,236870.80881941656,0.05361086186986719,0.04336737174458505
COC,1868-07-18,3.18056413532,9.55754,61.82897,51441.324921311156,0.07016201865632588,-0.7951815906349843
COC,1869-07-24,3.29345995732,9.53686,62.7487,52486.505016358904,0.019159861566663272,0.007786781000283849
COC,1870-07-30,3.36546431312,9.5681,63.950070000000004,52626.43673603485,-0.005600192836011431,-0.01938061633882704
COC,1871-08-05,3.0175273008400003,9.93172,65.20658,46276.423343165676,-0.04348989728004604,-0.057690022847274536
COC,1872-08-11,3.3299022421599997,9.74885,66.49513,50077.38524851368,0.05946942729897464,0.043993803191924696
COC,1873-08-17,5.410153107839999,9.32429,80.12546000000002,67521.02400210868,0.6502754295884614,0.37646120037163655
COC,1874-08-23,6.16443515688,9.66624,81.56905,75573.21259570878,0.11690919327903493,0.10162353981049788
COC,1875-08-29,6.3915220782399995,9.35958,83.03627,76972.65397687058,0.03892438178723068,0.025174875744980785
COC,1876-09-04,6.268445702999999,9.44793,84.50171,74181.28820115,-0.009162992883274823,-0.02200355071341742
COC,1877-09-10,6.2345950368,9.67048,85.94957,72537.82696993132,-0.027095711508073994,-0.039824160117598706
COC,1878-09-16,5.21797464344,9.36331,87.31681,59759.10759268461,-0.1118863918522085,-0.12212442850047789
COC,1879-09-22,6.3908482872,9.52177,88.81316,71958.34814570274,0.09846369577725289,0.08444865947535019
COC,1880-09-28,6.17507866456,9.09659,90.20772,68453.9933451372,-0.013695611845778055,-0.025466477373322527
COC,1881-10-04,7.348795422279999,8.92111,91.56123,80260.9949896916,0.12491734188398285,0.11281403224196307
COC,1882-10-10,7.39146313724,8.66608,92.67625,79755.7425687811,0.025533401225063423,0.016021490839371433
COC,1883-10-16,7.98790950828,8.55866,93.74179,85211.83037234514,0.0625100963887999,0.053337105454343225
COC,1884-10-22,8.52613489208,8.81687,94.88365,89858.84177179102,0.04332596531616373,0.03402389003850792
COC,1885-10-28,8.6498377316,8.45412,95.86096,90233.16407012823,-0.00026854586405811176,-0.008190378160604972
COC,1886-11-03,9.10826206472,8.43024,96.73605,94155.81951836981,0.02349387402164549,0.016584558391858906
COC,1887-11-09,9.28561866388,8.58325,97.55562,95182.81636547438,-0.029548051974144895,-0.03562095258193898
COC,1888-11-15,9.536887516519998,8.22172,98.20507,97111.96699437207,-0.017199049575550185,-0.022494574911834597
COC,1889-11-21,9.09198376788,7.91055,98.51722,92288.26968402074,0.006545455699042968,0.004159047541999694
COC,1890-11-27,9.30495334808,7.79111,98.67089,94302.92306150273,0.003991955928092539,0.0027591046883321813
COC,1891-12-03,9.499184902480001,7.91801,61.39448000000001,154723.76185090255,0.01713357308543828,0.09931360637117947
COC,1892-12-09,9.88346981336,7.96917,99.20955,99622.16150924987,0.1692345881090609,-0.2760643009285617
COC,1893-12-15,9.814929795320001,8.12317,99.69979,98444.83920497728,0.035372326021814615,0.031429627029311735
COC,1894-12-21,11.459880409639998,8.38021,100.23147,114334.1548282191,0.11617913842469862,0.11191933081760852
COC,1895-12-27,11.7447660356,8.79413,101.0399,116238.89211687658,0.006488708927947062,0.0004193737721178703
COC,1897-01-02,12.228667165,8.46992,101.64678,120305.5046603542,0.03357098148612936,0.029066095231264688
COC,1898-01-08,11.91704379008,8.59052,102.32816,116459.08408868096,0.005309343368415487,0.00010171679712378534
COC,1899-01-14,12.17256701336,8.87953,102.801,118409.03311602026,-0.0030360070313005805,-0.006440517484533559
COC,1900-01-20,12.810511497679999,8.92953,103.32642,123980.9866409772,0.06220104110407321,0.05806312482587095
COC,1901-01-26,13.127844684240001,8.91488,103.87847,126376.954572396,-0.01093178733230682,-0.01475513258481953
COC,1902-02-01,13.53035184644,8.77798,104.45413,129533.90973090293,0.0120950030227025,0.007984192972140702
COC,1903-02-07,12.86289909736,9.08976,103.25683,124571.89609016663,-0.03301963064790647,-0.03256183167163296
COC,1904-02-13,14.72487151044,9.80163,98.69736,149192.1517499556,0.05729355149298643,0.10268975342435827
COC,1905-02-19,14.69149952764,9.82665,99.6523,147427.60104523427,0.02988922911162839,0.02236144543607832
COC,1906-02-25,14.41620776804,9.39684,100.5384,143390.0655673852,-0.018510442772102342,-0.02501974329829526
COC,1907-03-03,14.499606425720001,9.38788,101.56989000000002,142754.96828558148,0.029893011084690668,0.021883317281950587
COC,1908-03-09,15.35256881184,9.45179,102.57293,149674.66379131415,0.07901725480407062,0.0707328696669618
COC,1909-03-15,13.40544103132,9.25559,100.34712000000002,133590.6903089994,-0.0544498835149726,-0.04278689694204041
COC,1910-03-21,16.51146244956,9.84511,97.38317,169551.4989865292,0.12717998786084284,0.1567034153731688
COC,1911-03-27,15.85370386808,9.68595,98.304,161272.21545491536,-0.04160061876760257,-0.04850058839558158
COC,1912-04-02,18.3354823002,9.8185,99.27159,184700.19771215512,0.09645177983046271,0.08864092797094236
COC,1913-04-08,18.67855551588,9.8757,100.19462,186422.73922372278,0.043389247729381575,0.03591901000904274
COC,1914-04-14,17.9938313984,9.84011,101.13048,177926.8861217706,0.021256246823705638,0.013954864638427766
COC,1915-04-20,18.51310543212,9.8533,102.10991,181305.6679035365,0.025653241084290235,0.01845293772404566
COC,1916-04-26,19.3437016916,9.89881,102.94813,187897.55279284818,0.005621783274270431,-0.00076247249628969
COC,1917-05-02,19.302863205079998,9.53946,103.7414,186067.11693769315,0.03423974136974195,0.028401008041109455
COC,1918-05-08,19.93061356416,9.44932,104.49787,190727.46233162456,0.024124198588191037,0.01860568849470834
COC,1919-05-14,19.794418243080003,9.38596,105.28728,188003.89033775023,0.05509234411233788,0.04893194395757017
COC,1920-05-20,16.13393435784,9.47696,106.15316,151987.3205643619,-0.20897071907346199,-0.21365818320013863
COC,1921-05-26,15.65215201836,9.39423,107.0353,146233.55115891673,-0.033155057013687816,-0.03935621178501214
COC,1922-06-01,14.95657910968,9.16083,107.70494,138866.23129524052,-0.0506910393457356,-0.055107603203103483
COC,1923-06-07,14.791452118559999,9.03986,108.38368,136473.0568159339,0.012577259334067392,0.007860686782440451
COC,1924-06-13,15.54208783712,9.08596,108.52248,143215.3765479742,-0.0038057846254188066,-0.00719364469997652
COC,1925-06-19,15.352238831800001,9.54262,103.83540999999998,147851.67056016828,-0.010055283260735792,0.026841614386119428
COC,1926-06-25,15.2474503376,9.20356,104.47415,145944.7177852129,0.023412735979664978,0.01886606206307606
D11,1893-05-26,13.78908341616,12.42424,226.97921,60750.42474665411,0,0
D11,1894-06-01,12.524992906920001,11.84753,229.4898,54577.55816127776,-0.04298468801472477,-0.05116327812592836
D11,1895-06-07,13.10639849584,11.50662,231.6766,56571.956321182195,0.017377395275921748,0.01002552322700967
D11,1896-06-13,14.314417456040001,11.76076,233.9767,61178.815907908785,0.07414372116402057,0.06658645316851453
D11,1897-06-19,15.563493214880001,11.898,235.98695,65950.65199529042,0.0567763949923652,0.04934661088574521
D11,1898-06-25,14.9968780832,11.02051,237.67278,63098.84574581911,-0.007041292510263197,-0.012405675425879337
D11,1899-07-01,16.09379577728,10.6954,239.77248,67121.11322066652,0.026388700484459404,0.01957913754851437
D11,1900-07-07,15.43701789292,10.32937,236.69076,65220.196567538165,-0.09234227064909895,-0.08333818244654922
D11,1901-07-13,17.618622558680002,10.99612,230.86325999999997,76316.26859414531,0.08099674844802807,0.10210054884412578
D11,1902-07-19,17.02519212316,11.15898,232.80293999999998,73131.34500431997,-0.009031323933734514,-0.015069785809148861
D11,1903-07-25,18.251069532280003,10.9999,234.52809000000002,77820.39896491717,0.04323569292547336,0.03736513641142403
D11,1904-07-31,18.7833584796,10.79618,236.08432,79562.07544660315,0.017303227587215364,0.012680976796313859
D11,1905-08-06,18.83624041156,10.79019,235.97610000000003,79822.66175074509,0.02923531815376257,0.02910537377038147
D11,1906-08-12,18.933428378800002,10.67074,234.08711000000002,80881.9775629679,0.005700314582886223,0.007959867670199738
D11,1907-08-18,19.60082448896,10.87632,227.20432999999997,86269.59041211936,0.07772588612237552,0.10504503823587963
D11,1908-08-24,16.73929236252,10.80119,226.74951,73822.83808472178,-0.11483255524162372,-0.1138162487872223
D11,1909-08-30,16.8913711928,11.46604,226.61363,74538.19610409136,0.052801640846976916,0.05337037059710914
D11,1910-09-05,17.71612838944,11.44269,226.71964,78141.127912165,-0.006145199967779957,-0.006495941974347219
D11,1911-09-11,19.41261802792,11.45437,227.22467,85433.58442514186,0.07869438481268731,0.07700877669532491
D11,1912-09-17,15.77862025948,11.22973,223.03635000000003,70744.6129721904,-0.08597820533013545,-0.07720473329910571
D11,1913-09-23,18.455331218479998,11.78972,213.11131,86599.4921549682,0.04616058212503793,0.08853120754658383
D11,1914-09-29,18.51772858208,12.28979,213.88363,86578.52207801036,0.035466691351181634,0.03260182554548474
D11,1915-10-05,19.64882449036,11.97278,214.88528,91438.67132434572,-0.0174583221843555,-0.020494795860486525
D11,1916-10-11,18.97426515452,11.76947,215.6998,87966.07671643645,-0.07829247481483625,-0.08141126711989177
D11,1917-10-17,18.76906181644,11.61015,216.16753000000003,86826.4619410695,-0.021655599231417133,-0.02333661210861937
D11,1918-10-23,20.77270113412,11.93625,216.17462,96092.22920859071,0.10675886889490172,0.10690429629947928
D11,1919-10-29,21.28401497196,11.9126,215.90382,98581.0022812936,0.011764175430140078,0.012415377995621535
D11,1920-11-04,21.553874886440003,11.89706,215.96191,99804.05751384585,0.008661028119569147,0.008586334017560038
D11,1921-11-10,21.55542507612,12.04889,208.04949,103607.1997875121,-0.0641450171668766,-0.03659473984754469
D11,1922-11-16,22.38968744948,12.34825,208.4683,107400.92114474959,0.009628794907864613,0.008040051237312218
D11,1923-11-22,23.67941881812,12.45606,208.96141,113319.57808917924,0.012271518233807122,0.010672808436061443
D11,1924-11-28,24.360976525079998,12.49523,209.27704,116405.39509293518,0.006954575002577901,0.0057343954309667655
D11,1925-12-04,22.98310266772,12.28164,209.27264,109823.7336123824,-0.05269283880513709,-0.05264383222841451
D11,1926-12-10,23.375367745080002,12.23197,209.51623,111568.29112990436,0.013883341295914065,0.01342981238834251
BNY,1837-01-13,0.06000106268,7.90395,2.46,24390.675886178862,0.4849144593946262,0.4723961439693367
BNY,1838-01-19,0.06662829368,7.80077,2.46,27084.672227642277,0.0482559279883914,0.04696077933623033
BNY,1839-02-01,0.08351883591999999,7.01878,2.46,33950.74630894309,0.18812163810641325,0.1888424931224606
BNY,1840-01-31,0.06992455132,7.86012,2.46,28424.614357723578,-0.01953530159648964,0.008322094587735585
BNY,1841-02-13,0.07105105903999999,7.88252,2.4646476630359606,28828.0796097561,0.010070332990221642,0.008859478693806988
BNY,1842-02-26,0.07239505728,7.89338,2.46,29428.885073170728,0.01409762801838177,0.013471773569534218
BNY,1843-02-18,0.07083735619999999,7.8008,2.46,28795.67325203252,-0.014464886813004174,-0.014394275516965704
BNY,1844-02-24,0.07113093,7.83828,2.46,28915.012195121948,0.00002275922994687818,0.00031029387633685346
BNY,1845-03-09,0.07464652208,7.91632,2.46,30344.114666666665,0.04830277775779934,0.04829673644276711
BNY,1846-03-08,0.07641321012,7.9821,2.46,31062.280536585367,0.016162787017991898,0.016837356842704043
BNY,1847-03-21,0.07547040020000001,7.9573,2.46,30679.02447154472,-0.015203911116841495,-0.014054607036275812
BNY,1848-04-03,0.07669220676,8.00045,2.46,31175.69380487805,0.009715820078254778,0.010489977093175673
BNY,1849-03-26,0.07709188292000001,8.01698,2.46,31338.163788617887,0.003963851465389467,0.003920505352133841
BNY,1850-04-01,0.07702420648,8.02456,2.46,31310.653040650403,-0.00216771879197164,-0.0022565059756045613
BNY,1851-04-14,0.07746977211999999,8.03006,2.46,31491.777284552845,0.003439479083119368,0.0034730767124946382
BNY,1852-04-13,0.0777684388,8.03354,2.4609292987210583,31601.248699186996,0.0029527835379750123,0.003000207318034187
BNY,1853-04-26,0.07806632288000001,8.046,2.46,31734.27759349594,0.0041573072844494074,0.0039190324239215535
BNY,1854-05-09,0.07789634424000001,8.03088,2.460911699686598,31653.44951219512,0.0028820404398750554,0.0034107858273360048
BNY,1855-05-01,0.07551346764,8.0345,2.46,30696.53156097561,-0.035446638137061726,-0.03561078557410868
BNY,1856-05-07,0.0759523336,8.04492,2.4604900018141094,30868.78367479675,0.004125782532343081,0.004206965337371749
BNY,1857-05-20,0.07622044196,8.04514,2.46,30983.91949593496,0.0026356318638725007,0.0025940948093652327
BNY,1858-05-19,0.07646590588,8.04458,2.46,31083.701577235774,0.0024823265562710084,0.0024542496052990526
BNY,1859-06-01,0.07675473624,8.04439,2.46,31201.112292682927,0.002862344159968888,0.0028568647096707256
BNY,1860-06-14,0.07701224388,8.05198,2.4605329088700243,31299.009902439026,0.0036371311184490995,0.0033503671676426983
BNY,1861-06-06,0.07735888056000001,8.05087,2.46,31446.69941463415,0.0033720864265807116,0.0033675763567047046
BNY,1862-06-12,0.07803618107999999,8.05934,2.46,31722.02482926829,0.009568793232417327,0.00977726573644322
BNY,1863-06-25,0.07851224004,8.0577,2.46,31915.54473170732,0.003994910753251757,0.004025248619897948
BNY,1864-06-24,0.07887413144,8.0554,2.46,32062.655056910568,0.003548958809771019,0.0035348688969010222
BNY,1865-07-07,0.07923397196,8.05318,2.46,32208.93169105691,0.0034740029881721313,0.00349949047627951
BNY,1866-07-20,0.07962477588,8.05205,2.46,32367.79507317073,0.003451183258631918,0.003429733150347891
BNY,1867-07-12,0.07907373188000001,8.05358,2.46,32143.793447154476,0.005746032053082661,0.005034564996071023
BNY,1868-07-18,0.078875329,8.03963,2.46,32063.141869918698,0.00157159212668323,0.002372304684515436
BNY,1869-07-31,0.07934455671999999,8.03627,2.46,32253.884845528453,0.004424986304684797,0.004424265830952789
BNY,1870-07-30,0.08187776896,8.06615,2.46,33283.645918699185,0.03046810329518168,0.030439631107617604
BNY,1871-08-12,0.08244083951999999,8.05931,2.4611035064967597,33497.51008130082,0.00486224053319706,0.004843252941403975
BNY,1872-08-25,0.08405094203999999,8.0749,2.46,34167.0496097561,0.0074589644048441706,0.00873789151824722
BNY,1873-08-17,0.08237729864,8.75007,2.46,33486.70676422764,0.017627443160372236,0.017661690441024502
BNY,1874-08-23,0.08684275236,8.62322,2.46,35301.931853658534,0.032524593421015435,0.029722721848028266
BNY,1875-09-05,0.08589889152,8.74833,2.4613833290357676,34898.62408130081,0.009453757963841625,0.008548161447779368
BNY,1876-09-04,0.08639283796000001,8.7411,2.46,35119.03982113821,0.004260511227696995,0.004200862429748264
BNY,1877-09-17,0.08666816963999999,8.73663,2.46,35230.96326829268,0.0009037814864687466,-0.004098410383543416
BNY,1878-09-30,0.08497610212,7.92035,2.46,34543.13094308943,-0.015190242373418594,-0.017818662121502626
BNY,1879-09-22,0.0903256874,8.05857,2.46,36717.75910569105,0.03748251170370365,0.027727018857763852
BNY,1880-09-28,0.09182380012,8.0384,2.46,37326.748016260164,-0.16144738491709765,-0.15742497760734975
BNY,1881-10-11,0.09227677731999999,7.9522,2.46,37510.88508943089,0.0036427506802465537,0.0035723460976215815
BNY,1882-10-10,0.09269943956,7.88151,2.461022369562682,37667.044682926826,0.003542163084650163,0.0035379847235463835
BNY,1883-10-23,0.09950115136,7.83264,2.46,40447.622504065046,0.03929786286798986,0.03908106344537754
BNY,1884-11-05,0.09627557732,7.71704,2.46,39136.41354471545,-0.0048442169769215004,-0.0031000796506969186
BNY,1885-10-28,0.10156826212,7.7003,2.46,41287.91143089431,0.04196903755375314,0.0426797338792364
BNY,1886-11-03,0.11148271836,6.74489,2.4620655572630183,45280.15837398374,0.05688930150602767,0.057643587312052436
BNY,1887-11-16,0.09865684972,7.54029,2.46,40104.41045528455,-0.026736502318177258,-0.029716969552710304
BNY,1888-11-15,0.09986878251999999,7.50927,2.4630578899835704,40546.66474796748,0.009285879662145335,0.009287573146547157
BNY,1889-11-28,0.10117532932000001,7.48537,2.46,41128.1826504065,0.010884016137787667,0.010780824972432823
BNY,1890-12-11,0.10948593708,7.45686,2.6267259321983376,41681.52289430894,0.015295036349690205,0.017559549354705606
BNY,1891-12-03,0.1027070772,6.755,2.46,41750.8443902439,-0.053885658068740794,-0.0516631959713002
BNY,1892-12-09,0.10393229548,6.73466,2.46,42248.90060162602,0.017307378947040153,0.017538191663553526
BNY,1893-12-22,0.1007171646,6.71823,2.46,40941.93682926829,-0.006958109857107209,-0.007000218521786561
BNY,1894-12-21,0.10880563876,7.4961,2.46,44229.93445528456,0.030762471897701538,0.025238364797575796
BNY,1896-01-03,0.1316818438,6.59572,2.46,53529.20479674797,0.21502146073726247,0.22163534005687247
BNY,1897-01-16,0.13977756623999998,6.50042,2.46,56820.14887804878,-0.007341171013978909,-0.003752131457270158
BNY,1898-01-08,0.13700976848,5.8731,2.46,55695.027837398375,-0.010244773162233711,-0.00977744085536325
BNY,1899-01-14,0.12965508816,5.78144,2.46,52705.320390243905,-0.013821528834292218,-0.012457980512748712
BNY,1900-01-27,0.12627333784,6.6626,2.46,51330.62513821138,-0.028501625654128948,-0.027966925448171254
BNY,1901-01-26,0.12809892264,6.69741,2.46,52072.73278048781,0.05270770419836035,0.051153984749283454
BNY,1902-02-08,0.12639764228,7.5388,2.46,51381.15539837399,0.004295189786974296,0.022347048658168278
BNY,1903-02-21,0.12025931684,7.71407,2.46,48885.90115447155,-0.17974141197827298,-0.16426834641285326
BNY,1904-02-13,0.12038146068000001,7.72835,2.46,48935.55312195122,-0.09507789650335585,-0.08848386325170643
BNY,1905-02-19,0.11610204736,7.727,2.46,47195.954211382115,-0.015443871263959297,-0.012775042249761559
BNY,1906-03-04,0.11568237928,7.66702,2.4423667743716546,47364.86775609756,0.005376613938332442,0.005603581064002494
BNY,1907-03-03,0.12741607216,6.90115,2.46,51795.15128455284,0.09076148950035012,0.09186576153113823
BNY,1908-03-16,0.14799376488,7.40335,2.46,60160.06702439024,0.05011348470728261,0.06127807326549717
BNY,1909-03-29,0.16359736432,8.22715,2.4599999999999995,66502.99362601626,0.03273073156617512,0.02162943986264554
BNY,1910-03-21,0.16540359940000002,8.18542,2.46,67237.23552845529,0.008864164181983991,0.008891748762055007
BNY,1911-03-27,0.1668217928,8.10265,2.46,67813.7369105691,0.006569515734339726,0.006591614631358489
BNY,1912-04-09,0.17229151576,8.01105,2.46,70037.20152845529,0.02997354550192699,0.02987932213083333
BNY,1913-04-08,0.17007132688,7.40774,2.4600000000000004,69134.68572357723,0.0013652537610862048,0.0035752576095673394
BNY,1914-04-21,0.16928092636,7.38218,2.46,68813.384699187,-0.006840365660721215,-0.0069370630783938125
BNY,1915-05-04,0.17028823188,8.40333,2.46,69222.85848780489,0.0029377552159313147,0.0031597827114329124
BNY,1916-04-26,0.16521938368,8.22793,2.46,67162.3510894309,-0.03140285519408026,-0.03149176192545999
BNY,1917-05-02,0.18736796312,9.36702,2.471699350205407,75805.32118699187,0.09199017012812205,0.09101212907691014
BNY,1918-05-15,0.19268504371999998,9.35062,2.46,78327.25354471544,0.01523513174646518,0.015557185621414282
BNY,1919-05-14,0.20279391028000002,9.31536,2.4628905604204667,82339.7976097561,0.04851826062120668,0.0485854142768245
BNY,1920-05-27,0.20628185136,9.21641,2.46,83854.41112195123,0.013333403459125481,0.013139585463521897
BNY,1921-06-09,0.21106712484,9.13491,2.4635288087419993,85676.74308943089,0.018114485356563792,0.01805507103153392
BNY,1922-06-01,0.21193504904000002,9.03962,2.46,86152.4589593496,0.002048280990556872,0.00197442439394524
BNY,1923-06-07,0.21253598704,8.86113,2.463292755122965,86281.25365853659,0.00021736366828184472,-0.00008383919919652261
BNY,1924-06-20,0.22714432363999998,7.92532,2.46,92335.0909105691,-0.14128124332895786,-0.14341368173710511
BNY,1925-06-19,0.2259341214,6.82853,2.46,91843.1387804878,0.0034190009393724186,0.009350490190917826
VNZ,1837-01-13,0.37619309364,8.34095,10.1606,37024.69279766943,0,0
VNZ,1838-01-19,0.4038328788,8.39376,10.33252,39083.67743783704,0.05424441431416427,0.042567546090456876
VNZ,1839-01-25,0.41779753652,8.34106,10.62959,39305.14126320959,0.020618426141305157,-0.003359194159892942
VNZ,1840-01-31,0.440433253,8.85374,10.74648,40983.9550252734,0.05877309439503908,0.050092155197523525
VNZ,1841-02-06,0.45826291992,8.44798,10.96568,41790.65228239379,0.02657336551092082,0.014502358480818378
VNZ,1842-02-12,0.44019135108,9.31301,12.39668,35508.80970388846,-0.07627754352888494,-0.16136686806721445
VNZ,1843-02-18,0.41414350952,8.98112,12.63527,32776.78352104862,0.017384659214728426,0.00643755160920878
VNZ,1844-02-24,0.45635010044,9.5837,12.806879999999998,35633.19875254551,0.07674817434000003,0.0656142809472382
VNZ,1845-03-02,0.48686174992,9.29251,12.98536,37493.12686902789,0.10778305092360485,0.09616799943115639
VNZ,1846-03-08,0.45181578000000006,9.40354,13.16553,34318.08518153086,-0.023792270277475547,-0.03383801748410853
VNZ,1847-03-14,0.45295233464,9.90835,13.68242,33104.69453795454,0.007346653906353806,-0.021826462403900848
VNZ,1848-03-20,0.52087081436,10.09761,14.37461,36235.474517917355,0.13299140153217537,0.0909144667258428
VNZ,1849-03-26,0.52691217384,9.41949,14.58304,36131.84725818485,-0.023797634434446602,-0.034107093608281125
VNZ,1850-04-01,0.481483561,10.03812,14.78817,32558.697999820128,-0.0660330707914143,-0.0759701250682413
VNZ,1851-04-07,0.5047100786000001,10.21795,15.02453,33592.4037956595,0.049298085478598486,0.037072712891440096
VNZ,1852-04-13,0.50726046072,10.18302,15.2554,33251.20683299028,0.00708987523564919,-0.0045971409825085185
VNZ,1853-04-19,0.49583619904,10.01493,15.4847,32021.04006148004,-0.09026317451777743,-0.10032500500109753
VNZ,1854-04-25,0.54477755696,10.05178,15.763390000000001,34559.67003036783,0.03732936008729504,0.02360744385998359
VNZ,1855-05-01,0.52865969988,9.7643,16.21668,32599.7491397746,-0.04921906373010476,-0.06781700004690872
VNZ,1856-05-07,0.6258540059200001,9.98601,16.93142,36964.05888696873,0.2029813675086034,0.1654100988291416
VNZ,1857-05-13,0.6613133202,10.37964,17.27282,38286.355105883114,0.1331024282676645,0.11625029978301327
VNZ,1858-05-19,0.6572895024800001,10.22011,17.58958,37368.11808354719,0.023145144587367383,0.009204546289678595
VNZ,1859-05-25,0.75069860424,10.28983,18.08224,41515.79694993541,0.09202447628753663,0.07349360271916039
VNZ,1860-05-31,0.71589662872,10.34591,19.8038,36149.45761520517,0.02835358140535127,-0.043349260822649116
VNZ,1861-06-06,0.7275480482400001,10.56631,20.18874,36037.31823977128,0.04982674092048467,0.034266281193604975
VNZ,1862-06-12,0.678915965,11.11686,21.40829,31712.76010367946,-0.044181360486399424,-0.0865819328298314
VNZ,1863-06-18,0.80360420192,10.9898,21.79303,36874.36771848614,0.04331004531437399,0.029197495277557106
VNZ,1864-06-24,0.91214945328,11.07581,22.17975,41125.326177256284,0.04386322946268151,0.029972510625899895
VNZ,1865-06-30,0.90842779872,10.96532,22.7192,39985.025824852986,-0.0017528680662171059,-0.02004409504993443
VNZ,1866-07-06,0.90655029296,10.56008,23.27253,38953.66309378482,-0.05143631695002504,-0.0690716890238372
VNZ,1867-07-12,1.04857585456,10.90845,23.84536,43973.99974502377,0.14624836134091113,0.12578383044762287
VNZ,1868-07-18,1.1516971024,11.16249,26.80453,42966.50985486408,0.07187626877454201,-0.01914219961032937
VNZ,1869-07-24,1.1447076685200002,11.2681,28.895369999999996,39615.6086085764,0.013388522976976347,-0.043881384626555664
VNZ,1870-07-30,1.32580064604,10.39073,29.54518,44873.66961514535,0.13936010129568643,0.12073295454418753
VNZ,1871-08-05,1.42792835796,10.37507,30.20097,47280.87733473461,0.11930013076417612,0.10024794268130366
VNZ,1872-08-11,1.93634059372,10.25646,30.83483,62797.187262585845,0.2782161042847284,0.2576354394034608
VNZ,1873-08-17,1.92287269148,9.86912,31.47117,61099.49809555857,0.015798124815115333,0.00038966408145579834
VNZ,1874-08-23,2.1468175289599998,10.91764,32.18432,66703.83369790009,0.08247924874232959,0.06417869967777445
VNZ,1875-08-29,2.31482093908,10.8103,32.97811,70192.65018765477,0.0751943037083409,0.055372603114594465
VNZ,1876-09-04,2.46411224592,11.26506,35.5447,69324.32249871289,0.059127771185155664,-0.002265619125204066
VNZ,1877-09-10,2.58454510912,11.41636,36.4817,70844.97457958375,0.021859119708297126,0.0036863141958209944
VNZ,1878-09-16,2.6278169112,11.38047,37.23773,70568.66546913574,-0.006834876171470827,-0.022412045335687192
VNZ,1879-09-22,2.94498298276,11.24124,38.00101,77497.49237612369,0.07556176527872838,0.05960739841228069
VNZ,1880-09-28,3.2453896820800003,11.52769,38.88733,83456.22294150821,0.07248042204613347,0.05489573263359682
VNZ,1881-10-04,3.5312311517599997,11.38882,41.75358,84573.1348487962,0.08356626257774957,0.024922252572465053
VNZ,1882-10-10,4.26257691548,11.24518,43.71574,97506.68558921799,0.1623631276027031,0.12651620715629308
VNZ,1883-10-16,4.98061945316,11.38839,44.57897,111725.76336241058,0.06155503280398422,0.0457806390251676
VNZ,1884-10-22,5.59510992612,11.53352,45.51431,122930.78651791051,0.0909741284889185,0.0743431256277356
VNZ,1885-10-28,6.21418400356,11.52261,48.63296,127777.21124850308,0.1254504118730615,0.06771458201249891
VNZ,1886-11-03,7.02314271464,11.96451,50.34114,139510.99865120256,0.09495142287171987,0.06980165916472525
VNZ,1887-11-09,7.47333270216,12.07017,51.37812,145457.49634591534,0.049020303782328245,0.03322883652829334
VNZ,1888-11-15,8.18465975236,12.46724,54.1834,151054.74651572254,0.04407639868012114,0.0027543017240503342
VNZ,1889-11-21,9.055852063960002,12.63317,56.27767,160913.77030996486,0.10283259209750861,0.07085923082459122
VNZ,1890-11-27,9.13169960352,12.68131,57.47520000000001,158880.69295139468,-0.021725390511521225,-0.03701519524265129
VNZ,1891-12-03,9.06421828312,12.83603,58.66051,154519.93654879578,-0.02888174071638605,-0.04371661237454416
VNZ,1892-12-09,9.26623514128,12.74284,59.84533,154836.3947743291,0.011695460741154795,-0.0035646819497583415
VNZ,1893-12-15,9.96144131008,12.58341,64.86093,153581.53683704505,0.03673733088578213,-0.01974686504596379
VNZ,1894-12-21,9.82941795628,12.87567,66.05212,148813.05787429685,0.030923552990066216,0.0169425649370738
VNZ,1895-12-27,11.25184769124,12.91603,67.23265,167356.89715101218,0.1054201255146483,0.09063188636302888
VNZ,1897-01-02,11.737043872840001,12.66482,68.53006,171268.54803337395,0.01392614711535356,0.0003837178434868971
VNZ,1898-01-08,12.497477621200002,13.00485,71.11402,175738.59024141796,0.0643671987513934,0.033769481195397244
VNZ,1899-01-14,13.49367547424,13.20127,72.30584,186619.44144815963,0.06967661133167824,0.056401563550623424
VNZ,1900-01-20,13.064309249679999,13.10689,73.50656,177729.84138667354,-0.007017860176843915,-0.019359992570207596
VNZ,1901-01-26,13.86447425532,13.28634,74.6449,185739.06931779665,0.02955295692147364,0.017789945143468877
VNZ,1902-02-01,15.22181970868,13.20262,75.76498,200908.3841727405,0.08098605891086552,0.06892356873346328
VNZ,1903-02-07,15.70515931608,13.44631,76.9473,204102.7991375916,0.01320554410967123,0.0013450554255409752
VNZ,1904-02-13,15.49188039672,12.94603,78.05558,198472.42691323283,0.023779607833056327,0.012435392315462979
VNZ,1905-02-19,19.0266781952,13.61676,79.18099,240293.51230895196,0.17054971048404632,0.15791497168799462
VNZ,1906-02-25,18.99242283588,13.76869,80.50762,235908.38775112218,0.056426823199011045,0.04322893876256617
VNZ,1907-03-03,18.9405572122,13.53564,81.79317,231566.4891359511,0.005251069163134892,-0.006739527057753603
VNZ,1908-03-09,18.576208183520002,13.8242,82.96019,223917.13644243102,-0.060695628176837046,-0.07098450040631366
VNZ,1909-03-15,23.3142821574,13.24855,83.9686,277654.768060918,0.42418875032887327,0.41085327346684264
VNZ,1910-03-21,32.85815812396,14.8824,85.22711,385536.458105408,0.3417574097277558,0.32677661803584734
VNZ,1911-03-27,34.03989080232,15.14926,86.58098,393156.68178299675,0.021123533230411606,0.009150189460680247
VNZ,1912-04-02,38.586155609559995,15.82908,87.98832,438537.2468704937,0.12466296344541572,0.11096360136270156
VNZ,1913-04-08,36.37518819948,16.15761,89.42533,406766.0493898093,-0.06725329493077181,-0.0785836003895225
VNZ,1914-04-14,36.9425788992,16.44368,90.94258,406218.72503727075,0.017570281923564135,0.004776897741321839
VNZ,1915-04-20,24.7478118004,17.14394,92.28119,268178.29072642,-0.4166184861613149,-0.423005913023598
VNZ,1916-04-26,39.12862656092,15.6108,93.31446,419320.0770911604,0.5214560679873426,0.509616616019656
VNZ,1917-05-02,38.78836406432,15.77886,94.64632,409824.32348473766,-0.01108680782069904,-0.021762300821678293
VNZ,1918-05-08,41.67892843868,15.20625,95.8525,434823.5929024282,0.06659356914565673,0.0563634483281612
VNZ,1919-05-14,40.268779237960004,15.36316,96.95179,415348.486479311,-0.03536558529991829,-0.04391640661403218
VNZ,1920-05-20,42.996356018200004,15.37189,97.79917,439639.27319833083,0.04013132939599506,0.033417800149456944
VNZ,1921-05-26,43.672652564319996,15.32948,98.89727,441596.13874397136,0.019707394060001437,0.01127392749342504
VNZ,1922-06-01,47.6563187646,15.5629,100.19577,475632.04279581865,0.07949437143535709,0.06889578690707698
VNZ,1923-06-07,50.17130721824,15.96793,101.48836,494355.2858499241,0.03452264540290817,0.024373838417179217
VNZ,1924-06-13,51.955044758759996,16.03675,102.9086,504865.9175108785,0.03365825942310585,0.02296631037331509
VNZ,1925-06-19,54.13619495128,16.20644,104.28878,519098.9380763683,0.04031239964457023,0.029906181167061563
VNZ,1926-06-25,54.888395886480005,16.58312,105.67891,519388.3612773826,0.012515635880820719,0.0023441120717355712
