country,date,gdp,sol,pop,gdpc,gdpGrowth,gdpcGrowth
CLM,1837-01-13,0.94590826564,9.17006,16.42143,57602.06423192134,0,0
CLM,1838-01-19,1.0119470857600001,9.59889,16.68013,60667.8176824761,0.01891389255035225,0.0066951494307845305
CLM,1839-01-25,1.0233536487200001,9.5323,16.95853,60344.47848486868,-0.0036432613181298645,-0.01589425974879055
CLM,1840-01-31,0.97268819856,9.61818,17.26532,56337.68725746178,-0.03871875525853741,-0.051340552205333956
CLM,1841-02-06,1.02011298948,9.89715,17.58392,58013.9689830254,0.02962055418087539,0.015311368099207634
CLM,1842-02-12,1.06303593396,9.90663,17.90837,59359.72586896518,0.02834915873372168,0.014274089156866232
CLM,1843-02-18,1.21004592852,10.18282,18.25681,66279.15438239211,0.02243684178921823,0.007787327422240198
CLM,1844-02-24,1.25069160632,10.42751,18.61846,67174.81501262725,0.1639894353694431,0.14678313004032084
CLM,1845-03-02,1.2716455226799999,10.50797,18.98307,66988.40191180877,-0.004980122156961531,-0.019455445336307053
CLM,1846-03-08,1.41554090132,9.97513,19.35481,73136.3883871761,0.1326550185823312,0.11617869969726313
CLM,1847-03-14,1.5223825656,9.81982,19.68857,77323.16595872631,0.06460162192147911,0.05105355715464377
CLM,1848-03-20,1.4845825779200001,10.46635,23.32525,63647.01677023826,-0.027800058723797205,-0.15800958148934308
CLM,1849-03-26,1.4528215078,10.11591,24.44129,59441.27776398055,0.004553435527079541,-0.016118227150853204
CLM,1850-04-01,1.5406036068800002,10.73311,25.74749,59835.09875642248,0.05095340909561963,0.006673938140419944
CLM,1851-04-07,1.6833913335200001,10.61964,26.36157,63857.77984846882,0.08621130915611941,0.06929983250130811
CLM,1852-04-13,1.80191743004,10.80462,29.22367,61659.51880923923,0.048712295897186175,-0.03454636647716458
CLM,1853-04-19,1.86945463848,10.70048,33.23014,56257.80205801119,0.04210271331057913,-0.04654083591486746
CLM,1854-04-25,2.1402632316,10.94183,36.98844,57863.03049277018,0.08467702367712193,-0.004873688249372843
CLM,1855-05-01,2.15914323716,10.94175,38.02862,56776.79697974842,0.001637403908738122,-0.016110147317551338
CLM,1856-05-07,2.26379001316,11.03743,40.36344,56085.16056015048,0.03744707003193315,-0.00987425119713159
CLM,1857-05-13,2.17213888632,10.97825,41.1585,52774.97688982835,-0.017461516979290104,-0.032055819881853354
CLM,1858-05-19,2.114036977,11.30203,45.55692,46404.29987365256,-0.02470068404278425,-0.0995469600621679
CLM,1859-05-25,2.2619011349999996,11.28728,47.25697,47863.86293916008,0.06763117739663715,0.04230829899771127
CLM,1860-05-31,2.29133307676,11.62469,48.30343,47436.23955400269,0.013379308673011181,-0.003417620999269233
CLM,1861-06-06,2.4243822881200003,11.31731,49.53094,48946.82572388087,0.08344987643898838,0.06346052482352005
CLM,1862-06-12,2.7319893884399997,11.67667,50.73675,53846.36163017931,0.0973499876190913,0.07727293920983191
CLM,1863-06-18,2.84328024708,11.21509,51.88447,54800.217619646115,0.013570537805785543,-0.00327682518774286
CLM,1864-06-24,3.07953224332,11.06075,52.96288,58145.10546480856,0.07296828428967306,0.05632451350921586
CLM,1865-06-30,3.1793713759599997,11.01058,54.02925,58845.373125853126,0.0205822165045233,0.005344774229464333
CLM,1866-07-06,3.3902306334000003,11.1624,55.14151,61482.368426254565,0.060387891220779144,0.044315900630490734
CLM,1867-07-12,3.70460076272,10.99332,56.22821,65885.09153536988,0.09509061845006261,0.07941444390080377
CLM,1868-07-18,3.6964896139600003,11.09226,58.33693,63364.486508974675,-0.017236484449798528,-0.04689183272529596
CLM,1869-07-24,3.9868914441200003,11.15264,60.01509,66431.48321730418,0.07211677960744134,0.04983568594333332
CLM,1870-07-30,4.255997785,11.19281,61.17195,69574.33570451816,0.039824207734584505,0.02511721972073122
CLM,1871-08-05,4.39444217732,11.34407,62.33893,70492.74309520551,0.011486735654586022,-0.003113560138082505
CLM,1872-08-11,4.51099986116,11.37779,63.52461,71011.84660810983,0.017261077335621433,0.002921997187671499
CLM,1873-08-17,5.45892267284,11.41243,64.78125,84267.01665744332,0.10873184690910609,0.09253948381719468
CLM,1874-08-23,5.9889161903999995,11.19227,66.03544,90692.45529976026,0.04459044612932672,0.02959119364203322
CLM,1875-08-29,6.832309238040001,11.02749,68.28283,100058.9641354935,0.07204981804192756,0.05282331466788159
CLM,1876-09-04,6.84173111388,10.68956,75.15716,91032.32631302194,0.08868115013405276,0.006535644392507534
CLM,1877-09-10,7.926479613,10.76333,76.48937,103628.51221025876,0.11053387714273755,0.09586388994230854
CLM,1878-09-16,8.17889382492,10.79996,77.85556,105052.14816925085,0.028040943002870078,0.01467696242842309
CLM,1879-09-22,8.143342820079999,10.40263,79.10191,102947.48660405292,-0.021391363237625804,-0.03336060903376725
CLM,1880-09-28,9.347875032080001,10.86179,80.371,116309.0546600142,0.05918594701991875,0.04655798575579184
CLM,1881-10-04,10.04692773968,10.83634,81.64391,123057.89543494425,0.06381587392896781,0.05149353455228378
CLM,1882-10-10,9.8415936216,10.88177,82.9677,118619.57872280419,-0.06743624032362916,-0.07800679949808986
CLM,1883-10-16,11.00213397816,11.1644,84.59565,130055.55224364372,0.061980291740845184,0.046572671283335865
CLM,1884-10-22,12.67440888636,11.32849,85.34485,148508.18633297735,0.10149630723270353,0.09486410669258927
CLM,1885-10-28,11.70574795572,11.62084,85.73739,136530.25775242283,-0.07197005435049675,-0.07533494150975206
CLM,1886-11-03,14.33398539872,11.83128,86.63734,165448.12431591275,0.1501819296143141,0.1414853525458022
CLM,1887-11-09,14.81942791316,12.19043,87.02311,170293.01656950664,0.01440427760279217,0.013197731287881709
CLM,1888-11-15,15.80451389608,12.25609,88.19073,179208.33511730767,0.05908089641196912,0.04852420354026732
CLM,1889-11-21,16.1494243248,12.12665,89.4311,180579.51120806966,0.004998994779183752,-0.0055501964268749315
CLM,1890-11-27,17.362675886399998,12.23225,90.59258,191656.7105871143,0.06213043051010647,0.05144420572956099
CLM,1891-12-03,17.23062376568,12.35566,91.99097,187307.77342254354,-0.014185589626607209,-0.02553697331188287
CLM,1892-12-09,18.979866900279998,12.74931,91.83424,206675.27602210242,0.0707364934778536,0.0697196730225309
CLM,1893-12-15,19.974516662360003,12.86988,93.42075,213812.42028521502,0.0512973425737564,0.03746496911337993
CLM,1894-12-21,21.48885833172,13.04825,95.0542,226069.530138805,0.04322172406337432,0.028983757762303775
CLM,1895-12-27,22.95366090264,13.30103,96.55468,237727.0672186993,0.07123344830659462,0.05885339154137004
CLM,1897-01-02,25.46049354992,13.36877,98.44548,258625.3177892982,0.05699117201406567,0.041714223146633644
CLM,1898-01-08,25.708432412,13.60304,100.92315,254732.75865844457,0.023012217446312544,0.004339572341714115
CLM,1899-01-14,26.99963675292,13.52471,103.46809,260946.50778728013,0.036935055851613496,0.017425363115995518
CLM,1900-01-20,30.0616333758,13.67634,105.96578,283691.8991753753,0.09842390180798088,0.07876309260833247
CLM,1901-01-26,31.82837390876,13.88934,108.5213,293291.49124420737,0.06289745888714005,0.04387170658378303
CLM,1902-02-01,35.48161363136,14.15356,111.29033,318820.27514304256,0.0844062056080428,0.06396493863524855
CLM,1903-02-07,38.444782789920005,14.5032,113.99345999999998,337254.2844994792,0.06993824295749373,0.05012264819955359
CLM,1904-02-13,40.09769703784,14.76809,116.06749999999998,345468.77496146644,0.0339910116474067,0.019840249811712507
CLM,1905-02-19,42.294670629639995,14.96737,118.11533,358079.4349864662,0.040459327327589056,0.026843043093624175
CLM,1906-02-25,43.55805057812,15.21332,120.52652,361398.06059380126,0.0034197476682544803,-0.011867975293959998
CLM,1907-03-03,46.854489753239996,15.65905,123.05513,380760.14996887976,0.03240959583539116,0.0161530035047579
CLM,1908-03-09,43.53987450332,15.2032,124.61523000000001,349394.48816424765,-0.08128749743356878,-0.09035569498201557
CLM,1909-03-15,37.99374276152,14.61365,124.27102000000001,305732.92760870553,-0.10503363309198532,-0.10287410585988377
DEN,1874-02-15,4.1024105798,10.99393,23.09569,177626.6731931369,0.004084404723145196,0.002806442497216066
DEN,1875-02-28,4.57919461792,11.45805,23.09569,198270.52657530474,0.0705317415269171,0.06970637920853795
DEN,1876-02-27,5.15190817232,11.74753,23.09569,223067.9478430824,0.09649059039764807,0.09730970788925952
DEN,1877-03-12,5.91270395404,12.23611,23.258520397049345,254216.68502997747,0.08059152809319503,0.08326495626763286
DEN,1878-03-25,6.79903372304,11.77344,25.4072,267602.6371674171,0.13672538144267343,0.034416348362818594
DEN,1879-03-17,6.5933593216399995,11.66,25.4072,259507.51446991402,0.0081811229801374,0.008139007365185469
DEN,1880-03-23,7.69639176696,12.43557,25.4072,302921.6823168236,0.13723399384285995,0.13787314408615847
DEN,1881-04-05,8.57893546068,12.34869,25.823455748956253,332214.8493246009,0.03358102545129915,0.0347357721296897
DEN,1882-04-04,9.47832980276,12.75231,25.4072,373056.8422636103,0.06740098360226732,0.0657983144747365
DEN,1883-04-17,4.616976290679999,10.68531,25.407199999999996,181719.2091485878,-0.5151852326664268,-0.49989899725250575
DEN,1884-04-30,5.18579233016,11.17834,29.6266,175038.38881815667,0.05575211502214894,0.026885052765097894
DEN,1885-04-22,5.127063501039999,10.82136,29.6266,173056.08814511282,0.016723565420103004,0.017988274557535044
DEN,1886-04-28,5.29174004528,10.869,29.626599999999996,178614.48985978818,0.023703380395394325,0.02252199223672724
LIB,1837-01-13,0.24216417576000002,5.80069,3.7596,64412.21825726142,0,0
LIB,1838-01-19,0.26535017444,6.68091,3.75252,70712.52769871979,0.07738982253561155,0.07857091741483857
LIB,1839-01-25,0.30628689936,6.79821,3.76272,81400.39635157546,0.12460328546706023,0.12220535836008994
LIB,1840-01-31,0.32417565024,6.70814,3.7711499999999996,85962.01430332923,0.05573391941236716,0.053985580655439236
LIB,1841-02-06,0.32836420604,6.85907,3.78055,86856.19976987476,0.010000633931541714,0.008110697676971368
LIB,1842-02-12,0.3348920848,7.09167,3.79956,88139.7016496647,-0.00969040957282652,-0.013825930858736513
LIB,1843-02-18,0.33351428499999997,7.07804,3.81232,87483.28707978343,0.0005756232353499868,-0.001952213583420015
LIB,1844-02-24,0.36806600948,7.10792,3.82447,96239.74288724974,0.09911539974535355,0.09643387952232763
LIB,1845-03-02,0.35097099699999995,8.5497,3.84727,91225.9854390256,-0.040187020647390326,-0.04448145107208923
LIB,1846-03-08,0.34513420084,8.58222,3.88229,88899.644498479,0.005144081482614471,-0.001535470099773395
LIB,1847-03-14,0.35558538548,9.38325,3.92851,90514.05888746624,0.001307864774066081,-0.007797942516387879
LIB,1848-03-20,0.36793538132,8.74428,3.97102,92655.13175959828,0.013387191707027402,0.0049867030218673225
LIB,1849-03-26,0.45006190996,9.53051,4.02148,111914.49664302694,0.16468852363360664,0.15376969089007586
LIB,1850-04-01,0.45370801216,9.46616,4.07111,111445.77576140167,-0.02709301798182373,-0.03625892750078241
LIB,1851-04-07,0.5803953688000001,9.59353,4.12287,140774.59847145315,0.12728384850575636,0.11690725686309644
LIB,1852-04-13,0.6417088776800001,9.49696,4.17275,153785.6036618537,0.07331806573622823,0.06338559709485048
LIB,1853-04-19,0.72675685472,9.32637,4.22225,172125.4910817692,0.10997308290129104,0.1000689916791977
LIB,1854-04-25,0.81221418512,9.29789,4.26712,190342.4757494516,0.08731712728341101,0.07864997609746771
LIB,1855-05-01,1.00759593324,9.64938,4.3119,233677.9455089404,0.12510413736569204,0.11612988998364338
LIB,1856-05-07,1.0498000078799998,9.50309,4.35961,240801.357892105,0.05796543136819876,0.049371468039611344
LIB,1857-05-13,1.1102184854800001,10.32279,4.40999,251750.79432833183,-0.02211481762547851,-0.030650681469313157
LIB,1858-05-19,1.2087446737599998,10.49959,4.75039,254451.67107542747,0.0875848818325442,0.024035196437663053
LIB,1859-05-25,1.11976971912,10.06825,4.93228,227028.82219176524,-0.07107708340596364,-0.09406882010213924
LIB,1860-05-31,1.22022954248,9.68685,4.98268,244894.2220812896,0.06999365388098511,0.06183111363100191
LIB,1861-06-06,1.16970127508,9.87623,5.03713,232215.82033419824,-0.041514176435451855,-0.049266701177489214
LIB,1862-06-12,1.27888157176,10.33465,5.10103,250710.45882106162,0.09047965108543377,0.08029377432092821
LIB,1863-06-18,1.38691491692,10.13217,5.16506,268518.64584728924,0.05585983246237913,0.04576477090151432
LIB,1864-06-24,1.4683499168,10.18757,5.23304,280592.144680721,0.025503355314939302,0.015608706313488874
LIB,1865-06-30,1.6492846479199998,10.46093,5.303670000000001,310970.4502580288,0.12282866715401264,0.11134620730465672
LIB,1866-07-06,1.4113405955999998,10.62562,5.378439999999999,262407.0540156625,-0.14444174375307117,-0.15352315737157662
LIB,1867-07-12,1.47982535324,10.73406,5.45404,271326.4576790783,0.03513201236349861,0.024531797966757418
LIB,1868-07-18,1.5520628609199998,10.73735,5.53088,280617.7065711062,0.048931887592219114,0.03783163003647716
LIB,1869-07-24,1.6269877962,10.90768,5.609300000000001,290051.84179844183,0.04622412669287268,0.03518658620690096
LIB,1870-07-30,1.5623207152799998,10.22819,5.68266,274927.7125993812,-0.029449658877501284,-0.038719276846952644
LIB,1871-08-05,1.54760903752,10.26442,5.753790000000001,268972.11012567364,-0.015987484190092993,-0.025264399525591563
LIB,1872-08-11,1.6103265495199999,11.5185,5.844589999999999,275524.2967462217,0.006723688650144055,-0.005026271237491331
LIB,1873-08-17,1.6622642088,11.6296,5.93725,279972.0760958356,0.02672765094182461,0.014488370191408029
LIB,1874-08-23,1.74033366052,11.4833,6.03139,288546.03342181485,0.040070489120954456,0.027651098078109282
LIB,1875-08-29,1.7834730336800002,12.05005,6.1372800000000005,290596.6541660149,0.024139965764677918,0.010823044219513411
LIB,1876-09-04,1.74417296612,12.25257,6.24245,279405.1960560357,-0.026298202426990547,-0.03880300957768479
LIB,1877-09-10,1.98110323736,13.0541,6.35165,311903.715941527,0.09042957627588444,0.0762251532241538
LIB,1878-09-16,2.0033292780800003,13.30194,6.46344,309947.8417189608,-0.004405413181343576,-0.017292302823523453
LIB,1879-09-22,2.1105545531199996,13.26638,6.57362,321064.2770832509,0.04082822264168229,0.027528230502415818
LIB,1880-09-28,2.2496839611999997,13.32602,6.6874,336406.370368155,0.049730340094577885,0.036160483179810576
LIB,1881-10-04,2.4232680550000003,12.80738,6.7952,356614.67727219214,0.04128494485403,0.02893568817552472
LIB,1882-10-10,2.485266316,12.91908,6.90976,359674.7667068031,0.007609436091055688,-0.005102719800556432
LIB,1883-10-16,2.57543571636,14.45319,7.0319,366250.33296264167,0.04500129546270726,0.0313977343304952
LIB,1884-10-22,2.6407432688,14.83908,7.15346,369156.08234336955,0.02620372113440861,0.012950672065353386
LIB,1885-10-28,2.8750830316,15.69279,7.27619,395135.7828204046,0.04452542779730484,0.03112840313549059
LIB,1886-11-03,2.93326791316,15.90655,7.41199,395746.33980348054,0.005681167032533407,-0.008076880715274015
LIB,1887-11-09,3.02027461424,16.24102,7.54445,400330.65554679267,-0.0046662222570748035,-0.0180093145973097
LIB,1888-11-15,3.05254225484,16.41815,7.68077,397426.59327645536,-0.05171664607980686,-0.06451636658931659
LIB,1889-11-21,3.11547835404,16.69215,7.82416,398186.94326803135,0.026655749026025966,0.012446646928602645
LIB,1890-11-27,3.51536132844,17.34267,7.9701,441068.6601723943,0.06918036627633284,0.05425132403411603
LIB,1891-12-03,3.5661619526,17.7124,8.11244,439591.7815848253,0.0267858520737958,0.013177637479568016
LIB,1892-12-09,3.7746067652799997,17.9252,8.25577,457208.32403034484,-0.014202444282189863,-0.027018706275112048
LIB,1893-12-15,3.6027738968,18.6228,8.39561,429125.92376253783,-0.03875703585028911,-0.05092391077682712
LIB,1894-12-21,3.5235642899600004,17.46835,8.54027,412582.3059411471,-0.026653932309214534,-0.039051481831710366
LIB,1895-12-27,3.5791013195600003,17.58484,8.69624,411568.82969651255,0.028802396090246596,0.014827948230035304
LIB,1897-01-02,3.5900800987999997,18.09994,8.84858,405723.8674227955,-0.006445458187501973,-0.019439687796995453
LIB,1898-01-08,3.441286303,17.59568,9.01003,381939.4944300962,-0.012172249832303472,-0.02544780105297273
LIB,1899-01-14,3.5870445384800003,17.32789,9.42499,380588.68375244964,0.04069146241328525,0.006519380346964088
LIB,1900-01-20,3.93380331292,17.39781,10.01789,392677.83065296186,0.08568843250653813,0.036251502393016555
LIB,1901-01-26,4.2880562556,17.37549,10.65695,402371.8095327462,0.06744788170661198,0.018633074689553997
LIB,1902-02-01,4.35826545648,17.38356,11.25511,387225.4874879055,0.01470333660514589,-0.02604424371626557
LIB,1903-02-07,5.056035561200001,16.41323,11.83965,427042.6542338667,0.16101382569050227,0.11849454341339483
LIB,1904-02-13,5.5306309994000005,15.99349,12.49565,442604.50632019946,0.07199090464216185,0.029773998423274994
LIB,1905-02-19,5.60502141628,15.947,13.141359999999999,426517.60672259185,0.037603271482211875,-0.0009480766039421384
LIB,1906-02-25,6.4310955306,16.24282,13.82989,465014.22141463164,0.12050904139172935,0.07811521741046956
LIB,1907-03-03,4.60323302556,16.88019,10.32341,445902.3738822733,-0.294347050069776,-0.05114671685728023
LIB,1908-03-09,5.50895850596,16.00966,13.63968,403892.0638871293,0.29405322983780957,-0.02288949208648794
LIB,1909-03-15,5.5997894238,15.96151,13.55356,413160.04236525315,0.012258372088585157,0.017527538274091814
D10,1902-07-12,0.51930079864,6.82021,10.75714,48274.987463210484,0,0
D10,1903-07-18,0.44177012724,8.31377,10.77643,40994.10725444326,-0.1427064711104702,-0.14332489512087543
D10,1904-07-24,0.46562099844,8.79201,10.88099,42792.15387938046,0.026838539998965683,0.019214822686691946
D10,1905-07-30,0.4579156998,8.60522,11.00319,41616.63115878213,-0.01206431659495244,-0.01994913058779979
D10,1906-08-05,0.51998886004,7.76328,11.10333,46831.79370873423,0.10142473650536399,0.0934161321857907
D10,1907-08-11,0.50103601392,7.60619,11.13833,44983.04628431731,-0.025733617111720286,-0.028080108166214646
D10,1908-08-17,0.45087548427999996,8.34853,11.16993,40365.112787636084,-0.05050930034912948,-0.052177271537866554
D10,1909-08-23,0.43860010532,8.04783,11.22291,39080.78255283166,-0.018984940220299507,-0.02269853756438167
FRA,1840-01-03,26.17746309516,11.16384,361.9547217389132,72322.4799206859,0.012782324360343544,0.011742678042019561
FRA,1841-01-16,26.59608431168,10.99737,359.82504,73913.93414888525,0.006541841717693675,0.00791749752905302
FRA,1842-01-15,26.06813553916,10.83828,360.6985942373338,72271.24240469756,-0.031209709708949984,-0.03133671048276121
FRA,1843-01-28,26.84323152732,10.79402,394.3154,68075.53427362969,0.023961410690694906,-0.06427152626308985
FRA,1844-02-10,26.5150244606,10.76546,399.8180250834007,66317.73156067453,-0.017691110293694634,-0.017409626839298475
FRA,1845-02-02,26.993952995359997,10.90974,394.31540000000007,68457.77008800568,0.020689591944902164,0.021191354887371006
FRA,1846-02-08,28.74195374336,10.95568,398.6917202348134,72090.67127461826,0.05022735171632786,0.035004551570540166
FRA,1847-02-21,29.17880657432,10.87693,401.90237,72601.72806226547,0.002725941885145522,0.002674140872841013
FRA,1848-02-20,29.39446037736,10.86836,401.90236999999996,73138.31062344818,0.00502497208156738,0.00576432338876387
FRA,1849-03-05,28.812673210360003,10.59028,401.90237,71690.7273036484,-0.015150855544249775,-0.01607723183974874
FRA,1850-03-18,30.02745414136,10.76526,401.90237,74713.3044807872,0.04659761485883984,0.04463884019376829
FRA,1851-03-10,30.546913605,11.12508,418.38458,73011.56654721835,-0.021060925478407544,-0.06118405959023798
FRA,1852-03-16,30.48006842972,10.64421,418.3845800000001,72851.79685570628,-0.011209350211915603,-0.011663891267195137
FRA,1853-03-29,29.65485086564,10.3717,418.38458,70879.40685012817,-0.013258974345326302,-0.012331358835303785
FRA,1854-03-28,29.96317923872,10.43192,418.38457999999997,71616.35650797647,0.0030423322652941565,0.0022133427413217888
FRA,1855-04-10,31.063581114799998,10.70279,416.4316678680646,74594.66585197761,0.05478094696702107,0.05476542100104531
FRA,1856-04-23,26.70553857816,10.25089,418.38458,63830.12150725057,-0.0999133177453091,-0.10601491382592088
FRA,1857-04-15,30.45062341984,10.61577,418.38458,72781.4189993331,0.1034590201899257,0.10438134935172871
FRA,1858-04-21,32.82754278128,10.72961,418.38458,78462.60199474846,0.04489283693974011,0.04478525076581663
FRA,1859-05-04,32.597735831440005,10.78892,411.8540823620346,79148.75007305479,0.02767017133523275,0.02805473533481706
FRA,1860-05-03,33.36983885144,10.74798,418.38458,79758.76847908687,0.010267838625612313,0.009052845208228577
FRA,1861-05-16,36.0739236494,10.86427,445.95891000000006,80890.68934489951,0.0760782870297545,0.04624655364408481
FRA,1862-05-29,37.48710372992,10.93512,445.95891,84059.54649481048,0.021115224004763844,0.017811578702978004
FRA,1863-05-21,39.107497046279995,10.81202,445.95890999999995,87693.05012042477,0.03871424382072597,0.03836953597967341
FRA,1864-05-27,40.97971580404,10.71905,470.96095,87012.98017179556,0.04500307601403786,-0.01136089278668273
FRA,1865-06-09,44.43887341088,10.65429,482.14457,92169.18778299214,0.06385249353614575,0.04520871043855079
FRA,1866-06-08,44.524914876000004,10.64736,483.69455999999997,92051.7172572708,0.0024274178508831845,-0.0006599970475124062
FRA,1867-06-21,45.61961308892,10.71959,502.42916,90798.09995287693,0.023565387864186604,-0.008591309732762675
FRA,1868-07-04,46.38540287888,10.71629,507.4437199999999,91409.94567610376,0.014931222902479169,0.00435718545861552
FRA,1869-06-26,48.90068409876,10.85387,510.40853,95806.94918785938,0.03262893826884028,0.029164650836533523
FRA,1870-07-02,48.23743543112,10.83054,517.3257172595996,93243.83811159717,0.0012836132405389389,-0.008736732865071484
FRA,1871-07-15,48.936369835600004,10.83136,522.3908,93677.70227883033,0.0016327188754752253,-0.006807940304955351
FRA,1872-07-14,51.743592914,11.74473,526.7683297936424,98228.3671728522,0.05016850086552371,0.05060622547922966
FRA,1873-07-27,52.39079055548,11.80132,522.3908,100290.41582562328,0.010739309405033648,0.010210530379173077
FRA,1874-08-09,51.142544295440004,11.70081,542.6309549327307,94249.22008325177,-0.029489812707400698,-0.06265799025062957
FRA,1875-08-01,54.19523944224,11.82322,539.04628,100539.1215059308,0.052530888376274065,0.055139603229580114
FRA,1876-08-07,67.52801253951999,11.29473,547.8936497912348,123250.21939066159,0.13449099978823442,0.12259959593365188
FRA,1877-08-20,68.95411179019999,11.3652,679.2301,101518.04490142589,0.011997931514580396,-0.19320287599321007
FRA,1878-08-19,70.08714975756,11.28623,679.2301,103186.16586273194,0.020181960475332827,0.017713733593616388
FRA,1879-09-01,61.06561556212,11.99586,518.32123,117814.22798776734,-0.13817710731680077,0.14232475121802168
FRA,1880-09-14,64.04447614292,11.96989,535.6317543032275,119568.10929970306,0.022209176192730995,0.015295203651539024
FRA,1881-09-06,64.46433801704,11.98909,529.28335,121795.51466533,0.018015099517407318,0.009051513313417692
FRA,1882-09-12,65.525376774,11.92301,536.41427,122154.42511251611,0.007051196655793124,-0.0057966974128659254
FRA,1883-09-25,68.82345460952,12.11788,543.74617,126572.76208404374,0.019278098189818627,0.005512278962280792
FRA,1884-09-24,70.97040531464,12.0323,543.74617,130521.20498548064,0.021812235447101758,0.021143615770891522
FRA,1885-10-07,74.49067296216,12.14463,543.74617,136995.30603067973,0.04528701948746483,0.04726858122817945
FRA,1886-10-20,79.3124462442,12.34864,543.74617,145862.99751628598,0.03463367962567876,0.031006422476135276
FRA,1887-10-12,82.78979695272,12.43834,543.74617,152258.17030163173,0.028868595325370006,0.028983924817010287
FRA,1888-10-18,86.15675872648,12.52513,543.74617,158450.32752410928,0.02360482955156984,0.021279308017370546
FRA,1889-10-31,90.13054924744,12.4165,537.17728,167785.48275057352,0.03723093295237856,0.045862523438986
FRA,1890-10-30,93.85568616684,12.40708,542.98274,172852.06186634957,0.043726426824565845,0.030989049803135327
FRA,1891-11-12,99.88366691056,12.45312,553.5634863839166,180437.59996353337,0.03290457051551843,0.022673542298668803
FRA,1892-11-25,104.13430157104,12.77321,543.53288,191587.86046400727,0.02639312544356498,0.040206085215064524
FRA,1893-11-17,108.40684257571999,12.82789,543.53288,199448.5459200187,0.027953929837484237,0.024750941540900184
FRA,1894-11-23,114.4311284376,12.92239,543.53288,210532.11801574912,0.033868749128357356,0.03319788868608775
FRA,1895-12-06,123.35832407964,13.23029,549.7684115779375,224382.34260418615,0.025800222842535803,0.021314394539727166
FRA,1896-12-05,117.81168555104,13.01955,543.53288,216751.71803965198,-0.013633034868897886,-0.015981603517888576
FRA,1897-12-18,107.58060856036,12.96167,543.53288,197928.42810238086,-0.07901178108800189,-0.06415960099943219
FRA,1898-12-31,109.73438648328,13.08027,543.53288,201890.98124713267,-0.013907036989967536,-0.01698701154733262
FRA,1899-12-23,116.70627106216,13.13716,543.53288,214717.95977119176,0.049942433550499654,0.04695442695566876
FRA,1900-12-29,116.23981728372,13.29339,543.53288,213859.77106614047,0.005069540969011577,0.004554351890368569
SPA,1837-01-13,7.09041486244,9.04828,122.30589499147115,57972.79732865241,0,0
SPA,1838-01-26,6.91155534576,9.09446,119.05901,58051.510303672105,0.011170268794730376,0.011286550326865541
SPA,1839-01-25,7.1522219756,9.11667,119.05901,60072.91657809014,0.01642139799301412,0.020480395870511536
JAP,1887-06-22,26.74589657324,7.992,436.6026,61259.132614510316,0.04245002448182733,0.04192944177544744
CEY,1837-01-13,1.50064234372,5.7623,11.82763,126875.99660456069,0,0
CEY,1838-01-19,2.1309770539199997,5.51973,11.70086,182121.40423182567,0.37677273783169873,0.3879336372205955
CEY,1839-01-25,2.09141087116,5.62523,11.53108,181371.6383166191,-0.02331477995190756,-0.012871297055787045
CEY,1840-01-31,2.0840158611999997,5.39239,11.35768,183489.57368054037,-0.009473436680115577,0.001894266981001591
CEY,1841-02-06,1.919214765,5.30047,11.14804,172157.14735505075,-0.05412898280556666,-0.04084890356117754
CEY,1842-02-12,1.8961420665200002,5.48091,10.95695,173053.82122944796,-0.00015329425442689448,0.013075559667970138
CEY,1843-02-18,1.75631864096,5.53455,10.77533,162994.4178934659,-0.04136609314820283,-0.029096416224740018
CEY,1844-02-24,1.65504375036,5.70158,10.54686,156922.88988002116,-0.038681489020962356,-0.027929048347134944
CEY,1845-03-02,1.32272985052,5.76896,10.39682,127224.46387645454,-0.12733004782078206,-0.11760606196118395
CEY,1846-03-08,1.23624696416,5.73876,10.24617,120654.54351821217,-0.06331105785038693,-0.052831929826994695
CEY,1847-03-14,1.80790255568,7.51972,10.12616,178537.8224005941,0.4227789238309756,0.43494338789566567
CEY,1848-03-20,1.81664428868,7.61194,10.05248,180716.03113659515,-0.011378747277248635,-0.00550320208746069
CEY,1849-03-26,1.90503911468,7.85249,9.99678,190565.27348606254,0.007894629850095036,0.01210522985070095
CEY,1850-04-01,1.6519667980400001,7.71286,9.92817,166391.87262506585,-0.15814833049230248,-0.15394122619530526
CEY,1851-04-07,1.58782488488,7.5629,9.86269,160993.08453170484,-0.03416665858612655,-0.02960214291603047
CEY,1852-04-13,1.5209243639199999,7.23601,9.64366,157712.35857755248,-0.020128087809867856,-0.002778473436047424
CEY,1853-04-19,1.5419346592,7.67083,9.57276,161075.2446734275,0.015100166217899336,0.020500136575562822
CEY,1854-04-25,1.0193313400400001,7.54355,8.76027,116358.43872848668,-0.27898565556096555,-0.2135218374850072
CEY,1855-05-01,1.26019161008,7.9462,9.33501,134996.27853424902,0.14269653483636646,0.0707282481139726
CEY,1856-05-07,1.36157448752,8.32603,9.31864,146113.004421246,0.2174177856995072,0.2191580242482325
CEY,1857-05-13,1.48839595164,8.57077,9.31169,159841.65620204282,-0.09218073868205201,-0.09160061320597324
CEY,1858-05-19,1.5955084834,8.99891,9.32042,171184.1830518367,0.07779279289427365,0.07685499260563744
CEY,1859-05-25,0.98803275844,8.3432,9.30581,106173.75149933215,-0.3254871874220141,-0.3245982382440781
CEY,1860-05-31,1.0264138794,6.46936,9.24896,110976.13995519496,0.031614672662321874,0.036661328538879046
CEY,1861-06-06,1.1778664918800001,7.09463,9.17877,128325.09060364298,0.5756536630842628,0.5848219017781513
CEY,1862-06-12,1.5109412318,7.44319,8.4302,179229.5831415625,0.29523169028121266,0.3138536343526843
CEY,1863-06-18,1.4476674544800001,7.25869,9.0546,159881.98865549001,-0.048408162737676674,-0.11042157854647205
CEY,1864-06-24,1.45387742032,7.44586,9.03384,160936.81317357847,0.022147206243676498,0.023947735075544596
CEY,1865-06-30,1.4565140719999998,7.46396,9.01277,161605.59650362763,-0.003594278942429807,-0.0018630802140469083
CEY,1866-07-06,1.5485900456000001,7.46318,8.99424,172175.75310420894,0.046438927706023314,0.04811895157997359
CEY,1867-07-12,1.4693097551599998,7.47812,8.97576,163697.53148034262,-0.04792039015645799,-0.04639726207960915
CEY,1868-07-18,1.53448450272,7.61494,8.95955,171268.03273825135,0.021717258582443888,0.023047559978041088
CEY,1869-07-24,1.6997682442000002,8.1168,8.96606,189578.05816601717,-0.023677973345125336,-0.02405181836168957
CEY,1870-07-30,1.87251157912,7.93947,9.00084,208037.42529808328,0.0938964783425531,0.0910336552641755
CEY,1871-08-05,1.7693786344000002,7.89347,9.04086,195709.1067000263,-0.025593777829692077,-0.028887493971639477
CEY,1872-08-11,1.76383698192,7.76645,9.03692,195181.21018223022,-0.006660814780166557,-0.00608613220158194
CEY,1873-08-17,1.76521440836,7.71066,9.0196,195708.72415184707,0.01112541382453136,0.012563300172047764
CEY,1874-08-23,1.74321048252,7.73898,9.0015,193657.77731711383,-0.01723560369386168,-0.015741057475640807
CEY,1875-08-29,1.55006774,7.66287,8.98187,172577.39646643738,-0.0833786899329052,-0.08196728035948253
CEY,1876-09-04,1.6999139346799998,7.61468,8.95618,189803.45802339836,0.08352197572321929,0.08596587074626272
CEY,1877-09-10,1.7421107054,7.57713,8.93576,194959.43326588898,0.03828996176227162,0.04002974755424016
CEY,1878-09-16,1.7805773003199998,7.67423,8.91207,199793.9087462284,0.006659432292576817,0.009103615193589043
CEY,1879-09-22,1.62783101208,7.82907,8.83997,184144.40457150876,-0.10051748447337028,-0.07638623624112462
CEY,1880-09-28,1.5613811101200001,9.43273,8.85357,176356.10382252585,-0.04099432542053971,-0.042300991634377616
CEY,1881-10-04,1.39509306404,9.86534,8.89095,156911.58583053557,-0.09073502396972455,-0.09351401124338343
CEY,1882-10-10,1.3659935811600001,9.37478,8.93216,152929.8155384588,-0.03417175667812378,-0.0376630786507367
CEY,1883-10-16,1.5103479284399999,9.92991,8.97422,168298.5182489397,0.06317927094857012,0.05952762897753683
CEY,1884-10-22,1.44937784056,9.80312,9.03129,160484.03279708655,-0.040224414769647665,-0.04483590991051334
CEY,1885-10-28,1.39962724512,9.55814,9.07854,154168.75897666367,-0.047199380077696196,-0.051008422305729106
CEY,1886-11-03,1.522609608,9.80873,9.13068,166757.52605501452,0.11227794096582655,0.10781217560178025
CEY,1887-11-09,1.61697223532,10.1995,9.2049,175664.29133613617,0.015174390619454803,0.008815360661632798
CEY,1888-11-15,1.82997585888,10.60355,9.29322,196915.1552292962,0.10178949384569624,0.09378349216807891
CEY,1889-11-21,1.47820378524,10.81695,9.39819,157286.00775681276,-0.1923802172617015,-0.19872761522297866
CEY,1890-11-27,1.84618160324,11.34174,9.53497,193622.17219771014,0.08602508842712409,0.07396875513609413
CEY,1891-12-03,2.0284974881599998,11.88068,9.68324,209485.40861942904,0.025122393284502387,0.012885684463305846
CEY,1892-12-09,1.8894618631200002,11.74261,9.83506,192114.9299668736,-0.07777933700621498,-0.08820909225427742
CEY,1893-12-15,1.8481106222800001,11.63126,9.97338,185304.34238743535,-0.04343281524074216,-0.053663399616787566
CEY,1894-12-21,1.9671826834400001,11.58723,10.10749,194626.23098711946,-0.004615994947515634,-0.014816537648244532
CEY,1895-12-27,1.26851132824,11.2186,10.24275,123844.80029679529,-0.27052701357183206,-0.2776014366043801
CEY,1897-01-02,1.91313256992,11.73113,10.36913,184502.70851267173,0.6004951900242592,0.5855424061169541
CEY,1898-01-08,1.97565124068,11.62694,10.50382,188088.83250855404,0.019206211433341336,0.009519085087860812
CEY,1899-01-14,0.93630337372,11.15915,10.64131,87987.60431939301,-0.382746265950077,-0.3888919705948275
CEY,1900-01-20,1.45187676244,10.94563,9.92093,146344.82477348394,0.2087589516257362,0.2995182066149287
CEY,1901-01-26,1.79571744144,12.66753,10.87572,165112.51130407918,0.2484057309990768,0.14293034796872672
CEY,1902-02-01,1.3015176101200001,12.53368,11.06471,117627.8104098526,-0.23672257807285502,-0.2467163110731908
CEY,1903-02-07,1.02808797624,11.64012,11.23774,91485.29653115306,-0.1273041886571431,-0.1376499914492202
CEY,1904-02-13,1.87932216004,12.99026,11.444459999999998,164212.39272451476,0.1648007780927887,0.14899636434405084
CEY,1905-02-19,1.52398395292,13.12859,11.65258,130785.1096426714,-0.1439173397938026,-0.15547227354753912
CEY,1906-02-25,1.98563536444,12.27764,11.84349,167656.27061280078,0.2070722431005949,0.1925693014177252
CEY,1907-03-03,1.875230032,12.00438,12.03572,155805.38862652172,-0.05215721930633099,-0.06347516075463866
CEY,1908-03-09,1.9263294413999998,11.83151,12.215769999999997,157692.01952885493,-0.0015757393605325687,-0.012778955315054685
CEY,1909-03-15,1.8698068183599998,11.66224,12.41401,150620.69535629504,-0.036735937595312906,-0.048404688347760016
HAI,1872-01-13,0.57086639792,8.53131,11.38948,50122.25298433291,0,0
HAI,1873-01-19,0.42787785092,7.34765,11.36301,37655.326442553516,-0.2210003304748417,-0.2198028962488907
HAI,1874-01-25,0.51481983228,9.21408,11.44943,44964.669182658,0.20249287603540078,0.19574810026837985
HAI,1875-01-31,0.5090771660000001,8.92296,11.56917,44002.91170412398,-0.005910046089039556,-0.013962802068523184
HAI,1876-02-06,0.52956787052,8.88447,11.72774,45155.15099413868,0.03997687344973211,0.029477486670868025
HAI,1877-02-12,0.47739926,8.40853,11.86395,40239.486848815104,-0.06668208020449418,-0.07498343773531313
HAI,1878-02-18,0.517857704,8.01526,11.97767,43235.26228389996,0.06939959307898413,0.061003520671976785
HAI,1879-02-24,1.12374769884,9.97746,12.07372,93073.85783668993,1.1610009147639309,1.14948965008821
HAI,1880-03-02,1.2298409604,10.20887,12.2207,100635.88504750136,0.06612885937374458,0.05626626630317877
HAI,1881-03-08,1.43801523008,10.63361,12.37679,116186.44495705268,0.10574420798021178,0.09479671795161226
HAI,1882-03-14,1.9914731512,11.91332,12.57403,158379.86319421855,0.267756376182414,0.2532610739018304
HAI,1883-03-20,2.1908539198,12.52189,12.807140000000002,171065.04026660125,0.06818449726739706,0.05336353427245033
HAI,1884-03-26,2.28676524804,12.7454,13.05762,175128.79437753587,0.05601954907292073,0.040490070777583265
HAI,1885-04-01,2.31020192052,12.56779,13.31435,173512.1820081341,0.029797838335408056,0.014877222365111686
HAI,1886-04-07,2.4655123947999997,13.49485,13.571830000000002,181663.96092494525,0.09422139362566684,0.07839288963319646
HAI,1887-04-13,2.6502735589200004,14.05296,13.8478,191385.8922659195,0.085326356455665,0.06923503920788132
HAI,1888-04-19,2.8172213586400003,14.11994,14.1226,199483.19421636243,0.03382994537664197,0.018455678453480617
HAI,1889-04-25,2.97322838956,14.1351,14.39507,206544.906663184,0.02818227534350526,0.01334290565301588
HAI,1890-05-01,2.98623797472,14.144,14.66545,203624.02617853525,-0.020601558113500174,-0.03393061454631541
HAI,1891-05-07,3.36876930208,14.81622,14.95206,225304.6939405005,0.1127094754507254,0.09644589414279081
HAI,1892-05-13,3.29413110676,15.3392,15.23957,216156.43399124776,-0.024394500322598045,-0.03844203196577367
HAI,1893-05-19,3.37400272664,15.52747,15.535130000000002,217185.35516857597,0.012707628176643393,-0.0017634617910113892
HAI,1894-05-25,3.21052770428,16.20673,15.81543,202999.71004771924,-0.05476899546297176,-0.06737622136271548
HAI,1895-05-31,3.4095791532399997,16.17527,16.09773,211804.96587034324,0.02974559169133828,0.016125675327824718
HAI,1896-06-06,3.6574635084000002,16.24981,16.37813,223313.86479408824,0.07215364922445766,0.05833005031775507
HAI,1897-06-12,3.70543010136,16.28456,16.65382,222497.30700584012,-0.007750388393411467,-0.02035329726964641
HAI,1898-06-18,3.74184746624,16.3573,16.93074,221009.09152464688,0.021615186699069477,0.009188307100188142
HAI,1899-06-24,4.0089226814000005,14.66018,19.27778,207955.61944373263,0.03754992447528149,-0.03707081812492874
HAI,1900-06-30,4.2357692598000005,14.72584,19.61866,215905.12602797544,0.06000112459572682,0.04605073405054383
HAI,1901-07-06,4.619014288200001,15.48996,19.94413,231597.68253616476,0.06629367762610183,0.053329170074935206
HAI,1902-07-12,5.3536081898,15.80277,20.30127,263708.043378567,0.07033575583935914,0.05628733177963485
HAI,1903-07-18,5.47708361668,16.40485,20.66801,265002.9498089076,0.014026657915795937,0.0003118615819821535
HAI,1904-07-24,5.4260631776,16.61602,21.0293,258023.95598522064,-0.016686589295518583,-0.02953462516994021
HAI,1905-07-30,5.99244008012,16.32515,21.39864,280038.3613220279,0.07498429302648701,0.06109489890624609
HAI,1906-08-05,6.06372619996,16.60474,21.77306,278496.73862837837,0.0077804904935403485,-0.005393622192883418
HAI,1907-08-11,5.9986367417599995,16.62338,22.162050000000004,270671.56430745346,-0.017818740097074848,-0.03077087716178728
HAI,1908-08-17,6.18612566,16.72309,22.57597,274013.7260990336,0.043252101580530056,0.028730642142986262
HAI,1909-08-23,6.31179179696,16.75517,22.975470000000005,274718.7237936808,0.012338099615313292,-0.0009316036180078147
BNY,1837-01-13,0.06014263112,7.90458,2.49028,24150.9513468365,0,0
BNY,1838-01-19,0.06061969888,9.5137,2.52181,24038.170552103453,-0.07970524385422462,-0.08784114100782703
BNY,1839-01-25,0.056469296,7.87372,2.55501,22101.39921174477,0.2576998592979065,0.2448097800457707
BNY,1840-01-31,0.060520034119999996,6.48827,2.55603,23677.35672898988,0.2958360124459307,0.2944212318551789
BNY,1841-02-06,0.06433532768,8.76293,2.56333,25098.33992501941,0.03765197968609546,0.0352855979335458
BNY,1842-02-12,0.06283011852,8.72521,2.5796,24356.53532330594,-0.08565151511004099,-0.08977801029592158
BNY,1843-02-18,0.08705063068,8.69989,2.61236,33322.6012800686,0.138890232899485,0.128422919394793
BNY,1844-02-24,0.06489413476,8.68482,2.64056,24575.898582118945,-0.2507922298089569,-0.25695346642340566
BNY,1845-03-02,0.06587589112,9.41507,2.67648,24612.8837577714,0.010584346437721548,-0.000001736051006950845
BNY,1846-03-08,0.0651706146,8.70523,2.69249,24204.58928352566,-0.03475980362575615,-0.03850144917762155
BNY,1847-03-14,0.0644629206,7.67421,2.69486,23920.693690952405,0.03632829869526888,0.03555178257552605
BNY,1848-03-20,0.06595724096,9.25027,2.71999,24249.07479806911,0.03550852863409548,0.028582663101776484
BNY,1849-03-26,0.06678307792,9.26041,2.75658,24226.787512062045,0.005929892790055735,-0.004359161811983481
BNY,1850-04-01,0.06624008404000001,9.23593,2.7932,23714.765874266075,0.0005596896633168758,-0.00962896093492649
BNY,1851-04-07,0.06786172224,8.5044,2.81432,24113.00855624094,0.08780260348814162,0.08238522293306949
BNY,1852-04-13,0.06880817372,8.54002,2.83683,24255.3038849702,0.007134775182754849,0.0009513901007587311
BNY,1853-04-19,0.07662573204,9.34834,2.87957,26610.129998576176,0.08590001967097627,0.07325575350225
BNY,1854-04-25,0.07748781664,9.38063,2.93032,26443.46577848153,0.010051853710315584,-0.002511965076464895
BNY,1855-05-01,0.075621767,9.30456,2.97774,25395.6916990738,0.056469718470634866,0.04329860858623591
BNY,1856-05-07,0.08059576044,9.32848,3.00945,26780.893664955387,-0.0037031956378723585,-0.011072631160650381
BNY,1857-05-13,0.08147355319999999,8.59289,3.04865,26724.469256884193,-0.012975342268673917,-0.02196674982858926
BNY,1858-05-19,0.08168351828,9.37673,3.08588,26470.0890118864,0.0018105817336109276,-0.007449970925083593
BNY,1859-05-25,0.08439250767999999,9.21388,3.13086,26955.056335958805,0.04898385924408766,0.03809290626892281
BNY,1860-05-31,0.09409273172,6.30659,3.15416,29831.312209906915,0.14042460093302123,0.13236866961690463
BNY,1861-06-06,0.09069400548,8.5477,3.16631,28643.43841253699,-0.01862248437416636,-0.02188517629081599
BNY,1862-06-12,0.0911176682,8.54397,3.20104,28465.020180941196,0.0035265820906658085,-0.004318253889228352
BNY,1863-06-18,0.09066735236000001,8.53466,3.21976,28159.66170149328,-0.004628985632073035,-0.008602307817029642
BNY,1864-06-24,0.0883938744,8.51055,3.25638,27144.827814935605,-0.01926146530430639,-0.02787518265733857
BNY,1865-06-30,0.08832278156000001,8.49005,3.30541,26720.673550331125,0.0032170993325539854,-0.007584803953076591
BNY,1866-07-06,0.0895072516,8.48468,3.35201,26702.561030545854,0.00577662706242732,-0.005083546800054628
BNY,1867-07-12,0.0914786184,8.4861,3.39889,26914.262715180546,0.018403554339253114,0.007530815906540589
BNY,1868-07-18,0.09017197072,8.46993,3.44619,26165.699140209912,-0.01261646206171585,-0.022172350138706998
BNY,1869-07-24,0.09018912291999999,8.46883,3.47472,25955.795839664777,0.003189506995309621,-0.0032143345479933583
BNY,1870-07-30,0.09262817044,6.91415,3.5174,26334.272599078868,0.05314365928855724,0.043390104001639784
BNY,1871-08-05,0.09202364651999999,8.47297,3.5426,25976.30173319031,-0.009309072446935018,-0.014403792515675251
BNY,1872-08-11,0.09370693279999999,8.45899,3.58237,26157.80413525124,0.013924100592176636,0.005196462935983082
BNY,1873-08-17,0.09422684283999999,8.43814,3.62437,25998.130113647338,-0.03477718490898829,-0.04273013867100317
BNY,1874-08-23,0.09707688848,9.10406,3.66726,26471.231513446004,0.02500768473975068,0.015865108406602824
BNY,1875-08-29,0.09916284768000001,9.04718,3.71363,26702.403761279395,0.017724652405298524,0.007770434004844784
BNY,1876-09-04,0.09978222904,8.96492,3.7574,26556.19019534785,0.005377242912667501,-0.0029235739194816146
BNY,1877-09-10,0.09829447264,8.92075,3.78759,25951.719336042184,-0.002013749700341405,-0.008620147539310064
BNY,1878-09-16,0.0944647704,8.12865,3.7889899999999996,24931.38551434551,-0.020316422671832757,-0.020435877246140377
BNY,1879-09-22,0.09110119356,8.09942,3.7843700000000005,24073.014414552486,-0.026220758755547413,-0.02625924374563504
BNY,1880-09-28,0.08813701364000001,9.2355,3.76736,23394.900843030664,-0.021079641340904565,-0.017348102201634963
BNY,1881-10-04,0.08839582388,9.28502,3.81416,23175.698942886505,0.002903938222662994,-0.005916680136102359
BNY,1882-10-10,0.08837787556,9.2644,3.85812,22906.97945113164,-0.00026931629095883203,-0.00939151405626526
BNY,1883-10-16,0.08848669336000001,9.23666,3.90025,22687.441410166015,0.0012387259885098256,-0.00728204146743161
BNY,1884-10-22,0.08881766036,9.27843,3.938,22554.002122905025,0.0034730296125136118,-0.003259263974959792
BNY,1885-10-28,0.09390234828,9.28599,3.97333,23633.16117211508,0.05451073453097033,0.04680406814991045
BNY,1886-11-03,0.1031602052,7.65562,3.93594,26209.80126729574,0.2292932036217341,0.23367473747508494
BNY,1887-11-09,0.08597241484,6.90361,3.6902200000000005,23297.36840621968,-0.09222349485351,-0.043203218323362935
BNY,1888-11-15,0.09069538244,9.60259,3.74273,24232.413890395514,0.0055272914791317795,-0.005577261721345872
BNY,1889-11-21,0.09207278444,9.63951,3.8020699999999996,24216.488502315846,0.01395942875339018,0.0025824144315929054
BNY,1890-11-27,0.08881932279999999,9.61833,3.85814,23021.280409731113,-0.0362572396036529,-0.047228557121053893
BNY,1891-12-03,0.09300994352,9.62997,3.91507,23756.90435164633,0.04609690331575944,0.03429745775355708
BNY,1892-12-09,0.0974367888,9.63863,3.97727,24498.409411480738,0.0322423798344289,0.02063689982600425
BNY,1893-12-15,0.09959117531999999,9.51338,4.03133,24704.29742045429,0.01630450918120907,0.005675632771390937
BNY,1894-12-21,0.09409323508,9.18636,4.07839,23071.17148678768,-0.04693826183066874,-0.05568457851946873
BNY,1895-12-27,0.09579127064000001,10.15025,4.1412,23131.283357480923,0.03091520472959175,0.019366342755458676
BNY,1897-01-02,0.10192162084,9.23624,4.19506,24295.628868240266,0.026615220831883946,0.015541647020991922
BNY,1898-01-08,0.09501515919999999,8.2536,4.18346,22712.099362728455,-0.03413193228327782,-0.03214921300061302
BNY,1899-01-14,0.10213316464,10.4877,4.23073,24140.790038598538,0.0314070563927491,0.021951618632610748
BNY,1900-01-20,0.10175629828,10.35886,4.28201,23763.67600262494,-0.001279524779836394,-0.010663433464195404
BNY,1901-01-26,0.09415496376,9.38135,4.32408,21774.56563245823,-0.07160276118500397,-0.07820092081267116
BNY,1902-02-01,0.09531195024000001,9.3407,4.34695,21926.166677785575,-0.0002811582805395396,-0.004608654530966039
BNY,1903-02-07,0.09682057683999999,9.29401,4.3622,22195.354830131586,0.027393587315299284,0.024547914499363443
BNY,1904-02-13,0.10251297732,9.34826,4.38108,23399.019721164645,0.05585918513507049,0.05272646097243561
BNY,1905-02-19,0.09742151796,8.24285,4.1891,23255.954252703446,0.04499495279016941,0.0863194829831313
BNY,1906-02-25,0.10369389264000001,9.81759,4.21967,24573.934132289967,0.0018743934038167875,-0.004310859731098571
BNY,1907-03-03,0.10420122804,9.70749,4.25649,24480.552765306624,0.005191809877612474,-0.0008447398755586644
BNY,1908-03-09,0.11126374375999999,9.73054,4.29293,25917.90310114537,0.0739117099817892,0.06658091669897481
BNY,1909-03-15,0.1443222586,9.65185,4.32915,33337.31993578416,0.08896964773611793,0.0822416148212719
GZA,1866-10-19,0.31771564084,8.30556,11.90509,26687.378326413327,-0.004139883643959008,-0.004400852283841683
GZA,1867-11-01,0.32515292992,8.31587,11.90509,27312.09339198612,0.009121647781650921,0.009520660532408964
GZA,1868-10-31,0.34053564740000003,9.02263,11.90509,28604.206049681274,0.04541828325256936,0.04595050221363728
GZA,1869-11-13,0.34713187755999997,9.02573,11.924366276709145,29111.138445824436,0.013237310011717351,0.013113174851654419
GZA,1870-11-26,0.34438280812,9.04567,11.90509,28927.35864407577,0.027303165288701026,0.0026429137166834593
GZA,1871-11-18,0.43074803096000003,8.9987,11.90509,36181.83742920045,0.2126665089148314,0.21685302362294623
GZA,1872-11-24,0.44483481536,8.29064,11.90509,37365.094708229844,0.013759763840496042,0.014829086247241774
GZA,1873-12-07,0.45492105256,7.76685,14.127998414542603,32199.964864925852,0.06275667353301406,-0.10116913751388557
GZA,1874-12-06,0.46620032887999996,8.38732,14.18184,32873.04953941097,0.016576661859258657,0.014727446914609477
GZA,1875-12-19,0.48105494996,8.5239,14.18184,33920.4891579654,0.016306684335802624,0.01830959224301587
GZA,1877-01-01,0.47857859868,8.53268,14.181840000000001,33745.87491326936,-0.00401925664830749,-0.004866221027435502
GZA,1877-12-24,0.48260055376,8.5399,15.40909,31319.211826266182,0.010649693224720203,-0.021890093327627036
GZA,1878-12-30,0.56070313052,9.47082,15.40909,36387.815926832795,0.0742847327337921,0.07905320268086347
GZA,1880-01-12,0.67698820176,8.6823,16.531,40952.646649325514,0.20584992485003584,0.17648616416481144
GZA,1881-01-11,0.48288739044,10.16895,17.464399486120193,27649.81360073526,-0.23991950578620036,-0.2841719068362939
GZA,1882-01-24,0.48785973340000005,10.17325,17.39803,28041.09047978421,0.0060325790607622665,0.005802306841573568
GZA,1883-02-06,0.55990512604,10.42118,16.68223,33562.96646431562,0.09318294087541279,0.10262954590049311
GZA,1884-01-29,0.57302979292,9.70211,16.68223,34349.7118143078,0.018045656240577745,0.017990920339757688
GZA,1885-02-04,0.58229238392,9.73119,16.73392967574636,34797.10953751387,0.01340731930683492,0.013185069152283013
GZA,1886-02-17,0.5674313382399999,10.21854,16.68223,34014.11791109462,-0.015505437089460283,-0.014264964608731834
GZA,1887-02-16,0.58942048568,9.76983,19.23826,30637.931168411284,0.02033814963487801,-0.1207794683491078
GZA,1888-03-01,0.57801174964,9.76049,19.23826,30044.90788875917,-0.010742088188690269,-0.01495118030831466
GZA,1889-03-14,0.5793270969200001,9.7456,19.27262536604891,30059.583783564623,0.00695049316343721,0.009029115157109802
GZA,1890-03-06,0.58404543028,9.74945,19.23826,30358.537117182113,-0.0013466886835252767,-0.001287970795772364
GZA,1891-03-12,0.71417776144,9.7261,19.23826,37122.78352824008,0.11520912360523305,0.11372466062623121
GZA,1892-03-25,0.71966239748,9.80165,19.23826,37407.87355405323,0.05186754511655267,0.054785275958448176
GZA,1893-03-24,0.73780592964,9.77599,19.23826,38350.969871495654,0.028179905294283936,0.027203640769759563
GZA,1894-04-06,0.7370300496000001,9.79598,23.50154,31360.92569252909,0.000371546913391807,-0.0898748711192
GZA,1895-04-19,0.25790359244,9.92646,23.50154,10973.901814093886,-0.6980885127846854,-0.6648747058620124
GZA,1896-04-11,0.31115739668000003,9.48858,23.50154,13239.872650047615,0.12856018377820733,0.11847459938172422
GZA,1897-04-17,0.33451906540000004,9.50905,23.50154,14233.921070704304,0.08618526351919775,0.061986857621076696
MON,1837-01-13,0.05360448132,2.93565,1.18444,45257.236601263045,0,0
MON,1838-01-19,0.047666837399999995,3.06687,1.16348,40969.19362601849,-0.03593745630828604,-0.02306774059623029
MON,1839-01-25,0.07566194843999999,2.03826,1.14216,66244.61409960075,0.13494824001851957,0.15137883522336537
MON,1840-01-31,0.06437731092,2.36785,1.11922,57519.8003252265,0.0015346294306886055,0.016817379901208573
MON,1841-02-06,0.06520070543999999,4.88236,1.10683,58907.60590153863,-0.017108084262539958,-0.008779394448158895
MON,1842-02-12,0.062630529,4.91484,1.09781,57050.42675872875,-0.11712005454911334,-0.11143870842547354
MON,1843-02-18,0.0366662842,4.60723,0.9669500000000001,37919.524484202906,-0.2878606203378824,-0.2620683845234423
MON,1844-02-24,0.056242347719999995,5.3453,0.9609499999999999,58527.86067953588,0.02254902164929362,0.02750211632152033
MON,1845-03-02,0.06281879916000001,5.19298,0.9570899999999999,65635.20584271073,0.11635663109471195,0.11945990022869757
MON,1846-03-08,0.06278829076,5.25543,0.95343,65855.16583283513,-0.000024883301614320175,0.003195729896580346
MON,1847-03-14,0.06226825592,5.74832,0.95051,65510.363825735665,-0.008003593938845088,-0.005690707476334156
MON,1848-03-20,0.06340228336,5.26138,0.9454,67063.9764755659,0.006429387351486904,0.010332233438619554
MON,1849-03-26,0.06272962228000001,5.27869,0.9435200000000001,66484.67682720027,-0.0073764021771951516,-0.005601039344114267
MON,1850-04-01,0.06067548396,5.28917,0.94132,64457.87188203799,-0.03194708465538798,-0.030236349964995357
MON,1851-04-07,0.05988532628,4.1686,0.93644,63949.98748451583,0.0002570815383327041,0.003946202846267788
MON,1852-04-13,0.05960318468,4.25715,0.92971,64109.43700723881,-0.005843757049204701,-0.0002506174701975006
MON,1853-04-19,0.05863945516,4.28906,0.92275,63548.58321322135,-0.007882649385082208,-0.0024532220091848522
MON,1854-04-25,0.06018026352,4.30258,0.9158300000000001,65711.1729469443,0.023759200335796482,0.02966994695314007
MON,1855-05-01,0.059140138200000004,4.33255,0.90783,65144.50745183569,-0.00996239293202461,-0.0032249271109990874
MON,1856-05-07,0.06698420352,4.3679,0.90076,74364.09645188507,0.09301972249268076,0.09929952452092672
MON,1857-05-13,0.06699451824000001,4.37785,0.89276,75042.02500112013,-0.004141449442704226,0.002671080436883022
MON,1858-05-19,0.06639160163999999,4.41555,0.88499,75019.60659442478,-0.007396553675953377,-0.0006577781388091841
MON,1859-05-25,0.03258504912,2.96247,0.8748,37248.57009602195,-0.44344306866663963,-0.4385494157843881
MON,1860-05-31,0.05195857888,3.22642,0.86331,60185.30873035178,0.60304197399624,0.618980050131412
MON,1861-06-06,0.05355343812,3.63842,0.85342,62751.5620913501,0.027551793450408812,0.03672791996437397
MON,1862-06-12,0.052266713199999995,4.15175,0.84349,61964.82851011868,-0.005032037810263068,0.0036090602248355363
MON,1863-06-18,0.05032369732,3.932,0.83382,60353.19052073589,-0.000023624955474921272,0.00856087335871436
MON,1864-06-24,0.048953756800000005,3.81805,0.82354,59443.08327464361,-0.020455129205277922,-0.01134232651624345
MON,1865-06-30,0.04824692808,3.863,0.81336,59318.0486869283,0.0024748437203325757,0.011920764773343695
MON,1866-07-06,0.044745870519999995,3.87471,0.8037,55674.84200572353,-0.07275227484579672,-0.06412366182015838
MON,1867-07-12,0.04810475956,4.15243,0.79421,60569.31990279649,0.019293108205131304,0.02829301401615858
MON,1868-07-18,0.047880222,4.17252,0.78577,60934.14357890986,-0.00469843130027614,0.003369423495400037
MON,1869-07-24,0.04721136628,4.19974,0.77744,60726.70081292447,-0.025975783238552763,-0.017841857386813986
MON,1870-07-30,0.0468031018,4.23987,0.76896,60865.456980857256,-0.007071505532533218,0.0010344291838431108
MON,1871-08-05,0.19134527932,5.09986,4.3469,44018.790245922384,0.4399272331674491,-0.0013565842162714947
MON,1872-08-11,0.16597535084,7.65736,4.2368,39174.69572318732,-0.03219649351611975,-0.012011262945304746
MON,1873-08-17,0.14876571528000002,8.38276,3.8159400000000003,38985.339203446594,-0.1907236687644498,-0.11495965148320475
MON,1874-08-23,0.11905689432000001,9.21669,3.68085,32344.94595541791,-0.15338464366802496,-0.13816423359765928
MON,1875-08-29,0.07269506868,8.10855,3.6296300000000006,20028.23116405804,-0.2761047497293574,-0.2692154537385919
MON,1876-09-04,0.07741803576,10.47963,3.59279,21548.166121593524,-0.19714626501056276,-0.18903531501889437
MON,1877-09-10,0.10717116488,9.58071,3.60575,29722.294912292866,0.14106631746889464,0.13853856219263894
MON,1878-09-16,0.07837730836,11.33309,3.64654,21493.6099316064,-0.2001764519002981,-0.20693981458850041
MON,1879-09-22,0.0807791894,11.03858,3.6876299999999995,21905.448594354642,0.004536521012067363,-0.003946174800392055
MON,1880-09-28,0.0790183342,11.01967,3.72752,21198.634534489418,-0.02457048635969561,-0.03267548848783153
MON,1881-10-04,0.08507966843999999,10.77763,3.7678199999999995,22580.608532254726,0.06119603601819734,0.0528321481305718
MON,1882-10-10,0.09328916220000001,11.07368,3.80282,24531.5745157541,0.08983343822678647,0.08222376906706086
MON,1883-10-16,0.09765642172,10.85738,3.8339700000000003,25471.357814484723,0.04398999590534958,0.0373538225193244
MON,1884-10-22,0.09951987604,10.53568,3.86221,25767.598354310096,0.015685638440821936,0.010294595741980661
MON,1885-10-28,0.15527106036,10.42803,3.8855599999999995,39961.05075201516,0.18259204266948248,0.17713421649726424
MON,1886-11-03,0.11607135176000001,10.51181,3.90998,29685.919559690843,-0.13377152721130303,-0.1378564367281876
MON,1887-11-09,0.1130415416,10.29444,3.93216,28747.950642903645,-0.02336159078476141,-0.027509149983652836
MON,1888-11-15,0.10967482968,10.14961,3.95071,27760.789751715514,-0.03373884679589689,-0.037286938075739684
MON,1889-11-21,0.1465491274,9.83705,3.96712,36940.93634677045,0.26070479462113827,0.2568722996079791
MON,1890-11-27,0.52427782888,12.12576,3.76036,139422.24384899318,1.0870933511152052,1.1827057088577098
MON,1891-12-03,0.49881737984,11.97079,3.72636,133861.8329522644,-0.03718824199257553,-0.032980308133801484
MON,1892-12-09,0.5217657406,12.23148,3.7062799999999996,140778.82421187824,0.0885993301650243,0.09273887746731768
MON,1893-12-15,0.58895108272,13.51036,3.63473,162034.34167599794,0.0823172567527275,0.10106282447227732
MON,1894-12-21,0.80596956752,14.46356,3.5629,226211.67237924165,0.3261195258069467,0.3437957507280638
MON,1895-12-27,1.19534085788,13.84511,3.40229,351334.20663141593,0.4694292516574301,0.526282894700447
MON,1897-01-02,0.31916607267999997,11.33141,3.34398,95444.97056800578,-0.80030306456029,-0.7981205781090398
MON,1898-01-08,0.76735055384,14.243,3.251,236035.23649338665,1.3035948475119206,1.3505948444986413
MON,1899-01-14,0.90570555608,13.91978,3.13021,289343.38465470367,-0.04477428941610617,-0.015240578217647016
MON,1900-01-20,1.31842034532,13.57181,3.02852,435334.8649901603,0.3717404911716653,0.4089682790392204
MON,1901-01-26,1.60594489016,13.40796,3.33209,481963.2393362724,0.10885587867482305,0.029113317231352243
MON,1902-02-01,1.63586459348,13.02674,3.9945799999999996,409521.0493919261,0.035041903088743664,-0.09879316388646431
MON,1903-02-07,2.47807135628,12.1245,4.57599,541537.7560440473,0.3379716145777698,0.20819984227156518
MON,1904-02-13,0.5333663634,7.38861,4.97683,107169.89798727304,-0.3312378251943012,-0.37743507892935146
MON,1905-02-19,1.90038036916,11.11651,4.98194,381453.8852655793,4.096007449583816,4.093127515000889
MON,1906-02-25,2.4973046945600004,10.09099,5.49228,454693.62351518864,0.25942084100353724,0.16693234291848058
MON,1907-03-03,2.45920688312,9.92448,6.08114,404398.99149172683,-0.0292197071214626,-0.1021367762505987
MON,1908-03-09,2.84989989024,10.89771,6.849570000000001,416069.8978534419,0.2173539198268486,0.11289502218539349
MON,1909-03-15,3.0875333647599996,11.05746,7.47733,412919.232501441,0.045124153825472746,-0.025665749199719534
BRZ,1837-01-06,5.614815688559999,8.35368,43.20348,129962.11621286062,0,0
BRZ,1838-01-05,6.59488299132,8.63306,47.11560000000001,139972.38688077833,0.13660879225801748,0.08167354682103567
BRZ,1839-01-04,7.03933869028,8.64092,49.04254,143535.36114320342,0.03952758186863403,0.013651616327518212
BRZ,1840-01-10,7.6721257953599995,8.58412,49.769070000000006,154154.49385250718,0.07799864955266078,0.0658860406285533
BRZ,1841-01-09,7.677694631880001,8.57678,49.83144999999999,154073.27364305075,-0.0006610720878839071,-0.0010756735426028508
BRZ,1842-01-08,8.42310615432,8.99536,50.262,167583.9830153993,0.09042574717065932,0.08285548878236182
BRZ,1843-01-07,7.69281187012,8.58616,50.81756,151380.97677495732,-0.0716333877579639,-0.07952971398286834
BRZ,1844-01-06,7.95617228484,8.76904,51.32368,155019.52090808764,0.05368431633063797,0.045610932754510225
BRZ,1845-01-05,8.6646726842,8.89978,52.07502,166388.27376734564,0.08253949497085333,0.06952034203255453
BRZ,1846-01-04,9.014207188999999,9.18838,52.68767,171087.60339942912,0.0009346539660821662,-0.008027704741995434
BRZ,1847-01-10,9.09098034572,9.21209,53.34509,170418.31489496035,0.018353270507437403,0.00883692410695014
BRZ,1848-01-09,9.6275868806,9.23612,53.98465,178339.34054587738,0.048061865913513024,0.03840416090225096
BRZ,1849-01-08,9.6933369832,9.35205,58.12859,166756.78840997175,0.03027284156937582,-0.04056010410003286
BRZ,1850-01-07,9.58158462664,9.55672,56.48196,169639.73322880437,-0.021970669054498626,0.013699169186198956
BRZ,1851-01-06,9.219158113879999,9.89672,57.37697,160676.97743328026,-0.0091561997704932,-0.021008234822626926
BRZ,1852-01-05,9.639548699039999,9.9904,57.71816,167010.6721877482,0.04875624155961078,0.043654202825109456
BRZ,1853-01-04,9.56001214948,9.92959,57.65215,165822.30063371445,0.007105697589422588,0.00813723285100898
BRZ,1854-01-10,9.74067569384,9.99135,57.78707,168561.50854923084,0.01937933154481164,0.017869533180473685
BRZ,1855-01-09,10.68771899988,10.17338,58.16481,183748.8852775415,0.07210758674959261,0.06543347692891466
BRZ,1856-01-08,11.186248560240001,10.08017,58.64477,190745.88510177465,0.013963266434356747,0.008401432222969962
BRZ,1857-01-07,11.20692363908,10.20456,59.70903,187692.27433572442,-0.0009244626968785141,-0.014735663247875785
BRZ,1858-01-06,12.05957952316,10.50691,61.12331,197299.1895098613,0.07166660167225869,0.05156779225784236
BRZ,1859-01-05,12.9438725598,10.84803,63.00957,205427.08924691917,0.06362713043509971,0.03902685836661268
BRZ,1860-01-04,13.686607485200001,10.86101,64.53758,212071.9042331615,0.016170459484894595,-0.002354837066561699
BRZ,1861-01-10,14.242017928840001,11.08089,65.8509,216276.73925246278,0.03122761873732527,0.016042590840710247
BRZ,1862-01-09,14.65614887984,11.11805,67.34913,217614.52419415067,0.027144718015729374,0.009298726312368943
BRZ,1863-01-08,14.43014279408,11.25699,68.8892,209468.86876433462,-0.037246638095493334,-0.0534568050518095
BRZ,1864-01-07,15.46496610464,11.01975,70.42929,219581.45687170778,0.06321886826015066,0.04530497231218078
BRZ,1865-01-06,17.1611496992,10.96509,75.14017,228388.48646735828,0.0903223716125292,0.03566031892377208
BRZ,1866-01-05,17.286904748879998,11.0238,76.84361,224962.16339758114,0.014390156242643393,-0.0023296196857646168
BRZ,1867-01-04,17.8662841084,10.99932,78.71912,226962.44709544515,0.032307322994977294,0.014002693991364001
BRZ,1868-01-10,18.868637101599997,11.2133,80.4254,234610.42284651365,0.06230213761536185,0.04552502255371316
BRZ,1869-01-09,19.39117677692,11.4455,84.30047,230024.5393284284,0.03716724854718989,-0.0026072755853187024
BRZ,1870-01-08,19.81243845776,11.57181,86.81462,228215.46022732113,0.01535445626892007,-0.005642050713296487
BRZ,1871-01-07,20.492231264959997,12.49446,89.02776,230177.99464975865,0.038524513741487354,0.018990547732930185
BRZ,1872-01-06,20.93865444996,12.54947,90.83222,230520.12215445135,0.008916300312867831,-0.0065073592991951035
BRZ,1873-01-05,22.122945235040003,12.53856,93.55234,236476.66359858023,0.05485441679129188,0.030929235936316024
BRZ,1874-01-04,22.7599469916,12.55888,95.79727,237584.50519101432,0.029873488043267615,0.01141998110452458
BRZ,1875-01-10,24.773259333160002,12.55445,97.9989,252791.19799467138,0.05273078438764589,0.034740951681794696
BRZ,1876-01-09,26.22673670864,12.63963,100.29887,261485.864283815,0.04830937746752073,0.029941188917733008
BRZ,1877-01-08,26.96475208336,12.43529,103.96397,259366.31780567826,0.007157120558551666,-0.01876722856277857
BRZ,1878-01-07,28.21825865612,12.49138,107.768,261842.64954457723,0.04325556097366956,0.013418598199913978
BRZ,1879-01-06,29.842205524039997,12.62772,112.26664,265815.43300877267,0.04809224894173747,0.01334456593238409
BRZ,1880-01-05,30.91220774876,12.92155,116.29768,265802.4454895403,0.03514622505187526,0.009596280121225487
BRZ,1881-01-04,32.525755339999996,13.269,120.20219999999999,270592.0136237107,0.022183276723294787,-0.004531424057231503
BRZ,1882-01-10,32.14607388876,13.00037,123.03303,261280.03097021996,0.01347397535803796,-0.003925368030903265
BRZ,1883-01-09,32.17035792776,12.85801,127.1687,252973.86800179604,0.008589751126436118,-0.01715710288033201
BRZ,1884-01-08,32.881592230239995,13.21962,131.14631,250724.4941183629,0.02403923541610209,0.002591008756009927
BRZ,1885-01-07,34.17416012556,13.2737,138.63644,246502.00283244436,0.028146879066065722,-0.01660222237180886
BRZ,1886-01-06,35.88840423480001,13.2405,147.57251,243191.66377803023,0.03322204481133584,-0.01567618855197661
BRZ,1887-01-05,37.98056192528,13.36387,152.94822,248323.00712803326,0.02132894084990311,-0.004290504605617529
BRZ,1888-01-04,38.820318005560004,13.32109,158.94889,244231.45078622445,0.008360345225578714,-0.01994347688793896
BRZ,1889-01-10,39.22760074688,13.30113,167.61293,234036.8415902043,0.0025507619770495094,-0.0380885355022863
BRZ,1890-01-09,40.9803636658,13.52998,171.69165,238685.82814481657,0.04847803667772488,0.029860860930884803
BRZ,1891-01-08,43.90977995144,13.25755,183.49324,239299.16955763602,0.043485980095452126,-0.009841835333493365
BRZ,1892-01-07,42.754634069679994,12.89983,191.97383,222710.74171766016,0.0017303727823536619,-0.033377960914206195
BRZ,1893-01-06,45.68462445404,12.92459,198.09283,230622.30194823307,0.04869281430593886,0.02491241241698483
BRZ,1894-01-05,48.92269317364,13.05156,205.94572,237551.39545332623,0.05857013810035183,0.025749627997722957
BRZ,1895-01-04,50.82432566432,12.79689,209.67248,242398.6479499837,0.03570817041111285,0.021813674959538565
BRZ,1896-01-10,53.44601322372,13.21843,213.47389,250363.2328230867,0.03438531738585571,0.020435282415003142
BRZ,1897-01-09,53.6428978774,13.16775,217.03568,247161.65506703782,0.004118051738341011,-0.008368906280453947
BRZ,1898-01-08,58.34753695264,13.96118,220.7266,264343.0241422647,0.06584249809849796,0.05215047295942887
BRZ,1899-01-07,62.0442918446,14.7184,224.29673999999997,276617.00230061304,0.027755692950250488,0.015246732801039942
BRZ,1900-01-06,69.07886827764,15.2029,229.38353,301150.07942217996,0.09500501415258733,0.07613837377596222
BRZ,1901-01-05,76.81573676244,15.59937,233.67573999999996,328727.9062963062,0.07705279712440882,0.06183095971015007
BRZ,1902-01-04,82.0242048912,16.07351,237.78230999999997,344955.0342546509,0.05594613935406256,0.04199986876946271
BRZ,1903-01-10,88.57763203224,16.37309,242.91708,364641.4325095625,0.07231529375633161,0.05519774306539338
BRZ,1904-01-09,91.19228424799999,16.43051,246.28425,370272.4971166447,0.013363070648081399,0.002903150892498374
BRZ,1905-01-08,99.76445238292,16.37689,250.68378,397969.315696931,0.051942447706815775,0.03807314602515932
BRZ,1906-01-07,104.6497968516,16.46506,256.11818,408599.64275710535,0.011957312750841664,-0.004611003136536951
BRZ,1907-01-06,117.46262604804001,17.20685,260.43711,451021.0777874167,0.0767874016088681,0.06327725570427023
BRZ,1908-01-05,131.07565089424,17.90499,269.50944,486349.0158053091,0.05348638142946971,0.02548769062861167
BRZ,1909-01-04,142.39914177423998,18.40555,276.62734,514768.8647631141,0.0639120820529826,0.04365812857845808
CIR,1837-01-13,0.27396899348,9.50098,6.785429999999999,40376.069531334055,0.6316171973879656,0.5968268485583856
CIR,1838-01-19,0.27094591472,10.36794,6.947500000000001,38999.05213673983,-0.017946587840683592,-0.03483707741472908
CIR,1839-01-25,0.17850182012,11.14295,7.13724,25009.922619948324,-0.34128795292246916,-0.3543096645179785
CIR,1840-01-31,0.17803790004,11.11319,7.32061,24320.09081756848,-0.001967743717215642,-0.02041428284276492
CIR,1841-02-06,0.24862698744,10.89825,7.50075,33146.9502969703,0.40836166481617964,0.3817434407002305
CIR,1842-02-12,0.25486177444,11.17989,7.70446,33079.77125457203,-0.05443611180366681,-0.07243630931051914
CIR,1843-02-18,0.27220852360000003,9.45108,7.87459,34567.96145577103,-0.029444455551868476,-0.04658724587272167
CIR,1844-02-24,0.27762950799999997,9.32755,8.05937,34448.04097590755,0.1865818598411748,0.1659472438675882
CIR,1845-03-02,0.20396330188,11.1464,8.2341,24770.564102937784,-0.1331969672316976,-0.14721484626163106
CIR,1846-03-08,0.2248654902,10.99822,8.43288,26665.325511568997,0.026978777206713822,0.007479311010154754
CIR,1847-03-14,0.31687200167999996,10.52535,8.64369,36659.34359978204,0.33591013308085116,0.3123809371907724
CIR,1848-03-20,0.26047792056,10.27813,8.81231,29558.415507398175,-0.17974611323936607,-0.1922025609066259
CIR,1849-03-26,0.25303253196,10.28108,9.01023,28082.80498500038,-0.021533074229804106,-0.03724114332477235
CIR,1850-04-01,0.26121611984,10.2778,9.20914,28364.876616057525,0.013404068912737266,-0.002863112711335547
CIR,1851-04-07,0.26162123416,10.92733,9.41642,27783.513709031668,-0.007179061369829154,-0.02376595746064103
CIR,1852-04-13,0.261917006,10.90146,9.61754,27233.264015538276,0.0051729850617436846,-0.010882374483943802
CIR,1853-04-19,0.26165494316,10.87778,9.8409,26588.517631517443,-0.0005196366851546452,-0.01811426516359793
CIR,1854-04-25,0.2690386972,12.22844,10.09359,26654.41108664013,-0.002987585438771978,-0.022451159062519044
CIR,1855-05-01,0.28187254836000003,11.24634,10.3167,27321.968106080432,0.06747325663444759,0.05038065681314996
CIR,1856-05-07,0.4646822856,10.51031,10.53442,44110.85618382407,0.5713472606894587,0.5460478286470081
CIR,1857-05-13,0.34161557507999996,10.54249,10.74337,31797.804141531007,-0.11659590386467722,-0.12995528474979523
CIR,1858-05-19,0.31554718936000004,10.26575,10.99919,28688.22061988201,-0.049725105887858834,-0.06620477033168848
CIR,1859-05-25,0.31306566044,9.77604,11.21741,27908.907710425137,0.004282966910728936,-0.010862299289953081
CIR,1860-05-31,0.32046749748000003,9.6107,11.43724,28019.653122606505,0.015211611978417805,0.0006605751857204911
CIR,1861-06-06,0.32597861088,9.52714,11.64928,27982.72604658829,0.012777467623558136,-0.0011093077453978584
CIR,1862-06-12,0.3310755604,9.60924,11.82418,27999.874866586943,0.011089112660281453,0.0003184532479973967
CIR,1863-06-18,0.42156529843999996,9.70724,12.002069999999998,35124.3825806715,0.18282141178953437,0.16994631610226563
CIR,1864-06-24,0.5439125068,9.02926,12.17166,44686.79759375467,0.25510244603186694,0.2412397041368779
CIR,1865-06-30,0.55770263016,9.08485,12.30456,45324.87388090268,0.01971664898313108,0.011719710109942882
CIR,1866-07-06,0.50844350596,9.73064,12.459369999999998,40808.12320045075,0.06785454856035589,0.05799037452660172
CIR,1867-07-12,0.50184718012,9.69424,12.61152,39792.7593279795,-0.0006239001379162445,-0.010115985085384915
CIR,1868-07-18,0.51431642132,9.63967,12.76138,40302.570828546755,0.022674585802316072,0.013462236516423198
CIR,1869-07-24,0.5223309483599999,9.55027,12.924709999999997,40413.35924442406,0.011374910124730464,0.002140190232741812
CIR,1870-07-30,0.5298773376,9.46814,13.07807,40516.4781653562,0.008106421719892731,-0.0010889854345109695
CIR,1871-08-05,0.4746831544,9.31803,13.226129999999998,35889.79954075758,-0.0632312598038739,-0.07126622950380213
CIR,1872-08-11,0.46862111764000003,9.10701,13.36901,35052.79131663452,-0.011954551172641992,-0.019601085102365134
CIR,1873-08-17,0.5847478535599999,8.42126,13.46535,43426.11618413186,0.23313347019708086,0.2260617826711422
CIR,1874-08-23,0.52844492428,8.01381,13.52278,39078.1277429641,-0.06495425618406403,-0.06748235739266129
CIR,1875-08-29,0.53104644268,8.48852,13.61213,39012.736631225234,-0.1039900488246126,-0.10874824001738403
CIR,1876-09-04,0.41021086132,8.16626,11.75195,34905.76979309817,-0.12273840451031337,0.016370918168937765
CIR,1877-09-10,0.5849128272,8.2911,13.61846,42949.9978117937,0.3673286037000616,0.18174895314313155
CIR,1878-09-16,0.59450235624,8.39001,13.72146,43326.464985504455,-0.04544206929008665,-0.05105360816439097
CIR,1879-09-22,0.4881348654,8.70493,13.839199999999998,35271.899054858666,-0.020524968080582018,-0.02696782720462554
CIR,1880-09-28,0.45513414908,8.92999,13.96762,32584.94640318107,-0.06257096589846589,-0.06868753172873765
CIR,1881-10-04,0.54707864952,8.73402,14.0958,38811.46508321627,0.0203954874568979,0.013037174554033415
CIR,1882-10-10,0.5212127065600001,8.03865,14.17762,36763.06083531651,-0.02010121646353835,-0.024134054664215587
CIR,1883-10-16,0.5152225884,7.30383,14.16258,36379.14761293493,-0.0003454641645236345,0.0013922446567071756
CIR,1884-10-22,0.03784643824,8.83214,1.95732,19335.846075245747,-0.17771858117677253,0.7406104202042618
CIR,1885-10-28,0.1106506492,7.16341,2.00071,55305.691079666714,1.5531336669065312,1.5125752410070792
CIR,1886-11-03,0.05180760416,8.20221,1.9779299999999997,26192.840070174378,-0.5316103911097649,-0.5272187340287022
CIR,1887-11-09,0.04161650636,8.35778,1.9849399999999997,20966.128124779592,-0.17358074781544441,-0.1753337762592626
CIR,1888-11-15,0.048428288480000005,7.95152,1.98778,24363.00218334021,0.1290643361622561,0.12836674133096904
CIR,1889-11-21,0.033060482,9.03667,1.9673300000000002,16804.7465346434,-0.2808726644280214,-0.27393176259608043
CIR,1890-11-27,0.0426912304,7.0648,1.9745900000000003,21620.30112580333,1.0218973951471697,1.0155773413649118
CIR,1891-12-03,0.02977910312,8.17119,1.97484,15079.248506208098,-0.27221659408818255,-0.2732581536187102
CIR,1892-12-09,0.029756391599999998,7.45022,1.94696,15283.514607387928,0.00012606616240273816,0.010725231669264756
CIR,1893-12-15,0.03174115412,7.02048,1.9256199999999999,16483.60222681526,0.0951490731697191,0.10403593480327578
CIR,1894-12-21,0.026755895919999998,6.71054,1.87606,14261.7485155059,-0.11376961720815992,-0.09526328058598998
CIR,1895-12-27,0.03366763556,7.10191,1.8647900000000002,18054.384440071,0.30117898813152766,0.3048489584530325
CIR,1897-01-02,0.029546124400000002,7.82623,1.8465,16001.150500947739,-0.07626414962853689,-0.06973609370722722
CIR,1898-01-08,0.03466935836,7.95335,1.85488,18690.890170792718,0.2031736988236159,0.19804814843989327
CIR,1899-01-14,0.0313136278,7.83727,1.861,16826.237399247715,-0.08656837870855016,-0.08867950722537421
CIR,1900-01-20,0.03731565032,7.18322,1.8600799999999997,20061.314739151007,0.37273654619560914,0.37254520911126643
CIR,1901-01-26,0.0339707524,7.81862,1.87388,18128.5634085427,-0.07243369404124722,-0.07487451152635005
CIR,1902-02-01,0.06417925592,6.93409,1.85106,34671.62378312967,0.32835914538806854,0.3370880938272065
CIR,1903-02-07,0.03490031428,8.87336,1.8550300000000002,18813.881328064774,-0.3136550410528671,-0.3163354088340311
CIR,1904-02-13,0.03475743596,8.7567,1.87026,18584.28023911114,-0.0044411641556559855,-0.010820795833101693
CIR,1905-02-19,0.03480294012,8.73431,1.88732,18440.40232710934,0.010801758618321555,0.003837927083266024
CIR,1906-02-25,0.04306179176,7.23305,1.90505,22604.021815700376,0.6724109546817731,0.6647785217534157
CIR,1907-03-03,0.0349098074,7.87871,1.90693,18306.811157200314,-0.15269559823482193,-0.15370692906699435
CIR,1908-03-09,0.03476886868,7.84794,1.91102,18193.880064049565,-0.0045156053001299545,-0.006252587415072619
CIR,1909-03-15,0.03412416332,7.8182,1.91411,17827.691888136,-0.017072298803953667,-0.018338232744970484
FIN,1837-01-13,0.8085367341999999,9.99484,14.67396,55100.10482514604,0,0
FIN,1838-01-19,0.87365789576,10.02591,14.90285,58623.5448763156,0.06944724205127617,0.056966678372109225
FIN,1839-01-25,0.80874473316,10.19738,15.13859,53422.72517850077,-0.04106750008197935,-0.0523746852744057
FIN,1840-01-31,0.8164708739200001,10.08969,15.38433,53071.5912828183,0.007746254395710306,-0.004416539501693295
FIN,1841-02-06,0.90985153584,10.13459,15.624020000000002,58234.15073969439,0.13117768657012951,0.11799127876568094
FIN,1842-02-12,0.82157523812,9.98466,15.86643,51780.7243418967,-0.07839328114650923,-0.08902322473349111
FIN,1843-02-18,0.78705808376,9.72379,16.10938,48857.13067542015,-0.03420798294109406,-0.04525914736006764
FIN,1844-02-24,0.77992062876,9.91227,16.35445,47688.588045455515,-0.03691923854118928,-0.047783430711400565
FIN,1845-03-02,0.83772534196,10.0463,16.60893,50438.24869874218,0.11269892309145457,0.09998222438748461
FIN,1846-03-08,0.9087959582,10.18722,16.87178,53864.85351278881,0.02962124571264302,0.017338183573378352
FIN,1847-03-14,0.9534381662,10.10947,17.14599,55607.06417068947,-0.037684212726464605,-0.04915342561027092
FIN,1848-03-20,0.97254004796,10.22931,17.32937,56120.91195236757,0.011842249450821907,0.0026442516968454566
FIN,1849-03-26,1.07446504672,10.11754,17.58052,61116.79556236107,0.0627999238536725,0.051502565489942365
FIN,1850-04-01,1.23065663552,10.55891,17.87463,68849.34879882829,0.12240161128945193,0.10838334763676127
FIN,1851-04-07,1.25328906716,10.66008,18.17775,68946.32543411589,0.033463579137837485,0.020411729051221572
FIN,1852-04-13,1.1851773023999999,10.44177,18.47165,64161.96183881786,0.036244316758067496,0.02374903760554692
FIN,1853-04-19,1.3756591851600002,10.42765,18.77498,73270.87353275478,0.05500958050641436,0.042299801459352304
FIN,1854-04-25,1.37013781996,10.21879,19.08498,71791.42026661804,-0.060525041338361896,-0.0722345121772735
FIN,1855-05-01,1.5237881770800001,10.07216,19.43098,78420.55197833563,0.12443720584968365,0.10927418462584781
FIN,1856-05-07,1.62443019232,10.05274,19.77893,82129.32612229277,0.02620718933746735,0.012081462335962856
FIN,1857-05-13,1.53720393632,10.38892,20.11299,76428.41448834808,-0.03242863342229241,-0.04455324350528511
FIN,1858-05-19,1.61207613996,10.23201,20.49088,78672.86031444233,0.01657744790008664,0.002143786710076645
FIN,1859-05-25,1.61259532772,10.26812,20.83072,77414.28657866843,0.011521369089390499,-0.0009890473080133022
FIN,1860-05-31,1.74190739996,10.28483,21.178950000000004,82247.10856581652,0.06696078792058979,0.053555469747130546
FIN,1861-06-06,1.68034231768,10.17959,21.52911,78049.78086321265,-0.026708831372128983,-0.03865505562949867
FIN,1862-06-12,1.6940062723999998,10.22406,21.88601,77401.32954339325,-0.005505648535990448,-0.01778918431305654
FIN,1863-06-18,1.76553624884,10.24493,22.2499,79350.30039865347,0.021972164592505727,0.009288422539277086
FIN,1864-06-24,1.84747795388,10.26318,22.63301,81627.58527831694,0.019514933050759353,0.0067321933480049
FIN,1865-06-30,1.98859743264,10.36266,22.99915,86463.95334784112,0.08728384184289406,0.07398691901938537
FIN,1866-07-06,1.90114860988,10.38396,23.37891,81318.95840652964,-0.05420131477841372,-0.06577441332369582
FIN,1867-07-12,2.05214888632,10.36257,23.76333,86357.79944645806,0.043981717988096136,0.031290964400696675
FIN,1868-07-18,2.10913887392,10.35689,24.14774,87343.11674384437,0.030881207453364645,0.018456852186532036
FIN,1869-07-24,1.99766763456,10.40375,24.537819999999996,81411.78126500236,-0.025627265609051042,-0.03732582198273815
FIN,1870-07-30,2.241782413,10.45513,24.92868,89927.84266956775,0.11944195188965345,0.10613973158420031
FIN,1871-08-05,2.5710109817599998,10.38428,25.3268,101513.45538165106,0.11487256739413976,0.10161410981902441
FIN,1872-08-11,2.7923619048000003,10.32394,24.76597,112749.9510336159,0.050748454446122526,0.07021470401866514
FIN,1873-08-17,3.23722248876,10.27209,24.663989999999995,131252.99226767448,0.13168830193565872,0.13210032659675552
FIN,1874-08-23,3.4363807836799998,10.48429,24.99389,137488.83361813627,0.02881687227139773,0.01869686898275047
FIN,1875-08-29,3.64415813632,10.70162,25.340370000000004,143808.4028102194,0.047195333631874226,0.03644536041659663
FIN,1876-09-04,3.3135207128400004,10.68841,25.7768,128546.62769777475,-0.05854845112044693,-0.07048470294429177
FIN,1877-09-10,3.52712002136,10.83667,26.21545,134543.56195907376,0.02704030168574878,0.01400138283710306
FIN,1878-09-16,3.65925934088,10.759,26.582289999999997,137657.79174329978,0.06014577774427243,0.048893774809528834
FIN,1879-09-22,3.93196146356,10.91528,26.94661,145916.73919502305,0.06697450945807071,0.056097101521197956
FIN,1880-09-28,4.36760610364,11.00566,27.32793,159822.061299191,0.0665800213876615,0.055311950042093994
FIN,1881-10-04,4.50728345236,11.08229,27.711120000000005,162652.5182800262,0.008380656629475292,-0.002276308245254821
FIN,1882-10-10,4.896152295319999,11.29744,28.11456,174150.05944677774,0.04224078031047096,0.031288477332113374
FIN,1883-10-16,5.0845596126,11.36837,28.52143,178271.55274472563,0.03734709674744363,0.026311585862657694
FIN,1884-10-22,5.4781626588000005,11.62768,28.954950000000004,189196.06695228277,0.04186579713295657,0.030338480308688576
FIN,1885-10-28,5.929685796319999,11.72703,29.40688,201642.80591208587,0.07336074395854464,0.06096806241011388
FIN,1886-11-03,6.39026632296,11.7586,29.87098,213928.9143831237,0.05088095364971079,0.038523299064098016
FIN,1887-11-09,6.61477724336,11.97593,30.34261,218002.90889148955,0.05769968200647635,0.04522764634423471
FIN,1888-11-15,6.69938392292,11.73964,30.81396,217413.9228752163,0.01407903785341591,0.0024494136608974593
FIN,1889-11-21,7.355945876760001,12.00345,31.30804,234953.89289013305,0.09750880591819899,0.08425241078199219
FIN,1890-11-27,7.6796519409999995,11.99745,31.8036,241471.15235382158,0.03285686463442783,0.020678767460024172
FIN,1891-12-03,7.8592454184400005,11.96272,32.33504,243056.61655096145,0.0013827797823999788,-0.011237168756956906
FIN,1892-12-09,8.28829208584,12.21684,32.83547,252418.86550854912,0.04083967718136927,0.028778898225893856
FIN,1893-12-15,9.01926531116,12.57743,33.35941,270366.45165966667,0.09265572418761892,0.07966123416304782
FIN,1894-12-21,8.89490604808,12.68415,33.9187,262241.9505488123,0.0030420670729036647,-0.009481158285736924
FIN,1895-12-27,9.431858109959999,12.52961,34.50043,273383.7842009505,0.02404601771287207,0.010937211747277908
FIN,1897-01-02,9.13073236556,12.9281,35.11353,260034.5896741228,-0.037837904397363786,-0.05036737168129968
FIN,1898-01-08,9.35462922524,12.71225,35.75858,261605.1651167356,-0.016800401016213717,-0.030267559223228435
FIN,1899-01-14,10.48777700048,12.58947,36.3531,288497.4596521342,0.09380470404948449,0.08018072920418073
FIN,1900-01-20,10.60509955908,12.83985,37.03794,286330.7073525147,-0.008153913108595368,-0.02248482285740494
FIN,1901-01-26,11.24279291772,13.29339,37.68198,298359.93007055356,0.05543947542801542,0.041941836314385084
FIN,1902-02-01,11.54826864308,13.59048,38.35215,301111.3755833767,0.010738063868904968,-0.0026320504805117384
FIN,1903-02-07,12.38782072476,13.43764,39.09363,316875.6834491962,0.060191178235665,0.04454194402671008
FIN,1904-02-13,14.24689614504,13.76525,39.78036,358138.94457063737,0.08734571860842988,0.07314845523110103
FIN,1905-02-19,13.3559081604,13.87935,40.44073,330258.8296600976,-0.035888642430230155,-0.047744529894921395
FIN,1906-02-25,13.845051252760001,13.8586,41.14544,336490.5382652367,0.03778344546100709,0.02435739500785039
FIN,1907-03-03,14.46989549304,13.89314,41.87316,345564.9273434343,0.03934465782283425,0.02565319398826782
FIN,1908-03-09,14.841917494039999,14.0487,42.62912,348163.8254329435,0.023848017636786123,0.01025373152124609
FIN,1909-03-15,15.61406519556,14.29899,43.39845,359783.93688161677,0.053243971213674524,0.03903513219921706
OMA,1837-01-13,0.73531690856,9.30355,15.85933,46364.9415555386,0.15080739283845168,0.13138131709136247
OMA,1838-01-19,0.73416191108,10.3086,16.15828,45435.647301569225,-0.004107159468905164,-0.018337675837200362
OMA,1839-01-25,0.6812864994,10.28494,16.49531,41301.830605184135,-0.04044111414557139,-0.05512338709961784
OMA,1840-01-31,0.6583962839999999,10.30542,16.892,38976.810561212405,-0.019972789009150782,-0.037015959780199226
OMA,1841-02-06,0.78000025636,9.3495,17.2283,45274.35999837476,0.16762140242156343,0.14975330310619728
OMA,1842-02-12,0.76806164864,9.36779,17.52132,43835.83249663839,0.055652067898236846,0.04202908375420078
OMA,1843-02-18,0.8189892817600001,10.06488,17.8098,45985.3160484677,0.06017427265320974,0.046844031630608685
OMA,1844-02-24,0.8274914606399999,10.07732,18.112,45687.47022084806,0.009804420575671102,-0.0032930115389031567
OMA,1845-03-02,0.8570042936,9.79223,18.41935,46527.39068425324,0.03932076423338149,0.026858971287024858
OMA,1846-03-08,0.85808862204,9.82052,18.70163,45883.09265235169,-0.010882629780917474,-0.022543281753032662
OMA,1847-03-14,0.8756925762,9.84449,19.02093,46038.36806086769,0.015205521226697272,0.002293663006778468
OMA,1848-03-20,0.9507449322799999,9.8273,19.3588,49111.76995888175,0.03202824068817156,0.01856072970511069
OMA,1849-03-26,0.88832624452,9.58908,19.75035,44977.74695233248,-0.06275206083995122,-0.07584949243733496
OMA,1850-04-01,0.9661260882,9.65623,20.26277,47679.86253606985,0.0941557587963695,0.0730769304777299
OMA,1851-04-07,1.1165810661200002,9.5875,20.55995,54308.54968616169,0.08416478146547424,0.0722962608669746
OMA,1852-04-13,0.1450718932,8.29186,5.21399,27823.58485536029,0.3104061880648319,0.9626398022819396
OMA,1853-04-19,0.25130360944,9.65636,5.27979,47597.273649141345,0.4079912096651863,0.3945907950853995
OMA,1854-04-25,0.23699870636,9.42599,5.31659,44577.20199601625,-0.02970185021942573,-0.0346514460103019
OMA,1855-05-01,0.15856704708,8.80439,5.39949,29367.041531700215,-0.07629812116528334,-0.08665280110651452
OMA,1856-05-07,0.15076270092,8.28544,5.45155,27655.015714796707,-0.013392845019694066,-0.020177081429065824
OMA,1857-05-13,0.16075386444,9.63718,5.50701,29190.770389013276,0.06022614902860912,0.05230831444788908
OMA,1858-05-19,0.19124712724,9.96528,5.59473,34183.441781819674,0.03605129893297154,0.023656449065060148
OMA,1859-05-25,0.17533877764,9.66168,5.60356,31290.604123093173,-0.031496013375934884,-0.029316743269868883
OMA,1860-05-31,0.18375781891999998,8.75294,5.67103,32402.900164520375,-0.0020120570566977136,-0.010950513024373665
OMA,1861-06-06,0.15969909904000001,8.45032,5.59014,28567.996336406602,-0.31075680242261494,-0.29969600701516097
OMA,1862-06-12,0.15942323955999999,9.28963,5.63563,28288.450370233673,0.004346406468663133,-0.0017112706683265477
OMA,1863-06-18,0.143148109,9.29653,5.70547,25089.626095659078,-0.025197902089168833,-0.03426713849733065
OMA,1864-06-24,0.1661528024,8.79536,5.77235,28784.256394709257,0.13849741028419538,0.12845581298631292
OMA,1865-06-30,0.15344299411999998,9.23482,5.83255,26308.046072472585,-0.09142543125549552,-0.09817327529103526
OMA,1866-07-06,0.15323663732,9.12315,5.90472,25951.550170033464,-0.01243112622763698,-0.02152936347729517
OMA,1867-07-12,0.17140226168,9.06613,5.97514,28685.898854252788,0.05058334572327472,0.04109409779482709
OMA,1868-07-18,0.16705830544,9.02599,6.04419,27639.486091602015,0.02049123715822465,0.011819314826922556
OMA,1869-07-24,0.17493739120000001,9.00598,6.11025,28630.15280880488,0.02036401456848802,0.011905433971190149
OMA,1870-07-30,0.17945592496,8.52229,6.16885,29090.66113781337,0.014215061571707599,0.006990522480377459
OMA,1871-08-05,0.17038996676,8.38644,6.22132,27388.073071309627,0.011361240422090635,0.004886999443322715
OMA,1872-08-11,0.18631860728,8.42019,6.27187,29707.02633823724,0.11216257080611092,0.10531976093053541
OMA,1873-08-17,0.19767602712000001,8.4432,6.32393,31258.414802187883,0.0004329214392129188,-0.005709413814632414
OMA,1874-08-23,0.18654355304,8.69267,6.38008,29238.43479078632,-0.021335341596986357,-0.027836238674463498
OMA,1875-08-29,0.22055128784,8.58071,6.433810000000001,34280.04368173757,0.12346766123621666,0.11641837944498157
OMA,1876-09-04,0.21088799472,8.3751,6.48825,32503.062415905675,-0.027503408620385583,-0.033719848643316785
OMA,1877-09-10,0.20580655679999998,8.31857,6.53865,31475.38969053245,-0.008717795383625382,-0.014473013600134865
OMA,1878-09-16,0.20809667371999999,8.47063,6.59426,31557.244288214293,-0.0014766053628874065,-0.00785428527253973
OMA,1879-09-22,0.20160219352,8.3231,6.64603,30334.228632732626,-0.0310842326372327,-0.036736557930487024
OMA,1880-09-28,0.19891720680000002,8.07042,6.68682,29747.653862374045,0.0031572008962219567,-0.001555908375352466
OMA,1881-10-04,0.19747063856,7.96874,6.72372,29369.253710743455,-0.006136654152787635,-0.010207688479076382
OMA,1882-10-10,0.20413675724,7.79588,6.75787,30207.263122847882,0.02305021112441885,0.019128346442783606
OMA,1883-10-16,0.21084804052,7.82177,6.78833,31060.369858271475,0.01062027288068279,0.007151971285375147
OMA,1884-10-22,0.21143639608,7.74033,6.8181,31011.043557589357,0.011597273239354333,0.008270977450191008
OMA,1885-10-28,0.21192411447999998,7.68145,6.84554,30957.98351627483,0.0022095132178427956,-0.0008128178971762434
OMA,1886-11-03,0.19418512412,7.87654,6.86716,28277.355430774875,-0.07093958645548437,-0.07306392467380785
OMA,1887-11-09,0.0800509268,7.12425,2.85209,28067.461685991675,-0.364802220269001,-0.25693463449845066
OMA,1888-11-15,0.0646392682,6.91974,2.86073,22595.37537621516,-0.14172396811327892,-0.1437580755938085
OMA,1889-11-21,0.06466561296,6.30225,2.86102,22602.293224094905,-0.002559550900974372,-0.0026676524104111143
OMA,1890-11-27,0.06506429592,6.35788,2.86217,22732.505728171283,-0.0031759826969830485,-0.003455619802414711
OMA,1891-12-03,0.06569494932,6.38277,2.86507,22929.614047824314,0.013901222478635233,0.01313726036841878
OMA,1892-12-09,0.0665811094,6.75887,2.87134,23188.16629169656,0.016804084788319074,0.015157720946514353
OMA,1893-12-15,0.06747870376000001,6.75317,2.88052,23425.875800202743,0.011664491155865209,0.00921790233023878
OMA,1894-12-21,0.06701774664,6.38293,2.88893,23198.120632898685,-0.0011645092246338473,-0.0034675213352322043
OMA,1895-12-27,0.06697015156,6.37962,2.89279,23150.713173095868,0.0020738439401493114,0.001059772352997923
OMA,1897-01-02,0.06695825812,6.38219,2.89683,23114.32086798328,0.0004564386125900377,-0.0005993599414517714
OMA,1898-01-08,0.06783164023999999,6.39653,2.90105,23381.754964581785,0.007476897178987141,0.006304720934056762
OMA,1899-01-14,0.06705320751999999,6.47997,2.90584,23075.326762657267,-0.0050161234659339415,-0.006183207966463877
OMA,1900-01-20,0.06827809976,6.47443,2.91098,23455.365464551458,0.017264894335786707,0.015863146229535108
OMA,1901-01-26,0.0681866822,6.4334,2.91586,23384.758596091717,-0.007026876504813484,-0.008266830356989496
OMA,1902-02-01,0.18612449908,8.03742,6.26244,29720.76364484131,1.690180707119247,0.25396131118755916
OMA,1903-02-07,0.19552616668,7.83509,6.29886,31041.51650933661,-0.021893644216646524,-0.026327281333319297
OMA,1904-02-13,0.20205067688,8.09827,6.33916,31873.41491301687,0.02417159445056538,0.019348552407681296
OMA,1905-02-19,0.19810420084,8.50133,6.39325,30986.462415829195,-0.018081928241051592,-0.024411834510047137
OMA,1906-02-25,0.1956177522,8.22594,6.4422,30365.05420508522,-0.0027112653536435216,-0.00853056439667943
OMA,1907-03-03,0.20038156112,7.90686,6.48269,30910.248850400065,-0.020915795125138414,-0.025346251586294
OMA,1908-03-09,0.2006231812,7.96389,6.52443,30749.533859662835,0.024431071985482333,0.019510098943142262
OMA,1909-03-15,0.20485305256,7.88085,6.56558,31201.059549955986,0.0020583144333066183,-0.002699568941877728
ABU,1837-01-13,0.04189742128,6.90999,0.6247,67068.06672002561,0,0
ABU,1838-01-19,0.04421813291999999,7.31268,0.6281099999999998,70398.70869752114,0.04089802425778766,0.036665806528753286
ABU,1839-01-25,0.0429990626,7.33972,0.6318799999999999,68049.41223017029,-0.05865174939398343,-0.0626863572871682
ABU,1840-01-31,0.050633925159999996,7.34877,0.63489,79752.28017451843,0.13552759603987696,0.13119651554645717
ABU,1841-02-06,0.04800970356,7.38083,0.63737,75324.69924847421,-0.0461698798014043,-0.048818106125122496
ABU,1842-02-12,0.04865581084,7.39543,0.63975,76054.41319265337,-0.0065941023323977666,-0.009571313097936573
ABU,1843-02-18,0.0499747248,7.42339,0.64181,77865.2947133887,-0.010680157812023139,-0.013155711490252076
ABU,1844-02-24,0.050456328,7.39667,0.64388,78362.93719326583,0.02704898245849785,0.024654483081930856
ABU,1845-03-02,0.04655600404,6.84705,0.6436500000000002,72331.2421968461,-0.0360848729996035,-0.03583084184823615
ABU,1846-03-08,0.05391232548,6.90087,0.64061,84157.79566350822,0.11825926363290362,0.12244358512741127
ABU,1847-03-14,0.056649582600000005,7.38167,0.64081,88403.08765468704,0.04743775711459808,0.04681073696869409
ABU,1848-03-20,0.05976219912,7.35627,0.64329,92900.86760248098,-0.015458322182132944,-0.018355431132223377
ABU,1849-03-26,0.05876711308,7.38366,0.66411,88490.02888075772,-0.03422262029324907,-0.04508794713112618
ABU,1850-04-01,0.0664030458,7.22385,0.67721,98053.8471079872,0.06777828985757606,0.04872355041023413
ABU,1851-04-07,0.06289611015999999,7.15883,0.67876,92663.2538157817,-0.019734630813900478,-0.022794695144244703
ABU,1852-04-13,0.020570388800000002,4.62378,0.66861,30765.900599751723,-0.6060498554537823,-0.602284259760663
ABU,1853-04-19,0.049112193,7.00501,0.63361,77511.70751724247,1.0134369020275473,1.1037951498767251
ABU,1854-04-25,0.10702123224,7.74223,0.6854,156144.196440035,0.5455590095007938,0.46094327483618325
ABU,1855-05-01,0.13719747236000002,8.05375,0.75094,182700.9779210057,0.27966210435911587,0.19506212361414388
ABU,1856-05-07,0.15885808692,8.09108,0.81728,194374.12749608458,0.0811131335561257,0.006400108328697085
ABU,1857-05-13,0.16318794076,9.27281,0.8659900000000001,188440.90666173972,0.020397621728720727,-0.016314675791238797
ABU,1858-05-19,0.1781661986,9.09553,0.89444,199193.01305845,0.07051551757982266,0.04411251523333393
ABU,1859-05-25,0.19531020184,9.17105,0.90207,216513.35466205503,0.06266720393050118,0.0559636655340503
ABU,1860-05-31,0.20961635396,8.74922,0.93002,225389.08191221696,0.07740577482642563,0.04974198894401094
ABU,1861-06-06,0.22147740004,9.37589,0.93765,236204.7672799019,0.09740814232300776,0.09081208804128127
ABU,1862-06-12,0.21575915296,9.5443,0.95621,225639.9252883781,-0.018886227846812043,-0.02793535101366551
ABU,1863-06-18,0.2191046104,9.10765,0.96753,226457.6916478042,0.012128981184235554,0.0030115977599427524
ABU,1864-06-24,0.23763951172,8.97846,0.97939,242640.32889860016,0.047013965141385006,0.03742610297101212
ABU,1865-06-30,0.23698032123999999,8.92181,0.99039,239279.800119145,0.006982926409764056,-0.0016435804615345662
ABU,1866-07-06,0.2478850608,9.06843,1.00145,247526.14788556594,0.05637436821325448,0.04770136401560343
ABU,1867-07-12,0.25013511328,9.34768,1.01335,246839.80192431045,-0.005374557595689056,-0.014125290353642628
ABU,1868-07-18,0.25254996988,9.14397,1.0248,246438.300039032,-0.008842192431437579,-0.017326549916354073
ABU,1869-07-24,0.2489472752,9.22501,1.03682,240106.55195694527,0.034820417308827345,0.02583076527603212
ABU,1870-07-30,0.25554847396,9.18368,1.05003,243372.5455082236,0.028185851389859407,0.01842417138334329
ABU,1871-08-05,0.19386200443999999,8.41398,1.06073,182762.81847406973,-0.21861102429431645,-0.22461000445583235
ABU,1872-08-11,0.22165099112,7.73855,1.06682,207767.93753397945,0.26932464212399165,0.2641024158833114
ABU,1873-08-17,0.17768628020000002,6.47058,1.06831,166324.64378317154,-0.08477348237177085,-0.0857669288415901
ABU,1874-08-23,0.16165704412,6.76612,1.06737,151453.6141356793,-0.015340029646657594,0.006353060998246507
ABU,1875-08-29,0.23669603776,7.34365,1.07282,220629.77737178648,0.25839044471625816,0.25349805863422303
ABU,1876-09-04,0.24246096732,9.02232,1.08011,224478.03216339077,-0.09299792417183506,-0.09775765024601513
ABU,1877-09-10,0.26166653812,9.29492,1.09107,239825.61899786448,0.015576316360123466,0.008223065790524231
ABU,1878-09-16,0.23896630576,10.70852,1.10275,216700.34528224892,-0.17104767334744686,-0.17785455391116956
ABU,1879-09-22,0.27663224108,11.41103,1.11292,248564.35420335695,0.12865894231553177,0.12098907609027165
ABU,1880-09-28,0.28016700660000005,11.5305,1.1245,249148.07167630058,0.01800470442239388,0.010016922227375824
ABU,1881-10-04,0.31093396464,12.49462,1.13724,273411.0342935528,0.09196284470195848,0.08266812842342453
ABU,1882-10-10,0.30546445176000003,12.7287,1.14976,265676.7079738381,0.009117985365934,0.0009010479851860875
ABU,1883-10-16,0.38778142832,13.13194,1.16014,334253.9937593739,0.1278415264349,0.11999471963599717
ABU,1884-10-22,0.37445083208,13.66863,1.17096,319781.0617612899,-0.06522388724927763,-0.07170982028253758
ABU,1885-10-28,0.35595697383999997,13.53784,1.16768,304841.20121951215,-0.03011756194554105,-0.028356748010543553
ABU,1886-11-03,0.3739843276,13.70151,1.14912,325452.8052770816,0.04679777195424051,0.05959448303418369
ABU,1887-11-09,0.34632689831999997,13.53476,1.13272,305748.0209760576,-0.046198542279018984,-0.035591520195922155
ABU,1888-11-15,0.32305412932,13.01343,1.10211,293123.3083086081,-0.0538525883671942,-0.03826730242492493
ABU,1889-11-21,0.31453326528,12.31751,1.10875,283682.76462683204,-0.021270329560395762,-0.02605084592422957
ABU,1890-11-27,0.34696031188,12.82646,1.11643,310776.59314063576,0.05082476343384168,0.045400776666894016
ABU,1891-12-03,0.31053623692,12.67182,1.12359,276378.60511396505,-0.05944216303632133,-0.06390335174268291
ABU,1892-12-09,0.31212659088,12.31184,1.14648,272247.74167887797,-0.013729493016315875,-0.024644711853245016
ABU,1893-12-15,0.33453284696,12.39784,1.1983,279172.8673620963,0.012448344983043258,-0.026652816294274073
ABU,1894-12-21,0.36626232136,12.92214,1.21759,300809.23903777136,0.07683973834592916,0.0619650709879096
ABU,1895-12-27,0.37497243420000004,13.02816,1.22595,305862.7466046739,0.021195652369576212,0.015962028968864894
ABU,1897-01-02,0.49137358244,16.1205,1.23925,396508.84199314105,0.3261888687807286,0.31569796842193365
ABU,1898-01-08,0.4894089954,16.29573,1.25746,389204.424315684,-0.005441582729584948,-0.01651286835136112
ABU,1899-01-14,0.48828546676,15.88873,1.27578,382734.8498643967,-0.0039108778790136745,-0.014603321966395577
ABU,1900-01-20,0.4963764676,15.91134,1.29509,383275.6546649267,-0.006260620307451781,-0.017400665046555575
ABU,1901-01-26,0.50067358432,15.45466,1.31454,380873.6016553319,0.022428777349905893,0.010819795196214121
ABU,1902-02-01,0.5094889675200001,15.8284,1.33441,381808.4153446092,0.01935230388752629,0.00806682705231121
ABU,1903-02-07,0.50547623568,15.96386,1.35364,373419.990307615,-0.016084918775254642,-0.026801144983487846
ABU,1904-02-13,0.50657791028,15.88117,1.37306,368940.84037114185,-0.0013857129108046928,-0.012167056220559802
ABU,1905-02-19,0.55978250692,15.266,1.394,401565.64341463416,0.06015713386654786,0.04824276487967105
ABU,1906-02-25,0.5461174602,15.58659,1.41541,385836.93784839724,0.049240373778204116,0.03708044786811637
ABU,1907-03-03,0.56514047876,15.78948,1.43681,393330.0010161399,0.033443495338489226,0.02165911269089138
ABU,1908-03-09,0.61973630888,16.45651,1.45984,424523.4470078913,0.09758646035291929,0.08462542728124278
ABU,1909-03-15,0.66140286836,16.63891,1.4828,446049.95168599946,0.045205913592052616,0.03284579175107871
SAR,1837-01-13,2.1275502638,10.08518,36.81723,57786.809702957005,0,0
SAR,1838-01-19,2.29777153164,10.49031,37.44472,61364.36676893299,0.038727567981199584,0.025799241474201873
SAR,1839-01-25,2.4230997372400003,10.41311,38.04288,63693.90901109486,0.018932682950377533,0.006626720428888566
SAR,1840-01-31,2.83212163936,10.53963,38.64504,73285.51450224918,0.076637857710536,0.0638147051491662
SAR,1841-02-06,2.5890527457599997,10.48177,39.2789,65914.59398710249,-0.06969737941722831,-0.08081978515664956
SAR,1842-02-12,2.73572560976,9.88437,39.83424,68677.740801883,0.06373751291815966,0.05229455927863813
SAR,1843-02-18,2.95865582376,10.51258,40.50222,73049.22603649875,0.068157026882816,0.05508671619178518
SAR,1844-02-24,3.1556158504,10.51735,41.14923,76687.11784886375,0.003442590960465175,-0.008429382311921474
SAR,1845-03-02,3.2987478638399996,10.06284,41.90739,78715.18278375246,0.012709756878293454,-0.0014860002280741025
SAR,1846-03-08,3.4358684619999997,9.99213,42.61997,80616.3979467841,0.02861981293995708,0.015915104595551677
SAR,1847-03-14,3.5952234874399998,10.12582,43.32048,82991.31236403658,0.01583807340424892,0.0032041911003461987
SAR,1848-03-20,3.48522672888,10.11257,44.048300000000005,79122.84308089074,-0.010473692275982383,-0.02297322458554063
SAR,1849-03-26,3.4030092725200003,9.76711,44.73872000000001,76064.07319029243,-0.02455058899560769,-0.035758715843578925
SAR,1850-04-01,3.6641399594800004,9.87045,45.394529999999996,80717.65385565178,0.05917472649720845,0.04733494191228149
SAR,1851-04-07,3.4234094492000002,9.77116,45.97811,74457.37654723084,-0.031741305624064076,-0.041151501073734
SAR,1852-04-13,3.3879001442,9.63279,46.59194,72714.29659722261,-0.006681268726598799,-0.016159017695408617
SAR,1853-04-19,3.71986910412,9.74707,47.29344,78655.07571705505,0.007489389665548796,-0.004032159117833833
SAR,1854-04-25,3.6067792358,9.79239,48.07878,75018.11060513598,-0.01816924263754016,-0.029979209780412908
SAR,1855-05-01,3.85253518936,9.56693,48.83479,78889.15237190537,0.060389903782968046,0.04766154120667765
SAR,1856-05-07,3.88250687188,9.75141,49.60217,78272.92378297159,-0.000736020273495841,-0.012462624145997525
SAR,1857-05-13,4.13849267156,9.77363,50.36194,82175.00500497004,0.03962661851009308,0.0280144000413749
SAR,1858-05-19,4.1342993125200005,9.84724,50.99938,81065.67790667259,-0.00011276279792349353,-0.009622919387122675
SAR,1859-05-25,4.16308959404,9.92763,51.70004,80523.91437298694,0.020419510874120306,0.00980341164733578
SAR,1860-05-31,6.0035227252,10.6097,52.27397,114847.26959134729,0.3177307678501211,0.3064875839149348
SAR,1861-06-06,5.83316828276,10.77315,52.47305,111165.03200709698,-0.03303290841329676,-0.035721532307833925
SAR,1862-06-12,6.10758010824,11.03297,52.76671,115746.8431941275,0.017754577195582266,0.014156738617302489
SAR,1863-06-18,7.1937520434,10.97464,53.268969999999996,135045.82580440358,0.12426800290314266,0.11632766887248147
SAR,1864-06-24,6.5288361444800005,10.69042,53.74423,121479.75967801567,-0.04649349456511043,-0.05311341894514854
SAR,1865-06-30,7.231228933760001,10.66898,54.32166000000001,133118.703179542,0.1053992237764223,0.09691955227649163
SAR,1866-07-06,7.8980994976000005,10.68425,54.85666,143977.03938956547,0.07780465890230759,0.06957775288333568
SAR,1867-07-12,8.17462378356,10.2892,55.09538,148372.21893305756,0.03337186393187186,0.029780123323691843
SAR,1868-07-18,8.704709609959998,10.53915,55.341350000000006,157291.24081649614,0.0007453398657704113,-0.002064918855034792
SAR,1869-07-24,8.42945601368,10.61003,55.36646999999999,152248.3917374541,0.05947074519821238,0.05947538813062514
SAR,1870-07-30,7.95119289172,10.73259,55.369580000000006,143602.18899475125,-0.045147970562055995,-0.045424370359826494
SAR,1871-08-05,8.38526723996,10.69409,55.27525,151700.21374774424,0.0027760373010015105,0.0037740595840716207
SAR,1872-08-11,9.17581519192,10.82458,55.24018,166107.6265848518,0.06652981406268377,0.06703628461278877
SAR,1873-08-17,10.50896542332,11.24881,55.12022,190655.3606520438,0.10610444231416039,0.10647652016084375
SAR,1874-08-23,7.87599643896,11.56054,54.58967,144276.3152618435,-0.319112975549655,-0.3134975057915558
SAR,1875-08-29,7.5715029000000005,11.42113,55.20702,137147.46602877678,-0.017610375862591843,-0.025818073148785592
SAR,1876-09-04,11.90947616508,10.22091,110.71072,107572.92667846438,0.5194597459001971,-0.18912154668602188
SAR,1877-09-10,12.37855500804,10.14487,111.98943,110533.24414670205,0.03125874416977359,0.02228606427163138
SAR,1878-09-16,13.57762553368,10.39694,112.69383,120482.42156362951,0.07071570655903914,0.06510344746427488
SAR,1879-09-22,14.48512514332,10.38182,113.2558,127897.42462037265,0.033105021025932935,0.028343343809256627
SAR,1880-09-28,14.44199830164,10.49654,111.90931,129050.91007745468,0.043262438622331034,0.05465174334561018
SAR,1881-10-04,14.192740185,10.87274,113.33178,125231.77686788296,-0.01141197917602943,-0.020823409113816638
SAR,1882-10-10,13.442212695599999,11.11738,114.88397,117006.86088407286,-0.05631215049294169,-0.0660286090496639
SAR,1883-10-16,13.42655599168,10.86431,116.39842,115349.98491972657,0.017488141674579127,0.007515175849932554
SAR,1884-10-22,14.356342821079998,11.00491,117.95289,121712.51438671829,0.05214873681194021,0.04175448649868785
SAR,1885-10-28,15.38850019356,11.12815,119.49334,128781.23746110035,0.07354836456874825,0.06294613211253575
SAR,1886-11-03,15.290961901280001,11.28748,118.29674,129259.36844312024,-0.02450042740966385,-0.01370481557275871
SAR,1887-11-09,16.1864733082,11.72735,119.73586,135184.84193624198,0.026949696733459705,0.017209661083364303
SAR,1888-11-15,17.867702035039997,12.17184,121.39785,147183.01876878378,0.06968537608183611,0.058627569007103864
SAR,1889-11-21,19.25140881768,12.30883,123.31331,156117.84987103177,0.059916371677585456,0.04743584310135707
SAR,1890-11-27,19.97251094072,12.13738,125.33734000000001,159350.04636862405,0.02808127855915532,0.015624565624448916
SAR,1891-12-03,18.654226952920002,12.11957,127.34321,146487.8021601623,-0.055981315589307856,-0.06733812627053126
SAR,1892-12-09,19.37509831764,12.26946,129.38066,149752.66255126538,0.029055808236104097,0.016858453054484857
SAR,1893-12-15,19.51867437988,12.76664,131.51451,148414.60748232267,-0.0025629078020986684,-0.0147534335159909
SAR,1894-12-21,20.04696482776,12.95345,133.75123,149882.47082109077,0.03412493908570635,0.0210026811949533
SAR,1895-12-27,20.81048177104,12.97635,136.00558,153011.97032533516,0.04507569714514337,0.032218241845443085
SAR,1897-01-02,21.80840346984,13.13936,138.22759,157771.71163759712,0.03817515823632189,0.025541061408292487
SAR,1898-01-08,21.98550793764,12.75478,140.43572,156552.10752392624,-0.008918694262714855,-0.02076211995409183
SAR,1899-01-14,22.65136975608,12.61376,142.65102,158788.6981535779,0.0383723697583096,0.026282872755417852
SAR,1900-01-20,22.93364330296,12.76768,144.90351,158268.37668017842,0.007395768082293808,-0.004584653865109978
SAR,1901-01-26,22.924583930039997,12.99578,147.30586,155625.743130925,0.0027356198531127696,-0.009616448345992845
SAR,1902-02-01,25.03684105364,13.08868,149.64797,167304.9160215137,0.036603589834119266,0.024268226102294177
SAR,1903-02-07,25.48120821012,13.35134,152.00019,167639.3181490102,0.040734494309457636,0.02845039691411899
SAR,1904-02-13,34.742463630159996,13.36945,200.44828,173323.83011797356,0.3300216133065814,0.09408522367004424
SAR,1905-02-19,36.495823869960006,13.5409,201.90245999999996,180759.67905472775,0.02497500642065531,0.019426813166765644
SAR,1906-02-25,36.539271147600004,13.47874,201.15108,181650.88225029665,-0.028398451895222387,-0.02782041853967443
SAR,1907-03-03,39.70188422148,13.66084,198.56501,199944.00937748296,0.0571333834510066,0.06965930119945463
SAR,1908-03-09,37.1111501202,13.8802,200.22436,185347.8274082135,-0.038612991252710116,-0.04456910088507793
SAR,1909-03-15,39.01532117444,13.87046,201.80688,193329.98545163573,0.040206830446791075,0.03426541693358742
PEU,1837-01-13,0.7042265958,8.783,8.73352182702446,80634.89274405723,0,0
HDJ,1837-01-13,0.30192352372,6.00252,5.25867,57414.42678852257,0,0
HDJ,1838-01-19,0.270024261,5.64216,5.24195,51512.177910891936,-0.0937106504481815,-0.09162367203861443
HDJ,1839-01-25,0.26498196815999997,5.64567,5.21479,50813.5453508195,0.000046606566335150035,0.004009426255580539
HDJ,1840-01-31,0.32066486868,5.69619,5.18965,61789.30538282928,0.11457336095314563,0.11867870038499828
HDJ,1841-02-06,0.31120844092,6.66774,5.17359,60153.286387208886,-0.12933632841207232,-0.12705859929364405
HDJ,1842-02-12,0.30974994128000005,6.62198,5.177,59831.937662739045,-0.05527435355190646,-0.05568146990391476
HDJ,1843-02-18,0.27461328752,7.12214,5.17895,53024.89645970708,-0.19095879655893055,-0.19117052411591795
HDJ,1844-02-24,0.29196288056,7.17753,5.18941,56261.286072983254,0.004663765727118907,0.0031855971486751677
HDJ,1845-03-02,0.33822951448,6.74155,5.19685,65083.56301990629,0.09700247408707652,0.09617043898118682
HDJ,1846-03-08,0.32459120824,6.69624,5.20375,62376.403216910876,-0.0033178729991788503,-0.004384867229377809
HDJ,1847-03-14,0.32569812443999996,6.84804,5.21228,62486.689978282055,0.08284133341739741,0.08156382430249254
HDJ,1848-03-20,0.32461447668000004,7.35187,5.23076,62058.7594689873,0.008730909563836153,0.005955053592493487
HDJ,1849-03-26,0.34358254788000003,7.36428,5.21602,65870.63467548054,0.03374411010995049,0.03254359995103484
HDJ,1850-04-01,0.38690966548,7.58225,5.04511,76690.03559486315,0.009983695995464448,0.03801228430464709
HDJ,1851-04-07,0.32663018544,7.76916,5.07531,64356.696524941326,-0.14688279445519903,-0.15081107340497568
HDJ,1852-04-13,0.36329333716,7.79018,5.14249,70645.41441208443,0.07485183783748184,0.06455944968135086
HDJ,1853-04-19,0.40453735504,7.68324,5.21188,77618.31719840057,0.062264553625740016,0.052497516998384564
HDJ,1854-04-25,0.22301186804,6.31111,5.21556,42758.949765701094,-0.4255877617565429,-0.4250073487135225
HDJ,1855-05-01,0.39804149164,6.95678,5.24496,75890.28164943108,0.5871246142905855,0.5815073496536831
HDJ,1856-05-07,0.38636678704000005,7.06994,5.34226,72322.72241336065,0.011773029392655454,-0.002594716417479659
HDJ,1857-05-13,0.48800543168,7.58788,5.40872,90225.67847475928,0.22743820189104058,0.21618558840231406
HDJ,1858-05-19,0.47936259852,7.55125,5.47384,87573.36687225055,-0.0310619563764003,-0.04089535959211543
HDJ,1859-05-25,0.5376494037199999,7.70894,5.55444,96796.329372538,0.055423598670018004,0.044305883451566164
HDJ,1860-05-31,0.44649501624000004,6.84091,5.64021,79162.83546889212,-0.0880113371602228,-0.09949151137479306
HDJ,1861-06-06,0.26275111823999997,6.63774,5.59666,46947.843578134096,-0.2368293935799286,-0.23225088919690084
HDJ,1862-06-12,0.3490432764,6.88494,5.63977,61889.629612555116,0.24737631143493233,0.23849154334891254
HDJ,1863-06-18,0.3791700172,7.24673,5.66389,66945.15910443176,0.07416431560831271,0.07059770464673631
HDJ,1864-06-24,0.41959480056,7.83999,5.73356,73182.24638095703,0.0670093867383812,0.055916849666450164
HDJ,1865-06-30,0.4161078116,8.95824,5.81521,71555.07911150242,-0.014493679334321996,-0.025964282229957947
HDJ,1866-07-06,0.35423737596,9.01975,5.88008,60243.63205262513,0.021099297114326898,0.012483291255398932
HDJ,1867-07-12,0.3181997572,7.51603,5.91757,53772.0309518941,0.2618432154177306,0.2562374506576961
HDJ,1868-07-18,0.32735197612,9.34352,5.96149,54911.10043294545,0.06666782751876799,0.06085979423176546
HDJ,1869-07-24,0.3862041586,8.77085,6.02876,64060.297407758815,0.12794892467206753,0.11869378462725355
HDJ,1870-07-30,0.2974281986,9.27216,6.08715,48861.65095323756,-0.15073395043842874,-0.15689221014533394
HDJ,1871-08-05,0.38644317504,9.53102,6.16213,62712.59694943144,0.04616286388420865,0.03630992788677756
HDJ,1872-08-11,0.37516930828,9.37519,6.23882,60134.65820139065,-0.019743686042152153,-0.028614883473968122
HDJ,1873-08-17,0.35408182472,9.16548,6.30587,56151.14563414723,0.04190122087380632,0.03340806833174348
HDJ,1874-08-23,0.29771918072,8.58457,6.3641700000000005,46780.51980383931,-0.11510647368978433,-0.12124571375209392
HDJ,1875-08-29,0.21280452076,6.93109,5.74762,37024.80692182155,-0.20475129280524784,-0.18786254818565196
HDJ,1876-09-04,0.21692368932,6.62889,4.42188,49056.89193736601,0.12724246123153082,0.46376828611579723
HDJ,1877-09-10,0.11921598468,4.94706,5.66835,21031.867241789936,-0.33490618364322744,-0.4649878167715401
HDJ,1878-09-16,0.10415485288000001,5.59574,5.55444,18751.638847480575,-0.21651712725918426,-0.20353136382045567
HDJ,1879-09-22,0.34565226903999996,6.17566,5.52323,62581.545407306956,1.6819671771847906,1.6913014365820414
HDJ,1880-09-28,0.33011465500000003,6.73693,5.52082,59794.49701312487,0.0349277998033104,0.03556178145966249
HDJ,1881-10-04,0.42796460979999995,7.19492,5.53387,77335.5011592249,0.2258093458109125,0.22345976422978153
HDJ,1882-10-10,0.37668148076,9.91901,5.59445,67331.28024381306,0.07161794513663478,0.06242100792356209
HDJ,1883-10-16,0.32227411631999997,8.49716,5.65695,56969.58896932092,-0.20361879833791174,-0.21005057975047614
HDJ,1884-10-22,0.38874661592000004,9.4403,5.38646,72171.07635070158,0.24722210241686682,0.3125205501180097
HDJ,1885-10-28,0.44106725416000003,10.05339,5.61624,78534.26031651068,0.05818835604081363,0.06746450872557097
HDJ,1886-11-03,0.50510126836,10.12258,5.69519,88689.09875877714,0.14411488071959044,0.13041368016111754
HDJ,1887-11-09,0.53264630432,10.26919,5.79686,91885.3145185497,-0.050096764307043795,-0.06348070930917915
HDJ,1888-11-15,0.60795428044,10.81097,5.88971,103223.12651047335,0.14595889045361576,0.13422098240967184
HDJ,1889-11-21,0.54980909308,10.61669,5.98321,91891.99327451318,-0.0013135980418315096,-0.013301540045723037
HDJ,1890-11-27,0.66655213924,9.87305,6.06938,109822.11350088478,0.12764496575632545,0.11518158303503001
HDJ,1891-12-03,0.66086768176,10.40427,6.14756,107500.8103637866,0.009594220819808097,0.00014204795853323127
HDJ,1892-12-09,0.62541576396,10.94091,6.24448,100154.97911115097,-0.07084038109093627,-0.08193802554710727
HDJ,1893-12-15,0.82268760444,12.75033,6.35367,129482.26842753873,0.2639367026650985,0.24747846767062454
HDJ,1894-12-21,0.8164276577599999,12.63157,6.47761,126038.40888228836,0.01665197979820965,0.0023061473132461874
HDJ,1895-12-27,0.87479364596,10.3854,6.56998,133150.12312975078,-0.025916749908441727,-0.03628038482908802
HDJ,1897-01-02,1.55517809876,11.38367,6.66929,233184.956533604,0.7257832084857572,0.7059735500786932
HDJ,1898-01-08,1.5724297238,11.88945,6.77565,232070.68307837626,0.033454998282868686,0.021510273322339346
HDJ,1899-01-14,1.6999788571999999,12.29998,6.91741,245753.66462303087,0.0673254824599534,0.050756867615518564
HDJ,1900-01-20,1.9031294073999998,12.63033,7.05208,269867.813099114,0.052051922145525564,0.03667912263918649
HDJ,1901-01-26,1.9585097298,13.3078,7.19432,272229.9994718055,0.04054772157023523,0.0240445353998735
HDJ,1902-02-01,2.4058892156000002,13.65955,7.33261,328108.1655235994,0.20049792921274845,0.18319537484626802
HDJ,1903-02-07,3.0810280384,14.22083,7.46451,412756.90412364644,0.25185158502625504,0.23618116819454316
HDJ,1904-02-13,3.3492286204,14.62734,7.710300000000001,434383.6971842859,0.03556498655757445,0.01505142232988077
HDJ,1905-02-19,3.43121747592,15.65511,7.88223,435310.49917599466,0.000596935680846622,-0.014598190556731727
HDJ,1906-02-25,3.64019559488,16.21426,8.07274,450924.4190795195,0.028611222703207373,0.010069891156144095
HDJ,1907-03-03,3.1985470436399996,16.44433,8.27036,386748.2242175673,-0.14466691066809345,-0.15905596710717185
HDJ,1908-03-09,3.06525374012,16.3175,8.41202,364389.73517894634,-0.030097258295358364,-0.043037368942061005
HDJ,1909-03-15,3.4346761633600003,16.58728,8.5505,401693.0195146483,0.04810171662596541,0.03527909917500316
AST,1838-12-28,0.4446577356,11.74176,2.67313,166343.4758504076,-0.09535409205774303,-0.1024220330362543
AST,1840-01-10,0.4936208108,11.44807,2.797412170593585,176456.23193784067,0.06169703638503976,0.058509291374889916
AST,1841-01-09,0.4794170342,12.08812,3.10644,154330.04796487297,-0.006241072605028708,-0.0930427510372338
AST,1842-01-22,0.55857927684,12.06984,3.2519283773310743,171768.62834182027,0.14197115988883935,0.10673260508629778
AST,1843-02-04,0.50145183348,12.06354,3.20297,156558.39220473496,-0.039727911139389116,-0.04957171415356998
AST,1844-01-27,0.59917045448,11.75173,3.20297,187067.14533073988,0.11589236721133678,0.11345749119007564
AST,1845-02-02,0.4945292742,11.65895,3.3794099999999996,146335.98000834466,-0.07235474796472519,-0.07597415823222442
AST,1846-02-15,0.5403675087200001,10.55918,3.4280262463477773,157632.25538185658,0.27163476594452285,0.26852661211797324
AST,1847-02-14,0.6929066617199999,11.39809,3.62449,191173.56144450666,0.27450995315746174,0.22061424956749853
AST,1848-02-27,0.70921859944,11.12233,4.00922,176896.90249973812,0.05258483017980997,-0.01135475324086399
AST,1849-03-12,0.71953765104,11.17706,4.00922,179470.73272107792,0.019549383538720155,0.024714133974879315
AST,1850-03-04,0.846301482,10.84111,4.65643,181748.9969783718,0.06833645564202873,-0.08176318314470443
AST,1851-03-10,0.85797899876,11.17574,4.624409510504114,185532.66029125315,0.0011425592972051923,-0.0005302572519962911
AST,1852-03-23,0.72957175044,9.23375,5.13231,142152.7052029203,-0.01946244677080855,-0.11448087189195377
AST,1853-03-22,0.86345810772,10.96098,5.28680030595413,163323.38233913458,0.25517637601617227,0.26167159058046097
AST,1854-04-04,0.80251056652,10.95525,5.13395,156314.44920967286,0.012231784340627438,0.006463798572756252
AST,1855-04-17,0.8445651234799999,10.74039,5.164810377680073,163522.96826420203,0.05461116181498382,0.055146206217412175
AST,1856-04-09,0.93207200528,10.86945,5.08048,183461.40626082578,0.11765664921253305,0.1288996044340982
AST,1857-04-15,0.9711365482,10.95318,5.121773377969665,189609.43339999372,0.037416861395404455,0.03637932859567594
AST,1858-04-28,0.9946678783599999,11.26482,5.28416,188235.76090807244,0.030875320855280552,0.01222923903542572
AST,1859-04-27,1.03379380728,10.91694,5.28416,195640.14096469447,0.008941522087075215,0.006130737037672196
AST,1860-05-10,1.11897786052,11.13587,6.136679999999999,182342.54686899108,0.06401207681220389,-0.08461626385569443
AST,1861-05-23,1.1750036324,11.68849,6.12314,191895.6013417952,0.010535414157344603,0.007178690635899043
AST,1862-05-15,1.4543991597200001,11.81076,6.12314,237525.05409316137,0.20732777645628975,0.20606473644039092
AST,1863-05-21,1.5483935974,11.45683,8.22026,188363.09282188155,0.05922043089986784,-0.08002713153379692
AST,1864-06-03,1.4862586341200001,11.48627,8.2573,179993.29491722476,-0.012621470206188423,-0.015322334128917703
AST,1865-06-02,1.5665784342,11.64314,8.3281,188107.5436414068,0.023779677710607183,0.016316903400735105
AST,1866-06-15,1.59513377764,11.78684,8.39183,190081.75542640875,0.014387750775690211,0.006675614029534538
AST,1867-06-28,1.64915818132,11.64249,8.39183,196519.49352167523,0.04051084691128515,0.041517850798233225
AST,1868-06-20,2.84160245512,12.91925,14.03338,202488.8127535918,0.5388116982851312,0.15255698953620644
AST,1869-06-26,3.34526019256,13.86662,13.93591,240046.05315045806,0.10526748547965137,0.11670838804305839
AST,1870-07-09,3.5486066309199997,13.37644,13.797940198423115,257183.79554402977,0.06607852001339865,0.06883378174847055
AST,1871-07-08,3.53877581928,13.46421,14.1167,250680.10365595357,-0.003045201233639272,-0.008998451621533454
AST,1872-07-21,4.15481502176,12.98278,16.037767699816214,259064.422151944,0.09276899640423109,-0.037454295147878125
AST,1873-08-03,4.1357731194000005,12.98769,15.94298,259410.29339558852,0.008092344166250598,0.006682604880517307
AST,1874-07-26,3.96645217332,12.98058,16.25315,244042.05789769982,-0.041169306631336666,-0.058669937827722896
AST,1875-08-01,4.20450935528,13.13156,16.63221,252793.18594943182,0.04417333513693378,0.02163094607686178
AST,1876-08-14,4.1540285696,13.03808,16.240933656162213,255775.23174130195,0.0021173873869275717,0.004886516502608185
AST,1877-08-13,4.291694156879999,13.03457,17.03109,251991.74902369725,0.03720682063021741,0.030011904991446903
AST,1878-08-26,4.63306307828,13.29451,17.53785,264175.0886385732,0.06484481444048407,0.05276569248864815
AST,1879-09-08,4.92808730232,13.72394,17.69662,278476.18936949543,0.05689400942899625,0.04957986664821723
AST,1880-08-31,5.06486440876,13.98861,18.24206,277647.61264681735,0.00395290216833355,-0.008562303336777433
AST,1881-09-06,5.162522135680001,14.20367,18.39234,280688.70712916355,0.0034184083971477985,-0.0039565827741320225
AST,1882-09-19,5.3481505012,14.7371,18.67298,286411.1942068165,0.0013436208884078926,-0.014289792059381745
AST,1883-09-18,5.49018196116,14.58506,18.99836126892263,288981.869722669,0.02532120407911087,0.021381927760378838
AST,1884-10-01,5.54201099608,14.71712,18.98579,291903.10206106777,-0.00036927786415930086,-0.012620144473816874
AST,1885-10-14,5.92579431496,14.97187,19.03927,311240.6260828278,0.03155729671034657,0.02941094771914088
AST,1886-10-06,6.3275689562799995,14.98572,19.00488,332944.4309187956,0.04238863387059788,0.04397315450455741
AST,1887-10-12,6.1847353126,14.94843,19.324891682983967,320039.84364092496,-0.015720015294391376,-0.019214090329453537
AST,1888-10-25,6.21787127468,15.03003,19.10879,325393.24963433057,0.0016016131151130875,0.00006862334244250867
AST,1889-10-24,6.45115216408,15.04487,19.21191,335789.2142988386,0.021996391654082625,0.019097170199426472
AST,1890-11-06,6.6552858684,14.97706,20.36806,326751.0930545177,0.012407200328540258,-0.04687663646804918
AST,1891-11-19,7.39985827568,15.29539,22.460050597228093,329467.5692579808,0.05104248637633679,0.02461334078529176
AST,1892-11-11,7.01741680848,15.49685,21.13692,331998.0776991161,-0.029994135361059437,-0.03457819355477432
AST,1893-11-17,7.37897540328,15.49038,21.45328,343955.5817702468,0.019782838577523387,0.009605540724942907
AST,1894-11-30,7.52069479252,15.36463,21.34626,352319.0850537752,0.0007002576957721995,0.005424107463474437
AST,1895-11-29,7.3193763474,15.43725,21.43506,341467.4998530445,-0.019053164849166082,-0.023608983134208894
AST,1896-12-12,7.44029755196,15.40829,21.48486,346304.21384919423,0.01961090958186107,0.01671798574717731
AST,1897-12-25,7.56611514048,15.69916,21.56211,350898.64305858745,0.007848933934118563,0.006538062627120311
AST,1898-12-17,7.71389560448,15.64281,21.58012,357453.7863774622,0.015731602021549884,0.015381130332008164
AST,1899-12-23,7.74918615328,15.59327,21.65455,357854.8689896581,-0.0011192692336081667,-0.0035578364590294065
AST,1901-01-05,8.54588536204,15.85648,21.75907,392750.4880511897,0.09320642164666326,0.08682679388812375
AST,1902-01-04,8.44550728788,16.27077,21.81113,387210.90048429405,0.004323857989613877,0.009086311103563505
AST,1903-01-17,8.9283998596,16.32198,21.972727378795998,406340.08267066727,0.04244120582979205,0.04178598927690258
AST,1904-01-30,8.60860915616,16.39327,22.86146,376555.528656525,-0.021469269155458215,-0.03870785192021009
AST,1905-01-22,8.59930680804,16.21917,22.95973,374538.6730610508,-0.008550640960787503,-0.011026667699570392
AST,1906-01-28,9.06881111708,16.4163,23.11978,392253.34830521746,0.051525310808434144,0.04491571965749186
AST,1907-02-10,8.8746374002,16.32867,23.344489501788,380159.84027066745,-0.015251136746139204,-0.02699082747989412
AST,1908-02-09,8.47310336236,16.17144,23.50389,360497.9159773127,-0.04151980110339504,-0.043935541575664816
D03,1878-10-28,0.96176034292,10.34205,44.31525380468433,21702.692873178068,-0.013831297149900612,-0.02240652362477713
D03,1879-11-10,0.92560493012,10.34941,43.40448,21325.101236554383,-0.05070104730081082,-0.05054011102631106
D03,1880-11-09,0.90406018352,10.49122,43.33141,20863.853346106207,-0.03154101162379497,-0.030696479956971445
D03,1881-11-22,0.94299871432,10.63302,43.33141,21762.47471106987,0.03335300531000551,0.03305718746477515
PER,1860-11-15,6.41520183304,7.34586,132.7622196271421,48320.98959370266,0.09787108228838437,0.09923267074615039
PER,1861-11-28,6.37963710852,7.31398,132.53225,48136.48835298578,0.007424874232492051,0.006868959878324921
PER,1862-11-27,7.07959697796,7.39517,132.53225,53417.918868501816,0.05055430541478856,0.057047039348857576
PER,1863-12-10,7.7768207587200004,7.06058,132.53225,58678.70468297339,0.1057288563785761,0.10390042826980683
PER,1864-12-23,7.037946798999999,7.03647,132.53225,53103.65438600793,-0.08067192696558134,-0.08127059257628
PER,1865-12-15,6.85386587444,6.99164,143.22332,47854.39881186947,0.016465529504819054,-0.059884810666409716
PER,1866-12-21,7.0266984715200005,7.45278,144.95457,48475.177233253155,0.0243872836587955,0.010931071435226425
PER,1868-01-03,7.55202175624,7.48,144.95457,52099.23189203349,0.06417423707276737,0.06454876303258272
PER,1869-01-02,7.464825173,7.15512,144.95457,51497.68767552483,0.021362876817044407,0.02007350541808628
PER,1870-01-15,7.3944555983999996,7.47003,144.95457,51012.2281650037,-0.007837676528187898,-0.013202116530758756
PER,1871-01-28,8.34810254044,6.98743,144.95457,57591.16487627813,0.13744452529487305,0.1386477450999739
PER,1872-01-20,7.87347514044,7.37092,152.82874,51518.28864413853,-0.02711976926082771,-0.060667092862925265
PER,1873-01-26,7.98129989748,7.10312,154.22958,51749.47566789717,-0.034653974341526395,-0.04610764843312476
PER,1874-02-08,8.4620662334,7.52233,156.36422,54117.6634488376,0.000006085182125303845,-0.0015108077256789088
PER,1875-02-07,8.48479195304,7.69379,158.16113,53646.50564294779,-0.00858632304127882,-0.01097083110501873
PER,1876-02-20,8.4131276034,7.59966,161.98767187328914,51936.838810677895,0.00917525007620168,0.003149419744111981
PER,1877-02-13,8.87418189008,7.73095,161.88176,54818.91159374594,0.035859701691211,0
WAD,1837-01-27,0.10478965847999999,6.18726,2.731392430630375,38364.92233956133,0,0
WAD,1838-01-26,0.08550404512,7.43075,3.2006,26715.00503655564,-0.23406699562090916,-0.23685849293151473
WAD,1839-02-08,0.08458114028000001,7.41617,3.2006,26426.651340373683,-0.013758972791635293,-0.013561049124199753
WAD,1840-02-21,0.11423543352000001,7.4297,3.2006,35691.88074735987,0.08876050495150878,0.09935700561052752
WAD,1841-02-13,0.09101849276,7.44611,3.2006,28437.94687246141,-0.22436059149600485,-0.2263559285335428
WAD,1842-02-19,0.08775422292,7.85391,3.2006,27418.053777416735,-0.023840720735453513,-0.02244152547366063
WAD,1843-03-04,0.08554374608,8.00492,3.2006,26727.409260763605,-0.026708157616726957,-0.02669912016775866
WAD,1844-03-03,0.08451304836,8.02417,3.0791843583868377,27446.569780666126,-0.1389415807266008,-0.15862455702025668
WAD,1845-03-16,0.07854983500000001,8.0725,3.2006,24542.221770917953,-0.05131212210309144,-0.043191413070664875
WAD,1846-03-29,0.10757333079999999,8.15316,3.2006000000000006,33610.36393176279,0.08443859371042395,0.10305083778030522
WAD,1847-03-21,0.08314353424,7.71033,3.2006,25977.483671811533,-0.2678634287556553,-0.2691213986414468
WAD,1848-03-27,0.08158599748,8.00946,3.1974454765240217,25515.993338748984,-0.014665201345727907,-0.014613490080356728
WAD,1849-04-09,0.12009505976,6.94132,3.2006,37522.67067424858,0.45263919024778776,0.4486670632645917
WAD,1850-04-08,0.0803883496,8.02607,3.2006,25116.649878147848,-0.15884049201116424,-0.1314530693799384
WAD,1851-04-21,0.08035542059999999,7.4114,3.2006,25106.36149471974,-0.00008560487680286943,-0.00000857149356026099
WAD,1852-05-04,0.08006728703999999,6.85451,3.1991594640172565,25027.60113728676,-0.004672594461717305,-0.005335599528544233
WAD,1853-04-26,0.07939870691999999,6.82619,3.2006,24807.444516653126,-0.007965721693768857,-0.007883966452289948
WAD,1854-05-02,0.08097334804,6.87411,3.2006,25299.427619821283,0.0226170744933738,0.02230431526438892
WAD,1855-05-15,0.08075161952,6.88819,3.2006,25230.150446791224,0.00427352039945994,0.004787795540549755
WAD,1856-05-14,0.08163627888,7.39182,3.2006,25506.554670999187,-0.0018082737667349802,-0.0018473431936814055
WAD,1857-05-27,0.08131208956,7.82653,3.2006,25405.26450040617,-0.00023933871977166454,0.00043448381749544573
WAD,1858-06-09,0.08178551368,7.89007,3.73806,21879.133475653147,0.003270251488838083,-0.1409868684987159
WAD,1859-06-01,0.08199179664,7.87746,3.73806,21934.3179724242,0.00013097168493647615,-0.0002851208860694676
WAD,1860-06-07,0.0924111344,7.19464,3.73806,24721.68301204368,0.1280882686600966,0.12800639344916243
WAD,1861-06-20,0.08302838544,7.87759,3.9528,21004.954826958106,0.0020106101026216017,-0.0160240082437354
WAD,1862-06-19,0.08220748276,8.02853,3.9528,20797.27857721109,-0.005106765456633133,-0.0053408384875559545
WAD,1863-07-02,0.08193134508,8.10977,4.166507739073245,19664.27286613512,0.0008741729073387106,-0.05064931106270376
WAD,1864-07-15,0.1451387964,7.16317,4.17025,34803.38022900305,0.6476150420352424,0.6646112266706112
WAD,1865-07-07,0.10037067456,7.85713,4.17025,24068.263188058267,-0.21095149134514313,-0.20014047324482276
WAD,1866-07-13,0.10074919296,8.10907,4.46883,22544.87034861474,0.008975625298843104,0.0019519597553534496
WAD,1867-07-26,0.1551924686,8.12016,4.6400958959872005,33445.96147985043,0.16845601953158162,0.15025605251882856
WAD,1868-07-25,0.10866981996,7.71971,4.46883,24317.28661864515,-0.30310883767122465,-0.3058491448095956
WAD,1869-08-07,0.10918912055999999,7.7728,4.73534,23058.348621218327,0.003541466687074113,-0.05179821173619903
WAD,1870-08-20,0.13376618944,6.04047,4.73534,28248.486790811217,0.11618369102390447,0.08967843944129839
WAD,1871-08-12,0.12034433736000001,7.38819,4.84516,24838.05227484748,-0.04652883414078646,-0.050779821533541214
WAD,1872-08-18,0.13544711492,7.34201,4.95808,27318.46096069446,0.05927597884458957,0.030477829965628755
WAD,1873-08-31,0.13952751228,7.93691,4.95808,28141.440291403123,0.026210885816311702,0.02691056213474452
WAD,1874-08-30,0.1387799166,7.91756,5.1233823897860535,27087.557797105066,-0.002937029193738061,-0.024183244119133307
WAD,1875-09-12,0.15330040856000002,7.21664,5.12344,29921.38261792858,0.12893094138479055,0.12602212735818785
WAD,1876-09-25,0.14069206268,7.81372,5.12344,27460.468489920833,-0.055053359697906146,-0.04719828010493721
WAD,1877-09-17,0.14300432016,7.89526,5.54657,25782.478209055327,0.02014611472349781,0.012247975627645458
WAD,1878-09-23,0.14474494996,7.89064,5.544501655205121,26106.0342229522,0.0028481693428501487,0.003377090993876175
WAD,1879-10-06,0.15570183616,7.13085,5.68713,27377.92808675026,0.08584708303629851,0.05331275360405696
WAD,1880-10-05,0.16185866996,8.60375,5.681039339475042,28491.031356765187,0.014045979001561015,0.02205098993290222
WAD,1881-10-18,0.16415475855999997,8.20008,5.68713,28864.252893814628,0.015981683596260288,0.016108674392144806
WAD,1882-10-31,0.16318608956,8.19418,5.709545274920704,28581.276039056607,-0.007021687097274243,-0.007278054228190833
WAD,1883-10-23,0.16424711108,8.19416,5.68713,28880.4917559472,0.005540643154321456,0.00566694769975018
WAD,1884-10-29,0.1662600108,8.18792,6.920226962313092,24025.225141521576,0.012149568875873262,-0.005963104202665437
WAD,1885-11-11,0.17535960208,8.25127,6.91414,25362.46041879395,0.02576754117912783,0.025168603855375338
WAD,1886-11-10,0.17952272052,7.9048,7.0194,25575.223027609198,0.028098374404471382,-0.025500834095855573
WAD,1887-11-23,0.171143414,8.44677,7.11055,24068.941783687616,-0.025621296782975866,-0.03279529654465674
WAD,1888-12-06,0.17297994324,8.21795,7.074892495764981,24449.833455921133,0.02542719549926553,0.02296691115515337
WAD,1889-11-28,0.17265619696,8.5529,7.22769,23888.157483234616,0.003951562315096746,-0.010315766478966704
WAD,1890-12-04,0.18315824072,8.26389,7.22769,25341.186564448668,0.05832109828055354,0.057098383193385116
D12,1903-04-11,0.0050220586000000005,7.23919,0.20431,24580.581469335815,0,0
D12,1904-04-17,0.00409075316,6.80516,0.18569,22030.013247886265,-0.08992516675596107,-0.02022383902107927
D12,1905-04-23,0.00377843076,6.6301,0.16877,22388.04740178942,-0.14871023674561046,-0.0841475463256125
D12,1906-04-29,0.00334313148,7.14504,0.15381,21735.462453676613,-0.027183326285669773,0.04249835835906546
D12,1907-05-05,0.0033884396000000002,7.3675,0.14126,23987.25470763132,0.015983668350137537,0.08442571656916087
D12,1908-05-11,0.0030539709200000003,6.87108,0.1297,23546.421896684657,-0.19657097402718837,-0.14334170622348985
D12,1909-05-17,0.00253869928,6.84496,0.11877000000000001,21374.92026606045,-0.22328419985076187,-0.17024410132131917
CHL,1838-05-04,0.69357863692,9.5133,9.835730000000002,70516.23386571204,-0.10577984606735513,-0.10644502818615631
CHL,1839-05-17,0.68732527708,9.25696,11.234347929632381,61180.7005965224,-0.010253997108930824,-0.13565144335178103
CHL,1840-05-16,0.7970184487199999,8.89132,11.26697,70739.37790905629,0.16735097683192168,0.16782251256900627
CHL,1841-05-29,0.74391053464,9.35604,11.913836613653869,62440.887747901485,-0.05732234877389575,-0.05133860759382436
CHL,1842-06-11,1.325117261,9.2703,13.42727,98688.50935447041,0.47498104632741134,0.3575134369222843
CHL,1843-06-03,1.4565701014799999,9.68092,13.42727,108478.4994626607,0.06639703010104614,0.06618291935779252
CHL,1844-06-09,1.4469090386399999,9.76681,14.608769999999998,99043.8646539031,-0.011845843047211257,-0.017884870874751768
CHL,1845-06-22,1.48631780752,9.1522,14.83674608624462,100178.15219591772,0.07155817661261521,0.004316682550067785
CHL,1846-06-21,1.47547179572,9.16473,15.619209999999999,94465.19995057369,0.00969052638112844,0.004839100573713173
CHL,1847-07-04,1.6532762485199999,9.28565,16.76067,98640.2243180016,0.02326085653898602,-0.0004766587387874388
CHL,1848-07-17,1.7469241764,9.1847,17.20766,101520.1472135084,0.0248840760630189,0.002160555683566434
CHL,1849-07-09,1.7720653677999998,9.26178,18.42252,96190.17201772613,-0.006224122497426543,-0.06579540135084294
CHL,1850-07-15,1.8822501297599998,9.17896,19.94763,94359.58706673424,0.03940020078434503,-0.030707790163810977
CHL,1851-07-28,1.95030189276,9.34095,20.19368,96579.81570273472,0.015425452888168545,0.0047963398768327
CHL,1852-07-27,1.9978533884399998,9.3533,20.79290163771998,96083.433820306,0.0018568988013236698,-0.01284327962235099
CHL,1853-08-09,2.08630853808,9.2006,20.48438,101848.75197980119,0.02466406816299238,0.021654275649460875
CHL,1854-08-22,1.83230939528,9.71258,21.20712,86400.67087280122,-0.005946715655224422,-0.050142352104461496
CHL,1855-08-14,1.6912628428799998,9.21466,21.58258,78362.40351616906,-0.07810529383505405,-0.09466681910474883
CHL,1856-08-20,1.83591051072,9.60999,22.027494137690237,83346.31707283751,0.07753765717617944,0.05945844543764478
CHL,1857-09-02,1.77864391692,9.7366,23.53984,75558.87877402734,-0.02461048630817675,-0.09007711872825763
CHL,1858-09-01,1.70405052844,9.45693,25.412119999999998,67056.60639254026,-0.03773724808410217,-0.10242538705566462
CHL,1859-09-14,1.737247161,9.43292,25.79026,67360.59120768849,0.013553935885467272,-0.0015543029594324853
CHL,1860-09-27,1.7952347930399999,9.68938,26.709720047147183,67212.78957140345,0.030279421568582432,0.00015747902935014935
CHL,1861-09-19,1.8124258698,9.57795,27.6339,65587.045976138,0.02502020512593628,-0.010759853603523606
CHL,1862-09-25,1.8839348944,9.77199,29.00178,64959.2850645719,-0.007037354579116473,-0.023909623544771996
CHL,1863-10-08,2.20672609924,9.71405,29.66545,74387.07652302594,0.15528214708875976,0.1278723393766792
LEB,1877-08-20,0.26838844968000003,7.36693,6.10724,43945.94770796628,0.4520732657797002,0.4484078541600831
LEB,1878-08-26,0.25825260604,7.54802,6.14755,42009.02896926418,-0.0578972343643942,-0.06270797779591364
LEB,1879-09-01,0.21205845232,7.90103,6.19495,34230.85776640651,-0.17505528791432146,-0.17971547652369302
LEB,1880-09-07,0.18816130216,7.48101,6.2353,30176.784141901753,-0.030630269098537166,-0.03561519226688892
LEB,1881-09-13,0.2104322324,7.79046,6.272800000000001,33546.77853590103,0.03900547986366476,0.03414331802012449
LEB,1882-09-19,0.22274524376000002,7.76556,6.3165,35264.02972532257,0.05886201371208988,0.05346388402900604
LEB,1883-09-25,0.21739092908,7.73918,6.352540000000001,34221.10353968648,-0.01066177665631951,-0.015108037717178724
LEB,1884-10-01,0.21475606464,7.71954,6.38547,33631.99022781409,-0.02597388195064354,-0.029810328157902743
LEB,1885-10-07,0.2266475614,8.15887,6.430889999999999,35243.57614575899,0.022415214129799743,0.017187902442737046
LEB,1886-10-13,0.226969704,8.11039,6.471079999999999,35074.47041297589,0.0050175983488929266,0.00013029892203042515
LEB,1887-10-19,0.21298708756,7.62767,6.50512,32741.454048503336,-0.06236926205624305,-0.06579627771848018
LEB,1888-10-25,0.21194097652,7.58381,6.52953,32458.84106819327,-0.002142697554692208,-0.005133260972479792
LEB,1889-10-31,0.21413919175999999,7.34119,6.55065,32689.762353354246,0.014156761635712334,0.011571751257198448
LEB,1890-11-06,0.25432258384,8.69692,6.56334,38748.95767094193,0.02499200528279344,0.024314342556038593
LEB,1891-11-12,0.78145181764,10.78058,6.59717,118452.58158270895,0.48931237669466476,0.7094193793111625
LEB,1892-11-18,1.42586317276,11.93178,6.70561,212637.35480590133,0.5052775727698466,0.48693309358398906
LEB,1893-11-24,2.577800251,12.86173,6.80924,378573.8571411788,0.49824956599722725,0.48110556938731497
LEB,1894-11-30,2.71461689408,14.29872,6.88446,394310.7947580493,-0.0017566116122793574,-0.009764397583227225
LEB,1895-12-06,2.50209322584,14.06316,6.96997,358981.9218504527,-0.0497034560440498,-0.058304186861449225
LEB,1896-12-12,2.5400266008,14.36528,7.06611,359466.0429571575,0.011548259175917064,0.0011812812671327944
LEB,1897-12-18,2.2653463560000002,14.54757,7.15356,316673.9855400668,-0.01624881828158431,-0.025280492967285295
LEB,1898-12-24,2.27289986092,14.46059,7.244350000000001,313747.93610468844,-0.016836916119403522,-0.026032192766829443
LEB,1899-12-30,2.1124872521999998,14.24085,7.334810000000001,288008.44905321335,-0.05411827416211412,-0.06291917159733651
LEB,1901-01-05,1.90880574248,13.88281,7.42684,257014.52333428484,-0.032559948931032645,-0.04148586549193567
LEB,1902-01-11,2.4556131106,13.06117,7.51023,326969.09556697996,-0.07849939841384346,-0.08650255991091027
LEB,1903-01-17,2.57957751116,13.57514,7.59147,339799.47377253685,0.037436534445894676,0.029135800152252145
LEB,1904-01-23,2.00909851168,13.58899,7.68344,261484.24555667775,-0.18328019530929807,-0.1904987433452171
LEB,1905-01-29,2.22789577452,12.56988,7.790310000000001,285982.942208975,0.015120988889550269,0.004347123229781147
LEB,1906-02-04,2.5915065644,11.84224,7.87992,328874.73025106854,0.11541722612020844,0.10579135408452589
LEB,1907-02-10,2.54642954644,13.3279,7.98393,318944.37281388993,-0.018337759746628657,-0.027913220001109518
LEB,1908-02-16,2.47554896108,13.87247,8.09247,305907.70939898444,-0.01594221410569263,-0.026103641748041695
LEB,1909-02-22,2.74209646724,13.93254,8.20122,334352.2631071963,0.10125108215562917,0.09005397332495768
NET,1864-10-07,11.78214031384,11.99563,51.92544,226904.96823599376,0.07808719080243276,0.0779985411611066
NET,1865-10-20,12.64511275924,12.39142,56.32538,224501.15310788847,0.05750743797180591,-0.02437984371677704
NET,1866-10-19,13.089398106720001,12.62834,56.841157699266276,230280.2869704563,0.007864539521034164,0.006782598293779474
NET,1867-11-01,14.75956895556,12.85137,56.32538,262041.17851597272,0.14192448772215416,0.13403526655042253
NET,1868-11-14,16.2279900536,13.05463,56.32538000000001,288111.50592503767,0.06822956856661677,0.06845260765937433
NET,1869-11-06,16.00791893844,13.03433,56.32538,284204.3664586018,-0.02967870654780347,-0.03186301859724827
NET,1870-11-12,17.33110626416,13.27436,62.07256227338576,279207.1992747573,0.06204707901128459,-0.01588911174079377
NET,1871-11-25,18.643612822119998,13.09923,61.86066999999999,301380.71285228565,0.0473729978489319,0.04507863702572856
NET,1872-11-24,19.60529926524,13.33378,61.86066999999999,316926.72040635836,0.03254701718029729,0.028089138296427896
NET,1873-12-07,20.29393767388,13.65662,61.86067,328058.8081874962,-0.0006656047055476622,0.003706798997788807
NET,1874-12-20,21.99999599876,14.18007,67.7777278207959,324590.3441456155,0.04000497783091128,-0.05080842078518999
NET,1875-12-12,14.011931324559999,13.06422,67.86418,206470.20747263136,-0.20851600940043225,-0.2120867870403096
NET,1876-12-18,16.13496897272,13.21661,67.86418,237753.83380039365,0.1140812286010866,0.11015250863560055
NET,1877-12-31,17.24761763608,12.8938,67.86418,254149.06119959013,0.0028739101044910065,-0.0026942822918184506
NET,1878-12-30,18.36707588456,12.80472,67.86418,270644.62997357367,0.08406467708368548,0.08299499288042589
NET,1880-01-12,19.72547341752,13.2525,67.86418,290661.0441254871,0.05292048294615337,0.05554402975024986
NET,1881-01-25,21.13012561504,13.5728,67.86418,311359.0352825305,0.06871078284776044,0.06585102333594084
NET,1882-01-17,20.82767066588,15.21619,67.86418,306902.2666431687,-0.02080664079851835,-0.02703967098101312
NET,1883-01-23,21.1064824282,15.50226,67.86418,311010.6455010581,0.02993055975216219,0.0318220345192155
NET,1884-02-05,20.48451902068,15.76355,67.86418,301845.819409886,0.027338619073132175,0.023585635984008535
NET,1885-02-04,25.33188420464,15.88374,67.86418,373273.26735016913,0.06620175796064287,0.06689376501218391
NET,1886-02-17,25.06593079848,15.95866,68.64127965963657,365172.83656090737,0.0031719703596964077,0.012741567970676826
NET,1887-03-02,28.7446321994,16.28063,67.86418,423561.18057272624,0.11335433925889093,0.11219761053700972
NET,1888-02-22,30.47602785604,16.7689,67.86418,449073.8391893927,0.07023826275666578,0.0698936777450121
NET,1889-02-28,31.606372219239997,16.67955,73.44657,430331.49429905304,0.02786919903969487,-0.04872496605789012
NET,1890-03-13,32.647305822039996,17.34737,78.26799758142306,417122.027276559,-0.03180520711775603,-0.07772897573875814
NET,1891-03-12,34.26475249912,17.39018,80.66348,424786.43989969185,0.052015001952769646,0.004872269258483497
NET,1892-03-25,35.115496520520004,17.24152,82.83754,423908.0074145128,0.04681132656095155,0.010900417412122332
NET,1893-04-07,38.304611197839996,17.25419,83.34894,459569.2662418982,0.09405919953735342,0.09311017960988921
NET,1894-03-30,38.35775934536,17.04138,88.29885,434408.36823310837,0.04248001133554569,0.013512855091412312
NET,1895-04-05,34.19944555508,17.13163,89.18567,383463.4594894,-0.08016371173787096,-0.08980895256206844
NET,1896-04-18,33.537319718759996,17.05153,92.43709,362812.37021589495,-0.014211903603513765,-0.03289366124358073
NET,1897-04-17,34.54394990592,17.14718,97.05790347150219,355910.73648178147,0.010769276806416261,0.0046971446433508035
NET,1898-04-30,36.06314177336,17.38354,94.43552,381881.11606056703,-0.007201335428422051,-0.004517039778159648
NET,1899-05-13,35.675359196879995,17.1057,99.24878,359453.8814167791,0.0180161016555751,-0.02167209313016727
NET,1900-05-05,40.61346579056,17.29374,102.5434,396061.23641853104,0.11891964894737983,0.09866498462713769
NET,1901-05-11,42.29683916588,17.53715,101.79702724256795,415501.7126884521,0.08260224705815156,0.08041477192055857
NET,1902-05-24,43.173650111280004,17.46269,107.37315,402089.81585508113,0.0380886583437503,0.014860784303241115
ARG,1838-05-18,0.58618072916,9.93529,8.77507,66800.68981330063,-0.11853393882884977,-0.12172497431925444
ARG,1839-05-31,0.5962946729999999,9.32893,8.77507,67953.2668115468,0.048360511148552554,0.048880196116224184
ARG,1840-05-30,0.6234816400800001,10.29936,8.836403373434498,70558.3045195081,0.026195929301723098,0.023962265553748807
ARG,1841-06-12,0.6221100308799999,10.3078,8.77507,70895.16446934326,-0.0009749914584521457,-0.001838932457581044
ARG,1842-06-25,0.6373877016,10.65071,8.77507,72636.19567707153,-0.00595024756083129,-0.010897540181448173
ARG,1843-06-17,0.65067716688,10.91029,8.77507,74150.65257371168,0.0007795071386833552,0.0010378516083908718
ARG,1844-06-23,0.7832106765600001,10.53247,13.250748709067057,59106.89982552265,0.12921209113670118,-0.25963569523771524
ARG,1845-07-06,0.80050916244,10.48701,13.40002,59739.40057104392,0.010046982152186468,0.013712399082283833
ARG,1846-07-05,0.75299775252,10.70298,13.248120847170215,56838.079996895525,-0.06635101274404531,-0.0754928904498916
ARG,1847-07-18,0.86172303984,10.86016,14.44862,59640.50821739377,0.12201967072811537,0.1225264447499177
ARG,1848-07-31,0.8016090529200001,11.06394,14.312927023600542,56005.94844075075,-0.024193546617651274,-0.016703581329972184
ARG,1849-07-23,1.37512193312,9.00523,14.44862,95173.23682953804,0.3141010103290016,0.3183133493253245
ARG,1850-07-29,1.6979434082,8.89742,18.943509467857517,89631.9349422024,0.13995275430000698,-0.01632196422247978
ARG,1851-08-11,2.0825828358400003,8.98449,19.66001,105929.8970773667,0.18531418167298108,0.179937559401683
ARG,1852-08-10,2.2261937984,9.18118,19.79174,112480.95409499115,0.07921663238449783,0.06617739750836593
ARG,1853-08-23,2.4361978997200002,8.85401,20.47028,119011.45952668943,0.06274208874686682,0.056346835354506686
ARG,1854-09-05,2.49533478896,9.05654,21.05062727555989,118539.68797676273,-0.014242824502588958,-0.016737445810461993
ARG,1855-08-28,2.52681651092,9.04876,21.02558,120178.20725611373,0.019485872938268534,-0.005767876932403659
ARG,1856-09-03,2.68795310056,9.15346,21.37976,125724.19431088095,0.053404964803698496,0.042891176733420355
ARG,1857-09-16,2.77789866536,9.18093,21.79817,127437.24199600243,0.01657139132371266,0.006876518456278458
ARG,1858-09-15,2.95346676976,9.22652,21.79817,135491.50088103727,0.05627419236190789,0.05134491041465017
ARG,1859-09-28,3.31152585348,9.33108,22.87644,144757.04495454713,0.11620603993397172,0.10467375902331333
ARG,1860-10-11,3.1012680826400003,9.39691,23.55307,131671.5011096218,-0.06680061483212507,-0.08742023396587273
ARG,1861-10-03,3.73612508516,9.43321,24.02092,155536.30273778024,0.17977879460600188,0.16369522021011962
ARG,1862-10-09,3.72674303716,10.25649,24.40887,152679.86748915454,-0.03594750236630462,-0.05066349194687991
ARG,1863-10-22,4.15140644412,9.86636,24.84064,167121.55742042072,0.05741676914659366,0.04720140873178158
ARG,1864-10-21,4.19812119844,10.07819,25.307790000000004,165882.5681120319,0.02772844237236205,0.011396023799557176
ARG,1865-11-03,4.3516599074,10.25417,26.42660686658591,164669.64258291843,0.005891351297284464,-0.012647579470467685
ARG,1866-11-16,4.47107613992,10.21088,26.58065,168207.9309542844,0.022983645550190612,0.013609253999615989
ARG,1867-11-08,5.17076565512,10.46525,27.47813,188177.49443357319,0.13944776326179964,0.09968509843976392
ARG,1868-11-14,4.904198231920001,10.42633,28.232359999999996,173708.4052456118,-0.05626253385066182,-0.08524314519844145
ARG,1869-11-27,5.29851062936,10.44279,28.631831960282152,185056.6403403754,0.04022476658719287,0.03846323820447428
ARG,1870-11-26,5.6171504079600005,10.55203,29.08885,193103.2133604457,0.04997642931515167,0.02754743180170549
ARG,1871-12-09,5.69708285068,10.70443,29.36781,193990.72830694562,0.013123895834595833,0.005067949521458726
ARG,1872-12-22,6.06699238444,10.93003,29.404739999999997,206327.02021646852,0.06141042221101545,0.06089590557655722
MEX,1839-12-20,3.4430346267200003,9.24724,73.17643,47051.142379042,0.004412212282638439,0.006229803569387515
MEX,1841-01-02,3.3872967549200004,9.7289,73.17643,46289.45078244457,-0.016730514434966537,-0.013980794347960734
MEX,1842-01-01,3.0708931864,10.26875,73.17643,41965.605406003,-0.09421204153701701,-0.09518160648835328
MEX,1843-01-14,3.38756095964,10.2019,73.17643,46293.06129910956,0.04337813949059055,0.03884501080731084
MEX,1844-01-27,3.73204203944,10.00305,81.80772,45619.68038517636,0.06607351896832592,0.010610673552143846
MEX,1845-01-19,3.8821928215200003,9.8032,81.80772,47455.091298474035,0.05825424772648602,0.05818094623320769
MEX,1846-01-25,3.9963421539599997,7.83763,86.09064,46420.17011326667,0.056438085690465156,0.0027388683995632768
MEX,1847-02-07,4.49024313088,8.18606,86.40102,51969.79307512805,0.05872034530932213,0.060425205410704175
MEX,1848-02-06,4.95313282308,8.23722,87.93091,56329.82557646679,0.07287339725143616,0.06626269483399727
MEX,1849-02-19,4.97544915348,8.26241,88.95628403176542,55931.39605183278,0.042378157140285255,0.02310286486926416
MEX,1850-03-04,4.93904962616,8.44288,90.82357,54380.70344691362,0.01904587800862312,-0.006093999001081207
MEX,1851-02-24,5.2715552494799995,9.52658,92.52534,56974.17863560404,0.06100918159605717,0.04157180542089889
MEX,1852-03-02,5.77101899764,9.82776,94.55465,61033.68790048929,0.06967037706660562,0.06466786890064835
FTJ,1837-01-13,0.1442411048,6.11413,4.24008,34018.486632327695,0.504195202652465,0.49650896282105483
FTJ,1838-01-19,0.09245077659999999,8.70957,4.27625,21619.591137094416,-0.3345475903740516,-0.33882016950590055
FTJ,1839-01-25,0.09633164112,8.74279,4.33435,22225.164354516826,0.012550335473616947,0.0025862372500142783
FTJ,1840-01-31,0.10030706712000001,9.46813,4.40306,22781.217407893604,0.02858060280277286,0.016186655849119935
FTJ,1841-02-06,0.10017249839999999,9.36822,4.47395,22390.16940287665,0.01009794782525808,-0.0017270822766002336
FTJ,1842-02-12,0.10499484840000001,8.60545,4.5207,23225.351914526513,0.01903538223986012,0.011631506556283755
FTJ,1843-02-18,0.10634621556,9.25958,4.58294,23204.802061558737,0.006661581529223692,-0.003976043646723992
FTJ,1844-02-24,0.11066664284,9.1889,4.64926,23803.066044918978,0.030393896315402902,0.019693383079348203
FTJ,1845-03-02,0.11104925468,8.37165,4.69367,23659.365630732453,0.005776081013784129,-0.0015274110459758683
FTJ,1846-03-08,0.11532493335999999,8.34365,4.72021,24432.16156908273,-0.06882518653973857,-0.07222066526823046
FTJ,1847-03-14,0.11801814492000001,8.28438,4.76384,24773.742384295023,0.018004249279739426,0.011251931721045327
FTJ,1848-03-20,0.11595336948,7.42211,4.79631,24175.536919006485,-0.021740438543909058,-0.026984933188487492
FTJ,1849-03-26,0.11360134552000001,7.35934,4.81907,23573.292257634774,-0.013201859791184156,-0.01675523490639219
FTJ,1850-04-01,0.121783792,6.68203,4.82366,25247.17579597235,-0.17717505277226275,-0.17748994758887193
FTJ,1851-04-07,0.12110631468,6.66214,4.83225,25062.09626571473,0.000019829707564422705,-0.001306832796864943
FTJ,1852-04-13,0.12163710000000001,6.6501,4.84101,25126.38891470995,0.003431495498768644,0.0021106521877782836
FTJ,1853-04-19,0.1222365404,6.64106,4.84827,25212.403682138163,0.003514088468527854,0.0022975809301022387
FTJ,1854-04-25,0.12273190488,6.63305,4.85561,25276.310263797957,0.0032008511115309,0.0020875043167067897
FTJ,1855-05-01,0.1231347,6.62574,4.86288,25321.352778600336,0.0024179026861768094,0.001348195511990058
FTJ,1856-05-07,0.12361999416,6.61976,4.8691,25388.67432585077,0.002258417608046015,0.0012093457700903532
FTJ,1857-05-13,0.1241267924,6.61466,4.87562,25458.66831295302,0.0027756794997846335,0.001795876235400451
FTJ,1858-05-19,0.12452326432000001,6.60981,4.88193,25506.97456129031,0.002431728212676232,0.0014653776906965454
FTJ,1859-05-25,0.12515218716,6.60356,4.88774,25605.328262141604,0.0034320936758514,0.0025276862522980448
FTJ,1860-05-31,0.12523758935999998,6.59924,4.89379,25591.124539467364,0.01202212728942631,0.01113166717420544
FTJ,1861-06-06,0.12873252756,6.56833,4.88522,26351.4289141533,-0.12639293401864127,-0.12502944384836978
FTJ,1862-06-12,0.13103692108,6.60184,4.89078,26792.642703208894,0.013906875252783779,0.013060486350030098
FTJ,1863-06-18,0.13351251628000002,6.6208,4.89653,27266.761620984656,0.024363479667363963,0.02350495650335671
FTJ,1864-06-24,0.17146783212,5.83647,4.8977,35009.86833003246,0.26760727698160114,0.26682860572624034
FTJ,1865-06-30,0.13494322452,6.61913,4.90131,27532.07296008618,-0.04239866662045655,-0.04306184427973292
FTJ,1866-07-06,0.12956842184,6.52852,4.90549,26412.941793786144,-0.026537004997334468,-0.027123051192744718
FTJ,1867-07-12,0.12726661636,6.47578,4.90678,25936.89066149287,-0.015363383471262648,-0.01562372134069867
FTJ,1868-07-18,0.16212684124,5.68363,4.894000000000001,33127.67495709031,0.0567057196701275,0.05921281562048053
FTJ,1869-07-24,0.13150480096,7.26676,4.89489,26865.7316017316,-0.19246116826677295,-0.19259737474945282
FTJ,1870-07-30,0.13158347904,7.25964,4.91311,26782.11540958782,-0.0006236850533855032,-0.00348331359609233
FTJ,1871-08-05,0.13212960123999998,7.27267,4.93239,26788.14960698566,0.010391286795983001,0.007499980362732694
FTJ,1872-08-11,0.12774619156,7.25143,4.94855,25814.8733588627,0.05824209114246637,0.05557323588002805
FTJ,1873-08-17,0.12800893404,7.23092,4.96537,25780.3414529028,-0.0008493032507063125,-0.00343321247801176
FTJ,1874-08-23,0.12278715904,7.28578,4.98247,24643.83308680233,-0.04142174526741649,-0.043743942905741906
FTJ,1875-08-29,0.12233672048000001,7.30671,4.99853,24474.539610645534,-0.00204465053782954,-0.004585459008826787
FTJ,1876-09-04,0.12250613128,7.33001,5.01638,24421.222331641544,0.0007965574518196128,-0.001952000643854812
FTJ,1877-09-10,0.12231362104,7.35391,5.03722,24281.969229058886,-0.0002686930598447823,-0.0032088074187414106
FTJ,1878-09-16,0.14352492024000002,6.5409,5.04995,28421.057681759226,0.17224820673537522,0.1697744059215538
FTJ,1879-09-22,0.12356555588,7.54575,5.06946,24374.50061347757,-0.07888115128210693,-0.08178960538503166
FTJ,1880-09-28,0.12998239956000002,7.5495,5.09457,25513.909821633624,0.05184505664514805,0.048020400740850455
FTJ,1881-10-04,0.12847094416,7.56809,5.11925,25095.657402939883,-0.02951761711708001,-0.033168195669451395
FTJ,1882-10-10,0.12421524544,7.53851,5.14589,24138.729246058505,-0.025512292909283696,-0.0291170677915229
FTJ,1883-10-16,0.12399191792000001,7.51582,5.1696,23984.818539151966,-0.0028145295549044658,-0.006441904623800898
FTJ,1884-10-22,0.14211862704,6.57385,5.18343,27417.87330782898,0.14528592071863566,0.14291039746564493
FTJ,1885-10-28,0.12933152596,6.59155,5.19671,24887.19323572029,0.1037645317166882,0.10134666197082898
FTJ,1886-11-03,0.15285915112,7.86784,5.22471,29256.963758754075,0.1325129997364849,0.127537300408459
FTJ,1887-11-09,0.15275763256,7.83486,5.2588,29048.001931999697,0.008716573723902998,0.0036643879825430936
FTJ,1888-11-15,0.14807862523999998,7.8172,5.29413,27970.341725647082,-0.029520739379953698,-0.03420915064264973
FTJ,1889-11-21,0.16904234308,7.06081,5.32009,31774.338982987127,0.1249496830090564,0.12077873916444748
FTJ,1890-11-27,0.14886282320000002,7.83954,5.35994,27773.225670436612,-0.011065780543410897,-0.016797221267011553
FTJ,1891-12-03,0.15556172424,7.84884,5.40157,28799.35356572256,0.01635342473389012,0.01054363085969623
FTJ,1892-12-09,0.15801236827999998,8.69026,5.44645,29011.992817339735,0.057048568744692885,0.05039362302418149
FTJ,1893-12-15,0.158348359,9.27663,5.52324,28669.469188374936,0.014386522269430602,0.004032289983794124
FTJ,1894-12-21,0.16550609555999998,9.20812,5.59594,29576.102595810535,0.03621151251342125,0.02572903273598892
FTJ,1895-12-27,0.16231509944,8.26563,5.65707,28692.432556075848,-0.02459817564976796,-0.032778169915893995
FTJ,1897-01-02,0.175145828,8.18757,5.70873,30680.34886918807,0.0413954461450623,0.03476889981570963
FTJ,1898-01-08,0.171219971,8.12501,5.75728,29739.73317260929,-0.025020139276499487,-0.031458463719336915
FTJ,1899-01-14,0.1729682292,8.18294,5.80494,29796.72988868102,0.006150817470682357,-0.00019757655300201016
FTJ,1900-01-20,0.18129636564,7.22088,5.85201,30980.187258736743,0.07174597751898171,0.06538455513068953
FTJ,1901-01-26,0.19585215572,7.91599,5.891720000000001,33241.932019851585,0.04140134938017814,0.03589398265836263
FTJ,1902-02-01,0.2081023256,7.98445,5.93413,35068.71699811093,0.04972433521942876,0.04429259904707683
FTJ,1903-02-07,0.22740868851999999,9.43484,5.98018,38027.06415525954,0.08405590234046856,0.0781985736549029
FTJ,1904-02-13,0.23647106807999999,9.34912,6.05049,39082.961558485345,0.024526893614772005,0.015237171756952606
FTJ,1905-02-19,0.27277606303999996,8.41484,6.11743,44589.97700668418,0.14369569513515112,0.13455034657066323
FTJ,1906-02-25,0.24652701736,9.17768,6.171139999999999,39948.37539903486,-0.09934116433349705,-0.10532755926148296
FTJ,1907-03-03,0.26791601876,9.12195,6.236560000000001,42958.94191028387,0.0853957260610867,0.07657174565519975
FTJ,1908-03-09,0.27403342667999997,8.34541,6.30145,43487.360318656814,0.04543370924967638,0.03749192783919364
FTJ,1909-03-15,0.27598189476,8.10952,6.33936,43534.66197849625,0.0013146474986700518,-0.003446574822536075
PHI,1837-01-20,1.50928064508,8.28592,25.613985121258786,58924.0853359966,0,0
PHI,1838-02-02,1.60966284596,8.54441,25.75279,62504.40616181781,0.09310606888754203,0.09392300762393568
PHI,1839-02-01,1.61865798328,8.33242,25.75279,62853.694037811045,-0.010830797353193145,-0.0034898965749748934
PHI,1840-02-14,1.8349341451999999,8.48285,25.75279,71251.85835010497,0.10679315988285865,0.10568999440265525
PHI,1841-02-27,1.90818295512,8.4965,25.880412635107717,73730.77786756308,0.006763927317117835,0.0055532889905627325
PHI,1842-02-19,2.11902461888,8.48969,25.75279,82283.30285301126,0.12210558420753959,0.12432667322426694
PHI,1843-02-25,2.1962037812,8.58773,25.75279,85280.22715985336,0.05603928512839107,0.055751998349359067
PHI,1844-03-10,2.45490943516,8.3098,25.75279,95325.96022256228,0.08046279048355598,0.07970274802869448
PHI,1845-03-09,2.43287824884,9.80674,25.75279,94470.47286294028,-0.041232324247243435,-0.038209556877262685
PHI,1846-03-22,2.4774187963200003,9.79757,25.75279,96200.01546706202,0.061338083676308,0.057362537068384345
PHI,1847-04-04,2.58104280616,9.83942,25.75279,100223.81288241003,0.04401694464832184,0.04654350702260346
PHI,1848-03-27,2.9118801322,9.95886,25.75279,113070.47244978115,0.1271928836318783,0.1283359473796286
PHI,1849-04-02,3.18196250008,10.03363,25.75279,123557.97178014499,0.05540359776873771,0.057738215508579716
PHI,1850-04-15,3.25022470604,10.05998,25.75279,126208.6440358501,0.035082181402449564,0.03567148014429922
PHI,1851-04-14,3.3491173014,10.12309,25.75279,130048.71710599124,0.052832220328182355,0.049522151524299396
PHI,1852-04-27,3.25170683292,9.59751,26.610247609303816,122197.54136309114,0.06900622316007832,0.10101734344475166
PHI,1853-05-10,3.51895864476,10.08999,25.75279,136643.78285847863,0.023026300023815338,0.019564055545535197
PHI,1854-05-02,3.9429555162399996,9.32428,25.752789999999997,153107.89690126778,0.0935684815248845,0.091245461764629
PHI,1855-05-08,3.7546286206,9.7156,25.75279,145795.0233974649,-0.022039520373426602,-0.023850066540661463
PHI,1856-05-21,3.9138067035599997,9.72733,26.057297853435276,150200.02172036504,0.03781973526148641,0.04072737827887285
PHI,1857-05-20,3.7606373833599998,9.65089,25.75279,146028.3481269408,-0.03990651812842683,-0.03429249143877089
PHI,1858-06-02,4.495842416,9.68465,25.75279,174576.90665749225,0.10026512063219983,0.10060154333846594
PHI,1859-06-15,5.00012654856,9.78159,25.75279,194158.6347949096,0.12327554883756742,0.13186009770657203
PHI,1860-06-07,5.218108973480001,9.90073,25.75279,202623.0545692331,0.03590394385699858,0.03566067120596905
PHI,1861-06-13,5.55987337464,9.89217,25.75279,215894.0205950501,0.047491786988268725,0.04826174693820651
PHI,1862-06-26,5.97491548992,10.21405,25.75279,232010.41479078576,0.0339408170409754,0.03390943516484213
PHI,1863-06-25,6.49671037652,10.36006,25.502022231530425,254752.7532341156,0.08786502205350688,0.08501488228534182
PHI,1864-07-08,6.87956475648,10.65058,25.75279,267138.61901875486,0.04726360624679282,0.0460162037955516
PHI,1865-07-21,7.7494899872000005,10.62564,25.75279,300918.4630946783,0.09430926172567111,0.09670518645493265
PHI,1866-07-13,7.90728416348,10.10385,43.44514,182006.18443121598,0.017710948711519903,-0.3966727711376007
PHI,1867-07-19,7.91511396884,10.26182,44.152664715372005,179266.95976028618,-0.008389002562644299,-0.00904620018695712
PHI,1868-08-01,7.80476508344,10.3435,43.44514,179646.44799027,-0.014379599556854972,-0.014987989423761339
PHI,1869-07-31,8.58585561704,9.42788,43.44514,197625.22613668643,0.07158336223758743,0.0673064453422556
PHI,1870-08-13,10.18410071952,10.00196,43.44514,234412.88759847477,0.13207386259099896,0.13210137206646144
PHI,1871-08-26,10.96614632048,10.56002,43.075645017372906,254578.80702789768,0.047150888061108454,0.048471374147096125
PHI,1872-08-18,11.77972119844,10.6847,43.44514,271140.1366974534,0.05520226223109481,0.0543273044118604
PHI,1873-08-24,12.39069350948,11.69162,43.44514000000001,285203.2128215031,0.016499053551192855,0.016257988500879117
PHI,1874-09-06,12.83129564028,11.69211,59.54204,215499.7652126128,0.027582591945174206,-0.2500731451566517
PHI,1875-09-05,14.82917962032,11.81469,59.54204,249053.93937325626,0.1348133726148557,0.13087778718625165
PHI,1876-09-18,16.0398896866,11.58579,59.54204,269387.64084334363,0.09059663822280384,0.0834980406692869
PHI,1877-10-01,16.01670087628,11.64988,59.54204,268998.18810843566,-0.012479388114432055,-0.008106786359925344
PHI,1878-09-23,17.73071774864,11.53226,59.54204,297784.85501403717,0.06374705478540932,0.06571962756489058
PHI,1879-09-29,18.85471685136,11.61986,59.54204,316662.25831966795,0.0424305327912764,0.04168004291781924
PHI,1880-10-12,18.841055439959998,11.58432,59.54204,316432.8168796366,-0.013344498463286447,-0.014209635900365836
PHI,1881-10-11,18.280669464200002,11.52824,59.54204,307021.21499700047,0.019013512815478473,0.006382816820182935
PHI,1882-10-24,20.64009728092,11.99447,60.20542079974897,342827.8883652626,0.08234463677147175,0.07718362219349406
PHI,1883-11-06,20.382681245159997,11.86264,59.54204,342324.20060112147,-0.008833357403147946,-0.007337413631639866
PHI,1884-10-29,20.4423320504,11.78263,59.54204,343326.0272976875,0.015620038031366912,0.0196282131663843
PHI,1885-11-04,21.190923585,11.61108,59.54204,355898.51447817375,0.007436579330045934,0.00603231600864329
PHI,1886-11-17,23.88267754704,11.67078,60.18920986612715,396793.338875188,0.07524904575404823,0.07419002775619954
PHI,1887-11-16,23.76076683136,11.6905,59.54203999999999,399058.6622722366,0.005521460779913889,0.007670240054474142
PHI,1888-11-29,23.45488138188,11.49046,60.038308890692576,390665.25715410494,-0.046324724011143514,-0.04334051506041292
PHI,1889-12-12,22.95837265384,11.72153,59.54204,385582.5674404169,-0.01666482101090172,-0.006256323827227628
PHI,1890-12-04,21.222492404879997,12.512,59.54204,356428.7082686451,-0.154446610146737,-0.15559712561819206
GBR,1855-02-06,45.32194882020001,13.09302,247.11856197320913,183401.63708590006,0.011000479898622295,0.007113304546074728
GBR,1856-02-19,47.60484792284,13.19338,244.49141000000003,194709.69521113235,0.04044751085846077,0.03944009377999991
GBR,1857-02-18,49.69265214056,13.29653,251.7573,197383.16283404693,0.03561084174413964,0.009436435505074448
GBR,1858-03-03,49.59298847412,13.36259,256.94896,193007.15781889134,0.00019909277754881494,-0.0151118419933286
GBR,1859-03-16,53.129387285520004,13.40033,262.51672,202384.77490317568,0.0443785156141574,0.026241142506061133
GBR,1860-03-08,55.11550929872,13.29137,266.69933,206657.84686718188,0.032253151697598126,0.01595694420300675
GBR,1861-03-14,55.52575463136,13.33404,271.66323,204391.86647143966,-0.006111892409060293,-0.018452868681278378
GBR,1862-03-27,59.7040456246,13.46556,282.03664,211688.96929349322,0.04188598778610486,0.0031829630293880307
GBR,1863-03-26,60.70801966788,13.51832,289.72787,209534.6218086648,0.011565464327270236,-0.016279803001837734
GBR,1864-04-08,63.75519263932,13.49369,296.46309,215052.71580121492,0.039173001266708196,0.016612643262544857
GBR,1865-04-21,64.82456956144,13.50543,301.15125,215255.85419764984,0.029624831713318978,0.017058740429031882
GBR,1866-04-13,67.74952346863999,13.53802,309.26968,219062.9339049337,0.024993549888144617,0.0047052251524941635
GBR,1867-04-19,69.2197695358,13.48407,314.9631,219771.04472174676,0.017649069659411376,0.008053521441379718
GBR,1868-05-02,67.00338118344,14.8635,266.84733866530536,251092.5592084669,-0.006216056605973241,0.01211032324442618
GBR,1869-05-01,60.81280362976,14.77883,265.71651,228863.4741957133,-0.06764659882774249,-0.08471205862556208
GBR,1870-05-14,60.70039324128,14.18077,276.85846558060183,219247.01891988303,0.001025207987608523,-0.011559672655085396
GBR,1871-05-27,58.9659230732,14.07385,273.27418,215775.68386885288,0.03897872987782813,0.041899103333794985
GBR,1872-05-19,65.22378740956,13.94215,273.27418,238675.26529421844,0.09153647790073305,0.09052973012471344
GBR,1873-05-25,69.13011432392,14.15352,273.27418,252969.79877103647,0.05521648194308004,0.056340908428309744
GBR,1874-06-07,69.9823958054,14.64891,266.89060528244386,262213.7850500182,0.04017158362202711,0.04121366902680479
GBR,1875-06-06,76.07073515392,14.85595,273.27418,278367.81050416105,0.06453169696416938,0.06385505951740944
GBR,1876-06-19,77.90533630152001,15.34707,273.27418,285081.2188020105,0.02478719579494615,0.02135053312901314
GBR,1877-07-02,80.07238782243999,15.31984,298.35766,268377.1813414812,0.042403552056134775,0.0020894271143598875
GBR,1878-06-24,85.05818463636001,15.37699,298.35766,285087.98680201476,0.04290725520800098,0.042545526771258
GBR,1879-06-30,85.02734339892,16.1001,302.47783,281102.7287484838,-0.0022403253664644573,-0.008668265539533482
GBR,1880-07-13,95.7445119904,16.77823,302.47783,316533.9819794396,0.06148723315077542,0.060490551054273034
GBR,1881-07-12,100.16183540012001,16.94354,307.0966221838587,326157.3985667388,0.02422070672532972,0.0145438714975481
GBR,1882-07-25,102.12761127712,17.20004,311.30663,328061.15076032915,0.010327994162342424,-0.0017431924417066202
GBR,1883-08-07,107.56215486536,17.17448,316.60206,339739.27669756796,0.03644800132569315,0.026026535144547225
GBR,1884-07-30,109.8401628688,17.4617,322.4442,340648.5924349081,0.009613130672408543,-0.004949310720903322
GBR,1885-08-05,115.32005974736,17.55978,330.8578555461946,348548.6525837043,0.02944686913238659,0.020183534191405395
GBR,1886-08-18,120.70862927032,17.92547,326.8621,369295.27550095285,0.03129431700605512,0.030784206983761386
GBR,1887-08-17,124.56719897856,18.0793,326.8621,381100.1611338849,0.02470187284411174,0.025003872507146863
GBR,1888-08-30,126.97392448104,18.13965,326.8621,388463.2830818868,0.013948225602114395,0.013373072102324413
GBR,1889-09-12,131.01170293848,18.79051,329.0796211234697,398115.5153005503,0.010486066050849008,0.010781437903260027
GBR,1890-09-04,137.04486875196,18.8661,358.24629,382543.72083507135,0.046301445379278716,0.0010077460383717263
GBR,1891-09-10,134.47592993432,18.87967,358.24629,375372.847362411,-0.03196167856704424,-0.03091986261745172
GBR,1892-09-23,137.16039640888,19.08376,367.76255,372959.1183465527,0.010842559782983763,-0.013866037786384733
GBR,1893-09-22,144.83630800964002,18.92487,366.01448,395711.96202303254,0.04230315711058341,0.044981418489807856
GBR,1894-10-05,155.02957712944,19.09058,379.27209,408755.56418991974,0.049270160343567015,0.018272970572334124
GBR,1895-10-18,164.71564478668,17.77528,461.80750000000006,356675.9846617476,0.07266834818352286,-0.10385042408608469
GBR,1896-10-10,167.20077412167998,17.60106,468.70653999999996,356728.0587159718,-0.005137368593563285,-0.01684316030217292
GBR,1897-10-16,166.49728819932,18.28692,436.13324,381757.8504204816,-0.0005952578150589805,0.048166545777010183
GBR,1898-10-29,164.66999590391998,17.27211,399.71675,411966.71368893096,0.010378774344077302,0.0807593589611606
GBR,1899-10-28,160.36798820536,17.12679,486.57437,329585.76960262004,-0.023089995672307406,-0.19493185063300889
GBR,1900-11-10,155.78723333004,16.95631,492.7160804102803,316180.5338285638,-0.029444289509740096,-0.04281700995440807
GBR,1901-11-23,157.4506311924,17.1275,499.36060000000003,315304.47374582617,0.007729714708220481,0.0013109569891198714
GBR,1902-11-15,162.84654469408,17.42051,504.72075000000007,322646.8194423946,0.029709301691681844,0.0216534454448305
GBR,1903-11-21,170.18427778196002,17.78599,507.92253,335059.5174070345,0.03617141294926385,0.0283774457480106
GBR,1904-12-04,173.69658907068,17.96697,505.022933769872,343938.0223271796,0.009948301044524932,0.005975735906332158
GBR,1905-12-03,170.71478920132,20.39805,427.67614,399168.3735298397,-0.023454454386352075,0.17752539168293824
GBR,1906-12-16,177.40036451124,20.28215,427.67614,414800.70529826614,0.03366568803362058,0.030602336262404606
GBR,1907-12-29,183.18083341791998,20.71835,427.67614,428316.7010858263,0.05348390961161309,0.0579127756814779
D04,1882-11-07,3.78882137088,10.03602,40.13012,94413.40745754063,0,0
D04,1883-11-13,4.52012622412,9.59069,45.26435,99860.62373854921,0.11919101122792886,0.09372550713825634
D04,1884-11-19,5.76002868012,9.78701,49.47431,116424.6389716198,0.1914493604080052,0.09368332629915277
D04,1885-11-25,6.94384123732,10.11797,50.024280000000005,138809.41889258576,0.1466377448239491,0.13709292234977544
D04,1886-12-01,5.22838844008,10.46058,23.44887,222969.73969662504,0.014344566061603947,0.23353497667517442
D04,1887-12-07,7.838666090839999,10.06182,51.75864,151446.52353384864,0.33104839783636586,0.007365953948233139
D04,1888-12-13,8.34235011584,9.99143,52.89567,157713.28949685296,0.005783620592628491,-0.010683319838650451
D04,1889-12-19,8.38602444888,9.70839,54.50733,153851.3159400763,-0.006418548449062977,-0.02986614011610933
D04,1890-12-25,9.76503328944,10.04939,55.45258,176097.00557557467,0.11167598719532412,0.0981031750430954
D04,1891-12-31,10.65383032168,10.03946,56.25504,189384.459093443,0.06931619219139185,0.05785785028081736
D04,1893-01-06,11.93528706396,10.06303,57.08315000000001,209085.99234555205,0.05801129748458944,0.046266590292330045
D04,1894-01-12,12.8645374598,9.93201,57.86929,222303.3574422634,0.05147236436895031,0.0407217303566052
D04,1895-01-18,13.03279411876,10.1175,58.6708,222134.2493840207,0.007405069996566427,-0.0029538733035516795
D04,1896-01-24,13.77739174604,10.03703,59.48904,231595.4627279243,0.036055284852351877,0.02516951477365703
D04,1897-01-30,14.02148617116,10.01463,60.45912,231916.8087653277,0.029413880066073927,0.016450161052651735
D04,1898-02-05,13.596449437999999,10.03899,61.30389,221787.71099191255,-0.01495101117122788,-0.025292603947388637
D04,1899-02-11,14.339277428840001,9.82632,62.15264,230710.6734137118,0.03293266814875029,0.02235106191281222
D04,1900-02-17,15.330077178,9.73551,62.97309,243438.5414150711,0.07283188477692071,0.06226205672650198
D04,1901-02-23,15.26730425584,9.84271,63.80516,239280.08731331446,0.045413963869008755,0.03511329808449615
D04,1902-03-01,15.4791174278,9.96588,64.79417,238896.76228277947,-0.0042700911924088425,-0.015299318604229617
D04,1903-03-07,15.80034307592,9.72901,66.28384,238373.98490974575,-0.006792250582977388,-0.022543207325745773
D04,1904-03-13,16.52406856308,9.85043,67.49067,244834.85736739612,0.06968980204570085,0.055538034314523754
D04,1905-03-19,18.222710571,9.97298,68.6503,265442.54826271697,0.044603375922565025,0.03082211259146672
D04,1906-03-25,18.474384788600002,10.03048,69.5828,265502.1756612266,0.02554836224080792,0.01515214419998312
D04,1907-03-31,18.26135781808,9.93373,70.13895,260359.72620177522,-0.012410071333210149,-0.018328323755843257
D04,1908-04-06,18.047442070840003,10.26244,70.88237,254611.1546614483,-0.006078186225022653,-0.013862681092312368
D04,1909-04-12,18.24268269876,10.51924,71.80789,254048.44368439176,0.005719619229792805,-0.004154750240085714
BOR,1837-01-13,0.27522561612,6.22975,8.61381,31951.67018079108,0,0
BOR,1838-01-19,0.19209718372,7.71525,8.65757,22188.348892356633,-0.29656948153440044,-0.2992409754922972
BOR,1839-01-25,0.196419769,8.31578,8.73664,22482.30086165849,0.023986497925991834,0.017161751357597677
BOR,1840-01-31,0.20588313304,8.33942,8.82664,23325.198834437568,0.04180674213890856,0.03372184730254868
BOR,1841-02-06,0.26076012352,7.72608,8.90154,29293.821464600504,0.26614550495336875,0.2579820475334116
BOR,1842-02-12,0.31082125152,7.8459,8.96652,34664.64710054737,0.07032063266312072,0.06459134755023577
BOR,1843-02-18,0.3188581214,7.87017,9.03142,35305.42499407623,-0.07559698168665119,-0.08071541586863462
BOR,1844-02-24,0.25087102404,7.88144,9.09637,27579.24579145307,-0.10597910629654383,-0.11084424279740202
BOR,1845-03-02,0.30955322840000005,7.683,9.16565,33773.18885185448,-0.013773879153675339,-0.019026782652359464
BOR,1846-03-08,0.31462027428,9.10995,9.26479,33958.7054083255,0.0468643797810393,0.037951557398501645
BOR,1847-03-14,0.31854592796,8.41224,9.3463,34082.57042466003,-0.019309243665308617,-0.02576767542192404
BOR,1848-03-20,0.33091459544,7.79367,9.4172,35139.382771949204,-0.01866979267262603,-0.023876095140255793
BOR,1849-03-26,0.33482189520000005,8.45369,9.48883,35285.89880944226,0.055402392635777176,0.049322920816097904
BOR,1850-04-01,0.3426509502,7.69884,9.57658,35780.095837971385,0.10157601722147169,0.09381983369162672
BOR,1851-04-07,0.33698761668,8.52631,9.66771,34857.02577756263,0.0022579426143696235,-0.0051455646111034925
BOR,1852-04-13,0.41189708716,7.73947,9.74067,42286.319848634645,0.06487538139903681,0.05892039899184476
BOR,1853-04-19,0.40808170468000005,7.75427,9.80203,41632.36642613826,-0.07880029055923488,-0.08304475138079759
BOR,1854-04-25,0.39352318199999997,8.54549,9.87949,39832.337701642486,-0.08830728286712564,-0.09378657885115782
BOR,1855-05-01,0.39727575524000003,7.78154,9.942280000000002,39958.21433715405,-0.043433402100605645,-0.047774474419135404
BOR,1856-05-07,0.40588394652,8.47441,10.03471,40447.9996452314,0.019835547199967607,0.012810625251128194
BOR,1857-05-13,0.52828069424,7.78143,10.11744,52214.85813011987,0.21205724638238221,0.20418533541799566
BOR,1858-05-19,0.4548755458,7.7932,10.15359,44799.479376260024,-0.09251212148552845,-0.0948056003357759
BOR,1859-05-25,0.46008483976,7.9733,10.22191,45009.674293747456,0.010180766002571895,0.005134640477215235
BOR,1860-05-31,0.44287716148,7.2906,10.28088,43077.74835228113,0.06673248598912385,0.061994839120939504
BOR,1861-06-06,0.45612905572,8.49121,10.34095,44109.0089131076,-0.06283700206537479,-0.06660009064243189
BOR,1862-06-12,0.54111660876,7.27867,10.3949,52055.97059711974,0.19888811438166676,0.19404384289095877
BOR,1863-06-18,0.58439258332,8.06291,10.44913,55927.39140196361,0.08296505105690466,0.07882031962654268
BOR,1864-06-24,0.63607916528,8.85544,10.52956,60408.9026777947,0.03479318019282562,0.02913826274308473
BOR,1865-06-30,0.64035462244,9.45579,10.65487,60099.7123794096,-0.002288235603855604,-0.011336671018587374
BOR,1866-07-06,0.6859486176399999,9.53141,10.79218,63559.78288353233,0.038309402972864115,0.02814917987110399
BOR,1867-07-12,0.6799338405600001,9.5627,10.93954,62153.787139130174,0.03344580916166673,0.023181213118258936
BOR,1868-07-18,0.61834412744,9.67988,11.07904,55812.06742100398,-0.07872348119109684,-0.0876691852240643
BOR,1869-07-24,0.65262461472,9.34955,11.22596,58135.30555248726,0.07191976342658979,0.061428474404755296
BOR,1870-07-30,0.66629623892,9.33027,11.3576,58665.23199619638,0.0440278492991002,0.034891738179819276
BOR,1871-08-05,0.6539232206,9.47672,11.49148,56905.04796597132,0.04049814871368862,0.031125787919783043
BOR,1872-08-11,0.634105797,9.93943,11.64119,54470.87428347102,-0.0246476398663098,-0.03370182973383051
BOR,1873-08-17,0.6814267834400001,9.1752,11.80463,57725.382620209195,0.04336723634118189,0.032192176908684145
BOR,1874-08-23,0.65401503596,9.62079,11.9469,54743.49295298362,-0.048761928885024064,-0.057387820228117836
BOR,1875-08-29,0.65686038288,9.2244,12.09298,54317.495181501996,0.00792319181139578,-0.0008406911731073663
BOR,1876-09-04,0.65549514784,9.00668,12.21805,53649.7352556259,-0.0051859519843308055,-0.013030035754983182
BOR,1877-09-10,0.9038917186000001,9.16494,12.34411,73224.5353127929,0.37057949134273294,0.35995041445632303
BOR,1878-09-16,0.7901387920399999,9.60317,12.49654,63228.60504107537,-0.15316831181972534,-0.1607778862721977
BOR,1879-09-22,0.98213786268,9.26011,12.65426,77613.21979159587,0.24485874081304893,0.23269706733371387
BOR,1880-09-28,0.79575106312,9.68453,12.81417,62099.30593397777,-0.18675616606083134,-0.19428821144479913
BOR,1881-10-04,1.06745908412,9.48137,12.98166,82228.24231415705,0.3382502919039516,0.3251358201728578
BOR,1882-10-10,1.1837350538000002,9.53025,13.140350000000002,90083.9820704928,0.02380067297550803,0.01426790925620125
BOR,1883-10-16,1.03982826844,9.5528,13.30739,78139.15940240724,0.03457404957010746,0.024897251308566126
BOR,1884-10-22,1.3768622348,9.78723,13.50118,101980.88128593205,0.27725036259895486,0.2630228896572764
BOR,1885-10-28,1.17760023472,10.18431,13.70721,85911.00849261082,-0.09732325598278557,-0.10772754279628649
BOR,1886-11-03,1.56686485436,9.94368,13.92565,112516.46094509054,0.29893721681944774,0.283737576763728
BOR,1887-11-09,1.35701245576,10.14226,14.12481,96072.97059287877,-0.14124578375011,-0.15050128090503923
BOR,1888-11-15,1.58730607984,9.91194,14.34011,110689.95146062339,0.15453707142888806,0.14134107820217512
BOR,1889-11-21,1.64367594248,9.93511,14.55083,112960.9749052116,0.1404056169668677,0.128048725687383
BOR,1890-11-27,1.3645342074,10.30945,14.76369,92425.01077982536,-0.11927918922007485,-0.1288053989175243
BOR,1891-12-03,1.650700103,10.14823,14.99038,110117.29542546619,0.22206297558324728,0.20803520090662042
BOR,1892-12-09,1.6816196878,10.45534,15.21835,110499.47515992208,0.10809407681609917,0.09532991356005249
BOR,1893-12-15,1.63489292356,10.24261,15.44301,105866.20895537852,-0.001147179693724465,-0.012116543478147612
BOR,1894-12-21,1.59552230188,10.1737,15.66431,101857.17097529351,0.05552183090316842,0.04416030471669408
BOR,1895-12-27,1.4409509062,9.98118,15.88328,90721.24310595797,-0.007644860166003964,-0.018155497363595896
BOR,1897-01-02,1.3364706035199998,10.11149,16.08147,83106.24610312366,-0.12271362953380738,-0.13072055476657807
BOR,1898-01-08,2.0244962046399997,10.08533,16.27904,124362.13711865073,0.3932055863264916,0.38074154993523024
BOR,1899-01-14,1.77599174272,10.46689,16.50152,107625.94856231427,0.029988073858757902,0.019315768060029326
BOR,1900-01-20,1.7950679401199998,10.76779,16.75329,107147.18960395241,0.004696926220826736,-0.006786390191331759
BOR,1901-01-26,1.89457158592,10.46543,16.98998,111511.11336917407,0.0304843847502565,0.019761707952369312
BOR,1902-02-01,2.1186487296000003,10.91583,17.24,122891.4576334107,0.03243036311102232,0.02104403342523864
BOR,1903-02-07,1.96246477856,10.33439,17.4788,112276.85988511797,-0.051979783039593386,-0.06177591622076106
BOR,1904-02-13,2.08488367828,10.52642,17.72275,117638.83586238028,0.011497073266258928,0.0009222432782098888
BOR,1905-02-19,1.97713524268,10.47968,17.97592,109987.98629944949,-0.03161668218700309,-0.04183110887003494
BOR,1906-02-25,2.11404031384,10.45655,18.24005,115901.01528449757,0.02122640871339554,0.010180399113769667
BOR,1907-03-03,2.22737123024,10.83902,18.51374,120309.09099079928,0.06268937879223246,0.05054555365344271
BOR,1908-03-09,2.3237264939199997,11.57722,18.81589,123498.09091783593,0.095863544197754,0.08255923466899473
BOR,1909-03-15,2.4668877391599997,11.14577,19.12182,129009.04512018207,0.0235394444607806,0.01135808002943417
LUA,1837-01-13,0.1695052502,6.4762,3.17387,53406.48804141317,0,0
LUA,1838-01-19,0.14339845363999998,7.03384,3.19276,44913.63385910623,-0.0387264776256091,-0.043235587194935365
LUA,1839-01-25,0.19545388876,6.98324,3.21205,60850.20119861148,0.29448221643363515,0.2888611887733197
LUA,1840-01-31,0.16267014036,7.01506,3.22998,50362.584399903404,-0.04679182606675225,-0.05084158348073875
LUA,1841-02-06,0.24297584012,7.07244,3.2485,74796.31833769432,0.13217926237034905,0.1271938160487156
LUA,1842-02-12,0.19079243352,7.13989,3.26794,58383.08950592728,-0.16079952562486266,-0.16445154258274775
LUA,1843-02-18,0.20421153583999999,6.73826,3.28125,62235.89663695238,0.027582695968646487,0.024439616337365022
LUA,1844-02-24,0.19994115388,7.01442,3.2976,60632.32468461912,-0.050852225455199185,-0.05444286622610062
LUA,1845-03-02,0.19207536452,7.09443,3.31493,57942.509953453016,-0.04040808913619032,-0.04410013227119436
LUA,1846-03-08,0.19500257556,7.17167,3.33139,58534.89851383357,0.026882167053092987,0.02306122829150814
LUA,1847-03-14,0.21980088675999998,6.99178,3.3483099999999997,65645.32159805992,0.12003388616488908,0.11576079292614017
LUA,1848-03-20,0.17677084464,7.24095,3.36482,52535.007709179095,-0.17622344607110452,-0.1792214338660294
LUA,1849-03-26,0.18830753396,7.34445,3.38445,55639.035577420254,0.06516164051875695,0.06042753614216112
LUA,1850-04-01,0.21938788039999998,7.16752,3.40573,64417.28510480866,0.08422535016773236,0.0791726488554465
LUA,1851-04-07,0.19382288639999998,8.0542,3.42982,56511.095742633726,-0.1211314254903636,-0.12586976690964025
LUA,1852-04-13,0.21759615748,6.76658,3.44018,63251.38727624717,-0.11129964921443236,-0.11305707866273618
LUA,1853-04-19,0.19403845656,7.61721,3.45926,56092.475431161576,-0.09953186626903043,-0.10329494928084548
LUA,1854-04-25,0.2356592706,7.42244,3.48182,67682.7838888857,0.13557002638915883,0.1298056618890835
LUA,1855-05-01,0.20271456036,7.45939,3.50232,57880.079592955524,-0.18113449418407657,-0.18476627494192943
LUA,1856-05-07,0.22033343332000002,7.70638,3.52838,62446.061172549445,0.11202635131860483,0.10595182426759009
LUA,1857-05-13,0.1776338512,7.51153,3.55559,49959.03667183224,-0.07643193387254388,-0.08184172916994337
LUA,1858-05-19,0.25092711228,8.10378,3.58789,69937.23672687847,0.28101011415171206,0.2722487308413202
LUA,1859-05-25,0.20692576631999998,7.48724,3.61603,57224.57123419883,-0.1267521192216039,-0.13176499990169976
LUA,1860-05-31,0.20123178451999998,7.48214,3.64212,55251.27796997353,0.0024064751030927756,-0.003068843723730952
LUA,1861-06-06,0.22137038716000002,6.82636,3.66386,60419.99070925199,0.33170668687391824,0.3259919213922913
LUA,1862-06-12,0.22741487495999999,7.48387,3.6862,61693.58009874667,-0.0725750423233692,-0.07686235803552743
LUA,1863-06-18,0.20472012392000002,7.55866,3.71448,55114.073549998924,-0.04196384554749244,-0.04752760199881734
LUA,1864-06-24,0.22013371536,8.83796,3.76247,58507.766270561624,0.03900792615883075,0.02912485653341701
LUA,1865-06-30,0.1920661808,8.85242,3.8098299999999994,50413.32048936567,-0.14111035310719822,-0.14931078897428451
LUA,1866-07-06,0.24603702292,8.79496,3.85788,63775.18816552095,0.15047222890695067,0.13942182321489516
LUA,1867-07-12,0.17623418748,8.75495,3.89964,45192.42480844385,-0.30725615528011174,-0.31259297351438775
LUA,1868-07-18,0.19680332308,8.63995,3.9461800000000005,49871.85660056054,0.17296354403571845,0.1623172206913155
LUA,1869-07-24,0.19041822852,8.72155,3.99434,47672.01302843524,-0.09658732555527161,-0.10456377121354254
LUA,1870-07-30,0.20221229704000002,8.61468,4.04,50052.54877227723,0.07217065828313607,0.06284679785366021
LUA,1871-08-05,0.20037582240000001,8.02992,4.07469,49175.72193222061,0.07310588250972394,0.066446577975662
LUA,1872-08-11,0.21062896088,8.69038,4.1217,51102.44823252542,0.01786917381817621,0.009268307277104926
LUA,1873-08-17,0.26688573340000005,8.69076,4.1697,64005.97966280549,0.05007201736468847,0.04063742269293269
LUA,1874-08-23,0.23523443476,7.45981,4.19577,56064.66387814393,-0.15108635850866836,-0.15486716793499167
LUA,1875-08-29,0.20049309280000002,8.20982,4.23616,47328.97076597674,-0.019675405741493956,-0.026677437824986105
LUA,1876-09-04,0.19896390332000002,8.52493,4.28589,46423.007431361984,-0.18419596281255413,-0.19143670139032198
LUA,1877-09-10,0.19662360952,7.51842,4.33137,45395.246658678436,-0.009620185950223292,-0.017718003657350323
LUA,1878-09-16,0.28622549332,7.00348,4.36227,65613.88756771131,0.37049556921446847,0.3633646480672903
LUA,1879-09-22,0.2416033126,7.04915,4.38703,55072.1815442338,-0.13890244303756272,-0.14271747091779696
LUA,1880-09-28,0.31326836995999996,7.1835,4.41536,70949.67793339615,0.13952488333659363,0.13438016795485574
LUA,1881-10-04,0.28960745996,7.21833,4.44172,65201.647100672715,-0.13140034674288248,-0.13546517047544593
LUA,1882-10-10,0.38736546888,7.57416,4.4709,86641.49698718378,0.23153477134115197,0.22540080213481573
LUA,1883-10-16,0.34046668084,8.3484,4.50725,75537.56300183038,-0.061399165965069225,-0.06672893345616182
LUA,1884-10-22,0.25252280664,7.61568,4.36741,57819.807767074766,-0.35922371026609556,-0.34155622046788525
LUA,1885-10-28,0.28237977039999995,9.04515,4.41779,63918.78527499043,0.13497844254842484,0.12465390769191975
LUA,1886-11-03,0.2907659326,9.10003,4.47191,65020.524250264425,0.016965132248373926,0.00792707201431364
LUA,1887-11-09,0.29268166252,9.03473,4.52402,64695.041693007544,0.004135184806050463,-0.004720010075314085
LUA,1888-11-15,0.25090176748,8.61932,4.57031,54898.194538226075,-0.1387669566633406,-0.14545068959336116
LUA,1889-11-21,0.279580873,8.92393,4.61985,60517.30532376593,0.10830959811195351,0.09932172955815477
LUA,1890-11-27,0.23382227596,8.67863,4.66801,50090.35455365349,-0.14554608584449258,-0.15241961632460477
LUA,1891-12-03,0.23149102392,8.5435,4.71336,49113.80075360253,-0.00817479913448671,-0.015065283780358207
LUA,1892-12-09,0.2327312234,8.51239,4.75495,48945.0411465946,0.006073749815778573,-0.0007641384470761237
LUA,1893-12-15,0.307441342,9.10851,4.80104,64036.4050289104,0.32212590780165495,0.31231765339460726
LUA,1894-12-21,0.27299947739999997,9.14209,4.86105,56160.59851266701,-0.08601024296669257,-0.0944558970531092
LUA,1895-12-27,0.3002113998,10.97673,4.91706,61055.06131712853,-0.003269570582858816,-0.011964401533660185
LUA,1897-01-02,0.31437996044,11.01138,4.9775,63160.213046710196,0.035974392008137235,0.026184364353306844
LUA,1898-01-08,0.29590573428,9.96382,5.03022,58825.60489998449,-0.014117830618495142,-0.021799422019781467
LUA,1899-01-14,0.28549733159999996,9.78887,5.07413,56265.27731847626,-0.029726768070159393,-0.0362217490323411
LUA,1900-01-20,0.30050413224,9.77347,5.11893,58704.481647531815,0.040897469459560964,0.03429668128189611
LUA,1901-01-26,0.25158900416,9.24839,5.15082,48844.45664185508,-0.1681853884320178,-0.17228117323018055
LUA,1902-02-01,0.30402584524,9.1482,5.18076,58683.638161196424,0.07685385276725398,0.07178715640728339
LUA,1903-02-07,0.27898527071999996,9.23464,5.2071,53577.85921530218,-0.09843672784363233,-0.10160823705868172
LUA,1904-02-13,0.29563192464,10.49302,5.24831,56328.97535397109,0.07364317930617803,0.06699695878633394
LUA,1905-02-19,0.29798977571999996,10.4827,5.29655,56261.10878213176,0.00396679343619577,-0.003086662940891438
LUA,1906-02-25,0.38457761628000003,9.75244,5.35305,71842.70953568527,0.2824384129443356,0.2724591976042816
LUA,1907-03-03,0.34176872028,10.7716,5.41917,63066.61726426741,-0.09524076382561586,-0.10377351403257462
LUA,1908-03-09,0.34801123083999996,10.64606,5.49337,63351.13615867855,0.008635863052642412,-0.0018499541186223212
LUA,1909-03-15,0.3498409044,10.52142,5.56898,62819.565593699386,0.007018255272210228,-0.003020404069392857
SAF,1842-07-23,0.64470382548,10.7423,6.98134,92346.71645844493,0.05111538349621503,0.049974722594221976
SAF,1843-08-05,0.59424859988,9.94245,6.981339999999999,85119.56155695039,-0.028568260492345843,-0.03244182804597928
SAF,1844-08-04,0.66652633996,9.78854,6.98134,95472.5511090994,0.048260910518238775,0.042089303563698444
SAF,1845-08-17,0.61295292136,9.70239,6.894432008869672,88905.49947717773,-0.15621802371802695,-0.1544221007386214
SAF,1846-08-30,0.55821973584,9.30581,8.29851,67267.46558599074,-0.08925761643940522,-0.23817579243523312
SAF,1847-08-22,0.69171661572,9.79115,8.29851,83354.31489749365,0.17605815455416485,0.1745824005929817
SAF,1848-08-28,0.71954560392,9.75887,8.29851,86707.80705451942,0.02881933774099421,0.02848485788713817
SAF,1849-09-10,0.7649518255600001,9.70281,8.266597512707044,92535.2691218062,0.04977579124592402,0.05127701625779113
SAF,1850-09-09,0.7427382092,9.71302,8.29851,89502.59856287454,-0.04814664591250706,-0.05447812464712254
SAF,1851-09-22,0.86953262968,8.94342,8.554454644142734,101646.76368649311,0.07527598613641695,0.07783438784309915
SAF,1852-10-05,0.9020076847599999,9.57555,8.29851,108695.13741141482,0.0594261057872878,0.059053610597244344
SAF,1853-09-27,0.9069180431999999,9.8384,8.29851,109286.8530856744,-0.0034326190237836673,-0.004482911310257798
SAF,1854-10-03,0.94219564244,9.86192,15.88923,59297.7534115876,0.027172523759210643,-0.1711319988879222
SAF,1855-10-16,1.01367800508,9.7928,15.88923,63796.54678546412,0.06914599265699062,0.06314275259917856
SAF,1856-10-15,1.06777807812,9.72578,16.59591,64339.83301427882,0.06078691191453456,0.014936015009212822
SAF,1857-10-28,1.1611148145999999,9.84379,16.80825,69080.0538188092,0.055736208587036984,0.043718470500981654
SAF,1858-11-10,1.15300588988,9.84775,16.80825,68597.61663944788,-0.020328531291876173,-0.018032707619994537
SAF,1859-11-02,1.2647218947999999,9.76993,16.80825,75244.11493165558,0.09041421986636333,0.09045733847354454
SAF,1860-11-08,1.4022220300400001,9.93222,16.80825,83424.62957416745,0.08488896323137007,0.08707571063992159
SAF,1861-11-21,1.31160004976,10.04262,16.80825,78033.11170169411,-0.04428784465906044,-0.043155822676055666
SAF,1862-11-20,1.44892096596,10.1088,19.87388512274325,72905.77343138035,0.0765089157745682,-0.08959391501389535
SAF,1863-12-03,1.4769861553199999,9.95669,19.88978,74258.546616403,0.014866759858127576,0.016078168202061427
SAF,1864-12-16,1.5640338630800001,9.97463,20.240573970224656,77272.20904806389,0.03572039375023772,0.03556052921764663
SAF,1865-12-08,1.62643976872,10.01994,19.88978,81772.63744093702,0.03559641646178724,0.03586724344011505
SAF,1866-12-14,1.6999556834,9.92569,19.965791673844667,85143.41485526739,0.033350406798883014,0.0343756854492272
SAF,1867-12-27,1.75053828196,10.00781,19.88978,88011.94794311452,0.05054475970511807,0.046717540754660725
SAF,1868-12-26,1.9920953561599999,10.30847,19.88978,100156.73155560294,0.16865574916496495,0.1560055004484986
SAF,1870-01-08,2.1393137308399996,10.28761,19.88978,107558.44111096252,0.0672931693690142,0.06809847822151416
SAF,1871-01-21,2.10569878584,10.31006,19.941481105247178,105593.901211577,-0.007209800546730372,-0.0078119939344727385
SAF,1872-01-13,2.36539563936,10.43165,19.88978,118925.17862741569,0.09529046549912756,0.09210967811114479
SAF,1873-01-19,2.51484275068,10.32419,19.88978,126438.94254637307,0.03633429596687643,0.03793657379966331
SAF,1874-02-01,2.58470272736,10.41782,19.88978,129951.29797111884,0.00004425482722125729,0.0036711281137393748
SAF,1875-01-31,2.4860212884,10.2707,19.88978,124989.88366889932,0.00464418392752286,0.008296222713916057
SAF,1876-02-13,2.61985533316,10.08184,19.88978,131718.6682386633,0.04493644083600401,0.04692571996093853
SAF,1877-02-26,2.83301357248,10.29443,19.88978,142435.64144399788,0.04595261794776806,0.04745633648083358
SAF,1878-02-18,3.03481364888,10.14166,19.88978,152581.55941795235,0.05466171550619059,0.05313123621598259
SAF,1879-02-24,3.15479088392,10.19807,19.88978,158613.66409884876,0.03138973380375676,0.03171923834324186
SAF,1880-03-09,3.2539328385200004,10.58427,19.85828273939168,163857.71525275797,0.018988076557233224,0.01676473412859214
SAF,1881-03-08,3.26893518016,10.75986,19.88978,164352.50566672935,-0.007872140162991648,-0.006752842170297257
SAF,1882-03-21,3.56703805744,11.27851,19.60384944473689,181956.00142183577,0.09018443951174637,0.08787237687224625
SAF,1883-04-03,3.5149867318799997,10.70254,19.88978,176723.2584714361,-0.002241739207796023,0.00019223622555464281
SAF,1884-03-26,3.7561166968,10.73912,19.88978,188846.56827777886,0.07042333427821656,0.06973088265259175
D00,1871-07-15,4.291499683640001,10.33996,63.88524467427961,67175.13105757535,0.020000644398569634,0.022818264390446208
D00,1872-07-28,4.64603367592,10.58436,62.029149999999994,74900.81156875438,0.03826735423502314,0.03721094316922824
D00,1873-07-27,5.42252365408,10.5304,65.05931,83347.38954470928,0.10892291469410931,0.050799437021456395
D00,1874-08-09,5.81900477236,10.3497,65.05931,89441.53838028717,0.04381303741792464,0.046020003192521086
D00,1875-08-22,6.20383754484,10.38708,64.9882088128002,95460.9714311449,0.028668942016031318,0.026866545816911502
D00,1876-08-14,7.27458769076,10.33347,65.05931,111814.70708435119,0.1435149282227539,0.14107536388663044
D00,1877-08-20,7.9964643116800005,10.35463,79.70175,100329.84610350462,0.08680142616603104,-0.034030356740668344
D00,1878-09-02,8.47728106628,10.23995,82.992,102145.7618358396,0.04693179152126237,0.005728158740068823
D00,1879-09-01,8.594883206,10.40152,85.32294,100733.55660271435,0.011769103414114301,0.0019327492105039035
D00,1880-09-14,8.65505928612,10.47873,86.01853,100618.54447082506,0.009150028668310828,0.00784099868660082
D00,1881-09-27,8.90693610872,10.74847,89.01806,100057.62997665867,0.01932688666819682,-0.0031194768012036134
D00,1882-09-19,8.897805801559999,10.75156,91.02161,97754.87163498865,-0.009194485336461833,-0.032391461377578534
D00,1883-09-25,8.897370506960002,10.32933,95.03899,93618.10880944759,0.0018075233938603663,-0.02672175424523182
D00,1884-10-08,9.821490882840001,10.97448,95.03899,103341.70094652731,0.059413228960356834,0.060004865554533326
D00,1885-10-07,10.04669420664,11.03615,99.75922,100709.43023251384,0.032131430390181404,-0.014257530754754333
D00,1886-10-20,11.8473721418,10.89059,102.38105238864458,115718.40555835146,0.1515630431854058,0.12304710386362494
D00,1887-11-02,12.53237289096,11.09126,102.3325,122467.18189196981,0.04184687358750083,0.04193033353257403
D00,1888-10-25,10.96981036424,11.17437,105.51723,103962.2662975516,-0.1002924323552562,-0.11876036499489484
D00,1889-10-31,14.099460227840002,11.12861,107.64125,130985.6604957672,0.30062905726123934,0.27140261997779436
D00,1890-11-13,12.28424722408,11.65495,106.74224468348658,115083.27617154203,-0.13758546693714901,-0.13498307079216598
D00,1891-11-12,16.2402746818,11.6451,107.64124999999999,150874.08109623403,0.21884055671447888,0.2089872820351113
D00,1892-11-25,16.26767323376,11.83677,99.08045,164186.50938464652,-0.03502935578626187,0.056755187894299786
D00,1893-12-08,17.95634041708,12.22799,99.08045,181229.90375073993,0.05694889068256814,0.05644188337443845
D00,1894-11-30,18.566028374400002,12.34231,99.08045,187383.36749984484,0.02833916924475166,0.028785793481286293
D00,1895-12-06,19.480252885600002,12.62104,99.08045,196610.4603440941,0.03412441813253775,0.03392714900070093
D00,1896-12-19,20.137036997480003,12.83996,99.08045,203239.25655848355,0.023561214762610527,0.02367410146761051
D00,1897-12-18,21.899748559,13.02627,100.6111845371365,217667.13770193816,0.05386284797989327,0.055024960238848175
D00,1898-12-31,21.53725436408,13.17799,99.08045,217371.3821856885,-0.014540149772158895,-0.016788521363419684
D00,1900-01-13,23.449367589439998,13.34466,99.08045,236669.97464625968,0.0496795928055318,0.052501448326641276
D00,1901-01-05,24.09032230592,13.50269,99.08045,243139.00780547527,0.034041332824486625,0.03590281354236713
D00,1902-01-11,23.63743143892,13.60912,99.19489360988476,238292.8251516823,0.0011837164245209753,0.000919974009990332
D00,1903-01-24,25.629681000039998,13.75197,99.08045,258675.4601946196,0.08421852535751584,0.08249736581796485
D00,1904-01-23,27.707722228679998,13.9788,116.91177,236996.85864545545,0.05089202660161507,-0.10532490473318157
D00,1905-02-05,28.1075982824,13.93952,118.69692,236801.4122219852,-0.0052671761067857314,-0.020686864583352893
D00,1906-02-18,43.71119054068,12.67907,118.73828093673136,368130.56577744393,0.3774730274327911,0.32153171817601467
D00,1907-02-10,47.75026840064,12.95142,207.72169,229876.1790385973,0.061086955323410574,-0.3938504168174377
D00,1908-02-16,52.3984420206,13.24258,211.20496,248092.85738649318,0.06776810752358009,0.056530383648022875
D00,1909-03-01,54.7024212046,13.33848,214.58708,254919.4536996356,0.0076426986525579554,0.0017201450197863455
PON,1837-01-20,0.11708472412,8.07238,1.152,101636.04524305556,0.10201394436007227,0.10995418085302222
PON,1838-01-26,0.11850602452,7.93607,1.152,102869.8129513889,0.0009924689217013505,0.0006800549824474977
PON,1839-02-08,0.12067603392,7.7522,1.152,104753.50166666668,0.013226164967549803,0.012732934630219184
PON,1840-02-07,0.07208103552,7.28215,1.152,62570.343333333345,-0.4095712942448839,-0.4062453734359581
PON,1841-02-20,0.09628630752,7.30644,1.1467468599978525,83964.74486111112,0.31922688999947124,0.32124350193868056
PON,1842-03-05,0.09679703852,7.26788,1.152,84025.20704861112,0.003452263780450826,0.0038534331004507205
PON,1843-02-25,0.09583634164,7.28066,1.152,83191.26878472223,-0.010100187493409685,-0.01002244675146069
PON,1844-03-03,0.09734746268,7.41959,1.152,84503.00579861112,0.010232979986804391,0.010713297145714007
PON,1845-03-16,0.09920250236,7.28479,1.152,86113.28329861112,0.010628636951632409,0.008801647250636702
PON,1846-03-15,0.10138521172,7.18582,1.152,88007.99628472223,0.02857839893442815,0.03103243413222212
PON,1847-03-28,0.10283562171999999,6.93234,1.152,89267.03274305556,-0.0037097706032872546,-0.0023358172354513984
PON,1848-04-10,0.08378284616000001,5.99782,1.152,72728.16506944445,-0.19281359968541467,-0.19037029390087323
PON,1849-04-02,0.08386112695999999,5.97927,1.152,72796.11715277778,0.007067311309163715,0.008595981662459451
PON,1850-04-08,0.08396863904,5.82702,1.152,72889.44361111111,-0.0007390955681901845,-0.0007989355204646165
PON,1851-04-21,0.07131618052,5.65925,1.152,61906.406701388885,-0.022224732882416887,-0.017824540724918014
PON,1852-04-20,0.0527404384,4.31508,1.2515544854937735,42139.945972222224,-0.22050424214150544,-0.21774726566937896
PON,1853-05-03,0.07036287231999999,5.27139,1.13547,61968.05932345196,0.08210148080182211,0.053219045485177086
PON,1854-05-16,0.06966638068,5.00052,1.1416653589195362,61021.71720961365,-0.007106993393962147,-0.006754779736316552
PON,1855-05-08,0.0794519206,5.75082,1.13547,69972.71667239117,0.14543314468165391,0.14568961014456216
PON,1856-05-14,0.08134806108,5.62357,1.1304358583461125,71961.67786026932,0.03559937833723614,0.037606762982981934
PON,1857-05-27,0.08124218284,5.6894,1.13547,71549.38733740214,0.002397839015513714,0.002470711678346893
PON,1858-05-26,0.11113290864,6.53195,1.13547,97873.92765991176,0.22729647780717,0.23941073906617705
PON,1859-06-08,0.09761316031999999,6.76721,1.13547,85967.18567641593,-0.01101881753577627,-0.011078189213071576
PON,1860-06-21,0.1253104138,6.86948,1.127015344616024,111187.850634539,0.15017392337147406,0.15164097918336816
PON,1861-06-13,0.1981096078,7.63413,1.13547,174473.66095097185,0.5387095064735088,0.5293249907478392
PON,1862-06-19,0.22514836188,7.31476,1.13547,198286.4909508838,0.12335052768643218,0.12253061553259426
PON,1863-07-02,0.2531755772,7.30017,1.13547,222969.85142716233,0.07133682579891865,0.07340191243844019
PON,1864-07-01,0.24394462508,7.32551,1.13547,214840.2204197381,-0.019361844490028868,-0.020815844891163504
PON,1865-07-14,0.24634889656,7.54722,1.13547,216957.6444644068,0.010716899991190187,0.01463485665445563
PON,1866-07-27,0.2595419606,7.46547,1.13547,228576.6780276009,0.0389797811607262,0.038874864737363346
PON,1867-07-19,0.25320381008,7.73732,1.13547,222994.71591499556,-0.015052099606685854,-0.014485881039556503
PON,1868-07-25,0.2599365054,8.17815,1.13547,228924.1507041137,0.01800104556925275,0.017344501428103953
PON,1869-08-07,0.25819974856,8.38108,1.13547,227394.60184769303,-0.018953864946374188,-0.019221861104715132
PON,1870-08-06,0.30461923388,8.16533,1.13547,268275.89798057196,0.10021930624122177,0.10402778372046884
PON,1871-08-19,0.17809072735999998,8.2102,1.0740754155872567,165808.40113785482,-0.35633155754227686,-0.3590521086736923
PON,1872-09-01,0.16207611056000001,7.67127,1.13547,142739.22742124408,-0.027583868487611296,-0.027670209780481403
PON,1873-08-24,0.29764539168,7.68117,1.13547,262134.0869243573,0.8534938847631246,0.851960533118532
PON,1874-08-30,0.31622981416,7.4838,1.13547,278501.2498436771,0.04246770797851385,0.041622633904938366
PON,1875-09-12,0.25572782924,7.32205,1.2377727747749836,206603.210582402,-0.13844044842817627,-0.13689114413322345
PON,1876-09-11,0.1760735886,8.22386,1.13547,155066.70242278528,0.008473262709453921,0.11421125132531529
PON,1877-09-24,0.20212292567999998,9.80515,1.13547,178008.16021559353,0.1495686583786453,0.1492922796064451
PON,1878-10-07,0.22042582796,11.36246,1.13547,194127.39038459846,0.04482436745719376,0.028524392082835304
PON,1879-09-29,0.22836010184,11.41181,1.13547,201115.0464917611,0.018064219730488107,0.01770278934542424
PON,1880-10-05,0.23979391852,11.48184,1.13547,211184.7239645257,0.05286998343796934,0.054866852670054866
PON,1881-10-18,0.25185462952,11.52048,1.13547,221806.50261125347,0.028618815386572738,0.028543296974677057
PON,1882-10-17,0.21883432688,10.08302,1.1352873198358897,192756.7788845148,-0.12247468286135321,-0.11884967306353311
PON,1883-10-30,0.16966721616000002,10.41886,1.13547,149424.65777167166,-0.16333529384907164,-0.1693499682768943
PON,1884-11-12,0.2272730304,9.34079,1.13547,200157.6707442733,0.3646259556362281,0.3403069933240044
PON,1885-11-04,0.21985698332,9.41126,1.13547,193626.4131328877,-0.04002573838010204,-0.0400921204338035
PON,1886-11-10,0.21187676379999998,9.96745,1.0909474065974498,194213.5455097889,-0.025650084002816764,-0.017310009540938087
PON,1887-11-23,0.1977829542,10.69027,1.13547,174185.97955031839,-0.027349584411269556,-0.02637408030595434
PON,1888-11-22,0.20970007084,10.71889,1.155541533200705,181473.41728094974,0.01931049944721508,0.013694129354643314
PON,1889-12-05,0.21778181308,11.10305,1.13547,191798.82610725073,-0.0025816414657293674,-0.006308084222240384
PON,1890-12-18,0.1344057884,9.94862,1.1538998496239734,116479.59607915663,-0.35473186371160936,-0.3557359233078137
PON,1891-12-10,0.13404330471999998,9.58594,1.13547,118050.94341550194,0.011468338057905703,0.011947823798150958
PON,1892-12-16,0.12222252536,9.5566,1.13547,107640.47078302377,-0.10317247242540739,-0.1037898658193167
PON,1893-12-29,0.20811302875999999,9.71597,1.13547,183283.59953147155,0.09384115564079698,0.08843012919325544
PON,1894-12-28,0.20991991384,9.67716,1.13547,184874.90980827322,0.030794020793035504,0.04034998312865046
PON,1896-01-10,0.20471770384000001,10.06042,1.13547,180293.36207913904,-0.03236682574555705,-0.03112021180152269
PON,1897-01-23,0.20013338852,10.1558,1.13547,176255.9896078276,0.006777140974612683,0.011902056695661356
PON,1898-01-15,0.1978525354,10.30092,1.13547,174247.25919663222,-0.040871442234945654,-0.04243055676492136
PON,1899-01-21,0.2069476084,10.46995,1.13547,182257.2224717518,0.031737834096148276,0.03135693553018193
PON,1900-02-03,0.21007593048,10.47642,1.13547,185012.3125049539,0.02745981670712916,0.029771790610444437
PON,1901-02-02,0.21946304744,10.40948,1.13547,193279.47672769867,0.04616884876787042,0.04531125339809394
PON,1902-02-15,0.22424119172,10.52745,1.13547,197487.5529252204,0.058461665521669204,0.05858427902004926
PON,1903-02-28,0.22797704800000002,10.61809,1.13547,200777.6938184188,-0.04223152957772314,-0.04005675080576665
PON,1904-02-20,0.21362088331999998,10.63265,1.13547,188134.32615568882,-0.02738064246953653,-0.025471190922654596
PON,1905-02-26,0.227925373,10.84361,1.13547,200732.1840295208,0.07700598236223666,0.07626695503475345
TUA,1887-05-25,0.2808027586,7.60197,8.48493,33094.292893400416,0,0
TUA,1888-05-31,0.23231537419999998,8.6572,8.54661,27182.16628581391,-0.00836184730636036,-0.013578470173559953
TUA,1889-06-06,0.4039535136,8.80318,8.76834,46069.554054701344,0.6638166843801476,0.6438009555748212
TUA,1890-06-12,0.22530545128,9.39625,8.84193,25481.47873597733,-0.4379028610600466,-0.44133387417542747
TUA,1891-06-18,0.22347611988000002,9.28299,8.91315,25072.63087460662,-0.004476746256362296,-0.010532797352729162
TUA,1892-06-24,0.23800020712,9.40375,8.98716,26482.248799398254,0.060982933622030666,0.05421017829831154
TUA,1893-06-30,0.22321082732,9.46412,9.06178,24632.117235245172,-0.06309615083545628,-0.06868360795868056
TUA,1894-07-06,0.24845961348,9.92586,9.13774,27190.48840085185,-0.06137949472603266,-0.06723893417989069
TUA,1895-07-12,0.41748360732,9.86014,9.21741,45292.94100186495,0.08692478203238507,0.07953208867383843
TUA,1896-07-18,0.25734979972,9.39792,9.28999,27701.838184971137,-0.37720955633887077,-0.38067750038468395
TUA,1897-07-24,0.2486244826,9.2556,9.35575,26574.51114020789,-0.020356148003695673,-0.025643916040385184
TUA,1898-07-30,0.25856524252,10.2743,9.41449,27464.60429826788,-0.3189955413405915,-0.32210958979223636
TUA,1899-08-05,0.2636407904,10.20615,9.49828,27756.68756869665,-0.005063356840069755,-0.01136043193265468
TUA,1900-08-11,0.30372136132000005,9.85198,9.57188,31730.58597892995,0.1164282468292408,0.10979322056828167
TUA,1901-08-17,0.30681034852,10.32166,9.65364,31781.830327213363,-0.00007086981679205184,-0.0062407764647071096
TUA,1902-08-23,0.31489187912,9.54164,9.72496,32379.76085454336,0.017788455694299543,0.012089271609987406
TUA,1903-08-29,0.30064710155999996,9.32513,9.79066,30707.541836811815,-0.027600720253346256,-0.03265857038389253
TUA,1904-09-04,0.30228190148,9.26501,9.85708,30666.475414625835,0.006337161853136042,0.0014038446074360333
TUA,1905-09-10,0.31057162188,9.26233,9.91667,31318.136217097068,0.008189887289000497,0.0035658527230517656
TUA,1906-09-16,0.30839631731999995,9.50539,9.97012,30932.056717471805,-0.046299088443996106,-0.05041720910889469
TUA,1907-09-22,0.3114928414,9.47224,10.03652,31035.940883892024,0.007696173678265028,0.0029436975318430925
TUA,1908-09-28,0.33029755928,9.40593,10.0958,32716.33345351532,0.009689410126534792,0.005065666782090528
TUA,1909-09-27,0.34936991336,10.07345,10.1618,34380.71142514122,0.08435108906164945,0.07870332482766296
POR,1837-01-20,3.59750582984,8.77584,61.95811505953074,58063.513171493934,0,0
POR,1838-02-02,3.47862314748,9.00449,61.20718,56833.5797774052,-0.025992826676996317,-0.02543386009223969
POR,1839-02-01,3.5305241088,8.79612,61.20718,57681.53521858057,0.01947291829126252,0.01683627164890611
POR,1840-02-14,3.8445740548800003,8.77954,61.20718,62812.46832283402,0.08148107837816299,0.07915256563052453
POR,1841-02-27,4.16786623552,8.76182,61.08839231162043,68226.81163811173,0.051871423861940436,0.05058092393801705
POR,1842-02-19,4.3222717044,8.83216,61.20718000000001,70617.06983396392,0.03161116259370922,0.031175774322862004
POR,1843-02-25,4.35577860484,8.67028,61.20718,71164.50398204917,0.012931686306942858,0.012802075778759914
POR,1844-03-10,4.23267299936,8.84588,61.20718,69153.21044622542,-0.015061253334156532,-0.016158895231548787
POR,1845-03-09,4.37028483944,8.94212,61.20718,71401.50615401658,0.004854193016367914,0.004702290822754751
POR,1846-03-22,4.02634957816,8.95299,61.20718,65782.30818933334,-0.035869568897652804,-0.04574180312438303
POR,1847-04-04,4.4092979528,9.19614,61.20718,72038.90054728874,0.11442855509109129,0.11446075683963453
POR,1848-03-27,4.48906100708,9.43209,61.207179999999994,73342.06554002325,0.010931222904177584,0.009683016303662306
POR,1849-04-02,4.65385424764,9.36081,61.20718000000001,76034.4496779626,0.008641932070048153,0.008539445256751987
POR,1850-04-15,4.92943535188,9.43658,61.20718,80536.88067118922,0.04088916083048155,0.04247797513225193
POR,1851-04-14,4.99885764248,9.61465,61.207179999999994,81671.09875802153,0.018755836433222095,0.019377515796386913
POR,1852-04-27,5.29677774444,9.73478,60.174721954309454,88023.30235047587,0.04516522974259973,0.04150216009093399
POR,1853-05-10,5.5063571185999995,9.57358,61.20718,89962.60109679942,0.03122211495227334,0.0291259427636823
POR,1854-05-02,5.70743875624,9.46644,61.20718,93247.86334283004,0.022836149321273647,0.022107865338401034
POR,1855-05-08,5.88578532984,9.46389,61.20718,96161.68119230456,0.040100748843135525,0.04027773798705203
POR,1856-05-21,6.0921141892,9.47746,62.01714884368046,98232.73566728609,0.027337322797092556,0.025905574669109033
POR,1857-05-20,5.608879620760001,9.40544,61.20718,91637.60886810992,-0.07118667437396464,-0.07540984873944245
POR,1858-06-02,5.40031995048,9.09769,61.20718,88230.17087995232,0.009914538469354639,0.010944055820316656
POR,1859-06-15,5.24102816172,9.29344,61.207179999999994,85627.66920024743,-0.006673369594681344,-0.004485318890325107
POR,1860-06-07,5.58420692388,9.3653,61.20718,91234.5075182356,0.03313432579481024,0.03445234897056082
POR,1861-06-13,5.84484789616,9.37522,78.9219,74058.63133249454,0.05519977711660995,0.024263332540029214
POR,1862-06-26,6.13681165344,9.43439,78.9219,77758.03235147659,0.027949513056692243,0.028493898652716565
POR,1863-06-25,5.9882787853199995,9.21632,81.00103310694341,73928.42480680268,-0.03688603624149012,-0.039839623562439974
POR,1864-07-08,6.3749796645600005,9.25002,78.9219,80775.80069106295,0.04508547171488009,0.045232088163854156
POR,1865-07-21,6.81386388384,9.37091,78.9219,86336.7947786356,0.04423831330521222,0.039566204122930104
POR,1866-07-13,6.7411645704,9.39824,78.9219,85415.63964374908,-0.0045756174088114054,-0.004717574251409062
POR,1867-07-19,6.908887289200001,9.60963,78.7079729640882,87778.74755270718,0.034824238374982386,0.03373597676944451
POR,1868-08-01,7.44392398984,9.74047,78.9219,94320.13154574332,0.06943217165143634,0.06982007950599445
POR,1869-07-31,8.26988962748,9.7301,78.9219,104785.73916086664,0.07736595517637501,0.07317651025334215
POR,1870-08-13,8.70922481728,9.70335,78.9219,110352.4473850731,0.04262197976220117,0.04396085384529158
POR,1871-08-26,8.9191093004,9.91691,79.06138751403562,112812.45600219966,0.03211751887186787,0.03255816887798857
POR,1872-08-18,9.352158740599998,9.93548,78.9219,118498.90512772754,0.021491013489594257,0.021031901908352246
POR,1873-08-24,10.22183760416,10.51111,88.04772,116094.29073416097,0.06788206158469068,-0.04412105276194023
POR,1874-09-06,10.1770319014,10.57005,88.04772,115585.41097259532,-0.009567714872515176,-0.010303648976363156
POR,1875-09-05,10.60064151848,10.734,88.04772,120396.54767301185,0.04802605781467406,0.047933338011445725
POR,1876-09-18,10.655888288760002,10.6956,88.04772,121024.0116241511,-0.03798804048711457,-0.03201878818172954
POR,1877-10-01,12.959767842320002,10.97907,94.36867000000001,137331.25456065027,0.15489446311429322,0.13079607083100386
POR,1878-09-23,13.037611445040001,10.9785,95.46479,136569.84365691268,0.011316322161935677,0.005049443054604419
POR,1879-09-29,13.9087170508,11.22,97.59495999999999,142514.70619794301,0.06142227212955653,0.04609709929295036
POR,1880-10-12,14.20492351148,11.35404,97.59496,145549.7651874646,0.02381529747928357,0.024583520731592312
POR,1881-10-11,15.409968110160001,11.46893,102.84807,149832.35086628265,0.06866675801642663,0.0162974852308162
POR,1882-10-24,15.8906460232,11.44445,103.94116169863813,152881.16626281853,0.014267911566819613,0.02415599162979931
POR,1883-11-06,16.63686175684,11.48587,102.84807000000002,161761.53579585886,0.04187580838457983,0.04237028508371421
POR,1884-10-29,17.18543576204,11.58978,102.84807,167095.36466790285,0.02099691901218792,0.021386573125117048
POR,1885-11-04,18.012127965,11.47628,102.84807,175133.35899254112,0.04533359628870692,0.04253464839792431
POR,1886-11-17,19.07411734904,11.3921,116.76127519198029,163359.96089181202,0.02606029481885086,-0.04605786029908232
POR,1887-11-16,19.31878819052,11.48449,116.25903,166170.21654593197,0.01858870039981486,0.01948979652390248
POR,1888-11-29,19.75318510932,11.53577,121.10408868332897,163109.15117797503,0.005996901473344751,-0.009915040464310798
POR,1889-12-12,19.994312714480003,11.5207,124.78494000000002,160230.17452650936,0.0014409676590245724,-0.036676735463435195
POR,1890-12-04,21.47922348364,11.82789,127.37338,168631.9659856714,0.05175229842005158,0.02932134931936159
POR,1891-12-10,22.23271337924,11.74789,131.72922,168775.8674896883,0.015132230314945927,-0.019042408712502734
POR,1892-12-23,22.412307734960002,11.64139,133.37817,168035.8017729588,0.0028778727314326957,-0.003246707159551443
POR,1893-12-22,22.148628000720002,11.45961,140.39469,157759.72724267564,-0.011140768113772404,-0.04867502707571614
POR,1895-01-04,23.5571853322,11.27095,143.63856,164003.21287125125,0.052422413044593386,0.03603865349721724
ORA,1908-11-16,0.32380609092,9.86665,4.18349,77400.94775414786,0,0
USA,1837-01-13,17.647086552159998,10.85375,160.11587639310582,110214.47060523873,0,0
USA,1838-01-26,17.535063165879997,10.91966,163.06712,107532.79487538627,0.0012415992622993866,-0.006166207128040169
USA,1839-01-25,17.42110435728,10.96921,169.70747,102653.72736556617,-0.005825691993263771,-0.01584947031364259
USA,1840-02-07,18.262821815680002,11.01023,169.70747,107613.54120522803,0.04533659590612671,0.047231489875120936
USA,1841-02-20,18.90265247416,10.69648,177.72764984587207,106357.40972523211,0.042150308123944935,0.009704112203587023
USA,1842-02-12,19.70309870672,10.69966,179.77314,109599.79175265002,0.03149645811154711,0.019652781335984804
USA,1843-02-18,19.577890841600002,10.77141,189.55102,103285.60005427564,0.007914058693979653,-0.039647763438881545
USA,1844-03-03,21.349947567,10.6907,195.00344,109484.97917267511,0.0879992531815359,0.06959703469254097
USA,1845-03-02,22.48668402552,10.73301,200.09035,112382.65126489109,0.06805705904652792,0.0461892544056981
USA,1846-03-15,22.695175398480004,11.00395,205.12512,110640.64410287731,-0.0054255473950435285,-0.031168238541726123
USA,1847-03-28,23.132387307640002,10.9598,212.17847,109023.25437467807,0.02551247694520331,0.009149077905709735
USA,1848-03-20,23.41414277852,11.03006,215.13057,108836.89276944695,0.019325604271175356,0.008564147262630772
USA,1849-03-26,25.05259480048,11.02878,221.36901,113171.19230230103,0.04556190100315827,0.012593332134555935
USA,1850-04-08,24.63170393684,11.01719,227.24704,108391.74819104355,0.02436743858716528,0.00663058229306257
USA,1851-04-07,25.86548032744,11.08472,235.87037,109659.72677042903,0.03511134058883014,0.006254564515015604
USA,1852-04-20,27.88967788724,11.09134,243.5317040241385,114521.75394984966,0.02048883904768295,0.022842273360935916
SGU,1837-01-13,0.09313000944,8.13951,2.22652,41827.60965093509,0,0
SGU,1838-01-19,0.07024892732,9.43708,2.26043,31077.683148781427,-0.1808691869486697,-0.19036296946951514
SGU,1839-01-25,0.07038339204,10.04814,2.29726,30637.973951577096,0.002725025563494743,-0.00959592059757075
SGU,1840-01-31,0.07160052328,10.12926,2.33847,30618.534032936062,0.017103387072931353,0.003727973602071444
SGU,1841-02-06,0.07145431748,10.23093,2.37976,30025.85028742394,-0.006159014264468077,-0.01927499787988418
SGU,1842-02-12,0.07145053136,10.30453,2.42295,29489.065544068177,0.014545641002938314,0.001004954604072017
SGU,1843-02-18,0.08079094556,10.27008,2.46534,32770.71136638354,0.05144307173685658,0.037740803475042384
SGU,1844-02-24,0.1124723938,8.77752,2.49457,45086.88623690656,0.13826947519876165,0.12838956453788386
SGU,1845-03-02,0.10735606024000001,8.64062,2.52264,42557.027653569276,-0.03618897585846681,-0.044038331599765335
SGU,1846-03-08,0.11137266868000001,9.27817,2.5535,43615.69167025651,0.03782795414519047,0.028231718719561982
SGU,1847-03-14,0.10963552392,9.2994,2.58751,42371.05322105036,-0.0030910426499611843,-0.013105281904002175
SGU,1848-03-20,0.10882382732,9.80222,2.63073,41366.39918197611,-0.006490636237462488,-0.018769744245343056
SGU,1849-03-26,0.10830612208,9.85207,2.67668,40462.85774915193,-0.0029194487826322835,-0.01590530369687293
SGU,1850-04-01,0.11227055528,9.78848,2.72276,41234.09895840985,0.1056514914715565,0.09174606412018638
SGU,1851-04-07,0.11351801916,9.89779,2.77299,40937.04599006848,0.0017473223960724482,-0.011959485019288119
SGU,1852-04-13,0.11443904316,10.25373,2.82705,40480.020926407386,0.007672186512659662,-0.007092008009481732
SGU,1853-04-19,0.11159139576,10.08882,2.88489,38681.33473373335,-0.011455996910317068,-0.026058144554151674
SGU,1854-04-25,0.13764914384000002,9.88665,2.94156,46794.606888861694,0.060979911118925534,0.045345710560513286
SGU,1855-05-01,0.12952075448,9.69498,2.9936299999999996,43265.45180266099,-0.10014599771186528,-0.11214483744598835
SGU,1856-05-07,0.12977061656,9.70212,3.0523899999999995,42514.42854943176,0.001776918341452216,-0.012441260399788878
SGU,1857-05-13,0.12497806828000001,9.00841,3.0971400000000004,40352.734548648106,-0.032437342637989364,-0.043029341333129634
SGU,1858-05-19,0.12776527972,8.14082,3.12962,40824.53451856775,0.009222532107269643,0.0014410437221268335
SGU,1859-05-25,0.15540113108,7.56506,3.15429,49266.595994661235,0.11326982234081706,0.10695259064781104
SGU,1860-05-31,0.17335385808,6.5283,3.1673,54732.37712878477,0.029084351014229792,0.025815639525585743
SGU,1861-06-06,0.15914095912,7.23659,3.18757,49925.47900751984,-0.08102465700234396,-0.0854921088053785
SGU,1862-06-12,0.15986802416,8.33701,3.22224,49613.940662396344,0.0007260314056698469,-0.007528123647870699
SGU,1863-06-18,0.16039923848,8.54734,3.26569,49116.49252684731,0.0027414210583187604,-0.0075502653212322635
SGU,1864-06-24,0.15974951303999999,9.86609,3.31874,48135.59153172589,0.00041318447593430285,-0.011379665246927462
SGU,1865-06-30,0.16168502896,9.57168,3.37736,47873.19946940806,0.015084203239078331,0.00163211404506991
SGU,1866-07-06,0.16269493968,9.83195,3.43539,47358.50651017789,0.009900393842526167,-0.0032063328457578866
SGU,1867-07-12,0.18170076027999998,9.79128,3.50115,51897.45091755566,0.09637844570016152,0.08108547976437275
SGU,1868-07-18,0.17659593848000002,9.66975,3.55778,49636.55382851104,-0.1295062253912871,-0.13993534564165133
SGU,1869-07-24,0.16786736148,10.15521,3.61845,46392.063308875346,0.03640485420356132,0.023110183723358046
SGU,1870-07-30,0.16899675364,10.17939,3.68214,45896.34116030352,0.0036107450326028356,-0.009372727621890009
SGU,1871-08-05,0.16713643648,9.87817,3.74506,44628.507014573865,-0.011885191475186407,-0.024634874455252698
SGU,1872-08-11,0.17233518067999998,9.93639,3.8080899999999995,45255.01778581914,0.02998609362142779,0.017360545996605303
SGU,1873-08-17,0.17111969212,9.94813,3.8709899999999995,44205.666281752216,-0.007573919993154377,-0.01980912814503477
SGU,1874-08-23,0.16887396395999998,9.95838,3.9339700000000004,42927.11026266087,-0.014147073971064295,-0.02635350955261828
SGU,1875-08-29,0.16940888692,9.97785,4.00183,42332.85444908954,0.002284018865366333,-0.010277000655723012
SGU,1876-09-04,0.17076696624,9.99643,4.06935,41964.187459913745,0.007399067409034288,-0.005334681846045353
SGU,1877-09-10,0.17052689888,10.0216,4.13767,41213.26709959953,0.0013053772608127012,-0.01137383320082419
SGU,1878-09-16,0.19394985532,9.33007,4.20422,46132.18511876162,0.14170697266191445,0.12812332460310216
SGU,1879-09-22,0.18069870676,10.10952,4.27447,42273.94431590349,0.05365476563113725,0.04031625604924027
SGU,1880-09-28,0.18450090152,10.08624,4.34676,42445.615014401534,0.024477316240119507,0.01149378036190285
SGU,1881-10-04,0.18085164916,10.35544,4.42354,40883.918572003415,-0.012443871447301191,-0.025271706688484108
SGU,1882-10-10,0.1831718772,10.37685,4.50415,40667.35725941631,0.006447916283644606,-0.007232926276576568
SGU,1883-10-16,0.18626179988,10.43597,4.58821,40595.744283718486,0.005538564375562327,-0.008163259080780194
SGU,1884-10-22,0.21557688204,9.63557,4.67025,46159.602171189974,0.15548044723864374,0.140268810179645
SGU,1885-10-28,0.19930498848,9.79964,4.75347,41928.31520552354,-0.07760496642849635,-0.09017563182083244
SGU,1886-11-03,0.1994528562,10.40617,4.84256,41187.48269510342,-0.0006753061746528344,-0.014264150435388312
SGU,1887-11-09,0.19167821296,10.35254,4.93762,38819.96041817718,-0.03793567391050423,-0.05195620585914207
SGU,1888-11-15,0.1948108422,10.13354,5.02445,38772.57056991313,0.013508445525435286,0.0000633387154409526
SGU,1889-11-21,0.22937979636,9.485,5.10465,44935.46009226881,0.17428373209747727,0.16054913183866448
SGU,1890-11-27,0.21393449792,10.10929,5.18889,41229.337665666455,-0.04303400702922744,-0.05509392809120783
SGU,1891-12-03,0.21690566456000002,10.04026,5.27452,41123.29928789729,0.009409095215124674,-0.0030309050293118034
SGU,1892-12-09,0.26139733256000003,9.27114,5.35837,48782.994186664975,0.08531522706837902,0.07238222245564052
SGU,1893-12-15,0.2409429412,10.08839,5.43275,44350.088113754544,-0.11706253783957354,-0.12626286525654928
SGU,1894-12-21,0.24398471552,10.01631,5.51923,44206.296081156244,0.008107253902339684,-0.0036259454875737784
SGU,1895-12-27,0.22234096664,9.27433,5.59823,39716.297229660086,-0.0847162341685661,-0.09459548746966695
SGU,1897-01-02,0.2217926412,9.13773,5.664899999999999,39152.084096806655,-0.008264845752337435,-0.01729173979301446
SGU,1898-01-08,0.22058591204,8.91867,5.73213,38482.363805426605,-0.010439793077813508,-0.01902627452374306
SGU,1899-01-14,0.22808214000000002,9.31438,5.79955,39327.558172616846,0.028790985914143086,0.0197488094105569
SGU,1900-01-20,0.24113773944,8.95865,5.864860000000001,41115.68553043039,0.04529962037717761,0.036446032307160925
SGU,1901-01-26,0.2426044504,9.82004,5.937,40863.13801583291,-0.0378860395171734,-0.0464589827186892
SGU,1902-02-01,0.26118096056,9.77967,6.021010000000001,43378.26387267252,0.07203948791381265,0.060609291803901844
SGU,1903-02-07,0.26063269752,9.95057,6.10831,42668.54457615936,-0.006654775621938613,-0.01711950434662557
SGU,1904-02-13,0.26696779356,9.89545,6.19469,43096.23137880992,0.018645029764399634,0.007814825425506156
SGU,1905-02-19,0.31701250672000003,9.12055,5.98107,53002.64111939837,0.13109238790376332,0.17471190787609858
SGU,1906-02-25,0.28132243984,9.24591,6.33156,44431.773502896605,-0.04513171434237573,-0.0607180423466277
SGU,1907-03-03,0.28893801352,9.205,6.40198,45132.60171384478,0.014816474980631877,0.006300944906004302
SGU,1908-03-09,0.2915822936,8.88238,6.46558,45097.62366253298,0.0008926389297294612,-0.006673853638570759
SGU,1909-03-15,0.31877118728000003,8.05275,6.52741,48835.784373894094,0.08735489532530805,0.07964785909628636
RUS,1888-04-12,72.58291551732,8.6173,974.19346,74505.64851597341,-0.007626895090344865,-0.01336328717081181
RUS,1889-04-25,74.14185649935999,8.6033,980.2986494316857,75631.90721760424,0.01711616041169517,0.015094418257770581
RUS,1890-04-24,74.08458508516,8.69372,978.0570900000001,75746.68783921396,0.0069452472357629524,0.009215941720684295
RUS,1891-05-07,81.5776437372,8.76932,978.05709,83407.85478810854,0.05472574158914689,0.05317393462206388
RUS,1892-05-20,81.96944713776,8.69368,978.0570899999999,83808.44837775268,-0.006120536603279381,-0.00589530619226819
RUS,1893-05-12,84.32159963656,8.70589,978.05709,86213.37189688998,0.02246331064589069,0.02261400580684292
RUS,1894-05-18,85.94271330528,8.63292,978.05709,87870.85558091501,0.0066977319248304745,0.006783064175738929
RUS,1895-05-31,89.06652049048,8.66684,978.05709,91064.74601649276,0.02328956483051181,0.02361632390473356
RUS,1896-05-30,90.89666112124,8.14647,985.3331170021411,92249.67633057084,0.014149419104381167,0.012998578603752753
RUS,1897-06-12,101.66290999436,8.44874,1052.35609,96605.04743632927,0.06653436844700722,0.0021747444515571868
RUS,1898-06-25,105.25220579848,8.69116,1052.35609,100015.77108607792,0.04468798253815054,0.050366513514755296
DAI,1865-06-02,3.04771471992,7.25703,69.07227,44123.56391240653,-0.0032084444672441093,-0.005883740781821745
DAI,1866-06-15,3.1888606568,7.44055,70.28910487217466,45367.78015026869,0.004113862915855471,0.002457254219110805
DAI,1867-06-14,3.23780832804,7.25702,70.23619,46098.86054525452,0.030104370054262253,0.029060236636558434
DAI,1868-06-27,3.32997854592,7.31825,70.23619,47411.150091142474,0.008347938335387939,0.011652829477224236
DAI,1869-07-10,3.31261201544,7.21163,70.23619,47163.89108577787,-0.00821251262170053,-0.009272458599100197
DAI,1870-07-02,3.41697382104,7.32875,71.33169,47902.60571479521,0.038809813993035513,0.022619581118261678
DAI,1871-07-08,3.6937185339600003,7.32284,71.33169,51782.29387191023,0.09684711494822751,0.09419082664099387
DAI,1872-07-21,3.7552370102,7.43041,72.05254,52118.03789568002,-0.004436238246973034,-0.0037537398228113528
DAI,1873-07-20,3.73909082404,8.1109,76.14596080505066,49104.2569363967,-0.05046925286753057,-0.05060056102276056
BOL,1855-10-23,2.1777195585599998,9.68985,19.81821,109884.77559577781,0.04196213335167087,0.03803528937620326
BOL,1856-11-05,2.3584961587200004,9.83912,19.924467071595643,118371.85658442411,0.041714915752549375,0.04332864710876061
BOL,1857-11-04,2.4341650106799997,9.91665,25.43444,95703.5032294794,0.021406965063516692,-0.13403670367980192
BOL,1858-11-17,2.6050794302,9.9381,25.43444,102423.30596624105,0.05307170428338637,0.05023253659465343
BOL,1859-11-30,2.72135161636,9.77437,25.43444,106994.75264090736,0.023212316727100557,0.02413930258082564
BOL,1860-11-22,3.0579379547600003,9.68331,31.03975,98516.83582374213,0.09676093684122855,-0.10163101024479138
BOL,1861-11-28,3.2474951366,9.85688,31.039750000000005,104623.75298125789,0.031181601399947745,0.030959153400798467
BOL,1862-12-11,3.34268814464,10.02943,31.03975,107690.5627345581,0.016857349356457663,0.016432548300522765
BOL,1863-12-10,3.56752020456,9.9946,32.82718052906833,108675.80301028216,0.04401992754970241,0.004919872395410696
BOL,1864-12-23,3.95280834676,9.87849,32.23153,122637.93703742888,0.10088292155274381,0.09667435446235939
BOL,1866-01-05,4.3226664832,10.29238,32.99416,131013.07877515293,0.05742298687868019,0.03636088255803527
BOL,1866-12-28,4.830389998719999,10.39997,33.64475,143570.39355976784,0.09837890498550261,0.07764058704647092
BOL,1868-01-03,5.09848000168,10.54248,33.68756811296436,151346.0391258666,0.03943513658256714,0.0390043189491156
BOL,1869-01-16,5.06793351428,10.90985,34.32306,147653.89549416633,0.016575279487864414,0.0029548764660956017
KFA,1837-01-13,0.16284088964,5.53185,4.50779,36124.329136894135,0,0
KFA,1838-01-19,0.17347604560000002,6.4102,4.50811,38480.88125622489,0.12323543105979873,0.12317058406912307
KFA,1839-01-25,0.17228555604,6.39382,4.51003,38200.53437338554,-0.007071160856623848,-0.007300666337107353
KFA,1840-01-31,0.1785342078,6.40488,4.52223,39479.24094970844,0.00030198174121220944,-0.0016739267812103664
KFA,1841-02-06,0.1798575532,6.42998,4.53388,39669.67656841381,0.0020291395085882957,0.00012111765143618669
KFA,1842-02-12,0.1993956224,4.90855,4.52167,44097.782987259125,0.078497679040898,0.0810545685841555
KFA,1843-02-18,0.18328688664,5.74084,4.51523,40593.03438363052,-0.03790057183172979,-0.036987574077317675
KFA,1844-02-24,0.1855853376,6.45372,4.51676,41088.15558054889,0.011804242829492662,0.01155836234443619
KFA,1845-03-02,0.18251453324,6.42253,4.50151,40545.18000404309,-0.017011511396187395,-0.014002741418898568
KFA,1846-03-08,0.18458864736,5.69818,4.48184,41185.90743087661,-0.06138793276543797,-0.057920879622702426
KFA,1847-03-14,0.17824104428,5.69725,4.46873,39886.28632295977,-0.033122130195380683,-0.031002221867402424
KFA,1848-03-20,0.18388864000000002,5.82903,4.45803,41248.856557717205,0.03277410718454399,0.03473702439382831
KFA,1849-03-26,0.18181205016000002,5.83591,4.4471,40883.28352409436,-0.0032870536742017897,-0.0015247906840792913
KFA,1850-04-01,0.17684879524,5.87613,4.43779,39850.64530768694,-0.023370302520156927,-0.021840177075583278
KFA,1851-04-07,0.17705798656,5.87961,4.43946,39882.77550873304,0.0012024293755805715,0.0009215350060662875
KFA,1852-04-13,0.17592689139999998,5.80306,4.43982,39624.780148744765,-0.0016764571505167858,-0.0011307425954311112
KFA,1853-04-19,0.17279245984,5.7386,4.42165,39078.72849275723,-0.010029344542235141,-0.007433972083923934
KFA,1854-04-25,0.19594592212,4.96848,4.41097,44422.41097082955,0.13546674080562338,0.13778054783905702
KFA,1855-05-01,0.17305412072,5.80251,4.41367,39208.6677798748,-0.12085695731850887,-0.12184857066351584
KFA,1856-05-07,0.18075137704,5.84305,4.41235,40964.87745532426,0.01694942633276031,0.01719803776346507
KFA,1857-05-13,0.17397161807999997,5.82428,4.42022,39358.13558601156,-0.030653553398135247,-0.03258273669842704
KFA,1858-05-19,0.23521003531999998,6.32695,4.42921,53104.286163898294,0.35854358297068933,0.35536992466492556
KFA,1859-05-25,0.23316595224,6.28318,4.42615,52679.1799283802,-0.008389237942700745,-0.007947548012246286
KFA,1860-05-31,0.21393094735999998,5.24076,4.41863,48415.67349155733,-0.09406205246928989,-0.09293578980455641
KFA,1861-06-06,0.21896957368,5.38839,4.42121,49527.069214083924,0.004103498538359673,0.0036382067371374394
KFA,1862-06-12,0.21778048864,5.38806,4.42311,49236.95965960602,-0.00547109570506521,-0.005775176364779644
KFA,1863-06-18,0.21795378072000002,5.38419,4.42859,49215.16345383068,0.0006070203630399451,-0.0003654863037096945
KFA,1864-06-24,0.21966758164,5.44013,4.43352,49546.99237626085,-0.03629676849493946,-0.03709069826220379
KFA,1865-06-30,0.21980067304,5.43114,4.42681,49652.15878702723,0.0008561326536962177,0.0021998441483088715
KFA,1866-07-06,0.21951775092,5.42896,4.42876,49566.41383141105,-0.0045803671417465885,-0.005017846136468829
KFA,1867-07-12,0.21633699776,5.43478,4.42524,48887.06550605165,-0.007991646403184949,-0.007427219431828336
KFA,1868-07-18,0.21933516279999998,5.43935,4.42242,49596.185527380934,0.000835437176269771,0.0012511601979137144
KFA,1869-07-24,0.20273930456,5.30754,4.4057,46017.50109176747,-0.07342375791932954,-0.07017385537387344
KFA,1870-07-30,0.22119382844000002,6.23267,4.40331,50233.53532683368,0.07767935982592444,0.07839441526032043
KFA,1871-08-05,0.22068634952,5.54173,4.40428,50107.24784073674,-0.0005751672049709722,-0.0006603498184962753
KFA,1872-08-11,0.227292221,5.59605,4.39816,51678.93414518799,0.009425470912871381,0.0105350244657616
KFA,1873-08-17,0.41898783836,9.63165,8.33377,50275.90614571797,0.8358716034743301,-0.028479257988268447
KFA,1874-08-23,0.45463555124,9.84293,8.45723,53757.028156973385,0.06556682516098378,0.05366538931881304
KFA,1875-08-29,0.47060259895999995,8.9005,8.58805,54797.37530172739,0.03539226696112663,0.023136958057624613
KFA,1876-09-04,0.45883270991999997,9.31098,8.69194,52788.29696477426,-0.02697784739344966,-0.035359804052405464
KFA,1877-09-10,0.472563923,9.15486,8.7844,53795.811096944584,0.018818865757361358,0.010704487460609036
KFA,1878-09-16,0.47124665328000004,8.91092,8.8795,53071.30505996959,-0.010308209401601265,-0.018410592456117203
KFA,1879-09-22,0.47271851952,8.78566,8.97101,52694.013218132626,0.0042856104493058655,-0.003269630523000666
KFA,1880-09-28,0.68750457048,8.31405,9.00894,76313.59188539383,0.43443076453314955,0.43064253606481473
KFA,1881-10-04,1.3606322158,8.85968,9.07407,149947.29110531436,0.6158798247226693,0.6073763132758394
KFA,1882-10-10,1.9971928646800001,10.30382,9.2147,216739.8683277806,0.3109052545668154,0.29593378856830266
KFA,1883-10-16,2.4139641312799998,10.84309,9.3652,257758.95136035536,0.13018085360668818,0.11583786664799511
KFA,1884-10-22,2.52259505264,11.48079,9.50356,265436.8523626935,-0.02841664297403168,-0.039391962573660955
KFA,1885-10-28,2.6836291820000002,12.0041,9.64915,278120.7859759668,0.0487193506097543,0.036464020823476107
KFA,1886-11-03,2.90090434088,12.76696,9.82175,295355.1394486726,0.07203689891924636,0.05757609886183035
KFA,1887-11-09,2.73527265388,12.8297,10.00419,273412.7054644104,-0.014961875690082116,-0.028339767352201006
KFA,1888-11-15,2.7817753158,12.9118,10.19493,272858.6969993909,0.007438984076445498,-0.007263722469314615
KFA,1889-11-21,2.93977140028,13.35859,10.39067,282924.1425509616,0.010193644012243652,-0.0033767336622052557
KFA,1890-11-27,3.28047931172,13.52648,10.58172,310013.80793670594,0.06861662063543217,0.05382442008182209
KFA,1891-12-03,3.53551628092,13.60531,10.76193,328520.653908732,0.027415776620966836,0.014359866917093234
KFA,1892-12-09,3.65954910828,13.75421,10.95376,334090.6782949416,0.01901564865179539,0.005592731748643276
KFA,1893-12-15,3.5667444758399998,13.85317,11.184329999999997,318905.5111785865,-0.04008602804130479,-0.0550991333376174
KFA,1894-12-21,3.5522836856,13.27424,11.38364,312051.6535659947,-0.012479917498551707,-0.024834571628932434
KFA,1895-12-27,3.85250803808,13.29663,11.58822,332450.3709870886,0.05563887485022301,0.04174958103178872
KFA,1897-01-02,3.8286514562400003,13.55385,11.787469999999999,324806.8886911271,-0.013686764265531504,-0.026370517132366822
KFA,1898-01-08,3.92757724424,13.79803,12.00331,327207.84885502415,0.026006716551126186,0.01163431873163523
KFA,1899-01-14,3.74970734632,14.0326,12.22349,306762.4177972085,-0.044747333496606756,-0.05766748033396507
KFA,1900-01-20,3.79569264464,13.97454,12.46216,304577.42836233845,0.008833877359212039,-0.0058105789806187635
KFA,1901-01-26,3.90430061528,14.08075,12.72295,306870.7033573188,0.04396441618216884,0.02772250504359519
KFA,1902-02-01,3.9067748579600003,14.25108,12.99192,300708.04453537276,-0.005049151572073529,-0.020620109225628735
KFA,1903-02-07,4.1107974476399995,14.2649,13.264099999999997,309919.0633092332,0.06119480455154913,0.04464970955775005
KFA,1904-02-13,4.25455128904,14.23982,13.53792,314269.2000720938,0.03481977028856886,0.018935453764109322
KFA,1905-02-19,4.426507298720001,14.47974,13.80369,320675.6525769559,0.03471481099534701,0.019636133553588397
KFA,1906-02-25,4.613756924920001,14.62281,14.08477,327570.62592573394,0.05946159888383984,0.04333827715004346
KFA,1907-03-03,4.65607768704,14.74758,14.376809999999999,323860.27825644217,0.0026470607922084444,-0.012551150681038847
KFA,1908-03-09,4.50817793244,14.83209,14.67109,307283.0943331409,-0.022604759321032897,-0.037544553486372756
KFA,1909-03-15,4.89341049184,15.01385,14.983710000000002,326582.0342118207,0.03637119530913924,0.019932249636326782
KBA,1905-12-31,0.04384553472,6.13085,3.17578,13806.225469018636,0,0
KBA,1907-01-06,0.0332520916,6.18649,2.88399,11529.891435129803,-0.1498643763004105,-0.08448002042747949
KBA,1908-01-12,0.0283531352,6.38299,2.6037,10889.555325114261,-0.11661756267252055,-0.04818959451626992
KBA,1909-01-18,0.0350170158,13.55685,2.73915,12783.898581676798,0.02441199834887442,-0.02450861053788922
BGL,1880-08-24,37.099293519599996,9.25984,785.6321052639877,47222.22178933728,0.007816126515961308,0.007747583070453645
BNJ,1837-01-13,0.18510946948,7.2172,1.601,115621.15520299812,0,0
BNJ,1838-01-19,0.18215151604,7.19866,1.60466,113514.0877444443,-0.05267530116444796,-0.05412109792995323
BNJ,1839-01-25,0.1822565186,7.4538,1.61201,113061.65507658142,-0.000884892311905805,-0.004232866423839909
BNJ,1840-01-31,0.14218868508,7.51472,1.62247,87637.17361800217,-0.19178164369097284,-0.1957905498379029
BNJ,1841-02-06,0.15753957648,7.74582,1.63272,96489.03454358371,0.15146115319031228,0.1460057182269099
BNJ,1842-02-12,0.17709503967999998,8.1421,1.64536,107633.00413283415,0.0574766627731127,0.051353372636972594
BNJ,1843-02-18,0.1693904732,8.19911,1.6582300000000003,102151.3741760793,-0.00756209066980873,-0.013518191994653761
BNJ,1844-02-24,0.17833493652,7.34521,1.67158,106686.45025664341,0.0491277192549997,0.04278465037455481
BNJ,1845-03-02,0.1847314742,7.24556,1.67961,109984.74300581682,0.018784390711720445,0.014990607344454121
BNJ,1846-03-08,0.26740908792,7.09164,1.68792,158425.21441774492,0.47975209228181304,0.4741449422059896
BNJ,1847-03-14,0.29408391012,7.33449,1.69631,173366.84339536997,0.025550165082484533,0.02183676100697607
BNJ,1848-03-20,0.29394417,6.94507,1.70109,172797.54157628343,-0.0026616420674840935,-0.0047643003048388755
BNJ,1849-03-26,0.29250989196,7.07876,1.70413,171647.63953454254,0.011958275142029962,0.010157113436326304
BNJ,1850-04-01,0.29944495672000004,6.47621,1.69425,176741.8956588461,0.054832767468018684,0.059859375383118696
BNJ,1851-04-07,0.30307699864,6.57308,1.6915899999999997,179166.9368109294,-0.0021348653167588827,-0.001011214318817788
BNJ,1852-04-13,0.22913479472,5.53102,1.6246,141040.7452419057,-0.04819976281551319,-0.018294326282531026
BNJ,1853-04-19,0.28951060684,6.68751,1.60903,179928.65691752176,0.2872798612866714,0.29555656928293605
BNJ,1854-04-25,0.29330530736,6.64257,1.60925,182262.1142519807,-0.013931995822997645,-0.01411527279535818
BNJ,1855-05-01,0.3383922308,7.01151,1.61279,209817.91231344442,0.07926971471283606,0.07759862228970693
BNJ,1856-05-07,0.51662439764,7.10869,1.61447,319996.2821483211,0.38596568537225484,0.3848700441850157
BNJ,1857-05-13,0.47253459655999996,7.15095,1.61244,293055.61543995433,-0.04125641967061833,-0.04085418680643149
BNJ,1858-05-19,0.5102316944399999,8.00189,1.60607,317689.57420286787,0.055377383761479715,0.05879030136524799
BNJ,1859-05-25,0.41923951991999997,7.93076,1.61037,260337.38825238918,0.02581542396908132,0.023614439524871633
BNJ,1860-05-31,0.47303727276,7.91975,1.6170300000000002,292534.63000686443,0.2171886565322112,0.21325444250897352
BNJ,1861-06-06,0.54316971124,8.0514,1.6248,334299.428385032,0.13434213573524412,0.13030284250384772
BNJ,1862-06-12,0.55771676168,7.90058,1.62997,342163.81999668706,0.09937184187951331,0.09626283811434111
BNJ,1863-06-18,0.56938979864,7.96552,1.63395,348474.4322898498,0.009241365454164097,0.0073928844598332155
BNJ,1864-06-24,0.6115237289200001,8.25811,1.64074,372712.1475188025,0.04568105014123258,0.042451617550745446
BNJ,1865-06-30,0.6209354424000001,8.36492,1.64762,376868.114249645,0.02860182065940431,0.025222860229189514
BNJ,1866-07-06,0.53024968412,8.70724,1.65551,320293.8575544696,-0.2048938289974832,-0.2076881568226222
BNJ,1867-07-12,0.554259511,8.99927,1.6642800000000002,333032.6092965126,0.10754751409606755,0.103008122798393
BNJ,1868-07-18,0.73640138572,9.97383,1.67461,439745.0067299252,0.41315910722223403,0.40631458006431775
BNJ,1869-07-24,0.70167296576,10.33881,1.68611,416148.98539241217,0.000042053551821075175,-0.004971021064252734
BNJ,1870-07-30,0.7110935592800001,10.55983,1.6987499999999998,418598.1217247977,-0.017332926431990137,-0.022826172087012653
BNJ,1871-08-05,0.56457215152,10.94066,1.71089,329987.40510494536,-0.1566108868098789,-0.16109264941765689
BNJ,1872-08-11,0.43687348848,10.09225,1.71366,254935.91989076012,-0.3967109384465245,-0.39757258405064944
BNJ,1873-08-17,0.7526089968799999,10.29423,1.71227,439538.7391474476,0.5430247802614878,0.5439717642834869
BNJ,1874-08-23,0.47232047460000004,10.69618,1.72022,274569.80769901525,-0.30668807224153904,-0.30909391214019477
BNJ,1875-08-29,0.44197403016000003,10.8937,1.7349,254754.7582915442,0.07167185573952861,0.06478188855709899
BNJ,1876-09-04,0.53565873348,11.10826,1.7522800000000003,305692.43127810623,0.37628858042164515,0.3658063867618304
BNJ,1877-09-10,0.56122851876,11.60737,1.7729599999999999,316548.88929248264,0.27837378089374054,0.2672374443778125
BNJ,1878-09-16,0.47216975468,11.07918,1.7923900000000001,263430.2549556737,-0.11519414136855144,-0.12261058037451233
BNJ,1879-09-22,0.60490359956,11.50811,1.81043,334121.5068022514,0.19702654485910553,0.18789365658403434
BNJ,1880-09-28,0.55678273768,11.18403,1.83019,304221.276304646,-0.10596671089958831,-0.11323630011520747
BNJ,1881-10-04,0.39696166796,11.46057,1.84456,215206.69859478684,-0.28031720066905763,-0.2845244879596974
BNJ,1882-10-10,0.50286589808,11.45355,1.8597399999999997,270395.80698377197,0.23001049578451171,0.22242860836334888
BNJ,1883-10-16,0.5457261524,11.695,1.8758699999999997,290918.9615485082,0.06048663868668336,0.05368558229699283
BNJ,1884-10-22,0.6247237869600001,13.32939,1.89608,329481.7660436269,0.05066155783650439,0.0419905379855714
BNJ,1885-10-28,0.67944963528,12.96564,1.91683,354465.25528085436,0.09728280075061568,0.08844018504601214
BNJ,1886-11-03,0.78841923368,13.39551,1.93957,406491.7655356599,0.12666647484728877,0.11671472289733908
BNJ,1887-11-09,0.8048865640399999,12.85994,1.96085,410478.39663411275,0.0008877764179440195,-0.007405344975717765
BNJ,1888-11-15,0.7785159725199999,13.19258,1.98431,392335.861090253,-0.011922598078481617,-0.020691965792668632
BNJ,1889-11-21,0.44706733084,11.48011,2.00712,222740.708497748,-0.24781052252616487,-0.25409849336045776
BNJ,1890-11-27,0.74960795884,12.96692,2.03065,369146.8046389087,0.3673962573759757,0.35542711719259756
BNJ,1891-12-03,0.97519616688,13.24519,2.05665,474167.2948143827,0.1826143715029862,0.17132265198270757
BNJ,1892-12-09,0.96485174188,13.43065,2.08284,463238.5309865376,-0.02782462342224845,-0.03694313923609516
BNJ,1893-12-15,1.012193962,14.00087,2.11019,479669.5852032282,0.013631563521584233,0.003520111837408413
BNJ,1894-12-21,1.1465016898399998,14.20582,2.1398,535798.5278250303,0.05348322216400159,0.0427714051246566
BNJ,1895-12-27,1.17596370268,15.09419,2.1714,541569.357409966,0.02839636286651248,0.01698381723497766
BNJ,1897-01-02,1.08117917804,15.18584,2.20312,490749.1094629434,-0.053182715617823506,-0.0635951833407501
BNJ,1898-01-08,1.1380216993599999,14.80982,2.23727,508665.33737993176,0.02563978353297025,0.014099042527126349
BNJ,1899-01-14,1.10926835656,15.2165,2.27104,488440.6952585599,0.03538666887031727,0.02357590987789826
BNJ,1900-01-20,1.4903368864800002,15.7025,2.30623,646222.1402375306,0.12359080916095544,0.11052941857951293
BNJ,1901-01-26,1.2264623680400002,14.11368,2.34139,523818.06022918015,-0.06614009740487381,-0.07651943256765192
BNJ,1902-02-01,1.21279231216,14.39202,2.37667,510290.57974392746,-0.03991409671068136,-0.05083065056305469
BNJ,1903-02-07,1.18791700716,14.83353,2.41463,491966.47401879384,-0.07608129515517514,-0.08696769810166005
BNJ,1904-02-13,1.52128702388,14.49973,2.45148,620558.6110757582,0.00141178294533284,-0.009850327304805284
BNJ,1905-02-19,1.1532686375599999,14.61429,2.4872,463681.5043261499,-0.18954329099055578,-0.19846747436025858
BNJ,1906-02-25,1.0518749311200002,15.11432,2.52771,416137.504349787,-0.0006203082990909881,-0.012698420661355958
BNJ,1907-03-03,1.02857435928,15.6239,2.56867,400430.71289032843,-0.03574275132116145,-0.047540767698440844
BNJ,1908-03-09,0.80214647032,15.61156,2.61122,307192.2206171828,-0.21984370245204032,-0.22959497072444512
BNJ,1909-03-15,0.9080179706,14.50776,2.65711,341731.41894765367,0.08211598320530333,0.06833946480068853
HAU,1837-01-13,0.1556352382,4.66077,3.9812199999999995,39092.34812444427,0,0
HAU,1838-01-19,0.15108473068,5.72284,3.96233,38130.27453038995,0.0015329336137346328,0.005110880569777265
HAU,1839-01-25,0.1427198448,5.67777,3.9475900000000004,36153.66459029433,-0.05321681773818654,-0.05036890112426695
HAU,1840-01-31,0.14185132260000002,5.696,3.9366700000000003,36033.32832063648,-0.0062490880043147845,-0.004181332376567259
HAU,1841-02-06,0.1418721564,5.63032,3.92498,36145.9565144281,0.0001569242589942732,0.0024836262494225547
HAU,1842-02-12,0.14183395980000002,5.65354,3.9115500000000005,36260.29573954059,-0.00028944350115756023,0.0021820125934099988
HAU,1843-02-18,0.14171570972000003,5.67671,3.89888,36347.79980917597,-0.0006090482647488349,0.001901320823598729
HAU,1844-02-24,0.13921571612,5.70662,3.8863899999999996,35821.34477497112,-0.017738998386457983,-0.015246742442178607
HAU,1845-03-02,0.14260644944,5.80118,3.8726599999999998,36823.9012565007,0.004096969686700591,0.006642504356837886
HAU,1846-03-08,0.14542627424,5.98981,3.86286,37647.306462051434,0.01659665325885129,0.018564645081003528
HAU,1847-03-14,0.14541642491999998,6.01172,3.8543099999999995,37728.26392272547,-0.00007356842096672978,0.0016934602784066666
HAU,1848-03-20,0.14626410032,6.07619,3.8452,38038.099531883905,0.005842053662964863,0.007549925267149371
HAU,1849-03-26,0.14601558608,5.91843,3.83544,38070.10045262082,-0.0017550072887525525,0.00022996547368880904
HAU,1850-04-01,0.14447299411999998,5.51459,3.8213,37807.28917384136,-0.00945729949715457,-0.006750184514690005
HAU,1851-04-07,0.14397770191999998,5.54405,3.8076,37813.24244143292,-0.0024261130925000707,0.00036838064318467367
HAU,1852-04-13,0.14359864584,5.57989,3.7943299999999995,37845.586925755015,-0.0021326258819488464,0.00055529523909148
HAU,1853-04-19,0.22446168160000002,5.00432,3.7987,59089.0782636165,0.2977649873541457,0.2974220755888759
HAU,1854-04-25,0.14723970611999998,5.57453,3.8393,38350.66447529497,-0.3625493314022129,-0.36750885876631134
HAU,1855-05-01,0.14775196852,5.95098,3.89796,37904.94733655553,0.0020916992905863907,-0.009542913925999708
HAU,1856-05-07,0.14543867155999998,6.1338,3.9434,36881.54170512755,-0.00874964769140385,-0.01849888138761957
HAU,1857-05-13,0.1385701356,6.27982,3.99526,34683.63400629746,-0.015968970675120264,-0.02507041820797684
HAU,1858-05-19,0.14899391104,6.85104,4.05388,36753.40933624083,0.027403196913928562,0.015325353154877153
HAU,1859-05-25,0.15119221416,6.95968,4.14254,36497.466327422306,-0.12248921307370875,-0.13496884853550695
HAU,1860-05-31,0.15168082852,6.96732,4.21402,35994.33047778606,0.0024608879114322857,-0.012406458085029604
HAU,1861-06-06,0.15701736076,7.23164,4.31144,36418.77441411686,0.01610012746483047,0.00032540521141299905
HAU,1862-06-12,0.15654169388,8.30137,4.4172,35439.12294666305,0.007007146202887782,-0.009631534818310472
HAU,1863-06-18,0.15661031568,8.71864,4.52468,34612.46224705393,-0.022018642683915957,-0.042019538224711606
HAU,1864-06-24,0.15776510776000002,9.0684,4.66516,33817.72710046387,0.003342235482863165,-0.017971668275365338
HAU,1865-06-30,0.16064711676,9.0946,4.8134,33374.97751277684,0.012913643182775214,-0.009946696058752535
HAU,1866-07-06,0.16360795412,8.99128,4.94665,33074.49569304479,0.016277158449530704,-0.00712381713135124
HAU,1867-07-12,0.16681702024,9.05385,5.09028,32771.678618857906,0.0112081860560731,-0.00967690642648733
HAU,1868-07-18,0.16812580876000002,9.25359,5.27877,31849.428704035225,0.015382775427845052,-0.01084510135348249
HAU,1869-07-24,0.17136092272,9.28497,5.45623,31406.46980057659,0.016097995858197267,-0.007615748699913105
HAU,1870-07-30,0.17568251063999998,8.27266,5.62504,31232.22424018318,0.03172593876071361,0.013188426303091916
HAU,1871-08-05,0.17546288396,9.44949,5.78363,30337.84733117437,0.00041948286196102913,-0.022631421293864085
HAU,1872-08-11,0.17896721388,9.47747,6.00027,29826.526786294613,0.014524797607894158,-0.012311649874488628
HAU,1873-08-17,0.18118375912,9.5413,6.13187,29547.880030072392,0.008771181643124182,-0.005949209723584814
HAU,1874-08-23,0.18570140212000003,9.6235,6.33405,29317.956460716287,0.020914317668933036,-0.004921637073754814
HAU,1875-08-29,0.18889259532,9.65099,6.5198,28972.145667045,0.013423215695231194,-0.009020301620516702
HAU,1876-09-04,0.19138315872,9.67033,6.6857,28625.747299460043,0.011257099091603662,-0.004962755444386624
HAU,1877-09-10,0.19535847136,9.70629,6.82553,28621.729207841738,0.01786564869973506,0.0007914576550465124
HAU,1878-09-16,0.1988220156,10.05598,7.02471,28303.234667338584,0.011955323220353531,-0.010552000435450348
HAU,1879-09-22,0.19986949736,10.07464,7.30425,27363.452422904476,0.0044206333266028075,-0.024364481203341004
HAU,1880-09-28,0.20816258163999998,10.18796,7.45027,27940.27352565746,0.024685278319143134,0.010936098104058045
HAU,1881-10-04,0.21070894104000001,10.19513,7.56581,27850.14969183736,0.010025906179718325,-0.0018729983883809531
HAU,1882-10-10,0.21290899656,10.19697,7.68484,27705.065630514102,0.006429164508954921,-0.005315063205017179
HAU,1883-10-16,0.21434098608,10.1269,7.806360000000001,27457.225400827017,0.005038558821500283,-0.006608360149942927
HAU,1884-10-22,0.21656191908,10.13347,7.92733,27318.393340506827,0.008492902461809226,-0.0033787352744816257
HAU,1885-10-28,0.21952964904,10.166,8.1232,27025.020809533184,0.011494768101333985,-0.00838021687721735
HAU,1886-11-03,0.2209827802,10.2165,8.36227,26426.171386477596,0.004199625318549449,-0.015430838971417948
HAU,1887-11-09,0.21324661332,10.14855,8.66937,24597.705867900433,-0.0029259165455640668,-0.0224596510706343
HAU,1888-11-15,0.30317545804,9.37804,8.78398,34514.58883558478,-0.039715328051567966,-0.049149677589554686
HAU,1889-11-21,0.36928639799999996,9.56268,8.90317,41478.08005463223,0.16340451714151039,0.15175319226843942
HAU,1890-11-27,0.34987835844,10.44612,9.05801,38626.40452373093,-0.3215657283794011,-0.3305731566072224
HAU,1891-12-03,0.23988343132,9.92559,9.21654,26027.493106957707,-0.07271879145700855,-0.08470576375296746
HAU,1892-12-09,0.24798441928,10.62443,9.39635,26391.568990086576,-0.013988671404586372,-0.02896054762299405
HAU,1893-12-15,0.24905570092,10.6401,9.56474,26038.94103969371,0.014512659164054309,0.0010092050321341972
HAU,1894-12-21,0.2514684432,10.645,9.75939,25766.819770497954,0.026367024354281954,0.010843563288823299
HAU,1895-12-27,0.2474439474,10.68852,9.93025,24918.19917927545,-0.0003297753830986405,-0.013693676537694821
HAU,1897-01-02,0.25121175612,10.70437,10.19499,24640.706476416355,0.01055368081559438,-0.009664948524730321
HAU,1898-01-08,0.27516167327999996,10.79425,10.48989,26231.130477059338,0.05935370690219832,0.03763211184854098
HAU,1899-01-14,0.267194941,10.78783,10.77006,24809.048510407552,-0.04007346271157519,-0.059365313823362964
HAU,1900-01-20,0.29018344836,10.18034,11.08104,26187.3838881549,0.10475961904642905,0.0824259280073103
HAU,1901-01-26,0.27638156624,10.74777,11.36716,24314.03853205198,-0.026970214108483992,-0.04681339406850871
HAU,1902-02-01,0.35101488292,9.99921,11.76223,29842.54541188193,0.44149472130091993,0.40327886433016435
HAU,1903-02-07,0.4194428472,10.76393,12.07408,34739.114466692285,0.11728993547793132,0.09416730163716891
HAU,1904-02-13,0.31924787596,9.93931,12.39846,25748.994307357523,-0.26708498989348994,-0.2814852972511661
HAU,1905-02-19,0.51146597632,9.17978,12.76278,40074.80943180091,0.46638390775568705,0.43575233714342576
HAU,1906-02-25,0.75934009008,7.92057,17.77765,42713.18706803205,0.4604550746724887,0.12388367803479161
HAU,1907-03-03,0.68955913,7.98834,17.9288,38460.97507920218,-0.038818496867037755,-0.04492995797644039
HAU,1908-03-09,0.63336291408,9.15349,18.10066,34991.15027186854,-0.07104429924162914,-0.07768355709911878
HAU,1909-03-15,0.61722221548,9.37136,18.31839,33694.13007802542,-0.023939225241120687,-0.03265450467969211
ISQ,1837-01-20,0.05551914732,7.12239,1.3208401177124647,42033.207937499996,0,0
ISQ,1838-01-19,0.041680735719999994,7.83602,1.28,32563.074781249998,-0.12731107821626353,-0.09150897016351922
ISQ,1839-02-01,0.04515330404,7.89889,1.28,35276.01878125,0.06066134807833179,0.06223845993949251
ISQ,1840-02-14,0.03246452404,7.72228,1.28,25362.90940625,-0.24934893860675433,-0.25314246410303265
ISQ,1841-02-06,0.0283980372,8.13108,1.28,22185.966562499998,-0.02044092947648346,-0.017896034092369062
ISQ,1842-02-12,0.02838783636,8.41866,1.28,22177.99715625,-0.15858303918004757,-0.14824754985648958
ISQ,1843-02-25,0.03045560232,7.77238,1.28,23793.439312500002,0.06465077072531744,0.06483389358845204
ISQ,1844-02-24,0.03108890512,7.81674,1.281701407433153,24255.9655,0.012813731496606584,0.013052108946530305
ISQ,1845-03-09,0.0821079662,6.35458,1.28,64146.84859374999,1.4694582195453716,1.5094318551708614
ISQ,1846-03-22,0.08107528156,5.56205,1.28,63340.06371875,-0.006384625570815428,-0.005248084876610104
ISQ,1847-03-14,0.08113454751999999,5.64045,1.28,63386.365249999995,0.0008581718557527651,0.0007751291936262117
ISQ,1848-03-20,0.07871320964,5.71243,1.280571551857758,61467.248374999996,-0.029288208076051037,-0.029531984651965937
ISQ,1849-04-02,0.07949404008000001,5.76675,1.28,62104.7188125,0.00840962464468098,0.008370395162441424
ISQ,1850-04-01,0.07922315855999999,5.80603,1.28,61893.092625,-0.0030414105917909717,-0.0030571992884523835
ISQ,1851-04-14,0.07875981932,5.86565,1.28,61531.10884374999,-0.00482288831611366,-0.004935261387416179
ISQ,1852-04-27,0.07330343852,6.6901,1.2866291706269986,56973.24465624999,-0.01459662372041226,-0.012179516911322796
ISQ,1853-04-19,0.07264628748,6.57808,1.28,56754.91209375,-0.009836982166961827,-0.009820813990414679
ISQ,1854-04-25,0.07246849532,6.63299,1.28,56616.01196875,-0.0018998918139750964,-0.0019051742666671423
ISQ,1855-05-08,0.07237848747999999,6.66145,1.28,56545.69334375,-0.0024427356455585247,-0.0024256547519638794
ISQ,1856-05-07,0.0720740072,6.61083,1.28,56307.81812499999,-0.003208003886677746,-0.003459429824320792
ISQ,1857-05-20,0.07891641211999999,6.81998,1.28,61653.446968749995,0.08186774127379204,0.0834206050884021
ISQ,1858-06-02,0.07788941108000001,7.51014,1.28,60851.10240625,-0.0261721703396931,-0.02547230547343715
ISQ,1859-05-25,0.094897127,8.46141,1.28,74138.38046875,0.18833833661161847,0.18640692338793574
ISQ,1860-05-31,0.09619898807999999,8.48259,1.2799999999999998,75155.4594375,0.011144437014546815,0.01086771003589404
ISQ,1861-06-13,0.09687120403999999,8.43807,1.28,75680.62815625,0.008089557720390106,0.008386419022101688
ISQ,1862-06-12,0.09670856936,8.38794,1.28,75553.56981249999,0.0024032873470685168,0.0034009630111009326
ISQ,1863-06-25,0.09690080764,8.39849,1.2786872143171502,75781.4785,0.0005568803919295817,0.0005054363332570588
ISQ,1864-07-08,0.08590242336000001,7.95988,1.28,67111.26825,-0.10513525211576624,-0.10667343088762882
ISQ,1865-06-30,0.0763941126,8.93283,1.28,59682.90046874999,-0.030557546708283367,-0.03465620800419822
ISQ,1866-07-06,0.07554068184,8.46758,1.28,59016.1576875,-0.01478130598297811,-0.014848991356420815
ISQ,1867-07-19,0.08184911124,8.66766,1.281446655476125,63872.429562499994,0.06873118554407465,0.07142352669678753
ISQ,1868-07-18,0.08335363556,8.68343,1.28,65120.02778124999,0.01639660310354696,0.01589665113954486
ISQ,1869-07-31,0.08275883771999999,7.98424,1.28,64655.34196875,-0.006845791629512266,-0.00715418719502392
ISQ,1870-08-13,0.08438148628,8.6562,1.2800000000000002,65923.03615624999,0.017942550321028428,0.01797422614571853
ISQ,1871-08-05,0.08519993248,8.64265,1.28,66562.44725,0.010684502568760523,0.010676856477037422
ISQ,1872-08-11,0.08581682148,8.62069,1.28,67044.39178125,0.005391007837003858,0.005390700651571434
ISQ,1873-08-24,0.08642253931999999,8.61611,1.28,67517.60884375,0.005074379194016432,0.005210150646548284
ISQ,1874-08-23,0.08618315472,8.61125,1.2696198589919387,67881.07015624999,0.004322875626577405,0.003995505102045271
ISQ,1875-09-05,0.11262018612,7.31194,1.28,87984.52040625,0.14598991788467663,0.1607829812096313
ISQ,1876-09-18,0.1098926582,7.9025,1.28,85853.63921875,-0.07132658875295728,-0.07899430155862286
ISQ,1877-09-10,0.1073467824,8.60321,1.28,83864.67375,-0.010463514760786441,-0.010865726801793207
ISQ,1878-09-16,0.09996258947999999,8.66729,1.265917704083938,78964.52443749999,-0.03391448429521249,-0.03234851850318443
ISQ,1879-09-29,0.09831735056,8.17248,1.28,76810.430125,-0.021621716980478656,-0.02202602318396729
ISQ,1880-09-28,0.17555282524000002,8.43699,2.3813602573700665,73719.55784375,0.007046776978984592,0.033742171730025916
ISQ,1881-10-11,0.31170845576,9.04145,1.28,243522.23106249998,0.5759641660282628,0.530571407642396
ISQ,1882-10-24,0.33692018672,8.44704,1.3265296796705017,253986.16546875,0.03676802019821257,0.019969369806724258
ISQ,1883-10-16,0.30544926672,8.43541,1.28,238632.23962500002,-0.1849926978198454,-0.18364160647098615
ISQ,1884-10-22,0.26973975964,8.2952,1.2496724646173285,215848.36609375002,0.006680223263308527,-0.003875126098345283
ISQ,1885-11-04,0.28546548732,8.91808,1.28,223019.91196875,0.05516131463777785,0.05068508899388213
DEI,1837-01-13,6.52808979784,7.79484,95.82040999999998,68128.3851513472,0,0
DEI,1838-01-19,7.3933499692,8.04149,96.71445,76445.14309082045,0.05230350373698345,0.04497015670490123
DEI,1839-01-25,7.3585412004,8.722,97.83716,75212.13003729872,0.005150452267759897,-0.0038411075486224355
DEI,1840-01-31,5.50233772556,9.97247,99.07374,55537.80169760423,-0.23889520705187106,-0.2459138722659896
DEI,1841-02-06,6.42875303772,8.53583,100.45708,63995.02193095798,0.18957829487749422,0.17696116894702474
DEI,1842-02-12,6.88143856972,8.1973,101.15886000000002,68026.05891090508,0.03813515371943321,0.032549311055932284
DEI,1843-02-18,7.53049972116,8.01842,103.22956,72949.06343841822,0.047525038945264386,0.02888228665704773
DEI,1844-02-24,7.82529022808,7.92224,104.45422,74915.97972853562,0.05469770446927358,0.04656170852386721
DEI,1845-03-02,8.03856909752,7.9551,105.40675,76262.37501412386,0.011123062765005187,0.004164802991287075
DEI,1846-03-08,8.82034617256,7.92443,106.38928000000001,82906.34331353685,0.09901965999920481,0.09141129395160186
DEI,1847-03-14,10.26786166224,7.88206,107.67906,95356.15989069741,0.033171123534476044,0.02314637511491968
DEI,1848-03-20,10.28158567644,7.16098,108.63172,94646.25688003468,0.017292630167742296,0.011391479548432892
DEI,1849-03-26,10.311685076680002,7.06992,109.33495,94312.79821027037,0.013352196084672752,0.00848070026626635
DEI,1850-04-01,9.920757582319998,7.03173,110.05002,90147.71267029301,-0.0441153459272291,-0.048778742778339934
DEI,1851-04-07,10.047770911879999,7.03149,110.73012000000001,90741.08211821679,0.013982058530198405,0.008393408946655079
DEI,1852-04-13,9.9840376454,6.4551,108.2398,92239.98608090555,0.06878187003220892,0.0893443671544405
DEI,1853-04-19,10.44828257044,6.90306,108.11171,96643.39386029505,0.013940236984579801,0.014957681790274124
DEI,1854-04-25,10.768699207760001,6.94368,108.67037,99095.08183104558,0.018144523581425487,0.014098535990700656
DEI,1855-05-01,10.92679794128,6.93082,109.4022,99877.31454468009,0.029470316076868563,0.02431351271705151
DEI,1856-05-07,11.57748774104,6.6655,110.23252,105027.87871528295,0.047198619580480106,0.042207167365371
DEI,1857-05-13,10.9819414016,6.63239,110.68242,99220.28630743708,-0.032261537693769715,-0.03524897143170258
DEI,1858-05-19,11.84208469184,6.68279,111.13843,106552.56414761303,0.04613936396473117,0.04284242196868626
DEI,1859-05-25,11.56699160344,6.64563,111.46076,103776.35684020098,0.021968399309705067,0.019692517143281796
DEI,1860-05-31,11.76909046976,6.68751,112.12680000000002,104962.33255350192,0.011600229183512,0.008246043229393818
DEI,1861-06-06,12.31621378,6.75928,112.57116,109408.25145623443,0.04892564269416666,0.04603240093616101
DEI,1862-06-12,12.5847876466,6.75449,113.05591,111314.72602007273,0.01567426910715697,0.012291441415273496
DEI,1863-06-18,12.71482947436,6.79254,113.68647,111841.18456980852,0.012697922813617701,0.008501949776784201
DEI,1864-06-24,13.0988482976,6.77018,114.48706,114413.35202074365,0.01591513653559118,0.01171808474354763
DEI,1865-06-30,13.88931148384,6.79417,114.83806,120946.93591863186,0.06045616786270003,0.05798827788101013
DEI,1866-07-06,13.921282128520001,6.85245,115.34642,120691.06374103333,0.008761711243575165,0.005327104570658658
DEI,1867-07-12,14.26469837156,6.86874,115.60214,123394.76043920986,0.03266649926212084,0.031052059173321656
DEI,1868-07-18,14.091926918679999,6.87958,116.26795,121202.16206340611,-0.015541912150749071,-0.01922786028102652
DEI,1869-07-24,14.8780746634,6.87862,116.72346,127464.30463421835,0.03050859304567166,0.028027588880892518
DEI,1870-07-30,15.905095120719999,6.92078,117.55459,135299.65202311537,0.0409104195110257,0.0350558466127906
DEI,1871-08-05,16.710930184520002,6.95131,119.05435999999999,140363.86558644305,0.036266258713608224,0.02501684297171347
DEI,1872-08-11,17.09088211376,7.02767,120.21706999999999,142166.8496309218,0.021515167721019246,0.013610744059907809
DEI,1873-08-17,17.8387175642,7.08686,122.20951,145968.32573995265,0.03351842297440055,0.021085068056930778
DEI,1874-08-23,17.962816872,7.13984,123.36474,145607.3824011626,-0.008230800192460697,-0.016041247483122523
DEI,1875-08-29,18.243727505120003,7.17196,132.93813,137234.7234395429,0.08604600865853906,0.011184895904148506
DEI,1876-09-04,15.8544062404,7.39811,133.785,118506.60567627163,-0.022142157590951506,-0.027414693679778446
DEI,1877-09-10,17.93475925696,7.60458,135.42675,132431.43807969993,0.07319054809423187,0.06478964560277034
DEI,1878-09-16,18.54856075124,7.6096,136.9748,135415.8629999095,0.03322086231486199,0.026077471339676972
DEI,1879-09-22,19.069209639479997,7.6287,138.02366,138158.9912880154,0.01726222885701234,0.010690885834887975
DEI,1880-09-28,19.68057712556,7.63003,139.13327,141451.26557839112,0.020032208801698204,0.013019257656634808
DEI,1881-10-04,20.18861785096,7.69964,140.75933,143426.4986268406,0.023717026104796535,0.015337325195679208
DEI,1882-10-10,20.44777067164,7.74205,142.54497,143447.8583961258,0.015917858546648622,0.005241274703938981
DEI,1883-10-16,21.15587457828,7.78954,144.34689,146562.732167489,0.046891223749566,0.037052753652548454
DEI,1884-10-22,26.33354639396,8.22434,159.55565,165043.02037539877,0.21901891413224628,0.13695067552369866
DEI,1885-10-28,27.61724633824,8.34485,160.53785,172029.50169221777,0.04489941832589328,0.04009153876875371
DEI,1886-11-03,28.476520796360003,9.36087,161.79224,176006.7157507678,0.028371738914811928,0.0040953619928914
DEI,1887-11-09,30.57110922944,9.39169,163.4987,186980.74803921988,0.0595883982233858,0.05114620013613336
DEI,1888-11-15,32.50623599288,9.39058,164.69205,197375.86600494682,0.04683613839830669,0.04133113951091372
DEI,1889-11-21,33.923703404760005,9.40526,165.93508,204439.6121950826,0.01871224971747365,0.013521449086385084
DEI,1890-11-27,36.14184623296,9.68628,167.40465,215895.11541620857,0.048678364322847445,0.04158457848433006
DEI,1891-12-03,37.60310478964,9.64355,169.58193,221740.0450014928,0.0349757754403901,0.02383225362988406
DEI,1892-12-09,37.20813517772,9.68175,171.11514,217445.02080715945,-0.017379717428466113,-0.023937645044913136
DEI,1893-12-15,45.09818871272,9.30659,230.60444,195565.1361817665,0.07949696476054702,0.024503078370609277
DEI,1894-12-21,46.03412401692,9.10564,232.20602,198246.9016820494,0.009143639097239031,0.0039027540900362645
DEI,1895-12-27,50.76033790256,9.18165,233.78997999999999,217119.39024315757,0.04540469511929679,0.04009667968163533
DEI,1897-01-02,50.85062878792,9.22088,235.4168,216002.54861980962,0.005184338207933292,0.00008544946887334426
DEI,1898-01-08,53.344319051919996,9.24413,236.92427,225153.45959246808,0.040946872781044474,0.03590191010771471
DEI,1899-01-14,54.10256800936,9.31104,238.54407,226803.24021200777,0.003916763453592598,-0.001195641912158374
DEI,1900-01-20,57.742623691480006,9.42009,240.43665,240157.32914046178,0.0394093016586492,0.0331020874504413
DEI,1901-01-26,58.091992262199994,9.43543,242.18826,239862.95728042306,0.010181779495226584,0.004676346924451735
DEI,1902-02-01,60.81241407384,9.52124,243.97713,249254.56772870474,0.04709443868620955,0.041105049441289454
DEI,1903-02-07,62.33992467612,9.33853,245.8634,253555.12319491227,0.012257314775044659,0.0065697339895425255
DEI,1904-02-13,64.24973136503999,9.29905,203.50163,315720.96678065916,0.029078674390698778,0.05519528927970785
DEI,1905-02-19,45.64416326444,9.56935,156.52552,291608.44355885225,-0.1244977488638328,0.13974573363085074
DEI,1906-02-25,65.46073894516,9.12301,249.18083000000001,262703.75191044994,0.26366634873061834,-0.09066511263713539
DEI,1907-03-03,74.06269526136,9.38246,250.40403000000003,295772.7767454861,0.10382682592008541,0.09978404683559727
DEI,1908-03-09,80.82061222300001,9.66457,252.09078,320601.2223969477,0.06647982849036005,0.06120858301964005
DEI,1909-03-15,89.05097649448,9.65163,254.12783,350418.0415599504,0.06295435101483138,0.056430995078307955
