country,date,gdp,sol,pop,gdpc,gdpGrowth,gdpcGrowth
JAS,1837-01-13,0.009199018400000002,7.97934,0.50683,18150.10634729594,0,0
JAS,1838-01-19,0.032159194599999996,8.17759,0.56111,57313.52961094972,0.6760840401198605,0.5465881029582789
JAS,1839-01-25,0.054924007319999996,7.42223,0.59252,92695.61756565177,0.22858945714577406,0.1843084316371728
JAS,1840-01-31,0.053861605199999996,7.44396,0.60447,89105.50598044568,-0.026910954789512442,-0.04139629734691763
JAS,1841-02-06,0.05408889876,7.47634,0.6163,87763.91166639623,0.02654495199087048,0.011120027730891602
JAS,1842-02-12,0.0629630872,7.46186,0.65719,95806.52048874754,0.09819611525685201,0.048799852110162245
JAS,1843-02-18,0.17053252164,6.46038,0.76066,224190.20540057318,1.873646822019706,1.5119329670242667
JAS,1844-02-24,0.176175792,6.35302,0.82852,212639.15415439577,0.04962377013278507,-0.02493177012880754
JAS,1845-03-02,0.16206975408000002,6.23943,0.92825,174597.09569620254,-0.02374193347693132,-0.1092965726392161
JAS,1846-03-08,0.1565014022,7.31172,1.04532,149716.26124057706,-0.02867305620256211,-0.11006498971125833
JAS,1847-03-14,0.16029587288000002,7.38527,1.2455,128700.01837013249,0.01715060133382651,-0.11415607645476533
JAS,1848-03-20,0.1549980016,7.98663,1.5894,97519.81980621618,-0.025760829826276588,-0.2008414615592401
JAS,1849-03-26,0.17096973348,8.01695,1.95235,87571.25181447998,0.05943613985126617,-0.08966074240455346
JAS,1850-04-01,0.1765161476,8.19404,2.2575,78190.98454042082,0.018127704910658737,-0.0872522541085129
JAS,1851-04-07,0.16908561019999999,8.20221,2.63896,64072.82042926001,-0.037451237326610265,-0.1439299385265157
JAS,1852-04-13,0.19054528116000002,9.00514,3.07092,62048.27255675824,0.05888686183516523,-0.0573805814945364
JAS,1853-04-19,0.20846710196,9.06987,3.55471,58645.31901617853,0.04715665348761133,-0.06561974002915616
JAS,1854-04-25,0.21991762676,9.03531,4.06491,54101.47500436664,0.02890041905886953,-0.07514623634290962
JAS,1855-05-01,0.2325115676,9.09948,4.50216,51644.44790944791,0.0817992177005531,-0.0014526715259555179
JAS,1856-05-07,0.25276715256,9.07082,4.74126,53312.23188772605,0.0539891107160293,0.012380317751377934
JAS,1857-05-13,0.46868591692,8.3899,5.0537,92741.14350278013,0.6024259857264933,0.5215766688957506
JAS,1858-05-19,0.53972693684,7.21188,5.11148,105591.12758731325,0.17319423768062348,0.1640062934991715
JAS,1859-05-25,0.58802339544,7.14455,5.14483,114294.03798376235,0.08102153718380611,0.07524579495580408
JAS,1860-05-31,0.27334974212,7.70138,5.17692,52801.616041970905,-0.6027014603162062,-0.6046416991498784
JAS,1861-06-06,0.2444850954,6.65755,5.1575,47403.799398933596,-0.4195061146297472,-0.41796147936035866
JAS,1862-06-12,0.23823262892,6.52796,4.80038,49627.86881871852,-0.012456620920990424,0.044093157544419226
JAS,1863-06-18,0.29821046788,8.76841,4.6545,64069.2808851649,0.24639218146469188,0.2749154526828548
JAS,1864-06-24,0.29819956972,9.50917,4.74403,62857.85918723111,0.001010204428917305,-0.013116140701213364
JAS,1865-06-30,0.29234300731999996,9.47798,4.83182,60503.70405354504,-0.025867550454356403,-0.03945171318635443
JAS,1866-07-06,0.33218269396,8.619,4.91884,67532.73006643842,0.12874256668212247,0.11391878756424667
JAS,1867-07-12,0.30945561348,7.48084,4.9733,62223.395628657025,-0.05811881957884568,-0.06645562055668341
JAS,1868-07-18,0.30609133256,7.40824,5.00674,61135.85537894918,-0.007977439087900717,-0.012985816019827956
JAS,1869-07-24,0.30179268859999997,8.27903,5.05175,59740.226376998064,-0.012221105351250205,-0.018622516549028356
JAS,1870-07-30,0.3008418192,8.26835,5.09578,59037.44258975074,-0.0011137613277748537,-0.007987579627440011
JAS,1871-08-05,0.30625324183999997,8.24643,5.1398,59584.661239736946,0.02032376044791051,0.013572270588400048
JAS,1872-08-11,0.3035085716,8.21547,5.18205,58569.20940554414,-0.006211250917109279,-0.011780981559802228
JAS,1873-08-17,0.30753465392,8.39229,5.22487,58859.77142397801,0.01610877243612152,0.009334822582036217
JAS,1874-08-23,0.30807289292,8.36497,5.26707,58490.3737599842,0.001686507863970288,-0.004376462568355444
JAS,1875-08-29,0.30954346384,8.29282,5.31632,58225.137659132626,0.0034263483068341927,-0.0035851637634116695
JAS,1876-09-04,0.30830708376,8.09406,5.36366,57480.72841306123,-0.004467334012323687,-0.011325545687303595
JAS,1877-09-10,0.30298684676,7.89706,5.40576,56048.88984342627,-0.0018727580967328183,-0.007205754361105043
JAS,1878-09-16,0.313792258,8.13327,5.44786,57599.178025867026,0.021653913801022995,0.015324047734168733
JAS,1879-09-22,0.31073725956,8.10665,5.48826,56618.538400148675,-0.008273797368332558,-0.013887251130365152
JAS,1880-09-28,0.30389981284,8.13474,5.53033,54951.47899673257,-0.012892789659759596,-0.01822867969955355
JAS,1881-10-04,0.28702021452,8.33794,5.56053,51617.420375395865,-0.01617910164315961,-0.020775665653654962
JAS,1882-10-10,0.28815047352,8.31319,5.60855,51377.00003031086,0.0048480529427110675,-0.0018011897066360083
JAS,1883-10-16,0.30154805459999995,8.29914,5.66599,53220.71775629678,0.03935747934232903,0.03137233450644894
JAS,1884-10-22,0.3063723156,8.24497,5.71914,53569.647814181844,0.007889337374306082,0.00048551296147247847
JAS,1885-10-28,0.32088260152000003,8.34913,5.77932,55522.553089290785,0.036897990627660526,0.029166495473375686
JAS,1886-11-03,0.30744951328000003,8.32782,5.82487,52782.210294822034,-0.03560009105513284,-0.0417647997599766
JAS,1887-11-09,0.31652877672,8.2426,5.87037,53919.731928311165,0.022849763715095506,0.0167135619528056
JAS,1888-11-15,0.31190966248,7.12993,5.89417,52918.33497846177,0.014470695612112783,0.01190109903683978
JAS,1889-11-21,0.31428636876,7.15213,5.90417,53231.25329385841,-0.0006107638414258876,-0.0023675424117798327
JAS,1890-11-27,0.32599649368,6.72644,5.90419,55214.43139194369,0.040992376086182114,0.040870924708529044
JAS,1891-12-03,0.32770957491999997,6.71911,5.88722,55664.57087046178,-0.004470284230016164,-0.001956132915617803
JAS,1892-12-09,0.32205132127999997,6.70957,5.86639,54897.70050746711,0.000040994168524655095,0.0022593312212029204
JAS,1893-12-15,0.32211401196,6.71726,5.85338,55030.42890774219,0.0004707704231292631,0.002340823219206367
JAS,1894-12-21,0.32396889044,6.75547,5.83916,55482.10537817083,0.005813972782791721,0.007403608149088692
JAS,1895-12-27,0.3238371214,6.7779,5.82908,55555.442951546385,-0.0005911653174596188,0.0008298627095615352
JAS,1897-01-02,0.33012764980000003,6.9945,5.8304,56621.784062843035,-0.05825746576124102,-0.058105782929676164
JAS,1898-01-08,0.33121509876000005,7.2415,5.83002,56812.00043224552,0.0022073005209024554,0.0017543144958505064
JAS,1899-01-14,0.3303531166,7.26684,5.83395,56625.976671037635,-0.005259182415561114,-0.005656174301142403
JAS,1900-01-20,0.33081830392,7.29131,5.8318,56726.62024074899,-0.00023312806186392976,0.0004203972327736505
JAS,1901-01-26,0.33218683524,7.32486,5.82946,56984.15208955889,0.0036499132899430187,0.0033721814296838737
JAS,1902-02-01,0.33380056735999997,7.30714,5.83329,57223.37949253337,-0.0003393149272780116,-0.0006947366008345224
JAS,1903-02-07,0.33720907064,7.31726,5.83493,57791.45090686606,0.007305793965234786,0.007458426629211923
JAS,1904-02-13,0.33583217668,7.30132,5.82974,57606.71602507144,-0.002544708012274133,-0.002266328143756713
JAS,1905-02-19,0.34556200276,8.06174,5.8419,59152.33104982968,0.023866859542534202,0.022150038085202883
JAS,1906-02-25,0.37104567968,7.17614,5.83681,63569.94311618847,0.006640857547467238,0.0068949861286327074
JAS,1907-03-03,0.33382341096,7.5091,5.81089,57447.89713107631,-0.10040745920378036,-0.09716723010397965
JAS,1908-03-09,0.3301507456,7.55852,5.79681,56953.866971662006,-0.010251343734785756,-0.008241002495441352
JAS,1909-03-15,0.3317374164,7.5941,5.77751,57418.75243833416,0.0012343706078687955,0.0033280339548207305
JAS,1910-03-21,0.33075898856,7.61321,5.76416,57381.99296341531,-0.001525567231309144,0.0004477120227410758
JAS,1911-03-27,0.32608404504,7.37407,5.74887,56721.415693866795,-0.015898203417699763,-0.013638299804769827
SAR,1837-01-13,2.29492681912,10.53879,36.85564,62267.995322289884,0,0
SAR,1838-01-19,2.2442301252799997,10.49427,37.48938,59863.08990119335,-0.02241464077790223,-0.034583023785468514
SAR,1839-01-25,2.25016962196,10.47154,38.0774,59094.623633966614,-0.016209940710014248,-0.028012883747285944
SAR,1840-01-31,2.08167040952,10.63293,38.69594,53795.576732856214,-0.08175956894991165,-0.09297888682545286
SAR,1841-02-06,2.02064344924,10.47628,39.35543,51343.44737790948,-0.03775434688432433,-0.049646926236585176
SAR,1842-02-12,2.43660897116,9.88307,39.94374,61001.022216747864,0.12201789634258287,0.10913292801811991
SAR,1843-02-18,2.1634577296799997,9.77308,40.58328,53309.090090303194,-0.06879397099286932,-0.07970306488694912
SAR,1844-02-24,2.14321238092,9.46805,41.25631,51948.717200350686,-0.008975488644573426,-0.02174300740666424
SAR,1845-03-02,2.14804960812,10.17135,41.92317,51237.766803416824,-0.01916391689720931,-0.03131328378437348
SAR,1846-03-08,2.2565850689199998,10.10748,42.71049,52834.44579821023,0.04685624934549093,0.0326349315322243
SAR,1847-03-14,2.39476098888,10.13214,43.46471,55096.6747248515,0.0478390895582399,0.033780454162441576
SAR,1848-03-20,2.6107117410400003,9.97962,44.2209,59037.960354493014,0.05180034570486258,0.0379699993538003
SAR,1849-03-26,2.64034078984,10.04008,45.02445,58642.37741582629,0.02515714236295863,0.011743108097632904
SAR,1850-04-01,2.6847444416,10.1091,45.81214,58603.34054685068,-0.03603340030771929,-0.0487896356807046
SAR,1851-04-07,2.8061663032,10.03054,46.47989,60373.77246805016,0.0380424235435568,0.026660625160933815
SAR,1852-04-13,2.7012136309600003,10.13593,47.20823,57219.12537199552,-0.02250555716717495,-0.03341164331176194
SAR,1853-04-19,2.9368335843600004,10.27061,48.04229,61130.17477643135,0.06641576159220564,0.052188645339208195
SAR,1854-04-25,3.2777126225999997,10.47238,48.71059999999999,67289.51445065346,0.12188469040617189,0.10926462676183246
SAR,1855-05-01,3.3118277056800003,10.6918,48.9273,67688.7485244434,-0.0019828038812071958,-0.004734576321654083
SAR,1856-05-07,3.36082617884,10.80883,49.77409,67521.59966842187,0.041955786798779204,0.028416536387772418
SAR,1857-05-13,3.4254524288400003,10.72342,50.61011,67683.16506010361,0.010693028379062275,-0.0015056929647571105
SAR,1858-05-19,3.39735041412,9.29703,51.27306,66259.95043244932,-0.028480205787950297,-0.03814412029848391
SAR,1859-05-25,3.55874300756,9.34037,51.95958,68490.60380318701,0.04224215229085493,0.03152659617234632
SAR,1860-05-31,3.96001276944,9.34274,52.68266,75167.28975795831,0.10427248622171859,0.09276719312705883
SAR,1861-06-06,4.205313696999999,9.2576,53.40251000000001,78747.49140068509,0.049750054945800315,0.03897653409378066
SAR,1862-06-12,4.3037146776,9.33185,54.1108,79535.22545591638,0.01914990378354786,0.009046581216733962
SAR,1863-06-18,4.55862101136,9.95914,54.82567,83147.5659369051,0.02093345239680411,0.011179616356322475
SAR,1864-06-24,4.3187859587599995,10.11351,55.67056,77577.5555115666,-0.01530800497152296,-0.026868310600338674
SAR,1865-06-30,4.642865312800001,10.07883,56.602430000000005,82025.90088093391,0.04294618796942862,0.030356227695764737
SAR,1866-07-06,4.75665948472,9.99513,57.48264,82749.49592990162,0.024183754272445235,0.01208745223756913
SAR,1867-07-12,4.886277407440001,9.93542,58.34441,83748.85284537113,0.020457128880363662,0.008923887282086929
SAR,1868-07-18,5.2214459606400005,9.93713,59.24241000000001,88136.96067800077,0.04503300956812861,0.033323937182402785
SAR,1869-07-24,5.2404516470799996,9.82407,60.02953999999999,87297.88112785805,0.004122164759523539,-0.006053586833412172
SAR,1870-07-30,4.875792806560001,9.22408,60.81244,80177.55588428947,-0.06266379328745586,-0.07198113385801697
SAR,1871-08-05,4.89144539884,9.09457,61.52003,79509.80191069478,-0.012268868720961335,-0.020656153830572954
SAR,1872-08-11,5.0651758102399995,9.08141,62.18928,81447.73199239482,0.05770050916874392,0.048914916662082586
SAR,1873-08-17,4.9345865998,9.09926,62.84388,78521.3548208672,0.014504520551161137,0.006745558894381665
SAR,1874-08-23,5.32488062808,9.08703,63.37872000000001,84016.85341830822,-0.014515790962885355,-0.020889116327569734
SAR,1875-08-29,5.64923046272,8.54909,67.92733,83165.7958986464,0.05394005416986891,-0.015084459550145812
SAR,1876-09-04,5.78346806804,8.4397,68.48175,84452.69094379159,0.030982600198175447,0.02463139786356039
SAR,1877-09-10,5.896264804039999,7.97732,68.9543,85509.74781906276,0.038304677778782104,0.03274668543446846
SAR,1878-09-16,6.10940657704,9.13748,69.50922,87893.47049269147,0.02394635252909305,0.01745713319091169
SAR,1879-09-22,5.97856876968,9.14981,70.0605,85334.37200248356,-0.0076813581882198,-0.013162749653371275
SAR,1880-09-28,5.86400197552,9.43171,65.22001,89911.08672813757,-0.06332484937379312,0.008319981791761188
SAR,1881-10-04,6.62366786952,9.6688,71.02248,93261.5683023178,0.08051187932435244,0.005955110159798771
SAR,1882-10-10,6.672118197680001,9.77644,71.98441,92688.37790960571,-0.00905132708475942,-0.018886202240967487
SAR,1883-10-16,7.07572168784,9.81794,72.75788,97250.24544200573,0.030043666993494478,0.021784374090837444
SAR,1884-10-22,7.48338879964,9.83148,73.56863,101719.83357091196,0.039911838065921135,0.031541656071550905
SAR,1885-10-28,7.8374716185999995,10.05852,74.31208,105466.99296534291,0.003479444133742682,-0.004419939460402644
SAR,1886-11-03,7.630099385479999,9.52576,75.0494,101667.69335237856,-0.03238213322906358,-0.03973440598678013
SAR,1887-11-09,7.45103858148,9.51622,75.70198,98425.94052995706,-0.012767043209345075,-0.01900946002318238
SAR,1888-11-15,7.2547207901999995,9.58096,76.31415,95063.90086504271,-0.019915614054430653,-0.026023020869586744
SAR,1889-11-21,7.1142184724,9.41116,72.672,97894.9041226332,-0.03791997308713013,0.011831332131008399
SAR,1890-11-27,7.89122170616,9.35534,76.65913,102939.09813690814,0.2046046264603938,0.05055131051634598
SAR,1891-12-03,8.85614317484,9.65184,77.11225,114847.42274852567,0.06124215103682884,0.05652686713965749
SAR,1892-12-09,9.152085313279999,9.94215,77.60899,117925.5819883753,0.06985104610644344,0.0647763342867187
SAR,1893-12-15,9.65202812132,9.94327,78.37474,123152.28249969313,0.030060091813202572,0.022602110400579356
SAR,1894-12-21,9.90823340468,10.87861,78.91376,125557.74055982126,-0.018166004972510863,-0.023250838253635386
SAR,1895-12-27,10.3721542184,10.85495,79.96525,129708.26975967686,0.035177382511284216,0.02524388487915319
SAR,1897-01-02,12.20034462504,11.08859,80.89344,150819.9506046473,0.0952831752732759,0.0856444284899267
SAR,1898-01-08,11.82431614364,11.09393,81.75353,144633.70748198885,0.2524479035112821,0.24226587013212142
SAR,1899-01-14,4.42726458772,10.38395,24.19906,182951.9240714309,-0.6065734622789115,0.3328289967790026
SAR,1900-01-20,4.1648071493600005,9.31949,24.10362,172787.62067108593,-0.06420026546023316,-0.05980190025998744
SAR,1901-01-26,4.34991468444,9.95454,24.201400000000003,179738.14260497325,0.004431843862425344,0.0013997475138773918
SAR,1902-02-01,5.4895326876,11.47,24.34891,225452.91298871284,0.2155248490068804,0.21015714444317668
SAR,1903-02-07,0.8574786958399999,6.58667,10.17547,84269.19796726834,-0.8526307017880166,-0.647154897879133
SAR,1904-02-13,1.0500498933600002,8.66787,10.15718,103380.06152888892,0.20422259302489176,0.20614598795781713
SAR,1905-02-19,0.98973105556,8.69144,10.20762,96960.02158779421,-0.038793905470842605,-0.04239275595558889
SAR,1906-02-25,0.5163252203200001,6.72358,10.08884,51177.857942042894,-0.3758089293403858,-0.37260624828373
SAR,1907-03-03,0.38130340143999997,5.31521,9.23481,41289.79388206146,-0.1988871302116546,-0.1443712060413893
SAR,1908-03-09,0.19959144816,5.06269,8.42897,23679.221560878734,-0.40710351993928817,-0.362862310332286
SAR,1909-03-15,0.25994060352,5.46326,8.06299,32238.73569482289,0.2653007172639039,0.30718474641619764
SAR,1910-03-21,0.38854480704,6.27645,7.92051,49055.528878822195,0.497604319390448,0.5169716777493665
SAR,1911-03-27,0.31579580188,5.56182,7.43322,42484.38790725957,-0.135182864618264,-0.09115348374489096
PHI,1837-01-20,1.5164704973599998,8.3388,25.61594380519271,59200.25859256414,0,0
PHI,1838-02-02,1.81295763636,8.50304,25.752789999999997,70398.49415772039,0.1642193283763569,0.16050445116911716
PHI,1839-02-01,1.9036031409199998,8.69373,25.75279,73918.32655490919,0.02079611250524316,0.020158467412936476
PHI,1840-02-14,2.2263921342,8.90875,25.75279,86452.4633719298,0.15173632328911268,0.15284729628450333
PHI,1841-02-27,2.58715417272,9.11128,25.36530655944624,101995.77784154647,0.062471650936906986,0.05573876401312772
PHI,1842-02-19,2.50250754052,9.23485,25.75279,97174.23007448901,-0.002401217064139094,0.006994244571943975
PHI,1843-02-25,2.93410063596,9.26071,25.75279,113933.3111464816,0.04808332961225181,0.05715289958794845
PHI,1844-03-10,3.51670678996,8.6882,25.75279,136556.3416608453,0.1589395374791278,0.1494518585613258
PHI,1845-03-09,3.31235762364,9.52881,25.75279,128621.31146334046,-0.030185811022136466,-0.026559100297881333
PHI,1846-03-22,3.55026669712,9.70017,25.75279,137859.49782994387,0.09767950889182653,0.09587277538801331
PHI,1847-04-04,3.73866991524,9.53385,25.75279,145175.33499244158,0.014127663218214348,0.018886199946197335
PHI,1848-03-27,3.77127885108,9.8107,25.752790000000005,146441.5642375059,0.02983559096276034,0.02927221474963959
PHI,1849-04-02,4.06457202788,8.94089,25.752789999999997,157830.35655088245,0.011002825559988993,0.010321639936285765
PHI,1850-04-15,3.95856188,8.97493,25.75279,153713.90361976312,-0.03482299117552323,-0.03450054566408711
PHI,1851-04-14,4.078584263,9.11653,25.75279,158374.4620679934,0.03350558681477689,0.04212688546101817
PHI,1852-04-27,3.9280279043200004,9.0553,24.648001548954717,159364.96500612164,0.014960977094596428,0.013409675498430973
PHI,1853-05-10,4.77818416192,8.93389,25.752790000000005,185540.44676013742,0.13692854526133202,0.12378473408916357
PHI,1854-05-02,4.94384185984,9.14513,25.75279,191973.05844687117,0.0046692960985244,0.005702580599867391
PHI,1855-05-08,4.950475517,8.9453,25.75279,192230.64829092304,0.0007873722351205981,0.003165204564836266
PHI,1856-05-21,5.01512897912,9.75173,25.688834548615244,195226.02201470212,-0.007368876210523845,-0.006366866632475765
PHI,1857-05-20,5.41436083032,9.43637,25.75279,210243.66021390303,0.034915338948454,0.030276742072042895
PHI,1858-06-02,5.7537364773199995,9.58953,25.75279,223421.8691380623,0.016978832851085812,0.019902731248824024
PHI,1859-06-15,4.89212272484,9.29708,25.752789999999997,189964.76594730126,-0.057780460074706386,-0.07050623158773306
PHI,1860-06-07,6.125489577480001,9.16969,25.75279,237857.31866256046,0.24490261063013863,0.24625912907790481
PHI,1861-06-13,7.38973225536,9.42216,25.75279,286948.80264856736,0.20914395314869183,0.20794415139561662
PHI,1862-06-26,8.193325738,9.40863,25.75279,318152.9355848434,0.07903151433054134,0.0798072368068461
PHI,1863-06-25,8.6995830376,9.33031,26.016020994657065,334393.29709130543,0.053083226625416424,0.054409147383297496
PHI,1864-07-08,9.51881229052,9.32453,25.75279,369622.5647986101,0.05756102527109297,0.0594959293746371
PHI,1865-07-21,10.4416931112,9.46214,25.75279,405458.7138403256,0.07476724419953196,0.06792090137605133
PHI,1866-07-13,10.144661559760001,9.59829,25.75279,393924.757657714,-0.03920855420945235,-0.036688279579987215
PHI,1867-07-19,9.295537317560001,9.54623,26.05480625431246,356768.62175942876,0.32595808566455164,0.30239122982756084
PHI,1868-08-01,9.675753073480001,9.70568,25.75279,375716.6921906326,0.04767187515076943,0.048647491170964896
PHI,1869-07-31,10.090489812000001,9.86832,49.51858,203771.79256755748,0.022149607085826917,-0.4695640839169334
PHI,1870-08-13,9.82479918316,9.99413,49.51858,198406.3190656921,-0.02996463750185463,-0.031367488201984095
PHI,1871-08-26,12.515098589239999,10.15339,51.778343879566336,241705.27003237978,0.16339164764693992,0.16863893684427778
PHI,1872-08-18,12.31473598264,11.04856,49.51858,248689.19873388938,-0.026211835659685878,-0.029185579546103124
PHI,1873-08-24,12.851080565959998,11.22845,49.51858,259520.3773201897,0.03389563646004978,0.03817200278262578
PHI,1874-09-06,13.80113188792,11.302,49.51857999999999,278706.13187857973,0.05265788942486327,0.050222417336347025
PHI,1875-09-05,13.53749010536,11.37927,49.51858,273382.03368028725,0.007328881896482953,0.005616520438512795
PHI,1876-09-18,14.12464969396,10.98762,49.51858,285239.3928493103,0.039993537994036155,0.035507532959618615
PHI,1877-10-01,15.13891895152,10.87691,49.51858,305721.99266457156,0.09145783678856034,0.09272254691875781
PHI,1878-09-23,14.80258452556,10.79923,49.51857999999999,298929.9072299731,-0.013263722046780169,-0.010231947027130261
PHI,1879-09-29,15.79823183484,10.93423,49.51857999999999,319036.44722526375,0.05776802307764117,0.05341783146600321
PHI,1880-10-12,14.981648783399999,11.2494,49.51858000000001,302546.00966748234,-0.03527577148770844,-0.03665682586796015
PHI,1881-10-11,14.1667083688,11.32037,49.51858,286088.7442410505,-0.01133922007146071,-0.018445497908663455
CAR,1884-03-05,7.91628897176,6.35921,139.7917,56629.17735287575,0,0
CAR,1885-03-11,13.02378758096,7.96213,136.06413,95718.00871368522,0.09988556281691174,0.12107666175965592
CAR,1886-03-17,9.80203952312,7.33782,132.83063,73793.51828053514,-0.243556207735535,-0.23000017953292307
CAR,1887-03-23,11.639806913280001,9.17316,131.77528,88330.73178277443,0.18035492216975313,0.18576676815517845
CAR,1888-03-29,12.87554643128,9.52497,131.6566,97796.43733227199,0.09512115120237019,0.0951011603959162
CAR,1889-04-04,16.07554313456,10.99628,126.54897,127030.21711326453,0.1013863540518003,0.11910927378447367
CAR,1890-04-10,20.61060679028,11.73607,132.66039,155363.68308792094,0.25991056896100906,0.2330928593031445
CAR,1891-04-16,21.03536254872,12.71734,133.60967,157438.9230114856,0.0008470971911753722,-0.004838562162153726
CAR,1892-04-22,23.05327678316,12.69397,134.68394,171165.74391245164,0.05170921694251418,0.04566944310637133
CAR,1893-04-28,23.33659618056,12.79553,135.56824,172139.11001986897,0.03234036136640128,0.026775084984054676
CAR,1894-05-04,25.57446395972,13.20326,136.73698,187033.99738476015,0.07713890245463317,0.07016128835032576
CAR,1895-05-10,26.115257040600003,13.2501,138.04551,189178.60523388264,0.009450572108954391,0.0025624478471810708
CAR,1896-05-16,26.74404181592,13.32806,139.09467,192272.22593015243,0.033247138629776574,0.02693860219039501
CAR,1897-05-22,27.42077310648,13.43779,140.46822,195209.79981436368,0.004058609625155363,-0.0028599847768286946
CAR,1898-05-28,27.75789883516,13.43023,141.74256,195833.19812454353,0.0035076003495648767,-0.003639653434395984
CAR,1899-06-03,28.95130959968,12.66595,142.76934,202783.8021782548,0.025135734809977217,0.019382031466638194
CAR,1900-06-09,30.831422424400003,13.2547,143.69829,214556.64103170612,0.04304064898124116,0.03833294116702568
CAR,1901-06-15,30.48394049168,13.51776,148.45647,205339.2519145848,-0.012460972859095643,-0.04336006595758135
CAR,1902-06-21,29.37545000104,13.72923,149.06356,197066.6070301823,0.043941646703398174,0.04051151491610305
CAR,1903-06-27,25.58472136428,12.15017,149.11656,171575.3190945392,-0.16521475817895415,-0.16518617228618881
CAR,1904-07-03,29.21751600092,12.49197,149.12258,195929.52322123182,0.1587795217708241,0.15792978823095583
CAR,1905-07-09,27.213562259,12.38311,148.6991,183010.9412834375,-0.0678505941166897,-0.06514358614968918
CAR,1906-07-15,27.23201131872,12.55217,148.72873,183098.52655045196,-0.003288915155146732,-0.0027452174167669208
CAR,1907-07-21,31.893483276719998,13.30203,149.1744,213799.97691775532,0.14724775402658707,0.14442400744451933
CAR,1908-07-27,34.5476424384,13.80728,150.12741,230122.15050136414,0.06738164345359787,0.06275569564541539
CAR,1909-08-02,33.61037884048,14.1831,151.08459,222460.66816264982,0.01716424094044955,0.012101426091212897
CAR,1910-08-08,37.583907716679995,14.50999,152.12672,247056.58359478202,0.07451280364679302,0.0688012560186051
HAU,1837-01-13,0.16053335688,4.68066,3.97983,40336.737217418835,0,0
HAU,1838-01-19,0.14725984832,5.63786,3.9588600000000005,37197.53876621047,-0.034156428981431675,-0.030352045660569815
HAU,1839-01-25,0.14695797948,5.66291,3.9440700000000004,37260.48966676555,0.00044661614981111875,0.0033903656365259494
HAU,1840-01-31,0.14045793580000002,5.5844,3.92919,35747.30053776987,-0.03813428507776517,-0.03526922526159326
HAU,1841-02-06,0.14100038628,5.63954,3.91669,35999.88415728587,0.0029346666242813235,0.005365442691033895
HAU,1842-02-12,0.14389796408,5.74219,3.9042900000000005,36856.37185762328,0.02005105897343018,0.022432175960789946
HAU,1843-02-18,0.14957364499999998,6.39829,3.8915200000000003,38435.78987130992,-0.060676010061448626,-0.05798231204940518
HAU,1844-02-24,0.15236985764,5.91115,3.88284,39241.858443819474,0.006608913345351519,0.00847495800165432
HAU,1845-03-02,0.15435679116,5.98745,3.87168,39868.168639970245,-0.025731391267814985,-0.023548382721815586
HAU,1846-03-08,0.1619124052,6.01658,3.8639,41903.88084577758,0.008175430782057402,0.009745033561791905
HAU,1847-03-14,0.15837462732,6.10603,3.8568500000000006,41063.20632640626,-0.01412206390958215,-0.012766518399081717
HAU,1848-03-20,0.1578974384,6.13168,3.8499,41013.38694511546,-0.002043102065112379,-0.0007138517383918908
HAU,1849-03-26,0.15775149364,6.16193,3.84319,41047.01917937963,-0.0007700507022706526,0.0005108548622276832
HAU,1850-04-01,0.15739274772,6.18511,3.8368700000000002,41021.13121372369,-0.0009184383294030818,0.0003074178847330966
HAU,1851-04-07,0.15706309995999998,6.20724,3.83093,40998.68699245353,-0.0006856489523989762,0.000505867248129066
HAU,1852-04-13,0.15291496844,5.90371,3.8222600000000004,40006.42772600503,-0.02330663583076642,-0.02150706170652361
HAU,1853-04-19,0.1527323278,5.94793,3.8116899999999996,40069.451555609194,-0.0008718902039842602,0.0010863918815284812
HAU,1854-04-25,0.15221244844,5.97983,3.80242,40030.414430809855,-0.0024305503085750857,-0.0005609636609448243
HAU,1855-05-01,0.15179496332,6.00644,3.7937800000000004,40011.5355450237,-0.0020823191580047196,-0.00032011645539475886
HAU,1856-05-07,0.15148648632,6.03818,3.78471,40025.91646916144,-0.0019041380166200383,-0.00018353292539663446
HAU,1857-05-13,0.15104066691999998,6.06886,3.77629,39997.10480921751,-0.0015553849712405254,0.00010616403637309091
HAU,1858-05-19,0.15075239504000001,6.08908,3.76844,40003.9260383607,-0.001624350337544711,-0.000041934282006717005
HAU,1859-05-25,0.1503660678,6.11666,3.76093,39981.08653976543,-0.001494358063054868,0.000014713314167247304
HAU,1860-05-31,0.14408777188,6.30952,3.7548600000000003,38373.67355374101,-0.039515821839604004,-0.03827109685297281
HAU,1861-06-06,0.14800278792,6.45359,3.75284,39437.542746293475,0.012774169691271986,0.013126218584720961
HAU,1862-06-12,0.15070592679999997,6.51353,3.7511699999999997,40175.712324421445,0.0095206956816285,0.009853865217443358
HAU,1863-06-18,0.15164042764000002,6.59656,3.5290899999999996,42968.705144952386,0.00551808738291526,0.06879020592239882
HAU,1864-06-24,0.15282125768000002,6.51795,3.7467099999999998,40788.120158752616,-0.005438075097011663,-0.019098758282530603
HAU,1865-06-30,0.15510232452,6.63873,3.74586,41406.332463039194,0.0038736280561804115,0.0040633045247773225
HAU,1866-07-06,0.15323391096,6.65652,3.74686,40896.62035944765,-0.007117152903666657,-0.007230562050468903
HAU,1867-07-12,0.15200628092,6.6621,3.74731,40564.106230869605,-0.0026977775768273204,-0.0028487871147955257
HAU,1868-07-18,0.1516891662,6.6768,3.74794,40472.677310736035,-0.0015002456060601022,-0.0016605836710632538
HAU,1869-07-24,0.15157578436,6.68661,3.74935,40427.21654686812,-0.0009537064859029831,-0.0011610874870695564
HAU,1870-07-30,0.15142476388,6.69796,3.75031,40376.599235796515,-0.0006774545482213234,-0.0009122395362392011
HAU,1871-08-05,0.1512886414,6.70468,3.75188,40323.422230988195,-0.0006489994172568236,-0.0009230032529440324
HAU,1872-08-11,0.15679021591999998,6.71472,3.75253,41782.534961745805,0.02052864822264966,0.02029676711854478
HAU,1873-08-17,0.15401830496000002,6.68623,3.73882,41194.362114249954,0.0065243529282106305,0.022077008536219855
HAU,1874-08-23,0.15274356188,6.65615,3.7394000000000003,40847.07757394234,-0.005785508424996033,-0.005820187475775174
HAU,1875-08-29,0.15307564844,6.67041,3.7389000000000006,40941.359340982635,0.0007159952593578378,0.0007487285437490776
HAU,1876-09-04,0.15444069524,6.75146,3.73945,41300.37712497827,0.009317345793243836,0.009180846800716624
HAU,1877-09-10,0.15358419596,6.75908,3.74134,41050.58507379709,-0.0046245887457457835,-0.004920624434307075
HAU,1878-09-16,0.15235932504,6.70911,3.7437500000000004,40696.98164674457,-0.009316141585959836,-0.009868765916916211
HAU,1879-09-22,0.15225303964,6.71647,3.74672,40636.35383482086,-0.000681259729146233,-0.0012921174326520068
HAU,1880-09-28,0.15222016368,6.72887,3.75004,40591.610670819515,-0.000025069996703819264,-0.0006636069703062075
HAU,1881-10-04,0.15235536056,6.73592,3.7529,40596.7013669429,0.000055840260500206185,-0.0005767125936156914
HAU,1882-10-10,0.15323262292,6.76539,3.7565,40791.327810461866,0.0007581727241039449,0.00014355636277851858
HAU,1883-10-16,0.1531934872,6.77188,3.75943,40749.126117523134,-0.00011748068201933304,-0.0007554633513077169
HAU,1884-10-22,0.15159570504,6.51989,3.75888,40330.01985697867,-0.023274989183201922,0.029419523814100623
HAU,1885-10-28,0.14923333256000001,6.44549,3.75514,39741.083570785646,-0.011718472922448653,-0.010869044320571675
HAU,1886-11-03,0.14891776328,6.46692,3.7508699999999995,39702.19263264257,-0.0014521616593118347,-0.0006643580640590674
HAU,1887-11-09,0.15631813496,6.75547,3.75335,41647.63077250989,0.03326887648866972,0.03264043768276914
HAU,1888-11-15,0.15610061947999998,6.7578,3.75701,41549.16262666322,-0.0011159746876858723,-0.001796244698365368
HAU,1889-11-21,0.15718153984000002,6.77954,3.7603,41800.2658936787,0.006898361700629074,0.006188734833044274
HAU,1890-11-27,0.1570119902,6.78161,3.76423,41711.58250160059,0.00287085494837358,0.0020914569417269657
HAU,1891-12-03,0.15799627012,6.86657,3.7679500000000004,41931.625982298065,0.008273011645007822,0.00753098522538731
HAU,1892-12-09,0.15965703779999998,6.88144,3.77249,42321.39456963438,0.017798988075477418,0.016826340106181448
HAU,1893-12-15,0.15788677476,6.89698,3.77761,41795.41423280857,-0.003981128909392839,-0.004875613893428721
HAU,1894-12-21,0.1581668712,7.43391,3.78619,41774.67881960493,0.005137509846263599,0.0033475302071019897
HAU,1895-12-27,0.16012096568,7.09184,3.79451,42198.06132544123,0.008843318542652412,0.00716510180250185
HAU,1897-01-02,0.16170102624000002,6.87762,3.7993400000000004,42560.29369311512,-0.002086140587335583,-0.0028733247098438053
HAU,1898-01-08,0.16129438936,6.86796,3.80196,42424.01007901188,-0.0026653174824591286,-0.0032709823339979183
HAU,1899-01-14,0.16135692456,6.87007,3.80468,42410.11716097018,0.0004570567126300773,-0.00008806636079805585
HAU,1900-01-20,0.16147171404,6.87415,3.80781,42405.40206575433,0.0005591167948697517,-0.000031298667106494094
HAU,1901-01-26,0.160342403,6.93747,3.80955,42089.59142155897,-0.023821641486742817,-0.024276084551256516
HAU,1902-02-01,0.16015143299999998,6.06457,3.80728,42064.52716900254,0.004496048100044003,0.004801048971771804
HAU,1903-02-07,0.15258428224,6.35257,3.79621,40193.8465574876,-0.024089399328790617,-0.022032114927159063
HAU,1904-02-13,0.15308337668,7.25429,3.79277,40361.89293840649,-0.0001122063776398674,0.0006999834639411784
HAU,1905-02-19,0.14991766088,7.17821,3.7977700000000003,39475.181719798726,-0.009732343736517324,-0.010624433298243141
HAU,1906-02-25,0.14950204152,7.20461,3.80497,39291.253681369366,-0.002307971938627418,-0.003683013264122903
HAU,1907-03-03,0.14793557376,6.34387,3.80293,38900.41987625331,-0.006590340388455407,-0.006095825935856336
HAU,1908-03-09,0.14737443188,6.37557,3.80156,38766.83042750871,-0.002935188395171817,-0.0025955291299848415
HAU,1909-03-15,0.15074146984,6.4088,3.8013099999999995,39655.13726583731,0.016795329151488403,0.016789019879050793
HAU,1910-03-21,0.15060681375999999,7.30596,3.8069799999999994,39560.70527294601,-0.0008970037417973531,-0.00201193595487259
HAU,1911-03-27,0.14265973488,7.57806,3.59752,39655.02203740355,-0.06021244563139416,-0.004343356449278635
ARG,1899-02-04,1.4930518293600001,9.85381,48.70337,30656.027074923153,0.27392629783460865,0.2668920302658311
ARG,1900-02-17,1.3628272892,10.98697,50.05481,27226.69987559637,-0.09438705859005503,-0.11604574912044185
ARG,1901-02-16,1.35609079372,10.94088,51.53471,26314.12486302921,0.008465015192979264,-0.011473009891900032
ARG,1902-03-01,1.41561593108,10.76989,51.53471,27469.17429204511,0.03661329400103108,0.03875585417541272
ARG,1903-03-14,1.5575175579599998,10.73986,51.53471,30222.689871738872,0.03258358378520332,0.031880860357649476
ARG,1904-03-06,1.58606962436,10.74672,55.28761,28687.61417540024,0.01885762337128294,-0.05157881689730992
ARG,1905-03-12,1.625008788,10.55778,56.10044,28966.061371354663,0.018193980460694537,0.0035495828414369157
ARG,1906-03-25,1.69076364808,10.34836,57.01257059851561,29655.979906368597,0.041928915775879316,0.026660048727186192
ARG,1907-03-24,1.58484643044,10.54816,59.46899,26649.963795248583,-0.03300992237349554,-0.052425564019458415
ARG,1908-04-06,1.75005713012,10.11407,59.46899,29428.062089502448,0.020867132471466654,0.011668193669686522
ARG,1909-04-19,1.79315209684,10.18033,61.41042,29199.47619377949,0.018388230762250046,0.007858898518678048
ARG,1910-04-11,1.88983655328,10.08039,63.12966,29935.794890705893,0.04004093120757091,0.011454157751944471
ARG,1911-04-17,1.92114800956,9.85741,63.12966,30431.78134588401,0.010838192090222076,0.010676979701102596
KBU,1889-06-06,0.26338126204,9.53786,12.24186,21514.807557021562,0.04011710817330161,0.03975608077911663
KBU,1890-06-19,0.30225559312,10.37941,12.69024,23817.957195450992,0.06660137064067007,0.03303195997970598
KBU,1891-06-18,0.32287218808,9.64014,12.69024,25442.559642686032,0.06676945909054721,0.06597407925744725
KBU,1892-07-01,0.32760940524,9.42438,12.843297644079918,25508.200021433797,-0.015170636070986454,-0.016516228248793285
KBU,1893-07-14,0.33692013264000004,9.31122,12.69024,26549.54773432181,-0.007682653869287348,-0.0031505969216776286
KBU,1894-07-06,0.33244962608,8.64955,14.01315,23724.118137606463,-0.021281609462218465,-0.11358171842558518
KBU,1895-07-12,0.43927982643999997,9.32919,14.01315,31347.686026339543,0.24037565215723133,0.24358136097183514
KBU,1896-07-25,0.3659893952,10.10438,14.091400760799825,25972.534697766027,-0.16223354683452684,-0.1635746927116153
GUA,1838-01-12,0.1440118732,8.52233,4.91143,29321.78066265833,0,0
GUA,1839-01-18,0.11794515876,9.657,4.97466,23709.189926547744,-0.1709319169635677,-0.17827771951705917
GUA,1840-01-24,0.11483782856,9.6428,5.05306,22726.393227074284,-0.010627948688374578,-0.022564212900003433
GUA,1841-01-30,0.11025957436,10.42402,5.13235,21483.25316083276,-0.07017575761649275,-0.08122594057696897
GUA,1842-02-05,0.12065718132,9.55685,5.23107,23065.48781033326,0.3786900221368823,0.3598200914404026
GUA,1843-02-11,0.12170719599999999,11.14185,5.32538,22854.180546740325,-0.0255562066193461,-0.03902979887843594
GUA,1844-02-17,0.11780529903999999,11.15724,5.42156,21729.040910734177,-0.013944044311709924,-0.02663647674373326
GUA,1845-02-23,0.11775309571999999,11.15623,5.52004,21331.92797878276,0.0032865156187884548,-0.010735595882122917
GUA,1846-03-01,0.11536736328000001,10.43206,5.623079999999999,20516.756524893834,0.00845259847929758,-0.005863441771404854
GUA,1847-03-07,0.13783670680000001,10.29934,5.72407,24080.192380596327,0.28801626832620286,0.2717347532073713
GUA,1848-03-13,0.12454688116,10.59157,5.82463,21382.797046335992,-0.09760950487884301,-0.1097086832916595
GUA,1849-03-19,0.12767489332,10.57453,5.92866,21535.20244372253,0.018217261698423304,0.004395095871107868
GUA,1850-03-25,0.13079892332,11.20485,6.043470000000001,21643.016895922374,-0.004557576559118259,-0.018295819435016236
GUA,1851-03-31,0.12501231444,9.80581,6.15145,20322.4141365044,0.004957886205696704,-0.008938678737101968
GUA,1852-04-06,0.17979127244,7.62819,6.21773,28915.902176517793,0.35573715040624787,0.3449343302871972
GUA,1853-04-12,0.17357836912,4.96708,6.24621,27789.39054562687,-0.01096914221615286,-0.015168121167865811
GUA,1854-04-18,0.18905263519999999,5.06606,6.22953,30347.816801588564,0.07512461051528896,0.07749661456234191
GUA,1855-04-24,0.25039553812000004,5.15704,6.22154,40246.55280203937,0.19923169185297973,0.20000063436772275
GUA,1856-04-30,0.18357813396,5.66007,6.21276,29548.563594923995,-0.18063255451942728,-0.17969486048034344
GUA,1857-05-06,0.18918533244,6.57094,6.21138,30457.858388957044,0.010993993097346166,0.011348316136875702
GUA,1858-05-12,0.3087702488,8.60724,6.250029999999999,49403.00267358717,0.7400622192868667,0.7321704166955043
GUA,1859-05-18,0.22377492748000002,10.39349,6.299359999999999,35523.43848898936,-0.2943008380920248,-0.29840752199526654
GUA,1860-05-24,0.24781226288,9.46414,6.3598,38965.41760432718,0.10620685313796718,0.09821568248270429
GUA,1861-05-30,0.24703301688,9.46355,6.41456,38511.295689805695,0.00013390236351562557,-0.006060114106067438
GUA,1862-06-05,0.24740902524,10.77923,6.4769,38198.67918911825,-0.002811049207397165,-0.010203483810697467
GUA,1863-06-11,0.24788728692,10.79662,6.56268,37772.26482473624,0.008539917924698104,-0.0009322780353028248
GUA,1864-06-17,0.23890280960000002,10.84991,6.65668,35889.18343678831,-0.036102486643196596,-0.04668191209406247
GUA,1865-06-23,0.2452490222,10.79594,6.76041,36277.24090698641,0.04835858416632299,0.03593002295365122
GUA,1866-06-29,0.24843417404,10.92384,6.857150000000001,36229.94597463961,0.005239419615246321,-0.004791367805682678
GUA,1867-07-05,0.26247673972,10.79459,6.9558,37734.9463354323,0.04426615507010068,0.032710860525969165
GUA,1868-07-11,0.29430173188,10.84424,7.28547,40395.709800465855,0.11290610457316008,0.0706752837686051
GUA,1869-07-17,0.3181711312,10.66192,8.24173,38604.89620504433,0.05836440746290861,-0.042982727350115546
GUA,1870-07-23,0.37381585852,9.88462,8.41821,44405.62287232084,0.13121723363598647,0.11604409536112681
GUA,1871-07-29,0.35966450936000005,9.68325,8.47214,42452.61638263769,-0.058639108121303796,-0.06270129315325124
GUA,1872-08-04,0.39517620896,9.61699,8.52434,46358.5695737148,0.08544851634441364,0.08066743828034229
GUA,1873-08-10,0.38651874612000003,9.80385,8.61979,44840.85414145821,-0.0445240255466236,-0.05277432522663261
GUA,1874-08-16,0.39325122668,9.78024,8.74894,44948.44251760785,0.01542254819676625,0.004545262387237514
GUA,1875-08-22,0.40533067952,9.73644,8.87159,45688.61720616034,0.04217989345854534,0.030927473609404066
GUA,1876-08-28,0.44598014552000004,9.87429,8.99215,49596.60876653525,0.07459622785192255,0.06353776661723387
GUA,1877-09-03,0.49263675032,9.06711,9.12592,53982.14649262759,0.07652955377673254,0.0650295400525418
GUA,1878-09-09,0.56910251424,9.34931,9.23557,61620.72446421825,0.14612721084901525,0.13570271234331033
GUA,1879-09-15,0.59825095564,9.70012,9.36685,63868.9586830151,0.04444344179777171,0.03330866416757727
GUA,1880-09-21,0.61297817568,9.62789,9.50417,64495.70827121148,0.0009390773705386657,-0.009731660994870883
GUA,1881-09-27,0.49590451195999996,9.60922,9.62728,51510.34476612293,-0.01198041789431159,-0.021798672613596026
GUA,1882-10-03,0.45514895088,8.37639,9.74692,46696.695046229994,-0.02583630853042751,-0.03500921052030892
GUA,1883-10-09,0.47127114008,8.31988,9.81523,48014.273743967286,0.004428266891266741,-0.0009199432583940625
GUA,1884-10-15,0.45865713244,8.06753,9.88177,46414.4715410296,-0.04245077913134365,-0.0474552735608752
GUA,1885-10-21,0.45642453428,8.07462,9.94781,45881.911122146485,-0.0005449893561230157,-0.00530434226039489
GUA,1886-10-27,0.45534950084,7.96837,9.98468,45604.81666312791,-0.012308991777045586,-0.014899905707541072
GUA,1887-11-02,0.4562400024,8.82074,10.04926,45400.358076117045,0.014403710181686513,0.00957064351790149
GUA,1888-11-08,0.56586797956,7.94248,10.07449,56168.39954776867,0.15034358052714647,0.1475332858615317
GUA,1889-11-14,0.46512532403999995,7.99249,10.01611,46437.72123509027,0.03902749405201389,0.0166349507114667
GUA,1890-11-20,0.49899793476,7.89417,10.08657,49471.518539999226,0.00917559837253612,0.0036135362160265583
GUA,1891-11-26,0.56063953972,9.85585,10.18008,55072.21355038467,0.09897360093745866,0.09168817698256748
GUA,1892-12-02,0.6497632486799999,9.80991,10.30104,63077.44156706506,0.1732978202244415,0.16260505567564598
GUA,1893-12-08,0.61378937932,10.2989,10.44001,58792.029827557635,0.000223960238332932,-0.00934647288387358
GUA,1894-12-14,0.59937627204,10.15258,10.57949,56654.552538922006,0.007133635186202136,-0.00321196012529279
GUA,1895-12-20,0.62533627624,9.91028,10.7067,58406.07061372786,0.032302495570325274,0.022916836201864133
GUA,1896-12-26,0.72353303672,9.17743,10.829499999999998,66811.30585160904,0.05241466869417066,0.043723152017967504
GUA,1898-01-01,0.6385262483599999,9.13655,10.93495,58393.15665458003,-0.12551705784144385,-0.13211351221547585
GUA,1899-01-07,0.65025866308,9.09992,11.02895,58959.25388001577,0.018126849775230047,0.011660673546746825
GUA,1900-01-13,0.69487613312,8.21575,11.10479,62574.45058573823,-0.04315690566905761,-0.04809385434170388
GUA,1901-01-19,0.7005834945199999,7.97896,11.10649,63078.74895849183,-0.016797618879097698,-0.01675518792177666
GUA,1902-01-25,0.6555561480000001,8.14701,11.13774,58858.991860108064,-0.024246964987796216,-0.026496981819273957
GUA,1903-01-31,0.6245045871999999,7.41693,11.10185,56252.29913933262,-0.027787948131787643,-0.02532742200291349
GUA,1904-02-06,0.6308538397200001,8.88316,11.09393,56864.77557727514,0.021350751056265382,0.02166908215628105
GUA,1905-02-12,0.72141974164,8.87002,10.60721,68012.20506052015,0.1105933175403826,0.16231311867771003
GUA,1906-02-18,0.6484608000000001,8.79527,11.10622,58387.174034009775,-0.09906749168710072,-0.13878002217673735
GUA,1907-02-24,0.7684224173599999,9.54246,11.181469999999997,68722.8438979848,0.10187717848087852,0.09630814017277123
GUA,1908-03-02,0.7547271289999999,8.58397,11.26698,66985.75208263438,-0.020881956137470237,-0.02618609221799295
GUA,1909-03-08,0.72468202144,9.13473,11.35042,63846.27365683385,-0.05533835302189072,-0.0607868295068309
GUA,1910-03-14,0.7282444478400001,9.20935,11.43499,63685.62174868539,0.019605977668165853,0.013935308140573976
GUA,1911-03-20,0.85170374744,9.33721,11.51893,73939.48460837943,0.07376648580481482,0.0680357363196995
BEL,1860-07-26,3.25224896152,10.00555,30.182840000000002,107751.58870139456,0.26940237963855207,-0.5125554928859324
BEL,1861-08-01,3.5036697160399997,10.64154,30.56054,114646.85231478239,0.04622188953039319,0.036738494958159285
BEL,1862-08-07,5.16191425204,11.47849,29.535529999999998,174769.6503851463,0.4128085005518245,0.45130408497077745
BEL,1863-08-13,7.00003205928,12.62693,29.4979,237306.11532617573,0.22101570447257646,0.2223333265067775
BEL,1864-08-19,7.50449150932,13.04042,29.74685,252278.52728339305,0.028343718489694636,0.02226277501388574
BEL,1865-08-25,7.29491833408,12.77299,30.09387,242405.4577919025,-0.014584473522711305,-0.022945544771016402
BEL,1866-08-31,8.27699829372,12.57539,30.66942,269877.8879326704,0.08496822653109048,0.06919055289243725
BEL,1867-09-06,8.44545366496,12.15413,30.864969999999996,273625.8504369193,0.022879390080260187,0.017394133975126458
BEL,1868-09-12,8.37855200988,12.5039,30.608039999999995,273736.96616575256,0.019481635999661462,0.026011322676132265
BEL,1869-09-18,9.69920899532,12.65577,30.63268,316629.46223836765,0.15668134678948564,0.15529106186962416
BEL,1870-09-24,8.786346525839999,14.30285,31.13183,282230.3258703391,-0.2304371648268032,-0.2396512211728007
BEL,1871-09-30,9.30897552416,13.92444,32.22662,288859.8160204204,0.008368700742279911,-0.017474857467664306
BEL,1872-10-06,8.47604028544,13.89028,33.51773,252882.2890285231,-0.042450648115041845,-0.06842472641675212
BEL,1873-10-12,7.56754370528,13.49694,35.69024,212033.98198723234,-0.050505226437551065,-0.09570989439321775
BEL,1874-10-18,9.598381535080001,13.80017,37.69004,254666.26023957523,0.21042140092920936,0.1609625772863401
BEL,1875-10-24,10.0321378846,14.43725,39.4009,254616.97282549384,0.04594573975102367,0.009693748045246586
BEL,1876-10-30,10.89350130544,14.43802,41.14884,264734.10442287073,0.04972433685488009,0.015886679073034093
BEL,1877-11-05,11.377066813319999,14.5732,42.75427,266103.6386148097,0.032091507234788486,0.0022644868562657905
BEL,1878-11-11,13.03437078996,14.64696,44.401509999999995,293556.9261036393,0.12898349970412282,0.09655907540864628
BEL,1879-11-17,12.9904893248,14.92207,46.60864,278714.1895751517,0.014182524506942018,-0.02382272383669848
BEL,1880-11-23,13.822585698480001,15.05338,48.40351,285569.9038867223,0.053027105897434756,0.02305019122290064
BEL,1881-11-29,14.20354517244,14.72506,49.94239999999999,284398.53055600054,0.036193996398771855,0.013563301046055631
BEL,1882-12-05,15.025327050240001,14.7141,51.19711,293479.9845194387,0.03311778399837184,0.01238012030775626
BEL,1883-12-11,15.208024598,14.81077,51.56413,294934.1838599817,0.027851960371509943,0.022306587480082962
BEL,1884-12-17,16.1227611532,15.23729,51.9932,310093.6498080518,0.05074221981288929,0.04478218426323344
BEL,1885-12-23,16.807083758919998,15.83378,52.82666,318155.3359406027,0.02084492637113433,0.008974346956644341
BEL,1886-12-29,16.51758584372,15.7752,53.52756,308580.9598591828,-0.005169812408059582,-0.014981212962880797
BEL,1888-01-04,17.28423817276,15.52971,54.20897,318844.6150657354,0.03231343843370227,0.022686089575924218
BEL,1889-01-10,17.44897127324,15.65326,54.81029,318352.1063880523,0.015477739501362997,0.0069742520698037325
BEL,1890-01-16,18.139259640840002,15.86546,55.28466,328106.5604968901,0.0305376957518233,0.024111568769072944
BEL,1891-01-22,18.50150610464,16.24499,55.825239999999994,331418.29940435546,0.01310447874762355,0.005686522976919406
BEL,1892-01-28,18.83646392576,16.26364,56.348119999999994,334287.3537885559,0.016099475502993066,0.009244256402401785
BEL,1893-02-03,19.2816172692,16.20084,56.07641,343845.4292847919,0.018345109418498096,0.023832465261325764
BEL,1894-02-09,20.98433351872,16.19081,56.40810999999999,372009.1582348709,0.04237986255020654,0.037778496972814546
BEL,1895-02-15,22.560778667959998,16.31209,56.82477,397023.66886764346,0.07232388251385546,0.06655579470312545
BEL,1896-02-21,22.94961255392,16.47194,57.162139999999994,401482.73934320867,0.011555997166999843,0.00712910775558151
BEL,1897-02-27,23.82755909716,17.01351,57.54041,414101.30892637017,0.03503845703841124,0.02999662719395424
BEL,1898-03-05,24.91203613964,17.49527,58.05707,429095.64915418567,0.020532941994485965,0.013458241378254021
BEL,1899-03-11,26.0587730156,17.78139,58.59562,444722.1996388126,0.023610165074776646,0.016954110463319072
BEL,1900-03-17,27.44559945504,18.6003,59.4019,462032.35006018326,0.025324768652047913,0.014619348105815888
BEL,1901-03-23,26.90604297108,18.82306,60.03822,448148.57887325773,-0.0021318233345182236,-0.01022321177478236
BEL,1902-03-29,27.935907892360003,19.18275,60.71733,460097.76603088446,0.04540734061566898,0.0360861116417166
BEL,1903-04-04,29.009756797839998,19.17542,61.5302,471471.8430598308,0.0377465646453774,0.027218717389417613
BEL,1904-04-10,30.024384002599998,19.72706,62.37673,481339.4995633788,0.048312484870730144,0.037567658169150864
BEL,1905-04-16,31.24870441108,19.80474,63.02543,495811.0466057907,0.02079108674697938,0.013081573414455372
BEL,1906-04-22,30.04941962776,20.27208,63.83657,470724.220110197,-0.0408243027637063,-0.04960033484907922
BEL,1907-04-28,35.406891816919995,20.19807,65.79087,538173.3334263554,0.147773388422493,0.12256838951934879
BEL,1908-05-04,34.76489376152,20.83498,67.30588,516520.90072249254,-0.0037600177994103756,-0.020686156094832264
BEL,1909-05-10,36.04324540024,20.54954,70.39904,511984.8992293076,0.04609180245461442,0.008569207420856761
BEL,1910-05-16,39.924299465960004,20.8932,72.4012,551431.4606105976,0.07230048001746026,0.05179855138056455
BEL,1911-05-22,42.224076533079995,20.52475,73.55807,574023.7139593249,0.05642592091827159,0.04342873786271628
ABU,1837-01-13,0.04430928944,7.02323,0.60364,73403.50115963157,0,0
ABU,1838-01-19,0.045513052000000005,7.27125,0.60658,75032.23317616803,0.002521928877296853,-0.0011522829149098746
ABU,1839-01-25,0.04685473832,7.27878,0.6097800000000001,76838.75876545638,0.028110226963530938,0.024189033928623482
ABU,1840-01-31,0.046404315880000005,7.36161,0.61273,75733.70959476441,-0.016482075269705798,-0.02017396756143719
ABU,1841-02-06,0.04559081592,7.28847,0.61591,74021.87969021448,0.04168015677173953,0.03791900901718792
ABU,1842-02-12,0.05401620588,7.32431,0.61778,87435.98996406488,0.16253400945132546,0.1595551608270449
ABU,1843-02-18,0.05298561112,7.35198,0.61946,85535.1614632099,-0.006044475029130081,-0.008196294484647093
ABU,1844-02-24,0.05673920668,7.37532,0.62148,91296.91491278882,0.08802592352496141,0.08543178932508932
ABU,1845-03-02,0.05796076988,7.3787,0.62334,92984.19783745629,0.0058324013091550775,0.0035874841612606456
ABU,1846-03-08,0.055628639560000005,8.07476,0.62625,88828.16696207586,-0.032583500084527595,-0.03603275481852952
ABU,1847-03-14,0.058915536160000004,8.08194,0.63089,93384.79950546056,0.03388005527352789,0.028394914973307817
ABU,1848-03-20,0.05738691296,8.11708,0.63516,90350.32583915864,-0.03914424135145078,-0.04412238487468001
ABU,1849-03-26,0.06569066972000001,8.53165,0.6385,102882.80300704778,0.03810446228572495,0.03405020876473719
ABU,1850-04-01,0.06366426716000001,6.75074,0.65008,97932.97311100173,-0.021043921934476906,-0.03827983382037814
ABU,1851-04-07,0.06739947292,6.78039,0.64776,104050.0693466716,0.025073427535345916,0.02792700184259056
ABU,1852-04-13,0.07065740552,7.08399,0.6464,109309.10507425743,0.05528208572687432,0.05719727078190329
ABU,1853-04-19,0.0873755246,7.52739,0.6451,135444.93039838786,0.18247565672965727,0.18415596891340047
ABU,1854-04-25,0.08826257024,7.619,0.64509,136822.10271434992,-0.009685898692348816,-0.009618272840729358
ABU,1855-05-01,0.08693595404,7.64946,0.64504,134776.06666253257,-0.015831078321916103,-0.015800863710455637
ABU,1856-05-07,0.09154813148,7.92811,0.64524,141882.2941541132,0.021516879011052037,0.021229536374200553
ABU,1857-05-13,0.0844595466,8.14622,0.64621,130699.84463254981,-0.0894274943857244,-0.09043110139845245
ABU,1858-05-19,0.07897338851999999,7.97271,0.64833,121810.48003331636,-0.12610881307280253,-0.12840602618153496
ABU,1859-05-25,0.08462759708,8.06377,0.6609,128049.01963988501,0.03243582142660317,0.019900394866340543
ABU,1860-05-31,0.08288952152,7.78274,0.66377,124876.87229010048,-0.09793644697475234,-0.10089397187796045
ABU,1861-06-06,0.06277689548,9.10422,0.67088,93573.95581922251,-0.24141395601027082,-0.2476153341859032
ABU,1862-06-12,0.10648055547999999,9.18718,0.67967,156665.08081863256,0.7051956567987101,0.6878353445331145
ABU,1863-06-18,0.11985753884,9.54423,0.68851,174082.49530144807,0.1184529225826556,0.10775436489864054
ABU,1864-06-24,0.12887752956,9.58233,0.76653,168131.0967085437,0.05727746696521652,-0.04752395382933461
ABU,1865-06-30,0.126354553,10.49456,0.77887,162228.03933904247,-0.024661192647941865,-0.03661769438280771
ABU,1866-07-06,0.12948528788,10.54584,0.79244,163400.74690828327,0.013831683892636004,0.001142522803986079
ABU,1867-07-12,0.13429231504,11.02915,0.80603,166609.57413495774,0.019824221211972137,0.006551669234601487
ABU,1868-07-18,0.13866698196,11.07309,0.81999,169108.1378553397,0.004428775598221968,-0.008646238090595504
ABU,1869-07-24,0.1382076514,11.05804,0.83478,165561.76645343684,-0.0001285350408591901,-0.013146392345573576
ABU,1870-07-30,0.13788197956,11.103,0.8490500000000001,162395.59455862435,-0.009586286246913045,-0.022467902171464993
ABU,1871-08-05,0.082956796,10.93751,0.86395,96020.36691938191,-0.39245610420705024,-0.4002526446602389
ABU,1872-08-11,0.12735894392,10.92404,0.8786100000000001,144955.03570412355,0.5224102372570689,0.503137925586731
ABU,1873-08-17,0.13062158616,10.90424,0.8930499999999999,146264.5833491966,-0.0017547837626916696,-0.014181102717889527
ABU,1874-08-23,0.13190359052,10.93956,0.90854,145181.9298214718,-0.002357688631181132,-0.014815407104828537
ABU,1875-08-29,0.13583411556,9.76297,1.03064,131795.88950554995,0.05086770771924809,-0.0679586275288222
ABU,1876-09-04,0.11753371448,9.06455,1.05246,111675.23181878646,-0.08870827911921653,-0.09842415405527583
ABU,1877-09-10,0.12449617648,9.02933,1.06511,116885.74558496305,0.006024010045619255,-0.002670029298326604
ABU,1878-09-16,0.1239940416,8.93431,1.07704,115124.82507613458,0.019785916562049755,0.010964335786849633
ABU,1879-09-22,0.13331014632,9.20689,1.08871,122447.80182050315,0.029548475095783067,0.02122896439455202
ABU,1880-09-28,0.13972915684,9.55926,1.10309,126670.67677161431,0.060040809000862394,0.05002097376382286
ABU,1881-10-04,0.17846497136,9.77795,1.11752,159697.33996706991,0.20327549836146686,0.1912352582373693
ABU,1882-10-10,0.22120768644,9.41531,1.13228,195364.82710990214,0.08227780263457962,0.07190555808048527
ABU,1883-10-16,0.1283581546,9.50581,1.14715,111893.08686745413,-0.37316209234808273,-0.379349337440129
ABU,1884-10-22,0.11924177772,9.19434,1.13823,104760.7054110329,-0.005325887941279972,-0.004205157289441819
ABU,1885-10-28,0.10179108887999999,9.24775,1.05819,96193.58421455504,-0.12435659680896816,-0.05487816211808305
ABU,1886-11-03,0.09345979604,8.51192,1.06419,87822.47158872006,-0.08253151177004536,-0.08579947550822697
ABU,1887-11-09,0.09921242188,8.92002,1.07528,92266.59277583513,0.022332037746653155,0.014242384050898504
ABU,1888-11-15,0.10321666888,8.9699,1.08953,94735.0406872688,0.031119143404992444,0.021520540753580564
ABU,1889-11-21,0.294145072,11.03284,1.1099,265019.43598522386,1.7407116342966633,1.7067292668933534
ABU,1890-11-27,0.37984649508,13.10933,1.13609,334345.4260489926,0.1737177138575794,0.1521194968531281
ABU,1891-12-03,0.35436925783999995,11.69077,1.20134,294978.32240664586,-0.058600250642106944,-0.09031523427176302
ABU,1892-12-09,0.37839842664,10.76579,1.28482,294514.7387493968,0.0544635104071538,-0.00017961575632008397
ABU,1893-12-15,0.26980659003999996,10.54587,1.30951,206036.29604966743,-0.2421743084643999,-0.2538543425283789
ABU,1894-12-21,0.09559607772,7.60049,1.36447,70060.95972795297,-0.5160825593702434,-0.5335835750854869
ABU,1895-12-27,0.29149437304,9.00604,1.38268,210818.39112448288,1.9744397463895642,1.9402013283777504
ABU,1897-01-02,0.29340733863999996,9.5892,1.42281,206216.80944047341,0.04261513935412364,0.026027949062997324
ABU,1898-01-08,0.22304743395999999,10.34207,1.45401,153401.58180480188,-0.19023430406391506,-0.20285460673155442
ABU,1899-01-14,0.26055136900000003,9.41527,1.45585,178968.55376584126,0.019348473021238766,0.012695300387475461
ABU,1900-01-20,0.23980743436000002,9.5772,1.3094,183142.9924851077,-0.053284885347096966,0.03333582610648045
ABU,1901-01-26,0.25028497676,9.53589,1.31298,190623.60185227497,-0.003440342656446549,-0.012041768599209135
ABU,1902-02-01,0.33168470971999997,9.5659,1.27809,259515.9258894131,0.2980505235509099,0.3266045154042774
ABU,1903-02-07,0.32050450432,10.2483,1.21136,264582.3737947431,-0.032923276636806276,0.010518337052109583
ABU,1904-02-13,0.29209801244,12.71048,1.09664,266357.2479938722,-0.05368294423868181,0.019630941116292044
ABU,1905-02-19,0.241628049,13.75437,1.09927,219807.73513331576,-0.01263079241868692,-0.016045835637222394
ABU,1906-02-25,0.30793710947999997,13.24738,1.17433,262223.65900556056,0.0804716256543101,-0.005693274348644861
ABU,1907-03-03,0.31231473832,12.14717,1.04796,298021.6213595939,0.027385820984421105,0.11811622164074564
ABU,1908-03-09,0.37601788016,12.17201,1.18978,316039.8394325001,0.07736794933804814,-0.013908114342850109
ABU,1909-03-15,0.32483285432,11.70342,1.25794,258226.0317026249,-0.08151805330426276,-0.12423170433792352
ABU,1910-03-21,0.31276661468,11.44628,1.17648,265849.4956820345,0.004745270810416091,-0.001025386983877219
ABU,1911-03-27,0.28653454284,11.6227,1.12643,254374.03375265218,-0.06462610432185556,-0.03433973964841475
GCO,1837-01-13,1.05295961784,8.92396,16.43316,64075.297620177735,0,0
GCO,1838-01-19,1.0503537226,9.67063,16.68709,62944.09166607239,-0.02467760029029753,-0.03627712425288376
GCO,1839-01-25,1.08456696868,9.76248,16.96081,63945.47009724182,0.03825087873151145,0.025546526693082106
GCO,1840-01-31,1.34179254196,9.96609,17.23481,77853.63122424907,0.03935930996385384,0.02674418427299896
GCO,1841-02-06,1.11795001604,10.3534,17.46539,64009.45046403201,-0.06195401022913383,-0.07142547366017915
GCO,1842-02-12,1.2422811752,10.17918,17.75375,69972.88883756952,0.21981396238849316,0.20474879580777539
GCO,1843-02-18,1.2503106028400002,10.50369,20.88524,59865.75221735542,-0.0056183548451870235,-0.1237287917641785
GCO,1844-02-24,1.5964926650400002,10.56528,22.53042,70859.42761120299,0.07037708692691225,0.009985178904504677
GCO,1845-03-02,1.4842529686400001,10.54039,22.88696,64851.46863716283,-0.029457510109525686,-0.04071579791502156
GCO,1846-03-08,1.4650104404,10.84583,23.27297,62949.010822426186,-0.004027687051802231,-0.016545308941082526
GCO,1847-03-14,1.40130338972,11.13196,23.67753,59182.83662696236,-0.06098944665041217,-0.07315999008040963
GCO,1848-03-20,1.48513635764,10.45901,24.12433,61561.765969873566,0.05540270932785174,0.04059406592894366
GCO,1849-03-26,1.64409271,10.24902,24.5568,66950.60879267658,0.12400934641057781,0.10870773268578837
GCO,1850-04-01,1.82012434032,10.25356,27.74559,65600.49147702391,0.07842554344962971,-0.022686014237410346
GCO,1851-04-07,1.80265396792,10.29597,30.80321,58521.6270615952,0.00424377759801331,-0.061674348286478775
GCO,1852-04-13,2.23289732328,9.26466,35.04687,63711.74724818508,0.17273472767095965,0.05820801174325063
GCO,1853-04-19,2.02897503796,10.38293,35.84722,56600.624482456384,-0.04967205846273981,-0.06310789143084006
GCO,1854-04-25,2.04625322096,10.43479,37.4664,54615.68821557449,0.0071325254031326946,-0.027838953191675953
GCO,1855-05-01,2.03054324148,10.82822,38.19982,53155.83271020649,0.0009550662264481424,-0.013751161521602717
GCO,1856-05-07,2.27161383488,10.86551,38.97481,58284.15417240007,0.08075935680592417,0.06469435610550844
GCO,1857-05-13,2.27886888372,10.86071,39.82672,57219.59738888866,0.000036149563202192425,-0.015049287178310333
GCO,1858-05-19,2.37743300444,11.68429,41.86371,56789.83072546604,0.035895953952864934,0.004304715605149889
GCO,1859-05-25,2.47776556144,11.27363,51.13025,48459.8757377482,0.02894625288346675,-0.1254230049606334
GCO,1860-05-31,2.70820992,10.66711,53.67293,50457.65006680276,0.08401194056146055,0.049048198854150016
GCO,1861-06-06,2.84544064636,10.36163,54.58056,52132.85914178968,0.06816562508381274,0.05472571113169922
GCO,1862-06-12,3.04519584096,10.80801,55.50211,54866.30762253904,0.05240696400578604,0.03931885400419066
GCO,1863-06-18,3.25611158704,10.86559,56.57271,57556.22431805017,0.06327571284213573,0.04790065508958974
GCO,1864-06-24,3.96726008328,10.88354,58.08055999999999,68306.16101635384,0.01661015199474747,-0.002185403160007926
GCO,1865-06-30,3.6939178140799998,9.97826,59.80463,61766.41865487672,-0.023135464432797126,-0.04515266689737363
GCO,1866-07-06,3.7234168181599996,10.86053,63.95693000000001,58217.566386629245,-0.005464178090280991,-0.055231882885531935
GCO,1867-07-12,3.89371844264,10.84196,67.14654,57988.370549547304,0.04887233753097253,0.010388520726063888
GCO,1868-07-18,4.202113079319999,10.98205,69.11949,60794.90863315108,0.03412759005116417,0.0119409792844829
GCO,1869-07-24,4.43343155632,10.96851,73.01858,60716.48553450369,0.02705552994551952,-0.013362878709732517
GCO,1870-07-30,5.6246005816,10.53867,111.65886,50373.07905167579,0.16987652478043458,-0.16931265191221578
GCO,1871-08-05,6.4757785716,10.69414,114.66818,56474.06779805871,0.16065066183204846,0.14131672655779148
GCO,1872-08-11,6.47351148704,10.41862,117.25919,55206.85830287587,-0.01706091166916568,-0.034037330670975474
GCO,1873-08-17,6.5154471616,10.51328,119.56236,54494.13311681034,0.005606373890571836,-0.009023947588190362
GCO,1874-08-23,6.56094444096,10.15031,121.77818,53876.190635793704,0.01809951979083113,0.0040303784599105
GCO,1875-08-29,6.739736064880001,9.80025,123.87504,54407.538959260884,0.04101558873184108,0.02760751240079684
GCO,1876-09-04,7.12565482044,9.76603,125.82506,56631.443851010285,0.03848187666777547,0.026319417066026363
GCO,1877-09-10,7.41605255872,9.5469,127.78496,58035.41010397468,0.03581881997148262,0.023699476911831496
GCO,1878-09-16,7.62882370744,9.42348,129.37245,58967.915560384,0.02187221768023151,0.012377017231268939
GCO,1879-09-22,8.15075419184,9.34137,130.78443,62322.053105556995,0.04627481128235389,0.03766112047510939
GCO,1880-09-28,8.42683834148,8.9423,132.01257,63833.60570497188,0.02361965804975541,0.016361744685553514
GCO,1881-10-04,8.4257469582,9.29912,133.25889,63228.404185266736,0.019284405114231573,0.01195125813765352
GCO,1882-10-10,8.6792722978,9.23991,134.57712,64492.92641869584,-0.005688037665914969,-0.012933132393414759
GCO,1883-10-16,9.97016229872,9.29593,135.84354,73394.4529030972,0.12632293688890384,0.11825085598141016
GCO,1884-10-22,11.1665057556,9.27469,137.06885,81466.39995593455,0.04554988372974811,0.03850995949032132
GCO,1885-10-28,11.973046531160001,9.28762,138.21098,86628.76517596503,0.08917952284138142,0.08240166767904444
GCO,1886-11-03,12.339988353679999,9.03252,139.09673,88715.15781629086,0.017418522162191863,0.012635269523779913
GCO,1887-11-09,12.610023930919999,9.07325,139.91653,90125.33351791957,0.001213340546997177,-0.003277114011709048
GCO,1888-11-15,13.23216018644,9.05636,140.76764,94000.01439563809,0.04836198420216298,0.04354211049084045
GCO,1889-11-21,13.84856095012,9.0822,141.53904,97842.6937904906,0.022515861978751328,0.018337653404459253
GCO,1890-11-27,14.30482908764,9.37582,142.56126,100341.62918902372,0.05437744241426379,0.048543679606397605
GCO,1891-12-03,15.026424302759999,9.58632,143.74998,104531.66186708339,0.046086731667382086,0.03951986459753698
GCO,1892-12-09,15.44241740496,9.58339,144.98716,106508.8619223937,0.02238949824809011,0.015802231795843946
GCO,1893-12-15,16.064176674520002,9.83036,146.26463,109829.53756161008,0.03241464934682026,0.02560450244095147
GCO,1894-12-21,15.71857800292,9.87845,147.5957,106497.53348451208,0.01889808473089616,0.011897010943662245
GCO,1895-12-27,15.83385676756,9.85764,147.08217,107653.13543823837,0.014382153411907739,0.020246330417789782
GCO,1897-01-02,16.6055693492,9.86853,148.43045,111874.4122193256,0.045206040397171465,0.03796577405872337
GCO,1898-01-08,17.01179598196,9.58017,149.69911,113639.9273312981,0.00801063795739787,0.0016039605757223185
GCO,1899-01-14,17.59780750052,9.63835,150.92624,116598.72730229016,0.03362348481762467,0.027211016642163077
GCO,1900-01-20,19.407544267280002,10.05355,152.32247,127410.90836617867,0.08746241648296227,0.07988866126978222
GCO,1901-01-26,19.12452164792,10.15065,153.94387,124230.48509771777,-0.02253203587105379,-0.0303643300152302
GCO,1902-02-01,20.52009487788,10.24737,155.39872,132048.03024040352,0.037551439845372014,0.030387679325254657
GCO,1903-02-07,21.306349443080002,10.47638,156.84982,135839.1705076869,0.0509274543738123,0.04357351125567299
GCO,1904-02-13,23.11731807996,10.27155,158.59531,145762.93636905152,0.03487759245884359,0.02614454644142028
GCO,1905-02-19,23.26984023052,10.346,160.38968,145083.1514254533,0.009168702984589716,0.0005879418943239845
GCO,1906-02-25,23.8355233974,10.66363,162.21679,146936.22896495485,0.014848478823844768,0.006221428392465533
GCO,1907-03-03,24.0289213528,11.10924,164.08829,146438.97716771867,0.034385108280391874,0.02546341019064524
GCO,1908-03-09,25.5720555064,11.12441,165.94244,154101.9615379887,0.031283108599763354,0.022551254648498276
GCO,1909-03-15,26.08319274652,11.03864,167.75315,155485.56165127154,0.021754238398427272,0.01338444495160429
GCO,1910-03-21,26.514084787319998,11.17204,169.1715,156729.02815970773,0.015121449737959924,0.008670676941232358
GCO,1911-03-27,24.85911281828,10.78924,170.33262999999997,145944.5134985587,0.008747521378434264,0.003094205371682479
BCE,1837-01-13,1.30291163132,5.97978,11.81299,110294.82216780003,0,0
BCE,1838-01-19,1.36076807204,5.9192,11.70359,116269.28763225643,0.06088449666720308,0.06847006198115158
BCE,1839-01-25,1.32312206312,5.90664,11.59647,114096.96770827674,-0.05216007768442077,-0.045837385176035306
BCE,1840-01-31,1.2707826794000001,6.23963,11.49349,110565.43133547774,-0.09166813264937235,-0.08529510211333469
BCE,1841-02-06,1.33414585148,6.61657,11.36053,117436.93749147266,0.07151594302076503,0.10467265476073817
BCE,1842-02-12,1.37261397884,6.28153,11.26536,121843.77408622538,-0.25126318897675937,-0.2464048587943588
BCE,1843-02-18,1.08085961672,6.26217,11.14829,96952.95123467367,-0.3452627709916227,-0.339927153799518
BCE,1844-02-24,1.52502290564,6.45311,11.0262,138309.0190310352,0.15199720003131456,0.16127305758380617
BCE,1845-03-02,1.02266748012,6.1233,10.90669,93765.15515889789,-0.15391286832709172,-0.14697812817594458
BCE,1846-03-08,1.2942425314,6.46627,10.80288,119805.32333970201,0.27879381673171166,0.2884472402096123
BCE,1847-03-14,0.851520163,6.4193,10.708330000000002,79519.41740682253,-0.41304292466159087,-0.4092975254950789
BCE,1848-03-20,0.99404324708,6.85846,10.63151,93499.72365919799,0.3568560863265722,0.364602563109214
BCE,1849-03-26,1.32553996848,7.12351,10.556,125572.18344827587,0.5007693879332189,0.5091749679176474
BCE,1850-04-01,0.79097030688,6.88797,10.41272,75961.92991648676,-0.18344311295095128,-0.1759590513582321
BCE,1851-04-07,0.8486295578799999,6.25341,10.31099,82303.40228047936,0.05698115918812929,0.06511506921809418
BCE,1852-04-13,1.33615188668,5.93512,10.182710000000002,131217.70989058903,0.5237650184301132,0.5392414297528354
BCE,1853-04-19,1.434351568,5.95436,10.08414,142238.36321193477,0.04493889523319927,0.052973419943543654
BCE,1854-04-25,1.11446435776,6.13809,10.00207,111423.3711381744,-0.19265313707648501,-0.18753188887859706
BCE,1855-05-01,1.43037301004,6.28726,9.93519,143970.372991357,0.28455799389636316,0.2907685402341953
BCE,1856-05-07,1.40406107036,6.38633,9.87779,142143.2395667452,-0.0097389482018152,-0.0053800185748779095
BCE,1857-05-13,1.2943181180799999,6.5488,9.82051,131797.4441327385,-0.012894152837478412,-0.008483333104282287
BCE,1858-05-19,1.4356272777599999,6.91001,9.782089999999998,146760.79219880415,0.05747238811914568,0.060319428705802425
BCE,1859-05-25,1.2756187704,6.96466,9.74981,130835.24400988327,-0.07587334055324235,-0.0739583096478863
BCE,1860-05-31,1.1566221185999999,7.89892,8.95048,129224.59115041872,-0.08648206239991785,-0.006413841905996476
BCE,1861-06-06,1.75497512216,7.97562,9.66682,181546.27086880693,0.3802363438563727,0.30846924423492994
BCE,1862-06-12,1.76796287668,8.06774,9.68801,182489.78651756138,0.011887641028359264,0.01032255791874781
BCE,1863-06-18,1.6277613632799999,8.28484,9.69421,167910.67691745897,-0.03886717837123699,-0.0395006033799189
BCE,1864-06-24,1.8401573221199998,8.58651,9.70315,189645.35456217823,0.06331385194759931,0.0625356209472665
BCE,1865-06-30,1.75556764864,8.81728,9.72511,180519.05311508043,-0.018505563786392343,-0.020066456110302777
BCE,1866-07-06,1.6569439577599998,8.99423,9.74609,170011.14885661838,-0.05701004754697214,-0.058631126916613985
BCE,1867-07-12,1.8554804865999999,9.51685,9.79598,189412.44128714022,0.060612308699877326,0.05657505247744821
BCE,1868-07-18,1.7980509040000001,9.67267,9.85184,182509.14590573945,-0.022066082131574793,-0.026195607407889288
BCE,1869-07-24,1.8128445686,9.7163,9.90185,183081.40080893977,-0.0018907111349276695,-0.005853237184909932
BCE,1870-07-30,1.86117147268,9.66614,9.95618,186936.30214399498,0.00042055003482999176,-0.003539558758359096
BCE,1871-08-05,2.16210937956,9.84495,10.0215,215747.0817302799,0.09687777054521707,0.09129901576898103
BCE,1872-08-11,1.91727199196,9.90418,10.09188,189981.64781586782,-0.1291776226308784,-0.13382149232078577
BCE,1873-08-17,2.3638943119999998,10.30868,10.17464,232331.98540685468,0.21117782035520705,0.2039199289184419
BCE,1874-08-23,2.67293363636,10.52778,10.28904,259784.5509746293,0.10509708462602707,0.09567613911248629
BCE,1875-08-29,2.7556957131599997,10.41351,10.41621,264558.38670303306,0.013728001621102326,0.004452407946069714
BCE,1876-09-04,2.90586769928,10.6471,10.55678,275260.79915277194,0.02564501661591545,0.015377121488379775
BCE,1877-09-10,2.90522880128,10.65656,10.69002,271770.19325314637,0.007720252403616401,-0.0018506753681600818
BCE,1878-09-16,2.8925833341600002,10.79638,10.82781,267143.8946712216,0.023946250437150374,0.014242165147277719
BCE,1879-09-22,2.95418744088,10.76756,10.9698,269301.85061532573,0.016785894608996488,0.006780040667404119
BCE,1880-09-28,2.8431737126,10.778,11.11533,255788.5112362836,-0.02972820665687037,-0.039434542971265696
BCE,1881-10-04,3.26285065132,10.99007,11.26614,289615.66706254316,0.12849552278421905,0.11726706436099188
BCE,1882-10-10,3.18698834272,11.00257,11.417520000000001,279131.4000518501,-0.04316724122153415,-0.052921641723747914
BCE,1883-10-16,3.22225836816,10.59986,11.54864,279016.2623616287,-0.01745401457374174,-0.015314220701831083
BCE,1884-10-22,3.40983149832,10.54005,11.696789999999998,291518.570335964,0.03453085487729779,0.024806713132152325
BCE,1885-10-28,3.33436361492,10.84299,11.85192,281335.3123308291,-0.02704530853447229,-0.03683994381885003
BCE,1886-11-03,3.4126367157999997,12.20225,12.02389,283821.35197510954,0.005848170430428956,-0.004796629784682982
BCE,1887-11-09,3.73952084168,12.48942,12.211739999999999,306223.4244816873,0.04605135017169615,0.03382950238411553
BCE,1888-11-15,3.85543513784,12.73292,12.40707,310745.0137574786,0.0641730186786087,0.051451359229219396
BCE,1889-11-21,3.9373373494000004,12.93134,12.61404,312139.2788828956,0.007673349216828829,-0.0046378164218269236
BCE,1890-11-27,3.95232814548,13.04849,12.81777,308347.5632251164,0.00851544775447377,-0.003772142295518366
BCE,1891-12-03,3.8384889098399997,12.99669,13.025979999999999,294679.4720888563,-0.031504659337015406,-0.04323517018553691
BCE,1892-12-09,3.99652982352,13.0749,13.241079999999998,301828.0852860945,0.018016613689044503,0.005696175455710106
BCE,1893-12-15,4.05674880936,13.05835,13.44887,301642.3542914758,0.015810746804601816,0.0038009360838571205
BCE,1894-12-21,4.08367154468,13.01812,13.66116,298925.6801530763,-0.0004726074983246731,-0.012223111525528685
BCE,1895-12-27,4.01046641372,13.04314,13.847520000000001,289616.22107929795,-0.005651707306528531,-0.03937829257175807
BCE,1897-01-02,4.01402164592,13.27321,14.0698,285293.4402706506,0.007567655112928895,-0.004530346156376264
BCE,1898-01-08,3.92813347368,13.22477,14.29708,274750.75145973865,-0.019381816673791907,-0.031014888672868723
BCE,1899-01-14,3.9185496391599997,13.13609,14.52111,269851.9355035531,-0.00008061047843788138,-0.01189440397842867
BCE,1900-01-20,4.07315412348,13.05046,14.75241,276100.93018564425,-0.019542569594478976,-0.03131845078426676
BCE,1901-01-26,4.15043418088,12.89235,14.983680000000001,276996.9847781052,0.017206846662123798,0.005496101076594151
BCE,1902-02-01,4.3193850757200005,12.34887,15.197070000000002,284224.8588523972,0.055582930404198594,0.044202985158759533
BCE,1903-02-07,4.39936973424,12.38366,15.394749999999998,285770.78122346906,0.010035671149303038,0.0002578925663991871
BCE,1904-02-13,4.39908160276,12.5623,15.600599999999998,281981.5649885261,-0.01147197612360884,-0.021088862894827254
BCE,1905-02-19,4.3856235878,12.74712,15.771770000000002,278067.9396034814,0.004309264394930956,-0.009932840242170449
BCE,1906-02-25,4.19340096344,13.1334,15.982499999999998,262374.5323597685,0.029546233298037183,0.019480778433291324
BCE,1907-03-03,5.24979804752,14.5946,16.23881,323287.11571352824,0.1984415251132754,0.18414126073484005
BCE,1908-03-09,5.21264952676,14.26491,16.51835,315567.2041553787,-0.045352381130617236,-0.057626911108949574
BCE,1909-03-15,5.27929655656,14.0267,16.78166,314587.2670856161,0.023033372360161453,0.011023642954937296
BCE,1910-03-21,5.27210006076,13.92364,17.03418,309501.2534069735,0.020146071837670032,0.008408599628121127
BCE,1911-03-27,5.6758772226,14.07814,17.26889,328676.43621564563,0.05505177040874809,0.044103120730794476
DEI,1837-01-13,6.68081538124,7.58275,95.84271000000001,69706.03587106416,0,0
DEI,1838-01-19,6.8133132886,8.32925,96.6384,70503.16735997284,0.00553142438598675,-0.00051474569356047
DEI,1839-01-25,6.66642343484,8.45039,97.71393999999998,68223.87301996011,0.012321018796089156,0.003711420485180472
DEI,1840-01-31,6.65108167516,8.6546,98.98026,67196.04166689399,0.034590188490326135,0.024729180714647914
DEI,1841-02-06,6.647219611240001,7.94779,99.91707,66527.36725806713,0.0030454166742182043,-0.004148033675684615
DEI,1842-02-12,6.7470362247599995,7.47538,101.36241000000001,66563.49454161557,-0.011556129492872103,-0.023550336014708795
DEI,1843-02-18,7.2247092767200005,7.91379,102.52297,70469.1765827697,0.06227884959863905,0.0533203157862947
DEI,1844-02-24,7.39498249464,7.92952,104.00911,71099.37287839498,0.01830770753169242,0.006652279277771234
DEI,1845-03-02,6.910668171679999,7.49805,104.91576,65868.73289275129,-0.0473163270884408,-0.05361656075304211
DEI,1846-03-08,6.95518126212,7.50137,105.71716,65790.46639277862,-0.006526349830418887,-0.01214378669530325
DEI,1847-03-14,7.090567451759999,8.71136,106.56022000000002,66540.47309361785,0.026376472407412255,0.020628516152146448
DEI,1848-03-20,7.12998872612,8.68977,108.1542,65924.28889603917,-0.00927394671217796,-0.020485195250758204
DEI,1849-03-26,7.6169592772,8.59046,109.63632,69474.78059460588,0.045361011630454584,0.03442724412439935
DEI,1850-04-01,7.36603989368,8.62589,111.22653999999999,66225.55995790214,-0.03020517993280325,-0.04081232705920346
DEI,1851-04-07,7.60544140044,8.94275,112.72645000000001,67468.11773492378,0.012479192487422575,0.0025151600906823113
DEI,1852-04-13,8.24353547888,8.72023,114.28136999999998,72133.677421613,0.09313326457997562,0.08167478910231063
DEI,1853-04-19,7.60915309388,8.46227,115.52765,65864.34584170976,-0.05573545549552694,-0.0633614329480583
DEI,1854-04-25,7.764737331,8.71023,116.93467000000001,66402.35381858947,0.03372741009301805,0.024300885902543312
DEI,1855-05-01,8.1111788706,8.56327,118.191,68627.72013605096,0.046921796189775655,0.03829742371366307
DEI,1856-05-07,8.493517926920001,8.50094,119.70673,70952.71858917206,0.01507677223238324,0.004666623404320003
DEI,1857-05-13,8.47157357748,8.46487,120.89637000000002,70073.01854869587,0.013585767236141244,0.006147242054740154
DEI,1858-05-19,9.414831426000001,8.36688,121.82813,77279.61863980019,0.05963932547737172,0.053388119228605424
DEI,1859-05-25,9.06988219332,7.55865,122.46398000000002,74061.63178201459,-0.0053398314732582275,-0.01210385814053161
DEI,1860-05-31,8.69219969592,7.62228,119.94856,72466.0612509229,-0.022199824904231558,-0.005994448181917633
DEI,1861-06-06,11.60115066396,8.15972,120.03371,96649.10518853413,0.3046465348253755,0.30267626143004134
DEI,1862-06-12,11.98404712492,8.23154,121.04308,99006.46220271327,-0.02730139927252595,-0.03377950777091687
DEI,1863-06-18,12.38852133792,8.15624,122.01898000000001,101529.46154704785,0.01382715625748876,0.007681251870358841
DEI,1864-06-24,12.98441376804,7.99928,123.1836,105407.00034777356,0.024964195786432164,0.017431832796928504
DEI,1865-06-30,13.269968025599999,7.84495,124.39240000000001,106678.28601747373,0.02518613729332153,0.017507396518366525
DEI,1866-07-06,13.1274939926,7.76999,127.39252,103047.60430675207,-0.009703664548050384,-0.015223465046552365
DEI,1867-07-12,14.20051398584,7.70437,128.25269,110722.93287446836,0.058672304482502824,0.05334000599796562
DEI,1868-07-18,13.375752177319999,7.70357,128.96662,103714.83859404859,-0.09120943893738365,-0.09498799719333884
DEI,1869-07-24,15.46934219844,7.66179,129.91733,119070.65976833114,0.24807205408422717,0.24048216507591014
DEI,1870-07-30,15.820428634919999,7.66537,130.49492,121234.05750139544,0.027452370386375824,0.023976091096999497
DEI,1871-08-05,19.69863826892,7.26298,130.85707,150535.52909995618,0.23174998423656223,0.2286662130100785
DEI,1872-08-11,15.60984061052,7.45224,130.59647,119527.27826808793,-0.19375411012959198,-0.19251251207407727
DEI,1873-08-17,16.002245363,7.47811,130.92593,122223.65243462469,0.07461853749655223,0.07341572870524571
DEI,1874-08-23,13.81013418252,7.24144,120.25973,114835.89878773218,-0.09292347020311442,-0.031083585603039587
DEI,1875-08-29,15.88199442648,7.36146,130.06703,122106.22804626201,0.03266143896342677,0.006743527439761365
DEI,1876-09-04,13.16767693956,6.53783,130.05114,101249.99242267311,-0.11856261863132433,-0.11581809841394652
DEI,1877-09-10,17.12122204104,6.60465,129.45787,132253.23451590852,0.25772906465091405,0.2617997750032519
DEI,1878-09-16,18.23954783664,6.72215,129.06432,141321.38019740855,0.031000072422970648,0.03343442262441787
DEI,1879-09-22,16.24790978304,6.77076,130.53492,124471.74888558556,-0.07365624891271216,-0.08093558138145329
DEI,1880-09-28,17.87508709896,6.79731,120.23309,148670.27952920448,0.18143923539011686,0.2817401643506101
DEI,1881-10-04,16.88298119092,6.80005,120.23762,140413.4678557343,0.005864144646518854,0.005152198165153221
DEI,1882-10-10,19.54546187308,6.85093,120.5492,162136.8028413295,0.10025759575334736,0.09805960003265879
DEI,1883-10-16,21.8927812844,6.71578,122.05147,179373.35195061562,0.1469597921331125,0.1324968881205093
DEI,1884-10-22,22.586188413880002,6.76895,122.36179,184585.30570597245,0.014981587246204908,0.011667740254547976
DEI,1885-10-28,21.59598174968,6.66904,123.00006,175577.00174845444,0.01094869086309691,0.008037400343469558
DEI,1886-11-03,20.8697816418,6.73132,123.22858999999998,169358.27669374456,-0.07214309347671721,-0.0746258366472966
DEI,1887-11-09,22.70479855124,6.72035,123.08258,184468.00961793296,0.01981010519747639,0.020739789289967003
DEI,1888-11-15,21.89545695064,6.78119,122.63318999999998,178544.29906487797,-0.03221769034522548,-0.029471977874146904
DEI,1889-11-21,23.627356024999997,6.7148,122.16359,193407.5122137455,0.03325303326936435,0.036384817005822745
DEI,1890-11-27,22.43368139948,7.71017,121.89527000000001,184040.62273687896,0.026413866359773497,0.028380389146112517
DEI,1891-12-03,24.72447364244,7.76523,121.9328,202771.31044673786,0.10140354641068883,0.10097790754696345
DEI,1892-12-09,21.215120252560002,7.59247,112.24452,189008.07141907688,-0.07718953750850543,-0.009412013422377519
DEI,1893-12-15,24.2462197692,8.0433,122.3529,198166.285958077,0.23478131769900323,0.1611324020177487
DEI,1894-12-21,25.436300374680002,8.11056,122.50971,207626.81076202044,0.028208748108825565,0.02691917155578971
DEI,1895-12-27,26.04715000836,8.23427,122.75421000000001,212189.46387549557,0.032508248167434806,0.031036949469183783
DEI,1897-01-02,27.47713204444,7.83874,121.79991999999999,225592.36528595423,0.09659990222170456,0.10558992587379445
DEI,1898-01-08,28.5855446864,7.90003,121.88944,234520.27252237767,0.04697937256543128,0.046410048566281725
DEI,1899-01-14,29.7386132394,7.87432,122.04247,243674.2982946838,0.03295761769940442,0.03202899506086854
DEI,1900-01-20,24.87948233836,6.69352,120.01388,207305.04120323417,-0.16108483324128353,-0.1498922578547759
DEI,1901-01-26,31.484268966800002,8.18537,131.5335,239363.1201693865,0.07912641117165808,0.009578945309490328
DEI,1902-02-01,36.18401623876,7.94935,131.09647,276010.6068360193,0.10099163181032189,0.10392853655657341
DEI,1903-02-07,36.89823212868,8.14418,131.48621,280624.3493418815,0.07934067567981073,0.07745552984831172
DEI,1904-02-13,37.396443056440006,8.27268,131.74719,283850.02409873036,0.0005036154164124174,-0.0009144186095823015
DEI,1905-02-19,34.20962663612,8.32371,132.13065,258907.5784923483,-0.022404515192430696,-0.024540765748248594
DEI,1906-02-25,32.89198097432,8.79022,132.48902,248261.93879553187,-0.056413083380700724,-0.05813998291360967
DEI,1907-03-03,34.729679336560004,9.97368,133.57416,260002.97764597586,0.05489017642524607,0.04840897577661796
DEI,1908-03-09,35.30080691488,10.13347,135.32531,260858.86605306872,-0.004997082431009048,-0.015743923599077503
DEI,1909-03-15,37.28274706728,10.34839,148.28014,251434.52836826298,0.047512922780101,-0.04192526544921049
DEI,1910-03-21,37.652680591240006,10.61714,149.7683,251406.20939971943,-0.003403954379424312,-0.010846626792304748
DEI,1911-03-27,38.385701308239994,11.27289,151.61675,253175.86156041463,0.022101070714484194,0.012692241273825955
LUA,1837-01-13,0.12535965676,7.23117,3.17742,39453.28497963757,0,0
LUA,1838-01-19,0.19291795952000002,7.68858,3.20569,60179.85504524767,0.5661787102573403,0.5551948789145438
LUA,1839-01-25,0.13285444795999998,7.70279,3.23338,41088.41149509182,-0.20692069264007595,-0.2118785195282632
LUA,1840-01-31,0.19877874016,6.23229,3.24627,61232.96588392216,0.180349258136687,0.1770579963891501
LUA,1841-02-06,0.13759425576,7.66792,3.26465,42146.70968097652,-0.28029858931437035,-0.2834140815230606
LUA,1842-02-12,0.16070883348,7.74246,3.29249,48810.72789287136,0.1600870435497912,0.15312802608835674
LUA,1843-02-18,0.11443868176000001,7.8362,3.31969,34472.70129439797,-0.24457987509327805,-0.24941141908599207
LUA,1844-02-24,0.15259157524,7.83822,3.3471199999999994,45588.916812065305,0.32218548293738736,0.3139820927967043
LUA,1845-03-02,0.12839923148000001,7.92271,3.37712,38020.33433221206,-0.19294109919387914,-0.19819113908263497
LUA,1846-03-08,0.14831015992000002,7.96441,3.40472,43560.16351418031,-0.021987334691416005,-0.028000706787719598
LUA,1847-03-14,0.14891016140000002,6.76226,3.41721,43576.53214171796,0.044929842656503904,0.04216344531272265
LUA,1848-03-20,0.15879280508,7.24168,3.4348,46230.58258996157,0.24220407759005202,0.2372445440569182
LUA,1849-03-26,0.14850902612,7.25358,3.45412,42994.750072377334,-0.09644281292274126,-0.10032499020924446
LUA,1850-04-01,0.16069132768,7.28353,3.47496,46242.64097428459,0.05952743978873598,0.05488782723361063
LUA,1851-04-07,0.15849019836,7.27771,3.49492,45348.73426573427,-0.03896510262831154,-0.043186424633210985
LUA,1852-04-13,0.15118099100000001,7.40901,3.51437,43017.9494475539,-0.2730962448200256,-0.27617153261284966
LUA,1853-04-19,0.14986632232,7.46198,3.53819,42356.776295224394,-0.015538280577376495,-0.020341210213093097
LUA,1854-04-25,0.13992913844000002,7.46237,3.56043,39301.19071011086,-0.11386141402344474,-0.11809060170542751
LUA,1855-05-01,0.19749849392000002,6.82595,3.57693,55214.525841992996,0.20852269894472752,0.20448723775608135
LUA,1856-05-07,0.15029369836,7.47701,3.5976299999999997,41775.7519144548,-0.21912413659950714,-0.22248478872754396
LUA,1857-05-13,0.14175104216,7.50856,3.62146,39141.959916718675,-0.0442463228179264,-0.04907407004727071
LUA,1858-05-19,0.15740893844,7.41398,3.64579,43175.53628705987,0.12568176135268105,0.12010306710945584
LUA,1859-05-25,0.2443157548,8.22738,3.67373,66503.45964455744,0.5483705907238756,0.5383844166291771
LUA,1860-05-31,0.29612929788000003,6.89971,3.68621,80334.35368033835,0.046684830931533305,0.044073257758721285
LUA,1861-06-06,0.16561114336,8.19291,3.7085499999999993,44656.575578056116,-0.381027121868458,-0.3837221841318349
LUA,1862-06-12,0.15811522012,7.71716,3.7393599999999996,42284.03259381285,-0.053005663897893185,-0.059074042455592335
LUA,1863-06-18,0.15247581908,7.71459,3.7663500000000005,40483.70944813944,-0.04552198547794728,-0.050802781662317664
LUA,1864-06-24,0.18675127328,7.58923,3.92623,47565.03650575743,0.1739683060934174,0.14193654060523886
LUA,1865-06-30,0.23794252455999998,7.62016,3.98887,59651.61174969352,0.16748870938353888,0.15072499550307628
LUA,1866-07-06,0.18676589048,7.86328,4.01486,46518.65581365229,-0.20908181549192673,-0.21295235978688365
LUA,1867-07-12,0.18601074492,7.54964,4.03932,46050.014586613586,-0.01877331526469106,-0.023106958510515252
LUA,1868-07-18,0.20581098095999997,7.31646,4.0574,50724.84373243948,0.07745764121568,0.0734311461663677
LUA,1869-07-24,0.24629498504,8.13757,4.07905,60380.47708167343,0.1888799381917614,0.17477183653586748
LUA,1870-07-30,0.26219964992,8.1769,4.1078,63829.7020108087,0.023217215275123104,0.01773346573170076
LUA,1871-08-05,0.41163468268000003,8.36239,4.14149,99392.89547481704,0.28550893571814306,0.2773879650532949
LUA,1872-08-11,0.34090385784,7.64645,4.17695,81615.49883048637,-0.1424529412244574,-0.147857042803749
LUA,1873-08-17,0.36568549368000003,7.74029,4.20364,86992.58111541426,0.05397201600653778,0.04870447255466792
LUA,1874-08-23,0.332356492,7.80661,4.23305,78514.6624774099,-0.10295266293302108,-0.10772465905581374
LUA,1875-08-29,0.38321968828,8.43127,4.26758,89797.89207935178,0.12328399422910286,0.11653077110000853
LUA,1876-09-04,0.52662301068,9.21413,4.3099,122189.14839787465,0.3088989517009997,0.29914992238035354
LUA,1877-09-10,0.42846199032,9.11691,4.35518,98379.85808164072,-0.08101150258122303,-0.08806236554519675
LUA,1878-09-16,0.49529361284,9.71299,4.40509,112436.66141667933,0.20860125038952693,0.19847100400867546
LUA,1879-09-22,0.43503740539999997,9.82663,4.45924,97558.64349081906,-0.15023748868618836,-0.15812905632837781
LUA,1880-09-28,0.50081616832,9.63206,4.515,110922.73938427465,0.11614223699226689,0.10602338830377356
LUA,1881-10-04,0.50018882316,9.67568,4.56541,109560.54837572091,-0.0403448641978148,-0.048632076418473114
LUA,1882-10-10,0.48622196844000004,9.0246,4.59214,105881.34691886573,-0.13135315788852653,-0.13495923379990404
LUA,1883-10-16,0.5280911714,9.93495,4.6293,114075.8152204437,0.26592716387270143,0.2589337040250037
LUA,1884-10-22,0.60278760984,10.09636,4.68101,128772.98058325022,-0.10393563278694162,-0.11133487041878498
LUA,1885-10-28,0.59721376884,10.82169,4.74231,125933.09354302018,-0.0038182409519563754,-0.013462183530717375
LUA,1886-11-03,0.5797698322,10.76812,4.81023,120528.50533134589,-0.02566318858126959,-0.036008400219625813
LUA,1887-11-09,0.6065116979999999,10.7229,4.87911,124307.85491616299,0.18078333216020415,0.16805900250829509
LUA,1888-11-15,0.71134108656,10.72923,4.94747,143778.75693233107,0.1527458261955399,0.1407536272123857
LUA,1889-11-21,0.7494360863599999,10.81469,5.01297,149499.41578744736,0.05759067313010102,0.04726342504371006
LUA,1890-11-27,0.80540194956,10.97223,5.08557,158370.04496251157,-0.028658521131585957,-0.03921118860588613
LUA,1891-12-03,0.7788938508000001,11.37075,5.16415,150827.1159435725,-0.0344891793451072,-0.04559479703920699
LUA,1892-12-09,0.7940463414000001,11.1007,5.23549,151666.09837856627,0.05862206655305968,0.04772008614162537
LUA,1893-12-15,1.05307477756,11.2345,5.30334,198568.2188130499,0.13567394607662786,0.12488903326647338
LUA,1894-12-21,0.84628735724,11.86774,5.38674,157105.66265310746,-0.14631210014168305,-0.15645702673496142
LUA,1895-12-27,0.8765235653200001,11.36707,5.469380000000001,160260.13283406894,0.017670531477220752,0.006011499269836351
LUA,1897-01-02,0.9572731095200001,11.35887,5.54974,172489.72195454204,0.059244609303185536,0.04782458416657098
LUA,1898-01-08,0.91044647772,11.39883,5.63088,161688.13359901114,-0.005635194675343347,-0.016489684001244953
LUA,1899-01-14,0.91206644776,11.19981,5.70588,159846.762946294,0.024372300912795186,0.01421728066146799
LUA,1900-01-20,1.0328306352,11.84619,5.78661,178486.30462395083,0.07175950427782896,0.06058482483781247
LUA,1901-01-26,1.0405968846,11.77859,5.87436,177142.17116417788,0.0697066429493638,0.05744774306692957
LUA,1902-02-01,1.18216380412,12.28929,5.95813,198411.88495719296,0.08942694958571584,0.07780906264286647
LUA,1903-02-07,1.15154251784,12.58495,6.04662,190444.00306948347,0.008685105406533555,-0.002422941712559523
LUA,1904-02-13,1.31625890032,11.95272,6.13153,214670.5472076301,0.15377775023326556,0.14163615478613845
LUA,1905-02-19,1.4061786528400002,12.16491,6.22109,226034.1279164905,0.20445024760920494,0.19126906185970682
LUA,1906-02-25,1.41795656392,11.9675,6.30904,224749.97209084107,-0.02227713615776128,-0.03247694088407638
LUA,1907-03-03,1.47682610036,12.08138,6.39945,230773.91031416765,0.019617701131876553,0.008689766766403206
LUA,1908-03-09,1.4910441036400002,11.80731,6.48178,230036.20975102522,0.023167559326914722,0.013447484039152746
LUA,1909-03-15,1.29988080144,11.395,6.56569,197980.836963061,-0.13054979435038905,-0.13893371267930332
LUA,1910-03-21,1.28464183224,11.36117,6.647500000000001,193251.8739736743,0.02211611093319288,0.012519933414576911
LUA,1911-03-27,1.5279380714,11.66545,6.73714,226793.27895813357,0.11983954854412837,0.10869926174953148
MBS,1837-01-20,0.01512077736,7.59447,0.24821458802950538,60918.16552781574,0,0
MBS,1838-01-19,0.013808868839999999,7.53378,0.30001,46028.02853238225,-0.08560627356949035,-0.07902896490488487
MBS,1839-02-01,0.01323160176,7.94947,0.30001,44103.86907103097,-0.04674189450771338,-0.042039363865517765
MBS,1840-02-14,0.014525524520000001,8.44282,0.30001,48416.801173294225,0.015010558522581707,0.009515373140067007
MBS,1841-02-06,0.01546342928,9.01638,0.30001,51543.04616512783,0.0663662024819962,0.06511286776419056
MBS,1842-02-12,0.01543732476,5.88954,0.30001,51456.033998866704,0.06894159218169582,0.06496254899748011
MBS,1843-02-25,0.014382273880000001,5.79007,0.30001,47939.31495616813,-0.011752437374305424,-0.01303284398849247
MBS,1844-02-24,0.01186055312,5.65165,0.2717281345668509,43648.60171327622,-0.10472059699998215,-0.10256329981961299
MBS,1845-03-09,0.01058634044,5.8677,0.30001,35286.62524582514,-0.028860653348452225,-0.041874247605625525
MBS,1846-03-22,0.01053961168,6.08243,0.30001,35130.86790440319,-0.009164867268414367,-0.009692274037070736
MBS,1847-03-14,0.0089701768,6.17947,0.30001,29899.59268024399,-0.04908951658553129,-0.05189422843940683
MBS,1848-03-20,0.00557529284,5.52486,0.2826991133411154,19721.649545015167,-0.23369613570558523,-0.23291501261468528
MBS,1849-04-02,0.00701228788,5.34635,0.30001,23373.513816206127,0.1774263579447286,0.17166825204803482
MBS,1850-04-01,0.00799044116,5.35463,0.30001,26633.91606946435,0.12599097959727223,0.11972204195112912
MBS,1851-04-14,0.00850172284,5.98118,0.30001,28338.131528949038,0.055600839419017056,0.05063845308810544
MBS,1852-04-27,0.00781937936,5.31103,0.2931052784565614,26677.715942801904,0.008136162774110334,0.009685579311726755
MBS,1853-04-19,0.00852043556,5.30215,0.30001,28400.50518316056,0.05230739661107964,0.05147652185048757
MBS,1854-04-25,0.008510261759999999,6.02373,0.30001,28366.593646878435,-0.02674885796484594,-0.0273164006235459
MBS,1855-05-08,0.00835088436,5.956,0.30001,27835.35335488817,-0.019607392190163386,-0.02125905634501879
MBS,1856-05-07,0.0077286903199999995,5.96075,0.30001,25761.442351921603,-0.05254436512431293,-0.05431794493005804
MBS,1857-05-20,0.00697292804,6.24424,0.30001,23242.318722709242,-0.027144828743401184,-0.02255006262106829
MBS,1858-06-02,0.00702913016,6.76169,0.30001,23429.65287823739,-0.03368869593643431,-0.02894295069969588
MBS,1859-05-25,0.0076968944,6.08787,0.30001,25655.459484683844,0.10347602934527034,0.10708815212382938
MBS,1860-05-31,0.009048699399999999,6.1895,0.30001,30161.325955801472,0.12330222240942845,0.12588978547277896
MBS,1861-06-13,0.00800549828,6.62159,0.30001,26684.10479650678,0.03490393917256074,0.019762482334995113
MBS,1862-06-12,0.00500189768,6.44866,0.30001,16672.436518782706,-0.15154109471430433,-0.18018806248392838
MBS,1863-06-25,0.0077511314400000005,6.37535,0.3020999913746625,25657.503016566116,0.4167950961593305,0.33421181479592565
MBS,1864-07-08,0.00756457416,5.90803,0.30001,25214.40671977601,-0.0408211215908979,-0.038467498044585824
MBS,1865-06-30,0.00775069048,6.10673,0.30001,25834.773774207526,0.04483639593776423,0.04001765436379312
MBS,1866-07-06,0.00754047944,6.29001,0.30001,25134.09366354455,-0.02957205648465966,-0.03418573818434201
MBS,1867-07-19,0.007923893119999999,6.30187,0.30046589679026836,26372.021599280026,0.02514833344847167,0.022037576616841026
MBS,1868-07-18,0.007881084120000001,6.31632,0.30001,26269.404753174895,-0.010130541270169213,-0.009969365367315186
MBS,1869-07-31,0.00808000128,6.40011,0.30001,26932.439852004936,0.05610171782820483,0.04608769222716358
MBS,1870-08-13,0.007892445080000001,6.46587,0.30001,26307.27335755475,-0.017215606407772532,-0.019512554375653024
MBS,1871-08-05,0.00830127584,6.49548,0.30001,27669.997133428886,0.06625739166484101,0.06659713138057954
MBS,1872-08-11,0.00794838148,6.29711,0.30001,26493.721809273025,-0.011047012264163159,-0.008318416464210276
MBS,1873-08-24,0.00939820544,6.31429,0.30001,31326.307256424785,0.15265811315107847,0.14617950678683744
MBS,1874-08-23,0.00939373084,6.93601,0.3036441760671405,30936.6409119696,-0.04867054958887729,-0.03727405587536825
MBS,1875-09-05,0.008478734679999999,6.96155,0.30001,28261.506883103895,-0.06707401043063588,-0.059981950081922086
MBS,1876-09-18,0.00783768284,7.13315,0.30001,26124.738642045268,-0.039028947515763024,-0.02534489790910821
MBS,1877-09-10,0.00818463412,6.28852,0.30001,27281.20435985467,0.036751314712442085,0.04023866548425303
MBS,1878-09-16,0.0073298004,6.97955,0.2651684991917728,27642.048065064497,0.005658409378405338,0.01907374870160261
MBS,1879-09-29,0.0080953886,6.30915,0.30001,26983.729209026365,0.08861516566259375,0.08300772134055223
MBS,1880-09-28,0.00851978816,6.8489,0.2934992678726898,29028.311456284788,0.0966511359241995,0.09256526759303796
MBS,1881-10-11,0.00873468492,6.52088,0.30001,29114.645911802938,0.030888761346901772,0.03900306080702709
MBS,1882-10-24,0.008611200000000001,6.12315,0.30050539839227713,28655.72480917303,-0.0257462030845812,-0.02249004677897304
MBS,1883-10-16,0.00875854616,6.0961,0.30001,29194.18072730909,0.007523690610448774,0.007530896045682578
MBS,1884-10-22,0.03569051616,3.76663,0.29825298889059015,119665.24222525915,1.1564708590315056,1.2350735165399693
MBS,1885-11-04,0.04329034996,3.26022,1.09966,39367.03159158285,0.155006858146995,-0.41265618155432493
MBS,1886-11-03,0.059615871120000004,4.06097,1.09966,54213.00321917683,0.16423785896082843,0.16727668804694584
MBS,1887-11-16,0.06440914688,5.17529,1.5682599999999998,41070.451889355085,0.031572460023706395,-0.26160492000166446
MBS,1888-11-29,0.08650916664,5.51966,1.5628775517830924,55352.49165316975,0.2088421747067004,0.18243024492169257
MBS,1889-11-21,0.12184821948,5.50848,2.24901,54178.602798564694,0.22179290568434018,0.19590129970428527
MBS,1890-11-27,0.09757860528000001,5.78598,2.24901,43387.35945149199,-0.0030556074219895146,0.01335946607451488
MBS,1891-12-10,0.18161443559999998,6.65003,2.24901,80753.05827897608,0.4676835250777409,0.47774603741259236
MBS,1892-12-09,0.19371506128,6.51538,2.96003,65443.61417958601,0.06149475337058696,-0.19536463733973586
MBS,1893-12-22,0.24539756072000002,5.54633,2.96003,82903.74108370523,0.1306490330595469,0.11755756659832506
MBS,1895-01-04,0.26073532004,5.9213,2.96003,88085.36401320256,0.04279007713015326,0.06980121420698193
MBS,1895-12-27,0.3271125234,5.97242,3.9181399999999997,83486.6858764618,0.0707070411757662,-0.06472492525824125
MBS,1897-01-02,0.33969145808,6.84962,3.9181399999999997,86697.12110338069,0.04532694179611929,0.04474839605404379
MBS,1898-01-15,0.32434994384000004,7.53616,4.48761,72276.7673304944,-0.07538858297447859,-0.19307703286867783
MBS,1899-01-14,0.43784911820000005,7.65926,4.48761,97568.44248943201,0.23411680905174514,0.2367358803158941
MBS,1900-01-27,0.5659030566800001,7.61427,4.444155787997328,127336.4579631474,0.21412437268461515,0.2030881764648209
MBS,1901-02-09,0.58196411364,8.17372,4.92083,118265.43766803568,0.03496103522294325,-0.04302888363457402
MBS,1902-02-01,0.64666554472,7.74532,4.92083,131413.9169042621,0.11847467211500273,0.11898802873317549
MBS,1903-02-07,0.64430736396,7.8532,5.45383,118138.51256089756,0.004222541272110414,-0.06627236156098015
MBS,1904-02-20,0.6427428888400001,8.07226,5.439523791747853,118161.6099951777,0.019528921034317692,0.021092432329119726
MBS,1905-02-19,0.68468854948,8.04926,5.45383,125542.70108895951,0.06549946493833869,0.0695777896659866
BLG,1869-03-20,0.0465485488,8.79085,1.47068,31651.038159218864,0,0
BLG,1870-03-26,0.05020720328,9.57858,1.4897899999999997,33700.859369441336,0.03491054749503997,0.024920582308247008
BLG,1871-04-01,0.05359645876,9.659,1.51402,35400.09957596333,0.055761656349416544,0.04292534532850345
BLG,1872-04-07,0.05614758604,9.52502,1.53889,36485.76963915549,0.03774951026702156,0.02512423808312536
BLG,1873-04-13,0.06418768408,9.21589,1.5614,41109.05858844627,0.048453954522107434,0.03682898773828969
BLG,1874-04-19,0.10841820496,9.11122,1.58246,68512.44578693932,0.44750144424462346,0.4337583254599824
BLG,1875-04-25,0.16035255340000001,8.86649,1.60213,100087.1049165798,0.48499153939263295,0.4710127419064676
BLG,1876-05-01,0.29111035772000005,9.00917,1.61892,179817.63009907844,0.4943069783744056,0.4826499700320881
BLG,1877-05-07,0.27972071816,8.67042,1.63717,170856.24471496546,-0.12586834373782307,-0.13321130865474473
BLG,1878-05-13,0.23774297976,9.05637,1.65682,143493.54773602443,0.030975491808305833,0.0218218562591459
BLG,1879-05-19,0.19620756896,9.0125,1.67377,117224.9287297538,0.3220573173625563,0.31233625262253906
BLG,1880-05-25,0.2833202268,9.52287,1.69231,167416.2693596327,0.6156442927054042,0.6023877676463341
BLG,1881-05-31,0.2553489666,9.14037,1.7094399999999998,149375.7994430925,0.10295578257699578,0.09491395936936065
BLG,1882-06-06,0.25060335196,9.59981,1.72404,145358.20048258742,0.08652929847983515,0.07996766512686615
BLG,1883-06-12,0.3157946142,9.60568,1.73816,181683.28243659963,0.28434106429629913,0.27644915437460305
BLG,1884-06-18,0.25704345992,10.08067,1.76215,145869.22788638878,-0.14306426367061253,-0.15198978001651753
BLG,1885-06-24,0.22959496924,8.88253,1.78189,128849.12606277605,-0.1576535202917545,-0.16443169958765214
BLG,1886-06-30,0.2469494326,9.23851,1.80382,136903.58938253263,0.08043487298638374,0.0704294837778845
BLG,1887-07-06,0.25628934187999997,9.06614,1.82639,140325.63794151304,-0.07036119679514663,-0.07916529971483655
BLG,1888-07-12,0.25591860372,9.37971,0.18681,1369940.6012526096,-0.004443903917688008,0.579842603417974
BLG,1889-07-18,0.27383303324,8.20763,1.7896900000000002,153005.84639797953,4.545240724126416,-0.4201825102841553
BLG,1890-07-24,0.19608745156,8.17395,1.80632,108556.31978829886,-0.2571007667484373,-0.2624352282769187
BLG,1891-07-30,0.23829885508,8.47062,1.82352,130680.69178292534,0.02255543687712369,0.01541248308966825
BLG,1892-08-05,0.3200029248,9.97269,1.84578,173370.0250300686,0.37228721958019695,0.35997448689214684
BLG,1893-08-11,0.29617079128,10.01464,1.86954,158419.07168608322,-0.07464632561715301,-0.08348454466184185
BLG,1894-08-17,0.03461389568,4.1757,1.70363,20317.730774874828,-0.8202327011495273,-0.8070716373064233
BLG,1895-08-23,0.00642160272,2.76274,1.4800300000000002,4338.832807443092,-0.7060966069569439,-0.672669066294463
BLG,1896-08-29,0.047704646079999996,4.51713,1.28213,37207.33941176012,3.430535931672466,3.972677447000134
BLG,1897-09-04,0.10403707964,6.18054,1.22488,84936.54859251519,2.1573619536496578,2.269857480981996
BLG,1898-09-10,0.06501371812,5.99049,1.19596,54361.11418442088,-0.18469382313767946,-0.16972668423271842
BLG,1899-09-16,0.1750549684,7.49611,1.18522,147698.29095020334,0.5207657070315725,0.5303570795407466
BLG,1900-09-22,0.16169152428,7.95266,1.18526,136418.61218635575,0.00802798916090941,0.007975891935531276
BLG,1901-09-28,0.22101407172,9.11856,1.19087,185590.42693157104,0.1615808301363315,0.15738362528606942
BLG,1902-10-04,0.22723256607999998,9.45818,1.20118,189174.45019064588,0.008518418799134952,0.0018947343424140506
BLG,1903-10-10,0.22365926232,9.48119,1.21383,184259.1321025185,0.022450178481225436,0.014499611930884448
BLG,1904-10-16,0.11648224172,9.29864,1.22271,95265.63266841689,-0.41665327875414715,-0.419878095361108
BLG,1905-10-22,0.00432586284,9.79781,1.16344,3718.16581860689,-0.9627403550882194,-0.7726740763414431
BLG,1906-10-28,0.22243547144,8.69561,1.16203,191419.73222722305,0.9549696887098087,0.9550730060123798
BLG,1907-11-03,0.2099251752,9.0148,1.16584,180063.45227475467,-0.06176603043084583,-0.064210754804649
BLG,1908-11-09,0.214505577,9.22171,1.17133,183129.9266645608,0.04105642803672893,0.03707249014564917
BLG,1909-11-15,0.04847101324,4.50547,1.09829,44133.164501179104,-0.6668951226434361,-0.6504323878024891
BLG,1910-11-21,0.00511879472,3.52778,0.9691,5282.008791662367,-0.834547895299286,-0.818249970998728
OYO,1891-10-29,6.42506578064,12.82795,31.45993,204230.13594245122,0.06362861382927698,0.06832007361868997
OYO,1892-11-11,6.76892217612,13.00436,31.45993,215160.11561754905,0.00660105445254211,0.008174168290805417
OYO,1893-11-10,7.40786219056,12.9112,31.45993,235469.76075789108,0.03984208011364765,0.040627622500797766
OYO,1894-11-23,7.36206340532,12.85494,31.62985037491978,232756.8204735357,0.020076246915127216,0.02938730212518048
OYO,1895-12-06,7.9001373178000005,12.99675,31.45993,251117.44742597966,0.08856102702221569,0.0890396678234322
OYO,1896-11-28,7.3224342438,12.9486,31.45993,232754.30822001194,-0.07534975749990824,-0.07495216691611584
OYO,1897-12-04,7.50924920772,12.89427,31.45993,238692.4957468119,0.0005890241981592048,0.000586618227158997
OYO,1898-12-17,7.4485549268,12.80576,31.671680293344743,235180.28907248046,0.006746709402488893,0.007253312989334182
OYO,1899-12-16,7.45551948492,13.31844,31.459930000000004,236984.61773182583,-0.008380364345646263,-0.00878618411218235
OYO,1900-12-29,6.4882803632399995,13.73698,30.884381097577023,210082.90056843736,-0.09236347348167506,-0.097166606167713
ZIM,1878-02-04,0.33348355144,10.99692,10.57514,31534.67012635294,-0.02072466777067483,-0.0209587613589145
ZIM,1879-02-17,0.33822195524,10.99853,10.60175854160476,31902.43900695405,0.008112845261360802,0.007855712064736453
ZIM,1880-02-16,0.34955460748,11.08308,11.5163,30353.030702569406,0.028930560411542405,-0.02207149599674252
ZIM,1881-03-01,0.35430594732,11.05845,11.525953002852713,30739.83966725424,0.010062742495117405,0.009947036554615707
ZIM,1882-03-14,0.47069550996,12.21834,11.516299999999998,40872.11256740447,0.19260486871627047,0.2040654839418905
ZIM,1883-03-06,2.04216620504,12.14608,11.5163,177328.32637565886,1.646072207916371,1.5367226349811713
ZIM,1884-03-12,2.9785732667600002,13.69554,11.5163,258639.77725137415,0.34176182206652017,0.3545148244606575
ZIM,1885-03-25,3.0231178744,13.79017,11.5163,262507.73897866503,0.07051459689316664,0.06765390407692484
ZIM,1886-03-24,2.9334776463199996,13.67769,13.861136774809589,211633.26601402048,-0.019619286515905388,-0.1881406553666285
ZIM,1887-04-06,2.95075023412,13.6863,14.5,203500.0161462069,-0.004143748742105213,-0.038369825547604486
ZIM,1888-04-19,3.5026375410000004,13.7078,14.5,241561.20972413794,0.14979157847215885,0.1434317207478717
ZIM,1889-04-11,3.58523273264,13.89837,15.41392,232597.07670988303,0.05178631213380269,-0.011831340117311462
ZIM,1890-04-17,3.6720251776,14.26756,16.24486258417942,226042.24311359331,-0.006422072163564385,-0.042597320065872024
ZIM,1891-04-30,3.52371063668,14.31054,16.0432,219638.88979006684,0.00529705394514135,-0.0031466051512948345
ZIM,1892-04-29,3.95484478376,14.33418,18.41805243276149,214726.54604485972,0.04962930845343694,-0.012062862668133612
ZIM,1893-05-12,4.61702739732,14.75084,17.05717,270679.5674382093,0.11888685743161931,0.11271436084734687
ZIM,1894-05-25,5.23279886064,15.59208,17.111343417172513,305808.7686667836,0.08780730276550353,0.08549572414372908
ZIM,1895-05-17,5.22599973168,15.72645,17.05717,306381.4062754842,-0.02711667314317978,-0.02807324936167621
ZIM,1896-05-23,5.579843841,15.89493,17.05717,327126.00278944283,0.04425061627265614,0.04463824013182083
ZIM,1897-06-05,5.48694633448,15.82961,17.05717,321679.758979948,-0.012662498481029183,-0.012763861412594113
ZIM,1898-06-04,5.12405231468,15.74898,17.05717,300404.5990442729,-0.07656568535940955,-0.0763696717647191
ZIM,1899-06-17,5.157255789920001,15.23421,17.05717,302351.19834767433,-0.005477162782253964,-0.004758172832601826
ZIM,1900-06-30,5.39764809688,14.80393,17.05717,316444.5272504173,0.029830427481452038,0.028625499633248896
ZIM,1901-06-22,6.28379732032,14.81395,17.05717,368396.24159928056,0.07396173452565868,0.07699976796673047
ZIM,1902-06-28,6.7113132346,15.42654,24.01069,279513.55144729285,0.045228699809068296,-0.25240249491469147
ZIM,1903-07-11,6.3033293596,15.33843,24.01069,262521.7917352646,-0.05267036124283275,-0.04751417570488192
ZIM,1904-07-10,6.84564190804,14.39386,25.914230000000003,264165.3604232115,-0.023891785455652514,-0.058006260643833296
ZIM,1905-07-23,4.805638984640001,14.39583,20.333119299326587,236345.38871756673,0.021470212382226128,-0.0032121900684998206
ZIM,1906-08-05,6.43603709736,13.91931,26.3117,244607.4216930111,0.06651430869895414,0.04291365770281286
ZIM,1907-07-28,6.162432676920001,14.05413,26.3117,234208.83777635047,0.08624339728683394,0.07604601484461027
ZIM,1908-08-03,5.597559683039999,14.38934,26.3117,212740.3278024605,-0.08074824863938967,-0.08888938342375752
MEX,1839-12-20,3.59740921852,9.17167,73.16624,49167.6108888471,0.08079110521468369,0.08283076779427168
MEX,1841-01-02,4.0221587718,9.77736,73.16624,54972.87781632622,0.08133318234330389,0.07545276635764808
MEX,1842-01-01,4.2686574424,9.44797,76.97905,55452.196960081994,0.005313976389501596,-0.021055756164530814
MEX,1843-01-14,4.71611438844,9.70302,77.17221,61111.563196648116,0.06627121893748456,0.0745108180108176
MEX,1844-01-27,4.49171985496,9.65806,79.77301,56306.26016192695,-0.035537021043802186,-0.046206708599129453
MEX,1845-01-19,4.65827216816,9.731,80.56964,57816.7181603393,0.005371605371707222,-0.0035413325737712054
MEX,1846-01-25,4.92787868248,9.83866,81.54165,60433.884799731175,0.07566056522385933,0.06831719832313055
MEX,1847-02-07,5.100336565999999,9.65929,83.72222,60919.74825798934,0.0011165823200229852,-0.024294372019624033
MEX,1848-02-06,5.12539528644,9.59426,85.75001,59771.36663237707,0.026176391107842534,0.01453323414276686
MEX,1849-02-19,5.17834333172,10.10716,86.38694356023528,59943.58774956867,0.00910360482807926,-0.0028072063210061726
MEX,1850-03-04,5.1449601860800005,9.25931,90.79897,56663.1998807916,-0.010414412342105384,-0.026539185624534167
MEX,1851-02-24,5.4979220426,9.46563,92.0191,59747.618077116604,0.08027304429742399,0.06364854882573212
MEX,1852-03-02,5.760535330160001,9.26391,91.20471,63160.502677548124,0.035019701321989505,0.0442007460175633
MEX,1853-03-15,5.65741910344,9.48828,93.71007505934988,60371.51394721387,-0.05983448699937455,-0.06700659296107514
MEX,1854-03-14,5.8129955436800005,9.1415,94.12455,61758.5480480916,0.026260654710707376,0.006299746532616002
IBE,1837-01-13,6.42567777956,8.92058,118.73843299049317,54116.24204333633,0,0
IBE,1838-01-26,6.61196542864,9.45918,119.05901,55535.195770903854,0.0045975022284316935,0.0017475703433107448
IBE,1839-01-25,6.7199576704,9.3803,119.05901,56442.24381170312,0.03488681060931165,0.03719567306021654
MON,1837-01-13,0.06739580068,2.92584,1.18769,56745.27922269279,0,0
MON,1838-01-19,0.07920963856,2.36257,1.16839,67793.83472984192,0.1348372864968721,0.14906759276199066
MON,1839-01-25,0.05775165396,2.28769,1.10942,52055.717365830795,-0.04087233268093937,-0.0005274826362340335
MON,1840-01-31,0.0847378532,3.75372,1.08891,77818.9686934641,0.2341861411130488,0.25126718243494106
MON,1841-02-06,0.06590206584,3.92337,1.07731,61172.79691082418,-0.11382910787766176,-0.10629553528397961
MON,1842-02-12,0.040401721360000004,3.33532,1.06513,37931.25849426831,-0.38132372680337,-0.3758512723614855
MON,1843-02-18,0.050294959,3.45854,1.04747,48015.655818305066,0.010709551778316895,0.023821204288221987
MON,1844-02-24,0.05640761308,4.28906,1.02877,54830.149673882406,-0.19326774129845825,-0.18170972132123775
MON,1845-03-02,0.06128288452,4.07795,1.00955,60703.16925362786,0.020990531028241,0.03510939136932523
MON,1846-03-08,0.06058032344,3.92573,0.99397,60947.83890861897,0.03705209035597079,0.049744496841849006
MON,1847-03-14,0.05253348932,5.12409,0.94923,55343.266984819275,-0.2338328925086849,-0.2073426995627783
MON,1848-03-20,0.23249235048,5.03134,3.55699,65362.104048647874,2.1649551943560024,-0.1509133943205252
MON,1849-03-26,0.30147748904,5.31211,3.8968699999999994,77364.00984379773,0.2518239951760042,0.16855860834161818
MON,1850-04-01,0.3114899866,7.49049,4.20092,74148.04057206516,-0.05275999286808286,-0.10618040549391838
MON,1851-04-07,0.312836823,7.7456,4.57293,68410.58642926962,-0.00496961645262306,-0.06948905475986022
MON,1852-04-13,0.3103864842,7.63483,4.9315,62939.5689344013,-0.005228606631365151,-0.06106662851690914
MON,1853-04-19,0.3568179264,8.26338,5.18096,68871.00583675613,0.06598803743984161,0.02275108324726771
MON,1854-04-25,0.41549405612,7.88284,5.476329999999999,75870.89458085982,0.13414430778758457,0.08812362927206396
MON,1855-05-01,0.4387973174,7.63566,5.55157,79040.22058624857,0.05129361639566854,0.04125539152251401
MON,1856-05-07,0.43787993912,7.6314,5.60633,78104.56022388978,0.005202823467815865,-0.0023023667544668225
MON,1857-05-13,0.43489844528,7.41047,5.59865,77679.1628839095,-0.004891233602555611,-0.003901698587261193
MON,1858-05-19,0.44305955824,5.90156,5.56907,79557.18966362426,0.015355056750468332,0.018780866869467783
MON,1859-05-25,0.5412691622,6.07816,5.5076,98276.77431185998,0.14608544015744385,0.15526243589707156
MON,1860-05-31,0.5384084888,3.52661,5.01037,107458.82815041604,-0.13872746871619057,0.10631741867467692
MON,1861-06-06,0.60732841624,5.92066,5.15875,117727.82481027381,0.055725509843970844,0.03068881933159151
MON,1862-06-12,0.5814770166400001,5.89778,5.16161,112654.19445483097,-0.05600986202942804,-0.05647389079029563
MON,1863-06-18,0.7989388446,6.02603,5.17032,154524.0612960126,0.3425594722905101,0.3436405842168184
MON,1864-06-24,0.7972077282,5.95291,5.19945,153325.395609151,-0.018000209475813378,-0.021969518438692992
MON,1865-06-30,0.80044120572,6.1243,5.10493,156797.6849280989,-0.018333871058434204,-0.004082596525852189
MON,1866-07-06,0.24177156328,7.77695,5.05031,47872.61836996145,-0.6362297426687309,-0.6335449841968712
MON,1867-07-12,0.37930499256,6.94818,5.03257,75370.03808392133,0.2758420326607858,0.2793386305072929
MON,1868-07-18,0.32421267787999997,6.70393,5.00449,64784.35922141917,-0.047866883154978224,-0.04375611916871991
MON,1869-07-24,0.32183915504,6.70159,4.97412,64702.73235064695,0.01948056380038099,0.024198742734131695
MON,1870-07-30,0.30136607124000003,4.34515,3.6578,82389.98065503855,-0.0853782756102035,0.23773785189503283
MON,1871-08-05,0.28110505436,4.98961,3.54761,79237.86841281877,-0.0460975166317249,-0.02318142398067269
MON,1872-08-11,0.2555541742,7.06357,4.71679,54179.6802910454,-0.10452003643443242,-0.31579271515670426
MON,1873-08-17,0.25996851451999997,6.7191,4.69207,55405.93267363871,0.05354415832508996,0.05773890891246558
MON,1874-08-23,0.25498880004,6.56483,4.66344,54678.26326488601,0.02433712652051989,0.02913771675442489
MON,1875-08-29,0.3219211684,7.11048,5.8421,55103.673062768525,0.3050489367613216,0.040417194022530634
MON,1876-09-04,0.29699097064,6.89941,5.97613,49696.2031682711,-0.045017279094538676,-0.06350585554456911
MON,1877-09-10,0.28775387836,7.18554,5.44412,52855.90294850223,-0.03155968011292376,0.04041923501287825
MON,1878-09-16,0.29833354928,8.93496,5.45596,54680.30360926399,0.005586445795740191,0.0037204704395092936
MON,1879-09-22,0.35074908908,8.57584,5.47127,64107.43558259783,0.12266634934755705,0.12038037390930434
MON,1880-09-28,0.31994858376,8.47646,4.38367,72986.4665360303,0.023503038097428153,0.13679883004508508
MON,1881-10-04,0.28512838952,6.58984,4.31768,66037.40655166665,-0.1071927555541976,-0.09634167091875123
MON,1882-10-10,0.31634863935999996,9.30052,5.40849,58491.12032378723,0.29427321831662656,0.03185494656974641
MON,1883-10-16,0.30886314212,9.09494,5.42938,56887.368745602624,-0.01140026257432225,-0.014173420253807634
MON,1884-10-22,0.32312670572,8.68007,5.44459,59348.21643503001,0.0329888843074877,0.030811952176606816
MON,1885-10-28,0.34425603888,8.48698,5.45178,63145.62195833287,0.06195942719657599,0.06089917491300434
MON,1886-11-03,0.35393768904,8.86925,5.46377,64779.02419757786,0.04691982031600461,0.045095162625216956
MON,1887-11-09,0.32031789244000003,8.47601,5.06541,63236.320937495686,-0.12406901135045223,-0.06900718403346628
MON,1888-11-15,0.35520263168,8.70862,5.05003,70336.73694611716,0.1994713541191655,0.1984140882093106
MON,1889-11-21,0.38281833668,9.00819,5.069840000000001,75508.95820775408,-0.007265937234977926,-0.010186672967008592
MON,1890-11-27,0.40356152252,8.27371,4.06086,99378.33919908591,-0.00799077425170247,0.09400777822517914
MON,1891-12-03,0.34310271996,7.68281,4.00224,85727.6724934037,-0.01351823257604956,-0.0020733383124467153
MON,1892-12-09,0.37041319172,9.40653,5.02625,73695.7357314101,0.16858432438007154,-0.04222931628333415
MON,1893-12-15,0.42309708688000003,9.48582,5.05614,83679.8599089424,0.18615074961578992,0.18063404937295835
MON,1894-12-21,0.42598174683999995,9.74869,5.08961,83696.34349979664,0.04489332050559214,0.0398107218764332
MON,1895-12-27,0.39390704964,9.61015,5.12269,76894.570946124,0.10083006929199279,0.09540932700504912
MON,1897-01-02,0.42741387884000004,9.33445,5.1483,83020.3909717771,0.04797008482519605,0.043950246401045945
MON,1898-01-08,0.34125206284000004,9.2819,4.92432,69299.32718426098,-0.10252648688627242,-0.07498760475918853
MON,1899-01-14,0.35754998864,9.56447,4.80695,74381.88219973164,0.08030120210846636,0.10177844660092439
MON,1900-01-20,0.4006372032,11.12032,4.84322,82721.24809527546,0.09821703736073162,0.09180851674158808
MON,1901-01-26,0.42444661948,11.36408,4.88901,86816.47603093469,0.046119653394286475,0.03893412771185001
MON,1902-02-01,0.37374612339999996,9.51144,3.9364700000000004,94944.4866593674,-0.011635552807311766,0.2120308318652373
MON,1903-02-07,0.42865937192000003,10.27337,4.90285,87430.65195141602,0.2369512102106468,-0.00723942630660479
MON,1904-02-13,0.47448837436,11.28077,4.94819,95891.30052807188,0.12861334873120422,0.12061696518677345
MON,1905-02-19,0.49040638972,9.40063,5.50199,89132.5483543227,0.03797052524477418,-0.06001028976782086
MON,1906-02-25,0.47113612052,10.23862,5.52835,85221.83300984923,-0.02356535793588166,-0.026950381648133792
MON,1907-03-03,0.54385685796,10.90609,5.56404,97744.9583324347,0.12489500907560092,0.11919821960268107
MON,1908-03-09,0.54101564816,10.89363,5.59695,96662.58375722491,0.021031829987416817,0.01638334256905205
MON,1909-03-15,0.5496692869199999,10.73129,5.629,97649.54466512703,0.021478182329865314,0.017241919875298217
MON,1910-03-21,0.44215820064,10.50931,5.654820000000001,78191.38374696276,-0.10623383728649649,-0.10940349203957767
MON,1911-03-27,0.5665789651600001,10.66644,5.67685,99805.1675066278,0.13855058209272597,0.13520432551581285
D12,1906-06-24,0.15720562676000002,7.34896,4.74509,33130.16755425082,0,0
D12,1907-06-30,0.15431261612,7.34497,4.82184,32002.848729945414,-0.005881507073469461,-0.020503854419621992
D12,1908-07-06,0.14835036632,7.95226,4.93303,30072.869275070294,-0.03323996498700055,-0.045461899656848326
D12,1909-07-12,0.14387421048000001,6.88376,5.02504,28631.455765526247,0.0782399973885648,0.0606212558225685
D12,1910-07-18,0.15394164916,8.54604,5.13123,30000.92554027007,0.033572501176273084,0.016138742961796737
KAT,1890-02-20,0.0412732372,6.43157,0.70221,58776.20256048761,0.056334343480991755,0.04797146679559883
KAT,1891-03-05,0.034292902800000004,6.92651,0.70221,48835.67992480882,0.17942691052457627,0.14526514641185062
KAT,1892-03-04,0.033888991240000006,6.98848,0.70221,48260.47940074907,-0.008351484599087411,-0.00461630851580852
KAT,1893-03-17,0.03340691796,6.13773,0.6881294966152056,48547.42911664602,0.008160786777724693,0.00784170900034864
KAT,1894-03-30,0.0343759884,6.23906,0.70221,48954.000085444524,0.007560553571754225,0.008606713512600894
KAT,1895-03-22,0.03419572572,6.24557,0.70221,48697.2924338873,0.004215365581080377,0.005059892260758536
KAT,1896-03-28,0.03446399424,6.2661,0.70221,49079.32703891998,-0.0006998231387639331,0.000023017044377793283
KAT,1897-04-10,0.034167250520000005,6.35606,0.696075709256588,49085.53777360049,0.00025750820166070554,0.00045402651882797684
KAT,1898-04-09,0.03258146528,6.24601,0.70221,46398.46382136398,-0.06869329260017687,-0.074510194856934
KAT,1899-04-22,0.03170288576,6.20988,0.7217335345578973,43926.02566183905,-0.019705795140126048,-0.02349184938607074
KAT,1900-05-05,0.03371331288,6.16116,0.70221,48010.30016661682,0.04048980926169765,0.04328274406882149
KAT,1901-04-27,0.03225067924,6.21091,0.70221,45927.39955284032,-0.013108721877053031,-0.012703253899799982
KAT,1902-05-03,0.03154612344,5.82046,0.70221,44924.05895672235,-0.014982830412273773,-0.01767327357992543
KAT,1903-05-16,0.03221874552,5.88926,0.70221,45881.92352715,0.02064930569775769,0.021637644146463186
KAT,1904-05-15,0.03304890784,5.91412,0.70221,47064.137280870396,-0.0019841243305915857,-0.006154266378227025
KAT,1905-05-28,0.03223452232,5.91105,0.70221,45904.39088022101,0.0018117071379211147,0.0015556315678080246
KAT,1906-06-10,0.03559528232,6.17601,0.70221,50690.36658549437,0.10336996057236725,0.10783505535157678
KAT,1907-06-02,0.0364149032,6.09939,0.70221,51857.56853362954,0.0007488731494917911,0.004177472445880737
HON,1838-11-16,0.10473523736,9.44956,3.83852,27285.31761199629,0,0
HON,1839-11-22,0.09052818268,11.34546,3.89203,23259.888202300597,-0.08998766102748312,-0.09930670640670014
HON,1840-11-28,0.0936056576,12.24133,3.97694,23537.105815023613,-0.0014318932476625745,-0.016738404236796067
HON,1841-12-04,0.09435647416,12.24445,4.05964,23242.571794543357,0.006011979659581446,-0.009920663191797296
HON,1842-12-10,0.0914427124,12.16245,4.14362,22068.31524126247,-0.032891563269263124,-0.0480455982720468
HON,1843-12-16,0.09201058828,12.15817,4.23433,21729.66875042805,0.004465850098145374,-0.011184264407664846
HON,1844-12-22,0.09429298216,12.15529,4.32005,21826.82657839608,0.02257391623562599,0.006824261382049945
HON,1845-12-28,0.10765143272,11.38786,4.41019,24409.704053566853,0.051772182140201295,0.03641675983718695
HON,1847-01-03,0.1046817954,11.32822,4.49453,23290.9326225434,-0.027808058224863097,-0.042119392402385825
HON,1848-01-09,0.1049273446,11.31662,4.58005,22909.650462331196,0.0011379919088514434,-0.013342995850277761
HON,1849-01-15,0.10624109080000001,12.1625,4.67796,22710.987438969125,0.013725589452290299,-0.001585483047459757
HON,1850-01-21,0.11671077444,12.19422,4.77077,24463.718527617137,0.04948636466681977,0.033545521299878533
HON,1851-01-27,0.12570727832,11.29047,4.86162,25857.076102204614,0.052772355295953144,0.03750626164714932
HON,1852-02-02,0.123917924,11.17818,4.95923,24987.33150105964,-0.019913075197866892,-0.03393814889891378
HON,1853-02-08,0.15539640427999998,11.18364,5.05127,30763.828557966608,0.14086116475624655,0.12453633359113803
HON,1854-02-14,0.13499287828,11.18491,5.13975,26264.483346466266,-0.013685145931480514,-0.02688601494438947
HON,1855-02-20,0.13280548736,11.16865,5.23942,25347.36428077917,-0.015659705757782416,-0.029485973985238
HON,1856-02-26,0.13017459416,10.25972,5.33449,24402.444124930407,-0.027336196390059464,-0.0409239048227068
HON,1857-03-04,0.12854945324,12.06829,5.4429,23617.823814510648,-0.013617308860951027,-0.027813169219634726
HON,1858-03-10,0.17764494175999998,11.14035,5.54183,32055.285304673725,0.05532617909315163,0.040746041101774155
HON,1859-03-16,0.11524876948,12.07589,5.643570000000001,20421.252767308633,-0.25022316446199666,-0.2607135246574819
HON,1860-03-22,0.12122196580000001,11.83348,5.75874,21050.08487967854,0.06261900937418052,0.04721394072269658
HON,1861-03-28,0.12237802304,11.8584,5.866269999999999,20861.30079931541,0.010566089635671183,-0.0038333987497372046
HON,1862-04-03,0.12570227176,11.87861,5.970550000000001,21053.717289026972,0.02797128228689405,0.014211021928771439
HON,1863-04-09,0.12591629648,11.87521,6.08928,20678.355483735355,0.0010689938551318168,-0.013171231206400513
HON,1864-04-15,0.13276245216,11.89194,6.20364,21400.734433332687,0.03119776979440858,0.016348009436674138
HON,1865-04-21,0.13223348372,11.92257,6.33033,20888.87683896416,-0.003436836426105483,-0.01781159344727168
HON,1866-04-27,0.13949211796,11.98236,6.450259999999999,21625.81321683157,0.05904584233601917,0.04370379220157394
HON,1867-05-03,0.14094326999999998,12.00525,6.57274,21443.609514449072,0.004085576186192874,-0.01042015978968669
HON,1868-05-09,0.1447061044,12.00012,6.70717,21574.83773335103,0.00841444296068472,-0.006222196176057682
HON,1869-05-15,0.19337316388,11.91837,7.54119,25642.261218720123,0.1462559379483841,0.04028521012378761
HON,1870-05-21,0.16538499016,11.10519,7.93272,20848.45931282082,-0.1622437711839848,-0.18797273034460804
HON,1871-05-27,0.17702329996,11.01036,8.09964,21855.69975455699,0.04627317552743837,0.030429526842145282
HON,1872-06-02,0.17961660028,10.13086,8.24059,21796.570425175873,0.018678041045897986,0.0052694260999439635
HON,1873-06-08,0.18843965867999998,10.03816,8.37283,22506.08918131623,0.031005467386105545,0.018374795062988447
HON,1874-06-14,0.20307617252,9.89364,8.49314,23910.611684253407,0.05169457265893507,0.04115358360841581
HON,1875-06-20,0.20195158672,9.81592,8.59439,23498.07103470985,-0.01314463062045823,-0.022194635779516192
HON,1876-06-26,0.20641842728,8.15212,8.65042,23862.243368530082,0.09176356586610268,0.08717421801121739
HON,1877-07-02,0.22394785712,9.42781,8.73488,25638.34387192497,0.03318444503204221,0.025292272967395002
HON,1878-07-08,0.22795775495999998,9.32417,8.85571,25741.330165509033,0.010016788401199683,-0.0007594497653427013
HON,1879-07-14,0.23225268872000002,9.0923,8.98333,25853.74117615628,0.014972720133940243,0.004565842444925972
HON,1880-07-20,0.23684055927999997,8.95058,9.09632,26036.96431963695,0.013119398069890043,0.0033584781868976066
HON,1881-07-26,0.27458378688,8.09278,9.19359,29866.87321057389,0.1075444714826892,0.09865688893981517
HON,1882-08-01,0.27409787912,8.04202,9.27094,29565.27376080527,-0.004867671304557564,-0.01046923771939734
HON,1883-08-07,0.25349096708,8.13796,9.36147,27078.11562500334,0.00809836192144786,0.00048248562016484087
HON,1884-08-13,0.26583770512,8.1475,9.45388,28119.428755177767,0.030415213224164184,0.022652650909325445
HON,1885-08-19,0.27043179592,8.08266,9.54076,28344.890335780376,0.018169079909813313,0.011357394012797561
HON,1886-08-25,0.273764946,8.03876,9.60383,28505.809244853353,0.039761216580936676,0.034460992380636046
HON,1887-08-31,0.27704487563999997,7.99607,9.67153,28645.403120292234,0.009144839748459699,0.004166532772678533
HON,1888-09-06,0.28384232136,7.22323,9.7324,29164.678944556326,0.05312701003195386,0.048000319728565444
HON,1889-09-12,0.28944056024000003,7.31239,9.76045,29654.42784297855,-0.03255209388585678,-0.03463068796325197
HON,1890-09-18,0.29216619692,7.29593,9.81634,29763.251570340883,0.016069015385071328,0.011888169880495125
HON,1891-09-24,0.31081837124,7.30738,9.86368,31511.400536108227,0.04526261094662187,0.04139735671335698
HON,1892-09-30,0.31309804187999996,7.28583,9.9046,31611.376721927183,0.007834693786552105,0.004407630870547186
HON,1893-10-06,0.31010034484,7.27383,9.9239,31247.830473906426,-0.001417552127994326,-0.002607731437916261
HON,1894-10-12,0.30033220828,7.2039,9.96077,30151.505182832254,-0.02452375898668735,-0.027461077852680926
HON,1895-10-18,0.306736027,7.3247,10.01502,30627.60004473281,0.013414002234024114,0.009461306607383646
HON,1896-10-24,0.34483783724,7.95658,10.07516,34226.537071371575,0.10412322198979052,0.099295848936517
HON,1897-10-30,0.3631291144,8.00659,10.16043,35739.5419682041,0.050479649105701796,0.0436686947862166
HON,1898-11-05,0.363166206,7.34736,10.22023,35534.054125983464,-0.0017619744055359376,-0.005854170509082324
HON,1899-11-11,0.34899909512,7.26037,10.270700000000001,33980.06904300583,-0.038053015071017104,-0.041739528456777863
HON,1900-11-17,0.40880395972,7.27521,10.304380000000002,39672.83424330236,0.15257973210176035,0.14951772389129592
HON,1901-11-23,0.4431740534,7.86186,10.34107,42855.725123222255,0.083361777641632,0.0806920914531919
HON,1902-11-29,0.40341405416,6.45484,10.37821,38871.25565584046,-0.10166767873264348,-0.10450730829464672
HON,1903-12-05,0.40166052992,6.37471,10.36125,38765.644098926285,0.02642352557422023,0.027537954221002803
HON,1904-12-11,0.39314247284,6.35312,10.34667,37997.005107923615,-0.009161750790183776,-0.007988825483333795
HON,1905-12-17,0.46850058996,7.38957,10.3549,45244.33745956021,0.14526745378829453,0.14471314519047818
HON,1906-12-23,0.46115754307999995,6.77081,10.37383,44453.93293315969,-0.03441179164685837,-0.035696626073846716
HON,1907-12-29,0.44766348744,6.77269,10.37771,43137.020348419835,0.003506619554373369,0.0032341635607868735
HON,1909-01-04,0.49515404275999997,6.93973,10.38598,47675.23553482675,0.049464346122680025,0.04881502781758473
HON,1910-01-10,0.5266566864,7.14873,10.40316,50624.683884512015,0.04879990035211068,0.0474302865029923
HON,1911-01-16,0.54186645344,7.14309,9.52194,56907.14848444749,0.01704712610019965,0.05917996811664228
MJT,1837-01-13,0.11375388596,7.15034,3.66785,31013.778087980696,0.5993058520642194,0.5871624892472509
MJT,1838-01-19,0.09101466192,8.57628,3.69504,24631.57690309171,-0.17119434178264592,-0.17529790560167025
MJT,1839-01-25,0.09199081996,8.61911,3.73721,24614.83833126851,0.00501656494500069,-0.0036748926239847934
MJT,1840-01-31,0.0941360394,8.62501,3.77869,24912.34777131757,0.009672826080276531,0.0010642990538718422
MJT,1841-02-06,0.09181095456,8.55234,3.80805,24109.70301335329,-0.018618905090388993,-0.02401217676347145
MJT,1842-02-12,0.0964514512,8.56355,3.83805,25130.326910801057,0.03935519459448633,0.033151271749773725
MJT,1843-02-18,0.18369242476,6.94698,3.87308,47427.99651956582,0.8243353510326064,0.8108258314390469
MJT,1844-02-24,0.14808781416,7.77075,3.89035,38065.4219183364,-0.19473459421069894,-0.19736393359978233
MJT,1845-03-02,0.14879654504,7.88021,3.9191,37967.019223801384,0.0037914936653917763,-0.0019443066318610702
MJT,1846-03-08,0.13981371612,7.63644,3.91217,35738.14944647088,-0.05892672663508369,-0.057051478659854826
MJT,1847-03-14,0.14114794148,7.75666,3.9028299999999994,36165.53666954493,0.008586560546193667,0.010240733500079147
MJT,1848-03-20,0.14982477744,7.86601,3.91828,38237.38411752095,0.0798684473671829,0.07658385068999185
MJT,1849-03-26,0.15271431864,8.52151,3.95344,38628.212048241534,0.009986897472634038,0.003534562336385827
MJT,1850-04-01,0.15868149856,7.96962,3.9912500000000004,39757.34382962731,0.021609910885872496,0.013896984993599704
MJT,1851-04-07,0.163848204,8.04822,4.0216,40742.04396260194,0.011136421468884716,0.005252470549108823
MJT,1852-04-13,0.16379648636000002,8.05119,4.05475,40396.19862137,-0.005155240734922795,-0.011109838927444327
MJT,1853-04-19,0.16607143124,8.07723,4.08706,40633.47032830445,0.013615113026049563,0.007480664148165728
MJT,1854-04-25,0.16323658416,8.0586,4.11946,39625.72379875032,0.005182579049699321,-0.0008977082081097487
MJT,1855-05-01,0.1594190858,8.70491,4.16484,38277.361387232166,-0.06595936604795083,-0.0734497725442601
MJT,1856-05-07,0.15633183644,7.95495,4.19717,37246.963177569654,-0.006494119190547543,-0.01230387657076959
MJT,1857-05-13,0.15978240408,8.7124,4.23036,37770.403483391485,0.006589654514249199,0.000696409133441378
MJT,1858-05-19,0.16072431907999998,7.88195,4.26824,37655.87667984931,-0.001964939649281572,-0.008358556904901393
MJT,1859-05-25,0.16326282336,6.7957,4.22803,38614.395678365574,-0.012077479160227278,-0.0039006843656643753
MJT,1860-05-31,0.16208464688,6.00482,4.15772,38984.02174268589,0.012092497003939995,0.02496592386199592
MJT,1861-06-06,0.19991996336,6.8177,4.14892,48186.02512461074,0.18980627292440988,0.19192167260323933
MJT,1862-06-12,0.20065853443999998,6.82444,4.15976,48238.007586976164,0.005311589072017675,0.003215385796998982
MJT,1863-06-18,0.19777513652,6.87388,4.1751,47370.15556992647,-0.006230572998423001,-0.008915567607317154
MJT,1864-06-24,0.19917909544,7.18537,4.19433,47487.702550824564,0.007967034919716509,0.004368168750523704
MJT,1865-06-30,0.2120312714,7.13575,4.15852,50987.19530025105,0.07562677879803448,0.08378787625377315
MJT,1866-07-06,0.20654950315999998,7.18707,4.14299,49855.17782084919,0.0159077150160023,0.01845429357433681
MJT,1867-07-12,0.21048121900000002,7.24412,4.15386,50671.23566995518,0.017757475307395465,0.01573094045013046
MJT,1868-07-18,0.21061127984,7.24204,4.17407,50457.05506615844,-0.0015695995253026673,-0.005115875925144064
MJT,1869-07-24,0.21219261908,7.31307,4.19363,50598.793665630976,0.007083543180293805,0.0034915934338226595
MJT,1870-07-30,0.21044067043999998,7.28032,4.18367,50300.49464704434,-0.05496921279464817,-0.053032145635672934
MJT,1871-08-05,0.21231817828,7.29765,4.19908,50563.022919306124,0.004066464924083579,0.0012652131956902846
MJT,1872-08-11,0.21490371864000002,7.34781,4.22046,50919.50134345546,0.023290539707393698,0.019455896489571245
MJT,1873-08-17,0.21819695768,7.47752,4.24376,51415.951345033645,-0.004968503382372758,-0.008953448655836582
MJT,1874-08-23,0.21366364448,7.4978,4.27069,50030.239722386774,-0.005795928398496741,-0.010826533507071301
MJT,1875-08-29,0.2267381194,7.55174,4.27674,53016.577907471576,0.05953877342754832,0.05846748170886751
MJT,1876-09-04,0.21989485232,7.55016,4.30366,51094.84771566527,-0.03571341778313997,-0.04038505564856276
MJT,1877-09-10,0.22288358612,7.56647,4.33553,51408.613507460446,0.01235415888439828,0.006855148189063742
MJT,1878-09-16,0.24169840448,7.53139,4.36564,55363.796483448015,0.019822622985417926,0.014362376651564368
MJT,1879-09-22,0.2201605458,6.82644,4.38527,50204.55885270462,-0.08895737378469648,-0.09187463042738775
MJT,1880-09-28,0.21949854316,6.86105,4.40066,49878.55075375057,0.0003363024356832778,-0.0026100559733061024
MJT,1881-10-04,0.22388260388,6.91202,4.41317,50730.564170426245,0.04077389933673081,0.03846725618942837
MJT,1882-10-10,0.22433892728000002,6.91621,4.42872,50655.477718166876,0.0061550822583924525,0.003448316113383587
MJT,1883-10-16,0.22761320972000001,7.48726,4.44919,51158.34786107135,0.006115472243184206,0.0027342808567025756
MJT,1884-10-22,0.23424444472,7.59729,4.48035,52282.62183088375,0.028844877748884334,0.023382559436302408
MJT,1885-10-28,0.23544547364,7.52543,4.50856,52221.878746207214,-0.0016313965526281171,-0.00645135279082909
MJT,1886-11-03,0.23477649520000002,7.53379,4.53535,51765.90454981424,-0.0025901073051467494,-0.007147779185589731
MJT,1887-11-09,0.2384222152,7.59368,4.56764,52198.11876592726,0.01082637019434829,0.005453684190148245
MJT,1888-11-15,0.23924083976,7.64071,4.60179,51988.64784355653,-0.0011909887863630342,-0.0067541998688337435
MJT,1889-11-21,0.23861870604,7.65013,4.63555,51475.813234675494,0.0048009821019068255,-0.0007866250343379066
MJT,1890-11-27,0.23591139988,7.67348,4.65698,50657.59352198206,-0.010224443461191668,-0.013927923481153681
MJT,1891-12-03,0.2389278034,7.60152,4.67291,51130.409830277065,-0.003022931625599745,-0.005530128624237962
MJT,1892-12-09,0.2389555818,7.62117,4.70425,50795.68088430675,0.0007481278756280574,-0.004642745535588411
MJT,1893-12-15,0.23613662695999998,7.60444,4.73253,49896.48812791467,-0.0017134739900024343,-0.0061398900448906835
MJT,1894-12-21,0.2407773758,7.61147,4.7667,50512.38294837099,0.008240346235001805,0.00268136101015215
MJT,1895-12-27,0.23676627936,7.59397,4.77946,49538.29080272666,-0.01855140727996296,-0.020698699205653814
MJT,1897-01-02,0.23876295768,7.60171,4.77884,49962.53435561768,0.0034108823052221293,0.003415511253422432
MJT,1898-01-08,0.2370562116,7.57703,4.80322,49353.602708183265,-0.011555036341261982,-0.015392352766193662
MJT,1899-01-14,0.22950037968,7.5392,4.83659,47450.86510950897,-0.014004657040659785,-0.01904919702252239
MJT,1900-01-20,0.23053109924,7.5209,4.86875,47349.13463209243,0.002203308294544959,-0.002827446132645184
MJT,1901-01-26,0.23258182272,7.55381,4.90076,47458.31722426726,0.012353727057119013,0.007296481587925507
MJT,1902-02-01,0.2475362006,7.65258,4.93503,50159.0062471758,0.05153723395768939,0.046119743238241195
MJT,1903-02-07,0.28912102544,7.13125,4.96305,58254.70737550498,0.12529446265383815,0.11997124013903515
MJT,1904-02-13,0.26841684688,7.76744,4.98024,53896.36782163109,-0.06874638275112455,-0.07128030666311058
MJT,1905-02-19,0.26464359532000004,7.7396,5.00402,52886.19856035748,-0.007472206536929371,-0.010644182607060015
MJT,1906-02-25,0.2610738234,8.24617,5.04485,51750.56213762549,-0.007779649855636284,-0.01375213259889041
MJT,1907-03-03,0.25446470712,8.21322,5.0992,49902.86851270788,0.011050509169374445,0.0027396564538517687
MJT,1908-03-09,0.26815194692,8.30188,5.14982,52070.159135659116,0.055047328525534844,0.04738171850097905
MJT,1909-03-15,0.26646722752,10.20027,5.19325,51310.30231935686,-0.014244130674048505,-0.02012342501175457
MJT,1910-03-21,0.26213333172,10.72093,5.29103,49542.9683294179,-0.009366013401900464,-0.022868024663139308
MJT,1911-03-27,0.26519291084,9.64855,5.3702,49382.315526423605,-0.009543263756048415,-0.020832073194174017
BNY,1837-01-13,0.06014291504,7.90458,2.49029,24150.968377176956,0,0
BNY,1838-01-19,0.060592161760000006,9.51326,2.52182,24027.155689145144,-0.08330958869587612,-0.09142130515620861
BNY,1839-01-25,0.056830105799999996,7.8748,2.55492,22243.399323657883,0.2524952603059658,0.23971533136777867
BNY,1840-01-31,0.061855619279999996,8.64156,2.58903,23891.42624071563,0.017373180805950295,0.007744905059178908
BNY,1841-02-06,0.06499601367999999,8.71204,2.62079,24800.160898049824,0.050742582236065426,0.04080533736707248
BNY,1842-02-12,0.06715143343999999,7.97807,2.64325,25404.87409060815,-0.07093274457175291,-0.07671819843803052
BNY,1843-02-18,0.06897341308,8.73301,2.67469,25787.441939065837,0.021640373296552884,0.012681267047954359
BNY,1844-02-24,0.069253496,8.72568,2.70653,25587.558977731635,0.001110462437579507,-0.008051975675664402
BNY,1845-03-02,0.07072640068000001,8.74027,2.7385,25826.693693627898,0.01594058661086839,0.006769157153413863
BNY,1846-03-08,0.07163464255999999,8.74571,2.77296,25833.27655645952,0.01016533604026959,0.0010828711868602348
BNY,1847-03-14,0.07196401264,8.74072,2.80084,25693.724968223818,0.0019875117631151795,-0.005657385485665967
BNY,1848-03-20,0.07644610636,6.41183,2.81911,27117.106590377818,0.07707960716582463,0.07066606874491876
BNY,1849-03-26,0.06759095824000001,7.90272,2.81178,24038.49456216347,-0.11768571355269863,-0.1148450001423057
BNY,1850-04-01,0.07270417284,8.74402,2.83746,25622.97718381933,0.0643146572238178,0.05706721581871799
BNY,1851-04-07,0.07599078084000001,9.56175,2.87748,26408.795487718424,0.043624010333274565,0.033201283452550134
BNY,1852-04-13,0.09620734864,8.75473,2.90565,33110.43953676458,0.09595651035917085,0.08774348124870901
BNY,1853-04-19,0.0774405762,8.10099,2.93162,26415.625558564887,-0.038972639035226186,-0.04542955278366467
BNY,1854-04-25,0.07825215320000001,8.70117,2.96416,26399.43633272158,0.009398261692819432,0.001198807633611132
BNY,1855-05-01,0.07874064952000001,8.81323,2.99787,26265.531700840933,0.004607501455875962,-0.004168905093429709
BNY,1856-05-07,0.08221109104,8.8596,3.03243,27110.631091237057,0.0429349280856115,0.033742218323113526
BNY,1857-05-13,0.08215375376,8.84318,3.07008,26759.483062330626,0.001665183393119829,-0.007238403963419349
BNY,1858-05-19,0.08367348288,8.86433,3.10563,26942.515006617014,0.017182179874290382,0.00815545130045603
BNY,1859-05-25,0.08293023336,8.85918,3.13866,26422.17805050563,-0.003347864866573236,-0.010600931175597017
BNY,1860-05-31,0.08495568016,9.57409,3.17963,26718.73147504584,0.022580340407031496,0.01237673411968565
BNY,1861-06-06,0.08696527528,9.62065,3.22621,26955.863158318894,0.014231367151912977,0.0029128637097741716
BNY,1862-06-12,0.08691170384,9.59242,3.27722,26519.947955889445,0.0028171932482974338,-0.008456203777646554
BNY,1863-06-18,0.08857496284,9.609,3.33004,26598.76843521399,0.005106929749481681,-0.007295926234114902
BNY,1864-06-24,0.09637365608,9.60181,3.37248,28576.494472910144,0.012779978325156316,0.0033042351791645608
BNY,1865-06-30,0.09287176028,9.63407,3.4281,27091.32180508153,-0.020524881988544297,-0.03191279236603228
BNY,1866-07-06,0.0907179078,9.56645,3.4874,26013.04920571199,-0.02303977408918445,-0.035968491237243216
BNY,1867-07-12,0.09179584492000001,8.78584,3.54278,25910.681701940284,0.008697294518786425,-0.0034208695642254927
BNY,1868-07-18,0.09269158027999999,8.67111,3.59329,25795.741585009837,0.005312117976856934,-0.005015289815358259
BNY,1869-07-24,0.09417025124,8.62171,3.63201,25927.861222849053,0.008224990013476097,-0.00010222689757233283
BNY,1870-07-30,0.09610472508000001,8.53465,3.68,26115.414423913044,0.014810660634146933,0.005240719720539744
BNY,1871-08-05,0.09708694788000001,8.63109,3.71056,26165.039207019967,0.00663819972504931,0.0008083734914303697
BNY,1872-08-11,0.09378632848,7.56908,3.73451,25113.422773001006,-0.0379109364500253,-0.042759897938145275
BNY,1873-08-17,0.09351823156,6.9358,3.73719,25023.675959745156,-0.03157919750106597,-0.03259357483584935
BNY,1874-08-23,0.08943109188000001,6.96566,3.71095,24099.244635470703,-0.01762818553725176,-0.012177660603505225
BNY,1875-08-29,0.09097275408,7.58902,3.72226,24440.193344903364,0.008228691001609612,0.005604995209376407
BNY,1876-09-04,0.09445989592,7.71279,3.7350599999999994,25290.06118241742,0.006707217656908737,0.0046226244126483795
BNY,1877-09-10,0.109642637,7.06205,4.06989,26939.950956905468,0.01411351697305574,-0.013747104015836786
BNY,1878-09-16,0.1041039402,7.46826,4.22628,24632.523211902666,-0.016485389501687764,-0.026540609895378098
BNY,1879-09-22,0.10430014816,8.14089,4.41602,23618.586002780787,-0.019324985617665824,-0.03851665179930441
BNY,1880-09-28,0.10965761352,8.51586,4.62292,23720.422053593833,0.029159901747517702,-0.002236271550704383
BNY,1881-10-04,0.11141100204000001,8.50757,4.84561,22992.152079923893,0.022125271853044914,-0.02238164470183801
BNY,1882-10-10,0.11402842256000001,8.18623,5.06358,22519.328727896074,0.036973536794220774,-0.005752331510755049
BNY,1883-10-16,0.11814517572,7.89752,5.26959,22420.183680324277,0.01956177428073036,-0.018740153051943542
BNY,1884-10-22,0.12497859712,6.43158,5.63075,22195.72829907206,0.02855701058254434,-0.006487505535287319
BNY,1885-10-28,0.18787952612,6.48952,5.79456,32423.432688590678,0.503480402866892,0.46036913740402174
BNY,1886-11-03,0.1292798104,6.74699,6.1630899999999995,20976.459925134957,-0.30286858202578293,-0.3354406822384447
BNY,1887-11-09,0.19710976272,6.64555,6.37151,30936.11447207962,0.29109483386410706,0.25071148272748345
BNY,1888-11-15,0.14485095976,6.54574,6.81633,21250.57908874717,-0.14678221948212578,-0.17408255012426643
BNY,1889-11-21,0.14465171084,7.32944,6.84883,21120.645546757623,0.0012280788477774252,-0.002076065324000509
BNY,1890-11-27,0.1455176216,8.84041,6.884040000000001,21138.404425308396,-0.23407412967945185,-0.2366055180768365
BNY,1891-12-03,0.15647751236,9.20793,6.97432,22436.239283543055,0.03049248220010825,0.02029025159253517
BNY,1892-12-09,0.16949463076,10.61527,7.09543,23887.85891200392,0.02105104739310626,0.00810451189817818
BNY,1893-12-15,0.24405212156,8.6854,7.20205,33886.47976062371,0.3012524086770112,0.28653775150805183
BNY,1894-12-21,0.18758285884,9.90922,7.29511,25713.50655987367,-0.2320659678211665,-0.2394949489087661
BNY,1895-12-27,0.17675009612,9.75104,7.40636,23864.63743593344,0.15184340727436108,0.13914213507931805
BNY,1897-01-02,0.17927271336,9.80696,7.5348,23792.630641821946,0.01582433446700482,0.002315278500400808
BNY,1898-01-08,0.19349855148,9.76514,7.66916,25230.736023241137,0.06712777873877473,0.05293771359178212
BNY,1899-01-14,0.19531016648000002,9.71275,7.91252,24683.686926541737,0.02751692262783112,0.0033883565446419794
BNY,1900-01-20,0.25520764360000003,8.2781,7.99144,31935.126034857298,0.299565648203161,0.2892193729053314
BNY,1901-01-26,0.21277960184,9.18715,8.06155,26394.37848056515,-0.1111502449917181,-0.1170446153664999
BNY,1902-02-01,0.29124067076,7.3993,8.11552,35886.87733626434,0.3307478215251085,0.32409296560137246
BNY,1903-02-07,0.22246276624,8.31263,8.15547,27277.737057459595,-0.14059675317161757,-0.14355491749993843
BNY,1904-02-13,0.22237308444,9.1279,8.25268,26945.560041101802,0.007856479624150925,-0.0008897859163191635
BNY,1905-02-19,0.22850163803999998,9.69191,8.35412,27351.969811302686,0.011753263863981456,0.002214467456375546
BNY,1906-02-25,0.24066783364,9.62826,8.46888,28417.905749048277,0.04298871436341867,0.03236709613799782
BNY,1907-03-03,0.24239137052,8.68971,8.5408,28380.405877669535,0.0008826984845877739,-0.005346497482304979
BNY,1908-03-09,0.2457013702,8.79552,8.74128,28108.168391814474,-0.005385066957007356,-0.018046420988294676
BNY,1909-03-15,0.29657413188,8.70387,8.81998,33625.26126816614,0.19134829782955665,0.1836641965147101
BNY,1910-03-21,0.29804716916,8.72213,8.89382,33511.71590610109,0.0018759638533614176,-0.004642219547415838
BNY,1911-03-27,0.24299724124,8.99314,8.97907,27062.629118605826,-0.18889903858338697,-0.19463493980678248
HDJ,1837-01-13,0.2347757074,5.38943,5.24479,44763.60491077813,0,0
HDJ,1838-01-19,0.26189995572,5.39602,5.21417,50228.50342815826,0.12123587229253086,0.1263194521082318
HDJ,1839-01-25,0.25808653468000003,6.14975,5.20036,49628.590074533306,0.00003890268340600578,0.0019236253246479595
HDJ,1840-01-31,0.25483219632,6.20974,5.19089,49092.19735344036,-0.030824208369865436,-0.029507818764386573
HDJ,1841-02-06,0.22746525984000002,6.33163,5.18267,43889.58969797421,-0.14949003856738963,-0.14842328968116514
HDJ,1842-02-12,0.25881850904,6.22461,5.17404,50022.51800140703,0.17509255933216927,0.17648136953174176
HDJ,1843-02-18,0.2540081206,6.80563,5.16406,49187.67802852794,-0.012174368902009403,-0.010505101567698905
HDJ,1844-02-24,0.25606323808000003,6.80277,5.16674,49559.92329399196,0.0038675614616157095,0.0034181478947021837
HDJ,1845-03-02,0.34488480364,7.13238,5.174,66657.28713567839,0.25381963357680326,0.252607496699474
HDJ,1846-03-08,0.33942184276000004,7.3127,5.19052,65392.64712591417,0.01507507238750172,0.012536775825384705
HDJ,1847-03-14,0.3509510472,7.28599,5.2073599999999995,67395.19587660542,0.0930670054784315,0.09046361630295485
HDJ,1848-03-20,0.25828737844,6.4502,5.21797,49499.59053808282,-0.21364610725410382,-0.21493209054167228
HDJ,1849-03-26,0.25971051288,7.17058,5.22253,49728.869509605494,-0.020923511029700803,-0.021593738781407912
HDJ,1850-04-01,0.2536270178,7.02819,5.2336,48461.29199785998,0.035176788327824005,0.0337650060497483
HDJ,1851-04-07,0.30906695456,6.49162,5.22074,59199.83652892118,0.13114406650015797,0.13347866735679403
HDJ,1852-04-13,0.28759114331999996,6.53715,5.22161,55077.10137677842,-0.14138160621206508,-0.14157848205443213
HDJ,1853-04-19,0.31173961104,7.2785,5.22198,59697.58808727723,0.08444926040886735,0.08468678540905716
HDJ,1854-04-25,0.28394056964000003,6.18101,5.22178,54376.20306485528,-0.016961742672323532,-0.017061852039116476
HDJ,1855-05-01,0.26174846984,5.78992,5.19459,50388.6677947634,-0.10367825415918996,-0.09983807640604714
HDJ,1856-05-07,0.26370181084,5.94273,5.16945,51011.57973091915,-0.03781863666572827,-0.0344224884302069
HDJ,1857-05-13,0.22516484224,6.52199,5.15656,43665.70780520347,-0.12148222271800246,-0.11999907506174678
HDJ,1858-05-19,0.2070923166,6.47888,5.14574,40245.390672672926,-0.08259942871378356,-0.08104731103823992
HDJ,1859-05-25,0.21103565184,6.52654,5.13426,41103.42129927195,0.03587913197936898,0.037462406828132844
HDJ,1860-05-31,0.22672624208,6.52497,5.12311,44255.587344406034,0.038426334786521466,0.040123730505477795
HDJ,1861-06-06,0.19529221972,6.4007,5.084980000000001,38405.70065565646,-0.07584562127744099,-0.07166301798459651
HDJ,1862-06-12,0.27556445488,6.99883,5.00855,55018.80881292989,0.3884296199697479,0.40522168580960183
HDJ,1863-06-18,0.28269707388,6.80173,5.00307,56504.72087738128,-0.018504857539429764,-0.01817095026958071
HDJ,1864-06-24,0.32483528168000003,6.11397,5.01355,64791.471448374905,0.06912813906723136,0.06790609933609426
HDJ,1865-06-30,0.30660143956,5.63016,5.00318,61281.31299693395,-0.024633161588976105,-0.023134680409545583
HDJ,1866-07-06,0.27352680264,6.09702,4.99861,54720.57284725153,-0.09158280688849885,-0.08995960573225725
HDJ,1867-07-12,0.28342418884000004,6.21967,4.993,56764.30779891848,0.004279976564836474,0.005182569008384874
HDJ,1868-07-18,0.29422635892000004,6.24812,4.99072,58954.69169177995,0.029478507881906424,0.0298158335338663
HDJ,1869-07-24,0.28853488767999996,6.28271,4.98844,57840.70524652998,0.009583935885872252,0.00991380842956091
HDJ,1870-07-30,0.3617832816,6.39004,4.99081,72489.89274286138,0.23486975444443736,0.2344225702054059
HDJ,1871-08-05,0.40946235148,6.80089,5.00161,81866.10940877037,0.14969838126916568,0.1477030556297314
HDJ,1872-08-11,0.50214677084,7.24709,5.05193,99397.0167520136,0.21585997790540334,0.2067514221421951
HDJ,1873-08-17,0.5463414216,7.32267,5.10507,107019.37908784795,0.06571723126245965,0.05827680108054345
HDJ,1874-08-23,0.55995777344,7.50021,5.15331,108659.82707036837,0.0011720480931047828,-0.006005972614713362
HDJ,1875-08-29,0.59366256716,7.72434,5.20455,114066.0704883227,0.050647447419870595,0.0418687767313759
HDJ,1876-09-04,0.62788549772,7.75119,5.27543,119020.72394477796,0.03677988197279092,0.026168219574285834
HDJ,1877-09-10,0.6592715469599999,7.91994,5.31765,123977.98782544919,0.04576078270521977,0.03897963378284941
HDJ,1878-09-16,0.6426551487200001,8.21732,5.35265,120062.9872530429,-0.0015918418913603016,-0.0064583240617343
HDJ,1879-09-22,0.68071587948,8.09675,5.40825,125866.20061572597,0.046461334329153114,0.03794237663341238
HDJ,1880-09-28,0.65903919432,8.53927,5.48763,120095.41356104547,-0.004097448007034932,-0.013369413104986294
HDJ,1881-10-04,0.62863386976,8.32136,5.5264,113751.06213086277,-0.017567950508775243,-0.022750295464431525
HDJ,1882-10-10,0.68754692188,8.28846,5.56684,123507.57734729219,0.13519246917640304,0.1288708017641036
HDJ,1883-10-16,0.6994884566799999,8.08302,5.60602,124774.52036917456,0.07684447781760051,0.07138742971986312
HDJ,1884-10-22,0.64017967572,8.05612,5.64121,113482.68823887075,-0.11976586168741021,-0.12402027771474156
HDJ,1885-10-28,0.6866198653600001,8.35561,5.68724,120729.89101216056,0.07235468634420217,0.06530100632145919
HDJ,1886-11-03,0.76445303012,8.41018,5.724209999999999,133547.34192491192,0.08216301665213455,0.07694397429270983
HDJ,1887-11-09,0.71003677264,8.60031,5.75976,123275.40950317374,-0.04133241068044502,-0.045870149153118156
HDJ,1888-11-15,0.7378687524,9.0094,5.82652,126639.70129682898,0.020900271280668292,0.012519557431059258
HDJ,1889-11-21,0.76207050712,8.79807,5.87541,129705.07711291638,0.049573941058043136,0.04298665244004196
HDJ,1890-11-27,0.83302967332,9.11918,5.94312,140167.06264049857,0.05644394240764261,0.04756331842847317
HDJ,1891-12-03,0.8283493399999999,9.12861,6.000679999999999,138042.57850776913,0.012378960261429706,0.005299380585396252
HDJ,1892-12-09,0.28803280272,6.08449,5.95018,48407.40998087453,-0.6922248081405422,-0.6899026753503752
HDJ,1893-12-15,0.71571262256,8.04968,5.91955,120906.59299439992,0.9673839055182676,0.9748086895330401
HDJ,1894-12-21,0.77645413872,8.60309,5.96716,130121.21993041917,0.05185487587220816,0.04508410154473341
HDJ,1895-12-27,0.9223237358399999,8.86472,6.03208,152903.10072810706,0.06768079429193974,0.058220254727742615
HDJ,1897-01-02,0.9472833292,9.08564,6.11697,154861.5293519504,-0.03580744647760803,-0.04621910868416834
HDJ,1898-01-08,0.9538225216,8.98203,6.19386,153994.84676760534,-0.02917299408473306,-0.03830565050931367
HDJ,1899-01-14,0.8339208987200001,8.75711,6.257119999999999,133275.5163270003,-0.0670353998292813,-0.07468263882250037
HDJ,1900-01-20,0.8179243253999999,7.59287,6.29218,129990.61142561083,-0.01701285691543497,-0.021062863235405294
HDJ,1901-01-26,0.63869655252,5.71299,6.30902,101235.46169135619,-0.23063804451478642,-0.2326284907309114
HDJ,1902-02-01,0.5695367776800001,5.68632,6.27584,90750.68479757293,-0.06842343539296403,-0.06429124586779456
HDJ,1903-02-07,0.52929744972,6.14916,6.23501,84891.19499728149,-0.06491176536914256,-0.06019378345483406
HDJ,1904-02-13,0.70335289596,6.68492,6.21786,113118.16219085023,0.1798181564293455,0.18216418809038326
HDJ,1905-02-19,0.74089933112,6.76032,6.2124,119261.36937737429,0.08363498228611443,0.08443605127816589
HDJ,1906-02-25,0.5679409751600001,5.90333,6.20134,91583.58921781422,-0.20608478374822603,-0.20508161643493716
HDJ,1907-03-03,0.6867398902,6.11238,6.17769,111164.51136266145,0.19011502648968182,0.19344637518229013
HDJ,1908-03-09,0.7100446158,6.55939,6.16645,115146.4158146097,0.05511602303865426,0.05637157719633823
HDJ,1909-03-15,0.59751002012,6.19696,6.1598,97001.52928991201,-0.06640093343171394,-0.06572317400253525
HDJ,1910-03-21,0.65365022164,6.1622,6.15091,106268.8645484977,0.10284241709789521,0.10399824467688035
HDJ,1911-03-27,0.6476045654,6.53417,6.14677,105356.8891303888,0.05723315999494383,0.057771209940471024
DFR,1886-12-29,0.13257380604,8.34273,4.34932,30481.501945131655,0.019099678805047038,0.01932838535948833
DFR,1888-01-11,0.13613705403999998,8.35799,4.601067991383722,29588.142208491518,0.0207054476468862,-0.010758052570323806
DFR,1889-01-10,0.14157567840000002,8.96021,4.59635,30801.761919784178,0.03201827319438655,0.03230135527273603
DFR,1890-01-23,0.14699311276,9.04177,4.59635,31980.400265427998,0.026917453094257526,0.026918740222873216
DFR,1891-02-05,0.15575073228,9.12612,4.59635,33885.74244346057,0.04749630078748779,0.048334505582220855
DFR,1892-01-28,0.15729614836,9.193,4.59635,34221.9692495132,0.01732663284845093,0.01721163484315036
DFR,1893-02-03,0.16459850992000002,9.2013,6.07342,27101.453533593925,0.028285168127292648,-0.2220289749929385
DFR,1894-02-16,0.17982865212000002,8.13452,6.07342,29609.125026755934,0.07043654328059801,0.06658747051003533
DFR,1895-02-15,0.17920749548,8.94963,6.07342,29506.850420356244,-0.009898313419036575,-0.01220532586270262
DFR,1896-02-28,0.17833006204,9.14473,6.07342,29362.379357923543,-0.0028836925098932875,-0.0015704728870968854
DFR,1897-03-13,0.22512277528,8.38926,7.13734,31541.55123337266,0.22799024046417204,0.18680364463854948
DFR,1898-03-05,0.19265073152,8.3595,7.48084,25752.553392399786,-0.13125569108983914,-0.14073640544042665
DFR,1899-03-11,0.2101635796,8.86792,7.496092376364481,28036.41804930997,0.0674004999940121,0.0670896352943462
DFR,1900-03-24,0.21219468972,8.85292,7.480840000000001,28365.088642451916,0.009283634837619514,0.010134113620639207
DFR,1901-03-23,0.21845996588,8.47092,7.48084,29202.59835526492,0.02025840987817573,0.019024294814145915
DFR,1902-04-05,0.24707791108,7.34074,8.49087,29099.245551987016,0.08958066750648785,-0.05923944390165947
DFR,1903-04-18,0.22216552124,9.25218,8.763010240129734,25352.648821817525,-0.10266178731377229,-0.13005497864579818
DFR,1904-04-10,0.28155939136,8.1418,8.75883,32145.77647471181,0.25347245659658046,0.25280136860881575
DFR,1905-04-16,0.23678019039999998,7.76235,9.33435,25366.54297299758,0.010396506404595662,-0.043968940453759986
DFR,1906-04-29,0.17270400315999998,7.45234,4.78466,36095.355398293716,-0.2932496637755534,0.3256494305364588
DFR,1907-04-28,0.11273448524,9.769,4.78466,23561.650198760206,-0.4101842339752779,-0.4117465660986567
DFR,1908-05-11,0.14332477692,8.71149,5.49068,26103.28354957856,0.1906350450282106,0.011905133830926395
FIN,1837-01-13,0.80130843052,10.18302,14.65592,54674.72738115383,0,0
FIN,1838-01-19,0.76937524352,9.97725,14.80591,51964.06323691012,-0.07594628106459189,-0.08364965770948796
FIN,1839-01-25,0.77909551928,10.19549,15.018059999999998,51877.24108706451,-0.02980632590513732,-0.04011769277953303
FIN,1840-01-31,0.8641902932,10.2131,15.26083,56628.000783705735,0.06586028284334966,0.053138470533387716
FIN,1841-02-06,0.95475658408,10.34683,15.51373,61542.68406630771,0.030699578056449628,0.017939116466129557
FIN,1842-02-12,0.83983878472,9.92716,15.76534,53271.212972254325,-0.07439033995657629,-0.08556523347135636
FIN,1843-02-18,0.86933557152,10.17345,16.00679,54310.42523329163,0.09886748589601813,0.08623222289467725
FIN,1844-02-24,1.0759182714800002,9.83534,16.26468,66150.59573751222,0.21284833657866664,0.19808702047753157
FIN,1845-03-02,0.926228212,10.29751,16.53221,56025.67424439927,-0.05868330499676433,-0.07019170015747056
FIN,1846-03-08,1.10765173012,10.16454,16.79955,65933.41667604192,0.10179338282947725,0.08832348893180342
FIN,1847-03-14,0.95553019848,10.22489,17.07215,55970.1149814171,0.04791858944682792,0.035326263486078036
FIN,1848-03-20,0.99889890308,10.1512,17.33675,57617.425588994476,-0.01891623132700926,-0.0301281393916476
FIN,1849-03-26,1.10101736212,9.86986,17.62043,62485.272046141894,0.11136273125679663,0.09771766632855883
FIN,1850-04-01,1.07320660408,9.75291,17.88975,59990.02803728392,-0.07833953827140638,-0.08878575424200774
FIN,1851-04-07,1.12081935628,10.0327,18.17102,61681.69735545941,0.019579911821867357,0.0075541971442893985
FIN,1852-04-13,1.1496892139200001,10.50244,18.45795,62286.939444521195,0.02783550158331316,0.01608205821690567
FIN,1853-04-19,1.1897910138399999,9.80207,18.72883,63527.24723541193,0.1244850683033909,0.11194769564623996
FIN,1854-04-25,1.32113694388,9.75481,19.00223,69525.36327999397,0.029868101475964304,0.01838649643303314
FIN,1855-05-01,1.23724540524,9.87212,19.29832,64111.56024151325,0.040605875825665105,0.028561585827083347
FIN,1856-05-07,1.51066000072,10.1254,19.58269,77142.61936026154,0.167820248443054,0.15505369716151574
FIN,1857-05-13,1.4937810430399998,9.68255,19.86029,75214.46278176199,-0.037189615433949164,-0.04734814328244186
FIN,1858-05-19,1.55793021436,10.04135,20.12977,77394.33755875005,-0.009710679367141206,-0.019547169372782558
FIN,1859-05-25,1.6283490771600002,10.02187,21.08047,77244.43891241515,0.006484461509128403,-0.02389531509682341
FIN,1860-05-31,1.92754583528,9.67002,21.91194,87967.83102180819,0.16027736477040277,0.12723772940041522
FIN,1861-06-06,1.9295860329199999,10.36191,22.350890000000003,86331.50773503873,-0.04740918665801064,-0.06310411726303855
FIN,1862-06-12,2.0630777388,9.78955,22.69032,90923.25444506732,0.05706596826567156,0.04507464580684517
FIN,1863-06-18,2.21154389508,10.02891,23.01408,96095.25538626789,0.06701460491521272,0.055684577995764206
FIN,1864-06-24,2.2141061555599997,10.1263,23.34332,94849.66815174534,0.0028063896441696823,-0.007732020324545119
FIN,1865-06-30,2.2066978986,10.14379,23.611330000000002,93459.2798711466,-0.018904059290691833,-0.027431156457976447
FIN,1866-07-06,2.1270144209599997,10.20045,23.9427,88837.70088419435,-0.034329861234263626,-0.04441669693739503
FIN,1867-07-12,1.98806727444,10.17977,24.28917,81849.94688743996,-0.09842304078231146,-0.10834699253125035
FIN,1868-07-18,2.50266037788,10.07621,24.60627,101708.23850506396,0.22383336629283113,0.21180740323923786
FIN,1869-07-24,2.41667405408,10.08304,24.89143,97088.59852889128,-0.017822211164318702,-0.026342684182054765
FIN,1870-07-30,3.08082979672,10.32424,25.18586,122323.78790003597,0.20987744267678288,0.1992702944675362
FIN,1871-08-05,3.01348932196,10.1922,25.51929,118086.72270897818,0.04028943696104359,0.029966056692102727
FIN,1872-08-11,2.6987500566,10.37991,25.87816,104286.78300930205,-0.10865155653826053,-0.11812247462658021
FIN,1873-08-17,2.9688545931199997,10.28083,26.22295,113215.88887291474,0.12523989161039828,0.11402300019419775
FIN,1874-08-23,2.93018019944,10.14746,25.26117,115995.4269513249,0.019844136513148314,0.04647912170582846
FIN,1875-08-29,3.3903648506,10.27112,25.579069999999998,132544.49245418227,0.10415159578684219,0.09374526127173688
FIN,1876-09-04,2.87754527372,10.10105,25.74634,111765.21687043672,-0.12481906612127491,-0.12920794587080253
FIN,1877-09-10,0.363348024,7.68179,7.483950000000001,48550.30084380574,-0.8816156951201294,-0.5925011890356278
FIN,1878-09-16,0.31655139048000003,7.67778,7.50019,42205.78285083445,-0.14576726042168764,-0.1471181412567456
FIN,1879-09-22,0.26136619704,7.82285,7.527440000000001,34721.79081334424,-0.10413911883552107,-0.10629836375327617
FIN,1880-09-28,0.33832223359999997,8.61205,7.50935,45053.46449426381,0.5741211258262133,0.7291115851031549
FIN,1881-10-04,0.25145595696,7.94246,7.51928,33441.49399410582,-0.13824116971095368,-0.13912092064410664
FIN,1882-10-10,0.6996021448,8.15535,7.39297,94630.72957147128,0.8473359110975065,0.8670527136649837
FIN,1883-10-16,0.6613833314399999,8.72866,7.254130000000001,91173.34972491532,-0.042242217161519546,-0.02696140450246609
FIN,1884-10-22,1.00726508792,9.15636,7.33916,137245.28255549681,0.3435787923956024,0.3312520209123706
FIN,1885-10-28,1.26911865288,9.76014,7.43721,170644.45576768706,0.2511075758544783,0.2390936818909688
FIN,1886-11-03,1.50792140044,9.63695,7.53031,200246.92216389498,0.09307129822977767,0.08262173979258725
FIN,1887-11-09,1.92839874708,9.50633,7.61804,253135.81276548823,0.12376312155727986,0.11419784833916458
FIN,1888-11-15,1.998003501,10.30141,7.70816,259206.28282235967,0.062183030048114096,0.05294336186803239
FIN,1889-11-21,2.33337368524,10.78157,7.859750000000001,296876.32370495243,0.13117579178387562,0.11436053922079004
FIN,1890-11-27,2.56046280776,10.85532,7.96916,321296.4487800471,0.0545430262250266,0.043868382095519465
FIN,1891-12-03,2.72733523192,11.49128,8.08388,337379.4801407245,0.05942682859811277,0.0479006976162375
FIN,1892-12-09,3.2242977311999996,11.6511,8.20125,393147.10942844074,0.1212179754260152,0.10892690633774871
FIN,1893-12-15,3.76903914088,12.08698,8.32717,452619.45425396616,0.09051730450762152,0.07834370388608725
FIN,1894-12-21,3.7688730331199998,12.6251,8.45914,445538.5574798384,0.02441824058719,0.012101773259207249
FIN,1895-12-27,3.84423989872,13.09101,8.60382,446806.1743179192,0.009912681295216608,-0.0027846473344905753
FIN,1897-01-02,4.212398845719999,13.10882,8.7608,480823.5373162268,0.10464082613244408,0.08957699125112639
FIN,1898-01-08,4.88339836764,13.52863,8.91004,548078.1643673878,0.12789442940548312,0.11353037110132358
FIN,1899-01-14,4.984114752759999,12.89097,9.05618,550355.0893158042,-0.0038097011483038123,-0.015670985914532753
FIN,1900-01-20,5.48872762464,13.85053,9.19497,596927.1922192243,0.11943408651975918,0.10654170896231752
FIN,1901-01-26,5.45796946552,14.78128,9.34695,583930.5298006302,0.029451662996122785,0.016844125678150634
FIN,1902-02-01,5.9121818272399995,14.93788,9.51881,621105.1410039699,0.062167231368779996,0.047856498087589294
FIN,1903-02-07,6.21497134908,15.78591,9.68487,641719.6461160552,0.027155001416381497,0.013703926566895896
FIN,1904-02-13,6.68189827188,16.49424,9.85296,678161.5140911969,0.024133897628467293,0.01097318215954246
FIN,1905-02-19,5.66299015828,13.80954,10.01873,565240.3207073152,-0.11752964990852721,-0.128537682364689
FIN,1906-02-25,6.1776894712,15.49499,10.18137,606764.0672326023,0.07998558344134721,0.06670357993721443
FIN,1907-03-03,6.34115268644,16.87383,10.35622,612303.7832761374,0.014638556141004955,0.0017257551685692096
FIN,1908-03-09,6.7716975872,17.45543,10.53456,642807.8236964808,0.048173972601549764,0.034750657043606914
FIN,1909-03-15,6.96540797056,18.64263,10.70416,650719.7174332222,0.021798571713323334,0.009471247817039563
FIN,1910-03-21,7.38534921696,19.26604,10.87103,679360.5773289192,0.03916042055672886,0.02726897755845714
FIN,1911-03-27,7.397582958479999,18.90763,11.0351,670368.4568766934,0.15435068663000862,0.1412146004172492
PTN,1837-01-13,0.028925941200000003,9.22532,1.5147400000000002,19096.307749184678,0,0
PTN,1838-01-19,0.02935360116,9.20569,1.54987,18939.395665442906,0.011761341897948085,-0.006125616014242885
PTN,1839-01-25,0.03099806164,9.24612,1.60477,19316.202097496836,0.03346230180234655,0.008028546950954007
PTN,1840-01-31,0.0310507938,9.20226,1.65184,18797.700624757847,-0.0038116404657071445,-0.025977210623231106
PTN,1841-02-06,0.034030537320000005,9.22173,1.73559,19607.474875978776,0.06413593697996078,0.03144960251286677
PTN,1842-02-12,0.0367153592,9.23695,1.8168700000000002,20208.02765195088,0.06837408640444531,0.028615483100467687
PTN,1843-02-18,0.03493536852,9.23196,1.9017999999999997,18369.633252707965,-0.06724116187487084,-0.0993427464110801
PTN,1844-02-24,0.04072335228,9.08113,1.99534,20409.22964507302,0.16161428583101722,0.11899783252619556
PTN,1845-03-02,0.04113749796,7.92974,2.07768,19799.727561510917,0.004247279754517663,-0.028505710494535097
PTN,1846-03-08,0.04542246228,8.48765,2.14148,21210.780525617796,0.08488766177342844,0.059318324355143615
PTN,1847-03-14,0.04712089044,8.36497,2.21574,21266.434888569962,0.021063476575771123,-0.0034698411321290035
PTN,1848-03-20,0.0484823768,8.39273,2.29715,21105.44666216834,0.024435163246692815,-0.00427856222410361
PTN,1849-03-26,0.052481317199999995,8.56911,2.41184,21759.866823669894,0.03341328930395515,-0.001905766961307398
PTN,1850-04-01,0.0578070298,8.83244,2.60993,22148.881310993016,0.05428282565628684,-0.001882478604380844
PTN,1851-04-07,0.06940750336,8.87739,2.92602,23720.789112856375,0.10793605521191196,0.011351440228686283
PTN,1852-04-13,0.07039991296,8.46985,3.10997,22636.84632327643,0.013355403873157146,-0.036052555445914014
PTN,1853-04-19,0.07721132743999999,8.51214,3.2929899999999996,23447.179444820664,0.09573008061909816,0.04993485279364296
PTN,1854-04-25,0.08259591808,8.56421,3.46453,23840.4395632308,0.024610721178257133,-0.01653516496975338
PTN,1855-05-01,0.13221087776,7.65745,3.5478099999999997,37265.489910677294,0.6031562994190596,0.5773720079831961
PTN,1856-05-07,0.11547856268000001,7.58695,3.56448,32397.029210431818,-0.05692518030514171,-0.06082586719945271
PTN,1857-05-13,0.12026388088,7.99506,3.58918,33507.34175494124,0.07200851151496535,0.06454475145479033
PTN,1858-05-19,0.12449202272,7.98716,3.64421,34161.59406839891,0.03948265555698405,0.02882254267790052
PTN,1859-05-25,0.11824962863999999,8.00624,3.68456,32093.2834965369,-0.01639876689708919,-0.026258224107412076
PTN,1860-05-31,0.1354290782,7.32894,3.7132700000000005,36471.648493107146,0.15142841982759347,0.14476522773993383
PTN,1861-06-06,0.32110722852,7.41063,11.04214,29080.162769173367,1.4509433972262018,-0.17352251005475972
PTN,1862-06-12,0.33896227664,9.21335,11.23694,30164.998357204007,0.07123381980783283,0.05681200771963302
PTN,1863-06-18,0.33981667668,9.61284,11.48385,29590.832053710208,-0.004884865755625967,-0.02034472482508265
PTN,1864-06-24,0.34393334195999997,9.58915,11.73618,29305.390847788636,0.0009942255194645977,-0.01580720693193627
PTN,1865-06-30,0.34371367524,9.52421,11.99735,28649.132953527238,0.017434253648145326,0.0008172885318140644
PTN,1866-07-06,0.34443095856,9.54788,12.26054,28092.64180533647,-0.0034738983929666345,-0.01942504908235132
PTN,1867-07-12,0.34956661376,9.85788,12.52018,27920.254641706426,0.010486043139668944,-0.005782005745446961
PTN,1868-07-18,0.34601781084,10.03615,12.80554,27020.94646848161,-0.006080460125365561,-0.022578634534626274
PTN,1869-07-24,0.35041581692,10.11537,13.09778,26753.832857171215,0.02563087867868874,0.00829882909317714
PTN,1870-07-30,0.35124169912000003,10.1395,13.39948,26213.084322675208,0.009063511095120935,-0.008589577070746035
PTN,1871-08-05,0.35814775932000004,10.18746,13.73633,26073.031102193963,0.012089437226320277,-0.005832445803048758
PTN,1872-08-11,0.36990885256,10.05082,14.03974,26347.272282820053,0.06602742829629271,0.04830887332115208
PTN,1873-08-17,0.38225455579999995,10.09472,14.35548,26627.77948212111,0.042056365499506976,0.024201405335542603
PTN,1874-08-23,0.39255122243999996,10.05632,14.70296,26698.788709212295,0.023337532910198355,0.005868976304868712
PTN,1875-08-29,0.40009191248,10.14959,15.03225,26615.570688353375,0.021584034597502466,0.004143683633858419
PTN,1876-09-04,0.41350817456,10.06328,15.38026,26885.6426718404,0.02926494362264931,0.011929373665612975
PTN,1877-09-10,0.43204246644,9.6448,15.72512,27474.66896532427,0.03681099382266373,0.019567381666178774
PTN,1878-09-16,0.44835323311999997,9.3896,16.04158,27949.443453824373,0.029234025464459412,0.013503579222483353
PTN,1879-09-22,0.46436224068,8.7736,16.3448,28410.39600851647,0.02750582653912481,0.013489939882496582
PTN,1880-09-28,0.4712606808,8.37788,16.60327,28383.606410062595,0.010828307827659867,-0.0010991440571489486
PTN,1881-10-04,0.51563631808,7.86499,16.84012,30619.51566140859,0.08245024852239857,0.07041888625772308
PTN,1882-10-10,0.52238256356,8.37217,17.08955,30567.367985698864,0.06503462024238349,0.053615285821140946
PTN,1883-10-16,0.7592617682,7.70698,17.29095,43910.93422859936,0.32214312796044364,0.3093046184661128
PTN,1884-10-22,0.79712040044,4.81454,16.71628,47685.274501264634,0.009794683661696002,0.042019735695996374
PTN,1885-10-28,0.7868095549599999,6.42884,16.70403,47102.97784187409,-0.011346688567988594,-0.011577864052447429
PTN,1886-11-03,0.7997113935200001,6.68913,16.74343,47762.69817594125,0.017141279655634944,0.015601005708139493
PTN,1887-11-09,0.75394787416,7.83255,16.93315,44524.96281908564,0.014641285316547625,0.006169858131706452
PTN,1888-11-15,0.8004323974399999,7.7522,17.1138,46771.16697869555,0.033800626238979836,0.025251638883355465
PTN,1889-11-21,0.81235088376,7.43742,17.26148,47061.485096295335,0.025929996326742977,0.01917123290583911
PTN,1890-11-27,0.95493443656,6.82507,17.38972,54913.732743252905,0.06328680673361742,0.05793876247189278
PTN,1891-12-03,0.86260993572,6.67955,17.50238,49285.29352693748,0.09425470525573831,0.08838397791777397
PTN,1892-12-09,0.885083316,7.21109,17.6164,50242.00835585023,0.009154390045558403,0.004121209043406626
PTN,1893-12-15,0.8930867842,7.21546,17.75752,50293.44098725498,0.004737653565305422,-0.0008519761603092979
PTN,1894-12-21,0.9388360332,7.27309,17.87337,52527.0854461134,0.046607251598824284,0.04110308994412759
PTN,1895-12-27,0.94826541264,7.26739,17.98043,52738.75055490887,0.003840422735343685,-0.0003686928182450311
PTN,1897-01-02,0.94183490856,7.25205,18.07644,52102.8979467196,-0.0046325236073818665,-0.008822397614766664
PTN,1898-01-08,0.9539681637199999,7.26727,18.17804,52479.154172837116,0.00981815687291454,0.005366936218100582
PTN,1899-01-14,0.9549872358,7.24808,18.28411,52230.44686342404,-0.004044671746856632,-0.008135225048361061
PTN,1900-01-20,0.95749349228,7.24134,18.37292,52114.38858276202,0.0003964400669889123,-0.003537412332918155
PTN,1901-01-26,0.97540090024,6.77563,18.43274,52916.76116735765,0.014316714786660967,0.011816196906833332
PTN,1902-02-01,1.08018658488,6.80601,18.49005,58419.88447191868,0.11043430408520294,0.10811020211201883
PTN,1903-02-07,1.0703971142800002,6.77303,18.5259,57778.41369542101,-0.004388812628260186,-0.006020075693884186
PTN,1904-02-13,1.0691317587600002,6.85317,18.56267,57595.79622759011,0.00603111034798931,0.004510475990634255
PTN,1905-02-19,1.10248337316,6.5412,18.54562,59447.102505065886,0.056349070252609046,0.057833198261413754
PTN,1906-02-25,1.22126305132,6.65956,18.5765,65742.36542513392,0.046131535456995554,0.044726275053380116
PTN,1907-03-03,1.2859423096,6.34206,18.58337,69198.55277056854,0.06507571027242531,0.0650069133406932
PTN,1908-03-09,1.660151311,7.40593,18.61,89207.48581407845,0.2740744829018016,0.27234386973442004
PTN,1909-03-15,1.9666767203200002,7.42589,18.65854,105403.56964264087,0.004798020681704873,0.002800561038213356
PTN,1910-03-21,2.08261223248,7.275,18.69882,111376.66614684775,0.05958256799759298,0.05808909496431136
PTN,1911-03-27,2.2256405704,7.04842,18.72078,118886.10252350596,0.08054041310497562,0.07929564378141873
FRA,1845-02-02,27.398680376079998,11.1088,405.5656100908721,67556.71510200527,0.010157703193813594,0.01009760706852414
FRA,1846-02-15,28.343976942839998,11.19015,407.94316,69480.21126972689,0.018547771013918135,0.002137829165919536
FRA,1847-02-14,29.01900079728,10.78556,409.19495599682574,70917.29839774738,0.03489448135032891,0.032679210477218
FRA,1848-02-27,28.876607578,10.70085,407.94316000000003,70785.86040761169,0.0034731639542238124,0.004177279613984508
FRA,1849-03-12,29.54171908844,10.99261,416.4942628889617,70929.47423459681,-0.003046535653908,-0.003302884234619219
FRA,1850-03-04,29.10534945708,10.90821,407.94316,71346.58038409076,0.005920764805999568,0.005964566171663188
FRA,1851-03-10,30.34775656276,11.10057,407.94316,74392.12012467619,0.03269696705628178,0.03246478113117157
FRA,1852-03-23,29.821793777880004,11.16539,407.94316,73102.81603417496,-0.010267695962565493,-0.010114752252866177
FRA,1853-03-22,32.00620345572,11.24857,407.94316,78457.50730498828,0.05626110834093856,0.055528616702663625
FRA,1854-04-04,31.882733252239998,11.09271,431.94124,73812.66315816475,-0.0029989016120247625,-0.05801666524844262
FRA,1855-04-17,33.33660606796,11.17706,431.65571,77229.61910537451,0.04102934645587952,0.0437502306500035
FRA,1856-04-09,34.48890915184,11.22252,435.26115999999996,79237.2771139056,0.024752547521172286,0.019801758075499665
FRA,1857-04-15,34.229301654080004,11.11456,437.58634,78222.96659004485,0.004620832598202451,-0.00078138043541498
FRA,1858-04-28,35.296405385279996,11.84729,438.77827,80442.46444856988,0.025610660190308776,0.02457605046603728
FRA,1859-04-27,34.844801132440004,11.83184,438.61085,79443.54575916214,-0.006925483136170474,-0.002223543937512451
FRA,1860-05-10,32.319178296080004,12.16957,443.85525966464957,72814.67909268088,-0.07330714142715666,-0.08325262070780937
FRA,1861-05-23,37.562830305,11.91714,440.45230999999995,85282.4005055167,0.1285931605132944,0.1273034425350179
FRA,1862-05-15,40.31671425652,11.99931,449.60267,89671.87462770184,0.05652476270240858,0.04482088874632417
FRA,1863-05-21,40.31022242988,11.79613,455.67665,88462.33931424838,0.0015940455945038234,-0.007182647278253795
FRA,1864-06-03,42.117560546360004,11.3386,464.7307198610438,90627.8813652631,0.028532093947106985,0.019435328103826643
FRA,1865-06-02,42.49697661456,10.97993,463.89449,91609.14287764013,0.023054243677302244,0.010481510873629363
FRA,1866-06-15,37.1087762214,9.59328,444.7622766900965,83435.08019061793,-0.11139230024929248,-0.07565144473572194
FRA,1867-06-28,33.946014985480005,9.93082,453.45567,74860.71347499084,-0.002797502807148855,-0.012545541303146446
FRA,1868-06-20,39.574890876039994,10.9663,456.55237,86682.04016998093,0.11133047803876472,0.10534046107373785
FRA,1869-06-26,40.191569311399995,10.66088,459.4419,87479.11174710012,0.019802899716054645,0.015623836032706118
FRA,1870-07-09,41.17367640152,10.71526,459.24291,89655.55157186858,0.022115489703902425,0.023101645285392713
FRA,1871-07-08,44.42124618152,10.69361,459.00341,96777.59514143915,0.05090851796347473,0.0500359178655021
FRA,1872-07-21,44.57272311596,11.15111,463.48056,96169.5634353251,0.0007601462894308852,-0.008667864845392725
FRA,1873-08-03,41.48955387356,10.71861,463.60415,89493.49110347696,-0.07224591097478794,-0.07309544806770663
FRA,1874-07-26,42.69106309416,11.2817,465.98126,91615.40765429064,0.04784445541088855,0.04187077433380204
FRA,1875-08-01,45.66271152404,11.18581,469.17592,97325.35191499171,0.044258010410542115,0.039518084635707273
FRA,1876-08-14,49.0854607984,11.46743,471.71553,104057.33472120369,0.07668430056974929,0.0706662572140655
FRA,1877-08-13,50.30256533796,11.47694,478.8818898659379,105041.69483636582,0.015857591322558262,0.011635102658290819
FRA,1878-08-26,51.88018841668,11.39776,477.32956,108688.40475054593,0.02588792723626554,0.021658475983434178
FRA,1879-09-08,50.9903436042,11.26259,469.33579,108643.62933881518,-0.022716661257165427,-0.0036633372001453335
FRA,1880-08-31,52.37383288852,11.15375,485.09288,107966.60814423829,0.022677538980762968,-0.011146303106656319
FRA,1881-09-06,50.95768777996,11.19466,486.1862542084009,104811.04173323108,-0.012199774466193913,-0.01089013115445403
FRA,1882-09-19,51.0673964164,11.25507,476.82058,107099.81607001946,-0.022104322993634518,-0.0036886015218805523
FRA,1883-09-18,56.82288668004,11.18194,490.60612,115821.80564734904,0.07033301521968705,0.03387456539913303
TID,1883-07-03,0.050702548,7.52157,1.67608,30250.672998902202,0,0
TID,1884-07-09,0.060709894959999997,7.01331,1.67914,36155.350334099596,0.17538608217507656,0.17392849711903868
TID,1885-07-15,0.06317006384,7.17099,1.68078,37583.778864574786,0.017731820283801936,0.017140482770283683
TID,1886-07-21,0.06348994079999999,8.08779,1.68325,37718.66377543443,0.0033542623622555556,0.002464209324840372
TID,1887-07-27,0.07239502608,8.22469,1.69174,42793.23423221062,0.08005518806754841,0.07591775772382481
TID,1888-08-02,0.20175050688,8.24563,1.70027,118657.9230828045,0.959812520256033,0.9522063839311548
TID,1889-08-08,0.05273014604,7.09465,1.69818,31050.975774063998,-0.517947158291524,-0.5174492203227385
TID,1890-08-14,0.0606562216,7.57878,1.69789,35724.4707254298,-0.3468270815171469,-0.3468657220175757
TID,1891-08-20,0.15774490472,7.6556,1.69769,92917.3787440581,1.2231629400839026,1.2231769726046116
TID,1892-08-26,0.08655759008,7.73024,1.69746,50992.41813061869,-0.5426433443878698,-0.5425594320521676
TID,1893-09-01,0.060828701439999994,7.75294,1.69682,35848.64713994413,-0.37773928414087476,-0.3776410643263306
TID,1894-09-07,0.11255225072,7.71224,1.69629,66352.0098096434,0.13601867859022,0.13587725954346697
TID,1895-09-13,0.1471774018,7.74248,1.69438,86862.09811258395,-0.04931747291606936,-0.048492046014725676
TID,1896-09-19,0.20588073688,7.657,1.69344,121575.45403439154,0.41504115282566967,0.4157044710321447
TID,1897-09-25,0.20315315592,7.67784,1.69121,120122.96280178096,-0.012647695855713792,-0.011733229253324429
TID,1898-10-01,0.20986826276,7.71764,1.68917,124243.42295920482,0.034118165845542725,0.035139955777142795
TID,1899-10-07,0.28354528592,7.48564,1.80934,156711.99770081908,0.3272223140559787,0.25128402425743546
TID,1900-10-13,0.38954876532,8.64302,2.04901,190115.59988482244,0.24494376100814375,0.13070775960970682
TID,1901-10-19,0.31298534227999997,9.1624,1.92627,162482.5918900258,-0.1440177384699297,-0.08977254346863728
TID,1902-10-25,0.170909635,8.67689,1.91729,89141.25406172255,-0.40784578279194206,-0.4064662025391189
TID,1903-10-31,0.18154710236,8.21591,1.89212,95949.04253430014,0.04448671135319571,0.05533885708083397
TID,1904-11-06,0.19280573780000002,8.27468,1.87882,102620.6543468773,0.049667214479799826,0.055420297504917615
TID,1905-11-12,0.31467389147999997,9.09129,1.87576,167758.07751524713,0.6266360725872391,0.6284670306036577
TID,1906-11-18,0.29552604223999995,9.00245,1.95064,151502.09276955255,-0.13280520870962664,-0.16599263125328434
TID,1907-11-24,0.3191466434,8.7231,1.9495399999999998,163703.56258399418,0.04753457450926568,0.04804261621315509
TID,1908-11-30,0.31062919784,9.16062,1.94723,159523.6298947736,-0.02196340441697242,-0.021316962324441135
TID,1909-12-06,0.39019029556,9.2883,1.94432,200682.1385162936,0.16532892602537386,0.1667959869839739
TID,1910-12-12,0.34294294944,9.21601,1.9477199999999997,176074.05039738773,-0.08772207499813944,-0.08902281927352274
CHL,1837-01-06,0.73196740812,8.33741,9.76603,74950.35425039653,0,0
CHL,1838-01-05,0.80474902404,8.30881,9.89644,81317.02147843063,0.07565658302189004,0.06480938167059502
CHL,1839-01-04,0.80126621744,8.9458,10.02494,79927.28309994872,-0.012864298074816594,-0.022466422760776927
CHL,1840-01-03,0.91187276752,9.19217,10.19238,89466.12739320943,0.07168933242769393,0.058160816118209446
CHL,1841-01-02,0.9926455115199999,9.25446,10.34236,95978.6268820656,0.0897184438580041,0.07726769542908452
CHL,1842-01-08,1.03885731768,9.03298,10.47383,99186.0014607837,0.0506211832155381,0.04079163808287989
CHL,1843-01-07,1.08437653896,9.14097,10.59214,102375.58594958148,0.019486682304716174,0.010441632984841798
CHL,1844-01-06,1.2766514597199998,9.04066,11.79232,108261.26323912512,0.15906528041314805,0.043871047708818
CHL,1845-01-05,1.1698846354,8.33191,11.91823,98159.25983975809,-0.0670594570935199,-0.07452471710241193
CHL,1846-01-04,1.19598971128,8.34261,12.03719,99357.88263539912,0.00881857899750993,0.0007956232276113973
CHL,1847-01-03,1.40050233596,8.64869,12.18686,114919.04690461695,0.15220450948984943,0.14130803422926874
CHL,1848-01-02,1.36829090944,8.82192,12.48214,109619.89766498374,-0.01895779988306734,-0.034709422418855995
CHL,1849-01-08,1.54098217364,8.77302,13.04001,118173.38894985509,0.09935853238778303,0.062295733427233824
CHL,1850-01-07,1.56199666636,8.27638,13.14599,118819.24954758066,-0.004896191654488291,-0.010876724547917216
CHL,1851-01-06,1.60704588824,8.0905,13.26629,121137.55151138714,0.02189400918429585,0.014679916597639453
CHL,1852-01-05,1.7755398008399998,8.35547,13.356720000000001,132932.32177061433,0.07780739352686195,0.07234510706793373
CHL,1853-01-04,2.0096955210800003,8.52444,13.4432,149495.32262258988,0.11004038355066781,0.10429622488786916
CHL,1854-01-03,2.08891978516,9.17238,14.72064,141904.1417465545,0.045578910032386455,-0.00980071082488787
CHL,1855-01-02,2.26283605756,9.72771,17.14945,131948.02501304707,0.05901753877066174,-0.07023905141843556
CHL,1856-01-08,2.21947193624,9.65149,17.52937,126614.47252468287,0.05254366020975598,0.03367489450643335
CHL,1857-01-07,2.6494144976,9.22038,17.88968,148097.36661583662,0.17067011090311213,0.15391972930466125
CHL,1858-01-06,2.9212824732,9.27065,18.31983,159460.12999028922,0.08615239739914116,0.06869983075734276
CHL,1859-01-05,3.0076178376400002,9.19415,18.51243,162464.77840240317,0.015120267473379911,0.006977605973228718
CHL,1860-01-04,3.17703103692,9.20166,18.67015,170166.3370096116,0.03889931243886968,0.03243281939608389
CHL,1861-01-03,3.27932401212,9.17702,18.89187,173583.87560998462,0.018208978125373587,0.00910282216716296
CHL,1862-01-02,3.24828842572,9.38756,19.13735,169735.53944093618,-0.0028975927153117587,-0.012851138769277681
CHL,1863-01-08,3.30682265264,9.46834,19.39888,170464.6171655271,0.006588774902408057,-0.0035384164871752333
CHL,1864-01-07,3.62839200464,9.68585,19.64511,184696.95535632022,0.06085698157258501,0.05048979036573087
CHL,1865-01-06,1.96569278932,8.92013,12.868829999999999,152748.368679981,-0.4569147531475495,-0.16964529950992735
CHL,1866-01-05,3.95228842684,9.69552,20.88561,189235.00088529853,0.9758531068363379,0.23076161443177745
CHL,1867-01-04,4.42419643588,9.82756,21.51113,205670.10825930574,0.09553294175644167,0.07146679765873776
CHL,1868-01-03,4.6340455486000005,11.00039,22.07064,209964.25788287065,0.04577656750356929,0.02719697751696315
CHL,1869-01-02,4.92794024996,11.18759,24.32806,202561.99014471355,0.04650528600511139,-0.03499488972064546
CHL,1870-01-08,5.08277858764,11.25487,25.48919,199409.18434991458,0.04137767679119353,0.0028416213713653438
CHL,1871-01-07,5.02317524904,11.6146,25.98554,193306.55622473115,0.03367234871530056,0.018428940285722728
CHL,1872-01-06,5.67392652528,11.75196,26.42247,214738.6873853958,0.06690783967881075,0.05334919586556319
CHL,1873-01-05,5.8249545536000005,12.09371,27.21108,214065.54071356228,0.04210980853726953,0.025063094636829097
CHL,1874-01-04,6.278587860999999,12.08703,27.9546,224599.45271976705,0.053938335995352915,0.03241366602213436
CHL,1875-01-03,6.32219408236,12.14756,28.45065,222216.15612859462,-0.0011707575076765897,-0.014659880661288205
CHL,1876-01-02,6.65338746696,12.18118,29.71221,223927.72085819265,0.052040602497695154,0.01682413549911166
CHL,1877-01-08,6.98268691536,12.247,30.55866,228501.08333807832,0.047308015735570086,0.029776786234309682
CHL,1878-01-07,7.0821243760799995,12.03563,32.27857,219406.38560134478,-0.007699636056598069,-0.05061263738518007
CHL,1879-01-06,7.10960915912,12.08562,32.8187,216632.86964809697,-0.022960282052104874,-0.03528618171468023
CHL,1880-01-05,7.4258025608,12.29445,33.33689,222750.30936599066,0.055249304512177355,0.04239553968682741
CHL,1881-01-04,7.72454019688,12.56069,35.15329,219738.75551562884,0.031731552541330865,-0.006310476717626634
CHL,1882-01-03,8.822252565360001,12.23856,45.91681,192135.57225251495,0.1162901000651475,-0.0572276343427921
CHL,1883-01-02,10.31951131016,12.83377,47.69971,216343.27148236329,0.12114117418947967,0.09344035251665406
CHL,1884-01-08,10.48089280628,12.88535,48.85512,214530.08008740947,0.010525998699486783,-0.007775023695862804
CHL,1885-01-07,11.21299848448,12.44936,49.80408,225142.16675581597,0.033249109438264535,0.018068364342362253
CHL,1886-01-06,12.63201920032,12.77034,51.70282,244319.7334365901,0.10180512642936668,0.07023364641284835
CHL,1887-01-05,13.2815392996,12.81423,55.89743,237605.5446484749,0.04007953278859344,-0.023727161895578996
CHL,1888-01-04,13.74829459172,13.15419,58.23211,236094.73521945195,0.01423799791495095,-0.015846859664009783
CHL,1889-01-03,14.48600894364,13.04465,60.2092,240594.60918995767,0.05215483288681755,0.024607416730175746
CHL,1890-01-02,15.976302115800001,13.50983,61.56668,259495.9175287672,0.07811441486887594,0.05988829070367685
CHL,1891-01-08,17.182825516479998,13.52047,62.80232,273601.76370044926,0.030638881302376797,0.015302918338518046
CHL,1892-01-07,18.357585566319997,13.57404,67.27128,272888.8994875673,0.05506827703310124,-0.0008602962222162835
CHL,1893-01-06,19.5152183746,13.68988,69.54284,280621.5330665242,0.03926886175044175,0.013935641561437118
CHL,1894-01-05,21.100900056079997,13.75571,71.02467,297092.5462389336,0.03850539385485696,0.02237032773034464
CHL,1895-01-04,21.147992857680002,13.4129,72.82499,290394.7238122518,-0.003926969385604107,-0.023252088583874286
CHL,1896-01-03,21.166931614920003,13.37956,74.2232,285179.45352558227,0.0000648189365677343,-0.014507276268657554
CHL,1897-01-02,22.84633904488,13.70591,75.66379,301945.4754365331,0.06601117729793038,0.05060034119847234
CHL,1898-01-08,25.918706902399997,14.09544,78.12482,331760.2127262501,0.10555701840943521,0.07846631707981877
CHL,1899-01-07,25.55487983568,14.59929,80.18245,318709.14190923324,-0.009783471416431877,-0.02993356992868257
CHL,1900-01-06,25.71772788364,14.16273,81.90774,313984.0982505438,0.011252431792835527,-0.005002641714423217
CHL,1901-01-05,25.49983806084,13.68783,83.45035,305568.9767728955,-0.010859048148905814,-0.024917737780557503
CHL,1902-01-04,26.44977567232,13.56403,84.94022,311392.8321862129,0.022636713442065304,0.008842739546823353
CHL,1903-01-03,27.05917989424,13.73397,86.51997,312750.6851220591,0.018243402821889854,0.003884373534284169
CHL,1904-01-02,30.9944291878,14.29298,88.98403,348314.51427632576,0.08907877602312109,0.06525778139581195
CHL,1905-01-08,33.1816108884,14.88097,91.18332,363900.0081199062,0.06026172574845834,0.04145536083072421
CHL,1906-01-07,36.80394978364,15.13509,93.92458,391845.77438238205,0.08025885969844682,0.05709418379441944
CHL,1907-01-06,39.666965684320004,15.6081,97.22593,407987.51613196195,0.06078994286759243,0.032659922337515024
CHL,1908-01-05,48.88477249812,16.93116,100.6657,485614.98601926974,0.1866697803746422,0.1534309051173408
CHL,1909-01-04,56.31803309652,18.04414,103.29957,545191.3603950142,0.13821355415667824,0.11723484945578577
CHL,1910-01-03,58.35202451884,18.2944,109.86287,531135.0824790942,-0.027614822300351394,-0.07138998032329669
CHL,1911-01-02,58.40928378324,18.44615,114.72035,509144.9231390943,-0.013883194384534447,-0.047153338205716544
MEW,1837-01-13,0.28125050096,7.88374,6.70109,41970.858615538666,0.1302567803062955,0.1178593949192639
MEW,1838-01-19,0.30586775024,7.83366,6.78955,45049.78242151542,0.03151683071501954,0.02114402644200819
MEW,1839-01-25,0.44827026504,8.54171,6.91388,64836.280791682824,0.4375777304490607,0.4174101377955688
MEW,1840-01-31,0.42284704176,8.48777,7.05599,59927.38676783838,-0.06325785307426168,-0.07696202634612814
MEW,1841-02-06,0.45639204676,8.35909,7.1878,63495.37365536047,0.03414651100064292,0.01939917692782167
MEW,1842-02-12,0.47086514384,8.39676,7.33771,64170.58507899603,0.016384486153089517,0.0018777511916863165
MEW,1843-02-18,0.5043969814,8.23764,7.462630000000001,67589.7078375854,0.059890154447817645,0.04744087769959604
MEW,1844-02-24,0.54055765244,7.62944,7.58224,71292.60646458039,0.05404172294176024,0.04085296785088155
MEW,1845-03-02,0.6669684840000001,7.59702,7.70966,86510.75196571574,0.1901379217105199,0.17648336456405067
MEW,1846-03-08,0.72466784156,8.35272,7.83446,92497.48439075571,0.021403650660077433,0.008857027935831985
MEW,1847-03-14,0.81497857948,8.34832,7.96509,102318.81616905773,0.07872500117893844,0.0654738909696253
MEW,1848-03-20,0.9589232822,8.24403,8.09554,118450.81145914912,0.13320609216381274,0.11982716188748932
MEW,1849-03-26,1.03755794324,8.09177,8.19698,126578.074271256,0.06371279794490725,0.05332180576476797
MEW,1850-04-01,1.20870867624,7.93216,8.28743,145848.4326552381,0.12809377194726612,0.11845955395430496
MEW,1851-04-07,1.20857630712,7.7469,8.31775,145300.8694803282,-0.030661442974394548,-0.03302367771955217
MEW,1852-04-13,1.30981076044,8.38513,8.27766,158234.4237912647,0.08310141910223612,0.08617523187943865
MEW,1853-04-19,1.50661113928,8.27747,8.35885,180241.43743218266,0.07637041708566406,0.06808460440912212
MEW,1854-04-25,1.4112192452799999,8.2258,8.44145,167177.35048836397,-0.07310365014488995,-0.07976629456253048
MEW,1855-05-01,1.47493849464,8.28378,8.52134,173087.62408729142,0.03928025027324811,0.03175975979610368
MEW,1856-05-07,1.49614798892,8.41821,8.61021,173764.4016719685,0.025300509576990926,0.017514727904078375
MEW,1857-05-13,1.4020767784400001,8.37576,8.66002,161902.2563966365,-0.10101587188379701,-0.10526378501093003
MEW,1858-05-19,1.38047131664,8.45401,8.74121,157926.79922344847,0.010502686335897238,0.003282701079510897
MEW,1859-05-25,1.5974631451999999,8.42638,8.82636,180987.76224853733,0.08226860836706407,0.07468720932903472
MEW,1860-05-31,1.57912572636,9.55019,8.92505,176931.8632791973,-0.026844144067472153,-0.034526435204453754
MEW,1861-06-06,0.88244495768,8.40224,20.3327,43400.284157047514,-0.46279747664278015,-0.763760566253147
MEW,1862-06-12,1.0277073138800001,8.41417,20.49541,50143.29129692941,0.08332581154065277,0.0771664054444976
MEW,1863-06-18,1.0613144458800001,8.23479,20.60391,51510.34176911082,0.017111372538244796,0.012761732211121757
MEW,1864-06-24,0.96988112624,8.12619,20.65605,46953.852563292596,-0.08249636257177784,-0.08454701502954065
MEW,1865-06-30,1.08120748476,8.23141,20.76979,52056.73647928072,0.0882583740422136,0.08420122533915952
MEW,1866-07-06,1.01773540908,8.21415,20.80994,48906.21544704117,-0.03732173596057087,-0.03887859958825646
MEW,1867-07-12,0.9911894584800001,8.18217,20.8464,47547.27235781718,0.021119814883057586,0.019863940740157737
MEW,1868-07-18,1.10314771996,8.19601,20.892,52802.399002488986,0.017672657744244757,0.015969148627798635
MEW,1869-07-24,1.04073164416,8.36222,20.95257,49670.834850331004,-0.031325324112984054,-0.03308115180040838
MEW,1870-07-30,1.21170510604,9.39899,21.27299,56959.79295999293,0.10067142954791053,0.08867724647201869
MEW,1871-08-05,1.2672354000800001,9.17394,21.55967,58778.051801349466,0.047305819087559486,0.03648247400865423
MEW,1872-08-11,1.2786486076,8.47168,21.69809,58929.085813543956,-0.025225487012300096,-0.02955294820025023
MEW,1873-08-17,1.36589866556,8.73705,21.94352,62246.10570956711,0.044137225915862555,0.03527940295389742
MEW,1874-08-23,1.4666315794,7.79199,22.03723,66552.4469000868,0.06198000495142986,0.058491708705886714
MEW,1875-08-29,1.5406325168000001,7.04565,21.93251,70244.24093731178,0.049712021752651214,0.05305427540280183
MEW,1876-09-04,1.62845328412,7.01368,21.846479999999996,74540.7628194565,0.06413840403518734,0.0670582465007663
MEW,1877-09-10,1.7305806076,7.0819,21.86625,79143.91391299377,0.09276197150096,0.09177163623279427
MEW,1878-09-16,1.6436670827200002,7.05503,21.911399999999997,75014.24293837912,0.004092301201514603,0.002605053339815866
MEW,1879-09-22,2.11332252092,7.10202,21.91776,96420.55214218971,0.07652629895200991,0.07611163219881956
MEW,1880-09-28,1.71854660536,7.55871,21.81365,78783.0833152636,-0.1602726020792845,-0.1572531549735151
MEW,1881-10-04,2.07569601824,7.91173,21.78842,95266.0182904497,0.10158360968058777,0.10262278081578113
MEW,1882-10-10,2.61987943984,8.25023,21.77335,120325.05057053691,0.2688381467040657,0.2695386074567272
MEW,1883-10-16,3.13573251004,7.76265,21.742959999999997,144218.28996787927,0.17635067290249573,0.17728807275919833
MEW,1884-10-22,2.94681157576,8.24632,21.71748,135688.4673433566,-0.0705800287424263,-0.06959402456830333
MEW,1885-10-28,2.95832484636,9.79135,21.78368,135804.64119744688,0.07595876235897081,0.07324358144140164
MEW,1886-11-03,3.41983296668,10.48324,21.91962,156016.98235097143,0.05959014461528356,0.05485882936304365
MEW,1887-11-09,3.9011397859200003,10.82375,22.11414,176409.29224107292,0.1797549922938122,0.17173432784987575
MEW,1888-11-15,3.1408724604400002,10.79142,22.35499,140499.83741616525,-0.08857287801399671,-0.09617394679108526
MEW,1889-11-21,3.7350755759200003,11.02795,22.66669,164782.57636734788,0.136411684590245,0.12518096155783986
MEW,1890-11-27,3.6885565854799998,11.20335,23.0389,160101.2455230067,-0.015551258146982216,-0.02754632402347368
MEW,1891-12-03,2.41969821548,9.01257,23.33657,103686.96922812564,-0.32598997835164356,-0.3326721772265344
MEW,1892-12-09,2.63538632708,9.6289,21.65974,121672.1127345019,0.06979900111108384,0.13696817865918143
MEW,1893-12-15,2.82917663548,9.63153,23.8741,118504.0121085193,0.04502716529195272,-0.004191627699697165
MEW,1894-12-21,2.631710575,10.00064,24.22579,108632.60083572095,-0.030086936760091,-0.04090768522370747
MEW,1895-12-27,2.9156342706399996,9.87199,24.57777,118628.91835345516,0.0578885640082758,0.0465911510284065
MEW,1897-01-02,2.9226686538399997,9.96198,24.9059,117348.44570322694,0.002903492762938109,-0.007360093093155107
MEW,1898-01-08,2.8656325422399997,9.80393,25.2574,113457.14690506544,-0.02460907572464366,-0.03459280989178748
MEW,1899-01-14,2.91902643812,9.35924,25.58244,114102.73758562515,0.04166363176495014,0.03154236145565803
MEW,1900-01-20,2.59994392788,9.48403,25.84817,100585.22239214613,-0.07426353489031923,-0.08157145318351722
MEW,1901-01-26,2.60873831972,9.01274,26.11134,99908.25134673288,0.005040537667125422,-0.00234268028366702
MEW,1902-02-01,2.73203761168,9.0524,26.32467,103782.4068328302,0.055378933375004324,0.04888216972701942
MEW,1903-02-07,2.68149962912,9.07101,26.53259,101064.37513714268,-0.005014594476088652,-0.01101613184898842
MEW,1904-02-13,2.6995995915199997,9.03941,26.74998,100919.68635191502,0.029680453453070577,0.023551263435706016
MEW,1905-02-19,2.6517670478,8.68299,26.928,98476.19755644682,-0.04061051040605246,-0.04538981072187942
MEW,1906-02-25,2.51699832644,8.66742,27.13568,92756.04394067147,-0.028061424441817806,-0.03353877458852672
MEW,1907-03-03,2.6874875497599997,8.91993,27.29045,98477.216380089,0.025275094736297854,0.02090661204472144
MEW,1908-03-09,2.55179752776,9.00248,27.43395,93016.04500117555,-0.015782253985992645,-0.019769472039210867
MEW,1909-03-15,2.4507726074000002,8.76985,27.55495,88941.28305077672,-0.02519240959887281,-0.028298540927532145
MEW,1910-03-21,2.51527696524,8.81422,27.66491,90919.39808370965,0.018767174409732856,0.01575902418962527
MEW,1911-03-27,2.58618605076,8.49802,27.79143,93056.96219158209,0.016574969382900706,0.012867352356544792
NET,1861-10-31,5.63911232196,10.57604,47.38847,118997.5604183887,0.029398105676898156,0.029234331203243258
NET,1862-11-13,5.80433274876,9.44927,49.38819567594929,117524.69733545161,0.025986156125876292,-0.014025178087554657
NET,1863-11-12,6.1532402152,9.75981,50.07828,122872.43521942048,0.048332148777976425,0.053182095126075524
NET,1864-11-25,6.1733883811600005,10.28697,50.07828,123274.76864540875,-0.012137236081943503,-0.00995664553214104
NET,1865-12-08,6.53749150912,10.28943,52.97496,123407.20047962281,0.04477097420991494,-0.008532944176495638
NET,1866-11-30,7.21706153376,11.27225,52.97496,136235.33710568162,-0.03970977404189335,-0.0404343954056654
NET,1867-12-06,8.291034144120001,11.75433,55.24183000000001,150086.1601456722,0.12740480225220652,0.07451983555583208
NET,1868-12-19,5.4809904422,10.89657,55.24183,99218.11862858273,-0.38787689553448945,-0.38790006171567093
NET,1869-12-18,8.97589676204,11.57316,56.64452796719767,158460.0858045434,0.5253117388759441,0.5083227048421262
NET,1870-12-31,10.284065064,11.80175,55.24183,186164.4529878898,0.10154223989586852,0.10454273076519427
NET,1872-01-13,10.139414914720001,12.01036,55.24183000000001,183545.96353379314,0.022210375803714877,0.03252614072894344
NET,1873-01-05,11.57001543724,12.25393,55.24183,209443.0151434158,0.09726784397848776,0.09710688240348153
NET,1874-01-11,11.71468648168,12.47094,53.20524293812139,220179.17473479788,0.046203625798209025,0.04847642185666867
NET,1875-01-24,12.78644958188,12.96742,55.24183,231463.17893306573,0.030002112510890244,0.030702826901499725
NET,1876-01-23,13.786011484440001,13.16979,55.24183,249557.47274194213,0.08893646651007847,0.09030909755857297
NET,1877-02-05,3.6651994501200003,10.08575,55.24183,66348.26272265057,-0.6102426567594261,-0.6323898339749973
NET,1878-02-18,8.85188796804,10.81559,57.53037855834099,153864.58754244747,1.6368474850151702,1.7414439225712979
NET,1879-02-10,10.55065224824,11.96636,55.24183,190990.2740050429,0.16792294126144536,0.17035342366933515
NET,1880-02-16,6.551211450679999,11.43482,55.24183,118591.49942498285,-0.28284232395969133,-0.2733304082084732
NET,1881-03-01,10.03460436888,12.2938,55.24183,181648.65951906372,0.49201471854338275,0.48095993662810255
NET,1882-02-28,11.8898626366,13.10027,55.24183,215232.96090299689,0.11527942025022653,0.11568774628454026
NET,1883-03-13,13.32476191696,13.09767,55.24183,241207.8295914527,0.07737308775751539,0.07500810526004664
NET,1884-03-26,13.90783076696,12.60979,55.24183,251762.6727239123,0.021263749297777634,0.024537370202813547
NET,1885-03-18,15.640306920159999,12.95509,55.24183,283124.34472500277,0.04902358333770973,0.050965333356494336
NET,1886-03-24,15.98682739836,13.33399,55.24183000000001,289397.1361622162,0.013066434585508269,0.012777617012182718
NET,1887-04-06,15.38681847924,13.25662,55.24183,278535.6400980923,0.010104608862053999,0.0056627953346544135
NET,1888-04-05,15.5171161964,13.18256,55.24183,280894.31860602734,0.02853969185928551,0.019180969637602407
NET,1889-04-18,16.633883968,13.26442,53.71745355960979,309655.10957330704,0.09912046434505073,0.09997122424390081
NET,1890-05-01,17.087497509160002,13.42946,55.24183,309321.71343997837,0.008120296737479604,0.008302187826842333
NET,1891-04-23,16.93039645128,13.40369,68.40717,247494.47245486113,0.00220325839840374,-0.19211213285812523
NET,1892-04-29,18.28989293248,13.61828,68.40717,267368.0687635522,0.01099996156566485,0.009555374365799008
NET,1893-05-12,14.997415073680001,12.6236,71.57544350852072,209532.96743309218,-0.14086507135709891,-0.1376089097565878
NET,1894-05-11,15.10228158036,11.73125,68.40717,220770.4481907379,-0.03547353427471922,-0.04187305158870547
NET,1895-05-24,12.91856271004,11.61672,68.40717,188848.07996062402,-0.04978821694025448,-0.050875661380595516
NET,1896-06-06,13.54455952252,11.53364,68.40717,197999.12088922845,0.04115130494037311,0.03391487631328549
NET,1897-05-29,16.18149912496,12.92488,68.40717,236546.82871634656,0.09838899017277902,0.10044401042460871
NET,1898-06-04,17.7609322852,13.25898,72.94117,243496.67389760815,0.06918275543410823,0.004089939153542943
NET,1899-06-17,16.464667383840002,13.51586,72.94117,225725.2986734378,-0.012635164331056048,-0.012304145514571818
NET,1900-06-16,17.14958079848,13.37998,70.75034529287632,242395.71874155573,0.03557765163169058,0.029724294914923677
NET,1901-06-29,18.885674011360003,13.75332,72.94117,258916.52151123981,0.04811506407368671,0.04922527846628055
NET,1902-07-12,19.90439269988,13.8354,72.94117,272882.8273508637,0.04068773802198944,0.04047379823313357
NET,1903-07-04,20.34678891388,13.77764,72.94117,278947.9372743816,0.014313241186865389,0.014260952563700524
NET,1904-07-10,21.11294735732,13.8623,80.37642811999307,262675.85971599433,0.029026827666997823,-0.07209121219858616
NET,1905-07-23,21.13108907832,13.35475,82.69114,255542.360140639,0.004005329957555315,-0.018896157923915302
NET,1906-07-22,22.12018920956,13.10593,85.29374138299075,259341.29340433882,0.011131040149285454,-0.0055912729880293055
NET,1907-08-04,22.012189861480003,13.27832,89.6889,245428.2510040819,-0.0024668564823745465,-0.05874812818313935
NET,1908-08-17,23.96490602532,13.0578,94.01496143334842,254905.2369958141,0.05138555701749725,0.03953300569443785
NET,1909-08-09,24.06233020412,13.30488,91.93732,261725.38207683235,-0.013391890042484755,-0.011380435410895395
NET,1910-08-15,23.921940913,13.73531,88.43148996863233,270513.82851838623,-0.0004888715547853861,-0.0003286240835822518
MKT,1837-01-13,0.01209455832,8.9472,0.62,19507.352129032257,0.03385725493849945,0.02651926860071807
MKT,1838-01-19,0.010196266079999999,9.89185,0.62,16445.5904516129,-0.07137071618179336,-0.06737085609532378
MKT,1839-02-01,0.012141419680000001,9.15188,0.62,19582.934967741938,0.23052307713118325,0.23473838496744448
MKT,1840-01-31,0.10601014996,9.96282,0.62,170984.11283870967,3.3036998983219386,2.7919135081236712
MKT,1841-02-13,0.09581850044000001,9.91198,0.6064589548220861,157996.6783870968,-0.0339957633597342,-0.025247395251223437
MKT,1842-02-26,0.13154313016,9.53455,0.62,212166.33896774193,0.1803482384406827,0.19820287537494874
MKT,1843-02-18,0.13991969836,10.14524,0.62,225676.9328387097,0.0032649814072860384,0.0054645290738553065
MKT,1844-02-24,0.12427478492,10.12295,0.62,200443.20148387097,-0.07983566638363782,-0.07711215136874272
MKT,1845-03-09,0.120450811,10.11768,0.62,194275.50161290323,-0.04832438134043471,-0.052311431532666264
MKT,1846-03-08,0.09252801844,10.14812,0.6199999999999999,149238.73941935485,-0.20331845615680266,-0.20886596532222546
MKT,1847-03-21,0.07452726579999999,10.03261,0.62,120205.26741935483,-0.12595042623887076,-0.12010797869109802
MKT,1848-04-03,0.10925850831999999,10.27413,0.62,176223.400516129,0.47280717281434725,0.4868013690701687
MKT,1849-03-26,0.12346536748,10.29403,0.62,199137.68948387098,0.0737940157304049,0.06595044052958343
MKT,1850-04-01,0.10909152228,11.24535,0.62,175954.0681935484,-0.04719841414153003,-0.044061110272066606
MKT,1851-04-14,0.11705174312,11.17246,0.62,188793.13406451614,0.15419931807326948,0.15448981779582116
MKT,1852-04-13,0.12666781191999998,11.40774,0.632588191496882,200237.3955483871,0.058500528381200345,0.06773484543661312
MKT,1853-04-26,0.10258845428,10.69737,0.62,165465.2488387097,-0.1750266661922848,-0.1786241736551274
MKT,1854-05-09,0.13611689364,10.19071,0.6197229298144042,219641.53187096777,0.3698466787985841,0.39591153973059634
MKT,1855-05-01,0.12913689776,10.96166,0.62,208285.31896774194,-0.03568879518793988,-0.03555617007968581
MKT,1856-05-07,0.0870774424,10.37788,0.6249433057875526,139336.5471612903,-0.1849890735526054,-0.19887379411188888
MKT,1857-05-20,0.10206129076,10.33476,0.62,164614.9850967742,0.13834416674324723,0.13497942770695426
MKT,1858-05-19,0.1123847218,10.63165,0.62,181265.68032258065,0.2199538159978769,0.24705531373945244
MKT,1859-06-01,0.11659188632,10.21396,0.62,188051.4295483871,0.0037706497505667347,0.009116251400475006
MKT,1860-06-14,0.12220349752000001,10.71735,0.6666459012793027,183310.95606451613,0.02266201844531235,0.031043105915076197
MKT,1861-06-06,0.12305046988,11.67192,0.62,198468.4998064516,0.03173832280183997,0.03595986158578812
MKT,1862-06-12,0.10556972036000001,10.36743,0.62,170273.74251612904,-0.130735148961462,-0.13471600897816016
MKT,1863-06-25,0.09313559632,10.57889,0.62,150218.7037419355,-0.03769494938970608,-0.04169635963572993
MKT,1864-06-24,0.0941965544,10.68691,0.62,151929.9264516129,-0.031762728575051136,-0.036546831742718666
MKT,1865-07-07,0.05493591324,10.38141,0.62,88606.31167741936,-0.281259820627765,-0.2802057929306876
MKT,1866-07-20,0.0522062684,10.06601,0.62,84203.65870967742,-0.046888450938890824,-0.05206903036463195
MKT,1867-07-12,0.057784235079999996,9.19739,0.62,93200.37916129032,0.05080304545715553,0.05130014937796701
MKT,1868-07-18,0.05830747988,9.20149,0.62,94044.32238709678,0.00874408148185779,0.00769845833049998
MKT,1869-07-31,0.05884893092,9.22299,0.62,94917.63051612904,-0.0025314542495038506,-0.0021479450074113338
MKT,1870-07-30,0.06334927924,9.40198,0.62,102176.25683870968,0.0225337103450447,0.021590594230373794
MKT,1871-08-12,0.12813497164,10.87232,0.6111283695684775,209669.48683870968,1.0296894412066564,1.0285699241896942
MKT,1872-08-25,0.2121468388,12.69366,0.62,342172.32064516126,0.49430789039904144,0.39164328463842724
MKT,1873-08-17,0.21560021599999998,11.5294,0.62,347742.28387096775,0.0029928910111554075,0.0035109802754811348
MKT,1874-08-23,0.2166231418,11.59895,0.62,349392.16419354844,0.013949335582772449,0.015004280242233659
MKT,1875-09-05,0.2406919996,12.21225,0.602490336751836,399495.2033548387,0.06491751291362835,0.0675927183595384
MKT,1876-09-04,0.23077171208,12.62386,0.62,372212.43883870967,-0.04239706511443464,-0.040592510020654116
MKT,1877-09-17,0.16202473248000002,12.29942,0.62,261330.21367741938,-0.2791109317868723,-0.28152350547591665
MKT,1878-09-30,0.20328232756,9.737,0.62,327874.72187096777,0.08337638766922706,0.06081738570528361
MKT,1879-09-22,0.22336509727999998,10.72073,0.62,360266.2859354839,0.08025293255122112,0.08256189840079453
MKT,1880-09-28,0.2122353194,10.28901,0.62,342315.0312903226,-0.15727931107512771,-0.15622109326990308
MKT,1881-10-11,0.15520984076,10.546,0.62,250338.45283870967,-0.018619144461229364,-0.02009438357826321
MKT,1882-10-10,0.1462693362,9.84689,0.7199733863657994,203159.36529032257,-0.1353666481948934,-0.147860084159391
MKT,1883-10-23,0.18090398352,10.6312,0.62,291780.6185806452,0.27856552829225545,0.2833396260195973
MKT,1884-11-05,0.29183354356,11.85447,0.62,470699.26380645164,0.6322067811326122,0.6531598167861374
MKT,1885-10-28,0.282052719,10.86511,0.62,454923.7403225806,-0.08083340942832862,-0.08022653026511939
MKT,1886-11-03,0.26909334139999996,11.86482,0.6279061922237641,428556.5976774193,-0.04533727689149669,-0.045954522824702915
MKT,1887-11-16,0.27388073648,12.19421,0.62,441743.12335483875,0.08208471155119956,0.07700444166866216
MKT,1888-11-15,0.19278173772,12.13492,0.5606446278513104,343857.2816774194,-0.22957004483261212,-0.24225714929804576
MKT,1889-11-28,0.1717171274,12.44253,0.62,276963.1087096774,-0.057693750207844174,-0.04048359071237784
MKT,1890-12-11,0.17251998452,9.71865,0.6053386594402091,284997.4668387097,-0.006601034897230518,-0.008847500593654467
MKT,1891-12-03,0.30870824764,10.26344,0.62,497916.5284516129,0.5228389285668211,0.5279828149174997
USA,1837-01-13,19.820006629799998,11.1855,160.2667425404177,123668.86801110086,0,0
USA,1838-01-26,19.6340299844,11.11085,166.23146,118112.60025268383,-0.01708726574981556,-0.03164807190559349
USA,1839-01-25,20.00897798536,11.09686,168.64232,118647.43075972862,0.02572680228740931,0.012532745827736003
USA,1840-02-07,19.5880997988,11.13182,172.892,113296.73899775582,-0.029229436044373558,-0.048001798150869135
USA,1841-02-20,19.3688299324,11.05488,171.5674224305564,112893.40166102759,-0.02058880759542092,-0.032530023313762646
USA,1842-02-12,19.38346063628,10.97885,179.00719,108283.14011453954,-0.014603737156078656,-0.037531937554520445
USA,1843-02-18,20.3700088436,11.17929,185.39538,109873.33580588688,0.03917430594312865,0.012042183658342198
USA,1844-03-03,22.21258531648,11.28478,189.91299,116961.90616808254,0.06453485684974791,0.05625239128598114
USA,1845-03-02,22.05627177468,11.12329,196.15242,112444.5559972189,-0.019862579513895917,-0.03672423972683336
USA,1846-03-15,21.00341360208,10.99348,201.07608,104455.05801624937,-0.054146832570211245,-0.07693761249916864
USA,1847-03-28,21.612522453079997,10.984,208.08083,103865.99502260731,0.03299321235434283,0.007352852800116105
USA,1848-03-20,22.32399726232,11.08854,212.67557,104967.3794800221,-0.005748145778119995,-0.020886681483814895
USA,1849-03-26,23.223012930520003,11.1789,221.31252,104933.11869802939,0.043354521559664905,0.007406874849894551
USA,1850-04-08,22.10085066696,11.24893,226.96592999999996,97375.19048325889,0.003609505098231436,-0.01616682833190375
USA,1851-04-07,25.324759664360002,11.30324,233.49368,108460.15046043217,0.11319923899982909,0.08005632900369375
USA,1852-04-20,23.780486956719997,11.19271,240.7358423708579,98782.49421656842,-0.07169283546345784,-0.1019289521917709
USA,1853-05-03,23.604300593639998,11.26722,246.97449,95573.84081910645,-0.010431074773200266,-0.03136753805416348
USA,1854-04-25,25.21958931388,11.17199,258.57999,97531.09401032925,0.031759477681135184,0.003153527731442285
USA,1855-05-01,25.5481874778,11.41342,266.31543,95932.05875378683,0.04684007118218103,0.018526647383002137
USA,1856-05-14,26.6835644816,11.40343,264.9701372534055,100704.04445645527,0.022868099016801535,0.02153327689633877
USA,1857-05-13,28.0572822556,11.5253,266.31543,105353.57360104896,0.050354099059223945,0.05311918250947234
USA,1858-05-26,30.505849818599998,11.47327,266.31543,114547.8120385289,0.058913027919516914,0.0556799880342278
USA,1859-06-08,32.79988562864,11.42533,266.31543,123161.79212237158,0.055068928581277765,0.05502087423131141
USA,1860-05-31,34.19573041144,11.2042,266.31543,128403.11359893793,0.03299990389103358,0.03390701449306155
USA,1861-06-06,34.57333494108,11.20633,266.31543,129820.99813397968,0.01154203430060452,0.012765898594030212
USA,1862-06-19,37.35804566364,11.32634,266.31543,140277.43590989077,0.06808192724911644,0.06827804573143181
USA,1863-06-18,36.63275540236,11.27111,266.1453636928168,137641.90701680336,-0.018273463957462988,-0.01938430113106182
USA,1864-07-01,37.8364683944,11.23522,266.31543,142073.8873237649,0.01574668775061938,0.016668250293536024
USA,1865-07-14,41.41146900748,11.45967,266.31543,155497.82078897947,0.05699842032133384,0.05591080208908239
USA,1866-07-06,42.66168622768,11.41558,266.31543,160192.3186639242,0.021125326425696977,0.021197346447572096
USA,1867-07-12,43.48100272516,11.47929,267.3471761612663,162638.72074314283,0.01293033884620609,0.013147740896339632
USA,1868-07-25,46.57617314324,11.58526,266.31543,174891.0047879689,0.04546245736424814,0.04404909064508167
USA,1869-07-24,50.71842182056,11.59636,266.31543,190444.9239781563,0.07379932626468277,0.07255255285458428
USA,1870-08-06,53.11641679968,11.43877,266.31543,199449.26510521755,0.03765513964269562,0.03835999436798532
AWA,1907-05-19,11.74594687708,8.14098,159.16006,73799.58814466393,0,0
AWA,1908-05-25,11.4087859366,8.35314,159.61869,71475.25102856063,-0.021827262998707075,-0.023963364643681873
AWA,1909-05-31,11.837891394680002,8.43778,160.13956,73922.3424535449,0.020036476904119027,0.017442046111485476
AWA,1910-06-06,12.21494590472,8.18481,160.71117,76005.58134646148,0.019879086960548298,0.01717959201112418
AWA,1911-06-12,13.191967392759999,8.84501,161.46266,81702.8989412165,0.05673844981468901,0.052960480052763215
DAI,1888-09-13,3.71469993804,8.16165,81.53514,45559.49665432597,0.021708324822281133,0.014949043619676194
DAI,1889-09-26,3.9490639442799997,8.2548,83.08167,47532.313015373904,0.02046475727107544,0.008476282603333773
DAI,1890-09-25,3.9574955186,8.1184,83.08167,47633.79838898279,-0.025874306285491255,-0.028125553119023428
DAI,1891-10-08,4.11409458044,8.28603,83.08167,49518.67939630968,0.23994022444228436,0.2947704728139804
D03,1880-12-14,0.41635004528,11.0787,14.81767,28098.21282833266,0.20349576662385682,0.20785502587741456
D03,1881-12-27,0.52305835816,9.83192,14.81767,35299.6360534416,0.22113681430559495,0.21983276661643836
D03,1882-12-26,0.010694412039999998,9.53492,14.842400144340688,720.5311766289841,-0.9792619831450219,-0.9790050907927941
D03,1884-01-08,0.01126418748,8.6609,14.817670000000001,760.186148024622,0.049390082687960746,0.051959190010275824
D03,1885-01-21,0.010962045120000001,8.74567,14.817670000000001,739.7954685183298,-0.025432377896439706,-0.023977227392326772
D03,1886-01-13,0.01040379756,8.78604,14.817669999999998,702.1210190266082,-0.03823464065699356,-0.03795609402360767
D03,1887-01-19,0.01145358968,7.94788,14.74406725541174,776.8270099145142,0.12023546950300301,0.12084624570070934
D03,1888-02-01,0.011033328279999999,7.95748,14.81767,744.6061546788395,-0.03058484497054459,-0.030023000088312823
D03,1889-01-31,0.011751920439999999,8.39362,14.81767,793.1017791596115,0.07376102174321408,0.0745831839886606
D03,1890-02-13,0.0109813782,8.30029,14.81767,741.1001999639619,-0.05809571217360887,-0.05869593997042555
D03,1891-02-26,0.010598201639999999,8.12935,14.798513620171269,716.1666307860818,-0.02797529707573987,-0.0267271685124576
D03,1892-02-18,0.01032122676,8.17593,14.81767,696.5485639780073,-0.020750505878886938,-0.020526348421798457
D03,1893-02-24,0.010195918200000001,8.34876,14.81767,688.0918659951261,-0.008608333757870401,-0.008486025015214005
D03,1894-03-09,0.010152660959999999,7.96179,14.81767,685.1725649174263,0.0014744458449647002,0.0019203929187960878
D03,1895-03-08,0.0100275838,7.83351,14.81767,676.731483424857,-0.006121693987019228,-0.005573979062547307
D03,1896-03-21,0.39044707052,8.36281,14.81767,26350.098937282313,10.147013421889143,11.593761189833895
D01,1864-02-25,0.36301861128,11.21406,30.995129999999996,11712.11771913846,-0.144395887794163,-0.10523218007107316
D01,1865-03-10,0.53737254376,10.85555,30.99513,17337.321823138023,0.11512629474838598,0.12266804472928383
D01,1866-03-09,0.54026357684,10.82889,31.118348959749447,17361.575883695277,-0.05837996061467721,-0.07279616806814349
D01,1867-03-22,0.73208714436,11.26787,30.99513,23619.42486964888,0.3246320382441452,0.33120140511780294
D01,1868-04-04,0.46215653016,8.94483,30.99513,14910.617576374096,-0.3762835976173492,-0.37478633964091745
D01,1869-03-27,0.36851743916,8.42473,30.99513,11889.52713410139,-0.2519767059020118,-0.2548384676797212
D01,1870-04-02,0.42999301228000003,9.25133,31.7431738753667,13545.999337315248,0.08070776888445064,0.08072364386030828
D01,1871-04-15,0.41965215032000003,8.78003,30.99513,13539.293118628637,0.10347583962283213,0.08292819706489163
D01,1872-04-14,0.19125407079999998,11.87895,30.918149084764632,6185.818894774759,-0.5588797157158056,-0.5618498307628972
D01,1873-04-27,0.20449111644,11.31911,30.995130000000003,6597.524076846911,0.06772934078477277,0.06669534708492764
D01,1874-05-10,0.78657360392,10.9162,30.49054324841176,25797.29713280764,0.9479698477792968,1.1211239998902363
D01,1875-05-02,1.0287464184400001,11.19085,33.03132,31144.574859254793,0.18437840390879034,0.12324391561701842
D01,1876-05-08,1.0029712888,11.19191,32.02810688933418,31315.34724376743,-0.022697617170557294,-0.024563454827269404
D01,1877-05-21,1.12911157424,10.3865,33.38954,33816.326138066,0.09799254599998752,0.096916869924913
D01,1878-05-20,1.36686202172,10.30078,33.38954,40936.83296385635,0.1725387914892924,0.15995895886614786
D01,1879-06-02,1.43396083844,10.02318,34.042,42123.284132542154,0.005946971631078268,-0.01635522958441815
D01,1880-06-15,1.5596163908,10.03015,34.12392836908086,45704.47968156982,0.07962593652188232,0.08011282858437019
D01,1881-06-07,7.83638682372,9.4392,34.042,230197.60365783444,1.819093735363984,1.7626957158401413
D01,1882-06-13,9.784618585559999,9.21166,34.042,287427.84165325185,0.15112297273089892,0.14781694249017452
D01,1883-06-26,7.485798094840001,10.10714,78.38677,95498.23388360052,-0.06411098152746209,-0.5895754909299877
D01,1884-06-25,7.68161507516,9.47396,78.38677,97996.3210011077,0.042075406253011094,0.02500864943691261
D01,1885-07-08,10.0768830318,10.43112,78.38677,128553.36470427344,0.22176232413194774,0.21649332293785295
D01,1886-07-21,12.14591093196,9.82272,78.38677,154948.48087196346,0.17833751880673088,0.17293145759101325
D01,1887-07-13,15.48128748556,8.66185,78.38677,197498.7295121358,0.22389303175359254,0.2199434161695779
D01,1888-07-19,17.23541935076,8.91602,78.38677,219876.63671765022,0.02978044756078524,0.02683423414936792
D01,1889-08-01,21.31558456976,8.98014,78.38677,271928.3441550149,0.16422911269041118,0.1627606215372388
D01,1890-07-31,22.65543120672,8.7691,78.38677,289021.1091325743,0.04565635353721098,0.04475066552336182
D01,1891-08-13,25.586937605840003,8.4828,77.93709040676009,328302.44845297234,0.11735446487182921,0.11231115119262514
D01,1892-08-26,27.131510883359997,8.67844,61.83767,438753.77069284784,0.04706822242635922,0.33039477747699175
D01,1893-08-18,26.774451118480002,8.29618,62.17514,430629.5268250301,-0.029216905340815447,-0.03079354398782863
D01,1894-08-24,27.66204568296,8.35042,62.17514,444905.2415959176,0.004565345478554805,0.003345185574214149
D01,1895-09-06,29.06632621152,8.78224,63.32318285728419,459015.55954678997,0.026347601407493704,0.025357351464117883
D01,1896-09-05,29.506683401,8.56534,62.17514,474573.6543737578,0.024035321193848214,0.025163691867150506
D01,1897-09-18,29.93532643192,8.62162,62.17514,481467.7768625853,-0.02456043090927651,-0.01992772481576055
D01,1898-10-01,30.95309426612,8.77146,64.13908,482593.362207877,0.013289745723528812,-0.014398578335305778
D01,1899-09-23,32.60156086616,8.6689,64.13908,508294.8003956402,0.06449681358877157,0.06269430007022403
D01,1900-09-29,32.45630263044,8.75275,64.13908,506030.0620220932,-0.002115555217391041,-0.0008283363357208806
D01,1901-10-12,35.00429946312,8.85415,64.13908,545756.1827067054,0.050896841263829984,0.04996843891090763
D01,1902-10-11,33.26446253052,8.76139,64.73171642231807,513881.9788664084,-0.053055611400830704,-0.0661492748888346
D01,1903-10-24,36.94847910988,8.92635,65.12381,567357.4551286234,0.10196658034772366,0.09914136161072151
D01,1904-11-06,37.31525410236,9.17962,65.12381,572989.4197277463,0.002685890935243851,0.0045898510329014375
D10,1904-05-22,8.11750294784,9.52691,26.731149999999996,303672.0435836094,0,0
D10,1905-05-28,10.02665704144,9.31306,27.85667,359937.38811710087,0.0967306288827039,0.06533729947649536
D10,1906-06-03,10.83346018612,11.00706,18.36042,590044.2465978446,0.0834383078144545,0.6562210226264382
D10,1907-06-09,15.724681637080002,11.84291,29.78086,528013.0136295594,0.4157385898051307,-0.11773071397871859
D10,1908-06-15,16.652439612120002,12.28683,31.71706,525030.996319331,0.0559123684206968,0.002194847378717668
D10,1909-06-21,16.83356502048,12.18373,34.07262,494049.62167511624,0.08183040026409039,0.02767536049847008
D10,1910-06-27,18.0881650846,12.38658,34.09602,530506.6422591258,0.020380333837525022,0.016327516419181842
MGD,1837-01-13,0.08338491147999999,7.3305,2.92135,28543.280154722986,0,0
MGD,1838-01-26,0.07284154488,7.87024,2.92135,24934.206746880725,-0.15381600397979434,-0.15990381969387069
MGD,1839-02-08,0.07498101676,7.88377,2.92135,25666.56400636692,0.025744323033726646,0.025762676453365163
MGD,1840-01-31,0.07891397072,7.90646,2.92135,27012.84362366714,0.04357262743978674,0.043078463914363097
MGD,1841-02-06,0.08396633492,8.53042,2.92135,28742.305755900525,0.04376114316223334,0.04495706337118355
MGD,1842-02-19,0.087349548,8.63972,2.92135,29900.404949766376,0.03716924041207914,0.036974759832788306
MGD,1843-02-18,0.10087284011999999,7.69156,2.92135,34529.52919711777,0.12378779759166503,0.12818524245334895
MGD,1844-03-03,0.07406154184000001,8.61905,2.923145209532907,25336.2513769319,-0.2725134013776579,-0.27181028885962255
MGD,1845-03-16,0.07239145576,9.09994,2.92135,24780.137867766614,0.02607042377936386,0.035825624859993965
MGD,1846-03-08,0.07274538128000001,9.10407,2.92135,24901.289225871602,0.003474169005453831,0.003398132848933866
MGD,1847-03-14,0.07775128244,8.58666,2.92135,26614.84671128074,0.06784632886630582,0.0678633973541769
MGD,1848-03-27,0.07511952188,9.19644,2.922573587261045,25703.209735225155,-0.0031926060103293352,-0.001644398451627005
MGD,1849-03-26,0.077406329,9.21038,2.92135,26496.766563403908,0.02944140345316515,0.029486254170007387
MGD,1850-04-08,0.07857390424,9.21366,2.92135,26896.436318825203,0.007292560259839265,0.008099109288594475
MGD,1851-04-21,0.07701115916,8.55121,2.92135,26361.496965444057,-0.009195513647804576,-0.007431148457412773
MGD,1852-04-13,0.07778283552,8.565,2.92135,26625.64756704948,0.010284632551903261,0.010369746182255835
MGD,1853-04-19,0.07822456252000001,8.56324,2.92135,26776.854029814986,0.004236537941606944,0.004230631282927
MGD,1854-05-02,0.07898431268,8.53819,2.92135,27036.922203775655,0.02039248466280763,0.020847430687387147
MGD,1855-05-01,0.09083905896,7.85866,2.947885636947634,30814.987468122614,0.08316666492479219,0.09702171603584975
MGD,1856-05-14,0.08756677228000001,8.32677,2.92135,29974.76244886782,-0.0009379983475572562,-0.00596856720391703
MGD,1857-05-27,0.08702261775999999,7.55682,2.92135,29788.49427833022,0.040212156262137366,0.04930314239077038
MGD,1858-05-19,0.13539779136,6.7078,2.92135,46347.67876495456,0.4379871464688063,0.453504512258438
MGD,1859-05-25,0.11115071344,4.64877,2.9333264032139774,37892.378195012585,-0.08879127179512547,-0.07820145473735907
MGD,1860-06-07,0.35453132052,5.82063,2.92135,121358.72816334915,1.9358171398416184,1.9009455747068946
MGD,1861-06-06,0.32704854363999997,6.54318,2.92135,111951.16765878789,-0.05925893552324324,-0.07210614050639097
MGD,1862-06-19,0.27676487228,6.26557,2.92135,94738.69008506343,-0.1545945481442189,-0.13702979993123665
MGD,1863-07-02,0.29087899359999997,6.45078,2.969438439093297,97957.57668201346,-0.03941187848216332,-0.046589014900312975
MGD,1864-06-24,0.36974103712,6.47841,2.92135,126565.12814965684,0.27361563383037324,0.26557756836917457
MGD,1865-06-30,0.33026009432,5.66439,2.92135,113050.5055265545,-0.10155390631787087,-0.09584038784308235
MGD,1866-07-13,0.43245751224,6.65317,2.92135,148033.44763208792,0.29646945369682354,0.2919878278450141
MGD,1867-07-12,0.5480388872399999,6.92527,2.92135,187597.81855648928,0.519264340563983,0.5381557250695173
MGD,1868-07-25,0.5978743830800001,7.07195,2.92135,204656.88229072178,-0.03200565279934542,-0.011265572288101766
MGD,1869-08-07,0.6215070633199999,7.30973,2.92135,212746.5258596197,0.08771035767826452,0.07213512860494009
MGD,1870-07-30,0.7916615678400001,7.25012,2.92135,270991.68803464156,0.22782244956198183,0.2318681752024936
MGD,1871-08-05,1.49328672584,7.10902,2.92135,511163.23817413184,0.6858724876175155,0.7030089640397257
MGD,1872-08-18,1.2157293746,7.37306,5.47451,222070.9021629333,-0.18392266153165715,-0.41317432027459333
MGD,1873-08-17,1.3625993295199998,7.14761,5.47451,248898.86574688874,0.1961683534872316,0.18101871415368898
MGD,1874-08-30,1.42487874152,7.20344,5.823515487114958,244676.7325806328,-0.01955957632428673,-0.02534032724348534
MGD,1875-09-12,1.2915020622400002,7.06222,5.47451,235911.90120029007,-0.08069626347601355,-0.08575066938111964
MGD,1876-09-04,0.81207040252,7.23963,5.47451,148336.63698120927,-0.2957072963374765,-0.28851398322743926
MGD,1877-09-10,1.15099074376,7.79803,5.47451,210245.4363513812,0.24457306123625178,0.23824195654543967
MGD,1878-09-23,1.2933618235200002,7.11195,5.46462198934221,236679.1016912929,0.042084002123328634,0.04480328084733598
MGD,1879-09-22,1.02405939064,6.73368,5.47451,187059.5524786693,-0.13809081483082009,-0.1585818979235808
MGD,1880-10-05,1.0791076909600001,9.128,5.648472813798559,191044.1506107396,0.15772197788832654,0.21039694542791731
MGD,1881-10-18,1.09444849228,9.18505,5.47451,199917.1601257464,0.04726316460331992,0.029505448336648366
MGD,1882-10-10,1.29026384292,8.88409,5.47451,235685.72217787526,0.10120123494703881,0.09618732525773743
MGD,1883-10-16,1.34423936868,9.09803,5.47451,245545.14809179268,0.023983268121969825,0.02255747962462329
MGD,1884-10-29,1.28591861008,9.97526,5.452851895948966,235824.9654708823,-0.011043912927305666,-0.01598538802399141
MGD,1885-10-28,1.16811681324,10.42306,5.47451,213373.7655497935,-0.06971492653206346,-0.06106122577780049
MGD,1886-11-10,1.01871338452,10.5482,5.47451,186083.02560777127,-0.11432254112779128,-0.11544445668934644
MGD,1887-11-23,0.7444196250399999,9.50346,5.4745099999999995,135979.2246319762,-0.14954158467401701,-0.1448154662346124
MGD,1888-11-15,1.084799638,9.7943,5.47451,198154.65457182468,0.39277745362669214,0.3896725559562495
MGD,1889-11-21,1.0844887081599999,9.93932,5.47451,198097.8586503632,-0.02997049120758688,-0.030549189732260285
MGD,1890-12-04,1.1480165101600002,10.16133,5.47451,209702.14871467947,0.002281676535309085,0.0017971538745942262
MGD,1891-12-03,1.21877539732,10.55579,5.6125430453055,217152.08016790543,0.02947971162188945,0.021084995275293394
MGD,1892-12-16,1.28051631552,11.32434,5.47451,233905.19252316642,0.028186800647536536,0.0339515925453413
MGD,1893-12-29,1.01478424112,8.21422,5.47451,185365.30961127114,-0.0740559806424429,-0.11397925971902223
MGD,1894-12-21,0.23537047923999999,4.65155,5.47451,42993.88972529048,-0.7421380019220768,-0.7411025982156497
MGD,1895-12-27,0.15714559432,4.68831,5.523353163492543,28451.121930547208,-0.13230349199713987,-0.14138578296020665
WAS,1863-07-23,0.0102347284,10.31515,0.46799,21869.54507574948,0,0
WAS,1864-07-29,0.006610874399999999,12.58787,0.46857,14108.616428708623,-0.23099956467020832,-0.23416979801316862
WAS,1865-08-04,0.0075620116,10.24342,0.4712,16048.411714770797,-0.15880319100391072,-0.1644281661055178
WAS,1866-08-10,0.00937146132,10.57992,0.4763,19675.543397018686,0.09154936424839955,0.08271670950280385
WAS,1867-08-16,0.0096990478,10.59311,0.48175,20132.94820965231,0.029261762383606893,0.020430653934247367
WAS,1868-08-22,0.00992989452,10.64942,0.48735,20375.283718067098,0.011929119435987845,0.003215509391367277
WAS,1869-08-28,0.009798129639999998,10.6637,0.49310000000000004,19870.47179071182,-0.005089812135526062,-0.013810695027896891
WAS,1870-09-03,0.01070177056,10.66324,0.4990299999999999,21445.1447007194,0.08251706951607263,0.07289546711816675
WAS,1871-09-09,0.05216969576,13.02832,0.50776,102744.79234283914,3.796915736187322,3.730195996165942
WAS,1872-09-15,0.053337526839999996,13.20824,0.53236,100190.71087234201,0.025629468661859223,-0.015689897339219994
WAS,1873-09-21,0.05528824288,13.38728,0.54752,100979.4032729398,0.02981312211343412,0.008350255911046656
WAS,1874-09-27,0.05925754536,13.18087,0.60118,98568.72377657273,0.05438570809359233,-0.022584411432257756
WAS,1875-10-03,0.06558054828,13.22678,0.64188,102169.48382875304,0.044331831590722626,-0.006910957703775811
WAS,1876-10-09,0.07489631708,12.99201,0.68895,108710.8165759489,0.056701025770084845,0.005296497669996292
WAS,1877-10-15,0.07293391196,12.90099,0.7065,103232.71331917905,-0.006327475027012364,-0.02632958336575497
WAS,1878-10-21,0.07730353124,12.66363,0.81374,94997.82638189102,0.04901708100514868,-0.061249220252726166
WAS,1879-10-27,0.04735388632,12.31978,0.87528,54101.4147701307,-0.09427439232005241,-0.13939714860305374
WAS,1880-11-02,0.04754334624,9.12409,0.88044,53999.53005315524,0.017866412674790277,0.013179439832729622
WAS,1881-11-08,0.04729786256,8.99342,0.87903,53806.88094831804,-0.03057615247539458,-0.02941203462478581
WAS,1882-11-14,0.05112969316,9.0242,0.87796,58236.92783270309,0.06876147664225729,0.06951586665122078
WAS,1883-11-20,0.04297111572,9.29281,0.8813399999999999,48756.570358771874,-0.13958318691836458,-0.14217808575004065
WAS,1884-11-26,0.04638459904,9.30686,0.88381,52482.546067593714,0.040167285273111863,0.037769264949729875
WAS,1885-12-02,0.042579724719999996,9.1678,0.8859499999999999,48061.09229640499,-0.059917651739804234,-0.06147720496387876
WAS,1886-12-08,0.044033446600000005,9.29727,0.8879000000000001,49592.79941434846,0.02074836161367477,0.019088733297540017
WAS,1887-12-14,0.0388397802,9.30618,0.88944,43667.678764166216,-0.11345650718949296,-0.11480912857134074
WAS,1888-12-20,0.03707628184,9.41903,0.8912,41602.650179533215,-0.026965488515178215,-0.028326809648226536
WAS,1889-12-26,0.036320504999999996,9.52357,0.8932900000000001,40659.253993663864,-0.03438274327736013,-0.03602196699453375
WAS,1891-01-01,0.03770083616,9.51482,0.89507,42120.54494061917,-0.017887665448038992,-0.019455447802497305
WAS,1892-01-07,0.035406092279999996,9.45679,0.89734,39456.71905855082,-0.03234860434118181,-0.03399295836870464
WAS,1893-01-13,0.03540589884,9.44317,0.8992500000000001,39372.69818181818,-0.003598835475734141,-0.005289937976131198
WAS,1894-01-19,0.03362568404,9.43231,0.9009799999999999,37321.23248018824,-0.02050353026756291,-0.021948462708836103
WAS,1895-01-25,0.034401966560000004,9.42325,0.90272,38109.23271889401,0.005704137205505555,0.004348925892817768
WAS,1896-01-31,0.0361453508,9.21611,0.90369,39997.51109340593,0.019291202538199492,0.01827892834860223
WAS,1897-02-06,0.03519364212,9.28463,0.90532,38874.25674899483,-0.01060468648548707,-0.0117252353125048
WAS,1898-02-12,0.035878812319999995,9.19582,0.90664,39573.38339362922,-0.0022838453637948897,-0.00351548506905075
WAS,1899-02-18,0.03571422088,9.15795,0.9074400000000001,39357.115489729345,0.0015101745610517359,0.0007968452213027444
WAS,1900-02-24,0.03750829212,9.34555,0.9082500000000001,41297.32135425268,0.01607469397361516,0.015489676411841957
WAS,1901-03-02,0.03270009808,9.32662,0.9086500000000001,35987.56185549992,-0.056186495675093706,-0.05656860472369363
WAS,1902-03-08,0.033196837959999996,9.29146,0.90904,36518.56679574056,0.046615062552299635,0.046152975802696394
WAS,1903-03-14,0.034159570119999996,9.28433,0.90952,37557.799850470576,0.020030461625123674,0.019858760459711355
WAS,1904-03-20,0.03165196476,9.28315,0.90914,34815.28121081462,-0.06373005600764681,-0.06369524746216615
WAS,1905-03-26,0.029089174920000002,9.08472,0.90927,31991.790029364216,-0.05149016104046056,-0.051481313176311105
WAS,1906-04-01,0.02873084136,9.18684,0.91022,31564.722111137966,0.05514243105548444,0.05453753092112157
WAS,1907-04-07,0.02392036816,9.32467,0.91096,26258.417669271978,-0.09842572258358928,-0.09926407236597612
WAS,1908-04-13,0.02448756336,9.31217,0.91244,26837.45052825391,-0.02930162126401603,-0.030302075004105866
WAS,1909-04-19,0.02430335128,9.41347,0.91433,26580.50296938742,0.011304722510211418,0.009658718776895059
WAS,1910-04-25,0.025682394400000003,9.5954,0.91578,28044.283998340212,0.042590010115227894,0.04137962451129451
WAS,1911-05-01,0.02553097768,9.58446,0.91703,27840.940514486985,0.0184488521409083,0.017530105119845985
BUR,1837-01-13,1.17680971512,8.00622,35.20461,33427.716288292926,0,0
BUR,1838-01-19,1.18692926508,8.55035,35.60308,33337.82540948705,-0.023288387752979367,-0.031296726725698276
BUR,1839-01-25,1.20825636516,8.67407,36.06124,33505.67992559324,0.02169457501731875,0.01174302662047677
BUR,1840-01-31,1.19045233268,9.107,36.51879,32598.35094974395,-0.034687268666813154,-0.043414987351357626
BUR,1841-02-06,1.1387084332000001,9.16433,37.07764,30711.459337757206,0.014370699997796166,0.0028005201271708025
BUR,1842-02-12,1.3250165630000001,8.35621,37.60708,35233.16787689977,0.20035432104193873,0.1869416314426282
BUR,1843-02-18,1.13281410112,8.78359,31.20799,36298.84850386071,0.02751040923638093,0.13091826032206666
BUR,1844-02-24,1.11047827436,8.37143,31.54462,35203.41263771762,-0.014883341314166576,-0.02289462105046325
BUR,1845-03-02,1.14928310536,8.3277,31.85895,36074.10493315065,0.03644091299474872,0.02853373496295064
BUR,1846-03-08,1.26830438436,7.53877,32.12423,39481.23844089026,0.11303220799429936,0.10632036274604095
BUR,1847-03-14,1.36203505828,7.20532,32.28505,42187.79460710143,0.083526755956848,0.07933408915483775
BUR,1848-03-20,1.3466900226,7.20849,32.43476,41519.96261418306,0.06693123317388872,0.06317985115914859
BUR,1849-03-26,1.45324692916,7.03355,32.71343,44423.55721060127,0.06560728345323774,0.057808886488360134
BUR,1850-04-01,1.45429245988,8.32954,32.95693,44127.060981711584,-0.004963902898480033,-0.01089140632793184
BUR,1851-04-07,1.51496154056,8.52393,33.24516,45569.38635759311,-0.006109427883219332,-0.01247436888076725
BUR,1852-04-13,1.6579590710799998,8.63066,33.61755,49318.25998860713,0.06254409424142415,0.05367156566189979
BUR,1853-04-19,1.6404780366,8.50417,33.98423,48271.74358812897,-0.007584948093352084,-0.014700938416239873
BUR,1854-04-25,1.71416401,8.48436,34.29424,49984.020931794956,0.037025359149855275,0.030077388071179767
BUR,1855-05-01,1.7417703934800002,8.52078,34.66713,50242.705221920594,0.03684502300990533,0.028564227074254545
BUR,1856-05-07,1.7887540502,8.50071,35.03126,51061.65322628988,0.033360479939509524,0.024594514761559827
BUR,1857-05-13,0.91403845052,8.15427,18.55925,49249.75149965651,-0.4907794644928276,-0.037018773995218246
BUR,1858-05-19,0.91500245304,8.18712,18.68021,48982.4500388379,0.003243372171277459,-0.0015454885564087917
BUR,1859-05-25,0.93698086508,8.22051,18.79883,49842.5096178858,0.02416592583298427,0.019144057108728463
BUR,1860-05-31,0.90317824532,7.8765,18.90757,47768.07624247854,-0.050708710361829334,-0.05446410094892873
BUR,1861-06-06,0.89334375936,8.49449,19.05932,46871.75404788838,0.0009925351396125048,-0.0051397844325775655
BUR,1862-06-12,0.89877844108,8.50555,19.22451,46751.6956780693,0.004876862302857443,-0.0018046261824381515
BUR,1863-06-18,0.9160325350799999,8.34294,19.39125,47239.47837710307,0.03410198425953492,0.02766206125540882
BUR,1864-06-24,0.94541548296,8.34325,19.54355,48374.808208334725,0.030201954432576894,0.02400596512916886
BUR,1865-06-30,0.9143465786,8.53148,19.7103,46389.2776162717,-0.015910338009766933,-0.022346441226724578
BUR,1866-07-06,0.97542249584,8.40056,19.87851,49069.19562079854,0.05680897631999149,0.05026985790285443
BUR,1867-07-12,1.02150979216,8.86766,20.06332,50914.2949501877,0.032380376721891535,0.024998765466508033
BUR,1868-07-18,1.03310708696,10.1544,20.32626,50826.2261212835,0.03568692465742562,0.025267130422603312
BUR,1869-07-24,1.0299390857600002,9.96749,20.62466,49937.26372992331,-0.004628395467665691,-0.015164459246637119
BUR,1870-07-30,1.00128391688,10.13352,20.92781,47844.65822654162,0.00873675261438911,-0.002645630528937404
BUR,1871-08-05,1.01643607312,10.11481,21.24476,47844.08358202211,0.013705655847665588,0.002545940499596888
BUR,1872-08-11,1.01937936672,10.06709,21.53132,47344.02566679609,-0.02813891459509754,-0.03801823541662297
BUR,1873-08-17,1.00550591388,10.1001,21.82042,46080.9605809604,-0.11858506748482645,-0.1275885133390806
BUR,1874-08-23,1.01360574536,10.07516,22.14728,45766.60182920883,0.008564002356476585,-0.0024615210837409807
BUR,1875-08-29,1.01879225344,10.00493,22.46129,45357.69109610356,0.040370368192315764,0.029249584275132134
BUR,1876-09-04,1.04093319252,9.92489,22.774710000000002,45705.661785375094,-0.00037274960696653814,-0.010888882778056885
BUR,1877-09-10,1.07194322612,9.89792,23.10158,46401.29489498121,0.010674352207911797,0.00019217062700827015
BUR,1878-09-16,1.0024196312,9.84949,23.41291,42814.824436603565,-0.03515990475291064,-0.04515805162120878
BUR,1879-09-22,1.00361119924,9.82706,23.74168,42272.12224408719,0.0014856368212048388,-0.008710140923993248
BUR,1880-09-28,0.99669986364,9.80017,24.05651,41431.60681412225,-0.003448076562953095,-0.013405634422109958
BUR,1881-10-04,1.0391336332,9.74461,24.36415,42650.108179435774,0.035452626738515125,0.02534794556147757
BUR,1882-10-10,1.18524914716,8.94134,24.64562,48091.67499782922,0.07707895397100573,0.06755796785475088
BUR,1883-10-16,1.0912049007600002,9.23017,24.87661,43864.694617152425,-0.036719049961657424,-0.04380023971718516
BUR,1884-10-22,1.05896938836,9.7014,25.15927,42090.624583304685,-0.03808143203827574,-0.046370547372705295
BUR,1885-10-28,1.06185437748,9.64384,25.48346,41668.37538858538,-0.0015533573677479762,-0.010864188704443056
BUR,1886-11-03,1.09187960856,8.11772,25.76009,42386.48267766145,0.012100293345803204,0.0034632429901173545
BUR,1887-11-09,1.07715448932,8.67939,25.94755,41512.7628357976,0.004501836229967138,-0.0010313367533020257
BUR,1888-11-15,1.2391964015599999,8.79701,26.24852,47210.14371705528,0.12642165428955443,0.11641409853463136
BUR,1889-11-21,1.2011014002,9.33599,26.51576,45297.641862801596,0.0537030467735633,0.045482592923302256
BUR,1890-11-27,1.13061917956,8.61756,26.79847,42189.69140999468,-0.020852530684253745,-0.028558182230637108
BUR,1891-12-03,1.27585400384,8.67264,27.01796,47222.44032636069,0.0807805885536994,0.07400875099477999
BUR,1892-12-09,1.35705035648,9.43312,27.30012,49708.58576738857,0.058039813077854774,0.04944399803159194
BUR,1893-12-15,1.4347563724,9.51872,27.63559,51916.97996677473,0.019475588389322285,0.010464384741240007
BUR,1894-12-21,1.40248730596,9.26304,27.95393,50171.38219778042,-0.025632399077850643,-0.03421613160955028
BUR,1895-12-27,1.05685481096,8.70305,21.9874,48066.38397263887,-0.10654468501668113,-0.009119728041658726
BUR,1897-01-02,1.00300041868,8.7956,22.18084,45219.22608341253,-0.008299170768135578,-0.01446068871083217
BUR,1898-01-08,0.79199167476,7.25336,22.33354,35461.98563953587,0.17971525761245233,0.172917711897983
BUR,1899-01-14,1.55480753064,9.23796,22.499979999999997,69102.61834188298,0.5692050728786733,0.559916307566332
BUR,1900-01-20,1.6432497910400001,10.01921,22.76237,72191.50690547601,0.05507318950430107,0.04606895702535119
BUR,1901-01-26,2.27880234036,10.42165,23.02036,98990.73430476325,0.2812120646722791,0.2701945456951582
BUR,1902-02-01,4.09652343412,9.95052,23.23552,176304.35790203963,0.38689722380199787,0.37806752838251634
BUR,1903-02-07,5.5191577698400005,9.63933,31.62887,174497.46923744035,0.33056041119814683,-0.020629375829608998
BUR,1904-02-13,5.668986948560001,9.36757,31.846189999999996,178011.465376549,0.024589193661878506,0.019327281665920237
BUR,1905-02-19,5.8071883324,9.32001,32.07652,181041.71937604202,0.004554006063657079,-0.0008100112706397322
BUR,1906-02-25,6.14042637884,9.6225,32.3061,190070.1842326991,0.05601219037789029,0.05015886771208411
BUR,1907-03-03,6.09283244544,9.00447,32.4156,187959.88491467072,0.5581431327389572,0.5541160884695573
BUR,1908-03-09,6.74157845192,9.96782,32.6318,206595.3594935002,0.0707869319434884,0.0657276107449436
BUR,1909-03-15,7.401632176640001,10.00785,32.94421,224671.71550448472,0.0615657680795465,0.05373199210860924
BUR,1910-03-21,7.93358879248,10.19178,33.28413,238359.50624156318,0.06303809621797662,0.054963181036194575
BUR,1911-03-27,7.27306652384,10.21314,33.59813,216472.36092723018,-0.12855273283817203,-0.1347185800598778
TUR,1870-12-10,9.74470723928,7.7577,206.61679,47163.19152610976,0,0
TUR,1871-12-16,15.28544032548,8.37959,208.65212000000002,73258.01590455922,0.3859572307600523,0.37568352832686003
TUR,1872-12-22,13.21222079112,8.99114,211.24531,62544.44556009315,-0.09311119880906515,-0.10158730143766315
TUR,1873-12-28,13.63710403796,9.08522,214.11232,63691.356190806764,0.021183285281506814,0.010959251659150793
TUR,1875-01-03,13.52674140584,9.07132,203.4193,66496.84374019575,0.017213617429820083,-0.017667152274320364
TUR,1876-01-09,14.62829626492,9.0941,219.30871000000002,66701.84811592754,0.011195141791279895,-0.05908696517943102
TUR,1877-01-15,14.66568701676,9.20027,209.69619000000003,69937.78483414504,0.008236476848437757,0.010187591541459984
TUR,1878-01-21,15.20510161352,9.0614,213.5446,71203.40019611828,0.0325428715449545,0.016700117513479995
TUR,1879-01-27,15.099460931360001,9.12855,215.96943,69914.80660647205,-0.015474799898562264,-0.023726003423501063
TUR,1880-02-02,15.3793228082,9.13521,218.50421000000003,70384.56059130393,0.024996270058819547,0.0158124168985323
TUR,1881-02-08,15.633272595720001,9.10021,220.81340999999998,70798.5651583389,-0.013063725735247611,-0.020910922224242956
TUR,1882-02-14,15.57432231524,9.15484,209.54792999999998,74323.43672037228,-0.019267885401931806,0.0321730235852522
TUR,1883-02-20,16.01801566196,9.17784,225.76175,70950.9722615102,0.03086364695359256,-0.03601662397939487
TUR,1884-02-26,17.57252818256,8.97912,228.29208,76973.88443155804,0.049758000190117446,0.04109249349099797
TUR,1885-03-04,18.402281302080002,9.12094,230.64604,79785.81076909017,0.028452937167076975,0.020462665632093868
TUR,1886-03-10,18.26407420864,9.05854,232.87708000000003,78427.95954260505,-0.011609262320572244,-0.018821248461763473
TUR,1887-03-16,17.849586803879998,8.96775,234.98347,75961.03165843962,-0.02227152560837109,-0.028869127024396812
TUR,1888-03-22,17.49822805848,8.91382,236.82854000000003,73885.63919905935,0.012346571138501128,0.006332543569022242
TUR,1889-03-28,18.309611582600002,8.90377,238.52588000000003,76761.5303739787,0.010971215868712969,0.0055177809430670965
TUR,1890-04-03,17.86382591812,8.94932,240.17935,74377.02665995224,0.002649726105097061,-0.0025182057257110424
TUR,1891-04-09,19.76385900944,8.98743,241.76381,81748.6248642425,0.06736471231421648,0.06202796533749466
TUR,1892-04-15,19.2450665836,9.20117,243.48126,79041.26413507143,-0.024449307575205248,-0.029615750457388512
TUR,1893-04-21,20.27225033964,9.3513,245.43768,82596.32481711854,0.026880829053973043,0.020715598013930414
TUR,1894-04-27,20.59346429192,9.38004,247.50876,83202.971450061,0.017184153684063563,0.010720588828897037
TUR,1895-05-03,22.13594050408,9.34701,249.59146999999996,88688.6899783875,0.04419820356866433,0.0376519770460404
TUR,1896-05-09,23.64419176808,9.3697,251.67970000000003,93945.56560612556,0.0627528385410141,0.05608367572071171
TUR,1897-05-15,23.335366058680002,9.53155,236.53439999999998,98655.27406871898,0.011932718121276276,0.06065467707301808
TUR,1898-05-21,25.63592703412,9.45043,255.35968,100391.44407652767,0.08888324099111111,0.014645912685922635
TUR,1899-05-27,26.35548154564,9.54388,257.31413,102425.31782316035,0.027074073409186772,0.02112473609605714
TUR,1900-06-02,21.004714412760002,9.22552,213.46828999999997,98397.3517226376,-0.18028255823762085,-0.010568095630657193
TUR,1901-06-08,19.50803718448,8.91559,214.4675,90960.34217063192,-0.05790133406606124,-0.06111170759598317
TUR,1902-06-14,20.9653695368,8.94389,215.66673,97211.8858425683,0.04683257452976197,0.042365470954736084
TUR,1903-06-20,22.343816066520002,8.99574,216.88382,103022.05146755531,0.07071867105766971,0.06619824442734412
TUR,1904-06-26,23.145157432799998,8.98642,218.02976,106155.95519070423,0.02205570605838414,0.01796150189210044
TUR,1905-07-02,21.630167906879997,9.22763,218.5774,98958.84893351278,-0.02593226474024035,-0.028088664839029498
TUR,1906-07-08,24.8978543086,9.91173,220.01714,113163.24859326868,0.10744513281253121,0.10204797654851494
TUR,1907-07-14,24.350659757320003,10.0813,226.42894,107542.1708785105,-0.014014465751647887,-0.030666119365888478
TUR,1908-07-20,29.452976196279998,10.43552,228.27722,129022.84422545534,0.15253251613004748,0.14551448858642657
TUR,1909-07-26,31.468957768040003,10.60651,230.30096999999998,136642.74956392933,0.0723132003632947,0.06535087856466615
TUR,1910-08-01,33.311939505,11.10868,215.98200999999997,154234.78791127095,0.03588945023381718,0.09389748594283986
PER,1893-05-26,8.337698190120001,7.67796,145.63256,57251.60767701948,0.004091135112665567,0.0006153900811087798
ARS,1837-01-13,0.0801957208,6.54326,2.6701,30034.725590801838,0,0
ARS,1838-01-19,0.076721229,7.91583,2.69313,28487.755511245283,-0.018471543187842943,-0.025102620947558996
ARS,1839-01-25,0.07876515399999999,7.94061,2.71848,28973.968541243634,0.01377700676306004,0.006605815091702105
ARS,1840-01-31,0.07945442336,7.0643,2.74018,28996.059879278004,0.030266961451834273,0.024170865592132884
ARS,1841-02-06,0.07732870600000001,7.7313,2.72396,28388.341238491023,-0.08681748415881363,-0.08137048901966859
ARS,1842-02-12,0.07634044236,7.63672,2.72278,28037.68294169929,0.001731941311265306,0.002144359276047947
ARS,1843-02-18,0.08388584048,7.76273,2.7365,30654.42736342043,0.08661888068877976,0.0824210201293889
ARS,1844-02-24,0.08385573612,7.67292,2.75539,30433.34559536037,-0.00311647080988664,-0.008305298055845012
ARS,1845-03-02,0.07954612432000001,7.55006,2.77459,28669.50588014806,-0.052679649930809314,-0.057430393985104855
ARS,1846-03-08,0.09786545652,6.74241,2.79127,35061.26477194969,0.174525078945861,0.16881989029609668
ARS,1847-03-14,0.08278928268,7.28799,2.80277,29538.379060714935,-0.16894081020371687,-0.17156657901297934
ARS,1848-03-20,0.08803342912,6.49086,2.81539,31268.64452882194,0.059415251698063054,0.05578880145149223
ARS,1849-03-26,0.09634333384,6.52884,2.8226399999999994,34132.34909163054,0.006342672364333168,0.00435657840517889
ARS,1850-04-01,0.08307252512,8.01672,2.83613,29290.80300268324,-0.17973793830518314,-0.18259649234794606
ARS,1851-04-07,0.08191185184000001,8.00867,2.86142,28626.294581012226,-0.00903687032441558,-0.015482658321435805
ARS,1852-04-13,0.10306074324,8.89729,2.88979,35663.748313891316,0.12471795973482602,0.1162033814826835
ARS,1853-04-19,0.08579430912000001,9.04965,2.91869,29394.8001055268,-0.10416166311874397,-0.11021587166504254
ARS,1854-04-25,0.10463064092,9.76415,2.95673,35387.282883455715,0.018222216755222398,0.008205026491765466
ARS,1855-05-01,0.09070521304,9.07048,2.99538,30281.704838785063,-0.001344579776956789,-0.01124144586456055
ARS,1856-05-07,0.091022425,9.17397,3.03578,29983.20859877857,-0.0036934106815299517,-0.01331882830570541
ARS,1857-05-13,0.08704922252,9.15576,3.07541,28304.916261571623,-0.047589456585789836,-0.057122987910142364
ARS,1858-05-19,0.08897869916000001,9.15407,3.11541,28560.831210017303,0.006840285481979791,-0.003073740135348779
ARS,1859-05-25,0.0930425938,8.46837,3.14867,29549.80795065853,0.15215076258951177,0.14351287432497517
ARS,1860-05-31,0.09459273304,9.29633,3.18893,29662.84397587906,0.014353118161594347,0.004416674556123823
ARS,1861-06-06,0.0951008474,9.20224,3.23379,29408.479647719858,0.004238944757238627,-0.005872288745783494
ARS,1862-06-12,0.0956454382,9.2026,3.27496,29205.07065735154,0.004586770218509395,-0.0052446980041213065
ARS,1863-06-18,0.09400563068000001,9.20595,3.31693,28341.156032837593,-0.019542004897451504,-0.029127031574760154
ARS,1864-06-24,0.0970494876,9.22723,3.35687,28910.70777241895,0.038245492680123894,0.028653574304985385
ARS,1865-06-30,0.09772930492,9.21994,3.38841,28842.23128842141,0.005298659218322621,-0.0019907225819263408
ARS,1866-07-06,0.09823121724,9.29905,3.43453,28601.065426710495,0.003951167067289152,-0.006474207952940625
ARS,1867-07-12,0.09656343996,9.28675,3.48735,27689.632517527636,0.0066840779497854275,-0.00432393284432564
ARS,1868-07-18,0.10016313164000001,9.33482,3.53754,28314.346025769322,0.012535095503098725,0.0013561732941296256
ARS,1869-07-24,0.10209415215999999,9.36691,3.58927,28444.266427435105,0.019297735809454375,0.008012985659289873
ARS,1870-07-30,0.10257809692,9.3622,3.64458,28145.38216200495,0.0037006535148877973,-0.007443027373667976
ARS,1871-08-05,0.10196176016000001,9.35654,3.69727,27577.58025786594,-0.0030786350728214673,-0.01402946010545425
ARS,1872-08-11,0.10384153624,9.36236,3.75387,27662.52860115028,0.01516170209193013,0.0040535929758516165
ARS,1873-08-17,0.10430883008,9.35697,3.80755,27395.26206615803,0.002571588296493177,-0.008476213715247094
ARS,1874-08-23,0.10573015648,10.09338,3.86561,27351.480485615466,0.0005976961392042401,-0.011211493287195284
ARS,1875-08-29,0.10896963688000001,10.12535,3.92461,27765.723697386493,0.025984104556479704,0.014881453537829659
ARS,1876-09-04,0.14561324856000002,9.30535,3.98957,36498.48193163674,0.18124842406784425,0.1658841273885241
ARS,1877-09-10,0.12170375204,9.04522,4.03266,30179.522211145995,-0.16210376101125512,-0.16876997494190582
ARS,1878-09-16,0.12208381796,9.02439,4.08513,29884.928499215446,-0.0015001753709029675,-0.010812444736868487
ARS,1879-09-22,0.12401179232,8.99854,4.13359,30000.990015942556,0.012381957793651255,0.003142848643655105
ARS,1880-09-28,0.12597630344,8.99374,4.18266,30118.705187607884,0.011967512748707776,0.002915032022395181
ARS,1881-10-04,0.12818471484,9.0122,4.22803,30317.83474573264,0.016053129747614747,0.008029925792569115
ARS,1882-10-10,0.12695462468,8.98841,4.26983,29732.945967403855,-0.07122469009197496,-0.07827219474822611
ARS,1883-10-16,0.13005315284,8.9425,4.32188,30091.80098475663,0.017759488120224987,0.008929410666220994
ARS,1884-10-22,0.12333745528,9.14927,4.36953,28226.70980174069,-0.05679889570092611,-0.06480461863180276
ARS,1885-10-28,0.11750601304000001,8.90024,4.41686,26603.97047676404,-0.0251593947534976,-0.03332828753912298
ARS,1886-11-03,0.12012015028,8.84982,4.46614,26895.742247220194,0.0193700586187302,0.011298988345278538
ARS,1887-11-09,0.12233710891999999,8.9231,4.51153,27116.545588747056,0.007188406928630098,-0.0006816974676242538
ARS,1888-11-15,0.1245308688,8.88111,4.55758,27323.901895304087,0.014142605553774779,0.006203151954955466
ARS,1889-11-21,0.12664483416,8.86193,4.60933,27475.75768278687,0.011831392415696307,0.003638094826924121
ARS,1890-11-27,0.12875658796,8.8529,4.65733,27646.00918552046,0.013430927150437144,0.005224904257885354
ARS,1891-12-03,0.1320340138,8.83724,4.71003,28032.520769506773,0.016761311239006815,0.008572463173187606
ARS,1892-12-09,0.13549343651999998,9.26032,4.76365,28443.197237412485,0.0002307077011605152,-0.008412837537345785
ARS,1893-12-15,0.13478312899999997,8.48286,4.80753,28035.837321867984,0.011987964083067126,0.004764641165696082
ARS,1894-12-21,0.13608922912000002,8.34363,4.85469,28032.527127375797,0.0005003530718894478,-0.006462316172181959
ARS,1895-12-27,0.16253081987999998,8.31087,4.8903,33235.347500153366,0.1951912526839168,0.18858122920761566
ARS,1897-01-02,0.16220803976,8.15906,4.92846,32912.520292342844,0.006854021571681246,0.00074952648366855
ARS,1898-01-08,0.16213028052,8.0905,4.97008,32621.261734217554,-0.0012309855452664609,-0.00712753230612595
ARS,1899-01-14,0.16672074484,8.17126,4.99778,33358.960346393804,0.018345532382447294,0.01422924590336172
ARS,1900-01-20,0.1685189168,8.11898,5.034919999999999,33470.028679700976,0.007523772111003746,0.0016682063766513267
ARS,1901-01-26,0.170697332,8.06905,5.07563,33630.76741212421,0.010055830321025416,0.00426881527038625
ARS,1902-02-01,0.20401440332,8.358,5.11276,39902.988468068135,0.17722930352875021,0.17056969403073086
ARS,1903-02-07,0.20981042472,8.34384,5.15912,40667.87062909954,0.02545524344969574,0.01887362550690641
ARS,1904-02-13,0.21811993372,8.34087,5.20241,41926.70968262786,0.03424627451933948,0.027559568271477985
ARS,1905-02-19,0.22190854972000001,8.34243,5.2437,42319.078078456056,0.014607621819791694,0.008319787413101798
ARS,1906-02-25,0.2577456414,8.28186,5.28848,48737.18750945451,0.02806974404692486,0.021898636685167894
ARS,1907-03-03,0.23073757303999998,8.32702,5.32853,43302.29407360004,-0.10635440204560054,-0.1115010030417668
ARS,1908-03-09,0.22057168119999998,8.67345,4.28351,51493.21028782471,-0.00830879314376276,0.17355415125758733
ARS,1909-03-15,0.256652461,8.76983,5.38947,47621.09465309205,0.17641972353146573,-0.06249245936488479
ARS,1910-03-21,0.25319352136,8.92853,5.44845,46470.74330497665,0.001525768933976046,-0.006956278442823649
ARS,1911-03-27,0.25970561032,8.84484,5.50598,47167.917486078775,0.01875233929705411,0.010607453756330765
D06,1896-11-21,0.16291083068,6.28453,5.58198,29185.133354114492,0,0
D06,1897-11-27,0.08924444308,9.27606,5.379740000000001,16588.988144408464,-0.44736769698054757,-0.4330830295939688
D06,1898-12-03,0.1562490046,10.22503,5.47447,28541.39388835814,0.2111445383754802,0.1948312204440794
D06,1899-12-09,0.1409099406,5.29827,5.19327,27133.18209913985,-0.1279327817200956,-0.08939730421394632
D06,1900-12-15,0.1355686982,5.29708,4.88248,27766.3601694221,-0.02552700011837372,0.01861267795128363
D06,1901-12-21,0.12321716472,5.85291,4.56291,27004.075188859744,-0.08830083431970515,-0.04034490732381524
D06,1902-12-27,0.06986918796,6.25594,4.24035,16477.22191800205,-0.3528137427078485,-0.3123346187365379
D06,1904-01-02,0.06542690647999999,8.08008,4.25571,15373.910929081165,-0.08529175808155731,-0.08781369222004742
D06,1905-01-08,0.08185564036000001,8.04489,4.2875,19091.694544606416,0.055549183968768734,0.04939441463375882
D06,1906-01-14,0.1126859214,5.92754,3.96028,28454.028856545498,0.07863009267641274,0.15423423049242002
D06,1907-01-20,0.10571254564,5.89657,3.56531,29650.309689760496,-0.09592645718645532,-0.024236868547640733
D06,1908-01-26,0.0977601768,5.79385,3.2265,30299.14049279405,-0.10851264259880267,-0.03625322915239049
D06,1909-02-01,0.09028214624,5.04906,2.89019,31237.44329611548,-0.05951544516980589,0.01797166635938119
D06,1910-02-07,0.08579432212,5.89545,2.6091,32882.72665670154,-0.037847958261767456,0.04153563842384278
D06,1911-02-13,0.07906172976,5.76374,2.35977,33503.99816931311,-0.05822315805477474,0.017593618655444176
LIB,1837-01-13,0.25274924324000003,6.72872,3.76649,67104.71639112277,0,0
LIB,1838-01-19,0.26347412104,6.75406,3.7664900000000006,69952.16263417664,0.023623664403639832,0.02444089468516286
LIB,1839-01-25,0.26479346868,6.77524,3.7763,70119.81799115536,0.00009045450159206325,-0.0019038778342210794
LIB,1840-01-31,0.25301219735999997,6.93676,3.7863700000000002,66821.83657698534,-0.03978155395672811,-0.04170033571260745
LIB,1841-02-06,0.28490078136,6.98937,3.79834,75006.65589704977,0.09352049457708089,0.09097081636570636
LIB,1842-02-12,0.28549870492,6.71324,3.8069,74995.06289106622,0.013143221150214712,0.011416532110371191
LIB,1843-02-18,0.36594272052,6.80381,3.81177,96003.358156447,0.2906283303166377,0.28947930150631396
LIB,1844-02-24,0.39711129588,6.64972,3.81731,104029.09270664421,0.0585058866451349,0.05728783029415507
LIB,1845-03-02,0.5331328808000001,5.94468,3.8126399999999996,139832.99781778507,0.32789471268851766,0.329311371491777
LIB,1846-03-08,0.522673229,5.87247,3.80273,137446.84187412728,-0.027458266942184895,-0.02569640818844754
LIB,1847-03-14,0.54636087896,5.09659,3.7939999999999996,144006.55744860307,0.017078821521521848,0.01880311992478001
LIB,1848-03-20,0.50429002104,5.5922,3.7799,133413.5879361888,-0.07056507066793571,-0.06789926897481002
LIB,1849-03-26,0.52114905284,5.63762,3.75926,138630.75521246204,0.04615916504733275,0.05027752033414257
LIB,1850-04-01,0.50602050252,4.41488,3.7212099999999997,135982.78584653916,0.009000306164694827,0.01693053050153792
LIB,1851-04-07,0.57863942292,4.38616,3.6708800000000004,157629.62094102777,0.10683199189029713,0.1178482751742036
LIB,1852-04-13,0.53214769244,6.07783,3.63558,146372.15862118287,-0.05236872482406907,-0.04521583415866104
LIB,1853-04-19,0.51961808964,6.11562,3.61042,143921.78462339562,-0.023106753283405834,-0.0178597385542415
LIB,1854-04-25,0.6227291480799999,6.14093,3.58247,173826.75865534114,0.1620407647565334,0.1687108408316189
LIB,1855-05-01,0.5846419914400001,7.8828,3.57336,163611.2766248013,-0.05387311353210689,-0.051982039167368765
LIB,1856-05-07,0.60027919952,8.52903,3.5801500000000006,167668.72882979762,-0.02395801686308896,-0.025271812270504013
LIB,1857-05-13,0.54715066068,8.68135,3.5891100000000002,152447.4481640295,-0.02942496187186694,-0.031383762545664995
LIB,1858-05-19,0.5901801406799999,8.79617,3.5985299999999993,164005.89704129187,0.013454129892716882,0.011501923820365523
LIB,1859-05-25,0.65812227,8.89494,3.62013,181795.2034871676,0.09239136057254638,0.08730397781318366
LIB,1860-05-31,0.63969712716,9.04493,3.62106,176660.18435485743,0.013128810540838476,0.01281528795142961
LIB,1861-06-06,0.63999714636,9.00807,3.60041,177756.74058232256,0.007139494393922252,0.011685898758142077
LIB,1862-06-12,0.59907584828,9.30149,3.57588,167532.4251037507,-0.006419075703589794,-0.0011120093829845024
LIB,1863-06-18,0.54973043216,9.42625,3.55711,154544.11928784882,-0.031228753345225013,-0.028016314616341353
LIB,1864-06-24,0.60650234892,9.50956,3.5421200000000006,171225.80514494143,0.09894001331476976,0.10310518781946709
LIB,1865-06-30,0.61764916668,9.60127,3.53436,174755.58988897566,0.019994481944443976,0.021051471679866207
LIB,1866-07-06,0.58277996452,9.6319,3.51774,165668.85685695932,-0.052900025184544175,-0.0490730917474409
LIB,1867-07-12,0.58140244552,9.71945,3.5540700000000003,163587.78682468267,-0.0074753470549421275,-0.015280818470614466
LIB,1868-07-18,0.62099259924,9.85681,3.59506,172734.97500458962,0.03057955816615454,0.021656977809118017
LIB,1869-07-24,0.64553227648,9.89322,3.63702,177489.33920627326,0.04866997499723458,0.03947333242398088
LIB,1870-07-30,0.59091963944,9.65077,3.6787799999999997,160629.2410636135,-0.0931040751839396,-0.10082287268615198
LIB,1871-08-05,0.6871497412,9.68154,3.7210200000000007,184667.03785521173,0.06100913011027154,0.05189103350680213
LIB,1872-08-11,0.65772204264,10.05053,3.76598,174648.31003882125,-0.043601257449286224,-0.05227796750262492
LIB,1873-08-17,0.6082261208399999,9.82675,3.8117100000000006,159567.78475802197,-0.07390352801225719,-0.08230988498953673
LIB,1874-08-23,0.70158572224,9.99825,3.85623,181935.65275930119,0.12655902204156044,0.11669028031234818
LIB,1875-08-29,0.6951437064,10.07244,3.89978,178252.03124278807,-0.0424359744624091,-0.05034908731190513
LIB,1876-09-04,0.693652505,10.18431,3.94259,175938.2804197241,-0.017947301460943033,-0.026095661087299105
LIB,1877-09-10,0.70878755532,10.30763,3.9870999999999994,177770.1977176394,0.028778345400092498,0.020091173422599695
LIB,1878-09-16,0.66191259732,10.44758,4.03398,164084.25359570447,-0.029578978046600923,-0.03796805176952145
LIB,1879-09-22,0.6804970172,10.51681,4.07647,166932.91431066586,0.06447422226571131,0.05608200829138066
LIB,1880-09-28,0.79203222436,11.13503,4.12506,192005.01916578182,0.1311542327300519,0.1209987258122962
LIB,1881-10-04,0.78161177796,10.63921,4.1761,187163.08947582674,-0.018861915754259995,-0.027918942128298374
LIB,1882-10-10,0.9211078266,9.99313,4.22361,218085.43558709256,0.1034429414021043,0.0942694747052919
LIB,1883-10-16,1.48348028764,10.99146,4.27468,347038.90996285103,0.4346810434591011,0.42196293658895967
LIB,1884-10-22,1.41925727788,12.0444,4.34129,326920.6337010428,-0.050179843956034476,-0.06128700512440943
LIB,1885-10-28,1.5577234712,12.57362,4.41493,352830.84243691294,0.07334699252721988,0.0597509316142093
LIB,1886-11-03,1.345081322,13.27974,4.49337,299347.9998308619,-0.12110563002175312,-0.13273450512963525
LIB,1887-11-09,1.55510994756,13.26316,4.57094,340216.6616844675,0.08278327964430088,0.06881194199738538
LIB,1888-11-15,1.50569483064,13.09155,4.6503,323784.4506031869,-0.05271382879925901,-0.06490792916117416
LIB,1889-11-21,1.83573587756,13.6858,4.73129,387999.0187792335,0.2120429283714318,0.19631796528799694
LIB,1890-11-27,1.70285389404,14.04491,4.81056,353982.4664987029,-0.004006619383694954,-0.016490560033870616
LIB,1891-12-03,1.84717937404,14.34861,4.89339,377484.601480773,0.055927805902900474,0.04250214820562692
LIB,1892-12-09,1.78376328,14.54469,4.98083,358125.70997203275,0.011842888317725508,-0.0016202943795657898
LIB,1893-12-15,1.89750237768,14.07347,5.06984,374272.6353652186,0.014504023232308372,0.0010078177585268744
LIB,1894-12-21,1.96489891988,15.06799,5.16267,380597.427276971,0.028674119336143944,0.01487329026950257
LIB,1895-12-27,1.9459980888400001,15.54466,5.25566,370267.1194179228,0.011400097281009991,-0.002158917671003735
LIB,1897-01-02,2.09038046464,15.5735,5.34958,390755.9966651588,0.03609688672243205,0.022313568219480384
LIB,1898-01-08,2.29245996408,14.1358,5.4418,421268.6912565695,0.05953925671652849,0.04584457562093669
LIB,1899-01-14,2.3234289104,14.36389,5.5226,420712.8726324557,0.014449027374311418,0.003142185440162537
LIB,1900-01-20,2.48718368912,14.48639,5.60583,443678.04395067284,0.07313018441308783,0.06118031254624823
LIB,1901-01-26,2.4484877960399998,14.14076,5.68899,430390.5958772998,0.014079121224600977,0.0028090411162826623
LIB,1902-02-01,2.24220126624,12.48884,5.75941,389310.9305015618,-0.09187570978957083,-0.10036514598946955
LIB,1903-02-07,1.9928801952800002,11.35831,5.79951,343629.0644002683,-0.0671764603506887,-0.0717806458251582
LIB,1904-02-13,2.5324609606400004,14.37468,5.86045,432127.38964413997,0.27149240446263523,0.26143548263583427
LIB,1905-02-19,2.66326619832,15.05881,5.95528,447210.91171531816,0.041218644042212205,0.02857733886098557
LIB,1906-02-25,2.8263913485599996,15.98573,6.06594,465944.4947625594,0.05134443666180055,0.036964049061137816
LIB,1907-03-03,2.7691489030399996,15.8254,6.17981,448096.1231882533,0.004017585361282716,-0.010123392685276511
LIB,1908-03-09,2.8746595992399997,15.73434,6.29642,456554.61345335917,0.04059780166061877,0.02604355968979921
LIB,1909-03-15,3.0685994580799996,15.96895,6.41574,478292.3650397303,0.030790982756125462,0.016298682080344795
LIB,1910-03-21,2.9919469996,16.28137,6.53747,457661.297046105,-0.041359876670343576,-0.05501498821736406
LIB,1911-03-27,3.00777867676,16.65698,6.665,451279.62141935487,-0.013176861809196083,-0.027415993046560394
PON,1837-01-13,0.12908693408,8.01908,1.1497235951054006,112276.49378472223,0,0
PON,1838-01-26,0.11486940088,8.23442,1.152,99713.02159722224,-0.015115196641154016,-0.015484918871811582
PON,1839-01-25,0.1298890034,8.25205,1.152,112750.87100694445,0.12723620170839856,0.12445632625695757
PON,1840-02-07,0.1282329516,8.39331,1.152,111313.32604166667,-0.004940964243761892,-0.004241672985873968
PON,1841-02-20,0.1152221408,8.64544,1.1135251527464962,103475.11281250001,-0.031554311570707316,-0.02712464974214379
PON,1842-02-12,0.1247349584,8.07272,1.152,108276.87361111112,0.09401575105271376,0.09406352254340744
PON,1843-02-18,0.12829640979999998,7.91992,1.152,111368.41128472223,0.02203841852351318,0.021697789490813912
PON,1844-03-03,0.1254312332,7.92924,1.152,108881.27881944446,0.012235560111256927,0.012387442080441513
PON,1845-03-02,0.13110066112000002,7.98782,1.152,113802.65722222223,0.004863542809248278,0.004030459181695978
PON,1846-03-15,0.12000951092,7.96996,1.152,104174.92267361112,-0.030544531811573128,-0.03018628538251944
PON,1847-03-28,0.11944431356,6.46523,1.152,103684.29996527778,-0.05614242257585167,-0.05489943879361947
PON,1848-03-20,0.136835036,7.33021,1.152,118780.41319444445,0.039595653767533934,0.04101227688700426
PON,1849-03-26,0.13506257388,7.65456,1.152,117241.81760416669,0.01613917691386324,0.016739074313594005
PON,1850-04-08,0.13749071752,7.75943,1.152,119349.58118055557,-0.002200281475008503,-0.002144163698224788
PON,1851-04-07,0.11787459944,7.56643,1.152,102321.7009027778,-0.06285025761368768,-0.07448774267627334
PON,1852-04-20,0.15128288084,7.59892,1.210719107119487,124952.91430555556,0.08319837431355026,0.07866183443981756
PON,1853-05-03,0.15658427979999998,7.86606,1.152,135923.85399305556,0.038663791283021665,0.038575099120959244
PON,1854-04-25,0.10623843204,9.21945,1.152,92220.86114583335,-0.0524584547408935,-0.0521571273710294
PON,1855-05-01,0.11373309844,7.73553,1.152,98726.64795138889,0.03939510240778654,0.0283679216293089
PON,1856-05-14,0.14660699092,8.29448,1.1712658831687435,125169.69291666668,0.23373322515657624,0.22750803630956717
PON,1857-05-13,0.18074955444000002,9.42222,1.152,156900.65489583334,0.24340745208932302,0.2628308793665808
PON,1858-05-26,0.1685288124,9.71921,1.152,146292.371875,-0.07159300509581223,-0.06544371750629141
PON,1859-06-08,0.15342728700000002,8.31634,1.152,133183.4088541667,-0.06083519961101702,-0.07114612929882858
PON,1860-05-31,0.1122457024,6.06059,1.152,97435.50555555556,-0.24357351081547352,-0.24318035227841306
PON,1861-06-06,0.09290363316,6.92066,1.152,80645.51489583333,-0.09846248082342668,-0.0794842423647959
PON,1862-06-19,0.15007471960000002,7.45109,1.152,130273.19409722224,0.1437283053652294,0.14440878412140434
PON,1863-06-18,0.16280308095999999,7.05902,1.1505807868712312,141496.43625,0.06727602520034481,0.06270907223097555
PON,1864-07-01,0.15052221288,7.6178,1.152,130661.64312500002,0.027139266923027483,0.04084672172175963
PON,1865-07-14,0.16798902223999998,7.79704,1.152,145823.80402777778,0.0377161477389214,0.029066533051660626
PON,1866-07-06,0.15571578516,7.91651,1.152,135169.95239583333,-0.05745470732564972,-0.05708715557273902
PON,1867-07-12,0.12710187932,8.07929,1.222681225741329,103953.40718750001,-0.2813192722451806,-0.2735704588554967
PON,1868-07-25,0.19412178864000001,8.29846,1.152,168508.49708333335,0.3836723367848467,0.3866653235527495
PON,1869-07-24,0.2362664538,8.03155,1.152,205092.4078125,0.11558698644520615,0.09402105757622614
GBR,1850-07-29,45.254908155079995,10.89622,290.99196,155519.44512515052,0.04559230570757422,0.036876537957093
GBR,1851-08-11,47.07901037216,10.95531,297.618830803274,158185.59008881805,0.04428269276157848,0.027425718502191998
GBR,1852-08-10,51.47616265844,11.08419,295.36901,174277.46620554404,0.07938527007511742,0.080943216584616
GBR,1853-08-23,50.736541700000004,11.02011,295.36901,171773.4087946464,-0.023951749873641015,-0.023124664807822715
GBR,1854-09-05,51.65341425348,10.93446,328.19248,157387.56187673772,0.013697483172694369,-0.0894118910644186
GBR,1855-08-28,52.226547478040004,10.95216,333.33937,156676.80501718115,-0.00040096119330768065,-0.00956852449480916
GBR,1856-09-03,53.99004967876,10.8437,338.42367,159533.90517501332,0.030801091451461815,0.01646561161656801
GBR,1857-09-16,57.90676474128,10.95095,341.85238,169391.14111558913,0.05780777552214578,0.04799820724160009
GBR,1858-09-15,62.43276136396,11.06353,343.94229,181521.03762512017,0.06933871172355177,0.06194102978550453
GBR,1859-09-28,66.87340942360001,11.25946,349.96643,191085.21186903556,0.05997638954277784,0.048361322742791035
GBR,1860-10-11,49.469028485760006,12.36351,355.8443,139018.7463611473,-0.07798934031551286,-0.08104967966630605
GBR,1861-10-03,58.50873082236,12.35096,361.76558,161731.06026936008,0.10963924015279414,0.09704984488300727
GBR,1862-10-09,71.71356984792,12.0804,370.0494005562182,193794.58456121784,0.14946304766562024,0.13087088695516558
GBR,1863-10-22,72.86330102011999,12.23162,342.02649,213034.08697998797,0.012558587287941902,0.09367012541319952
GBR,1864-10-21,76.46627049204,12.37787,342.2962947411813,223392.04854629826,0.041687693910458457,0.04291083480221003
GBR,1865-11-03,81.71950689344,12.44604,342.02649,238927.42019321365,0.05101486619370221,0.048103183925851445
GBR,1866-11-16,86.26075513432001,12.45075,347.55156138661664,248195.5620920473,0.024569478225131558,0.0242370237374947
GBR,1867-11-08,90.27305158404,12.57124,342.02649,263935.84772933816,0.03977667925862072,0.040141916564620184
GBR,1868-11-14,93.4895213356,12.71431,363.98683825518196,256848.6316256767,0.023833863558452295,-0.008693202928890087
GBR,1869-11-27,98.94949168571999,12.72168,369.67802000000006,267663.984149558,0.03983672934482407,0.026064377382142956
GBR,1870-11-26,103.85335319684,12.98148,369.67801999999995,280929.20752183214,0.04213178052562183,0.04064457265176924
GBR,1871-12-09,91.8660473458,13.23517,377.67444,243241.36773936832,-0.07292564973876914,-0.06232989565610292
GBR,1872-12-22,111.4315476014,13.29298,387.9915946203556,287200.9320470827,0.06130476257478268,0.05811321906717182
GBR,1873-12-14,116.28015690356,13.40287,377.67444,307884.6344580798,0.03460132695401463,0.03514231027873471
GBR,1874-12-20,122.55572023552,13.61893,386.98103,316696.97151697596,0.04119264892069463,0.01661882762508471
GBR,1876-01-02,127.926194656,13.70346,386.98103,330574.8466688406,0.021292461911671,0.020820092407479507
GBR,1877-01-01,125.73864512664001,13.61397,386.98103,324921.98681325547,0.007444389416306985,0.01171845604650712
GBR,1878-01-14,133.28895248032,13.62849,386.98103,344432.7813182988,0.041026513077248916,0.045575196292490405
GBR,1879-01-27,141.87425614076,13.61708,386.98103,366618.11598558206,0.04496382350548256,0.045625917441259434
GBR,1880-01-19,149.71499329696,13.52724,386.98103,386879.41188476345,0.049253646213963664,0.04841769557765141
GBR,1881-01-25,153.50956503532,13.5832,386.98103,396684.98746649164,0.039647606733258955,0.03907433148877271
GBR,1882-02-07,156.13981382428,13.7736,386.98103,403481.8291332782,0.024025220348175225,0.023971740590310153
GBR,1883-02-06,167.34574969476,14.18393,386.98103,432439.155208099,0.05864958840641932,0.05612326998563533
GBR,1884-02-19,145.0960627558,14.41375,386.3232756864566,375581.9850563735,-0.022236085273798167,-0.012704619257821514
GBR,1885-03-04,158.46447405932,14.45508,386.98103,409488.9975855406,0.08042906161209395,0.060960565807207656
GBR,1886-02-24,168.15072023308,14.16535,479.9227599999999,350370.38091937965,0.03192950112251136,0.0010738658002571455
GBR,1887-03-02,166.92123739252,14.16348,485.65185,343705.55242921447,-0.004923629728428414,-0.013638149434509361
GBR,1888-03-15,169.77454938600002,14.26498,494.924013349016,343031.5458673785,0.004754084287331484,-0.0042143752254852895
GBR,1889-03-14,177.68299305484,14.47457,496.95130000000006,357546.08762436075,0.04110724931482568,0.03371368239106154
GBR,1890-03-27,180.07702931452,14.39206,502.19262999999995,358581.5851469585,0.009379091914071935,-0.0003809711996717313
GBR,1891-04-09,189.92820543944,14.39517,508.4664,373531.47708371683,0.029046322046397233,0.018524759904515076
GBR,1892-04-01,199.627356188,14.44536,513.33685,388881.79601367016,0.014791174805723895,0.005674355650095997
GBR,1893-04-07,210.74674556104,14.36158,520.41553,404958.6021405626,0.027668006808597045,0.015864185218324556
GBR,1894-04-20,214.23498047952,14.47875,529.57576,404540.76009732776,0.01599116043570814,0.0033304109536094195
GBR,1895-04-19,224.63293835476,14.82335,518.9778594976584,432837.22849408665,0.04514735536917458,0.06392287436285549
GBR,1896-05-02,230.44251004372,14.94197,527.41841,436925.41950463963,0.029437354815165184,0.024434243919332577
GBR,1897-05-15,243.74831033644,15.18862,522.23974,466736.4270984816,0.04332743743266576,0.04109357719108231
GBR,1898-05-07,243.89334414328,15.4871,530.87305,459419.3360225764,0.005373200073660822,-0.009429185118556949
GBR,1899-05-13,245.20142690992,15.38155,544.4525807406034,450363.23746758525,-0.005626644868072406,-0.0462116929104982
GBR,1900-05-26,245.14205098344001,15.53414,564.59122,434193.8774454197,0.006595599006969266,-0.007920148540128569
GBR,1901-05-25,250.12788258327998,16.09832,575.51406,434616.4585158528,0.024636450469607496,0.01104724458565709
GBR,1902-06-07,249.52115372080002,16.30239,586.0361,425777.78693292104,-0.016996468169214296,-0.032753499777086414
GBR,1903-06-20,256.3710143748,16.44294,573.5758162402639,446969.7067343044,0.021129653151426453,0.01655484049362732
GBR,1904-06-12,285.65905051112003,16.6838,586.97651,486661.80953496764,0.05752188097313993,0.03478189094393169
GBR,1905-06-18,297.13309100124,16.11052,586.97651,506209.5091356212,0.026576447161333894,0.02516180716225125
GBR,1906-07-01,318.4530736114,15.45214,695.65264,457775.9866064765,0.05642379306736123,-0.10532184547635148
GBR,1907-06-30,320.239990837,15.25725,698.58605,458411.6600052349,-0.0037364642587288666,-0.004532784028405623
GBR,1908-07-13,321.95584853172,15.42872,704.89686,456741.78280737414,0.02906994815443298,0.02202338938371673
GBR,1909-07-26,336.4518110928,15.57783,717.30589,469049.27978884993,0.04277401366545153,0.025145559330757017
GBR,1910-07-18,319.99427931328,16.15989,654.6145,488828.58432448405,-0.040615636465583416,0.06598505176752267
RSM,1910-05-30,0.06904238795999999,8.7531,5.5915,12347.739955289277,0,0
RSM,1911-06-05,0.11348214436000001,9.83359,5.65871,20054.419533780667,0.4983392130749633,0.48408879058227083
COS,1837-02-10,0.0231753626,4.4508,0.74718,31017.107791964456,0,0
COS,1838-02-16,0.02315320488,5.44355,0.6701699999999999,34548.256233493,-0.042692117534395946,0.041969344111739026
COS,1839-02-22,0.0195663884,5.69681,0.60819,32171.50627271083,-0.14256303166930817,-0.07576019162926972
COS,1840-02-28,0.01674079836,5.79674,0.54792,30553.36246167324,-0.09051393714142841,-0.02008610223235552
COS,1841-03-06,0.01533843116,5.90374,0.49982,30687.909967588334,-0.06355640212179259,0.005746453936601226
COS,1842-03-12,0.01376245052,5.98671,0.45761,30074.628002010446,-0.07859852413294588,-0.013150374946285681
COS,1843-03-18,0.012226257159999998,6.85864,0.41698,29320.967816202214,-0.10815132214662548,-0.04576352700565467
COS,1844-03-24,0.011106369559999999,6.99491,0.3856,28802.825622406635,-0.06463917587705326,-0.006010635486126681
COS,1845-03-30,0.007202157559999999,7.35868,0.35703,20172.415651345822,-0.3351363409076332,-0.2952704360660292
COS,1846-04-05,0.00999323416,8.58542,0.34908,28627.34662541538,0.30761048881172814,0.3280067166150016
COS,1847-04-11,0.00979755192,8.0404,0.35717,27431.06061539323,-0.056037091084613744,-0.07246457653758354
COS,1848-04-17,0.01378801372,7.6644,0.36691,37578.735166662125,0.3724076041323545,0.34494721736133127
COS,1849-04-23,0.019695769079999998,7.29585,0.37444,52600.601110992415,0.29696414870075416,0.2776041090815078
COS,1850-04-29,0.01954966156,7.96323,0.38275,51076.84274330503,-0.007073357972356309,-0.023958589473370817
COS,1851-05-05,0.0198765398,8.05401,0.39028,50928.922312186114,0.01783005534678961,0.0033720377598078777
COS,1852-05-11,0.02108630992,8.54913,0.39806,52972.69235793599,0.02820834895383295,0.01246820744159316
COS,1853-05-17,0.02029891396,8.01354,0.40542,50068.85195599625,-0.03133315871363562,-0.044739140656893994
COS,1854-05-23,0.02044174704,7.97181,0.41228,49582.194236926356,0.013591424419417075,0.0010268858742645826
COS,1855-05-29,0.020401332640000002,7.99374,0.41894,48697.50475008355,-0.00227685175155945,-0.014735573165009175
COS,1856-06-04,0.02050058972,8.04065,0.42633,48086.20017357446,0.004430278967285428,-0.008380162784281997
COS,1857-06-10,0.020198741160000002,8.08421,0.48980000000000007,41238.75287872601,-0.10341779360131975,-0.1362629791872606
COS,1858-06-16,0.02646927088,9.29925,0.74764,35403.76502059815,0.2239351336025679,-0.12914157546633542
COS,1859-06-22,0.02600272636,9.1712,0.75396,34488.204095707995,-0.025548961688104388,-0.03186136743764156
COS,1860-06-28,0.02679368432,8.58674,0.7601200000000001,35249.28211335052,-0.07194460329973384,-0.07735197463440946
COS,1861-07-04,0.0268219354,8.59151,0.76901,34878.52615700706,0.0016327321190623412,-0.007409558419027684
COS,1862-07-10,0.026847693080000002,8.74201,0.77851,34485.996429076054,-0.0015565729720612431,-0.010695136157228058
COS,1863-07-16,0.02516681336,9.01503,0.78906,31894.676399766813,-0.053231813289658536,-0.06265820498379993
COS,1864-07-22,0.02676454248,8.66486,0.79979,33464.46252141187,0.014914014088835525,0.004317227691558401
COS,1865-07-28,0.02699118032,8.57707,0.8097100000000002,33334.37937039186,0.056262797612020465,0.04665807341362549
COS,1866-08-03,0.02768906972,9.00798,0.8205599999999998,33744.11343472751,0.022988126750471682,0.012811894858729023
COS,1867-08-09,0.02839011552,9.24604,0.83213,34117.404155600685,0.022877809783554914,0.012231028060958549
COS,1868-08-15,0.02970499168,8.76807,0.8432399999999999,35227.208955931885,-0.19032384440493832,-0.19836136974092333
COS,1869-08-21,0.03045402412,9.18831,0.8534100000000001,35685.103432113516,0.038633926249000305,0.029142982467345036
COS,1870-08-27,0.03144052964,9.19281,0.86076,36526.47618383754,0.1919876963903573,0.18476420455395104
COS,1871-09-02,0.030228034199999997,8.03874,0.86952,34764.04706044714,-0.04285027914464323,-0.050100538019663965
COS,1872-09-08,0.0349707436,11.20196,0.87968,39753.93734085122,0.12627392167161955,0.11653281083414768
COS,1873-09-14,0.07603119732000001,9.57469,0.88976,85451.35465743572,0.5186429117754683,0.5076800040639464
COS,1874-09-20,0.0765460488,9.6198,0.90082,84973.74481028397,0.01919977324105293,0.009549917844819289
COS,1875-09-26,0.07114019796,7.52699,0.90698,78436.34695362633,0.06962324951711785,0.06456513908245576
COS,1876-10-02,0.1674008518,9.34452,0.9138,183192.002407529,1.1290109236623214,1.116965486801254
COS,1877-10-08,0.16115792212,10.08183,0.9266900000000001,173907.04779376058,0.09849977691542011,0.08601193491265424
COS,1878-10-14,0.17655702168,10.89383,0.94101,187625.02171071508,0.3558130849437178,0.33983471798585496
COS,1879-10-20,0.25627531591999997,11.93953,1.27136,201575.72671784545,0.22516209652424157,-0.03250688659192824
COS,1880-10-26,0.38137575112,13.30318,1.66273,229367.21603627768,0.2919076946364598,0.04611490243899152
COS,1881-11-01,0.24816189788,11.73202,2.0555,120730.67277061543,0.28761423343789394,0.09360974996841298
COS,1882-11-07,0.5558966634,11.82327,2.27802,244026.24357995097,1.0535779739001283,0.9282425923194273
COS,1883-11-13,0.9568173628,13.38798,2.72675,350900.2889153754,0.5575968889792597,0.3615470506024556
COS,1884-11-19,0.97217292692,13.59477,3.15794,307850.3476696834,0.0686500541665267,-0.04158662778187994
COS,1885-11-25,1.07532968712,13.4043,3.35915,320119.57998898526,0.034107053293513045,-0.010673703239830634
COS,1886-12-01,0.97715395544,12.36583,3.4839799999999994,280470.5984075684,-0.04595072723325744,-0.0734101405178349
COS,1887-12-07,1.09034109912,12.77711,3.63585,299886.1611782664,0.041571221485673826,0.005996589201851865
COS,1888-12-13,0.95225585676,12.23366,3.87995,245429.929963015,-0.09279111537140838,-0.13701337921294
COS,1889-12-19,1.09275960092,12.04262,4.27255,255762.8584615745,0.04226664591483442,-0.03341105701333591
COS,1890-12-25,1.1562321825600002,11.56077,4.61288,250652.99391269666,-0.07230953342491808,-0.1247081628711334
COS,1891-12-31,1.4543204707200001,13.3032,4.98871,291522.3516139443,0.1352867521713892,0.06877390184377785
COS,1893-01-06,1.56512833672,13.74857,5.36623,291662.552056099,0.06557605691287938,0.01390585823632895
COS,1894-01-12,1.6679847106,13.47686,5.94602,280521.20756405126,0.07596041549588994,-0.005980290706182445
COS,1895-01-18,2.08956744412,13.58104,6.49663,321638.6717605897,0.1606704740916356,0.0867521248205465
COS,1896-01-24,2.2819689074,13.48745,7.10709,321083.4402547315,0.0522864968806378,-0.01682535584953404
COS,1897-01-30,2.443690535,11.68337,7.67969,318201.7158244669,0.144112134303662,0.07748278916909035
COS,1898-02-05,2.52224317852,11.79483,8.15229,309390.7575073998,0.016053897266437023,-0.02713292164692671
COS,1899-02-11,2.8031719861599997,12.07621,8.63237,324727.96997348353,0.11683727511928521,0.06833782895349505
COS,1900-02-17,3.07324483856,12.46038,8.81975,348450.3345967856,0.055215377575751345,0.03884224706312556
COS,1901-02-23,3.6825199954400003,13.03583,9.19271,400591.3376403694,0.1729423521749942,0.1353345718100043
COS,1902-03-01,3.28707372604,13.74251,9.60416,342255.2025413987,-0.1085939907595479,-0.13529995290509322
COS,1903-03-07,3.42201706184,14.19089,9.95817,343639.1487431928,0.0276147573962926,0.0009285495587370018
COS,1904-03-13,3.4117037135999997,15.05153,10.26619,332324.23261209857,0.019220195288633946,-0.003956635655387619
COS,1905-03-19,3.77527379892,15.53662,10.73045,351828.0965774968,0.08055230369386779,0.04322454863122216
COS,1906-03-25,3.30207932808,14.82291,12.67074,260606.66765161307,-0.023062351927692792,-0.15874307257001274
COS,1907-03-31,3.4046389078000003,13.82002,13.03735,261145.01089561914,0.05563784114221626,0.03417467974372945
COS,1908-04-06,3.5975832230000004,13.73634,13.222450000000002,272081.43899201736,0.05432147770146356,0.042991002023709646
COS,1909-04-12,3.9399765984800004,13.91537,13.414779999999999,293704.1530669903,0.08569275051459813,0.0739999558063722
COS,1910-04-18,4.25838637536,13.6274,13.653810000000002,311882.6448705526,0.06014169675405179,0.04739692370972737
COS,1911-04-24,4.5483058530000005,13.60214,14.00537,324754.4229820419,0.029353313883952126,0.011079344062545404
AST,1862-07-10,2.01421064104,14.24632,5.65942,355904.07515964535,-0.030470267017353003,-0.035182803475268365
AST,1863-07-23,1.7786272623600001,14.91039,5.65942,314277.30445169297,-0.0641642181247678,-0.06928907726481615
AST,1864-07-22,1.95568793576,14.87057,5.65942,345563.3149262645,0.06029691606561749,0.05322821503454067
AST,1865-08-04,2.2221458298,14.9753,5.65942,392645.5060412551,0.10330408990468531,0.10735472426415127
AST,1866-08-17,2.2640802022799997,15.07404,7.047059999999999,321280.10862402193,0.004983728983778191,-0.19693034795276498
AST,1867-08-09,2.50553532528,14.68408,7.04706,355543.35074201156,0.08785194558505505,0.08510710267953447
AST,1868-08-15,2.34827324212,13.92008,7.04706,333227.36603917094,-0.005264277643756365,-0.008022742093857782
AST,1869-08-28,2.2292649730000003,14.04069,7.047060000000001,316339.71798168315,-0.04189049657616806,-0.04007326157674851
AST,1870-08-27,2.2907500824,13.77555,7.179840587102114,319053.056207837,-0.011825897635748817,-0.013953598419624291
AST,1871-09-09,5.0037275756,13.93283,8.25871,605872.7786300766,0.9144224728406605,1.0289531591143333
AST,1872-09-22,5.39374289636,13.99413,8.25871,653097.5051018862,0.052944447586347865,0.05332080158227437
AST,1873-09-14,5.52963404292,14.04884,18.47638,299281.24680916936,0.02389907953007131,-0.5422412970530563
AST,1874-09-20,6.16685749732,14.08172,18.704539967884674,329698.43192660034,0.09731939935660594,0.09483204906093201
AST,1875-10-03,6.74839172384,14.19779,21.36203,315905.9192333313,0.03922986673354423,-0.10117239208585338
AST,1876-10-02,7.349424111639999,14.62633,22.10619,332460.0083343172,0.0757211239722615,0.036900624638786406
AST,1877-10-15,7.02575281408,15.02158,22.10619,317818.34925330867,-0.05789085104017466,-0.06095629694956006
AST,1878-10-28,7.51304982896,14.98277,24.634945344495613,304975.29927090753,0.022343848987268933,-0.01624825651211481
AST,1879-10-20,8.184585604519999,15.07352,24.64126,332149.638635362,0.08866347499850114,0.04977104916889519
AST,1880-10-26,8.78646783924,15.05373,26.813259999999996,327691.14383107465,0.06680293188234776,-0.020579221328041686
AST,1881-11-08,9.34231408136,15.14824,27.33502,341770.88882173854,0.03417640957375867,0.018302444805568863
AST,1882-11-07,9.18076699748,15.14391,27.85941,329539.17536229227,-0.01387890398165037,-0.022537497540446316
AST,1883-11-20,9.3307961734,15.79832,28.174549999999996,331178.1793640005,0.009983471733874705,0.0033107343386311605
AST,1884-12-03,10.37548135104,15.97317,28.63835,362293.2658843823,0.08476137758453506,0.08116128396882383
AST,1885-11-25,10.69184488996,15.92416,29.53821,361966.58125052263,0.00996307657692519,-0.0221156222494574
AST,1886-12-01,11.8330624802,15.98426,30.19338,391909.1695000692,0.05169396492160261,0.043802766975550966
AST,1887-12-14,12.64982815304,16.09263,31.501579999999997,401561.70430308575,0.04574128227782781,0.006288160917359953
AST,1888-12-13,13.1921958922,16.45627,32.98207,399980.8348050926,0.003202723223282078,-0.02676773786299924
AST,1889-12-26,11.53360837408,16.24,30.249061813886808,381288.1353161547,-0.14312824894794418,-0.05634251761363951
AST,1891-01-08,13.5803500222,16.55789,34.19707,397120.2802520801,0.15335456378732948,0.0174227038360677
AST,1891-12-31,14.59472963728,16.97749,35.26362,413874.96908371855,0.03648540723016014,0.005942934403927458
AST,1893-01-06,16.35877160112,17.05394,36.49406,448258.47277940577,0.05011558027645768,0.012173197960834603
AST,1894-01-19,17.0109175236,17.60173,36.58248667479636,465001.67347343656,0.038369459828603736,0.03943586636512486
AST,1895-01-18,17.29672789624,17.46874,36.49406,473960.08819627087,0.018035305255670098,0.018153094498760236
AST,1896-01-31,18.427541620280003,17.48943,40.95884,449903.89425774757,0.030843572664704944,-0.023722959346970218
AST,1897-02-13,19.01734733808,17.21477,42.15487,451130.49424846994,0.02118801835462958,-0.002827093772868605
AST,1898-02-05,20.511968874279997,17.2508,43.13434,475536.8663176485,0.04886748801407759,0.025080530332907136
AST,1899-02-11,21.16350432976,17.29674,44.80396,472357.89715373376,0.03024921683086279,0.0035474036934486364
AST,1900-02-24,22.60440695292,17.5887,45.71387,494475.89873532916,0.057331384653749096,0.04369162891820655
AST,1901-02-23,23.49315260292,18.01383,47.089429852108935,498905.01279594155,0.03565990017598475,0.005237925285813239
AST,1902-03-08,26.09109047948,18.31982,49.12218,531146.8358993839,0.09127964049216142,0.0684629001892969
FTJ,1837-01-13,0.14754993968000002,6.56411,4.24005,34799.103708682684,0.5309934819781921,0.5231807987217285
FTJ,1838-01-19,0.09647372280000001,9.49025,4.27712,22555.767151728265,-0.2967005012598838,-0.3011188775081721
FTJ,1839-01-25,0.09712019512,9.50451,4.34946,22329.253544118124,0.0012566580898247803,-0.010907380733850114
FTJ,1840-01-31,0.09855162616,9.4239,4.41748,22309.467424866663,0.009548993067600486,-0.0024519857485838514
FTJ,1841-02-06,0.10023050648,9.3402,4.487,22337.977820369957,0.01179577359680195,0.00015541375255301304
FTJ,1842-02-12,0.10729762732,7.7609,4.53256,23672.63253437351,0.3091758490527612,0.2990127131206881
FTJ,1843-02-18,0.10412588472,9.21194,4.59095,22680.683675492,-0.01965392721573267,-0.029445604321985508
FTJ,1844-02-24,0.12420554691999999,6.7616,4.63735,26783.73358060099,0.20326724825341436,0.19378928906824688
FTJ,1845-03-02,0.10825074468,9.05754,4.69029,23079.755128147728,0.030389002929609665,0.02101733973130715
FTJ,1846-03-08,0.11110355464,8.26614,4.71831,23547.319832736724,-0.16422583756938447,-0.16732740909796817
FTJ,1847-03-14,0.11194470456,7.42827,4.75282,23553.32298719497,-0.0013788596585850854,-0.0067752422130940015
FTJ,1848-03-20,0.11272222468,7.38424,4.77483,23607.58910369584,0.006945868988556203,0.0033952864558950413
FTJ,1849-03-26,0.11252055152,7.35262,4.79593,23461.675112022065,0.002361310200052591,-0.0010350971963825062
FTJ,1850-04-01,0.14556884211999999,7.29087,4.81613,30225.272598538657,0.17607318128865979,0.17221526266304887
FTJ,1851-04-07,0.11993881796,7.34162,4.82838,24840.384965557805,-0.03742702973160705,-0.039220069708897576
FTJ,1852-04-13,0.12090849472000001,7.31887,4.85084,24925.26958629846,0.006548625880435033,0.0031742051812884142
FTJ,1853-04-19,0.12187606288,7.29857,4.87072,25022.186222981403,0.006119901485148738,0.002883427912468095
FTJ,1854-04-25,0.12273323036,7.27952,4.89041,25096.715890896674,0.005677412627497214,0.0025583111323377317
FTJ,1855-05-01,0.15928921476,6.47673,4.90629,32466.326849819314,0.24894555126649087,0.24544646040104534
FTJ,1856-05-07,0.12675642668,6.55314,4.89668,25886.197725806058,-0.18403505030084488,-0.18256672740063673
FTJ,1857-05-13,0.12695125144,6.54225,4.89929,25912.1732822511,0.0016173352436616995,0.001221073773916892
FTJ,1858-05-19,0.11968166495999999,5.67019,4.89461,24451.72648280455,0.07521072317356592,0.07574487550629394
FTJ,1859-05-25,0.1269907834,6.52222,4.89746,25929.927635958233,0.10165116015217301,0.10120350088858654
FTJ,1860-05-31,0.13564984732,5.83964,4.89622,27705.0147501542,0.0475601055964221,0.047693863378651224
FTJ,1861-06-06,0.13264791072,6.5536,4.90045,27068.516303604774,-0.008772636626230512,-0.009478413528846041
FTJ,1862-06-12,0.13904492992,6.62529,4.90648,28339.039376498018,-0.009929231770510527,-0.010853847659444416
FTJ,1863-06-18,0.14590485104,6.43667,4.91016,29714.88730306141,0.03658388608771612,0.03586821879803859
FTJ,1864-06-24,0.1471628808,5.96595,4.90196,30021.2324865972,0.004718936333154566,0.006043444627138239
FTJ,1865-06-30,0.14684954232,5.95925,4.89576,29995.249423991372,-0.0010468535301350057,-0.000045724823809600856
FTJ,1866-07-06,0.14671505368,5.96639,4.88844,30012.653050871035,0.0005309497365095783,0.0015681402402476508
FTJ,1867-07-12,0.14661022272,5.96895,4.88221,30029.479010530067,-0.0010837818450710746,-0.00007120341963218202
FTJ,1868-07-18,0.14652231204,5.97939,4.87615,30048.770452098477,-0.0003251856419400623,0.000680268906260606
FTJ,1869-07-24,0.14825033184,6.03435,4.86883,30448.86180868915,0.02454070560523869,0.025566788110190197
FTJ,1870-07-30,0.14657837792,5.99511,4.86304,30141.30624465355,-0.003796336640270126,-0.0028016144512011953
FTJ,1871-08-05,0.14187416568,6.02893,4.85741,29207.780623830397,-0.027837092740488845,-0.02706300932615846
FTJ,1872-08-11,0.13212142164,5.90172,4.84883,27248.10348888288,-0.03175687126674687,-0.03050529526068213
FTJ,1873-08-17,0.12127677016,6.57981,4.83913,25061.688807698905,-0.04975481771294088,-0.04800595622978787
FTJ,1874-08-23,0.10305369776,7.22376,4.85336,21233.474903984043,-0.050102216181261094,-0.05215196488157747
FTJ,1875-08-29,0.10237673836,7.20965,4.87045,21019.975230214866,-0.00683798449563966,-0.009573772614680398
FTJ,1876-09-04,0.10125657099999999,7.14615,4.88763,20716.90594418972,-0.014871387216846554,-0.017563280705502504
FTJ,1877-09-10,0.1163368466,8.08887,4.91162,23686.04383075238,0.09370838527276204,0.09028414102963356
FTJ,1878-09-16,0.11817327652,7.25446,4.93611,23940.567880375434,-0.06259655767483485,-0.06587133680252966
FTJ,1879-09-22,0.11881339703999999,7.79306,4.96848,23913.42966863105,0.0073228361336288295,0.0020908324281598833
FTJ,1880-09-28,0.1201649098,7.19929,4.99923,24036.683609275828,0.09389096797442664,0.0890118909433224
FTJ,1881-10-04,0.11661208572000001,7.18339,5.02416,23210.265142829845,-0.013148077322795548,-0.016966767855705278
FTJ,1882-10-10,0.26767658371999997,9.20269,9.19882,29099.013103854624,1.2937763834679017,0.2554235936446567
FTJ,1883-10-16,0.24512053332,9.34648,9.31939,26302.2079041654,0.05278472361764441,0.04251664199540972
FTJ,1884-10-22,0.24598893748,9.85129,9.44147,26054.093004585087,0.004695364781017064,-0.005394641538150946
FTJ,1885-10-28,0.28796767896,9.17264,9.56732,30099.095562811737,0.178377279260453,0.16650401067912846
FTJ,1886-11-03,0.25439640875999997,9.69712,9.693,26245.373853296194,-0.0265069770389873,-0.03598401606077961
FTJ,1887-11-09,0.24974603576,8.83059,9.80716,25465.68382283964,-0.009372075558830018,-0.018237186134754557
FTJ,1888-11-15,0.24104473016,8.74442,9.92068,24297.1983936585,-0.035688137169482714,-0.043676414677213615
FTJ,1889-11-21,0.24372867324,8.75276,10.02684,24307.625656737317,0.010612393286598909,0.0023258564183954444
FTJ,1890-11-27,0.24634379328,8.76391,10.13486,24306.580779606233,0.011438923539622392,0.003156057310744753
FTJ,1891-12-03,0.25979635656,8.74563,10.24994,25346.1343734695,0.015425449569254512,0.00709909385150409
FTJ,1892-12-09,0.26367133364,9.24908,10.36002,25450.851797583404,0.02302460400979056,0.01458657399139529
FTJ,1893-12-15,0.26636495964,9.30768,10.48154,25412.769463265893,0.007694951153621288,-0.0012004403183012435
FTJ,1894-12-21,0.26871289276000004,9.32488,10.60977,25326.929119104378,0.00680201448540374,-0.002100864661883528
FTJ,1895-12-27,0.27236066364,9.34526,10.72715,25389.843867196785,0.018593010357532025,0.009983025979366955
FTJ,1897-01-02,0.30121918579999996,9.30418,10.84356,27778.624898096194,0.06752778907004098,0.05920780856013086
FTJ,1898-01-08,0.31244097352,9.33608,10.9691,28483.738275701748,0.02629057506916377,0.01746679345567892
FTJ,1899-01-14,0.3051215206,9.44531,11.09559,27499.350696988622,-0.009653320636232032,-0.018411761316328823
FTJ,1900-01-20,0.30576008008,9.45909,11.23522,27214.42749496672,0.003419232606693523,-0.005649117724517483
FTJ,1901-01-26,0.30440304544,9.53226,11.36917,26774.429922325024,-0.06474676913065791,-0.07328344403727083
FTJ,1902-02-01,0.3024224658,9.92022,11.5136,26266.54267996109,0.004232496307899236,-0.005340810690439235
FTJ,1903-02-07,0.29230336408,9.40769,11.67429,25038.213379999987,-0.03325066595913484,-0.04301147045211551
FTJ,1904-02-13,0.31009385212,9.41833,11.82172,26230.857448831473,0.05746303991800672,0.047219080998738505
FTJ,1905-02-19,0.31741963708000004,9.42386,11.97295,26511.397531936575,0.018733912264055963,0.00890226424750562
FTJ,1906-02-25,0.38388614628,8.10048,12.11668,31682.453137328044,0.2138682406527681,0.20297281640776976
FTJ,1907-03-03,0.29706112332,8.68477,12.22893,24291.6692891365,-0.15650474374507817,-0.16251248614216152
FTJ,1908-03-09,0.30346547192,8.66993,12.36491,24542.47316963892,0.015388929925139738,0.007033160642668124
FTJ,1909-03-15,0.30199871676,8.66921,12.49535,24168.888167198194,-0.007277507997989208,-0.015178626300486497
FTJ,1910-03-21,0.3072715854,8.71211,12.63326,24322.430267405245,0.013140639601851856,0.004567393215179516
FTJ,1911-03-27,0.33294869192000004,7.87285,12.77828,26055.830042853966,0.15161624288377373,0.1418921336824941
RUS,1889-12-19,52.25169876212,8.8562,1025.18299,50968.16789958639,-0.009110003464109284,-0.018184893337851782
RUS,1891-01-01,52.1022079318,8.78268,1030.95865,50537.63109878364,0.009197387486250763,0.004726367569802603
RUS,1891-12-31,54.49190085092,8.81954,1060.1172151242815,51401.76960953484,0.03097237254577223,0.02429266934760932
RUS,1893-01-13,56.951669641879995,8.8405,1049.64448,54258.05663445208,0.030247928936395052,0.02931399072470553
RUS,1894-01-26,60.2962163492,8.83444,1066.76359,56522.56686900985,0.039444543629694184,0.021543096851767585
RUS,1895-01-18,60.76424741868,8.76619,1066.76359,56961.30613033015,0.006752328529411544,0.006740098552836082
BOR,1837-01-13,0.27289733016,6.91416,8.61535,31675.71023347862,0,0
BOR,1838-01-19,0.29053651588,7.40157,8.65977,33550.14231093898,0.04679948360976072,0.042805860505708226
BOR,1839-01-25,0.27947898212,7.8304,8.72035,32049.055613593493,-0.053747756898055776,-0.05863823364234921
BOR,1840-01-31,0.21337653532,7.94662,8.79119,24271.63277326505,-0.13108171835757876,-0.13651011911462718
BOR,1841-02-06,0.20977069152,7.94759,8.86227,23670.085826768987,-0.01507069197763189,-0.02111784613949841
BOR,1842-02-12,0.26808764112,8.70993,8.94396,29974.154750244856,0.293300877915039,0.28519420922542116
BOR,1843-02-18,0.32942544804,7.81975,9.02558,36499.089038045204,0.20913304870691318,0.200523970122791
BOR,1844-02-24,0.29388882848000003,7.91305,9.07741,32375.846026564846,-0.04647649347577554,-0.05048265299071908
BOR,1845-03-02,0.34450480272,7.90954,9.15122,37645.77867431883,0.1406335022129681,0.13372310951748334
BOR,1846-03-08,0.38871285336,7.89846,9.21808,42168.526782149864,0.04101776918591016,0.03525973822628581
BOR,1847-03-14,0.3909010534,7.91217,9.2676,42179.31863697182,-0.0019076386398479972,-0.0059728596819372815
BOR,1848-03-20,0.34443876532,7.44874,9.31618,36972.10287048984,-0.030690986799020825,-0.0343595887045296
BOR,1849-03-26,0.35686584232,7.92636,9.37675,38058.585578158745,0.01895112919074493,0.013925948210913752
BOR,1850-04-01,0.34498222408,7.8883,9.442960000000001,36533.27177918788,-0.04406632208061756,-0.04902592693085239
BOR,1851-04-07,0.35627783984,7.93446,9.50789,37471.8091858446,-0.041762960780907354,-0.04670034388294775
BOR,1852-04-13,0.36862328932,7.79437,9.5738,38503.34133990682,0.045231731492927585,0.03974996671390252
BOR,1853-04-19,0.44730669776,7.9675,9.64434,46380.229000636646,0.16982705514513086,0.16336758659179695
BOR,1854-04-25,0.40013462008,7.93017,9.69275,41281.846749374534,-0.09929798984794791,-0.10249264075804299
BOR,1855-05-01,0.46795255312,7.23436,9.79065,47795.86167619106,0.1683136011524642,0.15834645583437368
BOR,1856-05-07,0.41408815759999995,7.93135,9.83996,42082.30090366221,-0.11712173094286882,-0.1202650456989025
BOR,1857-05-13,0.47176776036,7.39503,9.89009,47701.058368528495,0.1295484411462431,0.125224900839914
BOR,1858-05-19,0.5647342219999999,7.35581,9.93357,56851.08395068439,0.1419064145399005,0.13803427712871597
BOR,1859-05-25,0.5430213994399999,7.36332,9.97545,54435.77978336816,-0.011189128433999551,-0.014397281050702926
BOR,1860-05-31,0.47950125808,7.41969,10.01432,47881.559414917836,-0.02503141288802191,-0.027897628197728452
BOR,1861-06-06,0.41071405440000003,7.61303,10.05008,40866.74478213109,-0.26770668223549443,-0.2695000411893056
BOR,1862-06-12,0.50488970324,7.47023,10.09345,50021.519226825316,0.18303362366028209,0.17923110753063254
BOR,1863-06-18,0.43371254784,7.53623,10.13408,42797.42688433483,-0.15651738968994344,-0.15913488981562518
BOR,1864-06-24,0.42957661135999997,7.53104,10.20229,42105.90086735429,0.14117839403854426,0.13483911046005925
BOR,1865-06-30,0.43548683828,7.48548,10.25306,42473.84081240137,0.0005965340186095958,-0.003106721634399401
BOR,1866-07-06,0.5742894638,7.43535,10.29839,55764.97528254417,0.08871745941070008,0.08515066901094115
BOR,1867-07-12,0.54922051704,7.5513,10.33591,53137.12261813425,-0.04808733249145114,-0.05063360298802022
BOR,1868-07-18,0.6275137388,7.74269,10.39403,60372.51564600064,0.0948668755107267,0.09011261393791203
BOR,1869-07-24,0.6034538525600001,7.14603,10.43828,57811.617676475435,0.002485590719691011,-0.0007558234219031679
BOR,1870-07-30,0.6869580978,7.96106,10.481699999999998,65538.80551818885,0.06092859114544158,0.057664788838263314
BOR,1871-08-05,0.71507134192,8.10049,10.54524,67809.86890009142,-0.014929090696148228,-0.01940297965814175
BOR,1872-08-11,0.69231161012,8.14289,10.61245,65235.794761812766,-0.01588056130973403,-0.020485408204098943
BOR,1873-08-17,0.75807179968,7.4559,10.64898,71187.26860976357,0.06779660061981341,0.065122863059347
BOR,1874-08-23,0.75547690816,8.13652,10.73221,70393.41460519315,-0.02916653446653683,-0.033564899464274656
BOR,1875-08-29,0.74219923128,8.05315,10.79509,68753.40838103248,-0.025232398600189,-0.02943138245487742
BOR,1876-09-04,0.77343276764,8.11599,10.85206,71270.59448989408,0.014025715815827677,0.01007456343557056
BOR,1877-09-10,0.72277901696,7.96319,10.94319,66048.29277020687,-0.09081558490549269,-0.09720355793593172
BOR,1878-09-16,0.84378987212,8.19689,11.00611,76665.58594453444,0.13085381814906638,0.12606668969276957
BOR,1879-09-22,0.85600099676,10.23358,11.12431,76948.68236861433,-0.020267965901244356,-0.028326362004268302
BOR,1880-09-28,1.05033092164,10.20772,11.2821,93097.11149874581,0.21100448945801653,0.19845608107021873
BOR,1881-10-04,1.0445822275199999,10.3259,11.44339,91282.58562541344,-0.09004196798427366,-0.0998943765633864
BOR,1882-10-10,1.11201863968,10.31068,11.59873,95874.17240335795,0.04811196139332896,0.03726230981409118
BOR,1883-10-16,1.0775493450800002,10.36097,11.81473,91203.89082780563,-0.06591206881369127,-0.0798774780853484
BOR,1884-10-22,1.14926716892,10.40539,11.9655,96048.40323597008,0.11628786470437746,0.10556393693156418
BOR,1885-10-28,1.13032964356,10.45919,12.11521,93298.39462625906,0.03153902829372868,0.02177717281663938
BOR,1886-11-03,1.24892991756,10.49985,12.27012,101786.28387986425,0.0865086854554229,0.0764422240436069
BOR,1887-11-09,1.3400097734399998,10.39763,12.44657,107660.96791646212,0.05770999458343362,0.04623445961478034
BOR,1888-11-15,1.4818315564,10.97232,12.59467,117655.44920192429,0.0590602824793065,0.049609784106817045
BOR,1889-11-21,1.66508308772,11.10461,12.76735,130417.28218620151,0.10744924003529577,0.09643801623291326
BOR,1890-11-27,1.6819073663600002,11.15959,12.93359,130041.80327039902,0.017113304112672312,0.007029536292755267
BOR,1891-12-03,1.77087571908,11.15597,13.106280000000002,135116.5791574726,0.04913738444148086,0.038849180169850284
BOR,1892-12-09,1.96612606164,11.03143,13.30263,147799.80061386357,0.09536407974978456,0.08239107725809203
BOR,1893-12-15,2.02853542684,11.06293,13.46134,150693.42478831974,0.012832283260200805,0.0036794423986679092
BOR,1894-12-21,2.19117695108,11.17317,13.624869999999998,160821.86113188605,0.05272720786068419,0.04320838486111067
BOR,1895-12-27,2.2949576187200003,11.5742,13.79563,166353.95547140655,0.04407390882929407,0.03431107746966933
BOR,1897-01-02,2.35679105948,11.88681,13.97997,168583.4132319311,0.0017302824175842169,-0.008316814234109904
BOR,1898-01-08,2.46396743684,11.65025,14.198149999999998,173541.44285276605,0.044256529933054845,0.032614576154606834
BOR,1899-01-14,2.63469324768,11.67003,14.37502,183282.753532169,0.03070296565514119,0.021041127162837236
BOR,1900-01-20,2.8136495051600003,11.60031,14.55692,193286.04575418428,0.051329384598565175,0.04142950737346762
BOR,1901-01-26,2.82497269132,11.54232,14.75113,191508.90076353474,0.045673652568926304,0.03523905278419415
BOR,1902-02-01,3.00946845368,11.82928,14.98383,200847.74411348766,0.08243126094720243,0.06914498890903542
BOR,1903-02-07,2.96601452576,11.97391,15.19964,195137.15625896404,-0.011503390115619516,-0.022105546205467452
BOR,1904-02-13,3.1623102763200004,11.51054,15.40716,205249.39549663925,0.0324847179418819,0.02192166839815446
BOR,1905-02-19,2.99602863924,11.6423,15.600420000000002,192047.9473783398,0.01790748721154567,0.008361771500640325
BOR,1906-02-25,2.97674937872,11.68703,15.78192,188617.6953577258,0.01600009359084842,0.007190351632543779
BOR,1907-03-03,3.22202126168,12.03741,15.99566,201430.96700480004,0.0581834391984386,0.04819613800176503
BOR,1908-03-09,3.27220134436,12.27532,16.20367,201941.9887198394,0.013269658038050913,0.003351135545545114
BOR,1909-03-15,3.4967521238000003,12.49754,16.46865,212327.79394789494,0.008049755752151944,-0.004521840341187522
BOR,1910-03-21,3.53436980364,12.45271,16.7932,210464.342926899,-0.0004678910988011875,-0.014222852479795933
BOR,1911-03-27,3.7148883491199998,12.6995,17.11127,217101.8486132239,0.024579679207390237,0.009438863275620157
ASM,1837-01-13,0.66689506104,8.70417,12.38154,53862.04470849345,0.40766565299321056,0.3857233831855291
ASM,1838-01-19,0.78839478432,8.6202,12.63846,62380.60525728609,0.1795943591579925,0.1613278676590304
ASM,1839-01-25,1.1625814122,8.5595,12.88797,90206.71309756307,0.41208827366652456,0.39065829601953794
ASM,1840-01-31,1.50142497492,8.52113,13.14999,114176.89100295893,0.2412809398051754,0.22339845728934038
ASM,1841-02-06,1.61087864808,8.61311,13.39294,120278.19493554067,-0.01846357507240526,-0.032401544942974425
ASM,1842-02-12,1.9769640566,7.91409,13.602330000000002,145340.1039821854,0.16039282310223868,0.14694371665028516
ASM,1843-02-18,2.1637604705599998,7.97908,13.81759,156594.63557393147,0.050649324081836866,0.038656802403362
ASM,1844-02-24,2.2283953858400003,8.28598,13.995339999999999,159224.0978668614,0.023975628299164775,0.013833791553975017
ASM,1845-03-02,2.57507750396,8.04236,14.16717,181763.7187921088,0.13717704346411375,0.12650058397661978
ASM,1846-03-08,2.7634190064,7.93218,14.27994,193517.55024180774,-0.0035453968384318024,-0.009011147869112723
ASM,1847-03-14,3.08725557608,8.21731,14.39358,214488.37440581148,0.042290225538927695,0.03565888822110108
ASM,1848-03-20,2.8032273911199996,7.7952,14.484699999999998,193530.2347387243,-0.04523584620242471,-0.049358656399242085
ASM,1849-03-26,3.254990063,7.73256,14.52041,224166.53958118262,0.07499437316024582,0.07295929086810271
ASM,1850-04-01,2.97851655608,7.80319,14.55505,204638.01608926113,-0.032554612075053724,-0.03443364918560876
ASM,1851-04-07,3.39588526732,7.83378,14.59372,232694.97203728728,0.13190826011831813,0.129847304333099
ASM,1852-04-13,3.1982187832399998,8.11838,14.66761,218046.34723993888,-0.04846357251611699,-0.05219057077558631
ASM,1853-04-19,3.37746685328,8.34425,14.7445,229066.21813421953,0.007425347333771759,0.0036119724770811157
ASM,1854-04-25,3.21656656256,8.46,14.852029999999997,216574.20316010676,-0.10038917140876502,-0.10513330976502966
ASM,1855-05-01,3.41757324896,8.5278,14.95405,228538.30560684227,0.046739076420198256,0.04123383240939327
ASM,1856-05-07,3.26363088636,8.65898,15.0699,216566.1939601457,0.005159684210167104,-0.000640813502057469
ASM,1857-05-13,3.5325355956799998,8.83058,15.19469,232484.87436597917,0.07794613178460041,0.07144550915160575
ASM,1858-05-19,3.7732911699600002,8.92157,15.35834,245683.5289464877,0.04662050082557645,0.03777083297981365
ASM,1859-05-25,3.75467954888,9.00113,15.50563,242149.43532639436,-0.009864553146487487,-0.0167833755199851
ASM,1860-05-31,3.52724394984,10.18895,15.681120000000002,224935.71567847193,-0.05438720257561036,-0.06229667854253462
ASM,1861-06-06,2.34188610708,6.72268,15.78568,148355.09823333554,-0.3391471057184797,-0.34253959571552095
ASM,1862-06-12,2.19188335808,8.06664,15.871199999999998,138104.45070820104,-0.06500140213975136,-0.0687831648912749
ASM,1863-06-18,2.2326532202,8.31332,15.98742,139650.6265676388,-0.0005201431011531144,-0.00605146713941318
ASM,1864-06-24,2.4320800842,7.61056,16.08675,151185.2974777379,0.07674542695890407,0.07174793438625993
ASM,1865-06-30,2.22606335588,8.15512,16.20405,137376.97402069237,-0.011248860249016501,-0.016595294663959703
ASM,1866-07-06,2.22590066816,8.2298,16.31612,136423.40630983346,-0.0001499456140394706,-0.005490559248273019
ASM,1867-07-12,2.42602149608,7.60968,16.42032,147745.08024691357,0.08822034120547673,0.0831599683248192
ASM,1868-07-18,2.250406223,8.06058,16.50918,136312.41666757525,-0.06610259392308937,-0.06976421564638258
ASM,1869-07-24,2.5892786738,7.71495,16.60995,155887.20458520344,0.13530161630005377,0.1300040252543495
ASM,1870-07-30,2.1246247042800004,8.17424,16.72711,127016.84297407026,-0.10157049545277719,-0.1062931884261683
ASM,1871-08-05,2.53743799088,8.00346,16.85335,150559.85847798805,0.0830881022954082,0.07677343248583468
ASM,1872-08-11,2.586044019,7.77119,16.95542,152520.19820210882,-0.032508161557618154,-0.036944607931742035
ASM,1873-08-17,2.6257151965200003,7.96152,17.0531,153972.8962194557,0.012210806448224698,0.008074734363293645
ASM,1874-08-23,2.64697397068,7.91009,17.17487,154119.01054738698,0.008099384736370396,0.002629923349580565
ASM,1875-08-29,2.6634624879200004,8.18071,17.31339,153838.3001780703,0.007476796452208667,0.0013233297320600634
ASM,1876-09-04,2.7144572665599997,8.30907,17.48732,155224.31490702977,0.04084409277958456,0.032999190658551614
ASM,1877-09-10,2.26667815972,8.92283,17.67675,128229.34983636698,-0.1648427844233108,-0.17182829337974892
ASM,1878-09-16,2.68613456696,8.39988,17.86266,150377.07524859117,0.060792394783108605,0.05276354035489428
ASM,1879-09-22,2.60816395788,9.2786,18.04397,144544.90657432924,0.006900632910325166,-0.0009395264268947656
ASM,1880-09-28,2.5517795862,8.99406,18.22011,140052.91879137943,-0.05256519719820252,-0.05961760429656182
ASM,1881-10-04,2.90904781284,8.54414,18.40286,158075.85412484797,0.06779556591206481,0.060176534049034336
ASM,1882-10-10,2.68650151796,8.62763,18.53768,144921.12917905583,-0.05604470032721487,-0.061191281146581566
ASM,1883-10-16,2.44885127552,8.78692,18.66157,131224.29010635224,-0.11640046458828579,-0.1207284379396828
ASM,1884-10-22,2.65504590364,8.65609,18.8482,140864.6928428179,0.06647549385097573,0.05860639736959916
ASM,1885-10-28,2.53472432252,8.37747,18.94848,133769.26922476102,-0.0701143137514415,-0.0740078008799595
ASM,1886-11-03,2.68663948384,8.52899,19.11968,140516.96910408544,-0.0010409225373441133,-0.00798528937323062
ASM,1887-11-09,3.29273998664,8.96889,19.28726,170720.98300328816,0.15401100109045673,0.14637087383981817
ASM,1888-11-15,3.66531082216,8.92585,19.46613,188291.70575558677,0.07407934523611415,0.0664600882773061
ASM,1889-11-21,3.3673605664400004,9.2479,19.67317,171165.12318248663,-0.04010289302366121,-0.047621594632592634
ASM,1890-11-27,3.77271533444,9.19307,19.90461,189539.77668690818,-0.008165688703076768,-0.016937032882746172
ASM,1891-12-03,3.80752016788,8.87864,20.10933,189340.97594897493,-0.0013320381950906457,-0.00900546050652784
ASM,1892-12-09,3.4078601200799996,9.72564,20.31196,167776.03540377197,-0.09082330545426709,-0.09742885043458749
ASM,1893-12-15,3.166691853,8.64926,20.46121,154765.62006841236,0.05273138629243257,0.047134992627997585
ASM,1894-12-21,3.87475194912,8.81456,20.57025,188366.78937397455,0.056198726468355664,0.05205368954446232
ASM,1895-12-27,3.02115332012,8.85338,20.70079,145943.8659162283,-0.14760592627998237,-0.15188434351101732
ASM,1897-01-02,3.36857770964,9.58871,20.80043,161947.50347180324,0.0993865519392918,0.09570979965652238
ASM,1898-01-08,6.2892631204,8.47338,34.24379,183661.42066634566,0.8021457433120167,0.09622724326860022
ASM,1899-01-14,6.16036480384,8.50796,34.45416,178798.86794047512,-0.024760151073983994,-0.02935823978827934
ASM,1900-01-20,5.44249370548,8.53455,34.6683,156987.61420317696,-0.17804876184655427,-0.18197988375080276
ASM,1901-01-26,6.00289637532,9.03056,34.9359,171826.01207697525,0.20608902415332175,0.1988872149450669
ASM,1902-02-01,6.9553797606800005,8.56964,35.16432,197796.50966320408,0.1463210549977063,0.14089178488955967
ASM,1903-02-07,6.1453704166400005,8.79486,35.33246,173929.8768509184,-0.03915059390360509,-0.04257981258617305
ASM,1904-02-13,6.00146021124,9.39196,35.66319,168281.6430958644,-0.018646322983485897,-0.025903308763395305
ASM,1905-02-19,5.1416874366,8.75794,36.0399,142666.52894708363,-0.07193822988121179,-0.07908098364157246
ASM,1906-02-25,6.59784072376,9.42076,36.42365,181141.66822270694,0.03793625023942804,0.029562415165440337
ASM,1907-03-03,6.5316730325600005,9.38574,36.76072,177680.7699239841,-0.09892363558150075,-0.10502242395172179
ASM,1908-03-09,6.67749190212,8.72271,37.02249,180363.1225808961,0.02242043856617215,0.017121328319488427
ASM,1909-03-15,6.8155102106,9.55746,37.32748,182586.93623571694,0.0023518932807857773,-0.0038979585623465374
ASM,1910-03-21,6.4889538974,9.15971,37.6728,172245.06533626383,-0.08723201742337405,-0.09350349811353009
ASM,1911-03-27,5.2928358262,8.92231,37.96349000000001,139419.10573026873,-0.03181815247894859,-0.03753526803524465
LIP,1837-01-13,0.03826952636,9.17147,0.77737,49229.48706536141,0,0
LIP,1838-01-19,0.03722405492,9.09099,0.78523,47405.28879436599,-0.0257432767204836,-0.03328916246078484
LIP,1839-01-25,0.03706226472,9.04312,0.79301,46736.18834567029,-0.002086075498446749,-0.009536750851031117
LIP,1840-01-31,0.03908500284,9.60688,0.80215,48725.304294707974,0.025992387182219856,0.017347323869961295
LIP,1841-02-06,0.04038316568,9.4993,0.81175,49748.27924853711,0.01499998938344782,0.005699558855841946
LIP,1842-02-12,0.035164217920000004,9.37451,0.82132,42814.27204987094,-0.13605748775532767,-0.14337096128971127
LIP,1843-02-18,0.03392851644,9.31972,0.82988,40883.641538535696,-0.029172069072000206,-0.036895011324745486
LIP,1844-02-24,0.024360773840000002,8.36288,0.83746,29088.88047190314,-0.018207311714507846,-0.025237356400562905
LIP,1845-03-02,0.03426462624,9.2599,0.8451600000000001,40542.17691324719,0.1841371161019505,0.1760965845355158
LIP,1846-03-08,0.03150145076,9.19137,0.85351,36908.12147485091,-0.014379659042685011,-0.021791367654044658
LIP,1847-03-14,0.03027624652,9.10605,0.86148,35144.45665598737,-0.0031211941834635715,-0.010255902093523672
LIP,1848-03-20,0.03128656544,8.78474,0.86954,35980.5936932171,0.09364249409225378,0.0862743399766499
LIP,1849-03-26,0.03608177924,8.74639,0.87624,41177.96407376975,0.052736826976082396,0.046383811827755306
LIP,1850-04-01,0.03118300224,8.69956,0.88175,35364.90188829033,-0.0999790600571474,-0.10446960457138144
LIP,1851-04-07,0.03126335576,8.55942,0.8803899999999999,35510.8028941719,0.010362304919130594,0.012324742251895504
LIP,1852-04-13,0.03174369016,9.29831,0.88786,35753.03556867073,0.0004408665480262197,-0.005971037846823957
LIP,1853-04-19,0.03712130864,8.83276,0.89684,41391.22768832791,0.12191892816079308,0.11356548410364886
LIP,1854-04-25,0.04032737852,8.73612,0.90354,44632.643291940585,0.03706253555190231,0.031131619806816335
LIP,1855-05-01,0.03982388748,8.7324,0.9100099999999999,43762.03281282623,-0.027699980561918913,-0.03301216887606018
LIP,1856-05-07,0.038234890720000005,8.69842,0.91632,41726.57010651301,-0.015916458403166356,-0.020813848870706475
LIP,1857-05-13,0.03550810796,8.4047,0.9211199999999999,38548.84049852354,-0.04987506862826019,-0.05376762497919896
LIP,1858-05-19,0.03812774368,8.44804,0.92575,41185.7884742101,0.012049497066424664,0.00813474176170148
LIP,1859-05-25,0.03954885844,7.55752,0.9281900000000001,42608.580613882936,0.03878970910429702,0.0368055593370733
LIP,1860-05-31,0.044038131280000004,7.3536,0.9253300000000001,47591.81187252115,0.09618873271947703,0.09892081299745414
LIP,1861-06-06,0.03579805788,7.33743,0.92291,38788.24357738024,-0.17450303852502358,-0.17270269620886747
LIP,1862-06-12,0.03609237372,7.34482,0.92052,39208.679572415596,0.0027099886485568714,0.004496843970848152
LIP,1863-06-18,0.043998951359999997,6.97357,0.91753,47953.69236973178,0.05494279167602789,0.057551470127548576
LIP,1864-06-24,0.07934821544,6.46471,0.90996,87199.67409556464,0.1981052662930678,0.20629326228337952
LIP,1865-06-30,0.09453997904,7.82602,0.9122700000000001,103631.57731811854,0.08568116506634071,0.08288195974667367
LIP,1866-07-06,0.13463850868,7.07339,0.91374,147348.8176943113,0.25234710204698696,0.2506036044084754
LIP,1867-07-12,0.03320625412,5.66496,0.90825,36560.69817781448,1.1998611616803418,1.2107658951124916
LIP,1868-07-18,0.02162177784,4.89274,0.8976600000000001,24086.82334068578,-0.1927306424902191,-0.185745577213551
LIP,1869-07-24,0.03135910596,5.08477,0.88792,35317.49026939364,0.2056063885256898,0.21546552785222062
LIP,1870-07-30,0.01471155556,4.66763,0.87732,16768.74522409155,-0.46141837381931927,-0.45675517235420604
LIP,1871-08-05,0.06784433552,6.30977,0.86442,78485.38386432521,1.6508708291345546,1.684626256069071
LIP,1872-08-11,0.02678950976,6.88875,0.8651,30966.951520055485,-0.5710674900217407,-0.5713954412036664
LIP,1873-08-17,0.01112054996,6.43088,0.86177,12904.31316940715,-0.5212847018463789,-0.5199486512363036
LIP,1874-08-23,0.01297199332,6.46598,0.85793,15120.106908489037,0.16944275848116908,0.1733135329450053
LIP,1875-08-29,0.027481912639999998,6.65327,0.85945,31976.162243295126,1.0709132406863309,1.0684398051685373
LIP,1876-09-04,0.01898368264,5.78667,0.85819,22120.605739987648,-0.39070522427259424,-0.3900483893688118
LIP,1877-09-10,0.02952976156,7.45722,0.8626399999999999,34231.848233330245,0.6564678214112394,0.6481862594440755
LIP,1878-09-16,0.03339600264,7.11223,0.86363,38669.34062040457,0.15322831242961477,0.15235496978387464
LIP,1879-09-22,0.03851182556,7.86245,0.86478,44533.66816993917,0.15452009294301594,0.15328635815326885
LIP,1880-09-28,0.07646482896,8.28271,0.87037,87853.24512563623,0.7198837224085572,0.7121114668289772
LIP,1881-10-04,0.09527570104,8.29382,0.87711,108624.57507040167,0.1037686244029754,0.09698598612512388
LIP,1882-10-10,0.06020174004,8.93829,0.88479,68040.71027023361,-0.10935579078702762,-0.11515734532614041
LIP,1883-10-16,0.0445954808,8.5893,0.8884,50197.524538496175,-0.05624578136201186,-0.0588300978187567
LIP,1884-10-22,0.0751370906,9.46258,0.88828,84587.16913585806,0.591729741755368,0.593050577946538
LIP,1885-10-28,0.13112049807999998,10.73069,0.89674,146219.08031313424,0.7547195376367868,0.742737246981505
LIP,1886-11-03,0.10018988824,9.31415,0.90676,110492.17901098417,-0.20853121468132607,-0.2148996102704297
LIP,1887-11-09,0.26837776160000004,11.52474,0.91747,292519.38657394797,1.240779702048461,1.2201585765180116
LIP,1888-11-15,0.2706740894,12.52053,0.9321799999999999,290366.76328606065,0.02851330416578235,0.016136277393461018
LIP,1889-11-21,0.28444011284000004,12.5254,0.9481599999999999,299991.68161491735,0.058302502434793624,0.04503187782118756
LIP,1890-11-27,0.27055311972,12.40503,0.964,280656.7631950208,-0.03745644256348868,-0.049616059267140966
LIP,1891-12-03,0.37523402852,13.03016,0.97951,383083.40754050494,0.3581699047266196,0.34226135532268587
LIP,1892-12-09,0.38655820112,13.46152,0.9947700000000002,388590.52958975435,0.023391082526065476,0.011425114150807492
LIP,1893-12-15,0.46933551496,13.70119,1.01033,464536.8493066622,0.09897926550623826,0.08600542351422602
LIP,1894-12-21,0.45718498748,14.26664,1.02596,445616.7759756716,-0.004851829714828559,-0.01627963452653114
LIP,1895-12-27,0.45423276912,14.18015,1.04016,436695.0941393632,-0.009789936783023645,-0.020006799798272246
LIP,1897-01-02,0.4451138484,14.40635,1.05332,422581.7874909809,0.002657845149306004,-0.006956803827422808
LIP,1898-01-08,0.4755211032,14.40986,1.06685,445724.4253643905,0.040859680389707,0.03115134414903631
LIP,1899-01-14,0.47725456844,14.91849,1.08139,441334.3645123406,-0.006070586543480139,-0.01627539748428164
LIP,1900-01-20,0.46508402148,15.29885,1.09682,424029.4865885013,-0.022177263328957197,-0.032679223941200375
LIP,1901-01-26,0.5514373124,15.47516,1.11303,495437.95980341954,0.06295642232831034,0.05136207878098875
LIP,1902-02-01,0.58181128928,15.86251,1.12865,515493.10174101806,0.03805584387353744,0.027001931788260602
LIP,1903-02-07,0.56820340408,15.78621,1.1447,496377.56973879616,-0.03571078174478792,-0.045893741043875
LIP,1904-02-13,0.5624338824,15.71028,1.16026,484748.14472618204,-0.021926015639999075,-0.03176731028140034
LIP,1905-02-19,0.63698733332,16.85033,1.17548,541895.509340865,0.09425988786201955,0.08330316500142088
LIP,1906-02-25,0.59117434376,16.79699,1.19085,496430.5695595583,-0.06398176037848036,-0.07301817953834999
LIP,1907-03-03,0.5320846856,15.31159,1.20538,441424.8499228459,-0.07078613236896791,-0.07922132685346839
LIP,1908-03-09,0.35791051296000004,14.85317,1.22003,293362.0590969075,-0.2800519723138294,-0.2866613592674859
LIP,1909-03-15,0.61524305284,14.88733,1.23667,497499.7799251215,0.7822186517161276,0.7645403465385354
LIP,1910-03-21,0.6769314962799999,15.12004,1.2531099999999997,540201.1764968758,0.06323588831726545,0.05248947340119137
LIP,1911-03-27,0.64835793984,15.34392,1.27018,510445.7162291958,-0.035471622127965174,-0.045237082242147175
CON,1837-01-13,0.48911672368,6.47491,14.882349999999999,32865.55709817334,0.43720936138477895,0.42531846723434197
CON,1838-01-19,0.44149429012,7.3243,14.88235,29665.630100085,-0.10361345376063058,-0.10566623811177367
CON,1839-02-01,0.37867832184,8.20582,14.88235,25444.793452646925,-0.07556827544126177,-0.07630944518993399
CON,1840-01-31,0.40022767512,9.03051,14.88235,26892.77399873004,-0.09288776540632904,-0.11282406928265709
CON,1841-02-13,0.40393072772000005,8.91231,15.290999844177337,26416.24039214237,0.011566377694675056,0.013678937066331276
CON,1842-02-26,0.4112539548,8.82175,14.88235,27633.67040823526,0.017092841047736007,0.017040649754987314
CON,1843-02-18,0.40891533436,8.68112,14.88235,27476.529873306295,-0.023243083859458724,-0.023284920427823597
CON,1844-02-24,0.40085378684,8.6026,14.88235,26934.844755028607,-0.021712589873846055,-0.0211592984665383
CON,1845-03-09,0.43913482912,7.85261,14.88235,29507.0892110453,-0.04254498618785851,-0.04038122813679257
CON,1846-03-08,0.40968023668,8.54052,14.88235,27527.926482040803,-0.07721658812738952,-0.07407317459116947
CON,1847-03-21,0.40449748508,8.46935,14.88235,27179.678281991753,-0.007066906841597276,-0.005151498318283543
CON,1848-04-03,0.41175760236000003,8.41617,14.88235,27667.512345832478,0.008619391957435996,0.008872649147447786
CON,1849-03-26,0.40767125256,7.60532,14.882349999999999,27392.935427536646,-0.00712227962059786,-0.007081798662148753
CON,1850-04-01,0.41032305288,7.59441,14.88235,27571.119673976216,0.008017252532217078,0.007601326231962746
CON,1851-04-14,0.40712606168,7.56666,14.882350000000002,27356.302041008305,-0.0033859055145005756,-0.0031715937541086925
CON,1852-04-13,0.4081596948,7.56965,14.888045780427252,27415.26328032871,0.0025139468773438534,0.0012055780675146455
CON,1853-04-26,0.40665510652,7.55354,14.88235,27324.656826374863,-0.005127266080006021,-0.003392341444326985
CON,1854-05-09,0.46484243416,7.55993,16.11479415318041,28845.69481567091,0.02680784073919007,0.033026631724300204
CON,1855-05-01,0.42566710992,7.64984,14.88235,28602.143473308988,-0.08721428498246941,-0.08456284912973644
CON,1856-05-07,0.46810280608,7.64773,14.776589418506523,31678.67718471881,0.07100955143712184,0.06947514472512273
CON,1857-05-20,0.50901851572,7.82545,14.882349999999999,34202.831926409475,0.09203544540439856,0.09112024571138178
CON,1858-05-19,0.49200474076,8.22211,14.88235,33059.613620160795,-0.06573529498872033,-0.06172251244084015
CON,1859-06-01,0.53522977248,8.03514,14.88235,35964.06296586225,0.06285366791380853,0.06720056046925338
CON,1860-06-14,0.4548389794,9.1046,14.23622221442962,31949.415550635484,-0.1336354795241823,-0.13101992212226565
CON,1861-06-06,0.43309601296,8.26743,14.88235,29101.318875043256,0.007127133041205713,0.006001119584186476
CON,1862-06-12,0.49363108808,9.75612,14.882349999999999,33168.893896461246,0.16735059042858413,0.16869362786160025
CON,1863-06-25,0.5079470578,8.92147,14.882349999999999,34130.83671597564,0.025866012725042742,0.022647734068176106
CON,1864-06-24,0.43035414864000004,8.78232,14.88235,28917.08289618239,-0.16218331234640604,-0.1614703756192687
CON,1865-07-07,0.48595586936,8.04598,14.88235,32653.167635487673,0.1530607772956063,0.15717594311096073
CON,1866-07-20,0.51114732032,8.06678,14.882350000000002,34345.874161002794,0.008550865431257382,0.007966602909260212
CON,1867-07-12,0.56514228212,8.1922,14.88235,37973.994840868545,0.1382958661083844,0.1384611169823593
CON,1868-07-18,0.60318071892,8.21246,14.882349999999999,40529.93773967149,0.062394552796752434,0.06136852143681204
CON,1869-07-31,0.65604910696,8.20392,14.88235,44082.35977248217,0.03464788397446972,0.0329668923571218
CON,1870-07-30,0.6384527588400001,8.33464,14.88235,42899.996226402414,-0.035299021668043884,-0.03338587210559829
CON,1871-08-12,0.656810102,8.59476,14.465783879016767,45404.390629168105,0.06342990600299747,0.05233289274211406
CON,1872-08-25,0.6674312408399999,8.23807,14.882350000000002,44847.16733849156,0.05006421123632099,0.04702483135297486
CON,1873-08-17,0.69370488252,8.22235,14.88235,46612.59025086764,0.054194034158967286,0.05421781109989632
CON,1874-08-23,0.80442090144,8.2577,14.88235,54052.008012175495,0.12932526134505395,0.12425838718301163
CON,1875-09-05,0.73812497148,8.19856,14.295219397315417,51634.392657073644,-0.07414836769165756,-0.0687610750280433
CON,1876-09-04,0.71729553064,8.16814,14.88235,48197.73292793141,-0.020565638346069615,-0.017399387647898612
CON,1877-09-17,0.9169316317199999,8.49951,14.88235,61612.019050754745,0.1485094982239188,0.12788797964598175
CON,1878-09-30,1.02614021796,8.55883,14.88235,68950.14684911993,0.07794505849658573,0.07408908859285979
CON,1879-09-22,0.97465549272,8.47164,14.88235,65490.69822440676,-0.0342526781195045,-0.035725227509917246
VEN,1876-04-24,3.69254962492,11.25922,23.46743,157347.84869583076,0.2563911917997803,0.2505460686270109
VEN,1877-04-30,3.0084141126,8.77187,23.53738,127814.31546756692,-0.15186288499340628,-0.15399320454030285
VEN,1878-05-06,3.21068867496,9.77455,23.57087,136214.26256052492,0.03489797354550106,0.03372036393906819
VEN,1879-05-12,2.6918933111200003,10.07743,23.61523,113989.71388887595,-0.07479077526354061,-0.07620321878458935
VEN,1880-05-18,2.87959292296,9.5238,22.55224,127685.4504457207,0.049397638124339505,0.09162416827756936
VEN,1881-05-24,3.10775018944,9.7225,22.42248,138599.75299074856,0.00918616817277118,0.010487169479051817
VEN,1882-05-30,3.00975613588,9.62152,22.48614,133849.39059705223,0.09789276046461048,0.09578230371595464
VEN,1883-06-05,3.28856101236,10.01951,20.33659,161706.6092378319,0.05311788647753679,0.06579128608493057
VEN,1884-06-11,3.2051597328400003,10.27749,22.43914,142837.90434214505,0.04176028659730613,-0.04173074764968865
VEN,1885-06-17,3.2642921433199996,11.25211,22.39266,145775.09520173128,-0.011132162397754164,-0.013989448204019928
VEN,1886-06-23,3.4972074321599997,10.96758,21.532,162419.07078580715,-0.041505633118209984,-0.008178455986559974
VEN,1887-06-29,3.6677871614799997,11.9859,21.66875,169266.20877900202,-0.09897491686134441,-0.10317699452048168
VEN,1888-07-05,3.87345053732,11.98198,21.8942,176916.7422111792,-0.001829053208336151,-0.009571697300808535
VEN,1889-07-11,3.66825160884,11.69662,22.133390000000002,165733.8351169884,-0.03699294056233504,-0.04508759724498801
VEN,1890-07-17,3.91825422872,12.16793,22.38208,175062.11347292122,0.09889707175532969,0.0896492464014953
VEN,1891-07-23,4.18805342696,12.66134,22.67829,184672.36405213972,-0.10580052777923643,-0.11474599334801305
VEN,1892-07-29,4.09226234924,12.54692,22.97313,178132.55526086345,-0.008328530227490583,-0.0179327975811161
VEN,1893-08-04,3.02487205228,12.62649,23.28557,129903.28569496045,-0.26299827130160813,-0.2704590212735085
VEN,1894-08-10,4.5905248974,13.02151,21.89918,209620.85783120646,0.04677293850475883,0.10500959141242672
VEN,1895-08-16,4.48736479308,12.93677,21.77754,206054.7147694368,-0.0640905126479352,-0.06561321062167469
VEN,1896-08-22,4.89459485372,13.39384,22.07828,221692.76110820228,0.09296785814695618,0.0818460460307886
VEN,1897-08-28,4.81097780748,13.43424,22.39613,214812.90774254303,-0.17226017827799334,-0.18124565854331154
VEN,1898-09-03,4.4817237389599995,13.16071,22.72252,197237.09073465443,-0.0303751120935406,-0.04110456006026075
VEN,1899-09-09,7.18319665908,13.9179,23.37518,307300.16449413437,0.48538987019627955,0.45383754109268604
VEN,1900-09-15,7.05483919556,15.65239,24.084029999999995,292926.0259001505,-0.027449087376059444,-0.04941433479414459
VEN,1901-09-21,7.25630743968,16.39297,24.48009,296416.6978013561,0.016071063793304585,0.003487347231454496
VEN,1902-09-27,6.65511622152,16.32975,24.89847,267290.1676898219,-0.05514691177135034,-0.06697366901981405
VEN,1903-10-03,7.15479068148,15.41948,25.24469,283417.64868097013,0.07654040827583874,0.06577610588536764
VEN,1904-10-09,7.5562897399599995,15.73957,25.727619999999998,293703.41057431663,0.029246100978217227,0.014953058105566353
VEN,1905-10-15,8.04204446916,16.19051,26.5357,303065.0960464582,0.042189539864076364,0.01650082441174594
VEN,1906-10-21,8.7309736436,16.29399,28.08794,310844.2144066101,0.05796385873023158,0.012381839068233536
VEN,1907-10-27,8.9957907026,16.28823,29.317450000000004,306840.8303791769,0.022977194036554405,-0.009265709263330812
VEN,1908-11-02,9.4618199702,16.4511,31.039900000000003,304827.65634554235,0.04788129062139568,0.002488677005849649
VEN,1909-11-08,10.28116538904,15.41961,32.51671,316180.9847626036,0.05500435796069736,0.02005296668659451
VEN,1910-11-14,11.60698769984,15.59857,33.59473,345500.2525646136,0.0668785613359062,0.042124859787263436
LAH,1837-01-13,0.10422269572000001,8.70273,0.73714,141387.92592994546,0,0
LAH,1838-01-19,0.10513893832,8.27583,0.73764,142534.21495580502,-0.014017032928918205,-0.019959172195790797
LAH,1839-01-25,0.1268237074,8.85793,0.7610500000000001,166643.06865514748,0.03523303128700506,0.018094404106278272
LAH,1840-01-31,0.1224366806,8.63758,0.79522,153965.79638339076,-0.07663709204613256,-0.11200503010635199
LAH,1841-02-06,0.13667399148,8.32456,0.84994,160804.28204343835,0.12505504570747905,0.07731744614761982
LAH,1842-02-12,0.1542085038,8.44245,0.86963,177326.56854064373,0.07848857709270063,0.0534842875581405
LAH,1843-02-18,0.15498019628,8.17169,0.9079800000000001,170686.7951716998,0.09120625193349108,0.05977296219609851
LAH,1844-02-24,0.17298859812,7.08284,0.93162,185685.7926193083,0.04740555407648972,0.021080795681923226
LAH,1845-03-02,0.17838341508,7.96478,0.945,188765.51860317463,0.024801645259690197,0.01867961326491918
LAH,1846-03-08,0.18055782212,7.90972,0.9374,192615.55592063154,0.012059051873385629,0.0182440633806098
LAH,1847-03-14,0.16257860216,7.48799,0.92755,175277.45367904697,-0.10010229639657753,-0.09254787887753557
LAH,1848-03-20,0.16240046056000002,7.7904,0.9179100000000001,176924.1652885359,0.0015541106357723766,0.009614617343719045
LAH,1849-03-26,0.1661747906,7.81177,0.9094599999999999,182718.0861170365,0.013056225242891628,0.02020887522194581
LAH,1850-04-01,0.14651832832,8.01712,0.90146,162534.47553968008,-0.11597077581601334,-0.1102028107253642
LAH,1851-04-07,0.1478544132,8.62426,0.89536,165134.03904574696,0.0037432120998259766,0.009166279533659116
LAH,1852-04-13,0.13489348131999998,8.4098,0.8901300000000001,151543.57377012345,-0.06736729245869832,-0.06340937177431027
LAH,1853-04-19,0.12892798776,7.24075,0.8836699999999998,145900.60515803413,-0.01805335764570204,-0.012416633836679125
LAH,1854-04-25,0.12448098467999999,8.27453,0.87892,141629.48241023073,0.022500965183128274,0.026721956768084976
LAH,1855-05-01,0.14165745204,7.59148,0.8742299999999998,162036.82330736765,0.09118437352215336,0.09540469160501597
LAH,1856-05-07,0.12304775184,7.80298,0.86955,141507.3909953424,-0.13241270531492655,-0.128807999051621
LAH,1857-05-13,0.12226403488000001,7.97378,0.86496,141352.24158342584,0.008562545510361064,0.012570606536178808
LAH,1858-05-19,0.12284998804,7.81004,0.8605899999999999,142750.8895525163,0.03392395294533057,0.037777862630070436
LAH,1859-05-25,0.12559566188,7.2433,0.8524600000000001,147333.20259015085,-0.004990503631149168,0.002346240897558971
LAH,1860-05-31,0.11201755604,7.83959,0.84778,132130.45370261153,-0.07807379036318585,-0.07428205904930485
LAH,1861-06-06,0.12745173532,8.29682,0.84674,150520.5084441505,0.11772168282297768,0.11855458144703945
LAH,1862-06-12,0.14690853528,7.85522,0.84619,173611.76010115934,0.19413123248116881,0.1950103780465653
LAH,1863-06-18,0.1389115962,7.15114,0.84454,164481.96201482465,-0.038266874169945786,-0.036865357670874066
LAH,1864-06-24,0.14181389092000002,6.82436,0.84144,168537.1398079483,0.01563499024915993,0.01847941385513563
LAH,1865-06-30,0.12692815095999999,7.07877,0.83817,151434.85326365774,-0.10281763245394193,-0.10024255543487837
LAH,1866-07-06,0.11029292040000001,6.16755,0.7283200000000001,151434.69958260105,-0.08852851734425882,0.036759138237577815
LAH,1867-07-12,0.11333068968,6.76037,0.82353,137615.73917161487,0.01138436617841454,-0.03472202981397743
LAH,1868-07-18,0.10391056832000001,6.27641,0.81733,127134.16651780799,-0.025926671791545508,-0.020520905483107255
LAH,1869-07-24,0.10251661315999999,5.6846,0.80499,127351.41201754058,-0.1888456915790776,-0.17935016770010614
LAH,1870-07-30,0.12467705379999999,5.93455,0.79415,156994.33834917835,0.23033485197207337,0.24333181579220375
LAH,1871-08-05,0.13321107904,6.01578,0.7861100000000001,169456.0291053415,0.06326132887240576,0.0713773331993266
LAH,1872-08-11,0.0506294438,6.77499,0.77154,65621.28185188066,-0.23840448465628472,-0.23037171076753227
LAH,1873-08-17,0.1254288516,6.49472,0.7301199999999999,171792.10485947516,1.1525132959868905,1.2523871510559768
LAH,1874-08-23,0.049965681479999996,7.33143,0.6975199999999999,71633.3316320679,-0.5855703481519272,-0.5725210330112502
LAH,1875-08-29,0.01077108188,3.11721,0.64123,16797.532679381813,-0.7285999008997188,-0.7114530604451361
LAH,1876-09-04,0.009539342280000002,3.15578,0.56986,16739.79974028709,-0.25260384349979004,-0.17532638574059223
LAH,1877-09-10,0.0066502488,2.60709,0.50742,13106.004493319146,-0.3035383165870713,-0.24043186045159015
LAH,1878-09-16,0.01082422484,3.79336,0.45632,23720.689077840114,0.3640422967978485,0.48433722894904063
LAH,1879-09-22,0.010343109920000001,3.17194,0.41531,24904.55303267439,0.0450043226645227,0.1252833937985598
LAH,1880-09-28,0.009625915,3.08281,0.37011,26008.254302774854,-0.1688700620724789,-0.0938547523240284
LAH,1881-10-04,0.008241693719999998,3.30818,0.33014,24964.23856545708,-0.12957528456854506,-0.05123169574466413
LAH,1882-10-10,0.018639606960000003,6.37769,0.33331,55922.73547148301,0.06255272322326011,0.06451651170510742
LAH,1883-10-16,0.01895484344,6.40414,0.33449,56667.8927322192,-0.18168284184369365,-0.18400564471507308
LAH,1884-10-22,0.062345700559999995,8.51285,0.5481,113748.76949461777,1.6509677974212558,0.6971947959483871
LAH,1885-10-28,0.07273430476,7.85987,0.70223,103576.1855232616,0.07375246601154517,-0.1178918773419545
LAH,1886-11-03,0.0776923082,7.87517,0.76617,101403.4851273216,-0.06154707593116382,-0.10396699434766676
LAH,1887-11-09,0.106211157,7.80699,1.04484,101653.03491443666,0.05790341494981632,-0.16376278071597872
LAH,1888-11-15,0.061982184679999996,7.3162,1.23513,50182.7213977476,-0.16031356869765945,-0.25418390079273046
LAH,1889-11-21,0.08685347943999999,6.48206,1.32294,65651.86587449166,0.4809360493196646,0.39702126659898296
LAH,1890-11-27,0.0902577338,6.24636,1.3336499999999998,67677.22700858547,0.013831277171332257,0.011941675917175765
LAH,1891-12-03,0.0882230336,6.35255,1.38882,63523.734969254474,-0.050724469326552724,-0.07624819546311568
LAH,1892-12-09,0.08990492888000001,6.45755,1.40069,64186.17172964753,-0.013411152677636817,-0.021510076353459584
LAH,1893-12-15,0.09008936195999999,6.65839,1.42489,63225.48544799949,0.01734458832197472,0.0030141452722109996
LAH,1894-12-21,0.08571584424,7.67446,1.4405,59504.23064213816,-0.05370390548090742,-0.06136166429578016
LAH,1895-12-27,0.063753794,7.3989,1.44863,44009.7153862615,-0.04251003557749855,-0.046523679375814586
LAH,1897-01-02,0.0746887674,6.34371,1.44913,51540.4190100267,0.057997220474530486,0.05685202951937107
LAH,1898-01-08,0.07678477404,6.47572,1.43908,53356.84884787504,0.033662990202501186,0.03892597787976837
LAH,1899-01-14,0.07245125732,7.0415,1.4336,50537.98641183036,-0.05215919676611447,-0.04897353994364528
LAH,1900-01-20,0.07924845968,6.3196,1.43755,55127.44577927724,0.0347672507046779,0.032010319656031516
LAH,1901-01-26,0.06145010092,5.98269,1.38809,44269.53649979468,-0.3122939068081365,-0.2893614224166162
LAH,1902-02-01,0.05973251544,6.14957,1.20326,49642.2347954723,-0.03098150763487595,0.021221382590906668
LAH,1903-02-07,0.07710074788,7.58525,1.35556,56877.41441175602,0.26693487620238776,0.12097649691834711
LAH,1904-02-13,0.06488786928,7.99766,1.11323,58287.92727468717,-0.15881698087867302,-0.027544425737901612
LAH,1905-02-19,0.06949815392,9.14862,0.9921499999999999,70048.03096306002,0.04235675325706523,0.13296810789830626
LAH,1906-02-25,0.06449160796,9.00648,0.99854,64585.903378933246,0.07099503730308987,0.06589918448403242
LAH,1907-03-03,0.07157111415999999,8.42063,0.99989,71578.98784866335,0.10875756048098495,0.10852500242312324
LAH,1908-03-09,0.06212906388,5.53823,0.95031,65377.68084098873,-0.20649398844537492,-0.17625022797526813
LAH,1909-03-15,0.05893096924,5.31295,0.85269,69111.83342129027,-0.03444951799753149,0.04757384641401874
LAH,1910-03-21,0.05470733268,4.66192,0.76486,71525.94289150956,-0.05532847515771144,0.02720960369964809
LAH,1911-03-27,0.07868126188,6.2943,0.69907,112551.33517387387,0.06325723594697119,0.14136619441369302
