country,date,gdp,sol,pop,gdpc,gdpGrowth,gdpcGrowth
SEL,1890-04-10,0.04493959652,6.20222,1.3939001601869454,32240.1831950237,0.020425674907409208,0.026984755949798434
SEL,1891-04-23,0.043639673999999996,6.68748,1.40506,31058.93983175096,-0.02261510250406573,-0.022376624001125167
SEL,1892-04-22,0.047054490080000004,6.6436,1.4238259577603032,33047.92262252146,0.04032843490871407,0.035534208977899384
SEL,1893-05-05,0.05463677128,6.84372,1.40506,38885.72109376112,0.04646651462134721,0.05803153796376548
SEL,1894-05-18,0.06507925215999999,8.85473,1.4050926033592588,46316.69969965696,0.10463094465605738,0.09295867428223281
SEL,1895-05-10,0.07161192688,9.27256,1.40506,50967.16644129076,0.04524578729809092,0.04428793189966829
SEL,1896-05-16,0.06879474316,9.0255,1.40506,48962.13909726275,-0.005738595131637991,-0.011163874820671604
SEL,1897-05-29,0.06891035424,9.08762,1.40506,49044.42104963489,0.0034232649600594023,0.006264417646238085
BER,1837-01-13,0.3350328358,8.83195,11.48505,29171.212646005024,0,0
BER,1838-01-19,0.30471235548000003,8.72215,11.73459,25967.02189680253,-0.02717490434243608,-0.04205404630049625
BER,1839-01-25,0.46502670708000005,9.46491,11.98919,38787.16636236476,0.5170584208341942,0.4920916577759429
BER,1840-01-31,0.47463766220000003,8.6048,12.23865,38781.86419253758,-0.0015335228040165294,-0.01652110935563822
BER,1841-02-06,0.50376721044,8.73321,12.4746,40383.43597710547,0.05276118988561307,0.03744150916894795
BER,1842-02-12,0.5029327212,8.75416,12.71571,39552.07544053773,-0.0006708747420556271,-0.015192509940816001
BER,1843-02-18,0.56161573728,8.73867,12.97083,43298.36543073959,0.1075368313162619,0.09157531165761545
BER,1844-02-24,0.6026030020400001,9.50699,13.23654,45525.719110885475,0.028096802967794376,0.012058564007818795
BER,1845-03-02,0.64200176872,9.52385,13.51253,47511.58877871132,0.03692619940527164,0.020717047463172378
BER,1846-03-08,0.70418418772,9.6618,13.74839,51219.392795811,0.09094310435398834,0.07597997993364403
BER,1847-03-14,0.6540499763200001,8.2843,13.73178,47630.385596040716,-0.06706094386379147,-0.06683930177035036
BER,1848-03-20,0.82017043836,9.05675,13.6365,60145.230694093065,0.08926821551660336,0.09536536792871209
BER,1849-03-26,0.8488014043600001,9.20972,13.69153,61994.63495752484,-0.006218601288517256,-0.0090525568147245
BER,1850-04-01,0.87291293284,9.33404,13.94506,62596.57060206267,0.024780743714562403,0.01047495398795828
BER,1851-04-07,0.9766872596,9.38573,14.21263,68719.6711375727,0.08052367002824568,0.06558200719907736
BER,1852-04-13,1.08039879168,10.04341,14.494120000000002,74540.48894862192,0.051420866194131776,0.035737146455345536
BER,1853-04-19,1.08984390372,10.11157,14.788,73697.85662158507,-0.004282323996996351,-0.01946904352909351
BER,1854-04-25,1.2276383740399999,10.07743,15.067219999999999,81477.43074303023,0.10039129658717583,0.08622432774427291
BER,1855-05-01,1.38614869744,10.08636,15.36837,90194.90664527207,0.08545538516496132,0.06891430696378986
BER,1856-05-07,1.58635303372,10.12952,15.475899999999998,102504.73534463263,0.14630909285503302,0.14035998590079912
BER,1857-05-13,1.9514152231600002,10.07136,15.5383,125587.43383510424,0.20452726628281703,0.2009903931856012
BER,1858-05-19,1.7261890656399999,10.28882,15.88937,108637.98033779816,-0.08633628965113771,-0.10264722341708976
BER,1859-05-25,2.1829874450799998,10.33557,16.30681,133869.680524885,0.12021919840215478,0.0986936706330157
BER,1860-05-31,2.3292186465599998,9.82243,16.84265,138292.88422902572,0.10393311079132816,0.07769459516770905
BER,1861-06-06,2.46956571368,10.59085,17.14789,144015.7193497276,0.01922161873094641,0.004156184090521986
BER,1862-06-12,2.6804776226800002,10.55337,17.33222,154652.87324301215,0.03341091598840995,0.02569328369940549
BER,1863-06-18,2.7939928744,10.56179,17.51031,159562.73043709676,0.050207728593400835,0.041632261225236444
BER,1864-06-24,3.10448954868,10.05293,17.61405,176250.75145579808,0.11393858167358362,0.10848290413791273
BER,1865-06-30,3.40039085776,10.94443,17.75036,191567.43061887196,0.0633586111857023,0.057558494345144595
BER,1866-07-06,3.5558972987199997,11.01163,17.92622,198362.91748734534,0.01124792296425059,0.0030869014744581147
BER,1867-07-12,4.00431402488,11.09521,18.3169,218613.08545004885,0.11468321071286325,0.09318154360426933
BER,1868-07-18,4.2231137962,11.12009,18.50036,228271.97936688797,0.033236255885301436,0.025239899127558862
BER,1869-07-24,4.62094819212,10.97173,18.70136,247091.55869519647,0.09794965760360563,0.08899404206896633
BER,1870-07-30,4.9419539733199995,10.89564,19.00498,260034.68424170927,0.05531645189128542,0.04337733482249595
BER,1871-08-05,5.01921191876,10.81752,19.28904,260210.56095896944,0.0271202983413672,0.015461890972662262
BER,1872-08-11,5.29891821836,11.26399,19.54164,271160.36414343934,0.04815171218085701,0.03751613031228329
BER,1873-08-17,5.55299245748,11.65167,19.86701,279508.2127345786,0.04072318386653628,0.02831373498100964
BER,1874-08-23,5.89364696804,11.75846,20.20016,291762.3903988879,0.021685197776142306,0.008421779459960366
BER,1875-08-29,6.155563601200001,11.70259,20.54018,299684.0145120442,0.033550683382686186,0.02188670461649278
BER,1876-09-04,6.0385621322,11.66659,20.87008,289340.6317656664,-0.0056953546118529985,-0.01727051127081769
BER,1877-09-10,6.126288657840001,11.68464,21.24935,288304.75557322934,0.012523753732884169,-0.0006185828829174955
BER,1878-09-16,6.170265673519999,11.71514,21.66924,284747.6733618715,-0.004385784400365633,-0.014724868325938667
BER,1879-09-22,6.68538792896,12.1194,22.52746,296766.16577989707,0.045742239949515096,0.01626361871719384
BER,1880-09-28,6.70917313404,12.29607,23.20066,289180.27047678817,-0.009659897912392856,-0.03191062742832318
BER,1881-10-04,6.91336028344,12.1069,23.738839999999996,291225.6994629898,0.0007080379020405481,-0.015110477572148562
BER,1882-10-10,7.14088052444,12.04401,24.50314,291427.16094508703,0.019390350719800553,-0.0034736072607495228
BER,1883-10-16,7.8848174891200005,12.32392,25.32753,311314.11113203695,0.027880666329872072,0.0019895610340106007
BER,1884-10-22,8.29099607908,12.32822,26.117940000000004,317444.48754687386,0.04015843917082895,0.016058558932185774
BER,1885-10-28,8.35738972744,12.16017,26.935560000000002,310273.47222185094,0.009615143518982405,-0.013995734695422146
BER,1886-11-03,8.97460362604,11.71472,27.63485,324756.7338357183,0.037769043259191504,0.016739807947856677
BER,1887-11-09,9.23554774688,12.03945,27.86764,331407.60203878046,0.027655683248954732,0.021820981432379982
BER,1888-11-15,9.70790214368,12.33486,27.813660000000002,349033.60951705027,0.05032460321191867,0.050530547504401335
BER,1889-11-21,8.94147951996,12.22407,28.82081,310243.866149494,0.02195931166594689,-0.006787007006117229
BER,1890-11-27,5.05218372464,11.59402,29.35459,172108.81584924195,-0.4978045689938897,-0.5045263631683417
BER,1891-12-03,6.04387633564,9.81688,68.43127,88320.38826168212,0.04416402533223529,-0.5513441437522941
BER,1892-12-09,7.14540070036,10.02549,69.25264,103178.74813667753,0.10062834302256474,0.09115175584018353
BER,1893-12-15,7.84896790392,10.13496,70.14206,111901.01779046695,0.06260126860384219,0.05209542933120637
BER,1894-12-21,7.933048542120001,9.8741,70.95484,111804.19182285521,0.02056663358574462,0.011573438515347867
BER,1895-12-27,7.62207071392,9.94212,71.73683,106250.45341312127,-0.04139812756387995,-0.04899112529438476
BER,1897-01-02,7.875105146479999,9.93176,72.4995,108622.8890748212,0.016734003233657146,0.008562300720550642
BER,1898-01-08,7.94353145508,9.93041,73.38751,108240.9180401406,0.007794179367885512,-0.0015240298837330135
BER,1899-01-14,8.48769150684,10.16664,74.23188,114340.24716658125,0.05414510359241409,0.045580053973062196
BER,1900-01-20,9.00614639496,10.24037,75.14412,119851.64501174542,0.05622934786717937,0.0462622992418773
BER,1901-01-26,8.59057019132,10.18163,76.13351,112835.59882264721,-0.022107354198566798,-0.016029744884410446
BER,1902-02-01,8.92027015412,10.23142,77.10348,115692.186061122,0.021264293677178747,0.011302590091729403
BER,1903-02-07,8.850118931159999,10.24479,78.06727,113365.29292186085,-0.0004041120220960037,-0.009822697249952994
BER,1904-02-13,8.74125331352,10.25658,79.04445,110586.55368618542,-0.026815001988290343,-0.03573991369191298
BER,1905-02-19,14.34619656184,10.65385,79.81446,179744.32905816816,0.41189362988831446,0.4011128853499635
BER,1906-02-25,17.67372927268,10.05376,79.56285,222135.44729330335,0.15463069787395156,0.15814205240667567
BER,1907-03-03,18.89882825428,10.39247,75.43554,250529.5018008753,0.07427300128461867,0.12038313865567818
BER,1908-03-09,20.605176678320003,11.16361,73.58842999999999,280005.65684469696,0.055896917639705945,0.07789461502880246
BER,1909-03-15,20.960463048719998,11.71249,73.63731,284644.60541429336,0.05416668859709328,0.051493354507706535
BER,1910-03-21,20.1621484142,12.38576,73.26959,275177.5793231544,-0.02080236435302707,-0.016936443173351856
BER,1911-03-27,20.885642012559998,12.37751,72.85771,286663.44320402056,0.004121924579145508,0.008634127850652984
BER,1912-04-02,20.749527795880002,12.65436,73.04958,284047.1881683645,-0.0064060868505331214,-0.008339931662291411
BER,1913-04-08,20.8835058744,12.80488,73.34412,284733.19844044757,-0.017748711699406283,-0.02141054147720267
BER,1914-04-14,20.606071035160003,12.72787,72.95976,282430.6307361757,-0.0015193632596278706,0.002878768155672118
BER,1915-04-20,20.84788822168,13.26642,72.46795,287684.2552008164,0.026836235768359362,0.03210496997212631
BER,1916-04-26,21.405681953760002,13.48553,71.74355,298363.8522732706,0.025451355778482565,0.0315667130310604
BER,1917-05-02,22.05404720948,13.51485,69.9708,315189.2962418609,0.03039534880890371,0.051403882462606854
BER,1918-05-08,23.664790736079997,13.43529,69.79383,339067.0885389152,0.012192675464445468,0.014440146743846416
BER,1919-05-14,24.16516712064,13.70485,69.54396,347480.45870036737,0.04041887693979174,0.04291400727207906
BER,1920-05-20,15.11705195208,14.35053,69.32457,218061.9649293173,-0.10834198951027085,-0.10447317945639045
BER,1921-05-26,13.41103741172,11.27342,69.18573,193841.09138864328,-0.16196879492608895,-0.16338819476133148
BER,1922-06-01,18.4977919412,13.08137,65.78714,281176.4113959051,0.28357286386271063,0.32894761207932266
BER,1923-06-07,24.178681562879998,14.43264,67.54981,357938.5576788447,0.20434678935465755,0.1706719512717929
BUK,1837-01-13,0.44507104668,6.6844,14.81555,30040.804875958034,0,0
BUK,1838-01-19,0.45580698436,6.55071,14.89117,30609.212329185684,0.018253890265059747,0.01432202044122799
BUK,1839-01-25,0.46782051160000004,6.51114,14.94659,31299.48112579525,0.020602000854166747,0.017739542942284636
BUK,1840-01-31,0.47604442080000003,6.53175,14.9984,31739.680285897164,0.012027585935575846,0.00936600656871911
BUK,1841-02-06,0.48762752532000003,6.53266,15.05001,32400.478492705322,0.01766316457039241,0.015099754729943626
BUK,1842-02-12,0.50059833252,6.54547,15.095490000000002,33162.11216197685,0.017895670347761294,0.015509155099576732
BUK,1843-02-18,0.51131675348,6.54771,15.140229999999999,33772.05983528652,0.017136783066253214,0.014861060423835504
BUK,1844-02-24,0.67443411204,5.60373,15.161309999999999,44483.894336307356,0.32118951171818777,0.3195922474844657
BUK,1845-03-02,0.6800619254,5.66479,15.15382,44877.26034755593,0.005152427176812635,0.005528810772040149
BUK,1846-03-08,0.5349239833599999,6.71909,15.188080000000001,35219.98721102338,-0.16273262845032288,-0.16429498524587283
BUK,1847-03-14,0.53999480288,6.74865,15.23634,35441.24132698535,0.007071655803676746,0.004687533569818214
BUK,1848-03-20,0.54767613472,6.78326,15.28426,35832.68897022165,0.010948012650869421,0.008518344795108712
BUK,1849-03-26,0.5516648222799999,6.78467,15.33297,35978.993129185015,0.011475185787818809,0.0090818822534815
BUK,1850-04-01,0.56616539356,7.29452,15.406129999999997,36749.358441088065,0.01834552427570424,0.014616314731864755
BUK,1851-04-07,0.57901402364,7.4047,15.48469,37392.67777656511,0.014744356637218292,0.010791515457660772
BUK,1852-04-13,0.59679430824,7.38989,15.56968,38330.54425267572,0.025560719837529167,0.021387434624678736
BUK,1853-04-19,0.6156161024,7.39602,15.652260000000002,39330.81244497599,0.025231785871102197,0.021125289989042173
BUK,1854-04-25,0.72105205016,6.15399,15.71862,45872.478001249474,0.10839213118241808,0.10457455817056327
BUK,1855-05-01,0.6354671757200001,6.53789,15.74442,40361.42174306834,0.04236332096303763,0.04101243900866125
BUK,1856-05-07,0.6407393584800001,6.55068,15.77334,40621.66658932097,0.005869898357890202,0.004468057830755212
BUK,1857-05-13,0.62828292436,6.50177,15.801770000000001,39760.2878892681,-0.020660650339011433,-0.02199861608877529
BUK,1858-05-19,0.62899982808,6.5128,15.831099999999998,39731.909221721806,0.0009425295004616974,-0.0004305175617416168
BUK,1859-05-25,0.63074537136,6.62037,15.867,39752.0244129325,0.0019886142405702856,0.0002462918065961883
BUK,1860-05-31,0.63200463716,6.62735,15.90561,39734.69971664086,0.0016394269645116921,-0.0001255913336704051
BUK,1861-06-06,0.66589339336,6.03145,15.93879,41778.16467623954,0.10217494174662667,0.10028577154601725
BUK,1862-06-12,0.64584782704,6.79104,15.981180000000002,40413.025010668796,-0.03657009900201236,-0.03855434917590661
BUK,1863-06-18,0.68794194664,6.77459,16.02881,42919.090477708574,0.06517764986298524,0.06286943039398452
BUK,1864-06-24,0.69671870268,6.79638,16.07193,43350.033423490524,0.0030545324121875606,0.0009371970304936639
BUK,1865-06-30,0.7536720958,6.25751,16.09686,46821.06297749996,0.05995718626184199,0.05876533463154421
BUK,1866-07-06,0.75144441424,6.24921,16.10054,46672.000705566395,0.0008951821070519728,0.0006744198939643287
BUK,1867-07-12,0.7651977949200001,6.19434,16.07608,47598.531166801855,0.028427132816011058,0.02926366576367223
BUK,1868-07-18,1.26570855424,6.13117,16.07824,78721.83486749794,0.8390495102025066,0.8383961655488696
BUK,1869-07-24,1.3791499072,6.14776,16.06253,85861.31245824911,0.16042616551960776,0.16045035564805987
BUK,1870-07-30,1.4307022574,6.07122,16.05442,89115.78602029846,-0.05849706150506828,-0.058091787820376606
BUK,1871-08-05,1.68483086928,6.35561,16.07734,104795.37468760379,0.08419923862127088,0.08309148437905911
BUK,1872-08-11,1.7120867452,6.45582,16.09941,106344.68873082928,0.12044110050681578,0.11927422037531055
BUK,1873-08-17,1.61325776144,6.75067,16.16155,99820.73263022421,-0.16676353072186711,-0.16917117696524808
BUK,1874-08-23,2.01095173136,8.54855,16.28994,123447.46090900272,0.21863208436224046,0.21161262157713256
BUK,1875-08-29,2.1543155972,8.34466,16.46415,130848.8805799267,0.05623445019926132,0.0476894064313651
BUK,1876-09-04,1.8790153730399999,8.20065,16.63626,112946.98285792599,-0.10989864007147943,-0.11677096087320304
BUK,1877-09-10,2.04882105064,8.22367,16.80992,121881.66574498866,0.016227871252366688,0.00827595099762557
BUK,1878-09-16,2.4420033377999997,8.14458,16.97776,143835.4257452102,0.22265803375051285,0.21336678241822815
BUK,1879-09-22,2.70011400932,8.2486,17.15397,157404.6130032873,0.0748815298268517,0.06670669999941103
BUK,1880-09-28,2.72254773024,8.29809,17.33015,157098.913179632,0.001281813953088573,-0.006448024348450709
BUK,1881-10-04,2.5622886884400002,8.27575,17.50573,146368.57123010582,-0.07558409334026461,-0.08269766104281806
BUK,1882-10-10,2.97321871392,8.25273,17.68694,168102.49336063786,0.16954232316547713,0.16065756165890477
BUK,1883-10-16,2.69399592696,8.41798,17.86933,150760.88062395176,-0.07986797419605929,-0.0869850054702832
BUK,1884-10-22,2.799069286,8.47842,18.06238,154966.8031566161,-0.01034773636132047,-0.018339323759994475
BUK,1885-10-28,3.14433370264,9.39431,18.31038,171724.10963835815,0.11285543366021078,0.10145463145442468
BUK,1886-11-03,3.2658340582400003,9.5444,18.55547,176003.84459353497,0.021987290373051804,0.011653817252871068
BUK,1887-11-09,3.52120242552,9.88522,18.81315,187167.0839556374,0.032587245307653445,0.02201460139783329
BUK,1888-11-15,3.69587536188,10.43523,19.08699,193633.22147075052,0.06588342741103581,0.054500421160827095
BUK,1889-11-21,4.6260418074,10.78679,19.35897,238961.1537907234,0.18976612840964657,0.17704768069193744
BUK,1890-11-27,4.66724565736,10.89739,19.65937,237405.65732065676,-0.014883884449360618,-0.02615806033808954
BUK,1891-12-03,5.21110967156,11.10126,19.96273,261041.93522429044,0.04055863720559261,0.028518326394701754
BUK,1892-12-09,5.87377941592,11.38401,20.27013,289775.1230959051,0.07083478725368098,0.05839425165213674
BUK,1893-12-15,6.51835731508,11.73921,20.59598,316486.8734131612,0.07776707142007466,0.06513701580750841
BUK,1894-12-21,6.351993064039999,11.93371,20.93156,303464.86664347997,-0.04170898246558896,-0.05343345916062758
BUK,1895-12-27,6.90287647556,12.41094,21.27386,324476.91559312696,0.047168544328162865,0.03443089923544229
BUK,1897-01-02,7.217406371759999,12.54236,21.62234,333793.95438976533,0.045229110362245306,0.03251606230838999
BUK,1898-01-08,7.06747248168,12.62448,21.96928,321697.9564956157,-0.04196622108303005,-0.05345078849371809
BUK,1899-01-14,7.414081213759999,12.53045,22.3375,331911.86183592613,0.04310685510159962,0.03024547981793635
BUK,1900-01-20,7.8084474109199995,12.49775,22.69405,344074.65441029693,0.0272796030196627,0.015026248808753806
BUK,1901-01-26,8.24678093616,12.59566,23.05068,357767.3602757055,0.08282384112066854,0.07013898286925047
BUK,1902-02-01,7.90265630856,12.49194,23.42545,337353.44715085515,-0.04709955030466695,-0.05846532555899908
BUK,1903-02-07,8.323627468,12.41283,23.79807,349760.6094948036,0.018621252291362467,0.006386966458716836
BUK,1904-02-13,7.95288617188,13.07066,24.16912,329051.54063863313,0.016151698031655393,0.004279796735442654
BUK,1905-02-19,8.01894302976,13.16787,24.56662,326416.21149999474,0.004926035413859831,-0.007241893356875195
BUK,1906-02-25,8.256954007640001,13.38219,24.97918,330553.44521477487,0.017640232483366436,0.004828111489556086
BUK,1907-03-03,7.61475234832,13.13392,25.38317,299992.17388214316,-0.040562658920372474,-0.05224660932684666
BUK,1908-03-09,7.40362986376,13.18116,25.77947,287190.92610360106,-0.06307031074164882,-0.07375728975415174
BUK,1909-03-15,7.18690473852,13.06015,26.151160000000004,274821.64227208274,-0.023078769371950414,-0.03383885645713658
BUK,1910-03-21,6.96144040072,12.94497,26.53741,262325.53970866033,-0.06462590183152306,-0.07455124887960674
BUK,1911-03-27,7.1723444166400006,13.18355,26.953930000000003,266096.42514616606,0.01814347927462201,0.006168122673428478
BUK,1912-04-02,7.28083152836,13.33254,27.38106,265907.5845989892,0.0294396235340737,0.017076085271301666
BUK,1913-04-08,6.85871908644,13.58504,27.84165,246347.43581792025,-0.03595508003699066,-0.04789992003066723
BUK,1914-04-14,8.0447934944,12.75747,28.3096,284171.92381382996,0.11360700867468032,0.09965140433426178
BUK,1915-04-20,8.707172799,13.35382,28.78237,302517.5758285367,0.06972695511518157,0.0563857241867487
BUK,1916-04-26,9.03318853112,13.57017,29.27089,308606.55521987885,0.004661288936717911,-0.007981440586043553
BUK,1917-05-02,10.11555642188,13.69104,29.7603,339901.023238341,0.0758935199156563,0.062498748761459666
BUK,1918-05-08,10.46532115616,14.28445,30.266889999999997,345767.9714090216,0.019881705360617064,0.006937893482503288
BUK,1919-05-14,9.78468982244,14.57859,30.777059999999995,317921.52409749344,-0.05143512127129568,-0.06328509848383357
BUK,1920-05-20,10.51304004036,14.53116,31.28747,336014.38660140947,0.02199018699267241,0.00928662994255336
BUK,1921-05-26,10.45407469756,14.15066,31.816519999999997,328573.79429177043,0.003095036291483222,-0.009374212349894995
BUK,1922-06-01,10.472231062799999,13.85705,32.34078,323808.8587473771,-0.00146357645744144,-0.013772332764881212
BUK,1923-06-07,11.08721501472,13.86047,32.88416,337159.7454433989,0.02903648333900888,0.01611358380554795
PER,1844-11-17,3.92239765424,7.50954,82.88649,47322.520886576334,-0.04488940799993546,-0.06084760221749419
PER,1845-11-30,3.8701229600800002,7.37526,82.88649,46691.842784994275,-0.024340742458623388,-0.031776262094490915
PER,1846-11-29,3.81108041652,7.31102,82.88649,45979.512662678804,-0.007112825915591037,-0.008211892848384084
PER,1847-12-12,3.963531689,7.39604,82.88649,47818.79036016605,0.09164618102724709,0.08974557897903646
PER,1848-12-25,4.19420308632,7.85836,82.88649,50601.76979770768,0.003956401665653697,0.003875153772832096
PER,1849-12-17,4.04439229532,7.87601,87.72416,46103.51692532593,-0.013063842957427796,-0.07087447890411169
PER,1850-12-23,3.97117997016,7.79729,88.81632545813697,44712.27502011205,-0.08771774533007048,-0.09584040971041508
PER,1852-01-05,4.1592248386,8.17641,88.49171,47001.29355167846,0.05915167382262121,0.06000191305833291
PER,1853-01-04,4.354540647079999,7.99699,104.2730252956467,41760.9504925508,0.04843588410447053,-0.07345632817207415
PER,1854-01-17,4.49101845764,8.04048,105.12084999999999,42722.432872641344,0.0145854927591611,-0.0006576151464866564
PER,1855-01-30,4.602868648559999,8.05139,108.45103421378342,42441.90645048736,0.0065088826046006965,-0.021340581729919705
PER,1856-01-22,4.678037950039999,8.06307,110.74195,42242.69077833648,0.014079847329885098,-0.005695360633727442
PER,1857-01-28,4.696077091679999,8.29166,112.2747919527313,41826.63810819699,0.0036762030376737975,0.00005722710762645633
PER,1858-02-10,5.3107209558,8.23096,111.95838,47434.778493579484,0.0812773893367138,0.08132365480748893
PER,1859-02-09,5.1663930671600005,8.05791,111.95838,46145.65758418441,0.025511572838013086,0.016418540632671785
PER,1860-02-22,5.2088709556,8.087,111.95838,46525.0654359236,0.037692637416371966,0.039307551416992936
PER,1861-03-07,5.99107002988,7.78617,112.23122368633034,53381.4907571903,0.05140772552717787,0.04687750517545686
PER,1862-02-27,5.90661612476,7.78029,111.95838,52757.248941615624,-0.015231058799769048,-0.0157860711824509
PER,1863-03-05,6.002153429480001,7.64668,111.95838,53610.57769396092,0.013820391743078364,0.012926830848839721
PER,1864-03-18,5.755379399120001,7.84241,111.95838,51406.41905608137,-0.0037403714363972718,-0.009499291147482603
PER,1865-03-17,6.17432081032,7.764,111.95838,55148.357901570205,0.039528559345416436,0.04350646863980767
PER,1866-03-30,6.259412959800001,7.73433,113.21126231998291,55289.666695070075,-0.023918917501589143,-0.020220529349166294
PER,1867-04-12,6.37676454428,7.65827,111.95838,56956.563182496924,0.07342826745280506,0.07989592892229469
PER,1868-04-04,7.8320385364,7.69093,111.95838,69954.91124826921,0.23466201364860662,0.23778504808671697
PER,1869-04-10,8.42483830656,7.66635,111.95838,75249.73393291328,0.03333367926374686,0.032316927540640306
PER,1870-04-23,8.43969487088,7.57934,111.21850457028029,75883.90891865353,0.029787193692430103,0.026905634376798382
PER,1871-04-22,8.79152867008,7.53757,111.95838,78524.97213768188,0.05900396552778098,0.057381800300516206
PER,1872-05-05,8.334238472040001,7.75641,102.93046689635551,80969.59747041712,0.03022348945987252,0.03888604733623002
PER,1873-05-18,8.53641746724,7.89453,111.95838000000002,76246.34678744011,0.023711149321738123,0.00915509529964198
PER,1874-05-10,9.08571801384,7.83119,111.95838,81152.63916680466,0.041304780720330614,0.04023617914637678
PER,1875-05-16,9.27286152156,7.69066,111.95838,82824.18450106191,0.000519604660398576,0.0071204504116613165
PER,1876-05-29,10.0350170206,7.58301,115.15988660190088,87139.86542284732,0.028772618329025113,0.02463015746488484
PER,1877-05-28,10.184294731000001,7.68741,111.95838000000002,90965.00620141163,-0.023276151180932403,-0.025480234904853516
PER,1878-06-10,10.048176762,7.45976,111.95838,89749.21539593552,0.04853535148280419,0.04243387479521332
PER,1879-06-23,11.32718264288,7.6365,111.95838,101173.1559788557,0.1005715843808126,0.09989179327965791
PER,1880-06-15,10.45668996944,7.73936,111.95838,93398.01066646373,-0.07241806876536516,-0.07088550913756786
PER,1881-06-21,10.14583174124,7.75937,111.95837999999999,90621.45898538368,-0.017042172071609518,-0.01854707684187673
PER,1882-07-04,10.5435770024,7.64856,111.95838,94174.07613793625,-0.041086698690187884,-0.04025450268474695
PER,1883-07-03,10.318147385,7.61749,106.46052802752328,96919.93432845312,0.03865988712466617,0.033281013581046404
PER,1884-07-16,10.635893006960002,7.65355,111.95838,94998.63258971772,0.015876320606558192,0.01553009926387694
PER,1885-07-29,11.08817421244,7.50499,111.95838,99038.35882977227,0.050652520636707,0.05115473811090365
PER,1886-07-21,10.60541970956,7.57698,111.95837999999999,94726.4484316404,-0.0031088233578865365,-0.00040518188630744856
PER,1887-07-27,11.29381218836,7.71181,112.60150739954534,100298.94314190684,0.017720284895395455,0.018911371753665085
PER,1888-08-09,12.11171420472,7.6168,111.95838,108180.50604805106,0.08352571599452463,0.08414866482142691
PER,1889-08-08,12.283383173879999,7.53143,111.95838,109713.83449706934,0.04853774528941179,0.04667122638505017
PER,1890-08-21,11.814474707359999,7.7218,111.95838,105525.595380712,-0.07527222966432412,-0.07444149752421458
PER,1891-09-03,11.77464653092,8.84643,112.49123747827933,104671.67750015676,-0.00006553766722228183,0.004230445725773135
PER,1892-08-26,12.20224590364,8.76113,111.95838,108989.12527708957,0.060892718239789145,0.058627681627925865
PER,1893-09-01,12.846102189440002,8.61668,111.95838,114739.97917297481,0.048492498828781594,0.049002968933608004
PER,1894-09-14,13.28020729152,8.63272,111.95838,118617.35844623689,-0.0009080436269598424,-0.0037331811060832276
PER,1895-09-13,13.26208034528,8.29806,111.95838,118455.4505458189,0.017381876077316116,0.018843142432680038
PER,1896-09-26,13.257428877159999,8.4749,111.95838,118413.90414152115,0.05468360149206286,0.06341296999880974
PER,1897-10-09,12.86299636128,8.5887,111.95838,114890.87606733858,-0.01827398933762947,-0.029561037075704455
PER,1898-10-01,13.71140504864,8.93005,111.95838,122468.76963242947,0.03365403470491546,0.03287194890040168
PER,1899-10-07,13.795735112120001,8.85182,111.95838,123221.9965322828,0.011556601571664382,0.013188122316863948
PER,1900-10-20,14.94748427224,8.86592,111.95837999999999,133509.29400943458,0.058342565999734974,0.06161955147654097
PER,1901-10-19,15.75653710696,8.85535,111.95838,140735.6654049478,0.04996126087185737,0.04703766601390269
PER,1902-11-01,15.75432021436,8.8672,112.01510518447635,140644.6049255089,0.022145029322157228,0.02422934728866344
PER,1903-11-14,14.00579335636,8.68476,111.95838,125098.21378587293,-0.07238236826687328,-0.0838014841315089
PER,1904-11-06,12.6404043402,8.30433,111.95838,112902.70849042296,-0.1130808997603292,-0.10991749444064691
PER,1905-11-12,12.56020898496,8.64442,111.95838,112186.41235216157,-0.048528626834394295,-0.05109709291589137
YOG,1837-01-13,0.08768328764,7.73453,0.5849,149911.58769020345,0,0
YOG,1838-01-19,0.08342240452,8.24478,0.58669,142191.62508309327,0.008893320327513665,0.0068773140932449905
YOG,1839-01-25,0.08812468912,8.14728,0.58967,149447.46912679973,0.031812410891315146,0.02804626481034167
YOG,1840-01-31,0.09219132728,8.66872,0.59403,155196.4164772823,0.007882201773198316,0.0023152224810469857
YOG,1841-02-06,0.06874618971999999,8.35759,0.59803,114954.41653428758,-0.23708728357185993,-0.24094521357974186
YOG,1842-02-12,0.06378039616,8.33202,0.6019,105965.1041036717,-0.03160965858377718,-0.03647784795053155
YOG,1843-02-18,0.09538338836,8.59217,0.60595,157411.3183596006,0.31245351998747917,0.3062483965388145
YOG,1844-02-24,0.1016878148,8.62621,0.60998,166706.80153447654,0.015765585954874206,0.010593616279212181
YOG,1845-03-02,0.10070031192,8.62742,0.61391,164031.0663126517,-0.028830336293686587,-0.03363507911481367
YOG,1846-03-08,0.09820563896,8.44863,0.61768,158991.1264084963,-0.055703498352906444,-0.05995457518791103
YOG,1847-03-14,0.09962910464000001,8.46223,0.61789,161240.84325689037,0.03370452687505798,0.032549354621843385
YOG,1848-03-20,0.10204392432,8.42404,0.61109,166986.7357017788,0.06472280624617377,0.07384133504073098
YOG,1849-03-26,0.1015568814,8.15787,0.60797,167042.58664078818,0.007374119618734465,0.011202387252911894
YOG,1850-04-01,0.09480626063999999,8.28419,0.60739,156087.95113518497,-0.04272004554887521,-0.04216150191818979
YOG,1851-04-07,0.09655458280000001,8.11461,0.60785,158846.06860245127,0.04939337697974677,0.04897253367131027
YOG,1852-04-13,0.08962466708,8.05807,0.60718,147608.06857933395,-0.05233901936294805,-0.052288620320127044
YOG,1853-04-19,0.0893188894,8.37868,0.60483,147676.02367607428,-0.017091669653601094,-0.014058714804044858
YOG,1854-04-25,0.085478835,8.40722,0.60584,141091.4350323518,-0.01964053686720668,-0.020685792042244078
YOG,1855-05-01,0.09158327048,8.6506,0.60684,150918.31533847473,0.022167146633663704,0.020708990426024254
YOG,1856-05-07,0.09067389292,8.628,0.6085600000000001,148997.45780202444,-0.004842864457334617,-0.006804269237789651
YOG,1857-05-13,0.09191334568,8.63754,0.61213,150153.3100485191,-0.028804438254542153,-0.03301767743941264
YOG,1858-05-19,0.09154531516,8.90915,0.61534,148771.92309942472,0.04217725554341678,0.03786675553131369
YOG,1859-05-25,0.09672890812,8.88237,0.61955,156127.6864175611,0.06308498838984478,0.057713161011776926
YOG,1860-05-31,0.0973542388,8.87272,0.62396,156026.41002628376,-0.004712280941834623,-0.009916150523073264
YOG,1861-06-06,0.09266613408,8.80585,0.6280699999999999,147541.09268075216,-0.030396309304907443,-0.035451064742686555
YOG,1862-06-12,0.09947728024,8.80015,0.63213,157368.38979323872,0.07245273734549285,0.06733724706814104
YOG,1863-06-18,0.09348559272,8.69668,0.63551,147103.25993296722,-0.05084807238715139,-0.05493114308282776
YOG,1864-06-24,0.08613812792,8.78405,0.6392,134759.27396745933,-0.022615795938752514,-0.026955448590258335
YOG,1865-06-30,0.08605045071999999,8.43757,0.6437,133680.98604940186,0.012017359970187602,0.006892090888615865
YOG,1866-07-06,0.09575342140000001,8.11328,0.64688,148023.4686495177,0.051472972996860156,0.04740743306572748
YOG,1867-07-12,0.09379197048,8.15054,0.64779,144787.61709813366,0.030093741063834,0.028687981520414185
YOG,1868-07-18,0.0655819528,7.67905,0.64655,101433.69082050885,-0.2632729831145143,-0.26211280735477005
YOG,1869-07-24,0.0639137902,7.70421,0.64735,98731.42843902063,-0.04308928426702496,-0.044113213837015164
YOG,1870-07-30,0.06503319367999999,8.04948,0.64957,100117.29864371815,0.012948416054738399,0.010432833298804178
YOG,1871-08-05,0.10199090148,8.62106,0.65256,156293.52317028318,0.6190659074265552,0.6133589151417471
YOG,1872-08-11,0.08333516151999999,9.03071,0.65606,127023.6891747706,-0.11554040428253565,-0.11912386016823595
YOG,1873-08-17,0.0834488382,8.45739,0.65851,126723.72203914898,-0.04001317681726779,-0.04261494298665247
YOG,1874-08-23,0.08385202436,8.08693,0.65998,127052.37182944937,-0.03619909316191561,-0.03792520986379522
YOG,1875-08-29,0.0798099562,8.20558,0.66229,120506.0565613251,-0.05934570676533546,-0.06188324310069038
YOG,1876-09-04,0.07588122932,8.17057,0.66612,113915.25448868072,0.03238556188214248,0.02805270189806297
YOG,1877-09-10,0.08556340416000001,8.87609,0.67031,127647.51258372993,0.03144646043920929,0.026625528388672715
YOG,1878-09-16,0.08487936288,8.59498,0.67545,125663.42864756829,-0.010427573778748256,-0.016116576281803408
YOG,1879-09-22,0.077020138,8.7998,0.67839,113533.71659369979,-0.010800158947002592,-0.013718575341705952
YOG,1880-09-28,0.08079802744,8.472,0.68095,118654.86076804464,0.0489009686475268,0.04584835832052936
YOG,1881-10-04,0.08676115604,8.51974,0.68557,126553.31481832635,0.0434999287166149,0.038380547953047905
YOG,1882-10-10,0.07421953396,8.52451,0.68986,107586.37108978633,-0.11640521702241713,-0.12063908064684559
YOG,1883-10-16,0.08486105315999999,8.44079,0.69413,122255.27373834871,0.22063505720564902,0.21483980610580855
YOG,1884-10-22,0.08012190628,8.451,0.6956,115183.87906843012,-0.03127341183642496,-0.03231702604196984
YOG,1885-10-28,0.0856594258,8.18388,0.69837,122656.22205993957,0.08121256922932596,0.0779270832365988
YOG,1886-11-03,0.07939863932,8.22104,0.70183,113130.87117963041,-0.005763170308239807,-0.009621799647790308
YOG,1887-11-09,0.08350022668000001,8.44999,0.70597,118277.30169837247,-0.02457671433373798,-0.028714061745228836
YOG,1888-11-15,0.09145685276,8.58682,0.71191,128466.87468921632,0.09507123002169715,0.08795537099543638
YOG,1889-11-21,0.08220843592,8.48424,0.71854,114410.38205249535,-0.08153810451385635,-0.0879719018638675
YOG,1890-11-27,0.08121774544,8.31423,0.72158,112555.42758945646,-0.02520684533771922,-0.02766775508182384
YOG,1891-12-03,0.06469307312,8.18788,0.72644,89054.94345025055,-0.08711195036319896,-0.09182460173043594
YOG,1892-12-09,0.06895300672,8.1915,0.73293,94078.57055926215,-0.023903768151131044,-0.030433614331411007
YOG,1893-12-15,0.03544100092,6.71501,0.73866,47980.12741992256,-0.4515174340753646,-0.4548212792915204
YOG,1894-12-21,0.154233612,10.03959,0.74679,206528.7590889005,2.5568631235247605,2.5278973401358287
YOG,1895-12-27,0.16762245552,10.52158,0.75779,221199.0861848269,0.032508179523972336,0.02143190848142007
YOG,1897-01-02,0.18809203451999998,10.63278,0.77074,244040.8367542881,0.12648867364902516,0.11254045072995345
YOG,1898-01-08,0.20822995284,10.72775,0.7832400000000002,265857.1483070323,0.13142008137736005,0.11738062965497242
YOG,1899-01-14,0.22462094408,10.74669,0.79629,282084.34625576105,0.10807236483128158,0.09412676817209942
YOG,1900-01-20,0.20784890515999999,10.68623,0.80987,256644.77651968834,-0.006195804727530452,-0.01838629196486463
YOG,1901-01-26,0.22305158147999998,10.92835,0.82312,270983.0662357858,0.03252839216127712,0.019738757254850636
YOG,1902-02-01,0.2470306826,11.8241,0.83666,295258.14859082544,0.03471106241825317,0.022236271436078647
YOG,1903-02-07,0.26122731752,12.02027,0.8517599999999999,306691.2246642247,0.02097886007131944,0.00731959932130688
YOG,1904-02-13,0.23255123892000001,11.75105,0.8661899999999999,268476.0144079244,-0.10493784763048553,-0.1164546022481261
YOG,1905-02-19,0.28066719928,11.74132,0.88181,318285.34409906896,-0.013003470220178559,-0.025734287482726992
YOG,1906-02-25,0.24941869211999998,11.70561,0.89662,278176.5877629319,-0.10383864523696684,-0.11546630769453392
YOG,1907-03-03,0.26243440132,12.14376,0.91185,287804.3552338652,0.0398766723229782,0.02653571384977882
YOG,1908-03-09,0.18880135612,12.03564,0.92759,203539.66312702812,-0.150780930080059,-0.1613848539185191
YOG,1909-03-15,0.29951108564,12.22606,0.93866,319083.6784778301,0.24919935803577054,0.23767274282251094
YOG,1910-03-21,0.31503443036,12.31402,0.95378,330300.9397974376,0.04149058062339006,0.02870474953367519
YOG,1911-03-27,0.20209293988,11.93127,0.97029,208280.9674221109,-0.2667708418493838,-0.27599168877113656
YOG,1912-04-02,0.24374644839999998,11.58087,0.98311,247934.05458188808,0.2066258680423232,0.1948567456413195
YOG,1913-04-08,0.30153981936,12.30827,0.9978,302204.66963319306,0.2056172478010203,0.19206794786040793
YOG,1914-04-14,0.16811475876,11.14647,1.01147,166208.34899700433,-0.4443956486056939,-0.45036198418554774
YOG,1915-04-20,0.23740643160000002,12.0713,1.02119,232480.1766566457,0.2514394462352916,0.2424211617532328
YOG,1916-04-26,0.27855229116,11.98544,1.03671,268688.7279567092,0.1497233353307117,0.13702965866412686
YOG,1917-05-02,0.2329355184,11.20753,1.05143,221541.63225321702,-0.2514050832259388,-0.25968112588879366
YOG,1918-05-08,0.24274918875999998,10.23946,1.06464,228010.58457318903,-0.0986377390446338,-0.10739676006503684
YOG,1919-05-14,0.21705766784,11.38382,1.07883,201197.28580035781,-0.05932109266132557,-0.06833928550389479
YOG,1920-05-20,0.25354652908,10.88183,1.09032,232543.22499816568,0.09068546310484504,0.08152980966803414
YOG,1921-05-26,0.20317479104000002,11.30722,1.10128,184489.6765945082,-0.050498928489444705,-0.057712484901423
YOG,1922-06-01,0.24327982848,11.42032,1.11634,217926.284536969,0.19968737666100944,0.18758960787539314
YOG,1923-06-07,0.3154723442,12.0464,1.13155,278796.64548627986,0.2584215301991395,0.24571173431948012
AST,1837-01-13,0.07665281988,11.23981,0.3656,209663.0740700219,0.24999945516742295,-0.003100083171299839
AST,1838-01-19,0.08241418588,11.30073,0.68043,121120.74111958615,0.07463726095499235,-0.3205574661525563
AST,1839-01-25,0.08445535956,10.99824,0.8354100000000001,101094.50396811146,0.03328796068085493,-0.10918732631304406
AST,1840-01-31,0.18077466888000002,13.47457,0.9748099999999998,185446.05500559087,1.0921815386381777,0.8593439239226237
AST,1841-02-06,0.18976241648,12.77898,1.15582,164179.9038604627,0.02782065082466434,-0.08772906601059538
AST,1842-02-12,0.2775579742,13.06987,1.38833,199922.1901133016,0.4709550466864143,0.28384380899421036
AST,1843-02-18,0.3874637416,13.38127,1.72333,224834.32749386362,0.27214178479946716,0.07033504853846173
AST,1844-02-24,0.4361925386,12.99909,2.0606,211682.29573910512,0.14108935217558627,-0.0010318073864340471
AST,1845-03-02,0.45991335988,12.81067,2.48288,185233.82518687975,0.03263672830272579,-0.10357625453167063
AST,1846-03-08,0.4595325722,12.45901,2.89814,158561.20553182386,0.0072692061137400454,-0.1034215976506595
AST,1847-03-14,0.43547329332,11.93304,3.09018,140921.65935964894,-0.07122542545696631,-0.1120044753356444
AST,1848-03-20,0.53126424832,11.94006,3.1664400000000006,167779.6668561539,0.2043428692266296,0.18260520149094783
AST,1849-03-26,0.448734585,12.26774,3.2195599999999995,139377.61215818312,-0.1705186681892834,-0.17837342908379628
AST,1850-04-01,0.56945431816,13.51688,3.32544,171241.7960209777,0.1760960100876383,0.1455201393233274
AST,1851-04-07,0.80631037552,13.97667,3.47915,231754.99059252976,0.3366653595570195,0.2896241289078556
AST,1852-04-13,0.7843255472,14.31201,3.63787,215600.21309172676,-0.05078119627236011,-0.08593679501174278
AST,1853-04-19,0.7717638863999999,14.54357,3.76981,204722.22377255085,0.01545089900690666,-0.008258911504750666
AST,1854-04-25,0.87318541076,14.75581,4.04357,215944.18070170667,0.06565397770605341,0.010732422976947653
AST,1855-05-01,0.86459745528,14.00787,4.39478,196732.81831627522,0.016478820779621373,-0.04461716818692696
AST,1856-05-07,0.96380846432,13.92175,4.71252,204520.82204850062,0.09241132628874849,0.0337794108683831
AST,1857-05-13,0.92894057204,13.87989,4.8709,190712.30615286704,-0.0336031990270208,-0.055284775734594116
AST,1858-05-19,0.9681729226000001,13.48266,4.97807,194487.6071650258,0.015014588212186375,-0.0012839798036524686
AST,1859-05-25,0.7445958119599999,13.16253,5.09181,146234.01343726495,-0.1230856440050132,-0.13794874873285567
AST,1860-05-31,0.86317555376,12.50615,5.24841,164464.2003502013,0.08962665512953172,0.06050847821372285
AST,1861-06-06,0.88144587544,12.51958,5.28899,166656.7483470379,0.023992265292776205,0.01675686403655563
AST,1862-06-12,0.8408446857199999,12.52453,5.35018,157161.94328415117,-0.044611803381685244,-0.053032459928977094
AST,1863-06-18,0.63766907464,11.7145,5.41394,117782.81152727957,-0.19467090603966297,-0.20187503153706288
AST,1864-06-24,0.60524112896,11.51561,5.4769,110507.9751246143,-0.0655023862157712,-0.07363608723487025
AST,1865-06-30,0.65692622112,12.03837,5.52973,118798.96868744044,0.03396571647483304,0.026171358559792246
AST,1866-07-06,0.60351789628,12.11584,5.57505,108253.36028914539,0.11913220659191137,0.11268615848264951
AST,1867-07-12,0.46643092548,12.08343,5.65036,82548.88635060421,-0.09660225952622992,-0.10581956630382894
AST,1868-07-18,0.4992928616,12.33163,5.761440000000001,86661.12319142435,0.08747695247458687,0.07036280196823119
AST,1869-07-24,0.48927735428,12.2092,5.84486,83710.70552245906,-0.009676539301011089,-0.02030919749773874
AST,1870-07-30,0.51063527216,12.20679,5.90665,86450.91078022229,0.033604208074345054,0.025068902315482644
AST,1871-08-05,0.66187075032,12.20444,5.98272,110630.40729300385,0.20018986739538747,0.18834302957131688
AST,1872-08-11,0.93469914044,12.55331,6.0398499999999995,154755.35658004752,0.37193692182857596,0.3623591431968112
AST,1873-08-17,1.1704704154,12.95568,6.1113,191525.60263773665,0.14018274850117796,0.13026939555437633
AST,1874-08-23,1.30112081424,13.76693,6.18169,210479.79019329665,0.08598215262296849,0.0769796613145235
AST,1875-08-29,1.64569912572,14.1231,6.269940000000001,262474.46159293386,0.12464564475186135,0.11273409111786692
AST,1876-09-04,1.65144393648,14.3398,6.32956,260909.75304444542,-0.0041029445794336095,-0.010193910122482497
AST,1877-09-10,1.78892544584,14.95828,6.423890000000001,278480.0869628838,0.12398693170290254,0.11061862913531106
AST,1878-09-16,1.9882992240800001,14.43724,7.74323,256779.04751376365,0.08366451413204268,-0.094249850631831
AST,1879-09-22,2.0788998308,14.67506,8.157,254860.83496383476,0.03729473391624216,-0.0030835985843055136
AST,1880-09-28,2.09281964632,14.31388,9.60151,217967.7619791054,-0.015040030481819677,-0.051395770755712555
AST,1881-10-04,2.50511397552,14.29358,9.82226,255044.55955350396,0.03643079277471051,0.0183276781361712
AST,1882-10-10,5.24594031104,14.9495,18.56976,282499.09051274764,0.6330208895989502,0.22974747783181892
AST,1883-10-16,5.31637391896,14.6437,18.85571,281950.3438990099,0.013425851024706503,0.0008375859921652129
AST,1884-10-22,5.654443880280001,14.69253,20.08208,281566.64450495166,0.06234645237547287,0.001145658541500616
AST,1885-10-28,5.91725315584,14.78768,20.56848,287685.4855507067,0.019850751604448602,0.0010835460889480064
AST,1886-11-03,6.019346392799999,15.13634,21.254329999999996,283205.65234472224,0.003706419724529564,-0.021436379094667224
AST,1887-11-09,6.63178965852,15.80013,22.02639,301083.8207495645,0.07151841146176596,0.04254494909914608
AST,1888-11-15,6.97676458544,16.01976,23.25173,300053.5695812742,0.04433427820860225,0.0021902075219035755
AST,1889-11-21,7.377745869,15.63115,24.18398,305067.4814071133,0.09707369849762415,0.06496753358907115
AST,1890-11-27,7.935030116,15.12321,25.32148,313371.49787453184,0.07119115508141993,0.03315201624751296
AST,1891-12-03,9.09972821108,15.26679,26.406930000000003,344596.21815485554,0.10285736513240562,0.0687855238940811
AST,1892-12-09,9.76279075304,15.17151,27.32446,357291.2603959969,0.08401316355681021,0.05602699319145921
AST,1893-12-15,11.47656716024,15.30159,28.565749999999998,401759.70034884434,0.14441516770000762,0.10874488091245516
AST,1894-12-21,12.03527757484,15.48735,29.38149,409621.0769038602,0.008431873361587128,-0.012791330643734389
AST,1895-12-27,12.927347740839998,15.73781,29.90997,432208.64951853844,0.02841812646645958,0.014821081483647136
AST,1897-01-02,13.78674824748,15.87211,30.607210000000002,450441.1949824894,0.07113623750195353,0.05390938309225479
AST,1898-01-08,14.120531143680001,15.99191,31.82976,443626.69224273134,0.02361434302130716,-0.006909893068990369
AST,1899-01-14,15.2236952634,16.58858,33.00204,461295.58243672206,0.05336564141368827,0.02759369613821505
AST,1900-01-20,17.74897463144,17.15535,34.4252,515580.87190314074,0.1078595445624051,0.07253197612857187
AST,1901-01-26,18.50281335968,17.72295,36.08125,512809.65486727876,0.04905628659415551,0.013077421386382682
AST,1902-02-01,20.76180030288,17.08279,37.95354,547031.9844441388,0.06988991525009025,0.028884268669878255
AST,1903-02-07,22.062598013560002,17.10998,40.386109999999995,546291.7328150694,0.05231071064855408,0.003078582609005176
AST,1904-02-13,23.140531739,17.03859,42.83195,540263.3253680955,0.0343205148601502,-0.014488867033977448
AST,1905-02-19,23.53014249092,17.24966,44.14413,533029.9292549202,-0.002197235901323369,-0.02352091751301244
AST,1906-02-25,24.79735520028,17.63968,45.58035,544036.0857316804,0.06720734831336372,0.040029938260426556
AST,1907-03-03,24.68807500016,17.89966,46.33566,532809.3956179755,-0.018829123863498887,-0.03214742161862816
AST,1908-03-09,26.96385505528,18.46882,47.0433,573170.9947065788,0.045959126930761984,0.03537622571326393
AST,1909-03-15,26.82495899044,18.63493,47.92749,559698.8073116285,-0.012613857495206715,-0.025084724573954054
AST,1910-03-21,25.5798803598,18.48748,48.38983999999999,528620.8914887919,-0.011226491793391968,-0.018025448442449687
AST,1911-03-27,25.10658134556,18.74976,48.71233,515405.0595723916,-0.014885241439866137,-0.014410164239703094
AST,1912-04-02,26.036291386560002,18.62303,49.48317,526164.5805343514,-0.00438873351187774,-0.016022305921375324
AST,1913-04-08,26.37916886228,18.38661,51.07892,516439.4404243473,0.019633553444500684,-0.008643869935538229
AST,1914-04-14,25.93713305144,18.03982,51.73556,501340.5296364822,-0.023068486395516397,-0.030347824500530196
AST,1915-04-20,25.5420280466,18.76612,49.1226,519964.90508645715,-0.005067281746684138,-0.010264563218513212
AST,1916-04-26,10.97955335464,13.94173,50.02191,219494.8844344408,-0.6204436530831485,-0.6254364398657593
AST,1917-05-02,24.524393239840002,16.72749,53.01609,462583.9672416431,0.7962936467640918,0.7989313320517692
AST,1918-05-08,27.91072990368,18.32568,51.58726,541039.2004475524,0.10230989897923326,0.11611692853045996
AST,1919-05-14,28.93700304144,18.55919,53.53832,540491.4282226263,0.03497958260289935,0.015213890559872878
AST,1920-05-20,29.957632362840002,19.48751,54.46625,550021.9376740642,0.03565587667506054,0.02271097428978619
AST,1921-05-26,30.95881542728,20.15688,55.43260000000001,558494.7382457254,0.02376334741817132,0.01090582785867844
AST,1922-06-01,27.70223407224,20.75107,56.48862,490403.80296491575,-0.052816219864008196,-0.06616713132925323
AST,1923-06-07,30.524775118239997,21.36647,57.63275,529642.8700389969,-0.03401182555237181,-0.0486798119962647
BOL,1844-09-15,1.41823196528,9.25696,15.1456,93639.86671244453,-0.025931671196602335,-0.025125338603854575
BOL,1845-09-28,1.44533204036,9.52987,15.1456,95429.17021181069,0.012928710371034047,0.013792431746421974
BOL,1846-09-27,1.4058551696800001,7.59368,15.404521301504404,91262.50288236508,0.02429118302069244,-0.004084938683865724
BOL,1847-10-10,1.44832213084,8.89367,15.745749999999997,91981.78116888685,0.019559856371488493,0.01762376513444064
BOL,1848-10-23,1.51379172048,9.08463,15.97987644089893,94731.1279958084,0.021372141485036522,0.02375822017799467
BOL,1849-10-15,1.56111166848,9.13184,16.29619,95796.11359955916,0.009302553662957624,-0.025320648424701053
BOL,1850-10-21,1.52937984472,8.88152,16.359994234305027,93482.90853997161,0.016957885638191783,0.01712955144245143
BOL,1851-11-03,1.5246924617600002,9.52097,16.29619,93561.28406455743,-0.005417862463648615,-0.005443467001988278
BOL,1852-11-02,1.59539788408,9.38379,17.09909,93303.08712802845,0.0683115992688641,0.01813744260446537
BOL,1853-11-15,1.66368525076,9.27227,17.09909,97296.71291045312,0.051772550887245306,0.047295827721659967
BOL,1854-11-28,1.7220278571599998,9.32776,17.012765736697975,101219.74779476567,0.018061974105049172,0.02270472731245743
BOL,1855-11-20,1.7316268153599998,9.11836,18.37692,94228.34813233122,-0.0019717440042557044,-0.07166389677556095
BOL,1856-11-26,1.7401900334,8.85083,18.7287,92915.68733547977,0.0003940782084961292,-0.016635264806602157
BOL,1857-12-09,1.6642615709200002,8.56198,18.7287,88861.56385226952,-0.01772570457523137,-0.01317506306349292
BOL,1858-12-08,1.7710417634,9.38934,19.01746,93127.14544423914,0.061446090344547066,0.053337678562758395
BOL,1859-12-21,1.78724233324,9.10476,19.34201,92402.09953567391,0.03581003336913979,0.024886623018067544
BOL,1861-01-03,1.8971495701599999,9.0638,19.34201,98084.40643759361,0.02776560852468024,0.028758088741970944
BOL,1861-12-26,1.65655261304,8.87202,19.34201,85645.3188184682,-0.05170870524801352,-0.049871994347925774
D05,1908-10-05,0.5948407259599999,10.83065,4.934231776339453,120553.86794199057,0.2694088094869511,0.2520162726662334
D05,1909-10-18,0.54119969228,10.84568,4.64614,116483.7246144111,-0.07031079850345545,-0.07303124914897285
D05,1910-10-17,0.68912114544,10.92132,4.79487,143720.50659141957,0.20406545792947184,0.1618418989585495
D05,1911-10-30,0.87452767324,11.0294,4.96431,176162.98604237044,0.16454780250756285,0.1404782561436282
D05,1912-11-12,1.1778584433200001,10.89541,5.142089871059448,229062.20483410583,0.29238450529262217,0.29818695568803966
D05,1913-11-04,1.41577117396,10.80542,5.116080000000001,276729.67857422086,0.15909207548622395,0.12545226500464968
D05,1914-11-10,1.70633184592,10.96652,5.32611,320371.1237507299,0.16852919842985803,0.1432170471418519
D05,1915-11-23,0.26740747332,8.11453,5.32611,50206.90021798273,-0.682470839221663,-0.6850602609877297
D05,1916-11-22,0.4756046282,8.84247,5.32611,89296.80915339713,0.38499608831978716,0.45030022052163643
D05,1917-12-05,0.9185468370000001,8.56871,5.32611,172461.1089519368,0.7700504214850723,0.7071911823317247
D05,1918-12-18,1.4656031338,9.54636,5.32611,275173.27539235953,0.5263469612911382,0.5191445927610123
D05,1919-12-10,1.5495010076,9.42551,5.32611,290925.4610963724,0.12235023132571698,0.12799386940855317
D05,1920-12-16,1.7648183701200002,9.45797,4.08717,431794.70639097464,0.11376196125159876,0.453713421263209
ALK,1901-07-20,0,13.86511,NaN,0,0,0
ALK,1902-07-26,0,14.15789,NaN,0,NaN,NaN
ALK,1903-08-01,0,14.1527,NaN,0,NaN,NaN
ALK,1904-08-07,0,14.42639,NaN,0,NaN,NaN
ALK,1905-08-13,0,15.16315,NaN,0,NaN,NaN
ALK,1906-08-19,0,15.39784,NaN,0,NaN,NaN
ALK,1907-08-25,0,15.25966,NaN,0,NaN,NaN
ALK,1908-08-31,0,15.19318,NaN,0,NaN,NaN
ALK,1909-09-06,0,15.59302,NaN,0,NaN,NaN
ALK,1910-09-12,0,15.77575,NaN,0,NaN,NaN
ALK,1911-09-18,0,14.50427,NaN,0,NaN,NaN
ALK,1912-09-24,0,16.31818,NaN,0,NaN,NaN
ALK,1913-09-30,0,16.09259,NaN,0,NaN,NaN
ALK,1914-10-06,0,16.35849,NaN,0,NaN,NaN
ALK,1915-10-12,0,16.6699,NaN,0,NaN,NaN
ALK,1916-10-18,0,16.96039,NaN,0,NaN,NaN
ALK,1917-10-24,0,16.92783,NaN,0,NaN,NaN
ALK,1918-10-30,0,17.13684,NaN,0,NaN,NaN
ALK,1919-11-05,0,17.2258,NaN,0,NaN,NaN
ALK,1920-11-11,0,17.32967,NaN,0,NaN,NaN
ALK,1921-11-17,0,14.82954,NaN,0,NaN,NaN
ALK,1922-11-23,0,15.34523,NaN,0,NaN,NaN
ALK,1923-11-22,0,41.56626,NaN,0,NaN,NaN
CHL,1837-06-23,0.73286303012,9.44493,9.70928,75480.67726134173,-0.07185483040867868,-0.08096631170069779
CHL,1838-07-06,0.8515522600000001,9.82739,10.033831189171325,84868.10710140402,0.08360182155368001,0.02943234371387593
CHL,1839-07-05,0.78872060696,9.19845,10.18362,77449.92517002796,-0.07119036232764231,-0.07993887430292046
CHL,1840-07-18,0.7629726026,9.32325,10.18362,74921.55074521634,-0.060401374120500284,-0.06866956434015781
CHL,1841-07-31,0.85704568976,9.16227,11.6686,73448.88759234184,0.11084910560960526,0.05227108038703987
CHL,1842-07-23,0.79196477672,9.12106,12.21931,64812.561160982084,0.0894524147691671,0.03637745639505496
CHL,1843-07-29,0.79420016104,9.19048,12.34459,64335.88811293044,-0.01374486221886706,-0.024818456345204187
CHL,1844-08-11,0.90355412992,9.46615,12.58306,71807.18600404036,0.031703396171557374,0.014057668683167712
CHL,1845-08-10,1.02319194796,9.71504,13.148955228940464,77815.45606817373,0.06960436999943553,0.06572474950676499
CHL,1846-08-23,1.06864939688,9.47249,13.06627,81786.87543422874,0.0621885840452856,0.04445175398619039
CHL,1847-09-05,1.1543198976400002,9.55278,13.66883,84449.06386574419,0.04822689102707378,0.03287967337524589
CHL,1848-08-28,1.21525515592,10.36264,13.86968,87619.5525722295,0.043204564918505106,0.03220025352311495
CHL,1849-09-03,1.1586401112,9.52506,13.413247342810639,86380.28372905678,-0.0031787870251035466,-0.013414327332248122
CHL,1850-09-16,1.14918028108,9.85406,14.73835,77972.11228393952,-0.06847503084265971,-0.10958117193604422
CHL,1851-09-15,1.17584048816,9.619,15.225538197411105,77228.17235846123,0.029131362250938375,-0.00033413377507529596
CHL,1852-09-28,1.3580565169599998,10.13188,15.6974,86514.7423751704,0.07363880605684625,0.06776188473628442
CHL,1853-10-11,1.58667737592,10.05118,17.9497728873259,88395.40120534517,0.1053236442293628,0.03799738023964849
CHL,1854-10-03,1.46989604944,10.29689,19.35434,75946.58611143546,-0.05998474654212016,-0.08752182167144662
CHL,1855-10-09,1.66244811824,10.27597,21.16727,78538.61732004175,0.10440222419632961,0.02185328265730302
CHL,1856-10-22,1.80055330624,10.10229,21.865900000000003,82345.2639150458,0.08380467508787426,0.050351278922785125
CHL,1857-10-21,1.82851568224,10.13692,22.20773,82336.90171125099,0.04088001788582685,0.03465458558952661
CHL,1858-11-03,1.83013054952,9.63748,25.31965,72281.03664624116,0.06110320007628545,-0.07162504455113328
CHL,1859-11-16,1.8965426745199998,9.68072,28.551800000000004,66424.62732717376,-0.009833957760810086,-0.048519905143442066
CHL,1860-11-08,2.29752756636,9.75018,29.294349999999998,78429.03380208129,0.078866659464774,0.054508481503453554
CHL,1861-11-14,2.00474763944,9.73516,29.63305,67652.42320449633,-0.10692034816575868,-0.1142563399818124
CHL,1862-11-27,1.94337261872,10.19329,30.59594,63517.33657210728,-0.039303203033242085,-0.04187579912479267
CHL,1863-11-26,2.0478464942,10.16479,31.072569999999995,65905.28218940372,0.03488342075296158,0.017003251759088345
CHL,1864-12-09,2.14660355936,9.95453,31.851498242237675,67394.11575036772,0.05565417078369861,0.03567193076649944
CHL,1865-12-22,2.43091868604,9.63176,32.91928,73844.83154066553,0.07853108199387404,0.040351015446834504
CHL,1866-12-14,2.67811891152,9.66396,33.49821,79948.11995984263,0.07580016287970448,0.05787366772382496
CHL,1867-12-20,3.00193414092,10.16941,34.09675,88041.65033089665,0.02641395789886314,0.009281281011127573
CHL,1869-01-02,3.0256059454399997,10.16809,34.975275062389194,86506.99501413207,-0.016787754056388327,-0.032654839867437
IND,1837-01-13,0.52541390928,8.75561,5.86817,89536.24541892958,0,0
IND,1838-01-19,0.49770590740000004,8.73619,5.95354,83598.31417946298,-0.05729037148970706,-0.0673152312847427
IND,1839-01-25,0.60722932088,8.41319,6.0188,100888.76867149599,0.13082961352630318,0.11986741614433138
IND,1840-01-31,0.55957848544,7.98623,6.07398,92127.15310883473,-0.06741295075688558,-0.07435243837234218
IND,1841-02-06,0.628279834,7.96022,6.11897,102677.38426565255,0.10105487555144732,0.09495643543040644
IND,1842-02-12,0.7668000917200001,8.43487,6.17615,124155.0305157744,0.2216463889580529,0.2127002352672296
IND,1843-02-18,0.77710976824,8.39862,6.23988,124539.21681827214,0.005896725465689867,-0.0018430344270541354
IND,1844-02-24,0.8419099,7.28971,6.28076,134045.86387634618,0.08534031955613486,0.08042969446444426
IND,1845-03-02,0.88617130472,7.35105,6.31353,140360.6706105776,0.05912127596343586,0.05471545385096466
IND,1846-03-08,0.96982173912,7.55202,6.35091,152705.94908761108,0.027057037732539868,0.023101727481307677
IND,1847-03-14,0.88275576324,7.08076,6.34448,139137.6067447608,-0.04401435574661017,-0.04386031682830083
IND,1848-03-20,0.90428249912,7.58552,6.336899999999999,142701.08398743867,0.051375117836937934,0.05261489525823082
IND,1849-03-26,1.09105629984,8.81986,6.38091,170987.57071326816,0.14263813252982604,0.1361932860430921
IND,1850-04-01,1.11648037488,8.87163,6.42287,173828.89189412212,0.02605683732011177,0.02178765100772484
IND,1851-04-07,1.1524112678,8.87981,6.438060000000001,178999.77132863004,0.023312694940381018,0.020714176760407987
IND,1852-04-13,1.2112670907999998,9.11913,6.45501,187647.59323378274,0.050574986911795294,0.0491746450209829
IND,1853-04-19,1.26403970472,9.006,6.38302,198031.6064684115,0.04524937241429927,0.05378932829416572
IND,1854-04-25,1.3489324056,9.08286,6.47176,208433.6263396665,0.03873953119309137,0.03037915781455669
IND,1855-05-01,1.74585761844,8.64634,6.76134,258211.77731633082,0.2829379686283293,0.24078352685046878
IND,1856-05-07,1.69307499244,8.69334,6.97499,242735.11394855045,-0.0025869912810094764,-0.02630781413845651
IND,1857-05-13,1.7154960160000001,8.6597,6.96548,246285.39827836704,0.015132896459860712,0.018745014353938494
IND,1858-05-19,1.69458548532,8.69889,7.05565,240174.25542933677,-0.019336768077821587,-0.030260844669037112
IND,1859-05-25,1.65620169728,8.72963,7.12153,232562.62309924973,-0.02387775631383582,-0.029981969218611404
IND,1860-05-31,1.61850942188,9.29923,7.221030000000001,224138.30462967194,-0.013612425141882545,-0.02372179243750172
IND,1861-06-06,1.440674456,10.33162,7.40997,194423.79064962475,-0.07052392619771886,-0.08980831077929874
IND,1862-06-12,1.5910983249200001,10.46378,7.7662,204874.75533980582,0.06915249382664923,0.03168583866944985
IND,1863-06-18,1.68459182996,9.75308,8.08412,208382.83325334112,0.05211591965168583,0.019013590567459104
IND,1864-06-24,1.714088818,7.69863,8.1972,209106.6239691602,0.01273381234372084,0.003957430472156354
IND,1865-06-30,1.69341464292,7.81529,8.26801,204815.26303427306,-0.019158471076639372,-0.025525479100318216
IND,1866-07-06,1.71578382092,7.74316,8.34904,205506.71944558894,0.013292484668388838,0.0054713127449024235
IND,1867-07-12,1.8989817168399998,7.83102,8.44721,224805.78994011038,0.07603255586051594,0.0685035070375446
IND,1868-07-18,2.0372732993600002,7.29875,8.45382,240988.4879687526,0.11195647856588642,0.11177343002147544
IND,1869-07-24,1.77456250556,8.33991,8.43893,210282.88012342798,-0.09228751663042223,-0.09113285176993924
IND,1870-07-30,1.81328606472,8.35854,8.5632,211753.3240751121,0.008552056672583186,-0.0030374520794349547
IND,1871-08-05,1.992893812,8.28102,8.64436,230542.66735767596,0.038152919996421675,0.03100457143525004
IND,1872-08-11,2.0375036214,8.84435,8.74119,233092.247325593,0.020119522073568596,0.011041068053410319
IND,1873-08-17,2.0239018436,10.40399,8.87308,228094.62369323842,-0.009130928290720486,-0.02008083083567791
IND,1874-08-23,2.12127875648,10.38818,9.01269,235365.7738677354,0.013093666544689464,0.0009907866772935758
IND,1875-08-29,2.20422606664,10.44524,9.15633,240732.48415467766,0.01866087210056766,0.006211894323436384
IND,1876-09-04,2.1092531985200003,10.58671,9.30341,226718.28915634163,-0.04119939490774571,-0.0523930451590221
IND,1877-09-10,2.14799065988,10.6714,9.43604,227636.87520188556,0.011699639267965134,0.0008810627557733763
IND,1878-09-16,2.21334643036,10.44608,9.56758,231338.16810102452,0.032572991011378116,0.02169808147410035
IND,1879-09-22,2.2145981052,10.36815,9.68909,228566.16103266666,0.008503292201317514,-0.0008697048160924981
IND,1880-09-28,2.1705348626000003,10.18356,9.77747,221993.50778882473,-0.03101248554944147,-0.03763667385884495
IND,1881-10-04,2.2344178428,10.29808,9.88682,225999.64829945323,-0.023951557503619214,-0.03244172505120424
IND,1882-10-10,2.36347513116,10.09122,10.00555,236216.41300678122,0.02409715518543387,0.014964395493842542
IND,1883-10-16,2.2746376385200002,9.80007,10.11533,224870.3342866718,-0.031152969467653557,-0.03933997223964336
IND,1884-10-22,2.3742476446,9.79321,10.22632,232170.2865351368,0.04522367704045349,0.036725153019104395
IND,1885-10-28,2.34701448072,9.79624,10.34589,226854.76848487658,-0.016149034748116797,-0.024701040787939332
IND,1886-11-03,2.32865527804,9.79931,10.43835,223086.5297714677,-0.021895540080136833,-0.02956587778523556
IND,1887-11-09,2.4580171954,9.9534,10.53917,233226.8286212292,0.02191512649788696,0.013757070453980225
IND,1888-11-15,2.60018291364,9.6034,10.66526,243799.2991863302,0.040989069826274704,0.03166969328832403
IND,1889-11-21,2.4696429498,9.79152,10.7947,228782.9165979601,-0.00926273544393763,-0.018425350049577682
IND,1890-11-27,2.5522777794800002,9.61963,10.92122,233698.96215624263,-0.0030417007429937026,-0.011526996179590077
IND,1891-12-03,1.3604716762000002,8.10716,10.86536,125211.83616557573,-0.4716329326522405,-0.46869480868574
IND,1892-12-09,1.44683418984,9.67383,10.989439999999998,131656.77139508474,0.06034449283584897,0.050992384530584856
IND,1893-12-15,1.49542269864,10.07499,11.15097,134106.96097648906,0.0049782980908881225,-0.005895356678425112
IND,1894-12-21,1.4309294240800001,10.41967,11.32082,126398.03689838723,-0.05477291380805949,-0.06560135836971659
IND,1895-12-27,1.4263079012,10.00612,11.47036,124347.26557841254,0.009567742767703225,-0.00042895565980749506
IND,1897-01-02,1.41552621288,10.00784,11.60945,121928.79187902958,-0.0054881239636823675,-0.01479753012433549
IND,1898-01-08,1.51431941856,9.91559,11.76035,128764.82575433553,0.03717748530122367,0.02698810134384444
IND,1899-01-14,1.47005838304,9.82043,11.89841,123550.82595405604,-0.04505752740828306,-0.053227617296726204
IND,1900-01-20,1.599609986,9.50135,12.0284,132986.09840045226,0.0883544721044407,0.07949823969895742
IND,1901-01-26,1.5742432212,9.5846,12.17159,129337.51639678958,0.05388423490273864,0.04439377433263836
IND,1902-02-01,1.42996784788,9.6572,12.31919,116076.45047117546,-0.07777720678931421,-0.08605675374394983
IND,1903-02-07,1.54934666068,9.11116,12.44082,124537.34244848811,0.004798922309424469,-0.0025909874398341026
IND,1904-02-13,1.47034326764,9.23577,12.56215,117045.51112986231,-0.06922387039961164,-0.07603898270734788
IND,1905-02-19,0.0009080094400000001,1.66042,0.02135,42529.71615925059,-0.9993725341100422,-0.6364482307784167
IND,1906-02-25,0.0007920978,1.67767,0.01874,42267.75880469584,-0.10073306834669093,-0.006233515985662463
IND,1907-03-03,0.00069305704,1.69496,0.01631,42492.76762722256,-0.09599349330088336,0.0002860598721767804
IND,1908-03-09,0.0006024564,1.71398,0.014369999999999999,41924.59290187892,-0.09475951678258865,-0.00034921108956043057
IND,1909-03-15,0.0005223930400000001,1.73264,0.01253,41691.383878691144,-0.10154673455689522,-0.007217053788651895
IND,1910-03-21,0.00045927960000000003,1.75,0.01104,41601.413043478264,-0.10207811390519617,-0.009722217537247224
IND,1911-03-27,0.0003990324,1.76772,0.00972,41052.71604938272,-0.10578456662174063,-0.01568486400247815
IND,1912-04-02,0.00042670264,4.56507,0.00916,46583.257641921395,0.08441829853922078,0.11532664055863595
IND,1913-04-08,0.00030540483999999996,3.47115,0.00823,37108.729040097205,-0.23856303050594085,-0.1756045580911626
IND,1914-04-14,0.000085176,5.71197,0.01052,8096.577946768061,-0.7080267257207474,-0.7766674212309249
IND,1915-04-20,0.00025894959999999995,9.00191,0.01057,24498.543046357616,0.9724172411107226,1.0198106533255302
IND,1916-04-26,0.0002307318,9.77236,0.01004,22981.25498007968,-0.024919480407672,0.016570418626559613
IND,1917-05-02,0.85018539268,7.31283,11.33376,75013.53413871478,3654.717405541846,2.1808939822404847
IND,1918-05-08,0.896931646,10.10149,11.18378,80199.32849179793,0.15509484586840494,0.1612606258246625
IND,1919-05-14,1.13051291288,9.94823,11.30483,100002.6460265214,0.09458840263793022,0.08589289255658894
IND,1920-05-20,1.1712427220000001,9.59954,11.40486,102696.80837818264,0.027343286777938403,0.020424974038832477
IND,1921-05-26,1.0428038322,10.32716,11.50353,90650.76825982981,-0.0877834254504023,-0.0932756556507498
IND,1922-06-01,1.0268627174,9.88772,11.61952,88373.93604899342,-0.007364162648588857,-0.01507934876491901
IND,1923-06-07,1.0901590809200001,9.71637,11.71906,93024.44743179061,0.036249341429303694,0.02954150587402693
D03,1903-07-04,11.49314072972,9.32055,36.54405,314501.0126058825,0.01189851315194801,0.003582237291713808
D03,1904-07-17,2.79732000236,9.34375,20.10522592814217,139133.97503504143,-0.25374153285998,-0.23805112583979404
D03,1905-07-16,5.650142238,9.72631,36.99906,152710.42664327146,0.3699683462457657,0.3285855596638412
D03,1906-07-29,11.38502150708,10.58295,36.14452330485431,314986.07440621464,0.9996467157273259,1.0098953173183975
D03,1907-08-11,9.80593062644,10.58298,36.99906,265031.8853084376,-0.009279415969446814,-0.02069384900037552
D03,1908-08-03,11.76899628528,10.49442,36.99906,318089.06186481495,0.07571646026218448,0.07213044391416679
D03,1909-08-09,11.47618448028,10.9113,36.99906,310175.0282380147,0.01950190528947604,0.01575038942457141
D03,1910-08-22,5.77388738836,10.22225,20.776865298976116,277899.8325914226,0.09910234302345877,0.12711847086204564
D03,1911-08-21,10.08638415876,10.63985,43.93714,229563.96703927475,0.4659855702818507,0.24940118897525476
D03,1912-09-03,10.21057613628,10.75607,43.93714,232390.55014231696,-0.03731227115801827,-0.026103719090131983
D03,1913-09-16,12.784617213679999,10.62714,43.93714,290975.179851943,0.09272956644555408,0.10735706087116803
D03,1914-09-08,15.30539097672,10.74952,43.93714,348347.45676937554,0.14427786870051884,0.14199035602658028
D03,1915-09-14,15.54731273316,11.04162,43.93714,353853.5447040932,0.04237168288448978,0.04208306624958147
D03,1916-09-27,16.36949654652,11.15812,47.44946,344988.04720896715,0.1036007802149741,0.02243289457230535
D03,1917-09-26,17.27264009172,11.20625,49.279216399859166,350505.57524225087,0.04255009015421085,0.035957366201899266
D03,1918-10-09,16.43387903248,11.41293,49.00704000000001,335337.107331518,-0.06148110221600778,-0.06247306630545668
D03,1919-10-22,13.949841877399999,10.54904,49.00704000000001,284649.7539414745,0.11861828288145548,0.19229042751787362
D03,1920-10-14,14.32487659408,10.77716,49.00704,292302.42418395396,0.02796075645649343,0.02844832146079801
D03,1921-10-20,14.92465612352,10.63358,49.8590383792855,299337.0231087452,0.04459473704711203,0.03232675082159209
D03,1922-11-02,16.5391185882,10.67794,51.72456999999999,319753.62169661344,0.03929903655952871,0.024684700383505565
PHI,1855-09-18,4.34026449428,9.31918,34.88373,124420.88315326373,0.018777660027495813,0.0187859027881494
PHI,1856-10-01,4.5838105144,9.31782,34.88373,131402.53391480783,0.06311968116120847,0.06496892140935051
PHI,1857-09-30,4.59985741384,9.10097,34.88373,131862.54491248497,0.0029162512975173804,0.0015225723790579515
PHI,1858-10-13,4.88774666692,8.91212,35.225683321935016,138755.19808231518,0.05068978847186201,0.05522260584444205
PHI,1859-10-26,4.78948305316,9.25002,39.86722,120135.86734063723,-0.014502588234435843,-0.03601329610867399
PHI,1860-10-18,4.848886199040001,9.47952,39.86722,121625.89212490863,-0.029186760541795698,-0.031145378507645427
PHI,1861-10-24,4.99003553204,9.48266,39.86722,125166.37809307997,0.01843599216284919,0.01646708631517413
PHI,1862-11-06,4.9475391352399996,9.48774,39.708058255551116,124597.86130560395,0.02874881311540145,0.02568876159413125
PHI,1863-11-05,5.34094115464,9.46856,39.86722,133968.23642681882,0.06863909450655226,0.06835028080860694
PHI,1864-11-18,5.7578074267999995,9.40564,39.86722,144424.60314012363,0.058657021084603134,0.05853230269911136
PHI,1865-12-01,5.85926765112,9.49353,39.86722,146969.5567215371,0.028038570633491133,0.02839193899759951
PHI,1866-11-23,6.58065336916,9.66784,39.86722,165064.26505685624,0.1018532050952965,0.09996421350492901
PHI,1867-11-29,7.326275138000001,9.4677,39.86722,183766.89265015218,0.09177654406691138,0.08980225125711216
PHI,1868-12-12,7.891309028719999,9.57207,39.86722,197939.78684041675,0.057302612846258816,0.05755652954906387
PHI,1869-12-11,8.4087415256,9.47031,40.38427430185373,208218.21540604034,0.047710137133875063,0.050614707153729954
PHI,1870-12-24,8.861473502960001,9.50202,39.86722,222274.67836884537,0.03658402612433043,0.03505449190968357
PHI,1872-01-06,9.1960249498,9.56289,39.86722,230666.32059621913,0.004447083806674135,0.010014298135483823
PHI,1872-12-29,9.509068191479999,9.91248,39.86722,238518.4668376676,-0.005389266803922821,-0.007783567135518421
PHI,1874-01-04,9.508277641720001,10.13332,40.133677205674104,236915.18703837384,0.022333668334895584,0.018570897469105674
PHI,1875-01-17,9.49741083876,9.9032,39.86722,238226.0623830806,0.01371997883848719,0.012920681372977194
PHI,1876-01-16,9.37385711912,10.26672,39.86722,235126.9318282037,-0.021209874926921723,-0.025463714241035662
PHI,1877-01-29,9.47218360816,10.19502,39.86722,237593.28110061347,0.011202316108456012,0.005971706107118724
PHI,1878-02-11,11.25943682656,10.89787,39.90958210255742,282123.64633701567,0.12228268398979569,0.12151316766595754
PHI,1879-02-03,10.65803814192,10.83362,39.86722,267338.38331140217,-0.03654862055291397,-0.03623042278968902
PHI,1880-02-09,9.661215182320001,10.91067,39.86722,242334.8099596611,-0.0886121747624381,-0.08696849823310471
PHI,1881-02-22,11.03806552888,11.12293,39.86722,276870.7105456563,0.11781417099664471,0.1179027577742977
PHI,1882-02-21,12.208587453400002,11.526,39.86722,306231.2208726869,0.03721831509710061,0.036295873060175676
PHI,1883-03-06,12.83617507536,11.72276,39.86722,321973.16681122984,0.05586923446858605,0.06060150176952983
PHI,1884-03-19,12.83616547928,11.94568,39.86722,321972.9261102229,-0.008549687398701877,-0.007369917572867313
PHI,1885-03-11,12.68715329336,12.25976,39.86722,318235.21412729553,-0.01583376921714974,-0.016198758108398992
PHI,1886-03-17,13.36685312924,12.30349,39.86722,335284.3044797204,0.04420776967171802,0.04306128250040353
PHI,1887-03-30,13.71606201316,12.5322,39.86722,344043.6030693888,0.009500395364782976,0.009769649154448778
PHI,1888-03-29,14.85045980028,13.09976,39.86722,372498.0021250541,0.028379649633235804,0.02892818570164324
PHI,1889-04-11,14.883286115359999,14.04277,39.67090320970936,375168.8242812014,0.029214111842521095,0.028291994089306716
PHI,1890-04-24,15.51928006876,14.46316,39.86722,389274.1974173268,0.03996287838765378,0.03979066952606325
PHI,1891-04-16,16.7777081602,14.43841,39.86722,420839.6813271655,0.06250502525940504,0.06283293192139427
PHI,1892-04-22,18.06146466072,14.61951,39.86722,453040.48440598557,0.06516433688965462,0.06466344155720427
PHI,1893-05-05,18.15865339288,14.51776,40.14694868873954,452304.69527496514,-0.00433296254150739,-0.004485107824593215
PHI,1894-05-04,18.852526357080002,14.60626,39.86722,472882.89369261265,0.030628538673698857,0.026386817270719343
PHI,1895-05-17,20.29681823104,14.52767,39.86722,509110.44790783,0.04941636406627814,0.044493410093440655
PHI,1896-05-30,20.76751529112,14.71721,39.86722,520917.06648018095,0.01730646503491018,0.018427956481368968
PHI,1897-05-22,21.95744569564,14.62685,39.86722,550764.4048328426,0.04744019072499195,0.04687442729482738
PHI,1898-05-28,23.275404818640002,14.39277,39.86722,583823.1213172125,0.0407220735454481,0.04010570325101814
PHI,1899-06-10,23.24301854472,14.4992,39.86722,583010.7678619176,-0.0034657516421644496,-0.0035692356670798953
GBR,1867-08-16,72.48622313608,12.29601,345.74254,209653.75893889132,0.11315919005994979,0.11703710449573146
GBR,1868-08-29,71.23319589828,12.55003,345.3391320735714,206270.26966380514,0.026684622755128062,0.023600750171164364
GBR,1869-08-28,76.23909204496,12.80774,356.67601,213748.8642562756,0.06109073375706986,0.04579231624296276
GBR,1870-09-10,76.18637334048,12.84213,356.67601,213601.05867641614,-0.01877550566455466,-0.01776390102008063
GBR,1871-09-23,78.78650988572,13.15895,349.37156,225509.2254381553,0.03574881872966906,0.05617393338653143
GBR,1872-09-15,83.24102640308,13.65106,351.82927,236594.94391435938,0.04247370322297983,0.0338726844629571
GBR,1873-09-21,86.77819006532,13.72306,356.38679,243494.40692041363,0.027757543414996366,0.014972827234647657
GBR,1874-10-04,88.53887077723999,13.80339,356.38679,248434.77160654578,0.022103531210064586,0.021896673669165256
GBR,1875-10-03,92.06555689343999,13.97523,357.93570005542483,257212.55767218533,0.02263234927016744,0.0221621570323125
GBR,1876-10-16,92.78173352604,14.1356,366.23454,253339.6591322053,0.027691523626059533,0.0030304847559443626
GBR,1877-10-29,95.39540868208,14.33137,366.23454,260476.27479942227,0.020050426435049173,0.019616846175590785
GBR,1878-10-21,99.42184225791999,14.55989,366.23454,271470.41417207674,0.027826589647330646,0.027779742068734015
GBR,1879-10-27,103.68874183668,14.77087,368.8820425753449,281089.155527275,0.03362604011015691,0.03298912598293047
GBR,1880-11-09,104.39330416840001,14.89089,366.23454,285044.94460953906,0.017192757166294426,0.016697106990374966
GBR,1881-11-08,106.9010804342,14.97393,366.23454,291892.4043434025,0.009271306826659886,0.01288279723604524
GBR,1882-11-21,118.94645516988,15.30338,366.23454,324782.187856667,0.10342524661579078,0.10619365551579407
GBR,1883-12-04,128.29797455956,15.5698,371.67324264687335,345190.23657954275,0.037942177990358816,0.03866139220195142
GBR,1884-11-26,138.72017351348,16.10239,390.34473,355378.62523078,0.05440595049070018,0.040368890384663736
GBR,1885-12-02,140.71361591716,16.16602,390.34473,360485.5019232871,0.011367675609715633,0.010717445617019372
GBR,1886-12-15,138.4793769424,15.84601,412.12803,336010.57647644106,-0.018430717968474286,-0.02385991266407772
GBR,1887-12-14,148.05204837072,16.21753,412.12803,359237.99788798636,0.06135147189224743,0.06059101914664122
GBR,1888-12-27,140.46657442844,16.33154,412.12803,340832.3729605094,0.018327999028981967,0.01695856060916645
GBR,1890-01-09,143.19612261032,15.90523,412.12803,347455.431775218,-0.026361493689514903,-0.028807880758500826
GBR,1891-01-01,144.32119892528002,16.05054,412.12803,350185.35120088776,0.009505079800226302,0.009531388981838695
GBR,1892-01-07,159.56822613315998,16.59106,412.12803,387181.20224232256,0.08914074047229725,0.08732788973817929
GBR,1893-01-20,168.62551560088,16.68551,412.12803,409158.0851729012,0.04197364535336212,0.04212370894180073
GBR,1894-01-19,188.40367243152,14.79516,432.93874,435173.9750328649,0.025205188930536027,0.022320701634321427
GBR,1895-02-01,202.64113641408,14.61378,444.9662972626181,455407.8312463329,0.053030445655608105,0.05533478998653152
GBR,1896-02-14,212.82009413236,15.08073,432.93874,491570.9186301046,0.0400181547507763,0.012393572956273413
GBR,1897-02-06,192.8188129686,17.70549,449.54417,428920.728676339,-0.0992362253343485,0.10431928772166077
GBR,1898-02-12,198.60449105744001,17.62723,456.72676,434843.1238350037,0.020623161675044743,0.007802358250816432
GBR,1899-02-25,204.56066779876,17.70878,465.7798949893694,439178.8267362393,0.03317465596896718,0.01966939192374184
GBR,1900-02-24,208.8941163192,17.81431,469.13168,445278.21339884785,0.01842799203231582,0.00902791236514644
GBR,1901-03-09,217.04039171463998,18.40776,476.12799,455844.6389901169,0.01559816824074689,0.009594336686614913
GBR,1902-03-22,224.35041235100002,18.31518,482.02499,465433.15596770204,0.0229419368865047,0.01571548187564198
GBR,1903-03-14,225.6632514292,18.29208,487.20121,463182.8632552041,0.013060916478794482,0.002866922474562328
GBR,1904-03-20,232.6553440796,18.58342,493.01022,471907.7508770508,0.01757909080195308,0.00870527235802121
GBR,1905-04-02,237.00500398796,19.18244,501.00317,473060.8869959047,-0.0010136210384429356,-0.01474371459543422
GBR,1906-04-01,228.83858587615998,18.83952,493.7475649696504,463472.83938549896,-0.028571596186654724,-0.04276459755201456
GBR,1907-04-14,232.1187021322,18.77216,504.44827,460143.7172778886,-0.0031018417598425163,-0.014317198157594024
GBR,1908-04-27,228.35979685168002,19.96473,513.25377,444925.7077092293,0.023125235349613416,-0.0006930755831419111
GBR,1909-04-19,237.09001967403998,20.32499,465.27343,509571.3711269521,0.025306850581230833,0.13181963288408505
GBR,1910-04-25,234.70616582972,20.67671,471.4824089084588,497804.7142269726,-0.0037632621799867927,-0.013761504330904617
GBR,1911-05-08,239.35962728703998,20.48893,480.11386,498547.63052880834,0.010704052877815728,-0.007664535181010512
GBR,1912-05-07,245.08115212048,20.75417,485.76444,504526.74576278165,0.026213458910447907,0.016487112811173654
GBR,1913-05-20,257.94558982608,21.12374,492.43438,523817.1831667805,0.04210744277646272,0.03435256341291559
GBR,1914-06-02,261.65257948232,20.93644,497.6704435775025,525754.7094849178,0.004873411516201909,-0.006553139200551783
LUA,1837-01-13,0.1066822952,7.21476,3.15473,33816.61669936888,0,0
LUA,1838-01-26,0.10447936304,7.97145,3.15473,33118.32170740444,-0.06565152470489932,-0.0681582965926062
LUA,1839-02-08,0.09495275972,8.54807,3.15473,30098.5376624941,-0.08292281055391271,-0.07545827224296275
LUA,1840-01-31,0.10729684212,8.05378,3.15473,34011.41844785449,0.16107309042293183,0.1635514939316407
LUA,1841-02-06,0.1009750352,8.57399,3.15473,32007.504667594374,-0.08139596225820889,-0.07594131367872381
LUA,1842-02-19,0.1092438672,8.05843,3.15473,34628.594903525816,0.03215135048458828,0.03458466952387007
LUA,1843-02-18,0.17004320632,7.95925,3.15473,53901.033153391894,0.7392796065834206,0.7607201814867912
LUA,1844-03-03,0.11961274936,8.24903,3.210035713391349,37262.12417544449,-0.3156400109147416,-0.3122785346649464
LUA,1845-03-16,0.10874302712,8.77169,3.15473,34469.83644242138,-0.04284617700145488,-0.05771021018818334
LUA,1846-03-08,0.10896258308,7.46419,3.15473,34539.432243012874,0.03553485469505824,0.03862776747737984
LUA,1847-03-14,0.10808604872000001,8.0084,3.15473,34261.58457934594,0.004302077444609642,0.004186345048792228
LUA,1848-03-27,0.14036492236,7.28795,3.0418168132686914,46145.093862232265,0.28747454645655623,0.2973787590011261
LUA,1849-03-26,0.11678072951999999,7.94255,3.1547300000000003,37017.66221514995,-0.12065060399658056,-0.13253027895608382
LUA,1850-04-08,0.19225399596,7.26995,3.15473,60941.50559952833,0.7435100662122729,0.7407237772865312
LUA,1851-04-21,0.15427115132,8.07688,3.1547299999999994,48901.538743410696,-0.18834383063705673,-0.1640444102679114
LUA,1852-04-13,0.17370832076,7.27996,3.15473,55062.817027130695,-0.03481626496696255,-0.03861155519223303
LUA,1853-04-19,0.24656696376,6.66762,3.15473,78157.8657317742,0.39656643595362295,0.39827076304316167
LUA,1854-05-02,0.2293949502,6.59534,3.15473,72714.60638469853,0.009804144380482382,0.011263084521381694
LUA,1855-05-01,0.1849381196,6.72849,3.1837943668635647,58087.33174629842,-0.1257585212238922,-0.08741662851360055
LUA,1856-05-14,0.20092017452,6.9125,3.15473,63688.54847166002,0.16263702380743816,0.16317361049337076
LUA,1857-05-27,0.23893728456,7.23396,3.15473,75739.37692290625,0.16509390195200813,0.1677694576080868
LUA,1858-05-19,0.21530774356000001,7.27873,3.1547300000000003,68249.18251641186,-0.0869769206894433,-0.08224128616873927
LUA,1859-05-25,0.2130171238,7.3343,3.0869261142978157,69006.22687836994,0.003550960398924552,0.00757678606859713
LUA,1860-06-07,0.23057042008,7.34532,3.15473,73087.21192621873,0.065565090242369,0.06887977224637787
LUA,1861-06-06,0.26883565332,7.27879,3.15473,85216.69154571072,0.08748493362070264,0.09799335524545216
LUA,1862-06-19,0.2725437598,7.25303,3.15473,86392.10322277977,0.0077941980871882866,0.011654400101078766
LUA,1863-07-02,0.24467768831999998,7.29691,3.154031276730107,77576.17691529862,-0.09518110311797645,-0.09573182619857279
LUA,1864-06-24,0.23387746616000002,7.30163,3.1547300000000003,74135.49373797441,-0.034079354158839226,-0.03338431253481766
LUA,1865-06-30,0.24699688260000002,7.28657,3.1547299999999994,78294.14327058101,0.03212193020572318,0.03571843268894925
LUA,1866-07-13,0.23824769176,7.35422,3.15473,75520.78680584392,-0.03285450111974364,-0.032319627315003596
LUA,1867-07-12,0.23954598408,7.34748,3.15473,75932.32513717498,0.05876198693280443,0.05972759990012899
LUA,1868-07-25,0.24093299828,7.42324,3.15473,76371.98691488654,0.005437030300956103,0.005575702703739305
LUA,1869-08-07,0.24356391592,7.42309,3.15473,77205.94660081845,0.01669595670472601,0.015973029019321405
LUA,1870-07-30,0.30584819252,7.2669,3.15473,96949.08677446247,0.09723560440128654,0.08935418310861643
LUA,1871-08-05,0.31548073959999995,7.22062,3.15473,100002.45333198087,-0.035409378494193455,-0.033790703504035124
LUA,1872-08-18,0.3079298612,6.75977,3.15473,97608.94314251933,-0.07025523416850632,-0.06403779944272392
LUA,1873-08-17,0.31110793532,6.56748,3.15473,98616.34286293914,-0.009149538613695496,-0.008234881156836682
LUA,1874-08-30,0.26124337252,6.45924,3.0144078376372723,86664.90620750429,-0.10029991840934926,-0.10339446136759722
LUA,1875-09-12,0.32852374256,7.67666,3.15473,104136.88098823038,0.17423229582473554,0.16717863854539083
LUA,1876-09-04,0.32258246331999996,7.69277,3.15473,102253.5885226311,-0.020089019245645878,-0.019847303576306596
LUA,1877-09-10,0.33451222064,7.69824,3.15473,106035.13474687217,-0.003937373798655219,-0.006377635025259121
LUA,1878-09-23,0.42144115416,7.29402,3.1987506850097485,131751.79801757997,0.32958518280568105,0.32527752727601333
LUA,1879-09-22,0.38240254312,7.07247,3.15473,121215.61690540871,-0.12062257843929891,-0.11487241090877487
LUA,1880-10-05,0.34911752616,7.31988,3.04121320298293,114795.47892846615,0.01187072023622604,0.0048196802797382254
LUA,1881-10-18,0.2945742436,7.98361,3.15473,93375.42154162163,-0.028603820606538877,-0.029244191293599897
LUA,1882-10-10,0.29445403832,7.91501,3.15473,93337.3183505403,-0.016409364480880817,-0.018500134808713153
LUA,1883-10-16,0.29472461044000003,7.86573,3.15473,93423.0854748267,-0.014495593555595154,-0.012327569957083728
LUA,1884-10-29,0.31768811568,7.01249,3.17187871557517,100157.71224795784,0.03349943731184801,0.029866727941624704
LUA,1885-10-28,0.35630468484,7.97763,3.15473,112943.00458042369,0.12820965544662788,0.13358228583899678
LUA,1886-11-10,0.39419672188000004,8.07232,3.15473,124954.18684958777,0.08639785110382059,0.08040306678838172
LUA,1887-11-23,0.37657156628000005,8.06075,3.15473,119367.28857303162,-0.04337796578684616,-0.043531582207333885
LUA,1888-11-15,0.40236803412000005,8.0831,3.15473,127544.36484897282,0.03812056486068527,0.037738094703688274
LUA,1889-11-21,0.49954766056,8.28395,3.15473,158348.78438408358,0.14038851260699592,0.14689278281265827
LUA,1890-12-04,0.49649658292000004,8.17819,3.15473,157381.64055878,-0.0024872231538268785,-0.0022485605814921428
LUA,1891-12-03,0.44388034808000004,8.82706,3.1483299263439144,140989.14613928928,-0.09196580078220096,-0.09114941821011602
LUA,1892-12-16,0.49462676588000004,8.72421,3.1547299999999994,156788.93784254123,0.09204193597310861,0.08193414252862863
LUA,1893-12-29,0.5815874064,8.76365,3.15473,184354.0988927737,0.10716040006479521,0.10957544889221538
LUA,1894-12-21,0.6428629038,8.915,3.15473,203777.4718597154,0.17370713832163798,0.17396314098053844
LUA,1895-12-27,0.58573921484,8.94967,3.2339385454629714,181122.55585739508,-0.1253769214683268,-0.12264902952967971
LUA,1897-01-09,0.60794047444,8.6684,3.15473,192707.60871453345,0.0587986268627001,0.06350274300748127
LUA,1898-01-08,0.5362739257200001,8.74833,3.1547300000000003,169990.4352258355,-0.015537509427469676,-0.025576625363048833
LUA,1899-01-21,0.6196123076,8.79877,3.15473,196407.39701971324,0.014169012876658948,-0.002444201080090025
LUA,1900-02-03,0.5446017278,8.56291,2.970504389520238,183336.44943307352,0.008949997463218562,-0.006203007009900174
RYU,1837-01-13,0.10600578976,6.43714,1.93442,54799.779654883634,0,0
RYU,1838-01-19,0.13188126120000002,6.91099,1.9385299999999999,68031.58124970984,0.17747060021001282,0.17551537878299728
RYU,1839-01-25,0.12863058208,6.76208,1.93675,66415.687145992,-0.08440252959903605,-0.08349334350335391
RYU,1840-01-31,0.13372212619999999,6.92777,1.9379600000000001,69001.48929802472,0.010430610411803487,0.010019824565319357
RYU,1841-02-06,0.13505180468,6.95446,1.93871,69660.65305280316,-0.008395315901098432,-0.008787172951343902
RYU,1842-02-12,0.13198999111999998,6.46748,1.93563,68189.68042446129,-0.02781147570274245,-0.026532960656211024
RYU,1843-02-18,0.14483060904,6.30672,1.93206,74961.75534921276,0.05823997476788034,0.059668470795389617
RYU,1844-02-24,0.13755651000000002,6.32108,1.9281799999999998,71340.07717121847,0.02241143092210618,0.02392372923530206
RYU,1845-03-02,0.1434156152,6.52361,1.92375,74550.02739441195,0.03977439735682098,0.041595350293466504
RYU,1846-03-08,0.15588499108,6.46326,1.9204,81173.18843990835,0.1748990051811674,0.17637375083209905
RYU,1847-03-14,0.15580765876,6.53314,1.91628,81307.35527167219,-0.02068341721092326,-0.01904000764591507
RYU,1848-03-20,0.16863746692,6.69883,1.91296,88155.24993727,0.04365375235742386,0.045174330198073154
RYU,1849-03-26,0.17621024823999998,6.68287,1.91175,92172.22348110369,0.11605089821395564,0.1164871319427736
RYU,1850-04-01,0.21211368152,6.33879,1.9117,110955.52728984674,0.14245964527309463,0.14243651954504832
RYU,1851-04-07,0.22191780624000002,6.73786,1.9139,115950.57539056378,0.02600263984309903,0.025022035920609254
RYU,1852-04-13,0.2128529078,6.76657,1.90677,111630.09057201444,-0.036797962182272825,-0.033875207112917693
RYU,1853-04-19,0.24115395511999999,6.81313,1.90167,126811.67348698775,0.057889401887141645,0.06008125455263458
RYU,1854-04-25,0.31784859600000004,7.42398,1.9057299999999997,166785.74404558886,0.29971093876486465,0.29758255427018954
RYU,1855-05-01,0.31145120604000004,7.39357,1.9120700000000002,162886.92675477362,-0.010979287638713586,-0.013420206659714995
RYU,1856-05-07,0.33324851091999996,7.43924,1.9182500000000002,173725.27612146485,0.07812067331347294,0.07541343777071319
RYU,1857-05-13,0.31827267108,7.53266,1.9247399999999997,165358.78668287667,-0.05893473625436141,-0.06126460022751701
RYU,1858-05-19,0.29389554272,7.75478,1.92349,152792.86230757635,-0.07588171273452193,-0.07512469145646339
RYU,1859-05-25,0.27883944504,7.72899,1.92668,144725.3539975502,-0.026196589389575586,-0.02736931615205984
RYU,1860-05-31,0.30787588936,7.49275,1.9335299999999997,159229.95213935134,0.015878748879272653,0.01317888970678971
RYU,1861-06-06,0.30936179144,7.53242,1.93966,159492.79329367002,-0.003283123780131403,-0.005669514784991336
RYU,1862-06-12,0.2980624374,7.53491,1.94583,153180.10175606297,-0.04584118801328352,-0.04814170330815715
RYU,1863-06-18,0.32896802276000003,7.79009,1.95409,168348.45005091885,0.028532275073020363,0.025283633963110397
RYU,1864-06-24,0.336032931,7.79482,1.96242,171233.9514477023,0.014361543752863248,0.01103525930402327
RYU,1865-06-30,0.30287961080000003,7.25245,1.9694799999999997,153786.5887442371,-0.037476449647800725,-0.04012711393431001
RYU,1866-07-06,0.21401162899999998,6.38446,1.97135,108560.95011033048,-0.24760489950508446,-0.24820064814378617
RYU,1867-07-12,0.22670738168,6.3757,1.97033,115060.61506448158,0.09104755519034646,0.0915597190852444
RYU,1868-07-18,0.22021585404,6.44722,1.9691,111835.78997511553,-0.013607930648318556,-0.013217402286267443
RYU,1869-07-24,0.228125807,6.15302,1.96562,116057.93947965528,0.032263488616907754,0.0338415065105635
RYU,1870-07-30,0.37422391864,7.69485,1.94251,192649.6742050234,0.6952695599818273,0.7129879106172929
RYU,1871-08-05,0.36838401183999997,8.72469,1.93297,190579.270159392,-0.014754577469945351,-0.011399578019664292
RYU,1872-08-11,0.42193782956,9.34769,1.9353,218021.92402211542,0.10286356141516184,0.10209034265298045
RYU,1873-08-17,0.39101110776,9.54581,1.94419,201117.74454142855,-0.061142781331617546,-0.06444339224408258
RYU,1874-08-23,0.37523958211999997,10.12121,1.95738,191705.02514585824,-0.023134996713520817,-0.028035158403013738
RYU,1875-08-29,0.41770255176,10.15303,1.9745400000000002,211544.2339785469,0.017279821451661626,0.010531032027003118
RYU,1876-09-04,0.49294120304,10.39104,1.99057,247638.2157070588,0.10803554864539922,0.101171286906651
RYU,1877-09-10,0.5512693882799999,10.38561,2.00349,275154.54945120757,0.0007214862515954046,-0.004051173369333805
RYU,1878-09-16,0.52302434184,8.81209,2.01799,259180.8392707595,-0.08477919610979101,-0.08970303035482563
RYU,1879-09-22,0.39903133972,8.4508,2.03072,196497.46874015126,-0.18475364318663023,-0.18862758846401861
RYU,1880-09-28,0.41613620308,9.52538,2.04728,203262.96504630533,-0.004516571154236093,-0.010365509194088407
RYU,1881-10-04,0.36382766836,9.33438,2.05341,177182.18395741718,0.02576969932767903,0.02361041808447406
RYU,1882-10-10,0.11957649392,6.1541,1.99656,59891.25992707457,-0.5656228634445062,-0.5565014185331467
RYU,1883-10-16,0.27356038788,7.29717,1.95789,139722.041524294,0.7556359263698231,0.7824859947470841
RYU,1884-10-22,0.05517956288,6.37719,0.96484,57190.37651838647,-0.5291158827425773,-0.44363719785906397
RYU,1885-10-28,0.07828159924,6.72771,0.95179,82246.71328759495,0.22858320460996917,0.2420855418998653
RYU,1886-11-03,0.06782798463999999,6.67969,0.94552,71736.17124968271,-0.08054974131170423,-0.07559085076838434
RYU,1887-11-09,0.06375569771999999,5.81379,0.9334400000000002,68301.8702005485,-0.0015874892893865677,0.0073306613741159765
RYU,1888-11-15,0.15710784075999998,6.12297,1.87079,83979.41017431139,0.7561947319914892,0.018985537073494818
RYU,1889-11-21,0.35686194908,8.11085,1.8675900000000003,191081.5270375189,0.2037291865308506,0.20546918502152867
RYU,1890-11-27,0.35776305395999997,9.63333,1.8670099999999998,191623.5338643071,-0.00161584280100735,-0.001554647900253614
RYU,1891-12-03,0.34093857512,9.9477,1.86762,182552.4331073773,-0.04234500103019878,-0.04249203069440932
RYU,1892-12-09,0.30555919264000003,10.26947,1.8661400000000001,163738.62231129498,-0.04712495060611199,-0.04687190885953818
RYU,1893-12-15,0.32494334496,10.36874,1.86287,174431.57330355849,0.014662830480553835,0.01572520106016495
RYU,1894-12-21,0.29094609128,8.79819,1.8634,156137.21760223247,-0.044629429395060205,-0.04478528711401919
RYU,1895-12-27,0.30376500491999997,8.93648,1.85792,163497.35452549087,0.013156371799084576,0.014746976102674614
RYU,1897-01-02,0.33744306543999997,9.82766,1.85166,182238.13520840756,0.05506312822313708,0.05803686461058999
RYU,1898-01-08,0.36286227224,10.35218,1.84769,196386.9871244635,0.0009918737541771971,0.0025070231377968266
RYU,1899-01-14,0.35307723516,11.10818,1.8497400000000002,190879.38583800965,0.014392441688922508,0.012777762739020648
RYU,1900-01-20,0.401522212,11.36902,1.85941,215940.65429356624,0.04050337315081398,0.03643521023595131
RYU,1901-01-26,0.48117714372,12.04993,1.86945,257389.68344700313,0.11162942903521089,0.1072828459716122
RYU,1902-02-01,0.5029144837599999,12.45239,1.87535,268170.99941877514,-0.010364818904067596,-0.012979322949741134
RYU,1903-02-07,0.54473095352,11.88843,1.8866100000000001,288735.3260716311,0.05159416105200698,0.04682300974906406
RYU,1904-02-13,0.5517916133599999,13.24228,1.9029399999999999,289967.9513594753,-0.015657610606053196,-0.022338095807340475
RYU,1905-02-19,0.46215709384,12.972,1.92006,240699.29785527533,-0.008705920783419807,-0.015474049127233935
RYU,1906-02-25,0.45258974644,13.47286,1.94199,233054.622546975,0.0005840352222201695,-0.00792249843418491
RYU,1907-03-03,0.63407885216,13.36325,1.96758,322263.3144065298,0.2317740611744552,0.21994205030118796
RYU,1908-03-09,0.65145132832,13.70031,1.99289,326887.7501116469,0.05818321557987316,0.04790110599957309
RYU,1909-03-15,0.65941161884,12.99384,2.01959,326507.66682346415,-0.01811070386110336,-0.027975110879056464
RYU,1910-03-21,0.62090189876,12.21255,2.04433,303719.01736021094,-0.033744488779879345,-0.042539683626206415
RYU,1911-03-27,0.69429638044,12.82631,2.06915,335546.66430176643,0.0929611894818132,0.08300285417532471
RYU,1912-04-02,0.67744402544,13.4955,2.09628,323164.85652679985,0.028264581699112723,0.018262357971106757
RYU,1913-04-08,0.6584545099600001,14.35368,2.12361,310063.7640433036,-0.00654225294882016,-0.016053092790775603
RYU,1914-04-14,0.68977341472,14.08562,2.15231,320480.5138293276,0.027836783789931818,0.017310153331997924
RYU,1915-04-20,0.78793667056,14.57942,2.18431,360725.66190696374,0.05895911844194668,0.0474628433379678
RYU,1916-04-26,0.75967906872,13.65017,2.21971,342242.48605448456,-0.02518427049374239,-0.0369599474058695
RYU,1917-05-02,0.81720118064,13.65518,2.25474,362436.9908016002,0.08563945029870146,0.07275517154951672
RYU,1918-05-08,0.82641717028,15.07497,2.29117,360696.5743615707,0.08404701437047768,0.07104033397890785
RYU,1919-05-14,0.84988762092,14.50478,2.32852,364990.4750313504,-0.019049365599869694,-0.030895189505685816
RYU,1920-05-20,0.9135602205600001,14.96664,2.36671,386004.2931157599,0.10680869884739885,0.09324175692657
RYU,1921-05-26,0.91664721616,16.53705,2.40787,380688.0006644877,0.07186311879606211,0.058250580685642595
RYU,1922-06-01,0.87565952656,16.48661,2.44883,357582.81569565873,-0.015610862974908102,-0.028237945277508558
RYU,1923-06-07,1.00825451428,15.95884,2.49118,404729.69206560747,0.10357222642384234,0.0896578593723052
BRD,1837-01-13,0.13868828948,6.81442,4.70836,29455.75306051364,0,0
BRD,1838-01-19,0.15175205032,5.88493,4.71441,32188.980237187687,0.08506553998473954,0.0841093590571893
BRD,1839-01-25,0.15180431188,5.84721,4.71644,32186.20652017199,0.00012834165135444664,-0.00016730933606246
BRD,1840-01-31,0.15134291276,5.81086,4.7163,32089.331204545935,-0.0027138722116295533,-0.0026929765930797656
BRD,1841-02-06,0.15136838287999999,5.80022,4.71411,32109.64166725002,0.000061015139947606656,0.00037981000645559426
BRD,1842-02-12,0.1782555944,4.91138,4.68209,38071.80007218999,0.193664131914544,0.20021344580771672
BRD,1843-02-18,0.15088537724,5.82819,4.6489,32456.146021639524,-0.14906005452481286,-0.14449784153306777
BRD,1844-02-24,0.14940584308,5.81759,4.6442,32170.4153740149,-0.0021353307227679474,-0.0014308573700853033
BRD,1845-03-02,0.15787151276,6.58752,4.647660000000001,33967.95651144877,0.05114074017801773,0.05065449342101247
BRD,1846-03-08,0.15624905556000002,6.55899,4.65689,33552.2324040293,-0.010335849597840174,-0.011883831548454848
BRD,1847-03-14,0.15022157436,5.87876,4.61294,32565.256508864193,-0.03860079586543075,-0.03114868444131813
BRD,1848-03-20,0.15555502663999998,5.13607,4.551289999999999,34178.227851883756,0.05207181022659668,0.06172179169794334
BRD,1849-03-26,0.14892523723999998,6.68023,4.53992,32803.4937267617,-0.013547748333557652,-0.012092913774804592
BRD,1850-04-01,0.14942971212,6.66771,4.55093,32834.983645101114,0.0023691507784115995,0.00048183392329770314
BRD,1851-04-07,0.1497422628,6.65801,4.5624,32820.94134665965,0.0015519905782708232,-0.0002879768747457989
BRD,1852-04-13,0.1988962508,5.16328,4.56358,43583.382081611366,0.33614271992558864,0.3354287795175097
BRD,1853-04-19,0.15707739476,5.97526,4.54471,34562.6882155297,-0.21147940047157,-0.2086736142108947
BRD,1854-04-25,0.15651566216,5.93642,4.53758,34493.20169782131,-0.0023262980345606366,-0.0013303041518049064
BRD,1855-05-01,0.15072428176000002,5.93054,4.53182,33259.10600156229,-0.0381154523522772,-0.03716141940637274
BRD,1856-05-07,0.14716098072,5.87659,4.5233,32533.986408153338,-0.023833273319585957,-0.022319242734478606
BRD,1857-05-13,0.14805421384,5.92846,4.51828,32767.826217056052,0.0002470062172612586,0.001076033800029741
BRD,1858-05-19,0.1470300468,5.97854,4.50283,32652.808744722763,-0.007866947210287578,-0.0048603275162883985
BRD,1859-05-25,0.14984248188000002,6.0444,4.499760000000001,33300.10531228332,0.004447639511743207,0.004948435232075887
BRD,1860-05-31,0.14889922736,6.03455,4.50653,33040.77136066996,-0.002714810436665993,-0.0040460858636481856
BRD,1861-06-06,0.18872746776,5.25156,4.51582,41792.5133774154,0.25804300696722926,0.2560576100447689
BRD,1862-06-12,0.15402413363999998,5.82511,4.52234,34058.50370383474,-0.17424138261790956,-0.17507404293910778
BRD,1863-06-18,0.15367098968,5.82074,4.52977,33924.6782242807,-0.0013292187604680983,-0.0026690406435211367
BRD,1864-06-24,0.15298076508000003,5.89143,4.50818,33934.041027643085,-0.0009186734108129757,0.0034288605355188295
BRD,1865-06-30,0.15375982284,5.90071,4.50954,34096.56480261845,0.004680323299272482,0.004276197851260655
BRD,1866-07-06,0.15676395748000002,5.13395,4.48783,34930.90368396308,0.024349983061657365,0.027863327970964802
BRD,1867-07-12,0.15918735456,5.16955,4.45888,35701.197287211144,0.03410087124699235,0.03630395495795713
BRD,1868-07-18,0.15333226428,5.17831,4.38767,34946.17058256432,-0.02370956678351699,-0.01149630957796921
BRD,1869-07-24,0.15280010355999998,6.78465,4.36018,35044.44852276741,0.025540209296309513,0.029435684935124495
BRD,1870-07-30,0.17586552464,5.34539,4.35242,40406.37728895648,0.1261166068922963,0.12713637704509084
BRD,1871-08-05,0.1720681898,5.90102,4.34369,39613.367850836505,-0.013960165070750485,-0.012531011707523687
BRD,1872-08-11,0.21239361624,5.93872,4.34521,48879.94279678082,0.15061027078448785,0.15015569011480023
BRD,1873-08-17,0.208572234,5.2766,4.29784,48529.54833125477,-0.014372709365447545,-0.005978977838044575
BRD,1874-08-23,0.20233769764,5.15135,4.25403,47563.76838903345,-0.009216270600790444,-0.0020606129869493728
BRD,1875-08-29,0.20288468771999998,5.23592,4.17593,48584.312409451304,0.006970110657267048,0.021267964715219856
BRD,1876-09-04,0.20154317508,5.9415,4.13699,48717.346447537944,-0.0058930364960526616,0.00008653976322237078
BRD,1877-09-10,0.20036612232,5.97206,4.11167,48731.080636335115,-0.004022852279135569,0.0006655371639714414
BRD,1878-09-16,0.19940105224,6.00321,4.0875,48783.13204648317,-0.003786036927380998,0.0005691634321527417
BRD,1879-09-22,0.19914122592,5.85498,4.05753,49079.42169743662,-0.0008706087606834556,0.003845647873477853
BRD,1880-09-28,0.23303592207999999,6.28321,4.02724,57864.92041199432,0.13956379831899235,0.14556164996677445
BRD,1881-10-04,0.25624261676,7.97756,4.02404,63677.9497122295,0.07996445014874753,0.08075609879190981
BRD,1882-10-10,0.26088656048,8.06785,4.04272,64532.433727787226,0.0016245985102263383,-0.0019851974626009516
BRD,1883-10-16,0.2627106196,7.49498,4.051,64850.80710935571,0.00023701210901916347,-0.0011074548360798797
BRD,1884-10-22,0.25484557696,7.45178,4.05241,62887.41192524942,-0.018051098574803803,-0.019798357832015223
BRD,1885-10-28,0.25492863915999997,7.52441,4.01956,63422.02608245678,0.06570541352592008,0.07272632688352298
BRD,1886-11-03,0.26069561544,7.48655,4.0316,64663.06564143268,0.006543476282720118,0.004509227562525142
BRD,1887-11-09,0.26301448628,7.59065,4.06623,64682.63877842621,0.008506978526501507,0.00183015355011662
BRD,1888-11-15,0.25964679468,7.58827,4.10498,63251.65888262549,-0.0017596040361661514,-0.00901968649272833
BRD,1889-11-21,0.25818131404,7.60721,4.13127,62494.41794896001,-0.004437486392721901,-0.0094677366446545
BRD,1890-11-27,0.31733971048,6.85407,4.14891,76487.48960088313,0.22508849618615256,0.22085140186458485
BRD,1891-12-03,0.27541961252,6.90281,4.1808,65877.25136815921,-0.0990292053125692,-0.10470484510645106
BRD,1892-12-09,0.28430537928,7.64344,4.21936,67381.16190133101,0.06984090315029223,0.06251849371896401
BRD,1893-12-15,0.31175832168,7.71142,4.25423,73281.96211300282,0.03954050881251181,0.03293826229282826
BRD,1894-12-21,0.31077562204,7.13127,4.27592,72680.41077475724,-0.003594421753828958,-0.007684106499578958
BRD,1895-12-27,0.32373204604,7.18007,4.28299,75585.52460780903,0.038137141357582394,0.03673108279278514
BRD,1897-01-02,0.32181226064,7.23571,4.3077,74706.28424449243,0.0001845203865129541,-0.004282010268268244
BRD,1898-01-08,0.30699859944,8.86403,4.34834,70601.3327936638,-0.044124818102699415,-0.05010874278352029
BRD,1899-01-14,0.32491824560000004,9.62164,4.42133,73488.80214777002,0.03963700602015474,0.026221113460811463
BRD,1900-01-20,0.3300937068,9.54544,4.49684,73405.70418338211,0.014707747580336994,0.001561537712897021
BRD,1901-01-26,0.32702574164000003,8.77148,4.56658,71612.83534724016,-0.011511415509259382,-0.022429530581060897
BRD,1902-02-01,0.32872142264,8.71931,4.63644,70899.53124379912,0.000616826527403358,-0.011289366590715888
BRD,1903-02-07,0.3431935806,8.98637,4.68753,73214.16195736347,0.0008387567818648467,-0.007009802602493842
BRD,1904-02-13,0.33859528299999997,8.81668,4.74275,71392.18449211954,-0.004221281091056572,-0.012493755056320333
BRD,1905-02-19,0.33128588376,9.1191,4.80874,68892.45077920619,-0.006452152915527032,-0.017208620431466093
BRD,1906-02-25,0.37518953056,8.87059,4.86658,77095.11208281791,0.07953662646752924,0.07000588541820307
BRD,1907-03-03,0.4182127612,9.17299,4.93644,84719.50660800091,0.06059464775153911,0.04942347435787364
BRD,1908-03-09,0.41542182136,8.9674,5.00079,83071.23901623543,-0.003576525172103273,-0.013483290393695224
BRD,1909-03-15,0.45756748856,9.09434,5.04981,90610.8325976621,0.06724999664541254,0.05994419090695002
BRD,1910-03-21,0.44927151828,9.78598,5.12342,87689.76938841633,-0.022028791611593768,-0.03283540473015523
BRD,1911-03-27,0.45269188692,9.70006,5.19674,87110.74383555845,0.005187337223340638,-0.005818379065921198
BRD,1912-04-02,0.49592405928,8.6961,5.25993,94283.39526951879,0.09583838248334375,0.08634885918862678
BRD,1913-04-08,0.45632057016,8.38881,5.29614,86160.97198336902,-0.042583756869237765,-0.04762501741241876
BRD,1914-04-14,0.55268365724,8.3561,5.3053,104175.75956873315,0.0865216106400668,0.08588232442547516
BRD,1915-04-20,0.5608712007600001,8.57509,5.33788,105073.77474952603,0.01182631193460848,0.007764363238795813
BRD,1916-04-26,0.49854650872,8.76678,5.37826,92696.61725539487,-0.0980169841427665,-0.10332688267620704
BRD,1917-05-02,0.41878858164,9.20879,5.43314,77080.39580058678,-0.16253130874264388,-0.16883420503274227
BRD,1918-05-08,0.52951482844,8.58296,5.48507,96537.47872679836,0.201872942727773,0.19287709957713028
BRD,1919-05-14,0.488546201,9.52521,5.53009,88343.26403367757,-0.044609299990840845,-0.050563210667899705
BRD,1920-05-20,0.54195768536,10.07037,5.60774,96644.58148202307,0.10447757158598314,0.0928497443491072
BRD,1921-05-26,0.57444076872,10.79188,5.6772,101183.81750158529,0.008069560896258654,-0.0011699426737933338
BRD,1922-06-01,0.6335464252,10.41878,5.74408,110295.54344647011,0.062346485780786276,0.05274515944376734
BRD,1923-06-07,0.6681423881599999,10.76809,5.82485,114705.50969724542,0.009431888473662386,-0.000893772073742527
BRZ,1837-01-13,5.76073470336,8.64997,46.59045,123646.2559035167,0,0
BRZ,1838-01-19,6.06009930708,8.89631,47.56017,127419.63090291728,0.06349229284352553,0.047604132746029926
BRZ,1839-01-25,6.28934735364,8.91508,48.67981,129198.2724180723,0.04848704982007246,0.030337365113666692
BRZ,1840-01-31,6.3774250415200004,9.08118,49.85178,127927.7297925972,0.007156521070164512,-0.010661933653525857
BRZ,1841-02-06,6.8321004294400005,9.26543,51.02119,133907.11642437192,0.07145752132476435,0.05260689292093912
BRZ,1842-02-12,7.55037419448,9.37829,51.92638,145405.36418059567,0.0866657237229056,0.07196782595368223
BRZ,1843-02-18,7.449704995199999,9.57023,52.89005000000001,140852.67446712565,-0.02531059318021489,-0.038042304111809866
BRZ,1844-02-24,7.66002374228,9.46178,54.18686999999999,141363.09667415742,0.03218557367485819,0.014101206508767339
BRZ,1845-03-02,7.09740395832,9.60796,55.48209,127922.43331712991,0.00186337700876682,-0.015477219852334079
BRZ,1846-03-08,7.800372541520001,9.30851,56.71639,137532.95196538427,0.017021108320288914,0.0004266621938033843
BRZ,1847-03-14,7.7392118741600004,9.31427,57.99036,133456.86893752686,0.015784048746560808,-0.0007311133371613598
BRZ,1848-03-20,8.07356630912,9.34851,59.32309,136094.83776249687,0.006687014202076735,-0.010670819046588065
BRZ,1849-03-26,8.315931494520001,9.36245,60.55193,137335.53157628502,0.01873723140909367,0.0028202370884553574
BRZ,1850-04-01,8.047084657560001,9.41885,61.82643,130156.06202007782,-0.07296250783757752,-0.0871766584891499
BRZ,1851-04-07,7.527356466760001,9.27283,63.05463000000001,119378.33061204228,-0.020956266799716405,-0.03547422501860387
BRZ,1852-04-13,7.87104845904,9.48284,64.61056,121822.94131237989,0.0291838741091357,0.010779721095748984
BRZ,1853-04-19,7.46217138108,9.46121,66.48924,112231.262999547,-0.03706540829840266,-0.0577210378505606
BRZ,1854-04-25,8.014770595,9.48437,68.36312,117238.22135385279,0.046060459644056584,0.024510607623408953
BRZ,1855-05-01,7.96223793768,9.40965,70.17691,113459.51164962948,-0.05493605327412765,-0.07344365001637276
BRZ,1856-05-07,8.412128829,9.62333,72.11501,116648.79238039348,0.036374428488233024,0.015519774051474977
BRZ,1857-05-13,8.39189030524,9.46078,74.1106,113234.68309850412,-0.010206726956618839,-0.03024394186150481
BRZ,1858-05-19,9.7660318236,9.6312,75.96363,128561.94238742936,0.06437915527217242,0.0453184199261043
BRZ,1859-05-25,8.688605687839999,9.60817,77.69864,111824.42431218874,-0.011884607711612039,-0.028604291022133355
BRZ,1860-05-31,9.04422176892,9.38539,79.36008,113964.37313218435,0.029436464556926056,0.013037711789102957
BRZ,1861-06-06,9.53723080128,9.37338,80.95201,117813.39093717375,0.09104683123231805,0.07522084115836059
BRZ,1862-06-12,10.1958037194,9.29152,82.50128,123583.58221108813,0.01768540183336631,0.003037422223719055
BRZ,1863-06-18,10.65579239972,9.33072,84.1489,126630.20431306887,0.02014445094849071,0.004903898531619655
BRZ,1864-06-24,10.351099620680001,9.49507,85.9004,120501.18067762199,0.012345147435795623,-0.00337588368514119
BRZ,1865-06-30,11.28595137748,9.48117,87.76415,128594.09425693749,0.058211933449636044,0.04156110584356498
BRZ,1866-07-06,11.502845694080001,9.37796,89.53297,128476.08756952886,-0.03252029472957085,-0.04721966252183718
BRZ,1867-07-12,12.73881610976,9.54429,91.06616,139885.2890004366,0.08623751389140266,0.07190940230369791
BRZ,1868-07-18,12.95909150172,9.49731,92.18355,140579.21941300808,0.0214314835688032,0.012042329681330788
BRZ,1869-07-24,13.63304103096,9.45089,93.25787,146186.49376143803,0.022105170556481868,0.013242146599357962
BRZ,1870-07-30,13.83675329868,9.54453,94.32584,146691.01593667228,0.03306882078912854,0.024174944333159143
BRZ,1871-08-05,13.980881138119999,9.50192,95.41736,146523.45378367207,-0.036604219019430895,-0.044918087112176264
BRZ,1872-08-11,14.59916589404,9.63874,96.5246,151248.1366826695,0.03824050880330754,0.029260751226953374
BRZ,1873-08-17,14.99631143504,9.90978,97.65673,153561.4743094511,0.021523039813573286,0.012550562147243483
BRZ,1874-08-23,15.09464322392,10.01941,98.84142,152715.76656749772,-0.0032971329008716355,-0.012356155784784884
BRZ,1875-08-29,15.45629986212,9.9902,100.02326999999998,154527.04017895038,0.009420875126454176,0.00048564168675802044
BRZ,1876-09-04,15.62726752444,9.98651,101.18097999999999,154448.66737246467,0.0020283830974487937,-0.006674296720105222
BRZ,1877-09-10,16.549792025520002,10.09992,102.34901,161699.58092921466,0.03548166376921902,0.026569843773516677
BRZ,1878-09-16,16.34468280068,10.142,103.52459,157882.1302328268,0.002428550981937727,-0.006194697995908327
BRZ,1879-09-22,16.73325595864,10.1054,104.6984,159823.41619967448,0.04324284074843776,0.03437532258002407
BRZ,1880-09-28,16.45884866496,10.12828,105.89126,155431.60658358395,0.029150763554457892,0.020412328319582507
BRZ,1881-10-04,17.31532999196,10.0904,107.07117,161717.94883683443,0.03222034749770497,0.02360362390483073
BRZ,1882-10-10,13.70248889308,10.26082,82.35171,166389.8526585544,-0.18674719529086092,0.05980075377870997
BRZ,1883-10-16,16.388939135919998,9.94702,109.71931,149371.5111398349,0.22462229131078915,-0.07869553952559594
BRZ,1884-10-22,17.793395646,10.06584,110.8159,160567.1717325763,0.03591634486712736,0.028186966401984037
BRZ,1885-10-28,18.994828641879998,10.09519,111.96253,169653.44246758267,0.040523953041865735,0.032429307365119175
BRZ,1886-11-03,19.38071497076,10.94165,113.02964000000001,171465.77632875764,0.012020334911016395,0.004471883606605331
BRZ,1887-11-09,19.82035110172,10.90787,114.08337,173735.6733213614,0.0031152374498892854,-0.0036184705467690037
BRZ,1888-11-15,20.371269160319997,10.70828,115.40314,176522.6592649039,0.0324300203582264,0.023507829308777817
BRZ,1889-11-21,20.80199339088,10.92173,116.72235,178217.73971206028,0.007481598091239938,-0.0010923847591566282
BRZ,1890-11-27,20.01781075372,10.89962,118.04557999999999,169576.961320534,0.03881215447056885,0.029985873159116272
BRZ,1891-12-03,21.96532799448,10.98866,119.38778,183983.05081541845,0.043688264698187096,0.034868929427595674
BRZ,1892-12-09,23.6633712354,11.29352,120.80342,195883.2890277444,0.06300381306240888,0.05371126772437562
BRZ,1893-12-15,24.00556463708,11.59306,125.76275,190879.76874774127,0.009272133273002137,-0.02146590744621646
BRZ,1894-12-21,24.408786588679998,11.83528,128.02039,190663.27316047077,-0.00846793346018726,-0.020945960108055717
BRZ,1895-12-27,25.93066237216,11.0176,129.52545,200197.4312550931,0.03173529868166769,0.022883080937225353
BRZ,1897-01-02,26.09398514008,11.06454,129.79974,201032.64567463694,-0.00921373076557197,-0.010102493480760644
BRZ,1898-01-08,27.117905012639998,11.07675,142.03044,190930.23307285397,0.04076353605226557,-0.0483905453651724
BRZ,1899-01-14,29.249472297759997,11.23504,143.19581,204262.0681272727,0.0645141289273421,0.05847309276251034
BRZ,1900-01-20,31.67333982956,12.43275,148.10275,213860.57875063093,0.08318576865324867,0.05733634911951646
BRZ,1901-01-26,31.80019069396,12.3191,150.4136,211418.3205106453,0.03053774205341564,0.018591611946119357
BRZ,1902-02-01,34.38297229016,12.64275,152.49561,225468.60391692587,0.07051760854553968,0.059056823182987106
BRZ,1903-02-07,35.04717423064,12.87502,153.63083,228125.91867556793,-0.015995605711963012,-0.02133764282888928
BRZ,1904-02-13,36.2087150386,12.92586,155.56041,232763.0470927661,0.015310397854036761,0.005809984838436089
BRZ,1905-02-19,35.69356735724,12.81142,158.16861,225667.83230402035,-0.010445845689934563,-0.02303636274194043
BRZ,1906-02-25,36.334389788319996,12.60467,159.02699,228479.39075197233,0.0328954960773693,0.02811848820012597
BRZ,1907-03-03,36.926055833679996,12.51662,160.10543,230635.87433405596,0.025728084458446654,0.020795198136465798
BRZ,1908-03-09,37.01976841212,12.51552,162.0854,228396.6872532628,0.006784147234108584,-0.0028916066608970503
BRZ,1909-03-15,37.65507402748,12.49371,163.50676,230296.74141595123,-0.023386375866730647,-0.029587666822119107
BRZ,1910-03-21,38.09115248692,12.58675,165.81526,229720.42794444854,0.02818358079495553,0.017298830125587417
BRZ,1911-03-27,37.705301910120006,12.62244,167.75259,224767.33092538244,-0.01192059594566297,-0.020037007763807346
BRZ,1912-04-02,38.84606548472,12.47028,169.73059,228868.97102472806,0.022048939006150015,0.012267835295931784
BRZ,1913-04-08,37.38621598088,12.86578,155.62761,240228.68423462907,-0.014808250403310241,0.029926736437578594
BRZ,1914-04-14,36.91932854792,12.91035,174.29432,211821.7538467117,-0.00816146363847281,-0.08085053415800059
BRZ,1915-04-20,40.93139536772,13.00006,176.89049,231393.98487572736,0.08652846593449115,0.07445536796619723
BRZ,1916-04-26,45.387058709200005,12.87457,179.08288,253441.63947553225,0.08909531813643401,0.07810751206236954
BRZ,1917-05-02,45.18529275728,12.68864,179.33507,251960.15903236327,0.00036549094682847283,-0.0004215987882614236
BRZ,1918-05-08,43.48294747264,12.78119,180.98824,240252.88865530712,-0.03490869049939427,-0.041106510863517465
BRZ,1919-05-14,46.51518067664,12.63062,183.57412,253386.3742701858,0.021942669082978483,0.011257831554298825
BRZ,1920-05-20,49.70182165156,12.57673,186.0069,267204.1824876389,0.03467354677936263,0.02432912589561398
BRZ,1921-05-26,51.44361525784,12.73496,188.12171,273459.21562078083,0.034543597544391735,0.026289343843936885
BRZ,1922-06-01,46.52968834696,12.59324,191.05634,243539.09609573803,-0.05289390057784549,-0.06401748190312306
BRZ,1923-06-07,55.30809959896,13.145,193.78789,285405.34498290886,0.12730481434037677,0.11529851141760084
WSG,1837-01-13,0.04245238036,6.42829,0.91234,46531.31547449416,0.5084907869617585,0.501326199864792
WSG,1838-01-19,0.033866092519999995,7.23787,0.91728,36920.12528344671,-0.015831784842193053,-0.020058578132917337
WSG,1839-01-25,0.031156164,7.65968,0.92484,33688.16660179058,-0.06967448018838784,-0.07505966928957974
WSG,1840-01-31,0.021466400280000002,8.0989,0.93472,22965.59427422116,-0.2923249721761637,-0.2980176159125357
WSG,1841-02-06,0.0211174808,8.23502,0.94614,22319.61527892278,-0.0011507655451067356,-0.010404719141177243
WSG,1842-02-12,0.02356635424,8.303,0.95843,24588.498106277977,0.06338786333732593,0.05339068286169213
WSG,1843-02-18,0.02191795476,8.3173,0.9687400000000002,22625.219109358546,-0.11446234447030923,-0.121593240156735
WSG,1844-02-24,0.0224921398,8.36077,0.98061,22936.886019926373,0.04642633419235054,0.03663626593164371
WSG,1845-03-02,0.021913845720000002,8.35521,0.9937900000000001,22050.78107044748,0.012825970774515527,0.0029640945879692016
WSG,1846-03-08,0.02238210624,8.34942,1.00633,22241.318692675366,0.01574994434213184,0.005940190058844497
WSG,1847-03-14,0.02897466676,8.45022,1.01937,28424.092096098568,0.17751834092530516,0.1661209493104372
WSG,1848-03-20,0.02691451516,7.61504,1.02966,26139.2257249966,-0.07351697057104578,-0.08016970683237457
WSG,1849-03-26,0.027819497159999998,7.51001,1.03891,26777.581465189476,0.02320578287905173,0.01612735422374545
WSG,1850-04-01,0.02886466024,7.5245,1.04893,27518.19496057888,0.007318689629770558,0.0002827041268711472
WSG,1851-04-07,0.02859170392,7.51503,1.05832,27016.123592108248,-0.012209073617423738,-0.018935861175446433
WSG,1852-04-13,0.02591920968,7.36776,1.06781,24273.241194594546,-0.05605002080621524,-0.06246504460545732
WSG,1853-04-19,0.02467626408,8.03038,1.08089,22829.579402159336,-0.01479632810252518,-0.023678061822188012
WSG,1854-04-25,0.02651060776,7.29851,1.07967,24554.361758685525,0.07259731948704795,0.0744445764870425
WSG,1855-05-01,0.0246440792,7.2583,1.07978,22823.241030580306,-0.03590921297437688,-0.03599368224511679
WSG,1856-05-07,0.02486025984,8.01888,1.08938,22820.558335934198,0.006691886031612526,-0.00008584803805278263
WSG,1857-05-13,0.026236396680000003,8.14269,1.10227,23802.150725321382,0.02624247765106502,0.01688708781990722
WSG,1858-05-19,0.026401907999999998,8.13978,1.11614,23654.65622592148,0.003399794449263638,-0.005641574254749426
WSG,1859-05-25,0.02671698484,8.0844,1.12915,23661.147624319176,-0.011766513155506697,-0.02058278415609005
WSG,1860-05-31,0.02590226496,8.07863,1.1364,22793.263780359026,-0.06852639761952573,-0.07260789963858938
WSG,1861-06-06,0.026149016919999997,8.11009,1.14838,22770.35207858026,0.01011101951016502,0.002417747661610292
WSG,1862-06-12,0.026437585200000002,8.11478,1.16142,22763.15648085964,0.009356259857812743,0.0005676561812573144
WSG,1863-06-18,0.02674015032,8.12723,1.17483,22760.867802150096,0.003704449820227218,-0.005111987463376821
WSG,1864-06-24,0.02794843116,8.1557,1.18928,23500.29527108839,0.037736763482434155,0.028589550350436976
WSG,1865-06-30,0.0263068416,8.11107,1.20297,21868.244095862738,-0.07602836239894206,-0.08413586632176806
WSG,1866-07-06,0.026565885839999998,8.10993,1.21049,21946.390172574742,0.001201647609047063,-0.003216840667669585
WSG,1867-07-12,0.02723191588,8.05155,1.26773,21480.848350989563,0.023196981017514773,-0.015239488788789446
WSG,1868-07-18,0.028677550200000002,8.03847,1.31261,21847.731009210656,0.04025875020371794,0.012483602209708788
WSG,1869-07-24,0.02297811776,9.30485,1.36503,16833.41593957642,-0.1943112281780467,-0.21391561025215222
WSG,1870-07-30,0.022935049279999998,9.30546,1.38513,16558.04818320302,-0.0022732997779034703,-0.01359475001245225
WSG,1871-08-05,0.02572859276,9.45871,1.40342,18332.781889954542,0.14443409605695479,0.13322356206526997
WSG,1872-08-11,0.02952378468,9.45896,1.42359,20738.96605061851,0.0729433634311365,0.06200733058814767
WSG,1873-08-17,0.025505011480000003,9.43704,1.4447,17654.192205994324,-0.10387679603226163,-0.11403754913199382
WSG,1874-08-23,0.025827766640000003,9.42335,1.4659200000000001,17618.810467146912,0.006008471631986145,-0.005277716371930752
WSG,1875-08-29,0.026287023359999998,9.42953,1.48892,17655.09453832308,0.013587214024585181,0.0021763807135644075
WSG,1876-09-04,0.02687374404,9.38057,1.5104600000000001,17791.761476636257,0.0156966667549725,0.004481033677886437
WSG,1877-09-10,0.026818303199999997,8.53616,1.53138,17512.507150413352,0.008031958109565807,-0.002661648439781339
WSG,1878-09-16,0.03989419148,8.57193,1.54848,25763.452856995245,0.15501395981533195,0.14552461453089927
WSG,1879-09-22,0.08006543324,6.95214,1.55373,51531.11109394811,0.2381409232635634,0.23478144661974665
WSG,1880-09-28,0.08127428868,6.95599,1.55189,52371.16592026497,0.017495836036827583,0.018304839566090747
WSG,1881-10-04,0.08184118332,6.96649,1.55735,52551.56729058978,0.0052030753846601385,0.002459231395806949
WSG,1882-10-10,0.08308896596,7.01298,1.56378,53133.41132384351,0.013796658238698134,0.010579810880806617
WSG,1883-10-16,0.08485980932000001,7.20652,1.57124,54008.17782133856,0.020135158098749217,0.016622469906587556
WSG,1884-10-22,0.0831626016,7.26723,1.57319,52862.40161709647,-0.017677764498302828,-0.019721536198390344
WSG,1885-10-28,0.08550206444,8.05718,1.5661,54595.533133260964,0.025056956880598058,0.028788530456204775
WSG,1886-11-03,0.08671664716,7.54974,1.56925,55259.931279273536,0.010704597471407062,0.009217194087056901
WSG,1887-11-09,0.08741763731999999,7.58813,1.57944,55347.23529858684,0.006376534974090298,0.0012995338331822648
WSG,1888-11-15,0.08958958891999999,7.73274,1.59189,56278.75601957421,0.00928723548702104,0.0035935167442786575
WSG,1889-11-21,0.09311831152,7.77618,1.60467,58029.57088996492,0.03473489954440301,0.028401341611051345
WSG,1890-11-27,0.093707549,7.75226,1.6173,57940.73393928152,0.0043823549467276735,-0.0017662963728843906
WSG,1891-12-03,0.09564231664,7.78152,1.6311,58636.697100116486,0.01773716733872699,0.011488013850826206
WSG,1892-12-09,0.09693761324000001,7.97732,1.64204,59034.86714087355,0.01573276770842358,0.010422538207818688
WSG,1893-12-15,0.08953557912,7.49751,1.65369,54142.90412350561,-0.07011998241515627,-0.07503311129800672
WSG,1894-12-21,0.08915636704,7.48714,1.66589,53518.75996614422,-0.0018041888067132916,-0.0073284676562753726
WSG,1895-12-27,0.0893132968,7.52902,1.67716,53252.699086551074,0.0011075523095813722,-0.004092698230679148
WSG,1897-01-02,0.07908477408,6.35872,1.68131,47037.592163253656,-0.037083624560455664,-0.03851705892543922
WSG,1898-01-08,0.07951559096000001,6.91972,1.68315,47242.12991117845,0.0031319806584746424,0.0022540214360362576
WSG,1899-01-14,0.08923289127999999,7.88383,1.69182,52743.72644844014,0.11682191762494942,0.11232036649635435
WSG,1900-01-20,0.09082138156,7.47558,1.70539,53255.490861327904,0.009973855129143727,0.00397374186943078
WSG,1901-01-26,0.09484623304,7.66539,1.71679,55246.263689793166,0.0358282019384466,0.03052767234167142
WSG,1902-02-01,0.09161117576,7.59165,1.72959,52966.989725888794,-0.03575759726997707,-0.041268565487220354
WSG,1903-02-07,0.09113224796,7.54938,1.74316,52279.91002547098,-0.001596931247111355,-0.007268393286692598
WSG,1904-02-13,0.09524180744,7.71589,1.75683,54212.30707581269,0.043411651387220695,0.037179582292931945
WSG,1905-02-19,0.09585782648,7.71841,1.77144,54112.940026193384,0.005242361690265707,-0.0009414142682452331
WSG,1906-02-25,0.09606460864000001,7.64809,1.78237,53897.11936354405,-0.00005418195311679419,-0.004573537036104858
WSG,1907-03-03,0.09923928404,7.82145,1.79629,55246.80538220443,0.027350280975482866,0.02120202608581656
WSG,1908-03-09,0.10179204048,7.86218,1.81188,56180.34333399563,0.01548255564511436,0.009024271537618311
WSG,1909-03-15,0.10304446099999999,7.47378,1.82711,56397.51355966526,0.010196480522589368,0.003668007379591831
WSG,1910-03-21,0.1046957522,7.50275,1.83843,56948.45721621166,0.01229269127071464,0.007529528074092795
WSG,1911-03-27,0.10724357072,7.6207,1.84072,58261.75122778044,0.01824608761785118,0.017812478071884463
WSG,1912-04-02,0.10003520644,7.00011,1.84689,54164.13887129174,-0.04980356733928981,-0.05227317247095398
WSG,1913-04-08,0.09375470416,7.43324,1.85541,50530.451037776016,-0.07242482902004976,-0.0756734844952105
WSG,1914-04-14,0.09242275744,7.40519,1.8673200000000003,49494.868281815645,-0.01927575645973123,-0.023859369595876312
WSG,1915-04-20,0.09597671772000001,8.53078,1.88436,50933.323632426924,0.0414318397604434,0.0341247543887484
WSG,1916-04-26,0.09623765163999999,8.52804,1.90516,50514.20964118499,0.0022509327393362977,-0.006028877851662506
WSG,1917-05-02,0.09717533904,8.54162,1.92679,50433.798722227126,0.005257126217467878,-0.003080272763727687
WSG,1918-05-08,0.09888585304,8.60251,1.94719,50783.874732306555,0.013883432454962152,0.005602743582230341
WSG,1919-05-14,0.09715585152,8.57721,1.9605899999999998,49554.39511575597,-0.011483379653803083,-0.01577928467647971
WSG,1920-05-20,0.09871594980000001,8.5975,1.9790199999999998,49881.22899212742,0.01157647045376442,0.004360311584543863
WSG,1921-05-26,0.09411086724,8.43014,2.00124,47026.2773280566,-0.04668312879220482,-0.05485941384252102
WSG,1922-06-01,0.09660004327999999,8.47164,2.0246,47713.149896275805,0.016828419892876756,0.008291906604009691
WSG,1923-06-07,0.08509200596,7.68092,2.04529,41603.883048369666,-0.1138364183867242,-0.12099425492689897
D06,1905-07-16,0.28363079836,10.57904,4.68478,60543.03475510056,0.2307940075595476,0.23097976053089186
D06,1906-07-29,1.03089342512,10.6962,6.065684655864403,169954.99825783318,1.7564393466406032,1.4998639534188278
D06,1907-07-28,1.67689097212,11.09242,5.33818,314131.5901899149,0.48159305483386894,0.460840198610059
D06,1908-08-10,2.2023942428799996,11.6367,6.30064,349550.8778282841,0.27650498903775933,0.07817016346576988
D06,1909-08-23,2.80000012032,12.29933,6.46514,433091.95474807976,0.2378067188840931,0.20257406569832348
D06,1910-08-15,3.19771027628,12.48031,6.62693,482532.6774660363,0.11039671678329732,0.09801162539616626
D06,1911-08-21,3.3444822803600003,12.68765,6.99954,477814.5821525415,0.0027393551979553177,-0.026614794139378173
D06,1912-09-03,4.05677787164,12.94975,6.99954,579577.7824885636,0.10491500529266484,0.10557334963567544
D06,1913-09-02,4.3901572104,13.1398,6.989682454899868,628091.0812081938,0.08191120982269728,0.08250139986138594
DOM,1847-06-20,0.28569995792,10.58843,3.81526,74883.48314924803,0.947012841618859,0.9357655775948823
DOM,1848-06-26,0.32810315096,10.05534,3.77541,86905.30325448097,0.16492978897666877,0.1764978233775092
DOM,1849-07-02,0.4358030638,10.4023,3.7647999999999997,115757.29488950277,0.24473665162525737,0.2440822835206664
DOM,1850-07-08,0.4962676004,10.51377,3.6945,134326.05234808498,0.13113325169165724,0.14748004407143367
DOM,1851-07-14,0.54295263828,10.82494,3.69939,146768.15320363626,0.0023965602752582527,0.0016549253062432268
DOM,1852-07-20,0.8172201648,11.01515,3.71242,220131.38728915373,0.4933654302991537,0.48863228323732755
DOM,1853-07-26,0.80169204908,11.08861,3.74928,213825.6009367132,-0.012696708612844665,-0.021138511230492152
DOM,1854-08-01,0.88012046824,11.23838,3.81964,230419.74328470745,0.07732261597787748,0.062134747236814114
DOM,1855-08-07,0.9092924178,12.00594,3.87557,234621.5957394654,0.031176321879104574,0.020396991798866004
DOM,1856-08-13,0.9730669181999999,11.97132,3.94799,246471.4749024187,0.0506657254747056,0.03602157321633914
DOM,1857-08-19,0.9187806165200001,12.00982,4.01813,228658.75830796914,-0.07372191350656077,-0.08618793868135932
DOM,1858-08-25,0.9499704941999999,12.19474,4.08075,232793.1125895975,0.026864829412912794,0.014889366734952336
DOM,1859-08-31,0.9620259272,12.25212,4.15466,231553.4669985029,0.018630431014043713,0.004861169647809582
DOM,1860-09-06,1.02314069468,12.68095,4.23147,241793.2053588942,0.041575529756459506,0.027290661959022522
DOM,1861-09-12,1.04316517656,13.10527,4.31006,242030.3143250906,0.0036717381474467015,-0.010092742020352485
DOM,1862-09-18,1.02664018184,13.50488,4.39507,233589.03995613268,-0.019384086713601367,-0.033632406645640045
DOM,1863-09-24,1.00048782496,14.22984,4.48413,223117.48877931727,-0.011642828740251798,-0.026592215659089313
DOM,1864-09-30,1.03375697828,14.50238,4.57583,225916.82345716516,0.029019849676165332,0.013413290130226407
DOM,1865-10-06,1.13440624284,12.95423,4.66693,243073.33575605377,0.06669864949002169,0.0508655844419168
DOM,1866-10-12,1.2015624504,12.84742,4.75187,252860.9685029262,0.018904150361672478,0.005213351652076703
DOM,1867-10-18,1.2166357247200001,13.11163,4.84514,251104.34883615337,0.008435718111692525,-0.006284229984824141
DOM,1868-10-24,1.28413245896,13.73479,4.94128,259878.5049541819,0.031501488321070026,0.01646762834112625
DOM,1869-10-30,1.1264686778800002,13.27369,5.0272,224074.76883354553,-0.09313141863317576,-0.10492230852117834
DOM,1870-11-05,1.1120170828,13.30168,5.10484,217835.83477640824,-0.0000401859164735896,-0.011348444961535309
DOM,1871-11-11,1.1781514914,12.50667,5.17488,227667.40318616084,0.03626537662344864,0.02550429352136807
DOM,1872-11-17,1.26194318328,13.05445,5.25891,239962.8788627301,0.03171323648861568,0.019322781180964643
DOM,1873-11-23,1.2112342372,13.00369,5.34884,226448.02185146688,-0.03634003587700818,-0.04855590009778166
DOM,1874-11-29,1.24836356684,12.58428,5.43585,229653.7922937535,0.022022998311966413,0.009552316093556223
DOM,1875-12-05,1.1781205061600002,12.49442,5.50717,213924.84818155243,-0.020184755674092503,-0.029727822409380766
DOM,1876-12-11,1.310117172,12.62762,5.58439,234603.45212279228,0.08248645076066996,0.07124261177725333
DOM,1877-12-17,1.3839103106400001,13.08497,5.67419,243895.65922889434,0.04986113684786719,0.037150204011113575
DOM,1878-12-23,1.5327729003600001,13.22497,5.76729,265770.0411042275,0.0887420471915783,0.07536765929913924
DOM,1879-12-29,1.36192350684,13.23797,5.86266,232304.70585706827,-0.0954639773053555,-0.10648818764791412
DOM,1881-01-04,1.34473536392,13.52113,5.94819,226074.71582447767,-0.008775243685643641,-0.01946581941719272
DOM,1882-01-10,1.4130064104,13.61646,6.03972,233952.30414654984,0.027133840127959052,0.015536172424176709
DOM,1883-01-16,1.7284143276400001,13.68409,6.13739,281620.4164376062,0.1501440883905567,0.13606386098199885
DOM,1884-01-22,1.81585613144,13.72799,6.2419,290914.00558163377,0.059093748946958735,0.04580513717657597
DOM,1885-01-28,1.75815141112,14.31827,6.35569,276626.36332483176,-0.005712582496338103,-0.01912466569311355
DOM,1886-02-03,1.73067007776,15.3261,6.475240000000001,267275.0473743058,-0.021250944548153905,-0.03508812192237987
DOM,1887-02-09,1.66860754424,15.62544,6.59191,253129.60041019975,-0.02885292096761094,-0.041850239507495335
DOM,1888-02-15,1.6788858907600002,15.52764,6.71552,250000.87718598117,0.015930306479745582,0.0019187006648690996
DOM,1889-02-21,1.93202325732,15.51754,6.838120000000001,282537.19696641766,0.11404236875856943,0.09870392082206259
DOM,1890-02-27,1.84117698596,15.96814,6.96549,264328.4228331388,0.027258980021803936,0.01302525168111357
DOM,1891-03-05,1.97422597164,15.75713,7.09532,278243.40151536505,0.04666611046786384,0.03217940211180359
DOM,1892-03-11,2.04785032348,15.22357,7.20779,284116.2580319349,0.02569284806813399,0.013777833214565272
DOM,1893-03-17,2.10148568188,15.5921,7.330599999999999,286673.0802226285,0.02471015478448302,0.011749380611702165
DOM,1894-03-23,2.05611911024,15.79344,7.455360000000001,275790.72107047815,-0.006209042811171961,-0.018884495679150515
DOM,1895-03-29,2.30248816304,16.36896,7.592129999999999,303273.01600999985,0.0833757866886482,0.06852475846500683
DOM,1896-04-04,2.01712139876,16.24767,7.73422,260804.7610179178,-0.10261191450747276,-0.11501293477200891
DOM,1897-04-10,1.96145678612,16.30669,7.85462,249720.13746304726,-0.00017700072684556645,-0.011721836070530789
DOM,1898-04-16,1.97923074908,15.6844,7.99131,247672.87829905233,0.020582987540406883,0.007414008311532605
DOM,1899-04-22,2.39864409824,15.7582,8.13887,294714.6346163534,0.20704633704781994,0.19070332208183127
DOM,1900-04-28,2.4131059706,16.01357,8.29275,290989.8369780833,-0.0031306289437834645,-0.017269921397830013
DOM,1901-05-04,2.42285710368,16.07996,8.45317,286621.1260012516,-0.000007473101345412125,-0.014181300513710804
DOM,1902-05-10,2.5241131707999998,16.18958,8.61462,293003.425664742,0.01274261511746877,-0.0018397721159371105
DOM,1903-05-16,2.76453818108,16.67609,8.78297,314761.2004914055,0.0867534288242453,0.07113938285535615
DOM,1904-05-22,3.02004281124,16.97627,8.95087,337402.15322532895,0.06385310421337742,0.04879806865639935
DOM,1905-05-28,3.20167517228,17.03268,9.11967,351073.5774737463,0.04067651441507225,0.026051850905390417
DOM,1906-06-03,3.1930294994,17.23947,9.28745,343800.45108183625,0.005381103618377958,-0.00843441344736906
DOM,1907-06-09,2.9581693159199998,17.30257,9.45707,312799.76947616966,0.00003835290380971301,-0.013482593389069986
DOM,1908-06-15,2.94858886296,17.25996,9.63627,305988.61000781425,-0.002977808425270956,-0.017033044267585007
DOM,1909-06-21,2.85532767676,17.05057,9.82,290766.56586150714,-0.009444145910731394,-0.02348503584264583
DOM,1910-06-27,3.10514398376,16.81784,10.01229,310133.244618364,0.020647386174726945,0.005893660601328454
DOM,1911-07-03,3.0178470441600003,16.36212,10.21342,295478.6001319832,-0.022838044717760964,-0.0374238160071142
DOM,1912-07-09,3.30450693768,16.34782,10.41606,317251.1427238322,0.034362742720075445,0.01921698265431182
DOM,1913-07-15,3.1654457842799997,16.88644,10.61092,298319.63527008024,-0.026086021566512962,-0.03980570583494347
DOM,1914-07-21,2.99347485684,16.67308,10.80809,276966.12970839435,-0.09441089700693506,-0.10692183627014717
DOM,1915-07-27,2.89658668208,16.03691,10.99909,263347.84805652103,-0.045328936626773064,-0.057859949610403305
DOM,1916-08-02,2.8370253184000003,15.4867,11.18968,253539.4504936692,-0.04697066017714824,-0.0592672791277602
DOM,1917-08-08,3.95733829192,15.98472,11.38357,347635.96059232735,0.24076955968436553,0.22467243212863997
DOM,1918-08-14,4.68713565164,16.02327,11.57622,404893.44981695234,0.0740743273781217,0.06056947608850627
DOM,1919-08-20,4.55752544052,16.58874,11.75786,387615.215738238,-0.0348034495030467,-0.04607293067084883
DOM,1920-08-26,4.5989374158,17.00342,11.94339,385061.3113864656,0.019558220230718737,0.007558647440378152
DOM,1921-09-01,4.47542861168,15.92653,12.14458,368512.42378740147,-0.011411817493695464,-0.023839954292309562
DOM,1922-09-07,4.504110950039999,15.52772,12.33705,365088.16532639484,0.012982031393329319,0.001094318506078551
DOM,1923-09-13,4.79014374904,16.12088,12.5247,382455.76732696197,0.07032734111982575,0.058112725603563176
BAD,1875-03-14,0.06432270883999999,7.2567,2.78131,23126.76718524724,0,0
BAD,1876-03-20,0.07359489124,8.90259,2.80727,26215.822218739202,0.08864172690133731,0.08068478646783683
BAD,1877-03-26,0.07318815347999999,8.19809,2.83607,25806.1872520777,-0.0023419649808683607,-0.010299115530199021
BAD,1878-04-01,0.06211932116,7.01055,2.84447,21838.627638892307,-0.09000137288855659,-0.09166267608815759
BAD,1879-04-07,0.06557634928,8.71376,2.87324,22823.136695855548,0.05130320568210034,0.04249421585642721
BAD,1880-04-13,0.06930997736000001,8.83443,2.90731,23839.89920579505,0.05020932175959425,0.04074722744318926
BAD,1881-04-19,0.06575822864,8.46411,2.93602,22397.064270679355,-0.03297403991597869,-0.039690235151692566
BAD,1882-04-25,0.0673483642,8.38852,2.96042,22749.597759777327,0.018225273152360444,0.011621260074813344
BAD,1883-05-01,0.06921944224,7.35589,2.97351,23278.69831949447,0.046083973720352445,0.04300983717677842
BAD,1884-05-07,0.06796385804,7.35896,2.97002,22883.29978922701,-0.08604815910170549,-0.0849119640994096
BAD,1885-05-13,0.06690670636,7.23697,2.97487,22490.631980557133,-0.040085549657618125,-0.04126434690943548
BAD,1886-05-19,0.07264325744,7.57818,2.98306,24351.926357498676,0.06002899471184775,0.05804614804086117
BAD,1887-05-25,0.07421288472,7.54635,2.99273,24797.721384822555,-0.0016586212967425462,-0.004269098733855725
BAD,1888-05-31,0.07162809628,8.10426,3.0104,23793.547794313046,0.013546927149213461,0.008476686213061857
BAD,1889-06-06,0.05664366968,8.02737,3.03056,18690.82601235415,-0.04592914047754926,-0.05040033691375678
BAD,1890-06-12,0.06045830856,9.00621,3.0589299999999997,19764.528302380244,-0.04003166872618813,-0.04702103322492346
BAD,1891-06-18,0.06472882415999999,8.23934,3.09224,20932.665045403977,0.044442519597049035,0.0363194859559588
BAD,1892-06-24,0.06583979896,8.10112,3.11873,21111.092964123218,-0.00478783536728411,-0.01154987316958933
BAD,1893-06-30,0.06657136148000001,8.03617,3.13442,21238.81339450361,0.007634057849655873,0.0036333870710070215
BAD,1894-07-06,0.07441425680000001,8.22441,3.15609,23577.989474317907,0.11063565675592946,0.10484207137541723
BAD,1895-07-12,0.08080593820000001,8.25846,3.17314,25465.607631557385,0.11081067389501009,0.10616002625275733
BAD,1896-07-18,0.07788468688,8.0938,3.19107,24407.07564547315,-0.013251963962957802,-0.017561022288706596
BAD,1897-07-24,0.07792271708000001,8.11237,3.20877,24284.29494167547,-0.02525367059472594,-0.029008340548779432
BAD,1898-07-30,0.07803041012,8.07609,3.22467,24197.952075716275,0.0018788650872803014,-0.0020378615555608492
BAD,1899-08-05,0.07988131684,8.07586,3.23973,24656.78215159905,0.030377778855376292,0.02660351795501925
BAD,1900-08-11,0.08288023276,8.11648,3.25667,25449.38012141236,0.04112977308681276,0.03737429828176131
BAD,1901-08-17,0.07928022336,7.95164,3.26914,24251.09458756737,-0.039182606608324955,-0.04216802152033239
BAD,1902-08-23,0.24463733528,10.96416,2.9374999999999996,83280.79498893618,0.9973024184368491,1.1494820543329318
BAD,1903-08-29,0.37706032,13.93511,2.22807,169231.81049069372,0.15037053061537242,0.4574836947315639
BAD,1904-09-04,0.64985609624,14.839,2.0746,313244.0452328159,0.3219333406374898,0.3964523277893206
BAD,1905-09-10,0.8464959495200001,15.29977,2.31133,366237.5989235635,0.23725523045999042,0.11899865231240536
BAD,1906-09-16,1.26656654904,17.53184,2.60158,486845.1283604579,0.3912722170836824,0.2709702599717352
BAD,1907-09-22,1.3068995758,17.97669,3.01519,433438.54808486364,0.07058632624992556,-0.045864402954740924
BAD,1908-09-28,1.45675030904,19.4902,3.13677,464410.9415226491,0.05315020507480783,0.025096472120418545
BAD,1909-10-04,1.6347827750800001,20.13753,3.41348,478919.6875563941,0.14196052759319366,0.06768008076644905
BAD,1910-10-10,1.44962445836,20.26349,3.5535799999999997,407933.53698523744,-0.07867676307734728,-0.10079389236223801
BAD,1911-10-16,1.6351982056799998,20.40111,3.82756,427216.87071659224,0.08522679963183033,0.034461697128574276
BAD,1912-10-22,1.65447244352,20.77054,3.90864,423285.96225797205,-0.031302800068999104,-0.04427908917438539
BAD,1913-10-28,1.7956411616,20.86571,4.0151,447222.027247142,0.05443043387959756,0.03585058049929235
BAD,1914-11-03,1.85312151804,21.26677,4.14756,446798.00124410493,-0.007052125732450509,-0.029997807172981172
BAD,1915-11-09,1.90158253324,21.24909,4.33083,439080.3918048042,0.021849104061107294,-0.009076932382165781
BAD,1916-11-15,1.64721215464,21.16771,4.30765,382392.29153714905,-0.11539286002940097,-0.11402090859376457
BAD,1917-11-21,1.925894412,21.23572,4.22189,456168.7803329788,0.1752523989347432,0.19262380406639967
BAD,1918-11-27,1.9495584539600002,20.75355,4.22601,461323.67267469794,-0.005564244813913932,-0.00658764442297044
BAD,1919-12-03,2.1874626399599997,21.17688,4.25381,514236.09422141564,0.06639035388852532,0.06101637581584729
BAD,1920-12-09,2.02381337236,21.24529,4.5382,445950.6792032083,0.028142500249268565,-0.019807613306756955
BAD,1921-12-15,2.39630399268,18.28976,4.83809,495299.58985467406,0.1504873042160133,0.09645960578896817
BAD,1922-12-21,2.61822653976,18.86287,5.13809,509571.94984128344,0.05779501267304443,0.009237563264989479
LAN,1837-01-13,0.06024368116,8.48876,0.74259,81126.43741499347,0,0
LAN,1838-01-19,0.05970491384,8.07228,0.7462,80011.94564459931,0.00046941970484115636,-0.002981495435619874
LAN,1839-01-25,0.05782239736,8.29618,0.74694,77412.37229228586,-0.03271541154131963,-0.03364366896993709
LAN,1840-01-31,0.059298990919999996,8.25494,0.74745,79335.06043213593,0.01933134025399963,0.018846510302943598
LAN,1841-02-06,0.07346372748,7.94151,0.74956,98009.13533272853,0.0786600549772618,0.07618612745470954
LAN,1842-02-12,0.07798084163999999,8.81351,0.75224,103664.84318834414,0.023708356910502326,0.02062558574564055
LAN,1843-02-18,0.09958491348000001,9.11915,0.7524400000000001,132349.30822391153,0.2152494497092554,0.21601732901893356
LAN,1844-02-24,0.09194682743999999,9.43981,0.75425,121904.97506131919,-0.08260084241498589,-0.08463810237376423
LAN,1845-03-02,0.0987462658,8.92417,0.75586,130640.94647156881,0.07134136987723672,0.06932129945464793
LAN,1846-03-08,0.10134667608,10.14451,0.7571,133861.67755910713,0.041412393802697345,0.04012675660314158
LAN,1847-03-14,0.11214169460000001,10.67224,0.76007,147541.27198810637,0.05887853042731406,0.05584239923785095
LAN,1848-03-20,0.13445022448,12.01263,0.76518,175710.58375807002,0.20626618114263362,0.2003497673532233
LAN,1849-03-26,0.14999144524,13.13523,0.77368,193867.5489091097,0.11968839486525873,0.11065063576281586
LAN,1850-04-01,0.13627843112,13.06459,0.78227,174208.9446354839,-0.013949204084994338,-0.022568988900516285
LAN,1851-04-07,0.14473315324000002,11.64995,0.7846,184467.43976548561,0.04809008047921792,0.045987897838490444
LAN,1852-04-13,0.12925510936,11.78839,0.7902,163572.6516831182,-0.013329971133643759,-0.018601020160988302
LAN,1853-04-19,0.1360441888,11.8739,0.7979999999999999,170481.4395989975,0.029284921243606377,0.02169045184843732
LAN,1854-04-25,0.13893659052,12.69646,0.80703,172157.90059849076,-0.007436315496656021,-0.015562883079151657
LAN,1855-05-01,0.14772338828,12.9977,0.81605,181022.47200539184,0.06807459300537433,0.05887093021488243
LAN,1856-05-07,0.15654648776,11.44381,0.82133,190601.20506982575,-0.15021563268740612,-0.1542308691667852
LAN,1857-05-13,0.07799487644,9.50569,0.82488,94552.9973329454,-0.288946653564466,-0.2914674120756794
LAN,1858-05-19,0.04222431772,4.22842,0.75691,55785.12335680596,-0.5870241614953022,-0.5536303104651246
LAN,1859-05-25,0.12445075396000001,7.50256,0.74918,166115.95872820952,1.056004708956257,1.0705752939785884
LAN,1860-05-31,0.09876271028,7.13199,0.74518,132535.3743793446,-0.23229591753845014,-0.2295162243386062
LAN,1861-06-06,0.09721706436000001,7.71546,0.742,131020.30237196766,-0.07844352717507941,-0.07461235229590812
LAN,1862-06-12,0.10300302271999999,8.60061,0.7457100000000001,138127.45265585816,0.09212287694863419,0.08823128712948347
LAN,1863-06-18,0.11410485944,8.4692,0.74808,152530.29012939794,0.08183851741221448,0.07938848352992833
LAN,1864-06-24,0.10878705448,8.49687,0.75702,143704.33341259148,-0.08117840080185579,-0.08949868302252817
LAN,1865-06-30,0.07067561956,7.81132,0.7575,93301.14793399342,-0.3029961199391382,-0.30142367990098806
LAN,1866-07-06,0.09375362983999999,7.96035,0.76468,122605.05026939372,0.2508154288296347,0.24177276210519683
LAN,1867-07-12,0.12882193792,8.98649,0.76858,167610.3176247105,0.23612929737130606,0.23186242088831177
LAN,1868-07-18,0.1014845494,9.04381,0.7707999999999999,131661.32511676181,-0.1279009349030269,-0.1300959019401584
LAN,1869-07-24,0.04057025648,6.86336,0.76684,52905.76454019091,-0.5429312405859912,-0.5411811193376399
LAN,1870-07-30,0.039082006600000004,6.30887,0.75784,51570.261004961474,-0.019509730319701046,-0.010155314345926092
LAN,1871-08-05,0.036963191720000003,6.55476,0.74839,49390.280094603084,-0.07220968948114137,-0.06395470926716529
LAN,1872-08-11,0.06948231628,6.74153,0.74103,93764.51193608897,0.4399417683292177,0.4519638841713982
LAN,1873-08-17,0.06579813916,7.66595,0.73982,88938.03784704387,-0.1488587392001084,-0.14788481014269927
LAN,1874-08-23,0.10885664452,9.12377,0.74449,146216.39581458448,0.37733870618479615,0.36996609387290924
LAN,1875-08-29,0.10456119232,9.09192,0.74639,140089.2192017578,-0.045160884448185556,-0.04677059019214169
LAN,1876-09-04,0.09664753332,8.31105,0.74944,128959.66764517507,-0.04059943572793068,-0.04324319581563352
LAN,1877-09-10,0.12724063352,8.32276,0.75465,168608.80344530576,0.27461980838814215,0.26772149503347786
LAN,1878-09-16,0.13742429532,8.23672,0.75939,180966.69079129302,0.0763513581898525,0.07125227381755361
LAN,1879-09-22,0.14172271828,8.63823,0.76566,185098.76221821696,0.051815244065445354,0.04527843471227322
LAN,1880-09-28,0.1895945064,8.98323,0.77297,245280.54956854729,0.07366943443696106,0.06592417297426567
LAN,1881-10-04,0.12374333243999999,10.7615,0.78367,157902.34721247465,-0.1480721197286079,-0.15693435742785644
LAN,1882-10-10,0.14298104392,10.38245,0.79486,179882.0470523111,0.16619789995926637,0.15370944528559338
LAN,1883-10-16,0.26249830516,12.48509,0.80879,324556.8134620853,0.18859597822415308,0.17295456384430796
LAN,1884-10-22,0.22781581471999998,12.20846,0.82108,277458.73084230523,-0.17225281879514687,-0.1813430670988695
LAN,1885-10-28,0.19258976724,13.60859,0.83301,231197.4252890121,0.04560398002677957,0.0343467545524454
LAN,1886-11-03,0.15400214439999999,12.24018,0.84721,181775.6452355378,-0.1527470334190303,-0.1634026214671901
LAN,1887-11-09,0.1741229074,9.57962,0.85942,202605.13765097392,0.01059659388613765,-0.00046477681365963974
LAN,1888-11-15,0.17632198376,10.40022,0.87035,202587.44615384616,0.033668950333132,0.023952357891959597
LAN,1889-11-21,0.16715214048,12.14523,0.88411,189062.60587483458,-0.06309483171121466,-0.07410719383335318
LAN,1890-11-27,0.15228229536,11.09942,0.89936,169322.95783668384,-0.1772209740059142,-0.18781921888014919
LAN,1891-12-03,0.16402575279999998,10.98619,0.90944,180359.07019704432,0.10567559958431971,0.09684560585296609
LAN,1892-12-09,0.20155852755999998,9.81023,0.92237,218522.42327916127,0.0038667322996750464,-0.006921236642033035
LAN,1893-12-15,0.23062105300000002,10.45092,0.93583,246434.77234113033,0.2978601224337174,0.283673654920106
LAN,1894-12-21,0.30856927607999995,9.83771,0.94749,325670.2192951904,0.3069790593855717,0.2944430625323682
LAN,1895-12-27,0.039032982040000004,7.81865,0.9282899999999998,42048.26297816416,-0.9224164370856891,-0.9207268197037735
LAN,1897-01-02,0.15022415304,10.85549,0.93686,160348.56119377495,1.1197430346004054,1.104035298957831
LAN,1898-01-08,0.28593329544,10.63178,0.94737,301817.97549004084,0.5950328870465842,0.5824714186760831
LAN,1899-01-14,0.3125700006,11.1875,0.9610400000000001,325241.4057687505,0.0066568202856533976,-0.004432277077195734
LAN,1900-01-20,0.31017509484,10.81826,0.96218,322367.01536095113,0.10332072934513725,-0.1474847109130999
LAN,1901-01-26,0.32342567608,10.7182,0.9768100000000001,331103.97731390956,-0.04475525912661027,-0.05525789519011748
LAN,1902-02-01,0.34195011136,10.94041,0.9919999999999999,344707.7735483871,0.07538511040876728,0.062597863387154
LAN,1903-02-07,0.34619357604,11.92308,1.00884,343160.0412751279,-0.03987414468118111,-0.05203816666947214
LAN,1904-02-13,0.31184831547999997,11.89403,1.02615,303901.2965745749,-0.09662880392206274,-0.1080881398422997
LAN,1905-02-19,0.3514241874,15.21667,1.03693,338908.3037427792,0.02412969394327269,0.01627642580076638
LAN,1906-02-25,0.34537533992,13.67128,1.05253,328138.2382639925,0.013116771849418951,0.0018091791933634305
LAN,1907-03-03,0.38400853764,13.49977,1.07053,358708.80558228167,0.0879565173035246,0.07412977710285129
LAN,1908-03-09,0.289619889,13.58989,1.08906,265935.659192331,-0.1915346654376302,-0.2020087431010733
LAN,1909-03-15,0.03224559104,8.11928,1.05934,30439.321690864123,-0.8501330626108418,-0.8483481284515344
LAN,1910-03-21,0.17645610268,9.8326,1.01697,173511.61064731507,7.462543465478333,7.713524080850707
LAN,1911-03-27,0.38911222896,13.29076,1.02526,379525.4169283889,1.0203375671534856,1.0074963822592018
LAN,1912-04-02,0.42320564156,15.58725,1.04004,406912.8510057305,0.010392635059639055,-0.0002615655062339073
LAN,1913-04-08,0.47834383844,17.18967,1.05677,452647.0645835897,0.12241111662677717,0.10902235488389289
LAN,1914-04-14,0.61811471696,17.70121,1.07344,575826.0517215681,0.23562396789044193,0.22102197528939982
LAN,1915-04-20,0.54421603808,17.98279,1.09055,499028.9652744028,-0.016371959318290386,-0.028009989973232008
LAN,1916-04-26,0.41675419812000003,15.80189,1.10467,377265.7880815085,-0.2062395235448351,-0.21435799644549558
LAN,1917-05-02,0.52515646612,13.66099,1.11904,469291.95213754644,0.2453186127488045,0.2325540345085313
LAN,1918-05-08,0.36239407932,13.93081,0.75502,479979.443352494,-0.31273398342651226,0.02183859059623594
LAN,1919-05-14,0.53628788356,14.5509,1.13185,473815.33203162963,0.3757974313564605,0.27669498099070844
LAN,1920-05-20,0.59146835488,14.89175,1.14851,514987.55333432014,0.05736997228128349,0.045784286869334334
LAN,1921-05-26,0.6340271745599999,14.0512,1.1655699999999998,543963.1893065196,0.025226977589693167,0.013625819704558673
LAN,1922-06-01,0.64990631576,14.06489,1.18233,549682.6738389451,-0.030409180702924532,-0.04082700855341048
LAN,1923-06-07,0.58816527952,14.22972,1.19844,490775.7413971496,-0.09320069331663516,-0.102171235850953
DEI,1837-01-13,6.62445073888,7.65391,95.03708993847415,69703.8466052421,0,0
DEI,1838-01-26,6.70969415324,7.76395,95.12371999999999,70536.49871178293,0.006504253639866064,0.0069089551790750825
DEI,1839-01-25,7.29550456492,7.77436,95.12372,76694.90390956114,0.06646041674253356,0.06489246392720993
DEI,1840-02-07,7.50783132268,7.78285,95.12372,78927.01549813233,0.022561134546986494,0.02537328993606147
DEI,1841-02-20,7.65627889988,7.67544,96.61811859270975,79242.68254647736,-0.039343460519883355,-0.029819472710350237
DEI,1842-02-12,7.554718002,7.44858,95.12372,79419.9175768147,0.03820728354506553,0.039012083413603404
DEI,1843-02-18,8.3711003896,7.55273,95.12372,88002.2395003055,0.048068965894429105,0.048019857428786894
DEI,1844-03-03,8.55461382568,7.50454,95.12372,89931.44744213116,0.002153296904374047,0.0007431621574625069
DEI,1845-03-02,8.27671406016,7.49697,95.12372,87009.99141076484,-0.03658192991232401,-0.03764552765966045
DEI,1846-03-15,8.55518754428,7.49634,95.12372,89937.47873064678,0.003245473261353826,0.004112451540258633
DEI,1847-03-28,8.9506224652,7.16815,95.12372,94094.53777880006,0.023771750070272324,0.023611599561598418
DEI,1848-03-20,8.61318341312,7.02357,95.12372,90547.16755316129,-0.0004980303462199798,0.00006571038641367544
DEI,1849-03-26,9.033006593,7.28472,95.12372,94960.61122294208,0.03476570141617352,0.034159396779950946
DEI,1850-04-08,8.978833335680001,7.3308,95.12372,94391.10808197997,0.0017829140858196535,0.003950579028006329
DEI,1851-04-07,9.81920164732,7.45322,95.12372,103225.58503094707,0.07419869111150179,0.07806976420103284
DEI,1852-04-20,9.90303476708,7.3738,95.12032610446406,104110.60572063414,0.010200890132539664,0.009063386675691731
DEI,1853-05-03,9.67542153136,7.40542,95.12372,101714.07858481565,-0.052860823516111766,-0.051751049472670396
DEI,1854-04-25,9.97391312164,7.44355,95.12372,104852.00874860655,0.02125397683918262,0.020859027062526625
DEI,1855-05-01,9.77532761504,7.34976,95.12372,102764.35378094969,-0.018315727502384194,-0.01601382845088195
DEI,1856-05-14,10.3968017946,7.35853,96.37314190917579,107880.69776118932,0.0181711940894278,0.017511906674200217
DEI,1857-05-13,10.288806015799999,7.36999,95.12372,108162.35967012223,0.020670315863170252,0.021689019014740074
DEI,1858-05-26,10.39186026164,7.30819,130.26176,79776.7530673622,0.04988491132401851,-0.23651759663192118
DEI,1859-06-08,10.77208323516,7.51333,130.26176,82695.6678242333,0.013530121943583273,0.01306034940446743
DEI,1860-05-31,11.15790462176,7.52785,130.26176,85657.5607588904,0.027647796140933822,0.027687549946226797
DEI,1861-06-06,12.247794625560001,7.5489,130.26176,94024.48289935588,0.04501973555309968,0.04386233168039566
DEI,1862-06-19,12.28114745936,7.50242,134.41783,91365.46438340805,-0.05336935863178094,-0.08303906300507169
DEI,1863-06-18,12.32992695324,7.59036,142.67988818577524,86416.71303516802,-0.03664308798196014,-0.036087657074173385
DEI,1864-07-01,12.42558903404,7.69675,134.41783,92440.03592410321,0.028783158734805747,0.030650694084813024
DEI,1865-07-14,12.499207093879999,9.12914,134.41783,92987.71668818042,-0.003647801740563783,0.0009605268042411907
DEI,1866-07-06,13.70418486944,9.10217,134.41783,101952.13588435402,0.06008855861966955,0.059254090387403924
DEI,1867-07-12,13.8411957164,8.98805,133.47078933465204,103702.05934495445,0.02572245624052094,0.02578502495795898
DEI,1868-07-25,14.94170155192,8.91483,134.41783,111158.62792845264,0.05351997813082465,0.05058054937633849
DEI,1869-07-24,15.18912886504,8.87167,134.41783,112999.3607621846,0.02309875581318188,0.021195705752463656
DEI,1870-08-06,15.9060010018,8.75575,134.41783,118332.52331033762,0.03589955350536855,0.038266303019427905
DEI,1871-08-19,17.191331991080002,8.76438,135.28468244968624,127075.22891568774,0.0763678245913968,0.07805656496407476
DEI,1872-08-11,15.95068820436,8.62186,134.41783,118664.97327296535,-0.04833458550384284,-0.04820882093006296
DEI,1873-08-17,16.40349899084,8.6117,134.41783,122033.65424691053,-0.015074802212087346,-0.01367467721977067
DEI,1874-08-30,17.759107226119998,8.56692,134.41783,132118.6871274443,0.05653207050160569,0.05658386319007325
DEI,1875-08-29,16.786239873520003,8.04591,152.94781,109751.42353146477,0.02111791636642124,-0.016622778674327154
DEI,1876-09-11,18.522581844519998,8.22318,152.94781,121103.93633305373,0.06572310063322839,0.06474709617866159
DEI,1877-09-24,19.9326272262,8.18433,152.94781,130323.06396672172,0.052250343885075434,0.05170522884187556
DEI,1878-09-16,21.661065456160003,8.19338,152.94781,141623.90070286067,0.02581641578985705,0.022519776208164366
DEI,1879-09-22,21.83415840788,8.31424,152.94781,142755.6132244064,0.034672560012506626,0.030813578565994648
DEI,1880-10-05,23.93516129108,8.2703,159.10169,150439.39062545472,0.06935941388522138,0.07066635045320946
DEI,1881-10-04,24.71287608608,8.26529,161.54147,152981.6219084796,-0.01359475963954615,-0.025457504523974328
DEI,1882-10-17,26.5767590998,8.19354,166.5089001714626,159611.64281568475,0.057147676603278574,0.044435448630635754
SAV,1883-07-17,0.18988400704,7.21674,6.06178,31324.793549089543,0,0
SAV,1884-07-23,0.20105438704,6.50115,6.051430000000001,33224.27707831041,0.09248420767975607,0.09399756360057876
SAV,1885-07-29,0.19059431091999998,7.21862,6.0484,31511.525514185567,-0.060729984728750686,-0.0598596111869647
SAV,1886-08-04,0.22504881359999998,6.33453,4.52609,49722.56707224116,0.32250033710489423,0.566339857206404
SAV,1887-08-10,0.18962489988,5.97128,6.00862,31558.810488930907,-0.13711111895117578,-0.35199951643781313
SAV,1888-08-16,0.23776427792,7.51981,5.977119999999999,39779.07050887384,0.09851028098415404,0.10183832812194926
SAV,1889-08-22,0.19176121536000001,6.70234,6.00077,31956.101526970706,-0.09585372740756104,-0.09874902546356623
SAV,1890-08-28,0.19502190083999998,7.10125,6.0297,32343.549569630326,-0.009689811281766603,-0.013401028792090153
SAV,1891-09-03,0.2019648176,7.22236,6.06549,33297.36222465127,0.11476700762763481,0.11004294819781846
SAV,1892-09-09,0.19986052788,7.01419,6.10087,32759.348728951776,0.008421524416915016,0.003738522877372308
SAV,1893-09-15,0.19517197648,6.41408,6.11938,31894.07692936213,-0.01727799640215999,-0.019539732664572096
SAV,1894-09-21,0.19620156868,6.69574,6.10547,32135.3751111708,0.309151718647555,0.3120247892109893
SAV,1895-09-27,0.19566590679999998,6.50549,6.06965,32236.769303007586,0.08014688004167381,0.08523345102301128
SAV,1896-10-03,0.19149059436,5.94058,6.00787,31873.291925424484,-0.1270438393423854,-0.11996348403639856
SAV,1897-10-09,0.19941490348000002,6.88222,5.98657,33310.376973793005,0.07141489552338354,0.0745308528540678
SAV,1898-10-15,0.142929267,6.60276,4.48135,31894.243252591295,-0.36316656680443105,-0.14996358886138894
SAV,1899-10-21,0.19224798944000002,6.67539,5.94241,32351.855466048288,0.334520293894234,0.02248082439642851
SAV,1900-10-27,0.19443946599999998,6.67272,5.95577,32647.242254150173,0.016943837694258557,0.015101817890390778
SAV,1901-11-02,0.20296150524,7.60621,5.97897,33945.8979121822,0.03103209321613698,0.02777595449562842
SAV,1902-11-08,0.20014756476,7.61245,6.00971,33304.030437408794,-0.009601171920001983,-0.013272284210925633
SAV,1903-11-14,0.2066814646,7.60365,6.037580000000001,34232.50120081224,0.021203317774460384,0.017559514511322538
SAV,1904-11-20,0.28822608256,8.44586,6.07386,47453.52750310347,0.0041147017629334925,-0.00034685363894848553
SAV,1905-11-26,0.3417535342,7.90075,6.13221,55730.89215796589,0.12883636137567667,0.12056938784557891
SAV,1906-12-02,0.2254144802,8.42845,6.205,36327.87755036261,-0.3196296408057351,-0.32589336012420533
SAV,1907-12-08,0.33690837388000006,7.53819,6.26352,53788.98349171074,0.5302165501974332,0.5199753231700492
SAV,1908-12-14,0.34187043436000003,7.59271,6.31313,54152.288066299916,0.007042161369699151,0.0008534209082249333
SAV,1909-12-20,0.1968536128,8.47929,4.79387,41063.610986530715,-0.04819493148624554,0.20619803972395911
SAV,1910-12-26,0.26181771824,8.85132,6.47132,40458.16282304074,0.33085481439875264,0.008571205693929107
SAV,1912-01-01,0.26506126972,8.13898,6.54994,40467.74011975682,0.03025713809285069,0.020546969552548866
SAV,1913-01-07,0.26712322363999996,8.08515,6.609379999999999,40415.77631184771,-0.024736699663670314,-0.031363742882907
SAV,1914-01-13,0.26369308471999997,8.55763,6.68074,39470.640186566154,0.0125157121292363,0.004542364066468574
SAV,1915-01-19,0.23421965007999998,7.27036,6.740270000000001,34749.29788866024,0.37939679617744937,0.36960124741311406
SAV,1916-01-25,0.26490198800000003,8.3625,6.81202,38887.43544499282,0.1089368323028077,0.10022081409812689
SAV,1917-01-31,0.27448322356,8.31596,6.87809,39906.89618193423,0.03000952306731941,0.022294072780906227
SAV,1918-02-06,0.30988681776,7.58839,6.92578,44743.95920170725,-0.02855439377620128,-0.033558728581414066
SAV,1919-02-12,0.38644241116,8.66363,6.97712,55387.095414726995,0.1790930198890508,0.17282578249182246
SAV,1920-02-18,0.42624075884,7.92587,7.01613,60751.548052843944,0.06787196880109958,0.06307372830706792
SAV,1921-02-24,0.43365765924,7.99667,7.0378,61618.355059819834,0.016612790632688945,0.014199491464015335
SAV,1922-03-02,0.49116039596,6.99257,7.04894,69678.61777231754,0.11742585433545871,0.11658290377636771
SAV,1923-03-08,0.36688767752,8.42939,5.307,69132.78264933107,-0.2879173489953992,-0.1569199095636733
USA,1837-12-08,18.4099513962,10.89379,164.76531,111734.38994045531,-0.0067970075897644255,-0.027331336846811438
USA,1838-12-21,18.3215203652,10.96005,166.87653,109790.87571631554,0.010443590123093704,0.0008081520005598364
USA,1839-12-20,17.96767095188,10.97499,172.98652,103867.46292069463,-0.004767144210963581,-0.044582427861506124
USA,1841-01-02,18.51775606668,10.94722,175.2698909013369,105652.80762971452,0.021747874437415327,0.0115682221764426
USA,1842-01-15,18.58686593348,10.91531,179.63425,103470.61283402245,-0.013995066394466127,-0.025552692235348395
USA,1843-01-07,19.48609590408,10.92461,189.22368,102979.16150917263,0.03872272989157488,-0.010745569989094594
USA,1844-01-13,20.170944636959998,10.91046,193.22802,104389.33565100962,0.035812003671204407,0.021539621283118482
USA,1845-01-26,20.41458624504,11.20586,204.74170177645976,99708.9799875209,-0.003942678738389382,-0.021127718553093033
USA,1846-01-25,21.66945564368,11.01486,206.39214,104991.67092157675,0.06947206364133285,0.03228270337217731
USA,1847-02-07,22.25331253964,11.09296,210.52107000000004,105705.86848926806,0.03502230220836755,0.023045255096039163
USA,1848-02-20,23.629976889479998,11.07211,214.22857,110302.6402569928,0.06440452497488658,0.04517525560285329
USA,1849-02-12,25.524287762479997,11.04975,216.7644,117751.2901679427,0.038076730707856665,0.030795065057142024
USA,1850-02-18,25.71264234708,11.0047,226.96531999999996,113288.85993278622,-0.0005158148642456784,-0.027373006451400395
USA,1851-03-03,25.740698677719998,11.09174,239.39266000000003,107525.01216085738,-0.019172837470404436,-0.0531214408267322
USA,1852-03-02,25.84756878392,11.01287,240.62199936595167,107419.80721641974,0.015205090441717806,-0.002449073821811587
USA,1853-03-15,27.878269456960002,11.14448,245.55473,113531.79577098759,0.06757803610106738,0.06195948435882759
USA,1854-03-28,28.15983794208,11.15849,245.55473,114678.45861523417,0.0005707868397466509,0.0006972226180135266
USA,1855-03-20,30.11051274712,11.2185,245.55473,122622.40986813816,0.05862143307219392,0.058626671806349506
USA,1856-03-26,31.294915031640002,11.09159,241.81176343829014,129418.49720899288,0.04591169253114358,0.04705778419663509
TRN,1920-11-25,0.20642793184,10.19506,3.72033,55486.45734114984,0,0
TRN,1921-12-01,0.22673162408,10.14383,3.75296,60414.07957452251,0.08014980646104153,0.07324381878585773
TRN,1922-12-07,0.22572766112,10.65819,3.78205,59683.94418899803,-0.0007726339303778529,-0.006422439648156808
TRN,1923-11-29,0.22765686112,10.53899,3.81155,59728.15812989466,0.011302842283837933,0.005101209308295163
LIB,1837-01-27,0.25345504028,6.69173,3.8844614782233076,65248.43706158373,0,0
LIB,1838-01-26,0.2847311246,5.83933,3.7720999999999996,75483.45075687283,0.1244545369122716,0.1220550600203072
LIB,1839-02-08,0.28696579963999996,6.62236,3.7721000000000005,76075.87276053126,-0.005356505025603364,-0.0016310949000848396
LIB,1840-02-21,0.27799761444,6.64469,3.7721,73698.3681344609,-0.0329436353682796,-0.03264715178700117
LIB,1841-02-13,0.27470478723999997,6.66007,3.7721,72825.42542350414,-0.000311977291327481,0.0005738532313031008
LIB,1842-02-19,0.27279870695999997,6.81062,3.7720999999999996,72320.1153097744,-0.03357048884649938,-0.03317584599313306
LIB,1843-03-04,0.30325882808,7.01831,3.7721,80395.22496222264,0.08749339187754113,0.0860942990771596
LIB,1844-03-03,0.42263420836,7.83979,3.768458085236097,112150.43362583176,0.380627660113261,0.3757592649846213
LIB,1845-03-16,0.44501762656,8.24859,3.7721,117976.09463163755,0.035499840558769424,0.03345781349076726
LIB,1846-03-29,0.53552152056,8.85217,3.7721,141969.06777657007,0.11466175797879696,0.1317867550554257
LIB,1847-03-21,0.73542790516,8.52039,3.7720999999999996,194965.1136396172,0.32864010119532994,0.333212954347504
LIB,1848-03-27,0.7788387515999999,8.36859,3.796200981027925,205162.67592057472,0.05954187621692153,0.05611437234428185
LIB,1849-04-09,0.80732109068,8.39756,3.7721,214024.30759523873,0.01531842176716025,0.016629917511448822
LIB,1850-04-08,0.74285377452,8.39769,3.7721,196933.74367593648,-0.026742695490282964,-0.02121524534070174
LIB,1851-04-21,0.77794497872,8.04025,3.7721,206236.57345245354,0.04182698319298295,0.04962539833695301
LIB,1852-05-04,0.75845545672,8.07669,3.845243550467069,197245.10210227725,0.005359094414401744,-0.00835986414567147
LIB,1853-04-26,0.78118568788,8.4615,3.7721,207095.69944593197,0.010314409390879797,0.011137093309421697
LIB,1854-05-02,0.82862399204,8.85959,3.7720999999999996,219671.79874340555,0.05173047264299413,0.05158499446407672
LIB,1855-05-15,0.8491953314,8.88279,3.7721,225125.34964608573,0.026795314122343372,0.02781026093536587
LIB,1856-05-14,0.87975452136,9.65159,3.7721,233226.72287585164,0.019508553907242154,0.017990191319888993
LIB,1857-05-27,0.96127572216,9.70726,3.7721,254838.3452612603,0.08265691321177226,0.08350640435229706
LIB,1858-06-09,1.06901305056,10.05079,3.7720999999999996,283399.97628906975,0.1490739601620179,0.1505766614671855
LIB,1859-06-01,1.084870319,10.33606,3.7721,287603.80663291004,0.00947705770916385,0.009818149063682613
LIB,1860-06-07,1.0946531486800002,10.65908,3.7721,290197.2770287108,0.013694366281263637,0.014591581341216964
LIB,1861-06-20,1.1209511352,10.71922,3.7721,297168.98682431533,0.022150775742194373,0.020508602159066358
LIB,1862-06-19,1.30621355176,10.1789,4.96876,262885.21718899684,0.13467695915467393,-0.13398618394215445
LIB,1863-07-02,1.2642497046399999,10.48563,5.0076937014730385,252461.4682939003,-0.05506117838713176,-0.054796260769113814
LIB,1864-07-15,1.50093175544,10.5829,4.96876,302073.70761316706,0.09274249908777499,0.08477816529380267
LIB,1865-07-07,1.6483129857999999,10.43032,4.96876,331735.27918434376,0.09390257617553299,0.09410915754135885
LIB,1866-07-13,1.57410318988,10.49004,4.96876,316800.00440351316,-0.02036182089681282,-0.02063756674177597
LIB,1867-07-26,1.66653333392,10.15526,4.966209788774578,335574.49338667997,0.044826840015855796,0.04343076351499908
LIB,1868-07-25,1.77645003692,10.26247,4.96876,357523.8161875398,0.058818367835558494,0.06106162144736582
LIB,1869-08-07,1.83453294544,10.42584,4.96876,369213.434627553,-0.002686157836524261,0.0013515902177358985
LIB,1870-08-20,1.87779882732,10.75794,4.96876,377921.01597179176,0.02895229950070144,0.0294285282430764
LIB,1871-08-12,2.2110672469600003,10.98532,4.96876,444993.770469896,0.14259344211441838,0.14295106932043322
LIB,1872-08-18,2.24214839004,11.12657,4.96876,451249.0822740483,0.023926761479455383,0.022142119588238307
LIB,1873-08-31,2.27963709012,11.15814,4.96876,458793.96270296816,-0.0063344400368836595,-0.007696818016210583
LIB,1874-08-30,2.12919072912,9.88067,4.897243347662774,434773.3159178548,-0.03878034395351304,-0.04269103732117252
LIB,1875-09-12,2.33895086412,10.49003,9.90924,236037.36150501954,0.03872283271884913,-0.3773019720311027
LIB,1876-09-25,2.4582792249599996,10.65501,9.90924,248079.491965075,0.04310018216976341,0.04279913325346052
LIB,1877-09-17,2.64903382536,10.85766,9.90924,267329.6665899706,0.04167046982804412,0.041501973670606374
LIB,1878-09-23,3.59338076968,11.63808,10.276172131942285,349680.8659433014,0.21689111096463387,0.21035330649034778
LIB,1879-10-06,3.6848572862399998,11.90729,9.90924,371860.736670017,-0.02781273083819591,-0.021480739505615243
LIB,1880-10-05,3.8641220358000004,12.24345,10.023719695762006,385497.8144923324,0.05928599288621683,0.05913140168260633
LIB,1881-10-18,4.25720270196,12.22914,9.90924,429619.49674848927,0.06057739117533112,0.059774161186802566
LIB,1882-10-31,4.43634131356,12.35036,9.88655287555288,448724.78500873933,0.029805427435080967,0.03185847310846057
LIB,1883-10-23,4.658692341679999,12.61882,9.90924,470136.19023053226,0.036547087999565075,0.035018103820728896
CAN,1837-01-13,0.71083228632,11.17023,5.87565,120979.34463761454,0.26826747276870555,-0.03656213968783728
CAN,1838-01-19,0.75170079712,11.26845,6.39124,117614.23403283245,0.08029685892562433,0.028035888140640175
CAN,1839-01-25,0.75105681352,11.83716,6.84048,109795.9227305686,0.008819369542876876,-0.03722548033615425
CAN,1840-01-31,0.77020769748,11.87432,7.30073,105497.35402898067,0.019949102720766554,-0.02853756162530352
CAN,1841-02-06,0.73711439516,11.9136,7.75414,95060.75401785369,-0.04064013895282881,-0.08444527779119348
CAN,1842-02-12,0.84195454356,11.31045,8.45307,99603.40368173929,0.14079866900040017,0.06301321789813974
CAN,1843-02-18,0.85082833524,11.35109,8.93923,95179.15248181332,-0.007262750980056354,-0.04728354654479394
CAN,1844-02-24,1.01562526884,11.41029,9.2934,109284.57494996449,0.1508580414573386,0.11975404302650206
CAN,1845-03-02,1.09625649744,11.39162,10.09295,108616.06343437747,0.033509996048259216,-0.03415515015495052
CAN,1846-03-08,1.23558748768,11.60825,10.70923,115375.94091078444,0.124323855221538,0.07757344839657754
CAN,1847-03-14,1.33167097284,11.35023,10.80932,123196.55379246798,0.05193043862696789,0.0456081278099425
CAN,1848-03-20,1.2594180773199999,11.56914,10.89064,115642.2466742083,-0.052225833133850874,-0.05784681739776554
CAN,1849-03-26,1.2704526276,11.5778,11.08964,114562.11631757209,-0.024720186146463874,-0.03900293423917234
CAN,1850-04-01,1.2361843884000001,11.59888,11.26917,109696.13453342172,-0.012067653527674138,-0.023826742183620353
CAN,1851-04-07,1.3522460042000002,11.68278,12.09895,111765.5667805884,0.0749751922903461,0.01675203315629159
CAN,1852-04-13,1.4869269500800002,11.66341,12.364,120262.61323843416,0.07723320156192082,0.06132802209027299
CAN,1853-04-19,1.4896467274,11.85513,12.5957,118266.29146454741,0.015439499062495754,0.0032527767273666797
CAN,1854-04-25,1.6671805831200002,11.9694,13.18197,126474.3117394441,0.11874558203648933,0.08116390461763334
CAN,1855-05-01,1.69632263424,12.07031,13.76014,123278.0069272551,0.017798287951676928,-0.014232449538778003
CAN,1856-05-07,1.8278703388400002,12.05159,14.42713,126696.74001967128,0.026354741362596412,-0.01028179582891342
CAN,1857-05-13,1.97826422404,12.18823,15.03491,131578.0556079152,0.06508426751829521,0.032988909443058656
CAN,1858-05-19,1.9937541322399999,12.23369,15.7521,126570.68786003135,0.012051538342880974,-0.022078337547404292
CAN,1859-05-25,2.0981869630800003,12.14505,16.53227,126914.63199427545,0.05803842578935536,0.020335822268496395
CAN,1860-05-31,2.41369226956,12.11691,16.7975,143693.54186992111,0.08926126536231571,0.07833584345982092
CAN,1861-06-06,2.54728421532,12.42158,16.87052,150990.26084080397,0.053649738687399084,0.050766803243784464
CAN,1862-06-12,2.6162746792,12.57559,17.11926,152826.38847707203,-0.0021930725155981934,-0.012286861861154796
CAN,1863-06-18,2.95117151888,12.66317,17.31443,170445.77955381724,0.10291303400040519,0.0940785148805765
CAN,1864-06-24,2.965506687,12.58965,17.58483,168640.05435366734,0.02704782574774378,0.014980871852586342
CAN,1865-06-30,5.12575519456,11.97625,30.036810000000003,170649.12001507482,0.3806117714554651,-0.08795721731923833
CAN,1866-07-06,5.66663646328,11.8776,30.39101,186457.655184214,0.09200629703293117,0.08225430127259026
CAN,1867-07-12,5.567293588999999,12.1681,30.71968,181228.89265122553,0.058740944484115376,0.05052900808011396
CAN,1868-07-18,5.7944515584800005,12.49404,31.12877,186144.57167694066,0.007955250117276602,-0.0020202825144786107
CAN,1869-07-24,5.79483730592,12.30284,31.56835,183564.78263577286,0.0142638441248355,0.003605209702705281
CAN,1870-07-30,5.74410349344,12.33076,32.01484,179420.02813195382,-0.011108533320593805,-0.021291150572110396
CAN,1871-08-05,5.8638938566,12.37341,32.45127,180698.439740571,0.01911312618298311,0.008480045153796967
CAN,1872-08-11,6.286089925440001,12.6148,32.96992,190661.36422047732,0.04373965781553357,0.031033595417468085
CAN,1873-08-17,6.3376192505599995,12.75251,33.57188,188777.6094326561,-0.008637898097798913,-0.022362918535016596
CAN,1874-08-23,6.85692261956,13.08827,34.20047,200492.0581372127,0.05114259515333108,0.03592804378462189
CAN,1875-08-29,7.25486521084,13.18782,34.79892,208479.608299338,0.06609137653112263,0.052291087187271934
CAN,1876-09-04,13.9163300354,12.01775,98.121,141828.25323223366,0.9268246476949682,-0.23978688108628932
CAN,1877-09-10,13.55929125928,12.44506,99.26086000000001,136602.59702847627,-0.011018161892949574,-0.01988855399822087
CAN,1878-09-16,14.34924323508,12.44747,100.30477,143056.43924092542,0.05329876749649687,0.04507561291107676
CAN,1879-09-22,15.81001800768,12.59461,108.92724,145142.92299777357,0.06709014301781191,-0.0036249874664534554
CAN,1880-09-28,17.09809490324,12.74264,110.46665,154780.60485440627,0.06915033841007823,0.057768423387942525
CAN,1881-10-04,17.98617236936,13.05662,112.04122,160531.74331161336,0.046545302800880206,0.03540376189364536
CAN,1882-10-10,19.6811175938,13.02108,113.60927,173235.13824003976,0.05870847529776424,0.04755642836013374
CAN,1883-10-16,20.29202624488,13.17626,115.25467,176062.50787824907,0.02565108149055728,0.014460609342846542
CAN,1884-10-22,21.137441964079997,13.27781,116.86805,180865.87364194062,0.016374650032908944,0.005835547259687601
CAN,1885-10-28,26.701820307240002,13.50091,126.00746,211906.66256775594,0.12049427919590872,0.08966442905607597
CAN,1886-11-03,27.59650245248,13.75191,127.83575,215874.68648230247,0.005215438082561308,-0.005569775432333168
CAN,1887-11-09,30.90094527936,14.0681,129.73616,238182.9805919953,0.09766040686091282,0.08576619114581585
CAN,1888-11-15,33.42087429408,14.09412,131.7479,253672.91846078765,0.06781735968571168,0.055310202320423274
CAN,1889-11-21,37.27907989832,14.27393,133.58991,279056.10459891765,0.18543966813453006,0.1731017111947557
CAN,1890-11-27,39.048898269160006,14.72168,135.51186,288158.52921773784,0.02998170572670511,0.01887071863791312
CAN,1891-12-03,39.690382380479996,14.9886,137.45632,288749.0541030052,0.01668717953665322,0.005608492405758225
CAN,1892-12-09,43.645176476719996,15.05623,139.42889,313028.2144304527,0.07285425386638877,0.06149431518358073
CAN,1893-12-15,47.538369869120004,15.33637,141.46519,336042.8800125317,0.07184803190994149,0.06004685700116119
CAN,1894-12-21,49.64822972616,16.06813,143.56971,345812.70468652475,0.020846873929046827,0.00950485630214648
CAN,1895-12-27,52.94145177724,16.37415,145.64633,363493.20835780754,0.034185108100985184,0.023025908067917378
CAN,1897-01-02,57.45532720564,16.77166,147.65829,389110.067613813,0.11627721984675055,0.10460272718556318
CAN,1898-01-08,62.588581853200004,17.20286,149.53865,418544.51577033766,0.06941453608232728,0.05919354476396688
CAN,1899-01-14,64.52332611036,17.19989,151.47348,425971.10801415535,0.02800807821109519,0.018096995906071722
CAN,1900-01-20,68.75108048432,17.56048,153.49232,447912.1853413904,0.05061396745069202,0.040096902992786676
CAN,1901-01-26,71.12202087432,17.79112,155.49872,457380.1049572627,0.04197794557337109,0.03185624488953187
CAN,1902-02-01,72.94563387644,17.86893,157.2453,463897.0695877079,0.017324985459670872,0.008767691258958488
CAN,1903-02-07,74.33159147752,18.02893,158.95853,467616.2485745182,0.007164378084431711,-0.000996987340734723
CAN,1904-02-13,79.33167060364,18.59974,160.72571,493584.1975975095,0.04275613758427599,0.03418072268455652
CAN,1905-02-19,81.49263397703999,18.27162,162.47124,501581.9044468424,0.022488517522193163,0.014144943625675754
CAN,1906-02-25,85.15773365632,18.59725,164.41709,517937.2391052536,0.03367790676832594,0.02450468836217401
CAN,1907-03-03,89.06744428452,17.68586,166.34702,535431.5591858514,0.006985122305047664,-0.0018094110478517056
CAN,1908-03-09,91.5978663418,17.84522,168.22621,544492.2425690979,0.02445943363858749,0.015644059749563288
CAN,1909-03-15,90.44867935584,17.96087,170.20957,531395.9688391199,0.020988235325827498,0.01178430170225142
CAN,1910-03-21,99.68918771344,17.2196,172.15508,579066.1984150569,0.06456464474812629,0.05538557282297263
CAN,1911-03-27,102.93721862684,18.57718,174.05904,591392.5448907451,0.014758269439747895,0.006294400639629272
CAN,1912-04-02,101.95018901444,18.63499,175.89838,579597.0890376591,-0.0055443207808613115,-0.01335291424321039
CAN,1913-04-08,104.21086258492001,19.01031,177.64167,586635.2336415212,0.016419069815431397,0.008818740159479477
CAN,1914-04-14,108.49741012656,19.32245,179.30899,605086.2822135132,0.03424709878181553,0.026906097738412127
CAN,1915-04-20,111.06628169208001,19.21705,180.88666,614010.3515211127,-0.0038545215182541614,-0.01035758143476495
CAN,1916-04-26,113.56718850932,20.0693,181.91466,624288.27071617,0.008769234268946047,0.004309804532478534
CAN,1917-05-02,121.67499639047999,20.07553,183.87016,661744.1154697423,0.0580871509054246,0.04971321568279463
CAN,1918-05-08,132.44262800808,20.70125,185.4403,714206.28637939,0.06504151786919676,0.05809659197449668
CAN,1919-05-14,130.49697649664,21.20204,186.79762,698600.8520699568,-0.013196712293668145,-0.01855184293273171
CAN,1920-05-20,133.77302878212,21.28949,188.20877000000002,710769.369472634,0.01750349975702692,0.011641667557488189
CAN,1921-05-26,136.3216998312,21.18983,189.56301,719136.6070374174,0.019225607197550287,0.013532692861395024
CAN,1922-06-01,136.47804723176,21.84513,190.67613,715758.4288697279,-0.011723932713854968,-0.01594531170260005
CAN,1923-06-07,141.37197266088,22.32977,191.73860000000002,737316.1828702202,0.0028140066099930916,-0.0013955020430587162
WTU,1876-08-07,0.02341356108,5.48598,0.62838,37260.19459562685,0.2599023710647508,0.2614742147518201
WTU,1877-08-20,0.0249357108,6.2776,0.62838,39682.53413539578,0.042760019573442776,0.04245366794589134
WTU,1878-08-19,0.02970358508,6.39118,1.18505,25065.25891734526,0.18539781137498945,-0.3721122297072744
WTU,1879-09-01,0.04813965988,6.96303,1.619507042778499,29724.88455339437,0.20444726273752933,0.22184543799750855
WTU,1880-09-14,0.04505204132,7.0255,1.18505,38016.99617737648,0.043706013865719484,0.05813328792101924
WTU,1881-09-06,0.046923457360000004,7.17566,2.07346,22630.51004601005,0.027547451126096245,-0.228970806551558
WTU,1882-09-12,0.05229566368,7.20965,2.34361,22314.149401990944,0.10978244292664319,-0.01916370907814724
WTU,1883-09-25,0.05260859188,7.16386,2.3290021201144038,22588.468866406954,0.00908619162340818,0.009420545691166904
WTU,1884-09-24,0.052798772519999995,7.17714,2.34361,22528.821996833944,0.0018673914105007405,0.0020361843529306256
WTU,1885-10-07,0.05323104072,7.19659,2.34361,22713.267446375463,0.005068896133987311,0.0049094705538066385
WTU,1886-10-20,0.05371444936,7.02212,2.34361,22919.534120438126,0.006600961495035973,0.006694803684129225
WTU,1887-10-12,0.05526779908,7.29089,2.34361,23582.336259019205,0.02629679893718917,0.026269197233632635
WTU,1888-10-18,0.055820330800000005,6.80706,2.34361,23818.09720900662,0.007103891392982842,0.00704024600118669
WTU,1889-10-31,0.05791864884,7.39423,2.34361,24713.433054134435,0.034078686654801515,0.03239651810171207
WTU,1890-10-30,0.08332254164,6.46983,2.430774027162848,34278.1931635383,0.17422107896082806,0.20173501885102096
WTU,1891-11-12,0.09440156336,4.82634,2.34361,40280.40644987861,0.1519275440114194,0.15005530382573817
WTU,1892-11-25,0.08529426932,6.4116,2.34361,36394.3955350933,-0.09998436502011321,-0.09797565413997511
WTU,1893-11-17,0.087956518,6.79748,2.34361,37530.356159941286,0.02147168521268128,0.021050023693387043
WTU,1894-11-23,0.08881902432,6.35916,2.3500413129792976,37794.665067993395,0.0006655513279247849,0.0008399187073020453
WTU,1895-12-06,0.08912181252000001,6.31121,2.34361,38027.578189203836,-0.00028292026762843925,0.000013559484370206931
WTU,1896-12-05,0.08877580192,6.23968,2.3425645757146483,37896.84299008794,-0.0031445484713854555,-0.0031094885647358073
WTU,1897-12-18,0.08986896932,5.4296,2.34361,38346.384133878935,-0.006037524996545196,-0.01544647513227615
WTU,1898-12-31,0.08921165292,6.37411,2.342878311729053,38077.80048728244,0.016085475712623643,0.015278821498356132
WTU,1899-12-23,0.08912111312,6.41955,2.34361,38027.27976071104,-0.00042319247403033167,-0.0004453745173657042
WTU,1900-12-29,0.08986963388,6.45366,2.345573359647995,38314.56965962767,0.01852287049036505,0.021616131979824038
WTU,1902-01-11,0.09338482608,6.41002,2.34361,39846.57262940506,0.04121280029175178,0.04120724649489227
WTU,1903-01-10,0.09099971972,6.47736,2.34361,38828.86645815643,-0.022933730667253793,-0.0233679612263471
WTU,1904-01-23,0.09221847647999999,6.62745,2.34361,39348.90040578424,0.01408126767840212,0.014209355838692428
WTU,1905-02-05,0.09407723884000001,6.70386,2.34446289119032,40127.41647287731,0.01983767091985178,0.019598542165153443
WTU,1906-01-28,0.0956214844,7.10836,2.34361,40800.93718664795,0.021135917052040654,0.02098116474588485
WTU,1907-02-03,0.09719693412000001,6.60456,3.24223,29978.420445187417,0.019699922479172516,-0.2629725155084287
WTU,1908-02-16,0.09859774704,6.71457,3.24223,30410.472742525977,0.01437369698998614,0.014430115942998034
WTU,1909-02-15,0.10040770012,7.01568,3.24223,30968.716013361172,0.016871840941701688,0.017008631778921757
WTU,1910-02-28,0.10219039376000001,7.30392,3.24223,31518.551663515544,0.016049079388797072,0.015791691025741628
WTU,1911-03-13,0.10416558516,7.33844,3.24223,32127.759338479995,0.01500228812263149,0.0154533202546967
WTU,1912-03-05,0.1085099366,7.96938,3.2422299999999997,33467.68631466614,0.02778596252664256,0.025363391695522708
WTU,1913-03-11,0.09332093992,8.80432,3.24223,28782.948748238094,-0.12603972909767847,-0.12540448013079408
WTU,1914-03-24,0.09186787739999999,8.97879,3.2506852705566343,28261.080281164504,0.0037125341949015844,0.0025964361445089956
WTU,1915-03-23,0.0958421048,8.62569,4.40968,21734.480687941075,0.04503985240259967,-0.20931744932582874
WTU,1916-04-05,0.09777661452,8.30851,4.409124732274994,22175.969258540303,0.030629049508638984,0.03050087491413267
WTU,1917-04-18,0.10771609991999999,9.14437,4.40968,24427.19197764917,0.024410038858952543,0.03222982454558565
WTU,1918-04-10,0.10432625736000001,9.84317,4.40968,23658.464414651404,0.05017311939016578,0.05229968525420281
WTU,1919-04-16,0.11768852056000001,9.40501,4.40968,26688.67594927523,0.11086020200340996,0.11122142166715276
TID,1837-01-13,0.26352589172,5.74572,3.0814700000000004,85519.53831126053,0,0
TID,1838-01-19,0.25845804295999997,5.87836,3.06632,84289.32497586682,0.02015740769408758,0.02399340037246578
TID,1839-01-25,0.33438230696000004,6.22847,3.05532,109442.64658366391,0.1841063391872486,0.18758449213434147
TID,1840-01-31,0.31441373808,6.2958,3.03952,103441.90466915828,-0.036701516030633874,-0.032935965494410246
TID,1841-02-06,0.35500866596,6.6601,3.03408,117007.02221431209,0.026401770302029837,0.027824615861603563
TID,1842-02-12,0.37887325060000004,6.33675,3.03279,124925.64622014714,0.09833753005095591,0.09874462119001892
TID,1843-02-18,0.4198171536,6.58504,3.02924,138588.27745573147,0.07732335198133278,0.07810319649479558
TID,1844-02-24,0.4231055608,6.60569,3.0297999999999994,139648.01663476138,-0.005354400682634597,-0.005395504458974187
TID,1845-03-02,0.42739500908,6.53168,3.02948,141078.66996316198,-0.008467890957640334,-0.008291424413716442
TID,1846-03-08,0.44041621572,6.60902,3.02868,145415.2355877808,0.013549614718469272,0.013643023128044218
TID,1847-03-14,0.48475377028,6.6308,3.02745,160119.49669854168,0.047259084145145236,0.04773536543280943
TID,1848-03-20,0.4888840424,6.71676,3.02716,161499.24100477016,0.026587209396011557,0.02654059952801968
TID,1849-03-26,0.47908792099999997,6.72356,3.0233499999999998,158462.60638033968,-0.009184469056985667,-0.008221333003512243
TID,1850-04-01,0.49950562792,6.91737,3.01992,165403.59609526081,0.04151960196051352,0.042471337700523026
TID,1851-04-07,0.5001910508399999,6.91813,3.01936,165661.28280165335,0.021996375418793956,0.02198527427350183
TID,1852-04-13,0.49287049916000003,7.01027,3.0206800000000005,163165.41280771216,-0.03636382665356208,-0.036656279168231554
TID,1853-04-19,0.492084112,7.02805,3.02213,162826.91743902478,-0.027209847267689158,-0.027338276711839637
TID,1854-04-25,0.4740770996,7.04692,3.0228100000000007,156833.24443150577,-0.0446848183418318,-0.04507038168237265
TID,1855-05-01,0.46891249652,7.15716,3.0258,154971.4113688942,-0.019385465495390775,-0.020011227851471025
TID,1856-05-07,0.48532514212,7.50741,3.03437,159942.63788529413,0.00859736871147887,0.006530971203618563
TID,1857-05-13,0.48655310964,7.94915,3.04378,159851.60216572814,-0.0010843260081659922,-0.003560881538004712
TID,1858-05-19,0.48720378668000003,7.95749,3.0536999999999996,159545.39957428694,0.0017673563293820749,-0.0006478045108837538
TID,1859-05-25,0.49365226403999996,7.94819,3.0642799999999997,161098.94136306082,-0.0059270003483422595,-0.008494678477183437
TID,1860-05-31,0.48153892748,7.9846,3.0744600000000006,156625.5301678994,-0.026964143512600125,-0.029401309141464438
TID,1861-06-06,0.48701039296000004,8.06796,3.08552,157837.38007207864,0.021786606621427174,0.01917710687581975
TID,1862-06-12,0.53205241388,8.12856,3.09698,171797.17462818619,0.043649290805672925,0.04062675186751119
TID,1863-06-18,0.5273527532000001,8.31432,3.10872,169636.6199593402,-0.04007152923199553,-0.04282127220161269
TID,1864-06-24,0.5387297395999999,8.08512,3.12281,172514.41477387352,0.024681287314656464,0.021351946623490603
TID,1865-06-30,0.60815657916,8.40081,3.13509,193983.77053290335,0.09077475020302916,0.08731324594918966
TID,1866-07-06,0.65634454548,8.58125,3.14882,208441.43059304752,0.06247781299905686,0.05893753005839697
TID,1867-07-12,0.7087094924,8.84497,3.16486,223930.75598920646,0.05811742039654688,0.05411284643139469
TID,1868-07-18,0.69356295684,8.75041,3.18151,217998.04396025787,-0.016513693810984886,-0.020461018069066417
TID,1869-07-24,0.7014940186799999,9.33434,3.20221,219065.588665328,0.005551416577824098,0.0006901293046750467
TID,1870-07-30,0.72520120868,9.61963,3.229,224590.03056054507,0.03337202533107453,0.026979970407936094
TID,1871-08-05,0.738510851,9.71671,3.25632,226793.08268229166,0.05211145530815253,0.04540573710697693
TID,1872-08-11,0.68762338268,9.70149,3.28527,209304.9833590542,-0.06323655780517223,-0.06936480548388657
TID,1873-08-17,0.6656448806799999,9.48589,3.31524,200783.316043484,-0.029503391772022658,-0.036180323661842206
TID,1874-08-23,0.63161469748,9.50364,3.3394,189140.17412708869,-0.057165722592060764,-0.06240137170719806
TID,1875-08-29,0.68758658696,9.40697,3.36243,204490.9743727007,0.028983536337939597,0.023918527679527957
TID,1876-09-04,0.9530178512399999,10.06023,3.39768,280490.761707989,0.3699105408342651,0.358868450059856
TID,1877-09-10,0.97688520384,9.99292,3.43243,284604.55241330486,0.0035642191674278845,-0.0041157094553030404
TID,1878-09-16,0.97464598608,10.28712,3.4680199999999997,281038.1676230241,0.0008088789693081466,-0.006828329507213793
TID,1879-09-22,1.00125174812,10.71214,3.50542,285629.6101808057,0.03642116770422876,0.02792626430438827
TID,1880-09-28,1.0909775754800002,10.90957,3.5490300000000006,307401.62114155135,0.06270315452072994,0.05286738128738566
TID,1881-10-04,1.13621867684,10.77179,3.5936500000000002,316173.99491881515,0.05203118943013507,0.042179147116639726
TID,1882-10-10,1.140345388,10.83902,3.63731,313513.3898402941,-0.0037219877220784348,-0.012910334102673948
TID,1883-10-16,1.1330420826399998,10.78614,3.6792900000000004,307951.284796795,-0.018251794648277087,-0.026530294529973686
TID,1884-10-22,1.14023650728,10.39219,3.7171900000000004,306746.89948052156,-0.025215826522050344,-0.03281454678557805
TID,1885-10-28,1.12950958952,10.52719,3.7534900000000007,300922.49866657425,0.0008547165626124897,-0.006439472975260374
TID,1886-11-03,1.16527923252,10.62334,3.7895800000000004,307495.61495469155,-0.0037321506237296687,-0.010917793018570987
TID,1887-11-09,1.1559432684800002,10.64252,3.82612,302118.9268710861,-0.011825624825106962,-0.01902551835627031
TID,1888-11-15,1.07993927236,11.25249,3.8643800000000006,279459.9062100518,-0.026670172583383223,-0.033906529002578845
TID,1889-11-21,1.0975325415600001,10.94451,3.9061099999999995,280978.4009052485,0.0281970610294886,0.01997956872702278
TID,1890-11-27,1.09158665876,10.98644,3.94797,276493.1493299088,-0.0033816556987350532,-0.011426313532945653
TID,1891-12-03,1.2931021006799999,11.92175,3.99716,323505.213871849,0.0418667865588509,0.032279037093202456
TID,1892-12-09,1.34097268864,12.05413,4.04951,331144.43195349566,0.030240972469926186,0.020119365769615483
TID,1893-12-15,1.3401314872399999,12.05865,4.10137,326752.155313956,-0.006045912337321213,-0.015562725427139767
TID,1894-12-21,1.42061803936,12.38139,4.15731,341715.6861913112,0.04307251464085193,0.03254071555375959
TID,1895-12-27,1.42591457632,12.79944,4.21535,338267.1845327197,0.015335187378616943,0.004787061327036435
TID,1897-01-02,1.3455693862,12.85025,4.27243,314942.4065929694,-0.02347683484936569,-0.03339219763381307
TID,1898-01-08,1.2896106262,13.09624,4.33266,297648.70222911565,-0.06047015782947451,-0.07020480343259239
TID,1899-01-14,1.15986802152,12.96851,4.39707,263782.0233746563,-0.031433020314810656,-0.0423466848866807
TID,1900-01-20,1.08341250264,13.07459,4.46527,242630.90532935297,-0.0494589483327571,-0.06051513283301935
TID,1901-01-26,1.23477699436,13.24049,4.53487,272284.9815672776,0.07377516153431984,0.061367640787175715
TID,1902-02-01,1.2553972080000002,13.2761,4.60404,272672.95853207185,-0.04299781259546076,-0.053927663648468016
TID,1903-02-07,1.3416608722399999,12.51148,4.67459,287011.45389007375,0.0907998468089819,0.07830826342771857
TID,1904-02-13,1.35522540452,12.21489,4.74272,285748.5587426624,-0.01644212970167469,-0.027097866314500285
TID,1905-02-19,1.4287860048799998,12.26134,4.81055,297010.9457089106,0.018348480847133475,0.007446235105699639
TID,1906-02-25,1.3948037792,12.32663,4.88532,285509.194730335,-0.048722938130153826,-0.059630061418614044
TID,1907-03-03,1.41929712288,12.36409,4.96047,286121.5011642042,0.02112326002256326,0.009278017416586737
TID,1908-03-09,1.3383050746,12.45059,5.0359,265752.90903314203,-0.03434450411041767,-0.04528831690449531
TID,1909-03-15,1.3380623256000002,13.08205,5.11723,261481.76368855807,-0.021649886816127117,-0.033302572299618416
TID,1910-03-21,1.39044061312,13.42982,5.19943,267421.73913679,0.0169410429506347,0.004740857684493394
TID,1911-03-27,1.43492922144,13.69391,5.28345,271589.438991568,-0.0038150851330043256,-0.015835759145253814
TID,1912-04-02,1.4806501632,13.68921,5.370580000000001,275696.5100976058,0.04066262218382288,0.02803688732934284
TID,1913-04-08,1.48270500092,13.57931,5.4621,271453.2873656652,-0.003997919495576152,-0.016615748087025817
TID,1914-04-14,1.63585678828,13.76395,5.55793,294328.4259211613,0.07267332589536979,0.05879206838105433
TID,1915-04-20,1.4405017718,13.93996,5.65422,254765.78056743462,-0.047964803171303694,-0.06038110258889984
TID,1916-04-26,1.57130890384,13.91394,5.75281,273137.632537838,0.07392150695203248,0.06005537173987685
TID,1917-05-02,1.72242834088,13.79678,5.85307,294277.7620769955,0.06884073567249471,0.05512268356074168
TID,1918-05-08,1.83427381852,13.80522,5.953490000000001,308100.5962082744,0.05932564623028047,0.045655724104594064
TID,1919-05-14,1.7349051205200001,13.75397,6.05431,286557.0346612579,-0.0645955225351168,-0.07637650397894913
TID,1920-05-20,1.67605848696,13.86073,6.1586099999999995,272148.82692036027,-0.018584871464582875,-0.031074972667787804
TID,1921-05-26,1.92401090856,13.63008,6.26485,307112.0471455821,0.11070656226258002,0.0963317342845158
TID,1922-06-01,1.85569542444,13.4366,6.37211,291221.4987562989,-0.015914597589884782,-0.028535660022215192
TID,1923-06-07,1.81915263608,13.3194,6.47703,280862.15998381976,-0.029816577009839862,-0.04173311578304861
GER,1837-01-13,10.61975696236,9.76088,141.61859,74988.43875200282,0,0
GER,1838-01-19,10.67476406672,10.2143,143.22626,74530.77436162894,-0.0009419405722882468,-0.009361038837670033
GER,1839-01-25,10.8037699536,10.23395,144.83555,74593.35745678461,0.009469541664413716,0.0010342816244408581
GER,1840-01-31,11.55103418456,10.15495,146.00286,79115.12270759628,0.05397809281587107,0.047144379555766225
GER,1841-02-06,11.83738635976,9.46984,147.16358,80436.92848298472,0.007999012701155994,0.0019054551782053952
GER,1842-02-12,12.332360917759999,9.59635,148.19867,83215.05798776737,0.01226503577839999,0.007016085859957943
GER,1843-02-18,12.791791790440001,10.10672,148.93118,85890.62270533276,0.04284341204173581,0.03862111074029895
GER,1844-02-24,12.85452616292,10.20064,150.40594,85465.54852102252,0.00708927556388983,-0.0002712909085832438
GER,1845-03-02,13.11839771268,10.15229,151.83185,86400.8290268478,0.0040650519462102075,-0.003179598592963684
GER,1846-03-08,14.0538844654,10.36642,153.08974,91801.60907843987,0.05076645247765632,0.04438425264179835
GER,1847-03-14,13.91905457644,10.32537,154.4033,90147.39047960762,-0.00029778991298945456,-0.006729338742710977
GER,1848-03-20,14.031185546560001,10.19968,155.94122,89977.4001162746,0.0004239233103924267,-0.007202418011705181
GER,1849-03-26,14.67768325868,10.1161,157.24478,93342.89671606269,0.0318972906999484,0.02581558938537265
GER,1850-04-01,15.716025560559999,10.28351,158.78748,98975.2187046485,0.05213352480571842,0.04487198440338869
GER,1851-04-07,16.083689191439998,10.33148,159.83267,100628.29577607631,0.016861656051226026,0.012152496308316385
GER,1852-04-13,16.20148859004,10.33835,160.68524,100827.48477731994,0.006710872746407359,0.0027631516689079483
GER,1853-04-19,16.14292882956,10.34114,161.46463,99978.11179798325,-0.01117258441112634,-0.014497229361002506
GER,1854-04-25,17.070678737319998,10.32025,162.44865,105083.5370889201,0.039351351030624704,0.034647658328586184
GER,1855-05-01,17.13175981868,10.31471,163.54846,104750.35850952065,0.026739069117615255,0.021505595531093658
GER,1856-05-07,18.19692727944,10.36705,164.65082,110518.2912507815,0.05249976638133158,0.04714622465035867
GER,1857-05-13,18.36961695608,10.34451,165.52017,110981.13877045922,0.02199530066931743,0.01797508260844749
GER,1858-05-19,19.2721518236,10.34101,166.1619,115984.18063105924,0.0515677513099464,0.04850562903929734
GER,1859-05-25,19.204792868560002,10.3618,166.77254,115155.60576435426,-0.0016356714104441838,-0.00433381339915595
GER,1860-05-31,20.69887317472,10.40461,167.47526,123593.61719886269,0.0632184152675963,0.05993291070518847
GER,1861-06-06,20.93541768292,10.47069,168.3184,124379.85201213892,0.020179207268121502,0.016400093614569622
GER,1862-06-12,21.64879896348,10.24931,168.88262,128188.43622558673,0.04560102638725194,0.043123054427861796
GER,1863-06-18,22.399579256080003,10.35401,169.33634,132278.63113186456,0.02747122018666448,0.025581394968352766
GER,1864-06-24,24.40023946828,10.3395,169.86451,143645.30571029815,0.05411034476847787,0.05181418910687907
GER,1865-06-30,25.95148200164,10.50155,170.77758,151960.70820092427,0.03192401623469476,0.027619889607136017
GER,1866-07-06,27.654451860360002,10.55293,171.2254,161509.05099570507,0.025077776603196433,0.02324523981925153
GER,1867-07-12,27.56340967276,10.74471,171.54907,160673.6175996757,-0.014756428467432525,-0.01609433170215835
GER,1868-07-18,27.32287507716,10.77766,171.89242,158953.34463939714,0.029781528347414765,0.02844997603349131
GER,1869-07-24,29.31361180592,10.88727,172.26737,170163.46047379723,0.027858481789823752,0.026100674486628117
GER,1870-07-30,30.62862026224,10.46757,201.28185,152167.81971270635,0.03716695943255921,-0.05010686779296203
GER,1871-08-05,32.36580484696,10.48437,201.51561,160611.89923182625,0.04726132586061449,0.04660201718101109
GER,1872-08-11,64.2200879762,10.70951,369.37522,173861.38673893717,1.0053043593730373,0.09453707482731066
GER,1873-08-17,58.54025085272,10.06499,369.95241000000004,158237.24692784133,-0.049415015165707676,-0.050671110208373005
GER,1874-08-23,69.94597020736,10.10233,429.1739,162978.1545600979,0.09560382186681116,-0.020339232394957718
GER,1875-08-29,58.2613167058,11.10205,303.86145,191736.45326118203,-0.1881312440312105,0.17575786088038514
GER,1876-09-04,72.38271407692,10.73327,443.27517,163290.70287631947,0.21456969884580568,-0.10196344122854462
GER,1877-09-10,83.92195561464,11.34382,447.12413,187692.74566917247,0.13310244208549538,0.12578045638490942
GER,1878-09-16,80.9882915478,11.1106,450.92523000000006,179604.701976423,-0.027924854086864737,-0.03414987932598035
GER,1879-09-22,83.19662591968,11.19872,454.5808200000001,183018.33746456789,0.019490380659680673,0.01330455790024243
GER,1880-09-28,86.80064124316,11.53862,458.56648,189286.93009388735,0.04416250501630081,0.03732586652712766
GER,1881-10-04,84.84504180204,11.71563,462.90158,183289.5921462182,-0.012640339612035811,-0.01967405027355751
GER,1882-10-10,91.65090831623999,11.8812,467.38556,196092.72549250344,0.053714788952588854,0.04611538198397924
GER,1883-10-16,98.71086277676,11.95473,472.0501100000001,209110.98352833767,0.05097998603909004,0.04310494345621363
GER,1884-10-22,105.95844260612,12.11039,476.59406,222324.30384491154,0.06931647643559247,0.06158814022528247
GER,1885-10-28,106.94292632503999,11.96758,485.48832,220279.0920387951,0.007694293605297942,-0.008449720835704166
GER,1886-11-03,111.14603190080001,12.07993,489.93415,226859.1236205927,0.040541381949173116,0.033402299017901704
GER,1887-11-09,118.0722032464,12.23516,494.69165,238678.3832846178,0.04588922234574877,0.03829336177921383
GER,1888-11-15,119.035403097,13.21804,499.96822,238085.9389362788,0.018282692551941038,0.010114765861515052
GER,1889-11-21,120.74024689532,13.39285,505.45841,238872.76283585824,0.013402727140168436,0.005045458819045834
GER,1890-11-27,126.53815320952,13.44598,511.14812,247556.72232448004,0.02876782093941288,0.020116681887634824
GER,1891-12-03,133.72211486608,13.46928,516.90643,258696.9461108851,0.04382199928548536,0.0350142380121663
GER,1892-12-09,144.7947797712,13.31478,522.58095,277076.26879854687,0.06818536322736812,0.05936886236853467
GER,1893-12-15,150.17204947316,13.34229,527.22444,284835.14435173,0.04146348074423356,0.034426049595176034
GER,1894-12-21,155.21630669792,13.44153,531.2125,292192.496784093,0.025449362705441958,0.019669542997086564
GER,1895-12-27,163.72393631463999,13.76688,535.84846,305541.48894006334,0.03542187728272217,0.028484201354161076
GER,1897-01-02,179.45671889444,13.94205,617.36611,290681.1954651025,0.06402538815632375,-0.039841663706056796
GER,1898-01-08,204.55521670376,14.48924,624.41982,327592.4468633299,0.11057576338765451,0.1010708250712935
GER,1899-01-14,218.37996769628,14.74409,631.75367,345672.6538625094,0.050565644387283504,0.0413749836478805
GER,1900-01-20,233.7072140104,15.10218,631.76707,369926.23564631183,0.05142802399731372,0.05018051191253381
GER,1901-01-26,250.0097410044,15.49604,647.45799,386140.4830364361,0.05096624549908646,0.0284661117138163
GER,1902-02-01,260.19439810572004,15.60574,655.53939,396916.496666539,0.034798692387004726,0.025275061394712584
GER,1903-02-07,273.83454309276004,15.80279,664.39684,412155.0955792626,0.04033512293385422,0.029869476257548655
GER,1904-02-13,291.82216823084,16.07916,667.78331,437001.2904797516,0.05763704601439801,0.05542734039619113
GER,1905-02-19,313.38261552832,16.38176,677.33501,462670.03905249195,0.054348141643436376,0.04395308669877118
GER,1906-02-25,325.04912790688,15.83078,685.20957,474379.14200013294,0.018756311959525762,0.009777047200422162
GER,1907-03-03,331.35556985128,16.28945,691.02626,479512.26897119655,0.013067469872949378,0.0065904866692165776
GER,1908-03-09,342.11014872476,16.67416,697.23434,490667.3826833601,0.022301428183858274,0.01556419885034277
GER,1909-03-15,349.61441668244,17.25625,704.21042,496462.9984918996,0.021524565845835397,0.013898151434915462
GER,1910-03-21,358.15290955548,17.86198,711.42256,503432.0384153688,-0.003073751396730051,-0.01058134888402007
GER,1911-03-27,370.16161831948,17.89272,719.44289,514511.46917232027,0.01523797903512003,0.006629317719899053
GER,1912-04-02,370.23819081392,18.04556,727.13058,509177.03229304426,0.009180205077533587,0.0011800910884378624
GER,1913-04-08,374.56134215188,19.17226,734.75395,509777.9224621794,-0.011234943874538716,-0.019019769487770954
GER,1914-04-14,381.49316146188005,18.36417,742.36324,513890.1563362432,-0.0019235362695770863,-0.0096672911238328
GER,1915-04-20,382.24175879655996,19.53836,750.17827,509534.56542610866,-0.01320975028517013,-0.020973001326863194
GER,1916-04-26,382.53442405879997,19.50704,758.0626,504621.1540561426,-0.011742309119443628,-0.01955774908778707
GER,1917-05-02,406.97893741336,19.67586,766.06669,531257.8431172357,0.04423220798754168,0.03588326103341477
GER,1918-05-08,393.68619490668,20.18501,770.97506,510634.1506127059,-0.024895882516476786,-0.030005789571816655
GER,1919-05-14,431.38667202228,20.22131,828.8412,520469.6291910682,0.0953939346678041,0.021061147124092683
GER,1920-05-20,393.12509583048,19.44185,836.75199,469822.7199082968,-0.06798927330984939,-0.0746379212020023
GER,1921-05-26,372.66054431059996,18.40588,842.97098,442079.9210793709,-0.028016499510227333,-0.02901064718066504
GER,1922-06-01,367.05038646744003,18.00714,849.45687,432100.08586714946,-0.0004153908848392174,-0.006063165033991402
GER,1923-06-07,379.80098005668003,17.8455,856.47133,443448.56243662006,0.04331397996419373,0.03656289248135902
RUS,1861-01-24,42.02939545532,7.23791,747.0414,56261.132857322234,0.01758510097130639,0.01733692704299572
RUS,1862-02-06,41.44401794416,7.09224,747.0414,55477.538385636995,0.02368712643564508,0.025074487992323702
RUS,1863-02-05,42.675756613880004,7.19078,747.0414,57126.36088693345,0.013420066040302325,0.0121913145928918
RUS,1864-02-18,43.88292003576,7.18807,744.3989072439451,58950.812002440565,0.019309435475822978,0.021869349149534756
RUS,1865-03-03,43.09858963384,7.21372,747.0414,57692.37104374671,0.007381757420040103,0.006118968100791156
RUS,1866-02-23,43.30396442632,7.18775,747.0414,57967.28859514346,-0.0012381182923028033,-0.0023506649681256375
RUS,1867-03-01,43.82348531132,7.09736,747.0414,58662.726471812675,0.007798658318646012,0.007043521713472778
RUS,1868-03-14,43.70229227572,7.05664,771.3690461929458,56655.49128709601,-0.010797536955170717,-0.012684246345301409
RUS,1869-03-13,45.57937759336,6.96066,747.0414,61013.18828295192,0.035049341518790245,0.03275044782303538
RUS,1870-03-26,46.709737841519996,6.79561,747.0414,62526.304220248036,0.00733194253711944,0.006898130722710727
RUS,1871-04-08,45.79853577,6.8578,747.0414,61306.556463938956,-0.010653598850490886,-0.011156445371610313
RUS,1872-03-31,47.297986511880005,6.87845,747.0414,63313.74206554015,0.02261505458314783,0.021676477837473174
RUS,1873-04-06,47.47609815208,6.95473,747.0414,63552.16478240697,0.0233536504734837,0.024392519963241988
RUS,1874-04-19,29.05338647744,7.24899,747.0414,38891.26690627856,-0.3843467424769348,-0.3829557511473751
RUS,1875-04-18,40.60431689548,7.28316,760.3314064500647,53403.44559099403,0.36011712604631785,0.36913536712336215
RUS,1876-05-01,42.997606135640005,7.40989,747.0414,57557.1931296445,0.03699702398312388,0.034449872702728035
RUS,1877-05-14,43.15133287972,7.46837,747.0414,57762.97388567756,0.019842850100772358,0.02256672652695868
RUS,1878-05-06,45.11014599416,7.55118,747.0414,60385.06834314671,0.0380203843878566,0.03863202943472688
RUS,1879-05-12,45.08911477876,7.54994,744.4947573244583,60563.37446995575,0.003977131803633238,0.0038272550474056644
RUS,1880-05-25,45.68646514276,7.52085,747.0414,61156.53716482112,0.002440132712941967,0.002359633887935919
RUS,1881-05-24,48.17691899228,7.5219,747.0414,64490.293298711425,0.04009505636188759,0.04064333614916915
RUS,1882-06-06,49.70420405964,7.4876,747.0414000000001,66534.7383152259,0.027997090558806725,0.030777150829631728
RUS,1883-06-19,51.32815574536,7.45624,873.4962378295611,58761.73648200107,0.020973105261636205,-0.007731240258502359
RUS,1884-06-11,51.535836481480004,7.46185,875.42566,58869.46069353279,-0.0002486432467809774,-0.0060251339473944565
RUS,1885-06-17,54.171483400839996,9.02164,879.99829,61558.623484188814,0.03911577504457742,0.033071594664054293
MEX,1837-04-28,3.1539752649599997,9.6153,73.79744571087362,42738.271420893914,-0.02900449559843965,-0.0287225977822555
MEX,1838-05-11,3.2205721454400003,9.52736,70.40976,45740.42214374825,0.04132701501269431,0.04057613909425539
MEX,1839-05-10,3.4136357522800003,9.59057,74.05169,46098.01278377307,0.03131907552073754,-0.02406989774664403
MEX,1840-05-23,3.3125788644,9.69359,74.05169,44733.33241145476,-0.04350951259951952,-0.039509563967566996
MEX,1841-06-05,3.44846934848,10.00011,73.16238256828295,47134.45936867242,0.013529972846420879,-0.0020870862777810917
MEX,1842-05-28,3.7732079543599997,10.31125,76.11516,49572.357916083994,0.05117283490734814,0.05340612450158888
MEX,1843-06-03,4.0586260182,10.15645,79.63833,50963.22359095175,0.006285877618973368,-0.04050588713384562
MEX,1844-06-16,4.30721028816,9.50166,83.77417,51414.53849271202,0.06548429690539725,0.02848728007662782
MEX,1845-06-15,4.91500852752,9.25096,83.77417,58669.73707432733,0.11519653006840702,0.11687603293229776
MEX,1846-06-28,5.40353672768,9.23295,85.90683,62899.96648322374,0.10330301461791458,0.09472308766636295
MEX,1847-07-11,5.69777043732,9.21277,87.80911,64888.14699659294,0.0406543490059188,0.025597306015841204
MEX,1848-07-03,5.74390731616,8.90754,87.80911,65413.56945947863,0.01996036584664984,0.021338390049544076
MEX,1849-07-09,6.30798412504,9.05113,91.07163,69263.98621656382,0.06899134496871118,0.03368346274026135
MEX,1850-07-22,6.78541422416,9.36125,92.5102,73347.74137511323,0.059596226772860694,0.03900986436506293
MEX,1851-07-21,6.68184874188,9.84601,92.5102,72228.23798759488,-0.0017815132878120643,-0.005047710812118633
TRN,1837-01-20,0.10130931668,8.8251,2.4502998663680575,41345.68102073365,0,0
TRN,1838-01-19,0.0760929546,11.61576,0.60192,126417.05641945773,-0.07898371916430191,-0.07350700900649965
TRN,1839-02-01,0.07762062776,10.88796,0.60192,128955.05675172781,0.05501253549464913,0.0539866346904716
TRN,1840-02-14,0.07877299039999999,13.59657,0.60192,130869.53482190323,-0.0028052577953039393,-0.005868146951061415
TRN,1841-02-06,0.07718799036,13.48255,0.60192,128236.29445773523,0.2313536715867308,0.21371917259624462
TRN,1842-02-12,0.07851594452,12.22743,0.60192,130442.49156034025,-0.013666773095846296,-0.009602646431494666
TRN,1843-02-25,0.08279733228,12.292,0.60192,137555.37659489634,0.045886359329921245,0.04601351946044874
TRN,1844-02-24,0.08348984695999999,12.28521,0.6023605489442527,138604.44065656565,0.005729908779152915,0.005417871254014717
TRN,1845-03-09,0.12818074412,12.42696,0.60192,212953.12353801169,0.2155974904470659,0.2436451215997928
TRN,1846-03-22,0.49863575579999997,10.0809,0.60192,828408.6852073364,0.8137330125585311,0.6868351632406324
TRN,1847-03-14,0.6358955512,10.11824,0.60192,1056445.293726741,0.11589342290669835,0.11672546732714517
TRN,1848-03-20,0.56315805676,11.58623,0.6025662670701316,934599.3752658161,-0.11771834830285055,-0.10338661087721668
TRN,1849-04-02,0.69606740528,10.92289,0.60192,1156411.8242955874,0.270681266353785,0.2704406532764214
TRN,1850-04-01,0.66249322412,11.40431,6.6178,100107.77359847684,-0.08206402763629028,-0.335671494909655
TRN,1851-04-14,0.6782110878400001,10.76611,6.6178,102482.86255855422,-0.028871366961500056,-0.03720667192589189
TRN,1852-04-27,0.63044251972,10.67169,6.84485394851516,92104.59776965155,-0.14315279770589573,-0.15662874996212806
TRN,1853-04-19,0.68059753892,9.53023,7.52391,90457.9585508067,0.023820187746974364,-0.08889543177929682
TRN,1854-04-25,0.75948113748,8.82265,7.523909999999999,100942.34746029659,0.11057136092484621,0.11023802926125881
TRN,1855-05-08,0.71742350576,9.46644,7.52391,95352.48371657821,-0.07362128926739331,-0.07493796638694128
TRN,1856-05-07,0.7538169163199999,10.43652,8.448,89230.22210227272,0.007285908593881452,-0.1088424341305898
TRN,1857-05-20,0.7590246352,10.30438,8.448,89846.66609848484,-0.01606995998232663,-0.02261362266861755
TRN,1858-06-02,0.83413656248,10.26438,9.19389,90727.2724037377,0.04202452306110094,0.0238064657695225
TRN,1859-05-25,0.81151377268,9.67534,9.19389,88266.639331121,-0.04787098345367813,-0.048711313583025606
TRN,1860-05-31,0.86160741992,9.69022,9.19389,93715.21955559617,0.04234436291896948,0.03933431084112882
TRN,1861-06-13,0.46181525780000005,10.15389,9.8816,46734.866600550515,-0.4704057608764868,-0.5019200343383847
TRN,1862-06-12,0.38347978551999995,9.89982,9.8816,38807.45886496113,-0.1597275766926467,-0.16171397437168922
TRN,1863-06-25,0.28589193724,10.42328,10.264733140589314,27851.862617792955,-0.16770999698469058,-0.2091345955663766
TRN,1864-07-08,0.4095353132,10.78839,10.35185,39561.55790510874,0.33180204384185386,0.35535375767979516
TRN,1865-06-30,0.34247055492,10.79628,10.85941,31536.755212299748,-0.204530710444364,-0.24093810555996698
TRN,1866-07-06,0.33886537568,10.70097,10.85941,31204.76855372437,-0.17333930346519644,-0.17517274818124307
TRN,1867-07-19,0.45635408623999996,9.81572,10.923398417783494,41777.66559325046,0.3269905199531513,0.32526253132638705
TRN,1868-07-18,0.49004450248000003,8.91455,10.85941,45126.25478548098,0.07325917539391735,0.07298163942585822
TRN,1869-07-31,0.41531623588,9.57109,10.85941,38244.825076132125,-0.15549478138683137,-0.15622671092467777
TRN,1870-08-13,0.53273447188,8.75284,10.85941,49057.40476508392,0.2738986995204964,0.27350119829455743
TRN,1871-08-05,0.44026392592,9.59487,10.85941,40542.15891286911,-0.17482907173072115,-0.17533765437152204
TRN,1872-08-11,0.43286107436000004,9.50325,10.85941,39860.45967138178,-0.01731876062862625,-0.016736200377664878
TRN,1873-08-24,0.568863165,8.98021,10.85941,52384.35283316497,0.2322431256273596,0.22440438720085032
TRN,1874-08-23,0.4671918628,8.95993,10.995048138522657,42491.1157199148,-0.05635619114270596,-0.06970183105057026
TRN,1875-09-05,0.47955821732,9.47924,10.85941,44160.614372235694,0.01735335916253966,0.010914556059890668
TRN,1876-09-18,0.46105138403999996,9.23468,10.85941,42456.39349099076,-0.03820522599737275,-0.03859035986171733
TRN,1877-09-10,0.46478584932,9.06337,10.85941,42800.285588259394,0.007001290222892642,0.007556802676515817
TRN,1878-09-16,0.48798913695999996,9.0547,11.085681473958095,44019.7689340397,0.01149254239048414,0.009343706405321894
TRN,1879-09-29,0.49778081756,9.11374,10.85941,45838.66136005547,0.01454543773564354,0.014195873844699891
TRN,1880-09-28,0.517464597,9.21153,10.82971885726125,47781.9049432704,0.04872360441496326,0.028812916243982745
TRN,1881-10-11,0.6093228133199999,8.79328,10.85941,56110.12138965192,0.19461925113804668,0.18949701326326385
TRN,1882-10-24,0.62404912492,9.37756,12.928129483266252,48270.6431528048,-0.0731054363365925,-0.07970664490309676
TRN,1883-10-16,0.66737813948,8.31308,10.85941,61456.206136429144,0.06978923886298016,0.07513427551949015
TRN,1884-10-22,0.61101106716,8.37919,8.50236039204853,71863.69890076901,0.14738077584147624,0.1646951138919679
TRN,1885-11-04,0.6416832474,9.31633,10.85941,59090.06542712725,0.022146648493163612,0.021874066031691175
TRN,1886-11-03,0.6552577824,8.3177,10.85941,60340.09052057156,0.15414525118681954,0.12816090080019316
TRN,1887-11-16,0.8502225232799999,9.69424,10.85941,78293.62030533886,0.23008724600398045,0.23570719905986315
TRN,1888-11-29,0.68156713768,9.82053,8.664026036925993,78666.33073067505,-0.07150554714112523,-0.0722622585704027
TRN,1889-11-21,0.7069888982000001,11.12186,10.85941,65103.80381622943,-0.051463535079988465,-0.06423902208582655
TRN,1890-11-27,0.907327057,10.14862,10.85941,83552.15034702623,0.16499670330785876,0.1555908907272252
TRN,1891-12-10,0.75378295356,10.62534,10.85941,69412.88279565833,-0.13950882002532705,-0.14761556590383595
TRN,1892-12-09,0.97467289504,9.77791,10.85941,89753.76148796297,0.20449284811973412,0.22652310346408155
TRN,1893-12-22,0.79319355544,9.78435,10.85941,73042.04882585703,-0.02698589434688703,-0.01086771276037568
TRN,1895-01-04,0.97702117864,8.95813,10.85941,89970.00561172293,0.22183207745262323,0.22152272942202034
TRN,1895-12-27,1.03953282836,8.54624,10.85941,95726.45552198507,0.06031422518297558,0.0601561800162449
TRN,1897-01-02,1.11683393796,8.71967,10.85941,102844.80813966872,0.06628833542041535,0.06589760148704182
TRN,1898-01-15,1.07815933888,9.86596,10.85941,99283.41768843794,0.01322572762975538,0.012661090832703392
TRN,1899-01-14,1.2817937397199999,9.71195,10.85941,118035.3020762638,0.14223339802032675,0.16084627242167393
TRN,1900-01-27,1.30474244264,9.27406,10.883234376590648,119885.54114450047,0.013405976161349198,0.01357702110559078
TRN,1901-02-09,1.34006339012,9.72449,10.85941,123401.1230923227,0.0309305966000204,0.03102866536734794
TRN,1902-02-01,1.4996877766,9.73074,10.859410000000002,138100.29979529273,0.10635044851157671,0.10642912847504582
TRN,1903-02-07,1.48499394108,9.87671,10.85941,136747.20275595083,-0.006866730901738949,-0.007671304167472193
TRN,1904-02-20,1.4794846211600001,10.18561,10.85263452135013,136324.92813145465,-0.00853241055588172,-0.008797825779392698
TRN,1905-02-19,1.4102070101600002,11.04954,10.85941,129860.37088202767,-0.018338913624104558,-0.01065766432305737
TRN,1906-03-04,1.3346597004,11.04083,10.85941,122903.51873628492,-0.018722874584373828,-0.019608784276909486
TRN,1907-03-05,0.20004282948,6.75347,4.33291,46168.24016192351,-0.4543787411973369,-0.2287194041031504
GLD,1871-05-13,0.09114104687999999,7.01284,3.2660616952302974,27905.48843982368,0.4007778134491429,0.4012399765836969
GLD,1872-05-26,0.07756944104,8.38616,3.29623,23532.775637622377,-0.06847857511776934,-0.06801316797180079
GLD,1873-05-25,0.07813170456,8.98899,3.88538,20109.153946332146,-0.020338444272477774,-0.16330411889821428
GLD,1874-06-07,0.08483802912,9.02209,3.8853800000000005,21835.19478661032,0.0655020757909548,0.062209760520853585
GLD,1875-06-20,0.15424534268,7.889,3.850739145660997,40056.035178026345,0.8257567247603774,0.8221932338436495
GLD,1876-06-12,0.15341820832,7.9443,4.55399,33688.74510484213,-0.007283303114168027,-0.07816269544789778
GLD,1877-06-18,0.16002287599999998,7.95729,4.55399,35139.04861451167,0.045967948833046224,0.046080207461068445
GLD,1878-07-01,0.1619239596,8.25287,5.02006,32255.383322111687,0.011317145047734734,-0.08217332532920152
GLD,1879-06-30,0.2222335648,7.53366,5.02006,44269.10530949829,0.2515025636519441,0.27061692621882694
GLD,1880-07-13,0.16725116148000002,8.40878,5.02006,33316.56623227611,-0.1478095576547942,-0.11967151345168181
GLD,1881-07-26,0.16534106316,8.80753,5.44857,30345.772039269017,-0.007849283565696918,-0.07746175219697571
GLD,1882-07-18,0.16743118392,9.28981,5.44857,30729.381088982984,0.009823319756189886,0.009764749750816648
GLD,1883-07-24,0.23022039300000002,7.73189,5.44857,42253.36060654447,0.38981069110686706,0.3907653940254028
GLD,1884-08-06,0.19450954328,7.68767,5.44857,35699.1913988441,-0.17475140197222772,-0.17669480020139927
GLD,1885-08-05,0.23505967628000002,7.0912,5.44857,43141.53553684728,0.1798901087180247,0.17104967206645738
GLD,1886-08-18,0.184644655,7.91576,5.443030672061648,33923.13329185456,-0.21982217849520047,-0.21984628214274293
GLD,1887-08-31,0.18054406656,8.60405,5.44857,33136.04607447459,-0.02953891752322868,-0.025342707806774833
GLD,1888-08-23,0.18866063268000002,8.7508,5.44857,34625.71512892374,0.04234157334458155,0.04173778288678798
GLD,1889-08-29,0.19150690884,8.35672,5.44857,35148.10470270181,-0.14205672335091013,-0.14339756360168554
GLD,1890-09-11,0.20036314584,8.79254,5.4750076744681895,36595.95707497563,0.05751835008823436,0.06501059047061197
GLD,1891-09-10,0.2341852396,8.09356,5.44857,42981.04632958739,0.22907373701660294,0.24567623254514848
GLD,1892-09-23,0.21163707292,7.27575,5.44857,38842.682193676505,0.1332312408716596,0.09593009857654988
GLD,1893-10-06,0.21875768096,8.80316,5.44857,40149.558684205214,0.025037473813926514,0.025523129277388756
GLD,1894-09-28,0.21725282123999998,8.84565,5.44857,39873.365165538846,-0.012396570166949616,-0.01236251618323847
GLD,1895-10-04,0.22295214916,8.85837,5.44857,40919.38786874354,0.027631686079418794,0.026728619155657052
GLD,1896-10-17,0.23342771816,9.79513,5.44857,42842.01509019797,-0.0763616759685738,-0.06530137344412379
GLD,1897-10-16,0.23233060032,8.50113,4.649862240281251,49965.0502131752,0.0757497061637189,0.07915097444197294
GLD,1898-10-29,0.23468397159999999,9.09572,5.44857,43072.580805605874,0.1724914142216878,0.1726915230666739
GLD,1899-11-11,0.24081465616,8.80568,5.44857,44197.7722888758,0.1883251669378192,0.1773483076507414
GLD,1900-11-03,0.31588847108,8.25118,5.44857,57976.39951033023,0.10996988951178999,0.11020087972678816
POR,1853-12-20,5.20223611596,9.11543,72.74498,71513.33488523882,-0.00612940250821814,-0.009745469632153503
POR,1855-01-02,5.312830517799999,8.13707,72.58942946310513,73190.14017737031,0.015960841060543185,0.01735274140294507
POR,1856-01-01,5.43458436352,8.40305,74.74218,72711.07644331487,0.020145091951244476,-0.002329415301505322
POR,1857-01-14,6.29581558684,7.8966,75.05061298369641,83887.59713671717,0.05093752303834487,0.045565402798824595
POR,1858-01-27,6.01395231216,7.93121,74.74218,80462.62916281007,-0.0011851966964727678,-0.007913297386591966
POR,1859-01-19,6.41213880216,8.19525,74.74218,85790.09606302626,0.07050384612622751,0.06798515833505547
POR,1860-01-25,6.797754492359999,8.46649,74.74218,90949.37413332069,0.029612367259971073,0.0300294203293181
POR,1861-02-07,6.997409199040001,8.03298,74.60891650075747,93787.84101453824,0.01636181829103034,0.021283405339642236
POR,1862-02-06,6.9249709178,8.36618,74.74218,92651.4441751632,-0.01601260018890116,-0.009718692399950046
POR,1863-02-19,7.2883773851199996,8.49855,78.80546,92485.69052347388,-0.01044987229084049,-0.0654535626257059
POR,1864-03-04,7.817582542639999,8.50933,78.80546,99201.02671363126,0.047581596322459285,0.045357876917474726
POR,1865-02-24,7.786705404919999,8.54088,78.80546,98809.21201297473,-0.005365582340044361,-0.009772570705705474
POR,1866-03-02,8.22685983756,8.2403,78.82459774686147,104369.19531108633,0.029947181230257636,0.029909854522739643
POR,1867-03-15,8.611554123120001,8.28571,78.80546,109276.11009592484,0.0078314732032434,0.00785164706744812
POR,1868-03-14,9.389870516,8.32746,80.17717230820622,117114.01444671475,0.05136531025500379,0.04886850562538747
POR,1869-03-27,9.550484799960001,8.22495,95.80971,99681.80469349089,0.004055790853860097,-0.11964861742027522
POR,1870-04-09,9.546251027559999,8.21592,95.096828530224,100384.53621537943,0.006565646363770439,0.007258012558284621
POR,1871-04-01,9.6084824784,8.16113,97.00131,99055.18264031691,0.006191924130465543,-0.006764165118564813
POR,1872-04-07,9.44477871428,8.16301,98.94791398612932,95452.02454297303,-0.04024132452960538,-0.050006333212309406
POR,1873-04-20,9.51289654276,8.24345,98.61234,96467.60783447589,0.0181171980563124,0.01799672403066066
POR,1874-04-19,9.681005169679999,8.38459,100.55254,96278.07681118746,0.011284240103648147,-0.005263554278114424
POR,1875-05-02,10.075424721440001,9.20376,101.88861,98886.66379333274,0.013324305963705818,-0.0029348800643430595
POR,1876-05-15,10.52481624116,9.373,103.29481740490168,101891.03873337756,0.022773702798635886,0.02009502744172753
POR,1877-05-07,10.560936827479999,9.52662,101.88861,103651.79019990556,0.007703703383582949,0.00878983987539339
POR,1878-05-13,10.694273151119999,9.55999,107.98452,99035.24274701596,0.028268976277538105,-0.020915099330760523
POR,1879-05-26,11.14351685252,9.6866,107.98452,103195.50295283065,0.02637718710272763,0.026672042215542424
POR,1880-05-25,11.89356079236,9.98098,111.50481,106664.10527366487,0.04675625622401203,0.01644265056348737
POR,1881-06-07,12.25547067576,9.97623,111.50481,109909.79380853614,0.03677242611530129,0.040105541076472795
POR,1882-06-20,11.80410107864,9.89987,114.3639,103215.27228994465,-0.016388569893428295,-0.016302612568199093
POR,1883-06-12,12.86249107832,10.31321,118.07542,108934.5358951084,0.08235950194586361,0.05744358834494623
POR,1884-06-18,13.728128162319999,10.21763,119.10232,115263.3144536563,0.05463669259270354,0.0463399079484661
POR,1885-07-01,14.41146230108,10.29125,121.52498,118588.47704463724,0.03473425973673594,0.013327442170631754
POR,1886-06-30,15.483935510159998,10.55071,124.01699,124853.34074113553,0.048963964252372705,0.028990029138547646
POR,1887-07-13,16.60690441124,10.66189,128.17363966794616,129565.67711007335,0.029330946231313826,0.016186677803243787
POR,1888-07-26,18.33025496796,11.02436,130.33522,140639.3066122879,0.06987130097730421,0.054285957018924025
POR,1889-07-18,18.735077827959998,11.12792,130.33522,143745.3193999289,0.013922551882207257,0.01614392771752482
POR,1890-07-24,18.7681613548,11.4975,133.95206,140111.03192291333,-0.02729670257852268,-0.0512712659037301
POR,1891-08-06,20.129256513599998,11.15147,129.73704924479824,155154.2649595684,0.059424223034560075,0.061881373378688265
POR,1892-08-05,21.05929101484,11.46406,110.80622999999999,190055.11707094449,0.045110979221103076,0.12373732373713464
POR,1893-08-18,21.009692225600002,11.5903,110.80623000000001,189607.49973715376,-0.02137584272593729,-0.02065282186987838
POR,1894-08-31,21.43252600528,11.99246,110.80623,193423.47452196505,0.008111157889636234,0.01086412883932586
POR,1895-08-23,21.03118700644,11.76891,110.80623,189801.48504682453,0.003450467775621968,0.0052762763658071865
POR,1896-08-29,23.10337893708,11.86269,110.80623,208502.5267720055,0.08149869622780392,0.07949281727104274
POR,1897-09-11,23.962040331319997,12.21811,110.80623,216251.74262602383,0.02166905389909557,0.021581466285203632
POR,1898-09-10,26.34900875152,12.82582,110.73554660731182,237945.35322030177,0.0993369077622206,0.09776605026014429
POR,1899-09-23,27.76925021416,12.64006,110.80623,250610.91072370208,0.06415181247264545,0.06721678338586767
POR,1900-10-06,29.90662145796,12.63263,110.80623,269900.1803234349,0.08908900259493624,0.08931347433067716
POR,1901-09-28,30.34564087672,12.51707,110.80622999999999,273862.22667010693,-0.010842110590303822,-0.011569731830671115
POR,1902-10-04,33.10213558444,12.3414,109.10107790451654,303407.9609498491,0.08757107471111403,0.08659129245780162
POR,1903-10-17,36.11261955392,12.78785,121.69154,296755.3829454373,0.06280431405214881,0.006756306538197254
POR,1904-10-16,21.50597941492,12.53532,121.69154,176725.34520411195,-0.42043255861097995,-0.4127657768527181
POR,1905-10-29,27.73493029944,13.21229,121.69154,227911.7373273442,0.18204469965639292,0.1485981113781778
POR,1906-11-11,31.386137100760003,13.96405,117.41104403383248,267318.43975185126,0.12441729758566078,0.11706505687323321
POR,1907-11-03,32.75912197324,14.14033,121.69153999999999,269198.02291301434,-0.007446251874057119,-0.01192551748003734
POR,1908-11-09,29.45161881324,14.27646,121.69154,242018.62194561757,-0.04129777900987186,-0.03811043752060039
POR,1909-11-22,29.66194681424,13.65274,121.69154,243746.99189639642,-0.04956856404807286,-0.05174878389469617
POR,1910-11-21,19.97732471904,13.64592,121.69154000000002,164163.6281292849,-0.39483693573886536,-0.3916653371240002
POR,1911-12-04,27.26043317608,13.69723,121.69154,224012.55811274966,0.2079016569104677,0.19188933381685436
POR,1912-12-17,29.01587587756,13.96231,108.72287000000001,266879.2304467312,0.06455258889102788,0.18444031693906027
POR,1913-12-09,39.97020242072001,14.01652,108.72287,367633.80529524287,0.3271156868670215,0.32482106814270284
POR,1914-12-15,42.65296488544,14.50207,108.72287,392309.04119289713,0.03574495929633237,0.037269568331196545
POR,1915-12-28,44.993103087399994,14.96204,114.71881,392203.3630526676,0.0501448899712833,0.004851165503010124
POR,1916-12-27,45.57818934916,15.07576,114.71881,397303.54027521727,-0.0018282992418696686,0.0038703734755596297
POR,1918-01-09,47.4670284114,15.21507,120.96856596227504,392391.42858156184,0.023305867705406325,-0.032234101305645524
DAI,1912-05-07,7.68762436156,9.89851,59.54001,129116.94777276658,-0.05550424396804632,-0.056126671240417925
DAI,1913-05-20,7.40390914432,9.8649,59.54001,124351.82903597094,-0.07145648123064141,-0.0696860407568598
DAI,1914-05-19,7.23551604152,9.88333,59.450307040448294,121706.95832734996,0.0009476336063507507,-0.011982310445329158
DAI,1915-06-01,7.984719130959999,9.82588,62.09669,128585.26164534695,0.07762214359460895,0.02891796033405969
DAI,1916-06-14,8.70476877192,9.86785,62.09669,140180.88197486853,0.008778330581072469,0.011015345728252246
DAI,1917-06-06,9.376538065439998,10.19514,62.09669000000001,150998.99955118378,0.024893888341697368,0.02368115088611722
DAI,1918-06-12,8.540484644120001,10.19103,62.99691243183492,135569.89246673213,-0.03208608033181304,-0.033682005417853045
DAI,1919-06-25,8.63706137424,10.21842,62.09669000000001,139090.52759881402,-0.011254370050818197,-0.004033484624839212
DAI,1920-06-24,9.36127421164,10.74309,66.65209,140449.8225282958,-0.0004089832307225816,-0.05026389532511011
DAI,1921-07-07,1.6136451198400001,9.19471,66.65209,24209.97030760776,-0.7660626020419126,-0.7504329220127569
WAL,1837-01-13,1.75916090532,8.26669,22.46154,78318.80206432863,0,0
WAL,1838-01-19,1.85587015276,8.31903,22.69787,81764.06652959065,0.01064781026225381,0.0028942775893257
WAL,1839-01-25,1.93565853884,8.40653,22.9109,84486.3597169906,-0.026700269306973223,-0.03377558628426991
WAL,1840-01-31,1.92865801388,8.42575,23.02259,83772.41717287237,-0.02158635237936324,-0.025277139620012767
WAL,1841-02-06,1.86869649564,8.2604,23.22368,80465.13281443767,-0.05440960256116589,-0.06060971309976937
WAL,1842-02-12,1.88454489964,8.3328,23.16693,81346.33719875701,-0.022606286523949137,-0.02348598295382809
WAL,1843-02-18,1.97257842392,8.50474,23.00769,85735.61378478238,0.023509862758487987,0.027829033920364177
WAL,1844-02-24,1.97630479592,8.679,23.14638,85382.88907034275,-0.024993627259166318,-0.030176921742909757
WAL,1845-03-02,2.25783485408,8.72155,23.12908,97618.87866184043,0.11940630977851696,0.12007110204883475
WAL,1846-03-08,2.2383213996,8.87522,23.27269,96178.02667418335,-0.02136366896579245,-0.027138883693343496
WAL,1847-03-14,1.33438416332,9.07014,23.44789,56908.496385815524,-0.38363630784969605,-0.3864837699566318
WAL,1848-03-20,1.4131464334,6.82504,23.54096,60029.261058172655,-0.012499055406451687,-0.015142347692993607
WAL,1849-03-26,1.60447408316,8.4151,23.65703,67822.29566264235,0.1240917578304408,0.1196210004297047
WAL,1850-04-01,1.7496188106800001,9.31987,23.84335,73379.73945271953,0.071628480817574,0.06531608664319966
WAL,1851-04-07,1.8776915768,9.63586,24.0884,77950.0330781621,0.060611332872085866,0.05240379730578426
WAL,1852-04-13,1.89270868956,9.66563,24.33664,77771.9804196471,-0.0009016621179716022,-0.00850288965242263
WAL,1853-04-19,1.98983426512,10.07455,24.57278,80977.17332430437,0.026466731551785472,0.018923695151310094
WAL,1854-04-25,2.1786731922800002,10.50849,24.83239,87735.13915817205,0.08589237560051832,0.07717710524542509
WAL,1855-05-01,2.2358821768399997,9.72742,25.092790000000004,89104.56656433978,-0.007288428943446501,-0.014871309593308957
WAL,1856-05-07,2.17425649168,9.96544,25.34917,85772.2951749505,-0.013247094444216456,-0.020970698036325564
WAL,1857-05-13,2.2330413638,8.19624,25.51576,87516.16114119273,0.02230493069229289,0.017426490614183887
WAL,1858-05-19,2.4195106696799997,8.31035,25.64118,94360.34806822463,0.04663518812778644,0.042810428747261486
WAL,1859-05-25,2.40041065732,8.33727,25.7733,93135.55723636478,0.022457999143012053,0.018592519363867188
WAL,1860-05-31,2.6119615823599998,8.48313,25.90484,100829.09534897725,0.06568201086245606,0.06151852857652362
WAL,1861-06-06,2.72454286468,8.69075,26.04926,104591.94866495248,0.02493605091176332,0.020658758088638596
WAL,1862-06-12,2.8450255048799997,8.71226,26.20602,108563.81491275669,0.026929547340992288,0.02220828105057082
WAL,1863-06-18,2.97007981192,8.89936,26.37024,112629.98789241204,0.034650740738901176,0.02987158414242841
WAL,1864-06-24,2.83458901388,8.92769,26.539329999999996,106807.10529919181,-0.029057163900541916,-0.03385147941983779
WAL,1865-06-30,2.9612987518400002,9.00182,26.70023,110909.11021515545,0.036056361342557075,0.03131460085132853
WAL,1866-07-06,2.8835385878,9.0081,26.87322,107301.56593813469,-0.053557400629170804,-0.05810601800888304
WAL,1867-07-12,2.88237801436,8.8725,27.04341,106583.37888454155,0.00008332722436943385,-0.004641668844736047
WAL,1868-07-18,2.9343887066,8.96577,27.21024,107841.33865044925,0.015588370641351101,0.01098538232805124
WAL,1869-07-24,2.948097477,8.90884,27.37792,107681.57248614942,0.003375669123404812,-0.001384004750413781
WAL,1870-07-30,3.0619609638800003,8.65112,27.53721,111193.5800278968,0.02973272916894909,0.0254437498929998
WAL,1871-08-05,3.24026828528,9.08031,27.6727,117092.59614276887,0.04148012958745473,0.037557428047089614
WAL,1872-08-11,4.2447166138000005,9.77604,26.715590000000002,158885.37793101332,0.24751051598210694,0.28039517382041224
WAL,1873-08-17,4.6794819448,10.32879,25.16389,185960.19712373565,0.04044504098665769,0.09026152171508062
WAL,1874-08-23,4.94449928232,10.4313,25.06287,197283.84188722202,0.002946440229424807,0.005161736488814794
WAL,1875-08-29,4.76325856344,10.4796,24.73848,192544.5121705133,-0.019778098999333138,-0.008911650876991306
WAL,1876-09-04,4.37494474508,10.98917,24.31098,179957.56423969744,-0.06065932275190966,-0.0492932386040541
WAL,1877-09-10,4.68361861032,12.814,24.02458,194951.11299843743,0.05129126379911453,0.059905409694442247
WAL,1878-09-16,4.94270749596,13.18714,23.94967,206378.93949937515,0.0024487390779150964,0.005127923188002148
WAL,1879-09-22,5.295166052280001,13.45228,23.86034,221923.32767596774,0.01674772451845108,0.020478545893043876
WAL,1880-09-28,5.2888927078,14.02321,22.76769,232298.16937071786,-0.02043889509228025,0.019564516313329117
WAL,1881-10-04,5.45272996632,14.21333,22.69957,240212.91884912355,0.02472831677000764,0.021873145005270933
WAL,1882-10-10,5.591342720599999,14.20246,23.002,243080.71996348145,0.016073980778417818,0.006371977590754474
WAL,1883-10-16,5.572520207279999,14.29163,23.16697,240537.2911209364,-0.024429758197626272,-0.02861759344724346
WAL,1884-10-22,5.83759833072,14.35232,22.97007,254139.3356972791,0.013956003137983286,0.020716527791814876
WAL,1885-10-28,5.84510203212,14.67629,22.27721,262380.34440219396,0.00441355099544638,0.023705369530428788
WAL,1886-11-03,6.509536891,15.3708,21.37873,304486.60378797055,0.10521418032318386,0.14370919923303638
WAL,1887-11-09,6.3944417602,15.33837,21.60866,295920.3282480265,-0.035734700383101115,-0.04309228592422887
WAL,1888-11-15,6.76475481344,15.59596,21.89788,308922.81871304434,0.058464440655234595,0.04743975598375738
WAL,1889-11-21,7.51345171668,16.24388,22.30226,336891.94353756076,0.0777655131467967,0.06327225313263773
WAL,1890-11-27,7.55707086628,16.5839,22.73089,332458.20406856044,0.03672325872518978,0.021989471138293526
WAL,1891-12-03,7.80902152836,16.83803,23.15441,337258.4975544616,0.030531978239505042,0.016292530790601445
WAL,1892-12-09,7.975041786919999,16.87802,23.57998,338212.40675013297,-0.0025404782362117295,-0.015854408625265548
WAL,1893-12-15,8.16117513068,16.31444,24.02703,339666.41447902634,0.034081552367845935,0.01909429409959129
WAL,1894-12-21,7.569414389159999,16.63442,21.67387,349241.47783298505,-0.06192518777934908,0.023732609665715554
WAL,1895-12-27,7.4236945827200005,17.16497,21.78279,340805.4974922864,-0.02395806391548172,-0.03401134221269797
WAL,1897-01-02,8.64633978156,16.32375,22.07959,391598.7471488375,0.13667555136519915,0.12571362439569023
WAL,1898-01-08,7.7864736716,15.97308,22.62811,344106.23209804087,-0.07708682150338819,-0.09435719967294443
WAL,1899-01-14,8.38321506412,15.78759,23.0657,363449.4103417629,0.06571984064060521,0.05108821480668757
WAL,1900-01-20,8.8582252044,16.23843,23.48668,377159.53061054175,0.03970614119069249,0.025234428358698935
WAL,1901-01-26,8.4825989222,16.31899,24.00548,353360.93767756363,-0.03850889023180226,-0.05417062614185342
WAL,1902-02-01,8.72011509564,16.45428,24.52116,355615.92908492096,0.037486118048021266,0.021086348827902945
WAL,1903-02-07,9.564494322760002,16.39765,24.99325,382683.0973466836,0.04696500563754946,0.03164481952484177
WAL,1904-02-13,9.560971389319999,16.36735,25.41149,376245.9969612171,0.007856726957813809,-0.004678493113741911
WAL,1905-02-19,9.88475312396,16.45869,25.84545,382456.2204937426,0.031639114246821975,0.018566232625635948
WAL,1906-02-25,10.4443755546,16.92129,26.30705,397018.1207927153,0.040171102913637124,0.026034408136208054
WAL,1907-03-03,11.35022928156,17.12283,26.76329,424096.93582365994,0.08852081542681534,0.07456649416687666
WAL,1908-03-09,11.18350571988,17.2616,26.29249,425349.8135733816,-0.01496542865324102,0.0010695552938151387
WAL,1909-03-15,10.9755599928,17.42456,25.30801,433679.2972975749,-0.022237253940722845,0.007120552628371968
WAL,1910-03-21,11.47348166952,16.20931,25.65189,447276.26968305255,0.008015312684243048,-0.0024353285451163
WAL,1911-03-27,9.99748412052,16.18398,25.85569,386664.75814491895,-0.14058180495175865,-0.1457851738467527
WAL,1912-04-02,10.207764661639999,17.87155,26.23483,389092.08337313414,0.022562011755101086,0.010979757374301347
WAL,1913-04-08,10.76368547644,17.79054,26.68603,403345.3262414829,0.04311122425116465,0.02987759891812347
WAL,1914-04-14,11.45180113376,17.95793,27.09728,422618.1053507953,0.0536138048626873,0.04170493811967502
WAL,1915-04-20,11.48856916636,17.45077,27.5064,417668.9485487014,-0.008118945634356334,-0.019014548336747872
WAL,1916-04-26,10.862574118240001,17.95802,24.76208,438677.7733631424,-0.053841139322953535,0.033650907594176216
WAL,1917-05-02,11.499666971000002,17.99884,24.93385,461207.03264838766,0.05413974002096489,0.041568828702309046
WAL,1918-05-08,11.2096693228,18.88122,25.36536,441928.25659876305,0.020106493079435905,0.007453069361932574
WAL,1919-05-14,11.34428894092,18.96214,25.72534,440977.220939354,0.015459651853343193,0.004535264068650902
WAL,1920-05-20,12.34789226788,19.16873,26.15866,472038.4097610504,0.04889170636136142,0.036048335933866804
WAL,1921-05-26,12.232520619279999,19.26892,26.52569,461157.48993824475,0.00808399505263191,-0.0024019871586631325
WAL,1922-06-01,12.598948823759999,19.20693,26.89439,468460.10724764527,0.03737585294929646,0.026810879693988765
WAL,1923-06-07,13.864609932679999,19.71632,27.24577,508872.0169288664,0.07053272645711606,0.06007643658814543
GNG,1916-08-30,9.49017794088,7.46477,193.18399,49125.0747066566,0,0
GNG,1917-09-05,10.14776356776,8.09736,193.64311,52404.46493428039,0.02257575564112546,0.020981868317323737
GNG,1918-09-11,10.55194588916,8.13869,194.38818,54282.857574776404,0.033781181663975035,0.030680599658312824
GNG,1919-09-17,10.9240555476,8.09186,195.09562,55993.340842813384,0.025522181135592348,0.022619872293347276
GNG,1920-09-23,11.33722094128,8.22582,195.85848,57884.75914486828,0.030832240950416256,0.02794090126524318
GNG,1921-09-29,11.57012258688,8.39645,196.58232,58856.37419926675,0.04449558436156176,0.04146582379602903
GNG,1922-10-05,10.45176508792,7.96322,197.22271,52994.73416585747,-0.07722234818065432,-0.07942514829625391
GNG,1923-10-11,10.95353654252,7.99027,197.53614,55450.79772501376,0.032624677172458094,0.03134265993477636
D01,1878-02-04,3.03089530536,10.73745,87.58614999999999,34604.73265875941,0.14021609938950186,0.13761713211835858
D01,1879-02-10,3.6882537692,10.71318,93.38877,39493.54691361713,0.17074940612659883,0.09824794669593095
D01,1880-02-23,3.92147375412,10.53906,93.3562092474296,42005.49471462147,0.05331068498400593,0.0534355920912033
D01,1881-02-22,4.18774791812,10.59697,93.38877,44842.09309234933,0.05548111220740304,0.05338248584503558
D01,1882-03-07,4.60653026704,10.28611,99.21900505862875,46427.90223826565,0.069215444417561,0.04790897450749698
D01,1883-03-20,3.4599846902399998,9.85382,99.82866,34659.232030561165,-0.26126173275638265,-0.2700444495386095
D01,1884-03-12,5.398851850080001,9.60336,96.24736,56093.50583829001,0.26394613138287304,0.26525089586335593
D01,1885-03-18,5.88414198424,9.47212,103.65428,56766.994901127095,0.07393792005552102,-0.0028325276537256583
D01,1886-03-31,5.9851452518,9.4981,104.87178,57071.07528641165,0.005885376564313427,-0.0069732296216302725
D01,1887-03-30,6.89432484052,9.37779,104.9912334736371,65665.71905502128,0.1480786721313756,0.14673079518062138
D01,1888-04-12,7.406535565,9.67897,107.89687000000002,68644.5822293084,0.07928040102053968,0.07704455249765929
D01,1889-04-25,7.9319772844,9.60706,108.64878,73005.67281473386,0.06554773080225984,0.057227258631282085
D01,1890-04-17,8.54622255604,9.57979,109.57879,77991.57625339722,0.06489228037875328,0.057455716640704146
D01,1891-04-23,9.595270770800001,9.68178,110.31953474878166,86977.07792776897,0.10661793304400291,0.09922026259357386
D01,1892-05-06,10.3113813972,9.63277,111.7223,92294.74686074311,0.07332694025281139,0.0700158743454602
D01,1893-05-05,11.04411550476,9.55203,113.58230236399152,97234.47469278688,0.05419180580127558,0.040934339178576806
D01,1894-05-18,13.18162013064,9.50055,113.50183,116135.74979927637,0.13737066718751056,0.13660437801944236
D01,1895-05-31,13.71132587812,9.60606,112.86270552734787,121486.772925159,-0.004613859373018503,-0.013060706303113179
D01,1896-05-23,15.9371751058,9.58259,113.50182999999998,140413.37576495463,0.10977190465100817,0.11076318071319458
D01,1897-05-29,18.244809674,9.92467,113.16326953558045,161225.54384365433,0.11030275740965556,0.11124752088400935
D01,1898-06-11,20.52518295256,9.71483,113.50183,180835.70064517902,0.08990924438156922,0.08886488283814908
D01,1899-06-10,13.27442917112,10.14364,113.50183,116953.43741259501,-0.36993339984869245,-0.3686597677827923
D01,1900-06-23,22.2307668076,10.53324,113.50183,195862.62888977208,0.5870526138269034,0.593468637751903
D01,1901-07-06,24.21813460768,9.60931,112.77336771561633,214750.47786771366,0.06517397479751041,0.06296293599073466
D01,1902-06-28,26.98149334088,9.53179,113.50183,237718.57547036908,0.10292644964967312,0.1007584722915087
D01,1903-07-04,28.43913526116,9.70817,113.50183,250561.0284976022,0.05116161653078177,0.05048305261354935
D01,1904-07-17,28.796465135880002,9.59365,113.50183,253709.25857213052,0.015022776604657562,0.014948546554978792
D01,1905-07-16,29.5608810536,9.54725,113.50183,260444.09199041108,0.012294705091084657,0.007037750076791971
D01,1906-07-29,32.63262578576,9.64147,113.50183000000001,287507.48587718804,0.07328129297549602,0.07328537103271482
D01,1907-08-11,33.9774488222,9.78883,113.50183,299355.95595419034,0.0229144213604493,0.02451892574194714
D01,1908-08-03,33.42672929908,10.07629,113.50183,294503.87979718036,-0.02861506790996604,-0.0296121942307368
D01,1909-08-09,34.37365633780001,10.27327,113.50183,302846.7147868894,0.035994637595000434,0.03436858167116452
D01,1910-08-22,36.821978421279994,10.3646,113.50183,324417.4866720651,0.07223319917398552,0.0700970572078723
D01,1911-08-21,37.315458344839996,10.30274,113.50183,328765.2573076575,0.023836570619402364,0.024450529681832256
D01,1912-09-03,40.011913964879994,10.41751,114.56973542433671,349236.3303160839,0.06765206946464897,0.06786688344954839
D01,1913-09-16,44.200125203,10.47391,113.50183,389422.1370968204,0.08845325273679361,0.08722442139964204
D01,1914-09-08,51.40630231256,10.76015,113.50183,452911.6606539296,0.10105788319944797,0.09855886936898628
D01,1915-09-14,55.210315913479995,10.68194,113.50183,486426.65861405054,0.04924841407011149,0.04607700502432177
D01,1916-09-27,53.20148444364,10.90136,137.15322443718117,387898.1676293532,-0.007384748462720414,-0.025023259886041704
D01,1917-09-26,55.34033783564,11.07618,143.11363,386688.10116576595,0.01579757158956996,0.009066541384640026
D01,1918-10-09,57.73334559668,10.97318,143.11363,403409.13438279775,0.0691156361746239,0.07193647461264918
ION,1837-01-13,0.09885834192000001,9.68775,1.90242,51964.51988519885,0,0
ION,1838-01-19,0.16525556164,10.1204,1.90973,86533.46894063559,0.5980235112986996,0.5951736409929822
ION,1839-01-25,0.16208666448,9.99074,1.8874800000000003,85874.63945578231,0.0015831514245279177,0.015324032694969736
ION,1840-01-31,0.1701850878,10.12354,1.88082,90484.51622164801,0.05897106782439643,0.06026726576102326
ION,1841-02-06,0.1736240662,10.25917,1.87053,92820.78672889502,0.003663271485790931,0.005841653728820395
ION,1842-02-12,0.17369308632,10.27497,1.89195,91806.38300166494,0.02020110166101019,0.011860202320816082
ION,1843-02-18,0.1778450128,10.29878,1.88824,94185.59759352625,0.011170162162686958,0.015710617011589934
ION,1844-02-24,0.18410467868000002,10.3821,1.90159,96816.17944982884,0.028146545394732936,0.023716519641452383
ION,1845-03-02,0.18796254308000002,10.40753,1.92313,97737.82483763449,0.015556187869747884,0.006725596061408101
ION,1846-03-08,0.17856490288000001,10.39174,1.93484,92289.23470674579,-0.027164165081217106,-0.033588588100955774
ION,1847-03-14,0.21219549832,10.6123,1.89846,111772.43572158487,0.173322566760457,0.19650964987658592
ION,1848-03-20,0.1644227624,10.64384,1.84807,88969.98620182136,-0.20193934617274467,-0.18215833884032206
ION,1849-03-26,0.19139632303999998,10.64339,1.8772799999999998,101954.0628142845,0.1154870890459545,0.10208321271943377
ION,1850-04-01,0.17951983556,10.65656,1.90856,94060.35731651088,-0.057163920520481026,-0.0684806422244506
ION,1851-04-07,0.16842031492,10.56711,1.9387900000000002,86868.77636051351,-0.09402129196146736,-0.10489319220536752
ION,1852-04-13,0.3234450154,10.52526,1.9695199999999997,164225.3012916853,0.6063688287023032,0.5875030480156933
ION,1853-04-19,0.4007320408,11.24184,1.99195,201175.75280504028,0.1429510870997246,0.13092043402798925
ION,1854-04-25,0.41617790604,11.93416,1.93957,214572.253664472,0.016221207141124294,0.028504789078177994
ION,1855-05-01,0.4011223034,12.11669,1.9529,205398.28122279685,-0.024219662119456253,-0.030106848480001003
ION,1856-05-07,0.4783764492,12.4269,1.94799,245574.38652149137,0.15308532382813445,0.1564124143249399
ION,1857-05-13,0.48902378252,12.34518,1.97967,247022.87882323822,0.03718461933449313,0.024410871774207754
ION,1858-05-19,0.51222490748,12.61956,2.01238,254536.87051153363,0.04628076928849101,0.03388006162071844
ION,1859-05-25,0.53802534656,12.52508,2.23394,240841.44899146797,0.0497722005521386,-0.03863258553176929
ION,1860-05-31,0.61141553356,12.14739,2.81312,217344.27737174384,0.10157638888904752,-0.056473820558809784
ION,1861-06-06,0.72568332512,11.66576,3.54144,204911.9355742297,0.12642684518958958,-0.05959315925464248
ION,1862-06-12,0.71940096956,12.00086,3.60471,199572.4953075282,-0.01963631177421421,-0.032842580655832676
ION,1863-06-18,0.75833445636,12.07529,3.64429,208088.39482039024,0.02490209115192976,0.01806766208036703
ION,1864-06-24,0.73934560596,12.48799,3.7105,199257.6757741544,-0.014997237994529677,-0.02848411498490755
ION,1865-06-30,0.728807898,12.73565,3.7759,193015.67785163803,0.007252305386740154,-0.0058410268118697095
ION,1866-07-06,0.76361390352,12.57154,3.8209000000000004,199851.84211049753,0.0021140228128280203,-0.005415500266729434
ION,1867-07-12,0.77853443044,12.49606,3.90293,199474.35143341028,0.012663069378691327,-0.004856141621642607
ION,1868-07-18,0.7754458696400001,13.3231,3.96882,195384.48950569693,0.00014844560145577113,-0.01312258921512055
ION,1869-07-24,0.77685240932,12.92145,3.9567899999999994,196334.000368986,-0.00936685718001573,-0.0040603584577983964
ION,1870-07-30,0.8195845460400001,13.62681,3.97612,206126.7129865296,0.0291850242645475,0.026350647903266244
ION,1871-08-05,0.8524168354,13.54654,4.07127,209373.69307366005,0.018330780632670463,0.000020222577339357173
ION,1872-08-11,0.8692949355999999,13.78757,4.15753,209089.27550733244,-0.008796263616645317,-0.023905911958885695
ION,1873-08-17,0.90060964448,14.10064,4.27071,210880.54316027075,0.0293909051217649,0.007098250341196266
ION,1874-08-23,0.91945170356,14.18989,4.34432,211644.56199359166,-0.03019003397267561,-0.04238178235390522
ION,1875-08-29,0.98921854044,14.1171,4.44987,222302.79546144046,0.05348454342101738,0.033612338809784204
ION,1876-09-04,1.02828496888,14.44196,4.5375,226619.27688815427,0.04751518754048267,0.03283224882983604
ION,1877-09-10,1.0567303708,14.59897,4.61612,228921.7721376394,0.01731801252359455,0.004304587074861255
ION,1878-09-16,1.07360106308,14.76103,4.69459,228688.99373108195,0.02384482683144995,0.010754680879106804
ION,1879-09-22,1.22320627988,15.21467,4.77567,256132.91535637932,0.11334026906572059,0.09899491626010715
ION,1880-09-28,1.3257062442,15.93214,4.859530000000001,272805.4450121719,0.08366923479235155,0.06978109715832925
ION,1881-10-04,1.4606574912799999,16.34253,4.94263,295522.3213714156,0.09118180408998477,0.07710474126619116
ION,1882-10-10,1.52238953204,16.19572,5.03738,302218.5207468962,0.037507155442982665,0.022819062538705692
ION,1883-10-16,1.5478614985599999,17.07019,5.13827,301241.76007878134,-0.009935931452963565,-0.024747005605764816
ION,1884-10-22,1.50847658884,17.12348,5.231399999999999,288350.45854646945,-0.011804557001513616,-0.025211710916302588
ION,1885-10-28,1.3220355797999999,16.89601,5.3275,248153.08865321445,-0.04009776342607052,-0.05292332105222264
ION,1886-11-03,0.6694016888,12.68621,5.41051,123722.47510863116,-0.4121902504637469,-0.4192178960708648
ION,1887-11-09,1.35214125956,14.68493,5.45816,247728.40289767977,1.0659798009051369,1.0536189373831752
ION,1888-11-15,1.63454244876,15.46698,5.55099,294459.62769884296,0.22241095050628013,0.2070860839870028
ION,1889-11-21,1.46438477952,15.38731,5.64723,259310.2776972073,0.08949188158052679,0.07536631749046485
ION,1890-11-27,1.5971665080800002,15.56621,5.74825,277852.6522124125,0.10854712458798121,0.09374374166746557
ION,1891-12-03,1.79825083516,16.18607,5.85336,307216.8523993057,0.11821039136279055,0.10311925941482092
ION,1892-12-09,1.78124257428,15.87123,5.95996,298868.20956516487,-0.016627381524587648,-0.03003988539107927
ION,1893-12-15,1.83658311772,17.2925,6.06834,302650.00275528396,0.0022101092880841833,-0.011215881048045828
ION,1894-12-21,2.0088921294,18.27079,6.17618,325264.5048233698,0.0553941513851508,0.04142904605406228
ION,1895-12-27,2.02532502588,18.37607,6.28436,322280.2363136421,0.012698474333123766,-0.0004588258284248248
ION,1897-01-02,1.8752035379999998,17.76201,6.3945,293252.56673703965,-0.08091548113400704,-0.0929161736009787
ION,1898-01-08,1.93914532396,17.85313,6.50804,297961.4943915526,0.04175054476296691,0.028097601252054627
ION,1899-01-14,1.95445337568,17.42618,6.62305,295098.6895282385,0.01456209037230205,0.0011597052995577783
ION,1900-01-20,1.97885755288,16.59359,6.74167,293526.3151237008,0.03541062093025871,0.021712983976353684
ION,1901-01-26,2.10999541168,16.67543,6.85967,307594.3028862904,0.043272576980097455,0.029641949203057294
ION,1902-02-01,2.20417674308,16.55528,6.979110000000001,315824.9036166502,0.037848299339259706,0.0244244480994118
ION,1903-02-07,2.22919512764,16.51429,7.10717,313654.39797275147,0.02359171522373482,0.009831984834709706
ION,1904-02-13,1.97559332672,16.78595,7.245310000000001,272672.02186241857,-0.08900244256934342,-0.10230659136314657
ION,1905-02-19,2.27377764068,17.14401,7.3769,308229.42437609297,0.1864393642793869,0.17042212008373547
ION,1906-02-25,2.26457000016,17.38235,7.508040000000001,301619.3307654194,-0.023349132886146262,-0.03620114488333037
ION,1907-03-03,2.4094706318799997,17.51048,7.64174,315303.9271003724,0.025101400148956676,0.01155496626646424
ION,1908-03-09,2.5389141996399998,17.65221,7.77728,326452.71864199307,0.07989051302814265,0.06558110095214498
ION,1909-03-15,2.62167316164,17.7958,7.916619999999999,331160.6672595123,0.036434432100074465,0.02277067596524618
ION,1910-03-21,2.65366509876,17.66559,8.05732,329348.35637159745,-0.0072731025624659384,-0.020497652701469637
ION,1911-03-27,2.5315970066399998,17.54766,8.20237,308642.1371676722,-0.0453363835702969,-0.05804702142888285
ION,1912-04-02,2.6988419104399997,17.86612,8.34893,323256.0232796298,0.04094987021922236,0.027085134602144345
ION,1913-04-08,2.24075363044,16.41562,8.50121,263580.55270249763,-0.14181831430454217,-0.15355743875979022
ION,1914-04-14,2.7919993556,16.51848,8.66102,322363.8042170552,0.18284737761808145,0.16646337631509178
ION,1915-04-20,2.8710973849999997,17.01293,8.8207,325495.41249560687,0.00907300996972582,-0.00479871101272733
ION,1916-04-26,2.88004888704,17.39768,8.98262,320624.59360854625,-0.02463797890252073,-0.03791123301040911
ION,1917-05-02,2.8977498487599997,17.5655,9.15187,316629.26251793344,0.020011667701843594,0.0058893331329603615
ION,1918-05-08,3.0921646714400004,17.94198,9.30559,332291.09292801423,0.047126137501690035,0.033356447731045735
ION,1919-05-14,3.25626177136,18.23663,9.4787,343534.6378047623,0.06000749442568254,0.0455172048343766
ION,1920-05-20,3.48695390056,18.39365,9.65044,361325.8981517941,0.06245095171524384,0.0481710548156804
ION,1921-05-26,3.7433213739999998,18.19863,9.82605,380958.9177746907,0.06865122875823615,0.05408801099463956
ION,1922-06-01,3.7367241168399996,18.12193,10.00412,373518.5220529142,-0.004149583059988027,-0.01746533900853131
ION,1923-06-07,3.86073592892,18.64244,10.18369,379109.72632906144,0.012720155791672072,-0.0006287945100754699
MOR,1860-04-12,1.25148886148,7.66644,41.51145,30148.0401547043,-0.019371707132027627,-0.016166722089707153
MOR,1861-04-25,1.2221554436000002,7.33872,41.84881,29204.06682053803,0.015503900891419065,0.01623971528546453
MOR,1862-04-24,1.3227058176800002,7.35232,42.31037,31261.977091668075,0.1256746064736669,0.1170389022382674
MOR,1863-05-07,1.29653248504,7.56913,42.49428,30510.75309524011,0.009616653096840677,0.004115432015311837
MOR,1864-05-20,1.1130009971600001,7.63405,42.91638,25934.177047551544,0.06550532791486341,0.04694313615420054
MOR,1865-05-12,0.31755459944000003,6.55359,42.91638,7399.37989737252,-0.6214504523619793,-0.6186768715175206
MOR,1866-05-18,0.41900389076,7.76233,42.91638,9763.262669405016,0.1457948471655517,0.1208606072645555
MOR,1867-05-31,0.42780051964,7.45987,42.91638,9968.234031854505,-0.035917362573052336,-0.038812815238049914
MOR,1868-05-30,0.48634178372000003,6.9757,42.91638,11332.311432604522,0.1425671673568143,0.14425374275517067
MOR,1869-06-12,0.41461382455999995,7.35781,42.12115790485394,9843.36246160557,-0.2282567835564855,-0.23813345667208585
MOR,1870-06-25,0.4173741468,8.75814,13.99103,29831.552559032465,0.02972983926699868,2.139465232726267
MOR,1871-06-17,0.48085082500000004,9.39183,13.99103,34368.50789398636,0.12448514641636277,0.1233458301316448
MOR,1872-06-23,0.91499554484,8.60891,13.99103,65398.72652978372,0.7382483453209414,0.7275715221065908
MOR,1873-07-06,1.2790369826,8.10981,15.978028258136796,80049.73842430474,-0.014224578271888944,-0.06585052611331754
MOR,1874-07-05,1.12544712176,8.13189,14.664130000000002,76748.30499729612,-0.04588448780785437,-0.047490248899146326
MOR,1875-07-18,1.6652437011599999,8.43542,14.66413,113558.98380333507,0.4480780516970142,0.43894556412266006
MOR,1876-07-31,1.61489263052,8.49348,15.16909,106459.42706648848,-0.037131778289802075,-0.05632827469659907
MOR,1877-07-23,2.2344417929600002,8.53358,15.16909,147302.29650954672,0.23077670824912055,0.22913006719915252
MOR,1878-07-29,2.59986984816,8.68166,15.5737,166939.76692500818,0.23485617480721288,0.22227920198697926
MOR,1879-08-11,2.7469487484400004,8.74834,15.573700000000002,176383.82326871585,0.05642583020106762,0.05628304719268762
MOR,1880-08-10,2.83137618244,8.76362,15.909586104236206,177966.67769289715,0.021159859687051696,0.003599432891433496
MOR,1881-08-23,3.0637874586800002,8.927,15.89422,192761.1080430496,0.038480941791778855,0.042272063048024666
MOR,1882-09-05,3.3213082837999996,9.20756,15.89422,208963.2761972591,0.07456550487501645,0.07862240328859205
MOR,1883-08-28,3.8877039416800003,9.50837,16.38303,237300.66670695224,0.13526726651651888,0.10032548750372472
MOR,1884-09-03,3.84975390852,9.70208,16.259859237617388,236764.28265833607,-0.01358989692399315,-0.01394923716515406
MOR,1885-09-16,4.245504406519999,9.69824,16.38303,259140.36698461758,0.07813108290059101,0.08051149608587593
MOR,1886-09-15,4.51081340424,9.86784,17.442394107236016,258612.05614937225,0.03036689417943128,-0.005477652866937133
MOR,1887-09-28,4.42046423468,10.21433,16.98897,260196.1292933003,-0.0016820104022933213,-0.0002000504053157881
MOR,1888-10-11,4.62816453684,10.20801,17.037409194748964,271647.201985759,0.03455873698347944,0.031776879468215835
ABU,1837-01-13,0.045157794759999995,7.0737,0.6012,75112.76573519627,0.2721811497303255,0.27087772246085096
ABU,1838-01-19,0.04373174,7.19111,0.6012,72740.75182967399,-0.028780294946144425,-0.024183663805995126
ABU,1839-02-01,0.044148294840000005,7.17764,0.6012,73433.62415169661,0.010214397981275658,0.007459366177583027
ABU,1840-01-31,0.044314777,7.54805,0.6012,73710.54058549568,0.008151788328470522,0.011822983072860893
ABU,1841-02-13,0.048032799359999996,7.48562,0.618374170508448,77675.94710578842,0.030148101414631423,0.035765402220855336
ABU,1842-02-26,0.06064761404,7.57487,0.6012,100877.60153027279,0.23801652395190698,0.2614902846173548
ABU,1843-02-18,0.06129615284,7.98,0.6012,101956.34204923488,0.038151123622069516,0.03806797403333695
ABU,1844-02-24,0.11081790304,7.61461,0.6012,184327.84936793082,0.38055647176669005,0.36082438043273246
ABU,1845-03-09,0.0454102428,5.67944,0.6012,75532.67265469063,-0.4690682789425267,-0.45917459860951115
ABU,1846-03-08,0.02689788608,5.06702,0.6012,44740.32947438457,-0.36153743366484126,-0.3327308004302971
ABU,1847-03-21,0.10891277176,5.32026,0.6012,181158.96833000667,1.6342504447730004,1.8290942183395758
ABU,1848-04-03,0.08006157536,6.09444,0.6012,133169.61969394545,-0.22780451958049575,-0.23290378725446825
ABU,1849-03-26,0.07632152008,6.49778,0.6012,126948.63619427812,-0.014347941558485622,-0.01302791293337302
ABU,1850-04-01,0.08996901784,6.00282,0.6012,149649.0649367931,0.10137258291175599,0.10456644808217486
ABU,1851-04-14,0.0622190166,6.63335,0.6012,103491.37824351298,-0.24081440516145924,-0.24147888407508455
ABU,1852-04-13,0.06625459828000001,6.13294,0.6035667407874797,109771.78463073852,0.0591966398775996,0.05474588672383973
ABU,1853-04-26,0.0647154118,5.70978,0.6012,107643.73220226215,-0.013893359724015508,-0.011331174065964178
ABU,1854-05-09,0.0686709504,6.12101,0.6013164525531672,114201.01696606788,0.08051317853019002,0.08065938067101563
ABU,1855-05-01,0.0721642324,6.48807,0.6012,120033.65335994677,0.017612117579655306,0.016143184600496463
ABU,1856-05-07,0.06799147784000001,6.58048,0.8889670218315437,76483.68968729209,-0.29917657091188243,-0.3155901198724854
ABU,1857-05-20,0.07188702352,6.47224,0.6012,119572.56074517632,0.05670270611128636,0.056909352531139934
ABU,1858-05-19,0.07164283152,6.89744,0.6012,119166.38642714573,0.03442260203853231,0.03095378801375892
ABU,1859-06-01,0.06644677,6.34493,0.6012,110523.56952761146,-0.056859355040835835,-0.056314368885270194
ABU,1860-06-14,0.07660665636,6.97393,0.6000300837328081,127671.35921490354,0.06910387497212156,0.0626499911414915
ABU,1861-06-06,0.07183905508,7.60356,0.6012,119492.77292082504,-0.04718797205083558,-0.04663285266703876
ABU,1862-06-12,0.05876029536,7.06548,0.6012,97738.3489021956,-0.0661144802401833,-0.0649311324550863
ABU,1863-06-25,0.07000486428,6.97638,0.6012,116441.89001996008,0.054164556808388165,0.0611497712521627
ABU,1864-06-24,0.06738058756,7.34363,0.6012,112076.82561543581,-0.023888949196240072,-0.02060937028180576
ABU,1865-07-07,0.07128208100000001,7.01298,0.6012,118566.33566200933,0.0751513293521171,0.07777907671086481
ABU,1866-07-20,0.07158916856,6.56486,0.6012,119077.1266799734,0.04477033146909659,0.041317430683038836
ABU,1867-07-12,0.06360614468,7.58275,0.6012,105798.64384564206,-0.05643804770730987,-0.05670299088505648
ABU,1868-07-18,0.05705733384,7.26294,0.6012,94905.74491017965,-0.09684948696123397,-0.09870109496899215
ABU,1869-07-31,0.060772676639999995,7.74116,0.6012,101085.62315369262,0.07515528354148593,0.06876341201404368
ABU,1870-07-30,0.061955049,7.12049,0.6012,103052.31037924152,-0.0172986693812609,-0.019004629246294313
ABU,1871-08-12,0.06153855136,7.16211,0.6004876807250978,102480.95562208915,-0.02410566056548369,-0.024476325194022874
ABU,1872-08-25,0.057679034399999995,7.58822,0.6012,95939.84431137725,-0.005351544865844549,-0.010345101889798647
ABU,1873-08-17,0.062262060120000004,7.18922,0.6012,103562.97425149701,0.032903499011142534,0.03377444596868151
ABU,1874-08-23,0.06292987428,7.23653,0.6012,104673.776247505,0.0070887180082415124,0.007981716327566835
ABU,1875-09-05,0.06071141388,7.36188,0.5969733278568613,101698.70419161678,-0.028874427523525537,-0.02687315115096356
MAD,1837-01-13,0.48002372496,8.74227,19.79539,24249.26838824595,0,0
MAD,1838-01-19,0.53480667968,8.28994,20.18048,26501.187270074843,0.26474324753718714,0.24596913885139626
MAD,1839-01-25,0.70651328384,9.12131,20.61354,34274.23353000019,0.1563913486533397,0.13788465871961275
MAD,1840-01-31,0.6551720068400001,9.51277,20.93623,31293.695514426432,-0.05932332921313066,-0.07073877799942929
MAD,1841-02-06,0.8443018729599999,8.71629,21.189610000000002,39845.08789732326,-0.0007418622167487676,-0.009334059851156984
MAD,1842-02-12,0.8698502904000001,7.89661,21.33527,40770.53116271788,0.056294411821656176,0.050587287148382565
MAD,1843-02-18,0.8855579142800001,7.91693,21.46895,41248.310433439925,0.010476663785622842,0.005894160502159185
MAD,1844-02-24,0.8870972692400001,8.34525,21.67836,40920.86621128167,0.007035943695300695,0.00009448077607987493
MAD,1845-03-02,0.89194689948,8.35402,21.90197,40724.50558009166,0.005756369438277842,-0.002757783096792865
MAD,1846-03-08,0.89694697664,8.37488,22.138780000000004,40514.74275637591,0.005012553498996208,-0.0026612727360559862
MAD,1847-03-14,0.90337785304,8.39233,22.32905,40457.51400261095,0.00519050271686794,-0.0012739226195372932
MAD,1848-03-20,0.90577551792,8.39158,22.54163,40182.34342059558,0.0021405587778622337,-0.0050289271226942045
MAD,1849-03-26,1.0302033450799999,7.17244,22.74067,45302.24241765963,0.13342581627715888,0.1260517151723004
MAD,1850-04-01,1.0514580258,7.95371,22.88797,45939.33082750458,0.023855694563800878,0.019193212168747475
MAD,1851-04-07,0.99882493516,9.20934,23.20783,43038.27351200004,-0.017232375083129803,-0.02817619670316518
MAD,1852-04-13,1.51759466976,8.67678,23.46879,64664.37638071669,0.26785998522911747,0.2566716480431235
MAD,1853-04-19,0.5256827992,7.29791,12.673200000000001,41479.878736230785,-0.5657144323136221,-0.36794639899984316
MAD,1854-04-25,0.55132550096,8.26181,12.76908,43176.603244713006,0.0336663073184853,0.02824607497940801
MAD,1855-05-01,0.5526907802000001,8.27278,12.89888,42847.966660671314,-0.0039115087323228215,-0.011457755019116167
MAD,1856-05-07,0.55295274892,8.27202,12.981450000000002,42595.607495310614,-0.0003939439523386046,-0.005276886249584001
MAD,1857-05-13,0.617254326,8.25534,13.0615,47257.53749569345,0.08363662817045792,0.07879842298700557
MAD,1858-05-19,0.53591508308,8.15737,13.12598,40828.57684378614,-0.14746262977893643,-0.15049006421028788
MAD,1859-05-25,0.57248970532,8.28409,13.23725,43248.386584826905,0.03341306551930545,0.026749655008214024
MAD,1860-05-31,0.56020246464,8.25738,13.45637,41631.02416476361,-0.013725172803188967,-0.025311683935252294
MAD,1861-06-06,0.6328267732799999,5.43453,13.29542,47597.35106374977,0.05151639372704708,0.0655904674892267
MAD,1862-06-12,0.63836626308,8.49206,13.40503,47621.39757091181,-0.044449237468809466,-0.05048520497840192
MAD,1863-06-18,0.65295306024,8.53777,13.57791,48089.364286550735,0.009862558356900752,0.00011742162230565789
MAD,1864-06-24,0.66033157996,9.15777,13.76549,47970.07443687075,0.006511137891402896,-0.0033817764274647333
MAD,1865-06-30,0.664718717,9.10995,14.00923,47448.626155755876,0.00518112945214777,-0.008335167397655274
MAD,1866-07-06,0.6781931197600001,8.48584,14.18711,47803.47228998718,-0.057626134825918496,-0.06654733581631422
MAD,1867-07-12,0.69503828524,8.50627,14.36781,48374.68516357051,0.05723610986178307,0.0480558540288063
MAD,1868-07-18,0.79731203032,8.53887,14.54305,54824.265220844325,0.14216222262464395,0.13165866191476616
MAD,1869-07-24,0.7530642886,8.42776,14.74996,51055.344461951085,-0.006179718798285716,-0.01656422656879486
MAD,1870-07-30,1.0196598568,8.45189,14.9102,68386.73235771485,0.08144469851538516,0.07257673214602844
MAD,1871-08-05,1.55997622352,7.89138,15.050900000000002,103646.70707532439,0.3685618750255668,0.35821556831562185
MAD,1872-08-11,3.4088620514000003,8.57775,15.14229,225121.96315088408,0.6945113849919093,0.6868277299188634
MAD,1873-08-17,4.81936335348,9.19411,15.278529999999998,315433.7068736325,0.312175629700685,0.30329898997265436
MAD,1874-08-23,5.2342715245599996,9.7614,15.442679999999998,338948.39008255047,-0.030942181054293028,-0.039046607833574276
MAD,1875-08-29,5.70740831388,10.17958,15.60789,365674.56035889545,0.03394336223268568,0.025602759844385536
MAD,1876-09-04,5.56233563184,10.363,15.766559999999998,352793.2302188937,-0.029820938761461413,-0.03714512762364697
MAD,1877-09-10,5.67561361744,10.16021,15.9212,356481.5225887496,0.009653141574204938,0.0021073545907634994
MAD,1878-09-16,5.635460794599999,10.57486,16.07286,350619.6653613607,-0.009222740789765371,-0.016111349004743092
MAD,1879-09-22,5.54571473872,10.29512,16.22119,341880.8816566479,-0.010043357446464785,-0.016851551622368954
MAD,1880-09-28,5.6969619902,10.29637,16.36418,348136.11132363486,0.025760580859873095,0.01892220886619511
MAD,1881-10-04,5.7546855178800005,10.81548,16.53356,348060.884520938,0.014602664229018902,0.006922184700227874
MAD,1882-10-10,5.6401276516,10.90446,16.7236,337255.5939869406,-0.004687075255922268,-0.013422665814643464
MAD,1883-10-16,5.71992255432,10.91333,16.84319,339598.52939496614,0.02629233840089884,0.020692967623298975
MAD,1884-10-22,5.8495593182,11.40636,17.04941,343094.5304382966,0.01755908220951241,0.008200225985193876
MAD,1885-10-28,6.13688680384,11.90093,17.28722,354995.5865570057,0.05002084741505075,0.03904245393723782
MAD,1886-11-03,6.49555959052,12.31419,17.53936,370341.8819455214,0.05401938952329011,0.04250252959245859
MAD,1887-11-09,6.84066845332,12.66127,17.80386,384223.8960158078,0.030558703831152778,0.01911586412393662
MAD,1888-11-15,6.83383070136,12.76832,18.06839,378220.23441822984,0.0076146129059861956,-0.0036265883353736594
MAD,1889-11-21,6.66314360816,12.25839,18.34057,363300.7920778907,0.02998060067941477,0.01853067215538773
MAD,1890-11-27,6.31214385412,12.80331,18.61684,339055.59988268686,-0.018741699668483935,-0.029817828330215734
MAD,1891-12-03,6.93832661288,13.25194,18.90917,366929.19958305947,0.07967657729770994,0.06707601582933398
MAD,1892-12-09,7.25576985588,13.39328,19.21302,377648.58704565966,0.02001013955172337,0.00785743474910805
MAD,1893-12-15,7.72485523264,13.93266,19.53497,395437.2713467182,0.07821294735588236,0.06466121505234201
MAD,1894-12-21,7.638885993440001,14.09977,19.8746,384354.20050919265,0.0037739843925181926,-0.009200477680044394
MAD,1895-12-27,8.11808481536,14.72523,20.2246,401396.5574280827,0.014443436674445698,0.0011665125273037091
MAD,1897-01-02,8.07162265832,14.48797,20.57124,392374.1426535299,0.03210055506876386,0.0189147439232904
MAD,1898-01-08,8.31678467048,14.4592,20.9118,397707.7377595425,0.027400328743659275,0.014760471557485388
MAD,1899-01-14,8.31818670384,13.77198,21.2501,391442.2380995854,0.015609863287636028,0.003336947650792288
MAD,1900-01-20,8.38629352912,13.90563,21.6032,388196.81941193895,0.0338528549388557,0.021153509754324062
MAD,1901-01-26,7.723405768,13.7649,21.95625,351763.42808995163,-0.07704968684093794,-0.08828354876193434
MAD,1902-02-01,8.06488104396,13.43606,22.3023,361616.56169812084,0.031882793034616386,0.019679640726308012
MAD,1903-02-07,8.591988329080001,13.34132,22.6432,379451.1521816705,0.04387799383533708,0.03194990586346069
MAD,1904-02-13,8.8360901642,14.04897,23.01663,383900.2566492141,-0.007297787576906467,-0.019557573806752715
MAD,1905-02-19,9.14627810096,14.39491,23.40645,390758.87633366016,0.02070115505932102,0.007777775955811306
MAD,1906-02-25,9.368543329080001,14.69504,23.82919,393154.082412369,0.04265156579055107,0.02858509730827241
MAD,1907-03-03,8.9869728598,14.69171,24.24951,370604.3074602332,-0.012748209600186855,-0.02561894521696395
MAD,1908-03-09,10.57137572504,14.68534,24.67812,428370.3833614554,0.08799408157812905,0.07368379757008658
MAD,1909-03-15,10.37654751172,14.67999,25.12538,412990.6696623096,0.0038268088564941127,-0.00972298796030413
MAD,1910-03-21,10.590410848160001,14.66405,25.58621,413910.88590924564,-0.005483465261165721,-0.01913280316690924
MAD,1911-03-27,10.46659099668,14.79768,26.05676,401684.2844881712,-0.025134466684647805,-0.0384703719145818
MAD,1912-04-02,11.27683057956,14.62362,26.52775,425095.6292772663,0.07040981445900596,0.056092098181250494
MAD,1913-04-08,12.22468901108,14.84495,26.997,452816.5726221432,0.0943586339789575,0.08000597921121333
MAD,1914-04-14,12.26909598824,15.01148,27.46472,446722.0488044298,-0.0060332722182991905,-0.019023405147212014
MAD,1915-04-20,12.90039435828,14.68512,27.9427,461673.1510655735,0.02316459656634673,0.010091731001462989
MAD,1916-04-26,12.62687396724,14.85284,28.42259,444254.86794975406,-0.03219600231179709,-0.044473950221043834
MAD,1917-05-02,13.25160309408,14.93668,28.91611,458277.51706851297,0.015993656219049468,0.0028041726231500252
MAD,1918-05-08,13.55669429504,15.16633,29.4698,460019.89477499,0.03343152631490032,0.018927484342448064
MAD,1919-05-14,14.50447438752,15.50474,30.01583,483227.4965416582,0.06824200504443523,0.053520561773962916
MAD,1920-05-20,14.56603872308,16.11023,30.57797,476357.28346518753,0.014990688308006872,0.0008620282501246024
MAD,1921-05-26,13.60566315576,16.235,31.177300000000002,436396.45369419415,-0.026328811333990787,-0.040491958868426714
MAD,1922-06-01,14.1741305758,16.9698,31.73686,446614.14443016733,0.03095331814819291,0.01722637253346515
MAD,1923-06-07,14.18897673544,17.01261,32.25476,439903.34249704547,-0.01737686533052163,-0.029029271328590567
D11,1921-03-17,4.383432872519999,7.66777,11.315737135843301,387374.92925981845,0.013561347904919474,0.016540746344559265
D11,1922-03-30,0.44750491188,5.58532,5.90967,75724.17950240876,-0.7328002274317358,-0.4693546559816226
D11,1923-03-29,1.2310141677600002,6.60757,11.115017074483507,110752.34158533247,0.9343766874622268,-0.07913309250548717
GCO,1836-12-30,1.49061196752,8.91569,26.37215,56522.20116751952,0,0
GCO,1837-12-29,1.5098626212800002,8.4744,26.64646,56662.78452297228,-0.03402815070522236,-0.08417359606722374
GCO,1838-12-28,1.81380206176,8.39483,37.06361,48937.54444750525,0.19879193628638525,-0.13591956757590962
GCO,1840-01-03,1.90301577024,9.04656,37.45351,50810.07815395673,-0.008700183387089444,-0.016181201530541145
GCO,1841-01-02,1.8409755379600001,9.40573,37.98225,48469.364978641344,-0.03417820793456827,-0.04442467844928144
GCO,1842-01-01,1.80543059424,9.58276,38.58284,46793.61587275587,-0.013052144323802417,-0.024823072876513974
GCO,1842-12-31,2.06923379364,9.52486,39.20545,52779.23843853342,0.11535177494505167,0.1015750571973395
GCO,1843-12-30,2.43951029244,9.35784,39.81184,61275.99961318041,0.13994701371785978,0.12650050147792347
GCO,1844-12-29,2.49058169308,9.62561,40.43023,61601.96697075431,-0.025234303154342164,-0.036476668475405094
GCO,1845-12-28,2.56105867472,9.90678,41.0957,62319.383164661995,0.03337963453132553,0.020433509256244653
GCO,1847-01-03,2.78227961544,9.46703,41.78343,66588.10957932366,0.0809129730157474,0.06753362686006881
GCO,1848-01-02,2.90757876032,9.46539,42.42602000000001,68532.91353560856,0.035131951672437545,0.023029694191699646
GCO,1849-01-01,2.93537291528,9.5314,43.08363,68131.97762769758,0.013970901710731232,0.001971156749468239
GCO,1849-12-31,3.00594265348,9.4558,43.73786,68726.33122608194,0.01661571223372804,0.0048460206281282225
GCO,1850-12-30,3.10045186776,9.4472,44.39125,69843.76127637766,0.03341607033771865,0.02180915345784551
GCO,1851-12-29,3.50805751036,9.44342,45.02178,77919.12070913234,0.09817623161106592,0.08621823421604913
GCO,1852-12-28,3.6679844042400003,9.37789,45.62844,80388.11767923691,0.02227743268203808,0.011794876893054695
GCO,1854-01-03,3.67823378832,9.32614,46.27106,79493.18187912703,0.003686341553989836,-0.006701303515340151
GCO,1855-01-02,3.606304884,9.93012,46.91167,76874.36588806154,0.04812740233576829,0.03698885964038068
GCO,1856-01-01,3.9399044807199997,10.03508,47.61602,82743.25491126726,0.00947653166285245,-0.00200645749449202
GCO,1856-12-31,4.25163645036,9.97767,48.35107,87932.62383562556,0.05601609614019676,0.04363720440036922
GCO,1857-12-30,4.34067745228,9.8606,50.11601,86612.59051309152,0.02391806236426386,0.005666223320987429
GCO,1858-12-29,4.3304515618,9.91151,50.86156,85141.93355060286,0.007360127278081441,-0.003968789505006121
GCO,1859-12-28,4.72426615544,9.79578,51.63031,91501.79720865515,0.07470690697832971,0.06254346140443023
GCO,1861-01-03,4.84415074416,9.87163,52.27424,92668.02815612432,0.05623041684467944,0.045164648308253286
GCO,1862-01-02,5.0701576707600005,10.23697,52.91639,95814.50417838406,0.016681509007740347,0.007294773231812712
GCO,1863-01-01,5.10299437752,10.2749,54.653180000000006,93370.49330926397,0.010496024883126065,-0.006409793691487198
GCO,1863-12-31,5.344432718039999,10.47154,55.70708,95938.12344929944,0.0514331785039166,0.03615552558416901
GCO,1864-12-30,5.46505927864,10.36267,56.77807,96252.99483832403,0.005663253920747735,-0.00896190635077887
GCO,1865-12-29,5.64323313372,10.5853,57.87276000000001,97511.04204672457,0.04462006550249287,0.029268598120935296
GCO,1866-12-28,6.14169431928,10.49831,58.98124,104129.6235765813,0.041827793954368975,0.026672334719084034
GCO,1868-01-03,6.743453281240001,10.46655,60.12089,112164.89445249397,0.06536668673899726,0.05005918537727583
GCO,1869-01-02,6.88848040296,10.36355,61.26893,112430.23834364334,0.01976855946906042,0.005228391722479797
GCO,1870-01-01,7.10359352664,10.3065,62.41668000000001,113809.21777063438,0.021247352534063957,0.006757227544156752
GCO,1870-12-31,7.32618286868,10.30174,63.56335,115257.9728519658,0.01588434033537367,0.0017285794767136764
GCO,1871-12-30,7.537768628519999,10.42846,64.73611,116438.393170674,0.023961376613863772,0.009598220925226775
GCO,1872-12-29,7.83400014644,10.59961,66.00275,118692.02641465695,0.02998640490672555,0.01487221605017508
GCO,1873-12-28,7.984116697959999,10.69608,67.48634,118307.1522023568,0.004540585824487797,-0.012437285525010777
GCO,1875-01-03,7.80770211104,11.65677,70.51652,110721.60269735375,-0.017763369950432706,-0.051900932232477826
GCO,1876-01-02,8.53527514736,11.89472,72.76094,117305.72952136133,0.07833815419037315,0.05394962399682668
GCO,1877-01-01,8.893282636159999,11.94825,74.36606,119587.92271850894,0.03330489325443042,0.016029072405932654
GCO,1877-12-31,9.19223513416,12.04636,76.01753,120922.57054603065,0.014257089181219929,-0.0027946737682761347
GCO,1878-12-30,9.24589565432,11.7026,78.18764,118252.65034626955,-0.003309403703976588,-0.022749237669913547
GCO,1879-12-29,9.503067007719999,11.65101,81.99998,115891.08933587544,0.02511350478347918,-0.012446506285821113
GCO,1880-12-28,10.066939318280001,11.57342,83.77118,120171.86958904006,0.0436338979002624,0.026536619907611803
GCO,1882-01-03,10.818157055679999,12.04101,85.64136,126319.30478077414,0.06494694976251214,0.047508137937663175
GCO,1883-01-02,11.12157182604,12.01682,87.35797,127310.32813651691,0.015765445316423987,0.00015933796539235878
GCO,1884-01-01,11.56664624856,12.14693,89.00094,129960.94477833605,0.035459476716737326,0.020686316682996697
GCO,1884-12-31,11.9394509494,12.29989,90.83624,131439.29063334194,0.02463088610619546,0.008784002525049184
GCO,1885-12-30,12.36961304696,12.16683,92.78836999999999,133309.95088026658,0.034501040404934846,0.01762695513026591
GCO,1886-12-29,12.650009011120002,12.09065,94.76716999999998,133485.14059373096,0.024142659905697306,0.007581801389415999
GCO,1887-12-28,12.77235556116,12.00073,96.769,131988.09082619433,0.002478006614111683,-0.013317426223495521
GCO,1889-01-03,13.25665623308,11.92587,103.178,128483.36111457869,0.022150549924220275,-0.02750808808524552
GCO,1890-01-02,13.00896725544,11.47562,105.24439,123607.22747730308,-0.02518665297547895,-0.040007107597319846
GCO,1891-01-01,13.623309648,11.30698,107.31588,126945.88767291476,0.04706823023103923,0.031587953970526605
GCO,1891-12-31,13.9383861292,11.20385,109.3869,127422.8095795749,0.028597294482981317,0.013517994845823944
GCO,1892-12-30,15.140045550759998,11.40642,111.53027,135748.30896365622,0.08966990800115004,0.07347630550922024
GCO,1893-12-29,16.37208452204,11.67409,115.92763,141226.7681314627,0.023378498293868955,-0.007024741714800831
GCO,1894-12-28,18.79432698832,12.13642,119.21870999999999,157645.78385657756,0.12214869961158459,0.09860196419220735
GCO,1896-01-03,20.302199892,11.83981,121.68513999999999,166842.06380499707,0.06521949200121124,0.048744462679535694
GCO,1897-01-02,20.8447568186,12.0973,124.16219,167883.28893522255,0.003436096343305328,-0.011933199371646941
GCO,1898-01-01,23.5248758498,12.56276,126.64272,185757.8220824695,0.0953672288484877,0.07881199066125699
GCO,1898-12-31,25.8625477084,12.76218,132.68857,194911.64693688386,0.07020832258648735,0.032076269570199045
GCO,1899-12-30,28.36219434776,13.05192,136.6744,207516.50892749484,0.07833981142840973,0.053492697126544364
GCO,1900-12-29,30.674653001200003,13.0913,139.30443,220198.6900287378,0.07392849038435001,0.05820619478298705
GCO,1901-12-28,35.46956742212,13.68501,141.98285,249815.857493493,0.09614014225096557,0.08015418919118433
GCO,1903-01-03,37.935818535159996,14.20591,144.77825,262027.05541170717,0.06831916001165195,0.05262191176251263
GCO,1904-01-02,40.48078871928,14.94078,147.62141,274220.3093662362,0.060491645505784675,0.044778623926645444
GCO,1905-01-01,43.21107923964,15.29006,150.53245,287054.9123437504,0.08218692650017156,0.06603633964378908
GCO,1905-12-31,43.99485924132,15.49646,153.54548,286526.56686032045,0.043510061466575545,0.027824921877150688
GCO,1906-12-30,47.40760576708,15.45365,156.63668,302659.6692874236,0.019915126118305704,0.004249994163907811
GCO,1907-12-29,48.021343201520004,15.12123,159.9949,300142.9620664159,-0.047745906983228115,-0.06389400342481177
GCO,1908-12-28,48.30450149148,14.66439,164.7476,293203.06633589807,0.006060577234692444,-0.018010844422873706
GCO,1910-01-03,58.13565139304,14.69175,167.71496,346633.66579248506,0.10405862501332108,0.0893059958360023
GCO,1911-01-02,62.39858801748,15.06385,170.79207,365348.2741761957,0.058167003819583174,0.043299319516460155
GCO,1912-01-01,66.62759201488001,15.99075,173.87713,383187.7833207852,0.08235346137749877,0.06732999793753103
GCO,1912-12-31,78.67308420296,17.47483,177.06902,444307.44690945937,0.11633265195038844,0.10065174933305521
GCO,1913-12-30,81.71513361856,17.39642,181.42012,450419.35601497785,0.03451100851400124,0.015164785022891314
GCO,1914-12-29,94.25987992148,18.19749,185.24444,508840.5348170234,0.10583536668823457,0.08826131448441088
GCO,1915-12-28,106.77052640955999,18.7033,195.94426,544902.5473344306,0.07698674766840963,0.03103331168519019
GCO,1917-01-03,124.60450122484,20.17886,202.23078,616150.0303012232,0.10728197149173857,0.08295453851180667
GCO,1918-01-02,133.14069226223998,20.25454,211.40545,629788.362893388,0.058197671910382054,0.024971146199278094
GCO,1919-01-01,144.17064407876,21.38322,217.92194,661570.120377783,0.032793750200210026,0.00959464181920855
GCO,1919-12-31,161.48556526855998,22.50132,220.27983999999998,733092.802630327,0.08375742096324879,0.07558555562306735
GCO,1920-12-30,173.16458898128,23.38458,224.20624999999998,772345.057201929,0.03146198097205577,0.01708770165453366
GCO,1921-12-29,196.32360339384,23.70861,234.47569,837287.6667676722,0.10916786527668543,0.07308576202228956
GCO,1922-12-28,250.04694396032,25.37521,241.4284,1035698.1364260376,0.270384946943266,0.2431285014098643
NET,1880-11-16,14.935845031120001,15.19761,50.1109,298055.81282954407,0.01103894576945863,0.010493855157369225
NET,1881-11-29,15.93622809012,15.38061,50.37915031918211,316325.8607807882,0.04571161383444422,0.04703395531997745
NET,1882-11-28,15.87901066076,15.44645,50.1109,316877.37918816064,-0.004340783167395168,-0.0034118263069180532
NET,1883-12-11,17.11907926612,15.75665,50.1109,341623.86359295086,0.06330387765624357,0.05863564970291146
NET,1884-12-24,17.45652008828,15.71562,50.1109,348357.7442887675,0.006230243464974361,0.0036358232323003836
NET,1885-12-16,18.00312707804,15.88454,50.1109,359265.6902598037,0.0031372827473816756,0.0041440892631015025
NET,1886-12-22,17.98561129872,16.13142,50.1109,358916.1499538024,0.0029946231059352346,0.0030508266209070545
NET,1888-01-04,18.0227454524,15.99373,50.1109,359657.18940190657,-0.010078376244105014,-0.008650256205908757
NET,1889-01-03,18.5699144384,16.00128,49.879394884328335,372296.30554789474,0.020247870040249083,0.022389135505630042
NET,1890-01-16,19.258568864599997,15.99578,50.1109,384318.9578435031,0.030042236599468364,0.03339730672773822
NET,1891-01-29,19.3478407096,15.97757,50.1109,386100.4434085199,-0.009349141091793634,-0.007067281448317364
NET,1892-01-21,18.024412626479997,15.43685,50.1109,359690.45909133536,0.0005555721083472243,0.004120082042170958
NET,1893-01-27,19.661310736079997,15.82168,47.79385325475503,411377.3926383282,0.054136030614160724,0.061924605616329176
NET,1894-02-09,18.971467133839997,15.39017,50.1109,378589.6308755181,0.032537275541032695,0.03919382144758221
NET,1895-02-08,16.67305000504,15.69468,50.1109,332723.02044146083,-0.16199661213947203,-0.1505482585971153
NET,1896-02-21,18.897995549679997,15.71644,50.1109,377123.4511788852,0.08786981989355747,0.09152092818423752
NET,1897-03-06,18.848260696199997,15.7148,51.093272117345016,368899.07252194633,0.0068877150422310685,0.011466560257458625
NET,1898-02-26,19.89919753744,16.35703,50.1109,397103.17590464343,0.05523127906103009,0.04829907073097006
NET,1899-03-04,21.41424646192,16.64199,50.1109,427337.0955604469,0.04913790299715459,0.048222109979896066
NET,1900-03-17,20.80071130124,16.9317,50.1109,415093.5485341513,-0.02475121290034943,-0.030707551781015807
NET,1901-03-16,19.6867881184,17.20106,50.1109,392864.38915285893,-0.01437764143184539,0.002365729521797144
NET,1902-03-29,20.54495568684,16.6446,72.69779,282607.7063255981,0.05878383417219846,-0.2718914531624397
NET,1903-04-11,21.524515524199998,16.87253,72.69779,296082.11644673103,0.005251182037119717,0.001946194745302554
NET,1904-04-03,22.05056992164,16.85131,72.69779,303318.2978690274,0.015140700815260866,0.013989436827320123
NET,1905-04-09,23.17766262708,16.80496,77.9117,297486.2905966627,0.03162997620969943,-0.03140935970823844
NET,1906-04-22,24.89526124176,16.73681,79.92189,311494.90135631175,0.05754929359289096,0.030631438508372355
NET,1907-04-21,25.50937564656,16.88396,79.92189,319178.8338158669,0.016116950212562875,0.013386197433617797
NET,1908-05-04,26.153246270319997,16.89101,82.23309642927823,318037.9604556446,0.050949446364386475,0.01194812983039939
NET,1909-05-17,25.000775891,16.75425,82.59333,302697.2745983241,0.0014243009085872504,-0.0030043850185688115
NET,1910-05-09,27.44474005884,16.70105,87.07379,315189.45091100316,0.047574156313980875,0.035609367667723824
NET,1911-05-15,30.340582272,16.53984,87.07379,348446.7860190765,0.06251517042169952,0.05934217353638682
NET,1912-05-28,30.97200521636,16.75921,87.33609411417913,354630.0705395486,0.03205836643345705,0.026054645182653546
NET,1913-05-27,35.817496924560004,16.91889,89.0689,402132.4718791857,0.09609318922540888,0.08440779027256062
BRG,1837-01-13,0.07818986084,5.21218,2.474,31604.632514147124,0.5244885087338078,0.5227825878160339
BRG,1838-01-19,0.0688989834,6.81325,2.48032,27778.26385305122,-0.12651411174319316,-0.12826075169399698
BRG,1839-01-25,0.068317132,6.81115,2.49068,27429.1085165497,-0.008511021831798637,-0.01169280184251853
BRG,1840-01-31,0.0677905852,7.41213,2.5023,27091.31007473125,-0.01176524451614902,-0.01491930889373061
BRG,1841-02-06,0.06943727492,6.83709,2.51297,27631.55744795998,0.07058214390333695,0.06722156849755767
BRG,1842-02-12,0.07358974271999999,6.93296,2.52269,29171.139822966754,0.0480839026208022,0.045037389550312446
BRG,1843-02-18,0.07313754084,6.9319,2.53284,28875.705074146015,-0.0011418780035878928,-0.004120967106366891
BRG,1844-02-24,0.07606204996,6.85899,2.54029,29942.270354959473,0.03731725694073362,0.03513178427762198
BRG,1845-03-02,0.07752759456,6.94918,2.54936,30410.610725829225,0.0011906466049040887,-0.0015570817775164558
BRG,1846-03-08,0.07657908284,6.94718,2.55873,29928.55160177119,-0.010924600504666926,-0.01358465914865481
BRG,1847-03-14,0.07517518996,6.94646,2.56782,29275.879913701116,-0.015832243845548488,-0.01853142575726119
BRG,1848-03-20,0.07812979772,6.91826,2.57429,30350.037377296267,-0.1262210358775534,-0.12765027564209608
BRG,1849-03-26,0.07974703411999999,6.94953,2.58292,30874.75962089418,0.01225344844674825,0.009682097722480298
BRG,1850-04-01,0.09769068972,7.87871,2.59763,37607.6229948068,0.22545299265202656,0.21993359466645512
BRG,1851-04-07,0.09629696180000001,7.85404,2.61438,36833.57499674875,-0.07802168552027322,-0.08212885213068355
BRG,1852-04-13,0.09589329724,7.85714,2.6323899999999996,36428.22577201707,-0.0028108794038583795,-0.008067117108139676
BRG,1853-04-19,0.09563744476,8.15945,2.65048,36083.06599559325,-0.002852170268472287,-0.008038662987572609
BRG,1854-04-25,0.10189962172,7.15222,2.6665999999999994,38213.31347783695,0.06498025541117869,0.06022678647401669
BRG,1855-05-01,0.09618012976,8.36641,2.68401,35834.490095044355,-0.05590916373977928,-0.06071787823181207
BRG,1856-05-07,0.09669078067999999,8.46474,2.70817,35703.36451552155,0.006656907141207258,0.000049363893504406064
BRG,1857-05-13,0.09423172356,8.45746,2.73134,34500.18070251232,-0.01465116267015465,-0.02107787791061755
BRG,1858-05-19,0.09557747628,8.45725,2.7540699999999996,34704.083875863726,0.012178839151509191,0.0057006103879109205
BRG,1859-05-25,0.09652482788,8.45588,2.77838,34741.40609995753,0.007446462957967581,0.0010616484591365882
BRG,1860-05-31,0.09385669852,8.39786,2.8006,33513.06809969292,-0.029754254713275863,-0.035724458050251595
BRG,1861-06-06,0.10019712612000001,8.41494,2.82287,35494.77167563508,0.06822548326892264,0.06173877892473234
BRG,1862-06-12,0.10017356856,8.38133,2.84617,35195.91892262233,0.0018420926421733874,-0.004113289155093125
BRG,1863-06-18,0.10044299668,8.37907,2.8681999999999994,35019.5232828952,0.0023717844315149783,-0.0035815237589036375
BRG,1864-06-24,0.10069008352,8.37363,2.8903700000000003,34836.39932603784,0.0014343641293379505,-0.004409208100262574
BRG,1865-06-30,0.10141034904,8.37789,2.91345,34807.65039386295,0.0061339426514079864,0.00026201322448660136
BRG,1866-07-06,0.10181442752,8.37352,2.93543,34684.67226948011,0.0024961339369062863,-0.003321197151256672
BRG,1867-07-12,0.10142027376,8.36594,2.96008,34262.67998162212,0.001388397588068191,-0.004541852795801882
BRG,1868-07-18,0.09685843648,8.41065,2.98618,32435.565330957947,-0.0458216229159063,-0.052299573459953175
BRG,1869-07-24,0.09725629056,8.4505,3.01248,32284.46016571064,0.011002713665602348,0.004183376374619074
BRG,1870-07-30,0.10236262088,8.51555,3.0415900000000002,33654.312671990636,0.032919161626829396,0.0257649567492666
BRG,1871-08-05,0.10127044667999999,8.47666,3.0687,33001.090585589984,-0.004615769105072665,-0.011456653771937608
BRG,1872-08-11,0.0965780114,9.00982,3.09593,31195.15344339181,-0.019254630941317186,-0.025866305183906535
BRG,1873-08-17,0.10394911904000001,8.43974,3.12806,33231.17812318178,0.027269593174003903,0.019620788352146423
BRG,1874-08-23,0.10444456204000001,8.45132,3.15437,33111.06878394101,0.003516663217726812,-0.0029820323579324848
BRG,1875-08-29,0.104010686,8.46936,3.18198,32687.410354559113,-0.004405350825798848,-0.010842436294099866
BRG,1876-09-04,0.10409486724000001,9.41656,3.22275,32300.01310681871,0.0025764650910280462,-0.007109503549820206
BRG,1877-09-10,0.11175659975999999,9.50709,3.2630500000000002,34249.122679701504,0.0329095581826071,0.023088470782951953
BRG,1878-09-16,0.11272206712,9.50387,3.3067200000000003,34088.7849954033,0.006590969070060071,-0.0030552264403113094
BRG,1879-09-22,0.11773471735999999,9.47885,3.34822,35163.375572692355,0.04063904578845978,0.030622617080470205
BRG,1880-09-28,0.12131305992,9.51456,3.38987,35786.93575859841,0.02905522696913998,0.019273492020629668
BRG,1881-10-04,0.12214267728,9.5269,3.43454,35563.03821763613,0.0074230956996039765,-0.002077485947769797
BRG,1882-10-10,0.12289362279999999,9.52422,3.4766000000000004,35348.79560490134,0.004289255901271272,-0.005130867312754694
BRG,1883-10-16,0.12167300496000001,9.48939,3.5191800000000004,34574.24881932723,-0.01621446431966056,-0.025387650932873318
BRG,1884-10-22,0.10909381652,9.47669,3.56465,30604.355692704754,-0.0329928846222618,-0.041953787252574704
BRG,1885-10-28,0.12676229384,9.51978,3.6146800000000003,35068.74573682871,0.13419549311597367,0.12187011859007768
BRG,1886-11-03,0.1289106234,9.54607,3.66072,35214.55434996394,0.005787661764270924,-0.0034913704874679485
BRG,1887-11-09,0.13063824748,9.58832,3.70556,35254.65718541867,0.009740863807049749,0.0003864302410154785
BRG,1888-11-15,0.13076363508,9.58214,3.74983,34871.88354672078,0.0009649358634180594,-0.00818706609281905
BRG,1889-11-21,0.13089310416,9.57543,3.79775,34465.961203344086,-0.0005812020347104596,-0.0096985474258926
BRG,1890-11-27,0.13200248671999998,9.57917,3.84292,34349.52763003133,0.0078016042883897185,-0.0014156120451269683
BRG,1891-12-03,0.13288404376,9.57927,3.8882899999999996,34175.44569978063,0.003086313243983785,-0.005951173230670848
BRG,1892-12-09,0.13367330912,9.57889,3.93679,33954.89958062279,0.004377446728245582,-0.004622065335021297
BRG,1893-12-15,0.13440828284,9.57713,3.9826999999999995,33748.03094383208,0.0042401090387247375,-0.004724192824468454
BRG,1894-12-21,0.14369881552,9.03613,4.02781,35676.66188822214,0.07428657587095366,0.06501834762221081
BRG,1895-12-27,0.13146541148000002,9.48761,4.07435,32266.597489170053,-0.05567688857977693,-0.063830505786592
BRG,1897-01-02,0.12741614496,9.49241,4.12656,30877.085262300807,0.1298033579279605,0.11839151384997093
BRG,1898-01-08,0.1817863892,8.4619,4.1604,43694.44986059033,0.2630238066053001,0.2558102345486897
BRG,1899-01-14,0.18598561644,8.46693,4.18537,44437.07878634387,0.020869191239151652,0.016170723090764616
BRG,1900-01-20,0.18700240052,8.48109,4.21003,44418.305931311654,0.0028331930436791275,-0.0017244622475232063
BRG,1901-01-26,0.18477242108,8.46203,4.23717,43607.5071521794,0.003294208299808199,-0.0013515470579884559
BRG,1902-02-01,0.18924296144000002,8.49944,4.26261,44396.03000039882,0.020084035099789066,0.015369618511080319
BRG,1903-02-07,0.19025291324,8.51181,4.28845,44364.027385185786,0.004511304692161655,-0.00016341741495651263
BRG,1904-02-13,0.19092380528,8.49722,4.31632,44233.00526374319,0.00166204269424286,-0.0030214240343385823
BRG,1905-02-19,0.18995802280000001,8.50454,4.34211,43747.860556273336,0.001448494241935272,-0.003172275650296097
BRG,1906-02-25,0.19040357543999997,8.4834,4.36976,43573.00525429314,-0.006730575273578565,-0.01137428638945337
BRG,1907-03-03,0.19034785380000002,8.05263,4.39162,43343.425387442454,-0.01678341543768369,-0.020497458477289676
BRG,1908-03-09,0.20029693008,8.26737,4.41154,45402.950008387095,0.010241245953792166,0.006678242060883077
BRG,1909-03-15,0.2113833748,8.67148,4.44054,47603.07863458047,0.0312837183370267,0.026314447721031753
BRG,1910-03-21,0.20968580464,8.67975,4.46847,46925.63777758383,-0.0070562316115168056,-0.011854657767621068
BRG,1911-03-27,0.21174228764,8.71864,4.49628,47092.77172240163,0.005470995370650211,0.0006732589392490773
BRG,1912-04-02,0.21252267348,8.73221,4.52658,46949.943109367334,0.00450839267420533,-0.0003617852949454603
BRG,1913-04-08,0.21294399152000001,8.73684,4.55525,46746.93848197135,0.005587690756933661,0.0007035227561182911
BRG,1914-04-14,0.20534208656,8.67253,4.58451,44790.41087488085,-0.02919191047677583,-0.03397350693975476
BRG,1915-04-20,0.209715103,8.72277,4.61604,45431.82099808494,0.017509705697850597,0.01246225133332679
BRG,1916-04-26,0.21144129136,8.74263,4.65548,45417.72091384777,0.0025371218856835576,-0.0039889181478751645
BRG,1917-05-02,0.20697244099999998,8.80333,4.7067,43974.00322943889,-0.0239603107138312,-0.03176621267568858
BRG,1918-05-08,0.20873957104000002,8.81218,4.75666,43883.64336320023,0.006534039795756508,-0.0015622105051418256
BRG,1919-05-14,0.22350999268,8.93319,4.80701,46496.67728588041,0.056760085894316914,0.048196644036982095
BRG,1920-05-20,0.223393261,8.82475,4.86109,45955.384697670685,-0.0011957048390273117,-0.009303100351765625
BRG,1921-05-26,0.22174020076,8.81369,4.90972,45163.51253431968,-0.00519838031239761,-0.012814939948824877
BRG,1922-06-01,0.22285603652,8.82308,4.95914,44938.44427057917,0.004376378534122871,-0.0033443112967279642
BRG,1923-06-07,0.22380642648,8.82323,5.01207,44653.491766874766,-0.0024720685099812734,-0.010162396373035731
LAH,1837-01-13,0.1409528536,6.35756,0.690925963994523,204005.72701754386,0,0
LAH,1838-01-26,0.12592796164,7.47114,0.741,169943.26807017543,0.0038400079840217316,0.008402825312921136
LAH,1839-01-25,0.13144373476,8.74519,0.7410000000000001,177386.95649122805,0.03204841745782616,0.03195440158350982
LAH,1840-02-07,0.11800650524,9.17456,0.741,159253.04350877192,-0.0528841176638557,-0.040382012573773274
LAH,1841-02-20,0.097967155,9.93635,0.7391896289441436,132533.1838596491,-0.06393866742254584,-0.08870027600138986
LAH,1842-02-12,0.0980112224,9.81543,0.7410000000000001,132268.85614035086,0.14575594704553008,0.1523306155866937
LAH,1843-02-18,0.09587604728,9.71121,0.741,129387.37824561403,0.03417671210507045,0.040953928356135094
LAH,1844-03-03,0.11762728692,9.73559,0.741,158741.27789473685,0.21137725645014527,0.1909765402139616
LAH,1845-03-02,0.08990524296,8.41295,0.741,121329.61263157896,-0.3632652796962701,-0.34282700791960097
LAH,1846-03-15,0.06197884992,5.83488,0.7410000000000001,83642.17263157894,-0.34704121162438206,-0.33651930306159716
LAH,1847-03-28,0.12274639883999999,6.6385,0.741,165649.66105263156,0.8317682670980706,0.8461259882270216
LAH,1848-03-20,0.12759740760000002,6.45855,0.7410000000000001,172196.23157894737,0.021395982940213054,0.021032406558648686
LAH,1849-03-26,0.079891383,6.24528,0.741,107815.63157894737,-0.16920605371134145,-0.1680269184674904
LAH,1850-04-08,0.06610637695999999,6.78925,0.7409999999999999,89212.38456140351,-0.07355595027862627,-0.06839520712089353
LAH,1851-04-07,0.07435243764,6.6272,0.741,100340.67157894737,-0.1285863593758365,-0.1937737462933231
LAH,1852-04-20,0.08165657032,6.76979,0.7439759632452745,109757.0007017544,0.05870708885606479,0.05657114653369821
LAH,1853-05-03,0.06435447148,6.94167,0.741,86848.13964912281,-0.0629490540552643,-0.013753463696998813
LAH,1854-04-25,0.07019652796,6.99693,0.741,94732.15649122807,0.061546753618421546,0.058086048683307245
LAH,1855-05-01,0.033559952920000004,6.20286,0.741,45290.084912280705,-0.5013355244118639,-0.4991349423488254
LAH,1856-05-14,0.037810896760000004,6.91739,0.8403097550257493,44996.37964912281,-0.12852763347807028,-0.14610154724219215
LAH,1857-05-13,0.03502091476,5.50462,0.741,47261.693333333336,0.08752143453997951,0.1075352592595864
LAH,1858-05-26,0.07535070244,5.73677,0.741,101687.85754385965,0.6963004020928947,0.7465303011243452
LAH,1859-06-08,0.04866253912,6.87619,0.741,65671.44280701755,-0.15101258979002163,-0.17836313265263126
LAH,1860-05-31,0.050031437039999994,7.07563,0.741,67518.80842105263,-0.10485982028587759,-0.14125510937826435
LAH,1861-06-06,0.03077359012,5.75017,0.741,41529.811228070175,-0.37214807177105214,-0.3750494068580017
LAH,1862-06-19,0.015134774719999999,5.76316,0.741,20424.797192982456,-0.3965030007176278,-0.3923772907726871
LAH,1863-06-18,0.005142416239999999,4.10573,1.399754800711038,3673.797894736842,-0.6456094953875455,-0.64591099230627
LAH,1864-07-01,0.0118130142,5.90114,0.741,15941.98947368421,-0.15869471116714706,-0.2446159520196709
LAH,1865-07-14,0.00810364048,7.19793,0.741,10936.08701754386,-0.24281041471138043,-0.20592621393190125
LAH,1866-07-06,0.008476589679999999,8.00794,0.741,11439.392280701753,-0.08519817061589074,-0.09269914516042477
LAH,1867-07-12,0.00698047844,8.14688,0.7290772702972149,9574.401403508773,-0.13608863417895456,-0.1353760981812706
LAH,1868-07-25,0.00621400936,7.72014,0.741,8385.97754385965,-0.0666501913425559,-0.06533757257936001
LAH,1869-07-24,0.00536813472,7.72965,0.741,7244.446315789473,-0.08787141903649076,-0.0851389431849684
LAH,1870-08-06,0.00542650108,7.44759,0.741,7323.213333333333,0.013670744346897301,0.0152411603009317
LAH,1871-08-19,0.00383902272,6.8079,0.7016203290836792,5471.652631578947,-0.21829959220588557,-0.22002204426644845
LAH,1872-08-11,0.0028791256,7.07501,0.741,3885.4596491228067,-0.15856675713634438,-0.16196846884863958
LAH,1873-08-17,0.00254445048,7.43521,0.741,3433.8063157894735,-0.07827719473042005,-0.06957263222662669
LAH,1874-08-30,0.0013628102799999999,7.80682,0.741,1839.1501754385963,-0.35748504130552905,-0.35520736817113985
PAN,1837-01-13,3.33290227348,9.61055,82.77845,40262.92197401618,0,0
PAN,1838-01-19,3.34966473036,9.63456,84.6321,39579.12813648722,0.013092431094544388,-0.0038083647957267708
PAN,1839-01-25,3.75842903748,10.35834,86.5898,43404.985777539616,0.03945558303159036,0.021650624504947924
PAN,1840-01-31,3.9114141133599998,9.62131,88.53918,44177.21186665609,0.01683390135746654,0.00027322442724542206
PAN,1841-02-06,4.1283235858800005,9.66217,90.44121,45646.48776680454,0.0348679705742001,0.017965896543337134
PAN,1842-02-12,4.16795758236,9.63568,92.3662,45124.272540821206,-0.004509644987541472,-0.02021320905934154
PAN,1843-02-18,4.34823365964,9.68351,94.36098,46080.84464192721,0.026072703418323018,0.009965616689342482
PAN,1844-02-24,4.34165399824,9.64679,96.26365,45101.69724750723,0.0006535435446963778,-0.014502695939118015
PAN,1845-03-02,4.80622179544,9.3979,98.01236,49036.89489203198,0.08950973872697965,0.07450513435551831
PAN,1846-03-08,5.26952665044,9.46573,99.71677,52844.93922576915,0.027936074296447178,0.015116600185004714
PAN,1847-03-14,6.31962853548,8.97808,101.50086,62261.822564656104,0.1288989775288092,0.11350771339701038
PAN,1848-03-20,6.561612333119999,9.24189,103.24929,63551.16178639097,0.04690812870380556,0.03393326463488111
PAN,1849-03-26,7.60645102464,9.08935,104.96582000000001,72465.98011276433,0.08414360270271337,0.07040998721284808
PAN,1850-04-01,8.06480852424,9.80898,106.69091999999999,75590.39254924412,0.0452366869666565,0.032623086006684954
PAN,1851-04-07,7.8923048287199995,9.52826,108.6653,72629.48548174991,-0.01177638504151568,-0.025150343628660532
PAN,1852-04-13,9.01686271096,9.54391,110.50834000000002,81594.40917273755,0.1227511015283993,0.10831826517109877
PAN,1853-04-19,9.07150220392,9.54235,112.38921999999998,80715.05615858888,0.011098273387014412,-0.0017289016717488837
PAN,1854-04-25,9.706514653160001,9.56188,114.3462,84887.07672979076,0.06352867187062672,0.05006760037931257
PAN,1855-05-01,10.16836195596,9.58817,115.67566,87904.0755502065,0.03829953911184547,0.029036733348190236
PAN,1856-05-07,10.663903537040001,9.45397,116.94387,91188.22164034763,0.0522847094317862,0.043681653594391134
PAN,1857-05-13,11.23108840724,9.34225,118.18049,95033.35455149999,0.056612146669238195,0.048356714837131776
PAN,1858-05-19,11.75611833916,9.40181,119.41818,98444.96323055669,0.04864582386631788,0.040379844331760895
PAN,1859-05-25,12.15100300024,9.38028,120.96426,100451.18285549799,-0.0008601839103845599,-0.01026101513324651
PAN,1860-05-31,13.09160935888,8.98153,122.21245,107121.7323511639,0.06539794876682015,0.056845726309694644
PAN,1861-06-06,14.20474767712,9.65468,123.81648,114724.20857966565,0.033582973390050785,0.02347810962449448
PAN,1862-06-12,14.961415717560001,9.81706,125.7134,119012.09988402193,0.021124289347642433,0.009613418985846778
PAN,1863-06-18,15.04598699396,10.00049,127.63149,117886.16581973618,-0.0021406629675915223,-0.013748022912368096
PAN,1864-06-24,14.465354918560001,9.5872,129.50456,111697.64924540109,-0.004402989166998661,-0.015242787701122862
PAN,1865-06-30,14.82200393596,9.78793,131.43554,112770.13763522408,0.011835484372159977,0.0008300888104744164
PAN,1866-07-06,15.365948548079999,9.6704,133.40858,115179.61249628771,0.023358450105095407,0.01169129575196104
PAN,1867-07-12,16.73006797332,9.82242,134.98764,123937.77662399314,0.06882964475461173,0.05979420368395805
PAN,1868-07-18,17.3075794476,9.87823,136.46035,126832.29559062394,0.03258847664065789,0.024217262467537637
PAN,1869-07-24,18.406428890719997,9.87525,137.92802,133449.52599711064,0.03978161652328849,0.03133180917059919
PAN,1870-07-30,19.526000195,9.62758,139.37266,140099.21454466035,0.05423204777319568,0.0460429421833386
PAN,1871-08-05,20.33952160344,9.77544,140.68131,144578.70490003258,0.017424181803647132,0.010175119872591898
PAN,1872-08-11,21.57996601176,9.91638,142.01801,151952.31936963488,0.0503254652343208,0.04287699915006815
PAN,1873-08-17,23.0519431532,10.7456,143.67028,160450.32523915177,0.05847054493246939,0.04928552930075458
PAN,1874-08-23,25.07985717172,10.80625,145.32328,172579.76266238966,0.02118034435448357,0.012291395303641206
PAN,1875-08-29,27.8997601974,10.90813,147.17473,189568.9579141745,0.07742823056326054,0.06735609431323297
PAN,1876-09-04,29.75483502992,11.09216,149.38694,199179.62728147453,0.050412501941852206,0.038717706018799536
PAN,1877-09-10,33.11211378592,11.28265,151.53123,218516.76242527697,0.08865885484828362,0.07687258990175505
PAN,1878-09-16,36.283696682999995,11.29076,153.64683,236149.98554151753,0.06209460664612765,0.05111410193168142
PAN,1879-09-22,39.33410725192,11.5506,155.69869,252629.66086561166,0.060875773213866724,0.05027416751404701
PAN,1880-09-28,42.06761575224,11.58515,157.50136,267093.66669748124,0.04208721715085795,0.03296008576242637
PAN,1881-10-04,45.54597696688,11.84519,159.45085,285642.735469143,0.04913212974358361,0.03936325294672449
PAN,1882-10-10,49.725402680200006,12.42525,161.44217,308007.52170390176,0.05717386343980557,0.04732185494237351
PAN,1883-10-16,46.65144643796,12.5864,163.48561,285355.06236885313,-0.04490657041779045,-0.05391018509841605
PAN,1884-10-22,48.987700099,12.81231,165.59365,295830.7887953433,0.04640208514383781,0.03632700363053898
PAN,1885-10-28,49.36359383592,12.91518,167.71880999999996,294323.53971459734,0.0028049957208273746,-0.006803527857343505
PAN,1886-11-03,49.44234114612,13.28901,169.94223000000002,290936.1678149098,-0.017954700347824426,-0.027634414660924422
PAN,1887-11-09,53.17711690356,13.60135,172.23916,308739.9921339607,0.05861700928047875,0.047895335337670764
PAN,1888-11-15,53.1575313178,13.62222,174.60315,304447.7222650336,-0.00039489424201755163,-0.010627822382597296
PAN,1889-11-21,54.97044769372,13.60078,176.99836,310570.3786957122,-0.02535050823114593,-0.03527404618530727
PAN,1890-11-27,54.80090679856,13.22535,179.27946,305673.0915998966,0.04002832793487321,0.029798097699343495
PAN,1891-12-03,60.70136629076001,14.04566,181.20958,334978.79246097256,0.08130039973197545,0.07284444886876584
PAN,1892-12-09,62.34452606096,14.38606,183.68107,339417.26309063856,0.022204781799581186,0.011714422090181476
PAN,1893-12-15,60.8973699074,15.91531,186.45308,326609.6216131157,-0.022976550700311127,-0.03381895639048438
PAN,1894-12-21,62.726298511239996,16.8724,189.73804,330594.215641945,0.07468818978423175,0.06062965766748163
PAN,1895-12-27,64.18266228868,17.03866,193.10404,332373.48265049246,0.033527209748844156,0.019811325843823058
PAN,1897-01-02,67.8593010992,16.92419,205.23909,330635.3633666959,0.04643756447955405,0.02919299513105189
PAN,1898-01-08,68.78706672396,16.93901,208.88778000000002,329301.5356090241,0.02199365482602933,0.008550294097545041
PAN,1899-01-14,72.20215548936001,17.49004,216.76341999999997,333091.9741410244,0.04196473854685179,0.01626250838051302
PAN,1900-01-20,77.19453099383999,17.56851,231.93035000000003,332834.96960979875,0.05200144653576522,-0.001464308117865576
PAN,1901-01-26,82.2841586372,17.64232,235.72939,349061.9419038076,0.04567867619416832,0.03289110779988991
PAN,1902-02-01,84.64392533064,17.84184,244.77814,345798.5477405785,0.02603125184121735,-0.003063952670113168
PAN,1903-02-07,85.28313046551999,17.70652,255.42007999999998,333893.60173060786,0.008498574173212203,-0.024464807729981608
PAN,1904-02-13,92.74905874416,17.89983,261.76575,354320.83358560083,0.06397378170642787,0.045296393470464213
PAN,1905-02-19,95.80978341948,17.98676,268.82238,356405.5322309102,0.02645946715294123,0.006697784201621593
PAN,1906-02-25,112.23999017659999,17.5092,287.3014,390669.8337585546,0.13866585507559126,0.07949677137025213
PAN,1907-03-03,126.29454229235999,17.61867,301.12199,419413.21619307844,0.09823460147414309,0.06123150986827608
PAN,1908-03-09,132.944305689,18.19973,308.62868,430758.1061131454,0.042993334444790365,0.02365031354632907
PAN,1909-03-15,144.52972086488,18.74596,315.67788,457839.2406363094,0.09330431447703091,0.07489218325639135
PAN,1910-03-21,142.87154766144002,19.24322,322.76967,442642.4194734282,-0.011503977756564532,-0.027980614204864973
PAN,1911-03-27,155.39924784592,19.14594,329.35279,471832.1889604153,0.060059819819708204,0.04414852507934586
PAN,1912-04-02,154.36695945632,19.30223,335.22473,460487.98206600087,0.006256951441647951,-0.007232303289715469
PAN,1913-04-08,155.07453609959998,19.42866,340.86115,454949.2838934563,0.0003453563505226853,-0.01203816412986125
PAN,1914-04-14,159.070236169,19.81906,346.29959,459342.8371341704,0.02696771864053793,0.014829135940698235
PAN,1915-04-20,163.98716055488,19.27814,351.47224,466572.1553283411,0.012847867952436198,0.0017026549444632
PAN,1916-04-26,163.30936281608,18.4218,354.4883,460690.4171902994,-0.013546175507483937,-0.01927668896398349
PAN,1917-05-02,165.46629284588,18.07854,359.45678,460323.19336383085,0.02692681799789609,0.01581151335782649
PAN,1918-05-08,171.89634715656,17.8457,362.75993,473857.0413677167,0.030761222964475143,0.023563134960808085
PAN,1919-05-14,179.08674265663998,18.02476,365.67569,489741.9969499203,0.05925564837910047,0.05305728276137822
PAN,1920-05-20,173.52570873976,17.99908,367.87072,471702.9633121114,-0.013223443773313415,-0.01770477698147499
PAN,1921-05-26,139.47414523587997,14.6176,367.97908,379027.3763276977,-0.20474637965637232,-0.20538923589215485
PAN,1922-06-01,175.74249580316,16.44616,368.04049,477508.5909791067,0.20977835335056771,0.20953304997180133
PAN,1923-06-07,179.47036725488002,16.59111,370.62483,484237.30070885975,0.013962288097579378,0.008530772406283305
CHT,1837-01-13,0.052471516239999995,9.30741,2.9328,17891.26985815603,0.2239880960134697,0.1990053333099988
CHT,1838-01-19,0.060036675920000004,9.31725,3.00752,19962.1867585253,0.10971077154105235,0.08832837641117464
CHT,1839-01-25,0.0693383392,9.30508,3.08276,22492.292361390442,0.14948557756950964,0.12795095810393442
CHT,1840-01-31,0.07312107504,9.30589,3.16094,23132.699462818022,0.03695230636687552,0.01793938666980477
CHT,1841-02-06,0.07670270608,9.29889,3.23598,23703.084098171188,0.1732219973646585,0.1524089237168056
CHT,1842-02-12,0.07313031908,9.29525,3.31575,22055.43816029556,-0.058961665102641,-0.07575285850324809
CHT,1843-02-18,0.08101033771999999,9.29451,3.39939,23830.845451683977,0.05153973681382884,0.03168385124747819
CHT,1844-02-24,0.0542123296,10.151,3.48551,15553.629052850227,-0.08316728076585767,-0.100931749478957
CHT,1845-03-02,0.05537141012,10.16294,3.57983,15467.608830586929,0.014978387423997264,-0.004495002279130467
CHT,1846-03-08,0.05977427456,10.15612,3.66683,16301.34872901116,-0.14295434967696363,-0.15829263228460133
CHT,1847-03-14,0.06307508376,10.14675,3.7584899999999997,16782.027825004192,0.046389039033915225,0.026582358820364194
CHT,1848-03-20,0.06162311844,10.19199,3.85929,15967.475478650218,-0.010249695765972788,-0.029073776897493353
CHT,1849-03-26,0.06203365012,10.20824,3.95645,15679.118937431283,0.0035185522841212347,-0.01560864399765538
CHT,1850-04-01,0.062153477879999995,10.34226,4.06124,15304.064246387803,-0.0023472696704195384,-0.021341574771833516
CHT,1851-04-07,0.06197624836,10.35684,4.1543,14918.577945742963,-0.018336977495497564,-0.03543400566649613
CHT,1852-04-13,0.09794122988,9.51252,4.24978,23046.188245038564,0.4605151051979828,0.4346195553201595
CHT,1853-04-19,0.10580271104,9.33218,4.35165,24313.240044580787,0.061776232705403666,0.0434504676870473
CHT,1854-04-25,0.10193200524,7.27578,4.42426,23039.334315795182,0.0031061042339968203,-0.010246504085730135
CHT,1855-05-01,0.13512670912000002,7.65205,4.45073,30360.57211288935,0.4260470490401169,0.4194149872116264
CHT,1856-05-07,0.12879889724000002,7.45505,4.49618,28646.294685710982,0.019094143746350767,0.011753168668126257
CHT,1857-05-13,0.12829827036,8.0192,4.56694,28092.83028899,-0.024060214102514688,-0.0357114359681604
CHT,1858-05-19,0.13316705064,8.11512,4.64178,28688.78978322971,0.038934727061685326,0.02605451071534426
CHT,1859-05-25,0.13848674736,8.14774,4.7219,29328.606569389445,0.03949814114192529,0.026481334031956294
CHT,1860-05-31,0.14033516952,8.14909,4.79906,29242.22025146591,0.0018215831875432187,-0.010523630993351962
CHT,1861-06-06,0.13946573524,8.13724,4.8796,28581.38684318387,-0.0067963006003159965,-0.018960199907108177
CHT,1862-06-12,0.14019071247999998,8.12368,4.95893,28270.3551935599,0.004112747036504771,-0.008152457401987445
CHT,1863-06-18,0.14632754032,8.11206,5.03808,29044.306624745936,0.019616840063662044,0.007247250413575879
CHT,1864-06-24,0.14491522552,8.10731,5.12259,28289.444503659284,-0.014456643875895403,-0.02636115808277717
CHT,1865-06-30,0.14241229652,8.22655,5.21261,27320.727336209693,-0.0022249301936336785,-0.015452397390712358
CHT,1866-07-06,0.1451315788,8.28951,5.30397,27362.820453358523,0.007455976717648083,-0.006039908109400249
CHT,1867-07-12,0.14492528596,8.28053,5.39121,26881.773472003504,-0.002373374681326368,-0.014165968525132855
CHT,1868-07-18,0.14569177844,8.24311,5.46551,26656.575221708496,0.0051469534896431135,-0.005374998223327987
CHT,1869-07-24,0.14540620952,8.23501,5.53988,26247.176747510777,-0.00210965190793444,-0.012369930711195742
CHT,1870-07-30,0.14542108516,8.22525,5.61727,25888.213520090718,-0.00006071852615407991,-0.010250653328899406
CHT,1871-08-05,0.14610129715999998,8.22071,5.69131,25670.94344887205,0.0019707148021461673,-0.008044880883871008
CHT,1872-08-11,0.14739695308,8.03516,5.79225,25447.270590875738,0.005941620395857106,-0.007085998974844077
CHT,1873-08-17,0.14678756144,8.01978,5.88953,24923.47631135252,-0.0025874114442707707,-0.015069489975533812
CHT,1874-08-23,0.14841327903999998,8.01552,5.98581,24794.18475360895,0.010417019938402383,-0.0021809059296062916
CHT,1875-08-29,0.1498179748,8.01369,6.09003,24600.53149163469,0.005924424325679967,-0.006674766415684652
CHT,1876-09-04,0.1499198272,8.00596,6.19071,24216.90358617994,0.001407645092263543,-0.011118178238688436
CHT,1877-09-10,0.16100795932,7.99369,6.29171,25590.492778592783,0.028063108989560437,0.015255415031909747
CHT,1878-09-16,0.14879956052,8.04227,6.401109999999999,23245.899620534565,-0.07345187555342325,-0.0850307867046618
CHT,1879-09-22,0.15255557199999997,8.05783,6.5001,23469.72692727804,0.0074882828883604535,-0.0045847184335333635
CHT,1880-09-28,0.15771822248,8.80036,6.59006,23932.744539503434,0.04093674754308951,0.03057476681099347
CHT,1881-10-04,0.16307547464,8.81135,6.69055,24374.001336213016,0.017374899869545324,0.005710992243720403
CHT,1882-10-10,0.1593370064,8.79902,6.79159,23460.928354037864,-0.02577666703267456,-0.03689742795584594
CHT,1883-10-16,0.16698435156000002,8.80261,6.92599,24109.817016773057,0.05236765479633876,0.037218655047147164
CHT,1884-10-22,0.15935074428,8.78978,7.059539999999999,22572.397674636028,-0.03721766075357469,-0.0510930881709738
CHT,1885-10-28,0.16345381832,8.79841,7.19228,22726.28684089051,0.025572796440228363,0.010883211339050458
CHT,1886-11-03,0.15810786472000002,8.26631,7.32966,21570.968465112983,-0.0151057007158788,-0.028499504909384688
CHT,1887-11-09,0.16467575696,8.27539,7.4562,22085.74836511896,0.04110526380677859,0.027508420749935425
CHT,1888-11-15,0.1619974798,8.26186,7.58425,21359.72308402281,-0.0167322496529414,-0.02956187372623853
CHT,1889-11-21,0.16672654543999998,8.27125,7.72217,21590.633907308435,0.02861071550075911,0.015144493064338516
CHT,1890-11-27,0.16598589124,8.69555,7.86205,21112.29148122945,-0.005354039129454535,-0.018975340975160848
CHT,1891-12-03,0.16982958564,8.71004,7.97962,21282.91643461719,0.007970275566352214,-0.003016787148259592
CHT,1892-12-09,0.17246391604,8.72017,8.06117,21394.4025544679,-0.005819934670083016,-0.013416986600853553
CHT,1893-12-15,0.18655509443999999,8.76009,8.14615,22901.013907183144,0.05210459198605122,0.04363174479504073
CHT,1894-12-21,0.21444581028,7.09127,8.26514,25945.817043631443,0.16071550237069498,0.14795393782258226
CHT,1895-12-27,0.18442773128,8.55846,8.38315,21999.81287224969,-0.13319356519084558,-0.1423787475439784
CHT,1897-01-02,0.17371647331999998,8.70336,8.53073,20363.61170966611,-0.05079057337818693,-0.06367519003449618
CHT,1898-01-08,0.17885369528,8.71706,8.6604,20651.897750681266,0.029372442681598443,0.018137158104260864
CHT,1899-01-14,0.1748555822,8.70695,8.78399,19906.168176420968,-0.022740834264791454,-0.03336306677644374
CHT,1900-01-20,0.18126346212000002,9.33949,8.91283,20337.363342507375,0.029890290641553685,0.01869139583338275
CHT,1901-01-26,0.18130319896000002,9.33794,9.06767,19994.463733241286,-0.00362591926180722,-0.016216333006557226
CHT,1902-02-01,0.18455351616,9.35397,9.21739,20022.318265799753,0.02252961453353519,0.009690495714424818
CHT,1903-02-07,0.21464815008,9.37586,9.39932,22836.5615895618,0.057578628833071965,0.042399893874103034
CHT,1904-02-13,0.19381164088,10.32306,9.59312,20203.191545607682,-0.03765021923924461,-0.05243105623669708
CHT,1905-02-19,0.1996694206,10.35262,9.81333,20346.75493435969,0.03591395527647867,0.0178990764652327
CHT,1906-02-25,0.20038791811999998,10.36446,10.05361,19931.936699354756,0.003986212975905845,-0.013471156100879123
CHT,1907-03-03,0.22095315788,10.60868,10.28188,21489.56784945944,0.07296551640570748,0.05446687895497537
CHT,1908-03-09,0.33332866216,10.31448,10.50308,31736.277564295426,0.22991524387671625,0.21010782115491966
CHT,1909-03-15,0.2299294504,10.35197,10.75178,21385.24508499988,-0.11172023956868904,-0.12689911718705804
CHT,1910-03-21,0.23363332511999998,10.36924,10.99125,21256.30161446605,0.10403415757986267,0.08563328108767565
CHT,1911-03-27,0.24581623092,10.38105,11.247,21856.159946652442,0.05059320005182277,0.032991231642549135
CHT,1912-04-02,0.24922641848,10.38701,11.49756,21676.461656212276,0.013033277907319896,-0.003895905741273187
CHT,1913-04-08,0.26287918124,10.11759,11.72571,22419.04168191095,-0.03558749884552592,-0.04946837871263998
CHT,1914-04-14,0.2736548568,10.13792,11.99203,22819.727502349477,0.040508991765313196,0.02346802902627232
CHT,1915-04-20,0.24249039256000002,10.89296,12.25778,19782.57013586473,-0.07882626807702708,-0.09409322293221656
CHT,1916-04-26,0.27304172064000004,9.91513,12.5162,21815.06532653681,0.011582317286187749,-0.0046943373151124845
CHT,1917-05-02,0.25530263148,9.95183,12.77879,19978.623287494356,-0.11199015373422128,-0.12525636413340357
CHT,1918-05-08,0.26692795116,9.92095,12.99442,20541.736465344355,0.03353678480699385,0.020242971356023265
CHT,1919-05-14,0.27364597207999997,9.41764,13.19921,20731.996239168857,0.016618286242297664,0.004366867087173931
CHT,1920-05-20,0.27957086092,9.18035,13.39105,20877.44134477879,0.014398168026226177,0.0038792962831137867
CHT,1921-05-26,0.2850179228,9.1554,13.57252,20999.63181487299,0.016224469614434023,0.005687549773776501
CHT,1922-06-01,0.2836705378,8.93631,13.75453,20623.789965923952,0.004633782825193,-0.0051171827375027235
CHT,1923-06-07,0.29840582928,8.93552,13.92018,21436.92317771753,0.010495700770509098,0.0012331201864976826
JEY,1837-01-13,0.08134072596,8.28888,2.52784,32177.95665864928,0,0
JEY,1838-01-19,0.2207666292,8.11202,2.6004,84897.18089524689,1.505018949999112,1.4517707384318541
JEY,1839-01-25,0.21923068492,8.1337,2.67454,81969.4919201059,-0.06325391228719113,-0.08252664261603082
JEY,1840-01-31,0.21381715628,8.13898,2.7336299999999993,78217.29944432862,-0.0010664412427847658,-0.017624599062132207
JEY,1841-02-06,0.18518358716,8.28317,2.79323,66297.29279722758,-0.12228720151365746,-0.13653165693359026
JEY,1842-02-12,0.27295671571999996,7.91258,2.84824,95833.46758700108,0.4552418377502121,0.43605639879587677
JEY,1843-02-18,0.30585979528,7.95789,2.91828,104808.2415943638,0.12699505315459803,0.10606392192684222
JEY,1844-02-24,0.30894686368,8.03351,2.99411,103184.87419633882,0.013543540841064239,-0.005394928913241115
JEY,1845-03-02,0.30940791024,8.1791,3.02289,102355.00141917172,0.0027695121689581548,-0.0033609693323105594
JEY,1846-03-08,0.31352402276,7.94851,3.04563,102942.2558748108,0.007311392436234021,0.0023698534672704774
JEY,1847-03-14,0.41442828076,8.0899,3.07321,134851.92380605295,0.13560879971014517,0.1303127668090749
JEY,1848-03-20,0.71555263156,7.89788,3.0637,233558.32214642427,0.6901249565673515,0.6933543290137885
JEY,1849-03-26,0.99706934392,8.12325,3.0291699999999997,329155.95490513905,0.37523591957341074,0.38361060481196785
JEY,1850-04-01,1.0215396386,7.99793,3.0226,337967.19334347907,0.03747530717113601,0.04189537802994092
JEY,1851-04-07,1.01001285164,8.08385,3.01402,335104.89367688337,-0.009475053044840864,-0.004227211745038373
JEY,1852-04-13,1.01807079452,8.0699,3.07516,331062.70715019706,0.01757214081216185,0.000762795743828093
JEY,1853-04-19,0.95786482532,8.07132,3.14144,304912.6595828665,-0.05928915763940401,-0.07351901997112087
JEY,1854-04-25,0.91259970308,8.0597,3.22258,283189.15374637715,-0.05356954879200093,-0.07328211453058342
JEY,1855-05-01,0.9248443906,8.19779,3.2847899999999997,281553.5819945872,0.008769463784038756,-0.005318333333629632
JEY,1856-05-07,0.94041910456,8.2092,3.35767,280080.86100182566,0.01894138462024353,0.0018077318969287326
JEY,1857-05-13,0.9401240924400001,8.37325,3.43441,273736.7094901308,0.000047246181304583246,-0.01779277676527813
JEY,1858-05-19,1.0914481370000002,8.57136,3.50957,310991.9839182578,0.09603221308692511,0.07859645569746054
JEY,1859-05-25,1.2413372452,9.62391,3.60799,344052.2964864093,0.06809268260376489,0.04670026154246698
JEY,1860-05-31,1.1341597295599999,9.50022,3.70824,305848.52370936074,-0.07359793415481031,-0.09242990192825684
JEY,1861-06-06,1.1447060352,8.54707,3.8353999999999995,298458.05788183765,0.03092771977456965,0.0034661168364205075
JEY,1862-06-12,1.2674958088,8.75332,3.9272,322747.9651660216,0.06673845790894983,0.045783176624111466
JEY,1863-06-18,1.40168930928,8.91267,4.01913,348754.409357249,0.08235995385263117,0.06302983445101074
JEY,1864-06-24,1.42147857384,9.06385,4.08633,347861.9137074098,0.030874019481443193,0.01734902436543262
JEY,1865-06-30,1.4269675102800001,9.6506,4.14992,343854.22135366464,-0.0069850449153685545,-0.018237352887741864
JEY,1866-07-06,1.41642158944,9.9341,4.27566,331275.5432939008,0.00495580148352337,-0.01652059808064421
JEY,1867-07-12,1.48536615344,10.01775,4.28694,346486.3407092238,0.026763375930112687,0.02422628908583291
JEY,1868-07-18,1.4155192479999998,9.68864,4.30929,328480.85136994725,-0.06983762677605676,-0.07341861178664388
JEY,1869-07-24,1.45616974568,9.05904,4.34331,335267.2836339105,0.028106579928592,0.022345686590802716
JEY,1870-07-30,1.41497653076,9.08452,4.40966,320881.0953134709,-0.01698689935805231,-0.028948441406210335
JEY,1871-08-05,1.40914425496,9.09697,4.46085,315891.4231502965,-0.0043494732030833205,-0.013024912080075057
JEY,1872-08-11,1.39305552308,9.23675,4.51704,308400.08569328586,-0.014041857909027566,-0.023344441106729397
JEY,1873-08-17,1.4032817552,9.24666,4.57278,306877.1633885733,-0.007639415109504721,-0.01678776107028057
JEY,1874-08-23,1.3872099311200001,9.21237,4.63534,299268.21573390515,-0.008867172760764652,-0.021588235807238565
JEY,1875-08-29,1.65339850676,9.33411,4.68805,352683.6332291678,0.15826336039255207,0.14835669071148194
JEY,1876-09-04,1.59880333756,9.4723,4.74096,337231.9820373932,-0.03542874615903735,-0.04353925563166716
JEY,1877-09-10,1.6031033324800001,9.45351,4.79365,334422.27373295923,0.01269252548371469,0.00432980716423681
JEY,1878-09-16,1.43232223316,9.86767,4.84969,295343.0493825379,-0.0452645995264187,-0.0536146243868697
JEY,1879-09-22,1.62780044804,9.8916,4.90796,331665.386034116,0.0842291369879522,0.07440008347267058
JEY,1880-09-28,1.654939572,10.08076,5.00068,330942.9061647616,0.02265599295264087,0.00762491549462152
JEY,1881-10-04,1.4810021184400002,9.44216,5.06523,292385.9564995075,-0.048574682539091474,-0.05747438057132204
JEY,1882-10-10,1.66894084656,9.53383,5.12121,325887.9925954999,0.06047087178849764,0.05177449676826962
JEY,1883-10-16,1.71874657552,10.08979,5.17463,332148.6899585091,0.13055618199638896,0.12155070950783431
JEY,1884-10-22,1.72182006152,10.09786,5.230229999999999,329205.419555163,0.013782144756187442,0.005642659453388044
JEY,1885-10-28,1.76420357308,10.10819,5.28807,333619.55743399763,-0.02125066362958361,-0.0292690099240549
JEY,1886-11-03,1.72025235772,10.19887,5.34,322144.63627715356,-0.043454133798726424,-0.050447640728669696
JEY,1887-11-09,1.78486168796,10.38796,5.39449,330867.5496590039,0.006218447843999497,-0.0014511887645488608
JEY,1888-11-15,1.8557694662,10.34944,5.52523,335871.89423788694,0.032600831958128795,0.013846408910498154
JEY,1889-11-21,1.6635735194,10.54366,5.66972,293413.69933612243,0.0800911693191022,0.058611942071319145
JEY,1890-11-27,1.70700040472,10.35837,5.78801,294920.0856114623,0.010524943289884847,-0.006230059495127782
JEY,1891-12-03,0.3416513672,9.31144,5.8539,58363.03442149677,-0.7992407125828167,-0.8010872268809222
JEY,1892-12-09,0.65129119016,9.62799,5.93015,109827.1022082072,0.6600978145785326,0.6441020737832899
JEY,1893-12-15,0.65977892084,9.60597,6.00581,109856.7754957283,0.01491640525514737,0.005235546810753
JEY,1894-12-21,0.64360965084,9.85496,6.08983,105685.97987792763,0.014515263780987109,0.0036301449125690777
JEY,1895-12-27,0.63916425144,9.68395,6.17218,103555.67262134286,0.0005884319586391129,-0.009443185189309755
JEY,1897-01-02,0.6637171918,9.66011,6.25337,106137.52133649537,0.019234712353775274,0.009182532840030566
JEY,1898-01-08,0.63206580632,8.56903,6.31784,100044.60485229128,-0.02072459610613997,-0.028057162648464917
JEY,1899-01-14,0.6273856274399999,8.47445,6.37911,98350.0249157014,-0.0034705176940880156,-0.010863302712439737
JEY,1900-01-20,0.62356671832,8.45917,6.44268,96786.85241545443,-0.0034837704510312095,-0.010831602427285203
JEY,1901-01-26,0.62306410868,8.42681,6.50663,95758.34320992586,-0.004892170862475953,-0.012249170148273647
JEY,1902-02-01,0.6301240327200001,8.40878,6.57033,95904.47248768326,0.009269106832377583,0.0018064378589970342
JEY,1903-02-07,0.6232049267599999,8.45348,6.636,93912.73760699216,-0.004332578508940532,-0.011708351806648087
JEY,1904-02-13,0.62168018328,8.45086,6.70336,92741.57784752721,-0.0050739673100788085,-0.012651820456671237
JEY,1905-02-19,0.66106858376,8.2203,6.76728,97686.01029660365,0.025475722867880357,0.01830646243450773
JEY,1906-02-25,0.63288423952,8.49927,6.83103,92648.43508519212,-0.040283136436316314,-0.046960916267114516
JEY,1907-03-03,0.6510391498,8.45124,6.90332,94308.12272935342,0.02153801273116618,0.013340269894108525
JEY,1908-03-09,0.6509321639600001,8.46291,6.97723,93293.78047735278,-0.00899083020867697,-0.016840413782665764
JEY,1909-03-15,0.60650038904,8.431,7.04996,86028.91208460758,-0.018572952161393208,-0.026219036952811914
JEY,1910-03-21,0.69456126584,8.80315,7.12467,97486.79810292968,0.14178208584677865,0.13262279987466807
JEY,1911-03-27,0.76019934016,9.75973,7.22258,105253.15609657491,0.04454120821361984,0.033931325437921656
JEY,1912-04-02,0.8932879311199999,9.89644,7.32223,121996.70470881138,0.06869101417041645,0.05775842192528802
JEY,1913-04-08,0.8806937536799999,9.1271,7.40221,118977.13705501464,-0.014363322278469037,-0.022336821031686438
JEY,1914-04-14,0.88914184736,10.31194,7.49478,118634.81614670476,-0.04008693569887567,-0.04893216565421521
JEY,1915-04-20,0.93235457328,10.07405,7.59965,122683.88324199141,0.05178786608534547,0.04084434407952653
JEY,1916-04-26,0.9513380968,10.14826,7.69681,123601.60856250837,0.003994190259112296,-0.0055797918334336005
JEY,1917-05-02,1.00004257964,10.17852,7.80001,128210.42276099646,0.049877032933180354,0.03943561216142255
JEY,1918-05-08,1.0974917798,11.15129,7.91756,138614.89900929073,0.0797190722417096,0.06728102126160951
JEY,1919-05-14,0.9286717778,10.64156,8.04154,115484.31989395067,-0.05043687898986682,-0.06156232065841971
JEY,1920-05-20,0.97710801344,10.66606,8.16251,119706.80751876568,0.006601180075350266,-0.004197651052386342
JEY,1921-05-26,1.03133237168,10.7645,8.28507,124480.82776367612,0.06058343365370966,0.04856135899915204
JEY,1922-06-01,1.05282005348,10.75561,8.40953,125193.6854354524,0.016103620545485198,0.004704472778804369
JEY,1923-06-07,1.06862712684,10.73311,8.5392,125143.70512928613,0.014051566134980487,0.002547139083160177
SOK,1837-01-13,1.94892005568,7.94306,55.11233,35362.686637999155,0.23897023739849477,0.22465584577121267
SOK,1838-01-19,2.3298482771200004,8.27845,56.0125,41595.14888855167,0.17433750646323443,0.15940808581307464
SOK,1839-01-25,2.00220762248,8.78264,56.88847,35195.3150169094,-0.13564278546808461,-0.14552599934574117
SOK,1840-01-31,2.12974658468,8.28059,57.69653000000001,36912.90593524428,0.1260614607367756,0.11401599447324262
SOK,1841-02-06,2.1307626480399997,8.86997,58.605070000000005,36357.99168979748,-0.00825940849077822,-0.020224954999490397
SOK,1842-02-12,2.1974974455200003,8.8499,59.569950000000006,36889.36192694471,0.02500103994584668,0.012603484361088713
SOK,1843-02-18,2.2974703133200003,8.13084,60.27913,38113.85986028664,0.10682567329274062,0.09671987942470017
SOK,1844-02-24,2.35133642848,8.67339,61.08807,38490.926763277996,0.012413963581554555,0.002432575735882736
SOK,1845-03-02,2.9507794830800003,8.67943,61.88700000000001,47680.11832985926,0.24542398823977418,0.23390809328913487
SOK,1846-03-08,2.74118280644,9.97737,62.72823,43699.348864777465,-0.0716733366859571,-0.08133162801187976
SOK,1847-03-14,2.95043949044,9.7243,63.68316000000001,46329.97939235427,0.07003567646739439,0.05769509903061398
SOK,1848-03-20,3.1378753530799997,9.41153,64.55846,48605.17665817927,0.10220432483506192,0.09112210037643753
SOK,1849-03-26,3.2429456274799997,9.40458,65.42635,49566.35403747878,0.05290078850072977,0.042391316456823036
SOK,1850-04-01,3.23330414056,9.37243,66.26871,48790.8115392619,0.010276029622795058,0.0009402739768624713
SOK,1851-04-07,3.5795405906,9.01196,66.86263,53535.74321859611,-0.0862939283242361,-0.09214091409450531
SOK,1852-04-13,3.3024109320800004,9.00253,67.55866,48882.12602322189,-0.03463479037732575,-0.0423342750739818
SOK,1853-04-19,3.25903621992,8.94184,68.2677,47739.0657649225,-0.010043124404950143,-0.017661864555377438
SOK,1854-04-25,3.32991981764,8.94995,68.93021,48308.56916930907,0.025176175289957525,0.017755544373444065
SOK,1855-05-01,3.92246021544,8.58438,69.67241,56298.61541232749,0.07186748351073446,0.06282042488542738
SOK,1856-05-07,3.49742709472,9.05732,70.40494,49675.87636208482,-0.030936167554347027,-0.03847870859353597
SOK,1857-05-13,4.03245972636,9.06948,71.12708,56693.733615382494,0.043465284607168364,0.03540835958232136
SOK,1858-05-19,4.1345482994400005,8.59558,71.97757,57442.176770346654,0.08038091214551257,0.0706624715018358
SOK,1859-05-25,3.7899179359599997,9.26337,72.86599,52012.16556530695,-0.00024506439873173136,-0.009706554658085897
SOK,1860-05-31,4.46651463492,8.83752,73.75502,60558.78820072179,0.1698210422199562,0.15918950882584726
SOK,1861-06-06,4.595920594720001,8.62176,74.61941,61591.489328580865,0.12762393622863444,0.11775483620556981
SOK,1862-06-12,4.1016881307999995,9.18924,75.44196,54368.79066768679,-0.02764530842512669,-0.03581176801616104
SOK,1863-06-18,4.2108555793199995,9.08538,76.20946,55253.71232547769,0.07826684117887406,0.07032777106653176
SOK,1864-06-24,4.83272289812,9.15439,77.07877,62698.49529409978,0.03739235834152055,0.028852917726663874
SOK,1865-06-30,4.345472301559999,8.90091,77.70264,55924.38431384055,-0.11265661989272757,-0.11791096034837967
SOK,1866-07-06,5.02611859464,8.22179,78.35635,64144.36857561639,0.15093808259492758,0.14367226455684623
SOK,1867-07-12,5.07664021904,8.16331,78.97416,64282.294601677306,0.016103216629231865,0.010024064124101617
SOK,1868-07-18,5.14592213772,7.89427,79.50676,64723.07685182996,0.05890433338759027,0.05337366880431382
SOK,1869-07-24,4.5510387728,8.25548,80.03602,56862.38237233686,-0.11153786532221988,-0.11575155499144552
SOK,1870-07-30,5.33319522268,8.88261,80.72987,66062.22978780963,0.10129738144824785,0.0938442961557302
SOK,1871-08-05,4.70148662412,8.52161,81.32779,57809.103433402044,-0.09851425539878966,-0.1035274407534762
SOK,1872-08-11,4.75186654852,8.09656,81.92954,57999.429125563256,0.08083818775006879,0.07494799046224565
SOK,1873-08-17,4.87988112352,8.92703,82.31173,59285.36702508865,0.01029482805475257,0.007152397319886816
SOK,1874-08-23,5.504260761479999,8.59508,83.08169,66251.18917874685,0.13031231734649662,0.12221715168221481
SOK,1875-08-29,5.16627186608,8.5749,83.73052,61701.1797619315,0.03288319343057666,0.02694419604450493
SOK,1876-09-04,5.1504452194,9.04231,84.48015,60966.33610854147,-0.015618375937953455,-0.022462093635132185
SOK,1877-09-10,5.857934340440001,8.86375,85.23456,68727.21980896013,0.0983436456472413,0.09097480018124582
SOK,1878-09-16,6.06480297436,8.91645,85.95965,70554.067802277,0.07330564440322118,0.06636192760415427
SOK,1879-09-22,5.640985580880001,8.77251,86.59781,65140.04893287718,-0.04859732178135712,-0.05387792774613298
SOK,1880-09-28,6.34305011496,9.08103,87.3638,72605.01620762833,0.04252388325364187,0.035780769754727215
SOK,1881-10-04,6.53073737368,9.08339,88.03307,74185.04629771518,-0.038846696269436154,-0.04447349635039788
SOK,1882-10-10,6.6865380816,9.1046,88.74577,75344.8652437181,-0.03640578726173671,-0.04228049375310827
SOK,1883-10-16,6.24004580212,9.15702,89.48862,69730.04838067679,-0.06920275458711767,-0.07483542599458182
SOK,1884-10-22,6.9875616990400005,8.97008,90.20344,77464.47030224124,0.016982600521367575,0.01077340269083793
SOK,1885-10-28,6.51358657664,9.31262,90.98734000000002,71587.83383094834,-0.0594153061039322,-0.0656462399853287
SOK,1886-11-03,6.603627446000001,9.42828,91.8269,71913.86669919164,0.026116366309343553,0.01917159529361223
SOK,1887-11-09,6.0350260646,9.70618,92.75145,65066.649250227354,-0.09932057026228924,-0.10622607345352864
SOK,1888-11-15,6.1122738768,9.73467,93.70746,65227.18550689561,0.008777287198780126,0.0011194805469065816
SOK,1889-11-21,4.82537213808,9.68287,61.34528,78659.22428066185,-0.23577953215191827,0.1702303891050989
SOK,1890-11-27,6.27977638444,9.65357,94.86743,66195.28308545936,0.422331788322611,0.06639351036810259
SOK,1891-12-03,6.378648635839999,10.08061,96.01294999999999,66435.29477888139,0.041113705448539095,0.03187395910763802
SOK,1892-12-09,6.508714735120001,9.94495,97.07746,67046.61138764859,0.0002052790758608758,-0.008132525197970808
SOK,1893-12-15,7.67535363972,9.54624,98.13428,78212.76764571972,0.10804758516254798,0.09885859384665352
SOK,1894-12-21,9.101231251320002,10.18891,99.14356,91798.5116866895,0.20212591603915642,0.19267312110528945
SOK,1895-12-27,12.82109712676,10.15644,100.04243,128156.59442458565,0.33167507079144065,0.3223956143944018
SOK,1897-01-02,14.449711048240001,10.63151,101.1417,142866.00925473866,0.07881345259752859,0.0699274181585623
SOK,1898-01-08,16.36300761004,10.67929,102.68802,159346.8021882202,0.11620993551610992,0.1033776442841543
SOK,1899-01-14,23.919159569759998,11.09997,104.3892,229134.42740973202,0.3195148592362893,0.302872910694465
SOK,1900-01-20,20.18712940348,11.17595,106.19525,190094.46659318567,-0.16193222141445562,-0.1724375463628166
SOK,1901-01-26,26.3110265548,11.94032,108.06445,243475.32009647947,0.23284658423924465,0.21644141671705897
SOK,1902-02-01,28.56558997032,11.90804,110.00896,259666.03056987358,0.04522229815400669,0.031213058785033443
SOK,1903-02-07,31.77567504332,12.08269,111.98956,283737.83273476566,0.08416629874153769,0.06986122037090436
SOK,1904-02-13,32.50540955116,12.47477,114.08821,284914.71249448124,0.029593492912434627,0.015008460527149659
SOK,1905-02-19,34.5345082758,12.98674,116.30584,296928.41112535703,0.037763459786857245,0.022881382628357816
SOK,1906-02-25,38.3281901678,13.34362,118.5036,323434.8168983896,0.0501361936769078,0.03543421170916572
SOK,1907-03-03,39.06175953004001,13.34758,120.68444999999998,323668.53832486295,0.011305535017364976,-0.0026709800739785905
SOK,1908-03-09,38.16389250804,13.36146,122.90246,310521.7951539782,0.01351937905149092,0.000008761259913336872
SOK,1909-03-15,40.856164169079996,13.22082,124.99117,326872.40361923166,0.002616551434146519,-0.010227428231380231
SOK,1910-03-21,42.37354699396,13.20191,127.03121000000002,333568.0026503723,0.05874480562990181,0.04572444972391421
SOK,1911-03-27,44.861883685840006,13.42363,129.14032,347388.6675039988,0.05794664552600093,0.045258058857898575
SOK,1912-04-02,44.633955654080005,13.54558,131.32028,339886.2358051628,-0.007623774388543114,-0.020241278145363584
SOK,1913-04-08,48.02047858868,13.6998,133.62294,359373.01326164504,0.08766581801919027,0.07350872092296279
SOK,1914-04-14,46.6263407844,13.54332,135.94177,342987.5952358131,-0.04194382325167023,-0.05423271625138015
SOK,1915-04-20,46.34079377252,13.64575,138.34482,334965.8756469523,0.00604357283806034,-0.007334213157649261
SOK,1916-04-26,50.312056192840004,13.85275,140.88338,357118.4634613395,0.06958634377847095,0.05520775605421435
SOK,1917-05-02,48.8251173384,14.02034,143.43884,340389.7949704557,-0.03563812651270026,-0.04869643435612203
SOK,1918-05-08,51.57377609852,13.99593,146.13639,352915.35598025925,0.01482366092046572,0.0004555997190174299
SOK,1919-05-14,58.22509979052,14.05933,148.98998,390798.76237663766,0.102540156355303,0.0868392649411196
SOK,1920-05-20,60.97799650644,14.73894,151.87527,401500.4977863743,0.05076290590706223,0.03555238967399399
SOK,1921-05-26,67.7008170566,15.54895,154.73932,437515.28090339294,0.06342435244845346,0.04842984060568423
SOK,1922-06-01,62.71320505008,15.80931,157.64992,397800.4241935549,-0.011604198742756644,-0.025130338257188578
SOK,1923-06-07,72.62787766208001,16.00745,160.54883,452372.5128490815,0.048261674242325636,0.03386135641523347
PAR,1837-01-13,0.18371872792,10.13783,4.81537,38152.56728351093,0,0
PAR,1838-01-19,0.14962843948000001,11.01775,4.90497,30505.474952955883,-0.15107151258623885,-0.1631424711572964
PAR,1839-01-25,0.15333440824,11.02745,5.00105,30660.44295497945,0.01747792683655791,0.0023341351356795936
PAR,1840-01-31,0.1496580202,10.8667,5.10407,29321.310287672386,-0.023003507841153237,-0.03722363781247784
PAR,1841-02-06,0.15054263535999998,10.86415,5.20543,28920.30732523538,0.010878319552017679,-0.004429192116773173
PAR,1842-02-12,0.15675676691999998,10.8901,5.30746,29535.176321630308,-0.16036694256224715,-0.17236755890732325
PAR,1843-02-18,0.18044698724,10.84193,5.424879999999999,33262.85323177656,0.15861730629059112,0.1400903245367111
PAR,1844-02-24,0.16897728588000002,11.07,5.53811,30511.72437528327,-0.06627286579720826,-0.08117717795368473
PAR,1845-03-02,0.17700352124,10.92865,5.66265,31258.07196983744,-0.014380343150637964,-0.030049195997203237
PAR,1846-03-08,0.1818059256,10.96454,5.77797,31465.363371564752,0.02184480923452181,0.005950701585275331
PAR,1847-03-14,0.18599926696000002,11.07558,5.8977,31537.59380097326,0.025976370521970438,0.009829733255887207
PAR,1848-03-20,0.20996915315999998,10.21971,6.026709999999999,34839.76384461838,0.10768106755781393,0.09043077177056191
PAR,1849-03-26,0.26480459564000003,8.35094,6.103220000000001,43387.6864409279,-0.012020770864716868,-0.021396715824920753
PAR,1850-04-01,0.22209949995999997,10.04571,6.192240000000001,35867.39208428613,-0.15986716623585195,-0.16941070220773458
PAR,1851-04-07,0.22782819435999999,9.85552,6.29023,36219.37422955917,0.024757238461224684,0.013157163933129379
PAR,1852-04-13,0.25553123856,8.98662,6.35957,40180.58430994549,-0.027534446447059158,-0.035669862642894845
PAR,1853-04-19,0.25974707668,8.91837,6.42678,40416.36351018706,0.011683363488678822,0.004133048597215527
PAR,1854-04-25,0.26829873824,8.85931,6.4869900000000005,41359.51161324435,0.02876861655941676,0.021317523650829617
PAR,1855-05-01,0.26732090528,8.71145,6.54375,40851.33222999045,-0.00659408320248589,-0.013327032470057176
PAR,1856-05-07,0.28423661864,7.53878,6.59432,43103.24925693627,0.037828485260775535,0.03187892143608351
PAR,1857-05-13,0.27292966947999997,8.61033,6.63396,41141.28958872227,-0.03377100035738689,-0.0382025025046594
PAR,1858-05-19,0.27674963992,8.04777,6.67284,41474.041026009916,0.0064556326956477506,0.001875322821757397
PAR,1859-05-25,0.26066259232,8.05027,6.71386,38824.549859544284,-0.0415592920172998,-0.04573843656109111
PAR,1860-05-31,0.26302461276,8.0244,6.75068,38962.68416811343,0.006974719938328322,0.002709430460748008
PAR,1861-06-06,0.27730826136000003,8.6493,6.795929999999999,40805.049692978006,0.05030560401161566,0.044896972706498506
PAR,1862-06-12,0.27708738095999996,8.4615,6.85032,40448.82296885401,-0.003783150667810653,-0.009527783379270849
PAR,1863-06-18,0.279009159,8.51143,6.899110000000001,40441.32634499232,0.0030810870880275676,-0.002545692306282099
PAR,1864-06-24,0.45524720072,9.22637,6.888740000000001,66085.69937608328,0.6273129611697525,0.6291184886286958
PAR,1865-06-30,0.51209646384,8.82978,6.90139,74201.93089218259,0.06345638644939577,0.062194623765983836
PAR,1866-07-06,0.50138085036,8.99809,6.7407,74381.1251591081,-0.02301436708773119,-0.0017268096907089303
PAR,1867-07-12,0.58408225616,9.16236,6.622600000000001,88195.3094192613,0.18073594756302502,0.19926369384374398
PAR,1868-07-18,0.62195351764,9.59037,6.63241,93774.88991784283,0.0649013193982726,0.06361619527018614
PAR,1869-07-24,0.6414017053600001,9.59883,6.60677,97082.49346655022,-0.020926108018404888,-0.018143070303560882
PAR,1870-07-30,0.74846644756,10.11291,6.49919,115163.03532594063,0.11796155786804108,0.13225904950823586
PAR,1871-08-05,0.77431804164,10.23485,6.4452,120138.71433625022,0.06604911870587404,0.07402641263678422
PAR,1872-08-11,0.80524658916,10.35774,6.45867,124676.84355447793,0.014022848499846363,0.010463244772923597
PAR,1873-08-17,0.8008184938,10.55778,6.40819,124967.96970751492,-0.0019137739168674228,0.006134838928558484
PAR,1874-08-23,0.37270322596,10.28501,3.17374,117433.44633145753,-0.5506450054045202,-0.09410992463818957
PAR,1875-08-29,0.9845401956,10.70084,6.28194,156725.5012941862,1.5569894161949778,0.3449668213355359
PAR,1876-09-04,0.9542130691599999,11.28904,6.30552,151329.79820221014,-0.025904199244651482,-0.03056072049766434
PAR,1877-09-10,0.98462585416,11.42517,6.38096,154306.85259898196,0.02598253906225234,0.016795012580438806
PAR,1878-09-16,1.0353644121599999,11.76905,6.45606,160370.9401957231,0.059037027959894406,0.050788663108361165
PAR,1879-09-22,1.1684608785200001,11.56779,6.57184,177798.1324134489,0.08268146144084243,0.0678354083030579
PAR,1880-09-28,1.242931521,11.72938,6.66377,186520.7714251842,0.05035051835848514,0.0391921666211652
PAR,1881-10-04,1.4219868467999999,11.89201,6.73006,211288.88105009464,0.041986441849730216,0.03380550385521475
PAR,1882-10-10,1.51303810944,12.37851,6.78855,222880.89642707206,0.05150575003442559,0.04418300498740968
PAR,1883-10-16,0.30577937104,7.18088,6.58813,46413.682037239705,-0.7743730721649109,-0.7704290343489943
PAR,1884-10-22,0.29833726208,8.06883,6.19578,48151.6874517817,-0.0362027164331864,0.016003123419815912
PAR,1885-10-28,0.3556875296,8.40728,6.23055,57087.66153870846,0.13285663427054417,0.12783379846232568
PAR,1886-11-03,0.46381483668,8.10792,6.27694,73891.87035083974,0.20457260290009205,0.19810943939597703
PAR,1887-11-09,0.48592305164,8.52323,6.32007,76885.70722159723,0.04168952599840603,0.03614897921449867
PAR,1888-11-15,0.5691181314,7.71869,6.34548,89688.74401936495,-0.16524321871715675,-0.16751164110081906
PAR,1889-11-21,0.6417736546,7.7744,6.38257,100550.97783494736,0.41049761650439476,0.4041145374694399
PAR,1890-11-27,0.543567674,8.60423,6.42504,84601.44590539514,-0.0669762949833358,-0.07191931822201414
PAR,1891-12-03,0.55207137908,8.65318,6.47286,85290.177615459,0.008464740257606795,0.0029089081749067436
PAR,1892-12-09,0.5588158789200001,8.72824,6.5216,85686.92942222768,0.001576859567821609,-0.0040975127742560735
PAR,1893-12-15,0.55649506328,8.73422,6.5696,84707.60217973696,-0.004714466176510168,-0.010303968770196681
PAR,1894-12-21,0.57506519928,8.80985,6.62161,86846.73354063436,0.02740110000021123,0.021506546371812485
PAR,1895-12-27,0.75785998444,9.05787,6.67228,113583.36047647882,0.24651600238491467,0.23924136516690653
PAR,1897-01-02,0.63151007608,9.143,6.73253,93799.81612855793,-0.034942609214310694,-0.041703370073242874
PAR,1898-01-08,0.62897457116,9.08612,6.78901,92645.99273826375,-0.004850154684190033,-0.010951068172394107
PAR,1899-01-14,0.62681619416,9.09811,6.84323,91596.54054591179,-0.0030730911800361804,-0.00913335760456957
PAR,1900-01-20,0.6247147509200001,9.01609,6.89921,90548.7368727724,-0.00044076574941054325,-0.006558851290401124
PAR,1901-01-26,0.62077933268,9.05834,6.95142,89302.52130931523,-0.0149957522452836,-0.020456231917876377
PAR,1902-02-01,0.5732407954,8.73406,7.0019,81869.32052728544,-0.04054744587596115,-0.04591030839171839
PAR,1903-02-07,0.5814263015600001,8.71961,7.04256,82558.94185637042,0.024037426856144073,0.01966346785681572
PAR,1904-02-13,0.7406335409200001,9.44724,7.07139,104736.62758241309,0.1425495391491831,0.13965901812469683
PAR,1905-02-19,0.57671292484,9.80875,7.14982,80661.18095840175,-0.07067535173799233,-0.07857814786387585
PAR,1906-02-25,0.59775704716,10.12627,7.238419999999999,82581.1499139315,0.031107253632348675,0.022004152097649055
PAR,1907-03-03,0.5657716121199999,9.58189,7.3211200000000005,77279.37967414821,-0.05776711860759709,-0.06599510515337104
PAR,1908-03-09,0.55329207804,9.57596,7.39284,74841.61405359782,-0.017603290960108153,-0.02495360852465156
PAR,1909-03-15,0.50071393684,9.3575,7.46129,67108.22617000545,-0.03563453342744516,-0.0422699624015056
PAR,1910-03-21,0.2405172406,7.633,3.72728,64528.88986070271,-0.3174320511999129,0.01010128957143075
PAR,1911-03-27,0.5493745165999999,7.38841,7.3934,74306.07252414315,0.6851060627073347,0.16737637325281174
PAR,1912-04-02,0.61222225168,8.24537,7.421589999999999,82492.06055306208,0.10062242289958934,0.0975251830640782
PAR,1913-04-08,0.6714321489199999,9.60901,7.48366,89719.7559643276,-0.010354170163325072,-0.01665999414990449
PAR,1914-04-14,0.798837507,9.98395,7.59104,105234.26394802294,0.13034919459021732,0.11863537152966375
PAR,1915-04-20,0.8223310316,9.85455,7.7005,106789.30349977274,0.023212762663762154,0.012140772470806693
PAR,1916-04-26,0.82663410336,9.8055,7.80752,105876.6552451995,-0.008938149728461964,-0.019392221039235547
PAR,1917-05-02,0.8188729608800001,9.84252,7.92059,103385.34892981457,-0.0197736595615009,-0.03011832993628838
PAR,1918-05-08,0.85242817192,10.06367,8.02165,106265.9392917916,0.04405233088937721,0.03400775466855088
PAR,1919-05-14,0.89670535968,10.09197,8.11628,110482.30959010779,0.02458538543793698,0.015522543315196202
PAR,1920-05-20,0.98794483008,11.82908,8.20935,120343.85549160407,0.0018290154736069208,-0.00598448781359795
PAR,1921-05-26,0.9854939015999999,11.93717,8.35166,117999.76311296195,-0.011348296692246018,-0.024287330729993784
PAR,1922-06-01,0.94512593552,11.88105,8.50982,111062.97612875479,-0.0486674058604758,-0.06178262971372628
PAR,1923-06-07,0.9700122192799999,11.92939,8.67169,111859.65126520897,0.023553770738817592,0.008842884706828702
ARG,1843-03-11,0.6858095556,10.20478,11.594230970432868,59150.93095427574,0.0002722393052887462,-0.004905820520361925
ARG,1844-03-24,0.6388946517199999,10.06673,10.74375,59466.63424968004,-0.06975401303038431,-0.06804651265142059
ARG,1845-03-23,0.65280302932,10.45262,11.58868,56331.09459576069,0.06715604907251627,-0.006460889314150675
ARG,1846-04-05,0.689802334,10.39285,11.58868,59523.8054722367,-0.020669231281754352,-0.019911168526912326
ARG,1847-04-18,0.71077229964,10.22043,13.937456305079442,50997.27554883614,0.11406407644291439,-0.10282724819183553
ARG,1848-04-10,0.67912195728,10.49484,14.3531,47315.35050128544,0.005091048631624018,0.004076419804476927
ARG,1849-04-16,0.69534428912,10.59314,14.3531,48445.5824260961,0.0446990844000521,0.04391653676700846
ARG,1850-04-29,0.7937012148,9.36564,15.33835,51746.19269999706,0.17556500433850375,0.17818621734910423
ARG,1851-04-28,0.65097128304,10.80318,15.338349999999998,42440.763383284386,-0.11416180229863138,-0.1135494853445902
ARG,1852-05-11,0.79258188828,11.17818,15.33835,51673.21702008364,0.14048318617062194,0.13762725381298768
ARG,1853-05-24,0.83064208968,10.76962,21.77718,38142.77558802379,0.06132011218731015,-0.20259735263252043
ARG,1854-05-16,0.90714970996,11.03879,21.77718,41655.97703467574,0.10814297450666732,0.10775100270386395
ARG,1855-05-22,1.04795842788,11.03441,26.174190000000003,40037.85514967225,0.07782975321353702,-0.10505916366291612
ARG,1856-06-04,0.94742635104,10.80429,26.174189999999996,36196.96926781689,-0.1037700849567631,-0.10444919630165661
ARG,1857-06-03,1.2582230211199998,11.17413,26.17419,48071.13500436881,0.2001934149921376,0.19547570779384293
ARG,1858-06-16,1.2455176552,10.99898,26.142913041204462,47642.64996930182,-0.07878512525017412,-0.08053465280904981
ARG,1859-06-29,1.1631485335599998,11.06759,32.23141,36087.42321729021,-0.06743552694315924,-0.24234696429017555
ARG,1860-06-21,1.30833691924,11.02476,33.0449,39592.70323832119,0.05854771013689519,0.032097235747095665
ARG,1861-06-27,1.35182152404,11.23507,34.28289,39431.37594409339,0.02594391503411564,-0.011494702572247384
ARG,1862-07-10,1.4127496349200002,11.43379,36.44153905538324,38767.562280312224,-0.00643258661750179,-0.04738153887749341
ARG,1863-07-09,1.3946901982,11.33275,35.71546,39050.04158423271,-0.044486853418662764,-0.04254777679340471
ARG,1864-07-22,1.672071024,11.52721,36.90776554539097,45304.043723362374,0.10436548463600581,0.11084142762680593
BNY,1837-01-13,0.060735921479999996,7.90468,2.46,24689.398975609754,0.5156860397706184,0.504105099360509
BNY,1838-01-19,0.08384825124,6.88548,2.4599999999999995,34084.65497560976,0.2565770331518429,0.24554016473381868
BNY,1839-02-01,0.08412179568,6.96503,2.46,34195.851902439026,0.050778544276133486,0.04829900178891555
BNY,1840-01-31,0.06806897656,8.5466,2.46,27670.315674796748,-0.21080650044287907,-0.21054458792316366
BNY,1841-02-13,0.06706208652,8.5252,2.4808633823014152,27031.753138211385,-0.020395218866602893,-0.020195222890924458
BNY,1842-02-26,0.08180914560000001,6.95464,2.46,33255.75024390244,0.10160763488687463,0.110453522990684
BNY,1843-02-18,0.06985004312,7.86491,2.46,28394.32647154472,-0.15799743208290384,-0.1574441361676544
BNY,1844-02-24,0.069693728,7.82426,2.46,28330.7837398374,-0.0024072575575210253,-0.002147222067757526
BNY,1845-03-09,0.07486038508,7.9413,2.46,30431.050845528454,0.06950280426529365,0.06914397464668487
BNY,1846-03-08,0.09581512928,8.62592,2.46,38949.23954471545,0.06268359699179094,0.07278204453904724
BNY,1847-03-21,0.07597416528,8.62929,2.46,30883.807024390244,-0.21860837258533306,-0.19986825758678173
BNY,1848-04-03,0.07474286508,7.89701,2.46,30383.27848780488,-0.0037789166681443387,-0.0039015211758146595
BNY,1849-03-26,0.07146141912000001,8.60514,2.46,29049.357365853662,-0.047739485673148785,-0.047766488483439784
BNY,1850-04-01,0.07578115324,7.88153,2.46,30805.346845528456,0.09760289365080355,0.11729872423338206
BNY,1851-04-14,0.07501577876,8.60076,2.46,30494.219008130083,-0.014214549998007975,-0.014222423603371448
BNY,1852-04-13,0.07724149783999999,8.64511,2.49075567516253,31011.27043902439,0.016574657777024937,0.016844461458744853
BNY,1853-04-26,0.0766351118,8.63858,2.46,31152.484471544714,-0.005786292883386945,-0.006529934834244244
BNY,1854-05-09,0.09800083644,8.61628,3.200262863567413,30622.745886178865,0.001008622192564257,0.011009669807038103
BNY,1855-05-01,0.07413829644,8.61403,2.46,30137.518878048784,-0.13866208089065968,-0.12751046478092543
BNY,1856-05-07,0.09813733176,7.86432,2.517581267773079,38980.79995121951,0.20222026517220604,0.17997030470744213
BNY,1857-05-20,0.07554520428,8.59606,2.46,30709.432634146346,-0.06600730454306603,-0.06306231863140299
BNY,1858-05-19,0.0757940872,8.59396,2.46,30810.604552845525,0.00260707790111403,0.0038938903216645393
BNY,1859-06-01,0.07642729744,8.63303,2.46,31068.007089430892,0.008477604390234372,0.007312912291779217
BNY,1860-06-14,0.10802550252,8.64201,2.44872341557168,44115.02819512195,0.1974547138128837,0.23791069022364364
BNY,1861-06-06,0.08338544812,8.62388,2.46,33896.523626016264,-0.23139287234479577,-0.23166815999039703
BNY,1862-06-12,0.08417615544,8.45405,3.68061,22870.164304286518,0.003792666396556177,-0.09642647582845243
BNY,1863-06-25,0.08647247232000001,8.6376,3.68061,23494.06003896093,0.006814688246561618,0.0066459860684719985
BNY,1864-06-24,0.0900019822,7.68056,3.6806100000000006,24453.007028726213,0.31268937848959166,0.2784936922714505
BNY,1865-07-07,0.09326070364000001,8.03487,3.68061,25338.382398569804,0.006908201692999549,0.004971520538038954
BNY,1866-07-20,0.08982923196,6.8889,3.68061,24406.071808749093,0.0653978267655253,0.05736846849565613
BNY,1867-07-12,0.10238786792,7.10024,4.43369,23093.14993154686,0.09957727701204022,-0.08887686446839305
BNY,1868-07-18,0.14248568516,6.27008,4.43369,32137.042770243293,0.3928308678231245,0.3899839152810751
BNY,1869-07-31,0.1006563714,7.2749,4.43369,22702.618225451035,-0.30273008813885627,-0.3021175382316015
BNY,1870-07-30,0.09886492252,7.77853,4.43369,22298.564518493622,-0.02120762480048799,-0.021133224984560717
BNY,1871-08-12,0.10407077512,8.07848,4.47821900577352,23239.322370305545,0.03273939273240356,0.03758332206604864
BNY,1872-08-25,0.10507439488,7.37913,4.43369,23699.084708222723,0.007447774739065105,0.007056667379285342
BNY,1873-08-17,0.10596661608,8.12149,4.43369,23900.32142075788,0.006854855190737474,0.006800207732226671
BNY,1874-08-23,0.10357227088,8.11335,4.43369,23360.287002474233,-0.016236820200960733,-0.01560424868474608
BNY,1875-09-05,0.15185237028,6.63979,4.492893028870816,33798.34981696961,0.3849265297476754,0.3689971313095999
BNY,1876-09-04,0.12276317612,7.75247,4.43369,27688.71439365404,-0.14815475071132855,-0.13263950307391226
BNY,1877-09-17,0.12050657735999999,8.89952,4.43369,27179.748101468525,-0.010984433605963795,-0.0158237213107304
BNY,1878-09-30,0.12018231003999999,8.86065,4.43369,27106.61098092108,0.005307912518521585,0.006926064350593064
BNY,1879-09-22,0.11920489256,9.02448,4.43369,26886.15860829241,-0.012163413199438144,-0.012288530729264169
BNY,1880-09-28,0.12233350064,9.05474,4.43369,27591.802909089267,0.02640755724363264,0.026359242947675776
BNY,1881-10-11,0.12161420024000001,9.48851,4.43369,27429.567750564427,0.0017936705538028619,0.002269572669905129
BNY,1882-10-10,0.1285335454,9.52063,4.437773604451946,28963.52019198455,0.02802719382042973,0.028909066126916017
BNY,1883-10-23,0.13636944464,9.57479,4.43369,30757.550627129996,0.041113818965503146,0.04057641551692459
BNY,1884-11-05,0.13562125408,9.5469,4.43369,30588.79941538538,-0.005601280934737551,-0.005277341615155806
BNY,1885-10-28,0.13696996247999998,9.56549,4.43369,30892.9948823666,0.009979651313774651,0.009768158448093756
BNY,1886-11-03,0.13861331328,9.57098,4.43394667462489,31261.835888390928,0.008012087633465947,0.007969221546344052
BNY,1887-11-16,0.14030770884000002,9.56385,4.43369,31645.80943638369,0.012869814795682943,0.012978636753528283
BNY,1888-11-15,0.14089771436,9.53245,4.532554664420507,31085.717612192097,-0.016818764657918872,-0.015755117781963368
BNY,1889-11-28,0.13953465656,10.03515,6.44086,21663.97912080064,-0.012298434021977611,-0.3202202655510089
BNY,1890-12-11,0.14172884908000002,9.95103,6.277964054628367,22575.6069717398,0.0038568322884364736,0.00023660645601419894
BNY,1891-12-03,0.1799592002,7.8526,6.44086,27940.24403573436,0.30681181512638056,0.3076571678472877
BNY,1892-12-09,0.14849476096000003,10.21634,6.44086,23055.113907149047,-0.07709710417919935,-0.08877645532528322
BNY,1893-12-22,0.15146709188,10.23067,6.440859999999999,23516.594349201816,0.014584239992095904,0.014516907431335824
BNY,1894-12-21,0.15045762212000002,10.22859,6.44086,23359.865316122385,-0.007877521986882408,-0.008371265215069146
BNY,1896-01-03,0.21553931568,9.44157,6.44086,33464.36899420264,0.40463597384054806,0.4055692920320777
BNY,1897-01-16,0.20997920371999998,9.45494,6.44086,32601.11285138941,0.05824976905685464,0.08778855750591807
BNY,1898-01-08,0.19259172347999998,7.65286,7.44926,25853.806080067014,-0.05600787105601135,-0.19504604089160882
BNY,1899-01-14,0.20796291152,9.51695,7.44926,27917.257757146348,0.04147408677873243,0.04272996056742029
BNY,1900-01-27,0.21111906764,9.10015,7.44926,28340.94495829116,0.0118608151366828,0.011857722083310929
BNY,1901-01-26,0.22544036163999998,9.10333,7.44926,30263.457261526648,0.058363111970417325,0.05007416099865081
BNY,1902-02-08,0.26970843744,9.00048,7.44926,36206.07113189767,0.16537805507955072,0.1544681992323238
BNY,1903-02-21,0.2678540098,8.77828,7.449260000000001,35957.12994310844,0.010573380693196244,0.009914720436556168
BNY,1904-02-13,0.24930048572,9.65321,7.44926,33466.47663257827,-0.07556507755467279,-0.07566279978130563
BNY,1905-02-19,0.25865308664,9.764,7.44926,34721.98401451956,0.12686726209833044,0.14202282546455902
BNY,1906-03-04,0.35159506928,8.42345,8.4583067973552,41568.02037376311,0.19690016607703842,0.1358823640735778
BNY,1907-03-03,0.3137106726,9.1052,8.46579,37056.2785753013,-0.13479978126620185,-0.13353449046926869
BNY,1908-03-16,0.31004545416,8.93445,8.46579,36623.33393103302,-0.008698047704084,-0.009684764103984556
BNY,1909-03-29,0.30890788084,8.88352,8.46579,36488.96096406833,0.0006962086233255338,-0.00007469010258964737
BNY,1910-03-21,0.342970602,8.99595,8.46579,40512.53362060717,0.13861616294642154,0.13965260645649802
BNY,1911-03-27,0.41643513808,7.65028,8.46579,49190.34586022096,0.18144969806563016,0.1781322543223356
BNY,1912-04-09,0.41594104136,8.41216,8.46579,49131.98193671234,-0.11506957302224186,-0.11435528038176102
BNY,1913-04-08,0.36461631491999996,8.34984,8.46579,43069.37863093698,-0.0578415411305816,-0.05167852471246881
BNY,1914-04-21,0.3595014254,8.20938,8.46579,42465.195262344096,-0.013857986087874474,-0.013727939735080352
D09,1910-05-09,26.03207671844,12.22925,59.58078,436920.71031027124,0.09185364428835374,0.059217726119720204
D09,1911-05-22,27.26808015152,12.72848,62.502640768724035,436270.84897770896,0.027096874092191525,0.004049149894859161
D09,1912-05-21,28.8222948052,12.99759,69.24413,416241.70605075115,0.04616140147581804,-0.05643127263973213
D09,1913-06-03,33.35508947264,13.33393,69.24413,481702.7735439813,0.13419124031310092,0.13446800604947562
D09,1914-06-16,35.37766869416,13.43491,82.38729,429406.8744603689,0.049954668061577,0.021842461524306023
D09,1915-06-08,35.881054578720004,13.65548,82.38729,435516.8689092699,0.014181647757611548,0.015018622721044483
D09,1916-06-14,37.755944495360005,13.91741,87.75458,430244.71765872504,0.029797214496855906,-0.03239214193462636
D09,1917-06-27,40.325920461319996,14.09978,93.6529,430589.127099321,-0.007708806963187764,-0.05549312916464977
D09,1918-06-26,43.76275590492,14.57622,100.39578414978087,435902.3267314708,0.050161341393257564,0.017139460369083315
D09,1919-07-09,44.943926398280006,14.74659,102.71738,437549.38451779046,0.04529995142822196,0.007946807470504247
D09,1920-07-22,49.784952285120006,15.32767,108.5205,458760.80818942044,0.07911682796272634,0.04937089995639088
D09,1921-07-14,51.900265459639996,15.80208,111.18509,466791.5946251426,0.007309981054823389,-0.014064803974391804
D09,1922-07-20,51.39958017168,16.22083,108.69803789560042,472865.7588193725,0.014002487500554883,0.0005183847720497958
FRA,1876-06-12,59.03068858804,10.8816,611.8341118963276,96481.52569506041,0.08464356480790558,0.08027646987586734
FRA,1877-06-25,59.231528441799995,11.24204,594.36813,99654.617150822,-0.000648179359974077,0.0010331706586266254
FRA,1878-06-24,62.50755322812,11.27735,594.36813,105166.39448370154,0.050741660762768204,0.04655290306890447
FRA,1879-07-07,69.42672683544,11.30612,594.36813,116807.6202797751,0.07606958390568308,0.07684160928614125
FRA,1880-07-20,70.1297247378,11.37072,598.835841649018,117110.09906268025,0.024136523873554028,0.023111253701290302
FRA,1881-07-12,71.73474292244,11.45598,594.36813,120690.76268009191,0.02676203545604361,0.027731163993184316
FRA,1882-07-18,74.42516867863999,11.49847,594.36813,125217.29366384432,0.03077888667300166,0.030374639879671372
FRA,1883-07-31,75.04730839944,11.51369,594.36813,126264.01822628008,0.022364518269313294,0.02308347635035357
FRA,1884-07-30,76.51065652308,11.44478,594.36813,128726.04142331792,0.01197094670122456,0.011022196295110032
FRA,1885-08-12,81.56259052032,11.37416,571.80918,142639.5262145319,0.054691025730759124,0.06558937343567983
FRA,1886-08-25,86.67033011156,11.64953,577.30963,150127.98264175848,0.04718617533994385,0.040386179070878825
FRA,1887-08-17,92.66310646944,11.54111,577.30963,160508.50644816025,0.05982855694616873,0.05922868447813534
FRA,1888-08-23,95.6969671242,11.61935,590.22531,162136.33252054203,0.010875192560880098,0.006483089941428322
FRA,1889-09-05,98.19049918444,11.72799,590.22531,166361.04470755413,0.022852611962839386,0.02286292933247802
FRA,1890-09-04,102.12693553192,11.94192,590.22531,173030.42380869773,0.011450619014687025,0.009557522073963431
FRA,1891-09-17,110.15489952428,12.0123,604.6900777433511,182167.53272249506,0.06267685800647382,0.05225815966815661
FRA,1892-09-30,119.8510365442,12.06778,605.52364,197929.57471354876,0.07166908269867611,0.06292868491022019
FRA,1893-09-22,121.50006480664,12.31192,611.72418,198619.03252972604,0.00875012068185499,0.0022847739094020714
FRA,1894-09-28,127.42998108308,12.15942,617.6355,206319.06858184157,0.03284986949278723,0.022573277334735353
FRA,1895-10-11,132.34607204728,12.44791,622.0744535339342,212749.5692765344,0.02476639372962741,0.0191223530470217
FRA,1896-10-10,137.27573135120002,12.54911,625.47654,219473.82926816092,0.030529485697533998,0.02987151481525685
FRA,1897-10-23,141.43841195484,13.06742,634.24835,223001.62381950227,0.02099475265741524,0.008124932440044086
FRA,1898-11-05,152.64923986675998,13.07666,639.72814,238615.79680825042,0.06127270055091927,0.05365791740456416
FRA,1899-10-28,153.49259440735997,13.09159,651.86683,235466.18318861228,0.019498474924946718,0.0041384591278113
FRA,1900-11-03,157.87276215724,12.98857,658.56081,239723.89452879835,0.011826442581564178,0.0044316373583470625
FRA,1901-11-16,164.21717318968,13.25022,665.04953,246924.726327797,0.03025962786458969,0.025806248124487396
FRA,1902-11-15,165.44082276436,13.03747,682.31843,242468.64145873944,0.002888303148488758,-0.02554112622019289
FRA,1903-11-28,170.32205088392,13.2289,682.31843,249622.52724716815,0.029913208752470943,0.027897363027051147
FRA,1904-12-11,177.32883915084003,13.01759,682.31843,259891.61563588426,0.020176650658067175,0.020941063327392984
FRA,1905-12-03,182.89086030644,13.26647,682.31843,268043.26582009514,0.028311605735688694,0.028992201266381468
FRA,1906-12-09,200.55752870816002,13.41283,685.3239907476819,292646.2978325823,0.055091729823046665,0.05731325844637092
FRA,1907-12-22,210.11532141028,13.57637,682.31843,307943.20096304594,0.04690407218234194,0.04542944278710426
FRA,1908-12-21,222.281281248,13.70756,681.771048541307,326035.0842465152,0.04990142855003743,0.04617294677480421
FRA,1910-01-03,247.04495529948,14.07494,682.31843,362066.953547598,0.07157709426308956,0.06698267037583006
FRA,1911-01-16,271.07107214304,14.76428,681.9373414133795,397501.43551491055,0.0931865592449228,0.09513772903886597
FRA,1912-01-08,285.6604487542,15.39651,682.31843,418661.48735598417,0.04950410635772995,0.0498118309942861
FRA,1913-01-14,296.3408286228,15.39093,656.3268928784382,451514.07299972826,0.043041182493378294,0.046635627352576536
FRA,1914-01-27,323.35269196724,15.55191,682.31843,473902.9135813317,0.05406647860954705,0.052601127059557884
FRA,1915-01-26,321.993768967,15.46725,682.31843,471911.2877648637,0.01812425396728523,0.014354731259772935
FRA,1916-02-08,340.06272543256,15.76633,682.31843,498392.99435684306,0.035165778852565666,0.03593186443100116
FRA,1917-02-21,323.3536812818,15.6022,694.5166994418131,465580.85866283864,-0.031261118232518315,-0.03573984567431476
