country,date,gdp,sol,pop,gdpc,gdpGrowth,gdpcGrowth
KOT,1837-01-13,0.062106568679999995,9.2576,3.2573300000000005,19066.710674079688,0,0
KOT,1838-01-19,0.06563377756000001,9.23204,3.3332000000000006,19690.92090483619,0.0380855087189329,0.019737780374786906
KOT,1839-01-25,0.06125785952,8.41458,3.41299,17948.44389230557,-0.06934796062597004,-0.08513710180934275
KOT,1840-01-31,0.06856768776,9.21892,3.49045,19644.36899540174,0.048161766671362516,0.029896570472119466
KOT,1841-02-06,0.070684718,9.23115,3.57314,19782.241389925945,0.0402713743548353,0.022179996767202947
KOT,1842-02-12,0.1827064226,7.58111,3.6603400000000006,49915.15066906352,1.0587192125979703,1.026948333339079
KOT,1843-02-18,0.18371691676,7.61536,3.71849,49406.32266323158,-0.006073657483725681,-0.01812197727388931
KOT,1844-02-24,0.22750228852,7.83214,3.80211,59835.79868020652,0.21879887921276597,0.1965897875200835
KOT,1845-03-02,0.2243884058,8.47919,3.87626,57887.86247568533,-0.013841273741693416,-0.028037190339267548
KOT,1846-03-08,0.23330721908000002,7.76499,3.94218,59182.28469527013,0.0229431662072499,0.009160038854339803
KOT,1847-03-14,0.22823952632,8.54993,4.00337,57011.84909713566,-0.010875096472703571,-0.02440384592378142
KOT,1848-03-20,0.22339601543999998,7.69957,4.06309,54981.8033664034,-0.007817144412633481,-0.01858748962794854
KOT,1849-03-26,0.27545726572,7.58547,4.09921,67197.64679535813,0.23235549702424585,0.22148428508281426
KOT,1850-04-01,0.2846008724,7.78525,4.0372,70494.61815119389,0.02470132951206483,0.04041639559350907
KOT,1851-04-07,0.28746576195999995,7.82006,3.99044,72038.61277453112,-0.0021964032803227784,0.0070973695468590225
KOT,1852-04-13,0.31935147608,7.78177,3.9279,81303.36212225362,0.09766970915728024,0.11082716082417177
KOT,1853-04-19,0.30133382708,8.5344,3.98291,75656.70002083904,-0.03631113766355565,-0.04624782944297767
KOT,1854-04-25,0.29256171516,8.55318,4.04635,72302.62215577002,-0.0244642592571519,-0.03609627743128907
KOT,1855-05-01,0.32380474672,8.5725,4.12724,78455.51669396498,0.03317617079655588,0.018310200688320233
KOT,1856-05-07,0.5049770580399999,7.62254,4.19112,120487.37760789478,0.47030605783220025,0.4529532449981388
KOT,1857-05-13,0.53596762284,7.55414,4.24861,126151.28779530244,0.05449472274875555,0.04354903297065049
KOT,1858-05-19,0.52190482344,7.46444,4.31568,120932.23395617839,0.01629650339831068,0.004681562857758781
KOT,1859-05-25,0.72093344284,8.22457,4.38058,164574.8834263956,0.33763597509627985,0.32192391026754574
KOT,1860-05-31,1.0158546637199999,8.21011,4.42536,229552.99991865066,0.20184644049012945,0.19289217385099144
KOT,1861-06-06,1.18025021972,8.36366,4.75564,248179.05050003785,0.13098458616877107,0.06836417808669593
KOT,1862-06-12,1.16349768808,8.19753,5.14742,226035.1181912492,0.004190889706216394,-0.056592593435181415
KOT,1863-06-18,1.15818408108,8.16227,5.56938,207955.6577356905,0.01339806714595837,-0.04215732625782631
KOT,1864-06-24,1.267603324,8.34135,5.88476,215404.4215906851,0.04844231743713556,0.006248934507048665
KOT,1865-06-30,1.3556447892,8.3245,6.26381,216424.95369431702,0.07258180927293023,0.023125515270772556
KOT,1866-07-06,1.3729798523999999,8.09376,6.61077,207688.3407530439,0.013666191110705661,-0.027333164285678446
KOT,1867-07-12,1.40396411584,8.18302,6.96835,201477.26733588296,0.008604753781656482,-0.030458505358588295
KOT,1868-07-18,1.32784630108,8.10795,7.24606,183250.80127407168,-0.055430425354186186,-0.08325436837043187
KOT,1869-07-24,1.4741494206399999,8.1735,7.448619999999999,197909.06512078748,0.05333982343438759,0.03151523506138787
KOT,1870-07-30,1.4867782976800001,8.1841,7.62547,194975.29957891122,-0.009548599130591473,-0.026793105355611746
KOT,1871-08-05,1.47335110156,8.19282,7.625299999999999,193218.77192503904,-0.009128998081236128,-0.00922876607433809
KOT,1872-08-11,1.543467913,8.48224,7.60921,202842.0707274474,0.04168049411972152,0.04354720139764323
KOT,1873-08-17,1.6425565150800001,8.86209,7.63968,215003.31363093742,0.046270801569650244,0.043108369156241944
KOT,1874-08-23,1.60173841204,9.08122,7.73424,207097.06603880925,-0.008857023640824857,-0.018157292349202492
KOT,1875-08-29,1.59624349664,9.59034,7.842209999999999,203545.10994222295,0.02157873038329927,0.012456980574372167
KOT,1876-09-04,1.53992441616,9.56308,7.94469,193830.64866722302,-0.024530924965002643,-0.03404856380626209
KOT,1877-09-10,1.5739150975599998,9.84966,8.03793,195810.9982993134,0.01116645680603967,0.002733183919911175
KOT,1878-09-16,1.5634713920799999,10.44501,8.2098,190439.64433725548,-0.01537196014139397,-0.030523794660566872
KOT,1879-09-22,1.67031450716,10.46841,8.41719,198440.87007184108,0.04318735804182494,0.022902639691440907
KOT,1880-09-28,1.73436961724,10.71186,8.56729,202440.86721005125,0.037214299721529676,0.02316745188820324
KOT,1881-10-04,1.71003043016,10.7181,8.71844,196139.49630438475,-0.018788824676325366,-0.03213060553232139
KOT,1882-10-10,1.89927057216,10.30974,8.83347,215008.43634041888,0.04996114924174844,0.03972238449797483
KOT,1883-10-16,1.93297368368,9.41156,8.92642,216545.23131109672,-0.012307082938471714,-0.02000089035265129
KOT,1884-10-22,0.45156055828,7.27113,8.72668,51744.8283058391,-0.7488298092791679,-0.7456707785888035
KOT,1885-10-28,0.50053610828,6.54079,8.58509,58302.95410764477,0.07561750647437981,0.08694189075170322
KOT,1886-11-03,0.48639111248,6.01802,8.41791,57780.50757016885,-0.019498977723109823,-0.004308856716789933
KOT,1887-11-09,1.561581385,9.61157,8.50309,183648.69535662918,0.889725380772161,0.872329346213135
KOT,1888-11-15,1.69477436752,9.90546,8.70362,194720.62975175845,0.04953481792437109,0.03444068312563031
KOT,1889-11-21,1.59026284716,9.89783,8.85493,179590.67402678507,-0.011223750364181773,-0.023907370432972974
KOT,1890-11-27,1.55370776132,8.66058,8.9033,174509.2001078252,0.005264881331972671,0.0011892236807116152
KOT,1891-12-03,1.6932725414799998,10.02833,8.94767,189241.7290177219,0.09466957099290485,0.09102891457993878
KOT,1892-12-09,1.6768754678,10.10728,9.02459,185811.81724599123,-0.004122982621685534,-0.010708636457415044
KOT,1893-12-15,1.69542153872,10.14741,9.10559,186195.6818525763,0.008290306316784068,0.001481467907685996
KOT,1894-12-21,1.5862408484000001,9.79698,9.18104,172773.5472669763,-0.02327922541370797,-0.029239644719325608
KOT,1895-12-27,1.70389743732,9.45015,9.24273,184350.01750781425,0.061140708079893136,0.05565788687455142
KOT,1897-01-02,1.75399683004,9.42424,9.32262,188144.19444748363,0.03129972591845687,0.024966652415007173
KOT,1898-01-08,1.7842777992,9.38044,9.40801,189655.17672706553,0.018618455897471353,0.011421041255776254
KOT,1899-01-14,1.80071909368,9.39409,9.49256,189697.9417227808,0.008301377239594787,0.0014442973074202392
KOT,1900-01-20,1.86180364396,9.40597,9.58141,194314.16085523946,0.013399576605273245,0.00646245511222987
KOT,1901-01-26,1.9400885036,9.48279,9.66516,200730.09692545183,0.0227901458280082,0.016127927442918466
KOT,1902-02-01,1.95884051688,9.53336,9.76319,200635.2961357917,0.027611166629325723,0.01959241872856632
KOT,1903-02-07,2.11193094268,9.52155,9.86054,214180.0492346261,0.06386213148337871,0.05623908580047554
KOT,1904-02-13,2.1025663188399997,9.60504,9.9582,211139.19371372336,-0.01974470415544327,-0.02708181433740886
KOT,1905-02-19,2.03089574584,9.66105,10.05316,202015.6593389541,-0.011986407399688814,-0.019447181652734735
KOT,1906-02-25,2.03057692344,9.63775,10.08169,201412.35481749589,0.014649829784813662,0.012649383585514595
KOT,1907-03-03,1.9894858854,9.62506,10.16543,195710.94241955332,-0.0276203130878383,-0.03392217648300244
KOT,1908-03-09,1.98065316072,9.55642,10.21902,193820.26463594355,-0.0010721818807490902,-0.005097070467008358
KOT,1909-03-15,1.8243856004399999,10.04617,10.31088,176937.91416833483,-0.02359095047295212,-0.030220898315503786
KOT,1910-03-21,1.4422775239599999,9.97617,10.407829999999999,138576.19926151753,-0.17278767528607775,-0.17877922473975572
KOT,1911-03-27,1.43282958052,9.66741,10.49546,136518.98825968563,0.005411523852515199,-0.0007733784156279677
KOT,1912-04-02,0.65615087044,7.0006,6.94634,94459.9415577124,-0.5596924318828542,-0.33568170003231534
KOT,1913-04-08,0.7868337698,7.7486,10.239589999999998,76842.31202616512,-0.004596620886997305,-0.028039996583861693
KOT,1914-04-14,0.78395939128,7.37947,10.16727,77106.1839884256,0.14063657289534026,0.14719779451001513
KOT,1915-04-20,0.74184559176,7.66935,10.02772,73979.48803516652,0.025239033443219094,0.03654687088797859
KOT,1916-04-26,0.74661662816,8.24174,9.99629,74689.37257322467,0.07094513937699731,0.07312967023973327
KOT,1917-05-02,0.7964278946,8.20824,9.97569,79836.87289801508,0.1975448052509352,0.19944523222070099
KOT,1918-05-08,0.80357571476,7.61539,9.93759,80862.23267009406,0.1096809276553341,0.11247636716108333
KOT,1919-05-14,0.6891210664,7.54294,9.87373,69793.38774708241,0.04110057762271646,0.045720855413641015
KOT,1920-05-20,0.5988722162800001,7.06087,9.68452,61838.089681264544,-0.027832395168463808,-0.13816090480853194
USA,1837-01-20,18.7952375442,11.22263,159.88658,117553.56543494768,0.155813330104845,0.12939108449771775
USA,1838-01-26,19.22816022452,11.22766,159.88658,120261.25159797652,0.00288892315294742,0.0020397735775754544
USA,1839-02-08,19.288201894,11.17015,168.27781,114621.18442116641,0.007002650093681284,-0.04360288667803347
USA,1840-02-07,19.57090427136,11.17747,172.87632,113207.54786635902,0.00849089204463982,-0.005219608424563482
USA,1841-02-20,19.792025084,11.12885,180.0167918778815,109945.43829792485,-0.005381786519880083,-0.017304054143011838
USA,1842-03-05,19.89469109992,11.09418,176.67469,112606.34502836825,0.007078139673206918,0.00799794857795999
USA,1843-02-25,20.76848811128,10.9433,185.64598,111871.46692473492,0.03559747479991793,-0.014994868511728932
USA,1844-03-03,20.541733314440002,11.05151,191.79015,107105.25704495251,-0.01379897713229461,-0.04529076127929632
USA,1845-03-16,21.006556798760002,11.15547,197.9046,106144.86373111086,0.025460127490819717,-0.005111052898279067
USA,1846-03-15,22.227296288079998,11.2323,200.11661,111071.72107342813,0.04629192003114602,0.038078802443634485
USA,1847-03-28,21.4941846028,11.59455,203.93394,105397.78029493276,-0.039947577303051984,-0.04700746965066871
USA,1848-04-10,23.13573488252,11.51606,208.63469,110891.12209728881,0.05570567498947532,0.034654122042300006
USA,1849-04-02,22.86047149984,11.32925,216.31163,105683.0439483998,-0.02620902464456476,-0.045735831806847815
USA,1850-04-08,22.679485954319997,11.25834,218.68333,103709.25828832036,0.028762986939216084,0.022379857565454797
USA,1851-04-21,23.848514267760002,11.20302,228.40555,104413.02441100928,0.034060663208260955,0.008720478607494586
USA,1852-04-20,24.144680783080002,11.08236,237.68633531429757,101582.11556904603,-0.0032116017355815485,-0.011554641954576117
USA,1853-05-03,24.95051798928,11.09321,255.12961000000004,97795.46164508305,0.04965873107865759,-0.0072445940620383675
USA,1854-05-16,26.49900191848,11.16419,261.33124089578587,101400.05392255158,0.05027573378000261,0.026601334418599354
USA,1855-05-08,26.36351793192,11.21645,269.63179,97776.00012194406,0.000048795668068146725,-0.017387742866454725
USA,1856-05-14,27.81234783028,11.08059,261.51272889046516,106351.79384300344,0.03939381134150843,0.047047632051210986
USA,1857-05-27,29.765635712799998,11.08992,269.63179,110393.64354180936,0.0618698134528779,0.06523005629194678
USA,1858-05-26,32.30832058272,11.27529,269.63179,119823.85527581892,0.07779161142476076,0.07342264956071798
USA,1859-06-08,32.36982160464,11.00687,269.63179,120051.94789768668,-0.012349576001032592,-0.011738462635141667
USA,1860-06-21,33.90771503236,11.23268,265.15787085876786,127877.46002991707,0.04243653587195495,0.03916595574048087
USA,1861-06-13,35.40790560632,11.74985,269.63179,131319.47685515866,0.017455598997380584,0.01671548355876884
USA,1862-06-19,37.52472008584,11.74175,269.63179,139170.23688430805,0.05588836887033288,0.05459171448823996
USA,1863-07-02,38.50288829452,11.77366,269.63179,142798.02947018968,0.022944347213422756,0.022385891536801594
USA,1864-07-01,42.297104932159996,11.78938,269.63179,156869.87403139664,0.0706334780347091,0.06704164339124707
USA,1865-07-14,44.1372889438,11.57247,269.63179,163694.67763352385,0.031946551251714306,0.03581804903578001
USA,1866-07-27,47.632989487719996,12.23278,269.63179,176659.3972013463,0.061343676225247945,0.05616538205102084
USA,1867-07-19,50.92833405972,12.28875,269.63179,188881.04425564953,0.05680675466218932,0.057022116102120046
USA,1868-07-25,56.059406487240004,12.30724,269.63179,207910.96809185593,0.07381392853582769,0.07306342126898513
USA,1869-08-07,57.8045602394,12.26172,269.63179,214383.32712696822,0.025570797070889828,0.025570356477859102
USA,1870-08-06,61.9208470712,12.32383,269.63179,229649.65322227025,0.05209219935543086,0.04998231636614747
USA,1871-08-19,65.10365972968,12.23348,276.151523427206,235753.3969818618,0.02701960937136283,0.024658565268214083
USA,1872-09-01,69.3243153018,12.32415,269.63179,257107.35110945188,0.03587786947077909,0.034141667669003395
USA,1873-08-24,71.634321941,12.28956,269.63179,265674.6147811428,0.03152373137704911,0.02995342614093688
USA,1874-08-30,76.40719562892001,12.31954,269.63179,283376.06492513366,0.036369368603490715,0.03574024350885785
USA,1875-09-12,80.80071979616,12.4591,270.1305104863278,299117.3401726851,0.03967451425582036,0.03991554423457533
USA,1876-09-11,84.3552038992,12.55606,269.63179,312853.331942795,0.038446748663628405,0.03708032611822243
USA,1877-09-24,91.22857784924001,12.59036,269.63179,338345.03657465614,0.04715131319045307,0.046843137654311695
USA,1878-10-07,95.03477638148,12.57568,269.63179,352461.3191251669,0.03509215645908448,0.03515338041673299
USA,1879-09-29,102.75441475936,12.47127,269.63179,381091.61667976907,0.059878541104372296,0.0590110161126669
USA,1880-10-05,112.58552958743999,12.51055,269.63179,417552.8767859309,0.07247242637732443,0.07137649421842984
USA,1881-10-18,116.698687014,12.47975,269.63179,432807.5966635833,0.030924206777999563,0.030949842114572856
USA,1882-10-17,124.82256237308,12.51872,273.6941951012788,456065.8012015571,0.04344512451179949,0.046559986898186745
USA,1883-10-30,126.03318417196,12.37218,269.63179,467427.02027813555,0.014503152133304109,0.013458032443494083
USA,1884-11-12,132.18522890404,12.61141,269.63179,490243.48688275955,0.049207643489321384,0.0491435892725125
USA,1885-11-04,145.26816805228,12.78657,269.63179,538764.9878090414,0.04605422674922566,0.04560059325145427
USA,1886-11-10,152.99787611056,12.9694,267.4186171262057,572128.7386597849,0.04751760895451329,0.04705865260033426
USA,1887-11-23,161.54806628167998,13.09336,269.63179,599143.2474697437,0.031866479613570586,0.0329675650640755
USA,1888-11-22,178.47308125244,13.25465,273.0794184469093,653557.4239445578,0.06978488405291405,0.07107034280396718
USA,1889-12-05,176.89405496152,13.08459,619.30495,285633.2005121548,-0.016349503582931968,-0.5723847080049311
USA,1890-12-18,201.77287922167997,13.32705,625.027968519387,322822.16058211715,0.11247550895533309,0.11128166176067444
USA,1891-12-10,209.71426108152,13.68132,619.30495,338628.42704796727,0.018443295564835482,0.018919428881192024
USA,1892-12-16,225.91065128788,13.987,619.30495,364780.95530784957,0.057209970775546015,0.05831698690341103
USA,1893-12-29,232.15334874524,14.02981,666.06193,348546.19111054734,0.017546843066375217,-0.054414434863081396
USA,1894-12-28,249.4247739152,14.31104,666.06193,374476.85069645103,0.05839424342484212,0.05650360974200552
USA,1896-01-10,258.57431258984,14.42968,666.06193,388213.6193999858,0.02847674476244455,0.027415075369435327
USA,1897-01-23,272.79151023332,14.6018,710.99803,383674.0732366305,0.0331928087443325,-0.014413402132042896
USA,1898-01-15,278.44684884172,14.48298,719.0523,387241.44104916987,0.03048776530468067,0.022938628899139335
USA,1899-01-21,284.48924190648,14.56388,719.0523,395644.7144477252,0.03623567938570771,0.03770916772742261
USA,1900-02-03,305.27779346168,14.67933,773.36314,394740.55288137984,0.04614032964556447,0.014508300270795749
USA,1901-02-02,308.49441611976,14.78282,773.36314,398899.8184213434,0.005344715227034724,0.004847258702971757
USA,1902-02-15,320.1372774002,14.81676,789.98896,405242.72313906765,0.022226568001941782,-0.002293692897153199
USA,1903-02-28,347.80926383684,14.97093,796.65719,436585.8592663175,0.055411874475871814,0.05134075907322955
USA,1904-02-20,372.13337514964,15.29205,796.65719,467118.57976156595,0.06158607950004891,0.0603822591781662
USA,1905-02-26,377.95089648888,15.46126,796.65719,474420.9946675809,0.026188351541306165,0.026040351285965935
USA,1906-03-11,371.59697147820003,15.60689,858.2025445029387,432994.4881408209,-0.012495707526777755,-0.06478517656549543
USA,1907-03-10,380.50021260316004,15.74981,873.57298,435567.74455542344,0.01869113771451003,0.005435910318635662
USA,1908-03-23,371.86400616924,16.0259,885.0844,420145.249616014,-0.03406065230657518,-0.040470322247574964
USA,1909-04-05,399.23279237816,15.81058,904.64023,441316.646262968,0.07651367347233151,0.05612602526204746
USA,1910-03-28,343.88226274584,15.82367,920.7054599999999,373498.66779962403,-0.14724045215202863,-0.1583966648054771
USA,1911-04-03,365.38144128668,15.54686,935.09161,390744.0055917944,0.04159997311101016,0.02696867816731907
USA,1912-04-16,379.87438363888003,15.49558,948.96398,400304.3230775524,0.04376970469070929,0.030722615541446396
USA,1913-04-15,443.64601669440003,16.10189,962.64189,460862.9868521512,0.15323740210895487,0.13305511327838548
AGC,1901-04-20,0.027109652440000003,7.53988,0.2149486301926315,126121.54083375652,0.10308428565709216,0.10596681933976848
AGC,1902-05-03,0.05083010348,7.60692,0.21661,234661.85069941368,0.325006275843406,0.35123108473911047
AGC,1903-05-02,0.04271952516,7.62578,0.21661,197218.6194543188,-0.15416701129590493,-0.16313819083521275
AGC,1904-05-15,0.03242707884,7.27843,0.21661,149702.59378606713,-0.24705482613528862,-0.20699628993646102
AGC,1905-05-28,0.019409819,7.62432,0.18897048288255877,102713.49632980934,-0.20694917686618486,-0.20384935259744674
AGC,1906-05-20,0.02863118856,7.45785,0.21660999999999997,132178.51696597572,0.3853565357728346,0.3807513705802781
AGC,1907-05-26,0.02786443712,7.55871,0.21661,128638.73837772956,0.022680356847622818,0.023442383603052397
AGC,1908-06-08,0.01088429004,9.76161,0.21660999999999997,50248.32667005217,-0.5153386174011259,-0.5045494177148151
AGC,1909-06-07,0.04926253436,10.7674,0.21661,227425.02359078528,1.4156241974412431,1.114120748945418
AGC,1910-06-20,0.04283345612,9.64456,0.21661,197744.59221642584,-0.08148318313551683,-0.08107840725439819
AGC,1911-07-03,0.04971360524,10.30119,0.21661,229507.43382115322,-0.015389783229282639,-0.024988664579333908
AGC,1912-06-25,0.02508746812,10.02179,0.21661,115818.60541987905,-0.3006905020213384,-0.2926775603312365
AGC,1913-07-01,0.043340990680000004,10.10253,0.21661,200087.67222196577,0.4327138764529319,0.46400820860395964
AGC,1914-07-14,0.00884885404,9.99513,0.21660999999999997,40851.54905129034,-0.7425991542575785,-0.7348581524211693
AGC,1915-07-13,0.03032084952,9.85458,0.21661000000000002,139978.9922902913,2.5428682067448385,2.775594666806087
AGC,1916-07-26,0.02745506764,8.73306,0.2181908796664463,125830.50071557176,-0.10558463278989527,-0.11485658141876665
AGC,1917-08-08,0.0037659965200000003,8.1481,0.21661,17386.069525876,-0.8048282628653795,-0.7970134420340391
AGC,1918-07-31,0.0031534204,7.52403,0.21661,14558.055491436222,-0.052330468038667366,-0.05089390944366334
AGC,1919-08-06,0.0021800636,7.73762,0.21661000000000002,10064.464244494713,-0.10511136768196783,-0.0874059197128253
KTI,1875-08-15,0.0055497930800000005,3.03004,0.4225428635293697,13134.272423025435,0.033724263726268466,0.03451555865605105
KTI,1876-08-28,0.00990077452,4.0535,0.41832,23667.944444444445,0.23750521542458425,0.24270973948626295
KTI,1877-08-27,0.00960438024,5.8646,0.41832,22959.409638554218,-0.11898093147007927,-0.11401512877629782
KTI,1878-09-09,0.00802405292,6.89437,0.41831999999999997,19181.61436221075,-0.06561233053143867,-0.07179413447053462
KTI,1879-09-22,0.00983703656,7.05621,0.43595293806397006,22564.44606999426,0.13372371435253827,0.13781186335955065
KTI,1880-09-14,0.00873685124,7.04746,0.4183200000000001,20885.569038056987,-0.0649982643441025,-0.061499299849248734
KTI,1881-09-20,0.00734504004,6.56222,0.41831999999999997,17558.424268502582,-0.15696619244183097,-0.15685300926552925
KTI,1882-10-03,0.01015955564,7.22771,0.37774,26895.630963096308,0.013572942597074533,-0.004859001755975756
KTI,1883-10-02,0.00589062968,6.81464,0.37774,15594.40271085932,-0.296577068016732,-0.30004533387423127
KTI,1884-10-15,0.01031451876,6.84977,0.37774,27305.868480965746,0.265455716341064,0.3214782550995785
KTI,1885-10-28,0.01150956768,7.48249,0.37774,30469.54963731667,0.08922868489910152,0.09682837878201944
KTI,1886-10-20,0.010693626840000001,7.14387,0.37774,28309.49023137608,-0.046370802159144686,-0.04520707568098825
KTI,1887-10-26,0.008668884640000001,6.90927,0.37774,22949.34251072166,-0.11008790551316805,-0.10754877707958865
KTI,1888-11-08,0.0105328158,6.42646,0.37774,27883.771377137713,0.04115471965806061,0.04560567702460916
KTI,1889-11-07,0.01069349164,6.45621,0.37774,28309.132313231323,0.03909118600496386,0.034262049345267886
KTI,1890-11-20,0.012250151680000002,5.86348,0.38880247606224766,31507.391115582144,0.09906770333575032,0.11406573475199222
KTI,1891-12-03,0.01332527924,6.62167,0.3777400000000001,35276.32562079737,0.016746893580236177,0.012468185566315793
KTI,1892-11-25,0.0142286768,7.45034,0.37774,37667.911261714406,0.05635147275584407,0.055242520895450786
KTI,1893-12-01,0.013223503280000002,4.01949,0.37774,35006.891724466564,-0.24580358960493676,-0.2601352648432983
KTI,1894-12-14,0.01249111292,4.35263,0.3786097123877548,32992.05622915233,-0.04172344709755604,-0.037602455099501775
KTI,1895-12-13,0.01147302052,4.80396,0.37774,30372.797479747973,-0.054682565704953,-0.04109468085793089
KTI,1896-12-26,0.06873194120000001,10.7963,0.37774,181955.68698046275,1.8695433242044364,1.2841767501501944
KTI,1898-01-08,0.1122758936,12.09137,0.37773999999999996,297230.61788531794,0.5942502008320654,0.6155002892965156
KTI,1898-12-31,0.10688889016,11.46443,0.37774,282969.4767829724,-0.034330561397009185,-0.03240579333160565
KTI,1900-01-06,0.09028222736000001,12.64344,0.37774,239006.26716789327,-0.16871165192691828,-0.16986679049041642
KTI,1901-01-19,0.08738322008,13.13054,0.37774,231331.65690686714,-0.025550170990064625,-0.023545008003848178
KTI,1902-01-18,0.099292336,12.8428,0.3834586807073483,258938.81399904695,0.09428316946018422,0.08430380105366786
KTI,1903-01-31,0.11110330192,13.02952,0.37774,294126.38830941916,-0.007254928074228895,-0.01556713808374155
KTI,1904-02-13,0.11196472716,12.97929,0.37774,296406.85963890504,0.027017856569252485,0.028762799968300667
KTI,1905-02-05,0.08517503488,12.60607,0.37774,225485.87621115052,-0.061620808769471735,-0.06961824532997252
KTI,1906-02-11,0.09156999228000001,12.64027,0.3696964856321333,247689.64769418116,-0.06947189188055902,-0.04507200540060363
KTI,1907-02-24,0.07104852248,11.34672,0.50177,141595.79584271676,0.12942427680380653,-0.13641169832005362
KTI,1908-02-23,0.059356077039999997,7.88248,0.50177,118293.39546007133,-0.12908576028951846,-0.12431704912157138
KTI,1909-03-08,0.102235731,8.85673,0.50177,203750.1863403551,0.6149359559027732,0.5791032506508584
KTI,1910-03-21,0.12963764996,11.19344,0.4949349773823752,261928.64898260156,0.017446474267784673,-0.005753136555935456
KTI,1911-03-13,0.13605365696,11.33218,0.50177,271147.4519401319,0.1110354646531313,0.10613458793897945
KTI,1912-03-19,0.15801920836,11.82959,0.50177,314923.5872212368,0.05261517993062759,0.052200418040210916
KTI,1913-04-01,0.16432094068,12.10322,0.50177,327482.59298084775,0.04689450761477709,0.04268546240204585
KTI,1914-03-31,0.17146028016,11.83391,0.50177,341710.90372082824,0.017332598035534774,0.04475979404517094
KTI,1915-04-13,0.16994843268,12.25134,0.50177,338697.8748829144,0.014261322385035413,0.012608249619886935
KTI,1916-04-26,0.1576883308,12.80313,0.50177,314264.1664507642,-0.17755824250073138,-0.16586292485476073
D04,1896-11-14,2.43590955972,11.14188,34.02136,71599.41753416088,0.061306592387781134,0.04794974136300656
D04,1897-11-27,3.5969713098800002,10.87404,35.1096,102449.79463964271,0.3029938589379888,0.30742570157511695
D04,1898-11-26,5.98296729784,11.14258,35.1096,170408.3013717046,0.37884458498845186,0.2892331155490788
D04,1899-12-09,13.748973450160001,12.00225,34.74069770498573,395759.85395903117,0.7387595913533005,0.6597718010617981
D04,1900-12-22,15.12482254816,12.36878,35.1096,430788.8027251806,0.07489995106264646,0.07387138056399256
D04,1901-12-14,16.10161663916,12.37359,35.1096,458610.0849670745,0.08282861362331628,0.08213415684878922
D04,1902-12-20,15.40928042888,12.47242,35.1096,438890.79992024973,-0.04146942683484245,-0.04280389527096229
D04,1904-01-02,17.02611920568,12.02862,42.868683917701205,397169.1605547431,0.0731722030730646,-0.12534698876411687
D04,1905-01-01,25.538462772160003,10.32486,132.65597,192516.49791682954,0.4955206375246386,-0.5119451249976861
D04,1906-01-14,26.64349739584,10.29376,134.4746232626487,198130.29960159352,0.02905961133001389,0.026884713506250213
D04,1907-01-27,17.27573249532,12.46723,51.8035,333485.8165050624,-0.36007372339140775,-0.056931329726623625
D04,1908-01-19,18.11863841008,12.42714,52.19817,347112.5215707754,0.046253890168125755,0.039364422188905124
D04,1909-01-25,18.242225445080003,12.57045,52.19817,349480.17229492916,0.00008464334088009728,-0.003559782373252496
D04,1910-02-07,19.55351799284,12.53856,58.10157202801457,336540.2571794782,0.038901236963268415,-0.021697141269640507
D04,1911-02-06,20.87883247112,12.9863,57.68734,361930.92749847716,0.05215257702902143,0.05275187802123438
D04,1912-02-19,20.30725482916,13.34355,59.563129999999994,340936.66382475203,-0.014825903825916198,-0.050233697154957846
D04,1913-03-04,20.268009792679997,13.4457,59.56313,340277.7824583765,-0.016576286894047,-0.02094936920662649
D04,1914-02-24,20.93294641412,14.01897,59.56313,351441.34322894044,0.04644188198107746,0.05090625272259608
D04,1915-03-02,11.203886622239999,11.01498,76.61547292663211,146235.29940184506,-0.48933590129418325,-0.518828452747925
D04,1916-03-15,18.494790931759997,13.24945,62.79811,294511.90380984393,0.4290651715653664,0.44420618379415955
D04,1917-03-14,18.61687658272,13.62695,63.86654276341826,291496.5454084897,-0.0008786435215784039,-0.011227015238216675
BCE,1837-01-13,1.17025194208,6.05586,11.8578,98690.47732969017,0,0
BCE,1838-01-19,1.1084776892800001,6.21791,11.7246,94542.90033604558,-0.044545199325274565,-0.03578961260870639
BCE,1839-01-25,1.98324212268,6.10448,11.59038,171111.0526729926,0.3764084111791566,0.38830064218774885
BCE,1840-01-31,1.94061805964,6.252,11.46864,169210.82705883172,0.01125007863739902,0.019260416348391818
BCE,1841-02-06,2.0166797638,6.50292,11.32367,178094.18358182462,0.05930688028767506,0.06918824968309756
BCE,1842-02-12,1.98799926104,5.33939,11.08358,179364.36251102985,-0.05935214324707916,0.028073492327859828
BCE,1843-02-18,1.7145156912,5.84986,10.9121,157120.5992613704,-0.11310313037939834,-0.10254344048090414
BCE,1844-02-24,1.7468759791600001,5.89605,10.73901,162666.38909545666,0.002936498592360337,0.014819564289428877
BCE,1845-03-02,1.69420739072,6.06566,10.60121,159812.6431529986,0.0021128613242131777,0.012073020278929425
BCE,1846-03-08,1.5278402256,5.91938,10.46361,146014.6379308862,-0.06499504947402357,-0.05568808560620342
BCE,1847-03-14,1.18929452408,6.33254,10.31945,115247.85953514963,-0.22066656196149292,-0.2128258757716529
BCE,1848-03-20,1.55974521508,6.23445,10.173890000000002,153308.63760862363,0.3499674131370849,0.36430159005487606
BCE,1849-03-26,1.4591647512,6.22497,10.06169,145021.83541731062,0.02084476259645851,0.029756298811846715
BCE,1850-04-01,1.0667476794,6.292,9.95902,107113.71996441417,-0.25061161029768697,-0.24501965419831928
BCE,1851-04-07,1.07857110192,6.44552,9.82627,109764.04087410585,0.042784228356340215,-0.021154290961950317
BCE,1852-04-13,1.01090075268,6.6749,9.73479,103844.12531549217,-0.05082032112350221,-0.044060877768692386
BCE,1853-04-19,1.07184354108,6.86849,9.65523,111011.70464919014,0.03647940140055472,0.042891295308609134
BCE,1854-04-25,1.014685373,6.90237,9.58733,105836.07459011007,-0.020884207422672607,-0.015470430090531173
BCE,1855-05-01,0.92869697284,6.67046,9.51118,97642.66608769889,-0.09279594909060418,-0.08748033854540804
BCE,1856-05-07,1.00731257484,6.88036,9.4567,106518.40227986507,0.07016881877466985,0.07488560278213141
BCE,1857-05-13,0.98525918192,6.9719,9.42385,104549.53993537673,-0.016949599646221114,-0.014178666816556773
BCE,1858-05-19,0.9811744254,7.04626,9.39537,104431.6961865259,0.0000643441317427218,0.002277014493966112
BCE,1859-05-25,0.93397179564,7.29911,9.38526,99514.74926000985,0.0059992497782384024,0.006703735452247894
BCE,1860-05-31,0.98752221984,7.35653,9.3688,105405.41156177952,0.008990506949329458,0.010643324297656687
BCE,1861-06-06,0.9469014999600001,7.65495,9.36916,101065.78390805579,-0.050436607098930164,-0.05054194270837076
BCE,1862-06-12,1.03982405748,7.41792,9.37492,110915.51261024094,0.04180626447052793,0.041369792792951054
BCE,1863-06-18,1.02845392104,7.34823,9.37037,109755.95638592714,-0.023862129460938353,-0.023551168246789156
BCE,1864-06-24,1.03277524948,7.06962,9.34553,110510.07802446731,-0.0035582484647929125,-0.0015467537008440058
BCE,1865-06-30,1.05940273296,7.64301,9.32506,113608.1411765715,0.01692443067569238,0.018603353460202587
BCE,1866-07-06,1.01302973616,7.71504,8.5704,118200.98667040045,-0.03148244445627668,0.05208807808152627
BCE,1867-07-12,1.0229610820000001,7.79068,9.21082,111060.80479262433,0.008336276284554245,-0.011048631157504984
BCE,1868-07-18,1.1808229565600001,7.8686,9.20064,128341.39326829439,0.13057848936522487,0.13135783323793304
BCE,1869-07-24,1.1509896944,8.10845,9.21223,124941.4847870711,-0.017115351346646546,-0.018118245407359956
BCE,1870-07-30,1.288661348,8.42832,9.2327,139575.78476501998,0.1066960810395432,0.1049670991039704
BCE,1871-08-05,1.3204495641999998,8.22277,9.24502,142828.19985246108,-0.00512518608921031,-0.006188864680942152
BCE,1872-08-11,1.46601188812,8.783,9.28187,157943.59198308102,0.13256093322404805,0.12914492402740985
BCE,1873-08-17,1.6172895882,9.3541,9.35106,172952.54101674035,0.10536343577192286,0.09906496020393551
BCE,1874-08-23,1.91168166956,10.03919,9.43905,202529.03306582762,0.12821118992281577,0.11996900146517175
BCE,1875-08-29,2.26325139664,10.28247,9.54914,237011.01844145128,0.1508223839056737,0.14084600144281922
BCE,1876-09-04,2.62586448072,10.95209,9.66745,271619.1426611981,0.11197182064361577,0.1017795520197129
BCE,1877-09-10,2.8330409197999997,11.1523,9.7943,289254.04774205404,0.08416271369503625,0.07328356003288361
BCE,1878-09-16,2.8230934888,11.63848,9.9335,284199.27405244875,-0.01692202873351578,-0.026523605058167088
BCE,1879-09-22,2.9029605696000003,11.96221,10.1976,284670.95881383854,0.057506005943368965,0.033498749713932297
BCE,1880-09-28,2.5428882076,11.85887,10.43178,243763.59620314077,-0.12807403339588475,-0.14403789622846663
BCE,1881-10-04,2.85955263464,12.11734,10.574019999999999,270431.9298280124,0.11007256059487269,0.0987461592228871
BCE,1882-10-10,3.33573096012,12.12877,10.71332,311362.9537921018,0.13728292630304506,0.1258110404283459
BCE,1883-10-16,3.3140680118,12.91628,10.8757,304722.2718353761,-0.014017891529249704,-0.02531346121283473
BCE,1884-10-22,3.2450992626,12.92273,11.04091,293915.92383236525,-0.02561654930412971,-0.03638074084989773
BCE,1885-10-28,3.51335573368,13.15379,11.20807,313466.6123320072,0.07709015681738207,0.06496274464905305
BCE,1886-11-03,3.21146310784,13.0688,11.39648,281794.3003313304,-0.06438003757906718,-0.07591204898186465
BCE,1887-11-09,3.7285265019600002,13.21387,11.5746,322130.05217977293,0.1283808595345246,0.11524444805676759
BCE,1888-11-15,3.66924815348,13.26318,11.75247,312210.8078965528,-0.020119444221594618,-0.03159490999564263
BCE,1889-11-21,3.87247661372,13.29142,11.90401,325308.5820425218,0.05118432895086866,0.0422232003442744
BCE,1890-11-27,4.71866948436,12.79318,12.07854,390665.5509987134,0.21334278076340296,0.19988559300190767
BCE,1891-12-03,4.86361114824,12.99515,12.25521,396860.69420597446,0.02475702602914276,0.013500814814742412
BCE,1892-12-09,5.0587055298,13.03175,12.44245,406568.282757817,0.03588225659180311,0.024356269757937588
BCE,1893-12-15,5.20361615696,13.07881,12.63639,411796.1029186342,0.009841249138808461,-0.0019318265607479734
BCE,1894-12-21,5.20078610168,13.17027,12.81738,405760.46755889273,0.018051138128937882,0.00730378777550178
BCE,1895-12-27,5.02694613148,13.4103,13.00771,386458.96406669583,-0.019559110817882308,-0.030165863116040303
BCE,1897-01-02,5.29945584584,13.37283,13.19112,401744.19198976277,0.028023231453664144,0.016995863098128394
BCE,1898-01-08,5.60449583564,13.37864,13.39326,418456.4352248818,0.05113211376550142,0.03953369491628478
BCE,1899-01-14,5.73979100656,13.3758,13.60735,421815.48990508803,0.03899062863935532,0.026659645768827733
BCE,1900-01-20,5.76905020068,13.54282,13.81777,417509.49687829515,0.0002799696627189263,-0.011538370402349951
BCE,1901-01-26,5.74360630012,13.54207,14.03525,409227.2171938512,-0.005418975523616365,-0.016461914037872005
BCE,1902-02-01,5.81917477492,13.64463,14.23047,408923.5826307915,0.027444354251523695,0.016543588001154408
BCE,1903-02-07,6.002380238920001,13.51937,14.44076,415655.42526293633,0.0038898114342456047,-0.007254285533062177
BCE,1904-02-13,6.0495018064,13.76155,14.645570000000001,413060.1817751033,-0.007838774117641889,-0.018141177741067938
BCE,1905-02-19,5.844608013919999,13.71633,14.84165,393797.7255844195,-0.02491289034631239,-0.03480734932956675
BCE,1906-02-25,5.98822632564,13.6537,15.05766,397686.3819238846,0.0211896563800007,0.00996852089636846
BCE,1907-03-03,6.05773264044,13.61108,15.249919999999998,397230.45369680633,0.008432824899136326,-0.0006720175611061308
BCE,1908-03-09,6.07318601656,13.55159,15.49816,391864.97084557137,0.007435130480385244,-0.0052393987207427495
BCE,1909-03-15,5.81767794556,13.8358,15.75058,369362.7755650903,-0.025079604900331676,-0.0363973944104099
BCE,1910-03-21,5.87730646672,13.78905,16.00578,367199.0035299748,0.009771354013758282,-0.0020323584366320757
BCE,1911-03-27,6.3101816159199995,13.90639,16.26004,388079.09549546003,0.08205210196707569,0.06861769413373953
BCE,1912-04-02,6.05227345424,13.30461,16.53123,366111.5025463925,-0.007556720223157898,-0.019642969631127882
BCE,1913-04-08,5.2507646474400005,14.15689,16.81162,312329.48683351156,-0.14934553857433552,-0.16018446411245402
BCE,1914-04-14,5.70197538716,14.41612,17.11264,333202.555956299,0.039952175164180925,0.026042392364186595
BCE,1915-04-20,5.60899398228,14.40295,17.43169,321769.94785244577,0.0018268877552489737,-0.011762696437600861
BCE,1916-04-26,5.53923471296,14.33981,17.74239,312203.4130103103,-0.03395611942150867,-0.04698738441064931
BCE,1917-05-02,5.67190844948,14.30123,18.06281,314010.30346219667,0.019434684981512573,0.005732010127913467
BCE,1918-05-08,5.7629842483200004,14.20665,18.39056,313366.4362760025,0.002443704230226773,-0.010860630406099081
BCE,1919-05-14,5.623948616000001,14.14726,18.70903,300600.75888488075,-0.02839062052164254,-0.041108847381187696
BCE,1920-05-20,5.56171410288,14.10952,19.04667,292004.539527382,-0.01779021922541646,-0.030550267996768854
MEX,1838-05-11,3.75011242684,8.74424,70.55245339043518,53153.536788961675,0.19142094877460125,0.17373498545543997
MEX,1839-05-24,3.91529173204,8.80688,74.08939,52845.51178029675,0.0336339336389313,0.029593605702668446
MEX,1840-05-23,4.32254164316,8.90627,74.88153,57725.071097772714,0.09889744770843212,0.0879743549741272
MEX,1841-06-05,4.2067408541599995,9.10042,76.55672,54949.33500494796,-0.054256693254165156,-0.057533561996060856
MEX,1842-06-18,4.21597381504,9.06256,78.2370059819204,53887.2080050489,-0.0011223988378126215,-0.01764264821922845
MEX,1843-06-10,4.2523384347599995,9.18614,78.99153,53832.84049264522,0.002287443934432476,-0.012136096885604908
MEX,1844-06-16,4.46495525164,8.18581,79.73921,55994.47563676641,0.05070333839085395,0.04143132191707011
MEX,1845-06-29,4.44215957276,8.00893,81.21075,54699.15710370856,-0.014613065626324584,-0.03355487560935677
MEX,1846-06-28,4.7385038168,7.60836,81.21075,58348.233661184015,0.06026051032625701,0.05895224753449324
MEX,1847-07-11,4.62164918592,7.56078,82.72138,55870.06872854394,-0.013319505355375738,-0.02361394752935142
MEX,1848-07-24,4.6978104607199995,7.35399,83.36403,56352.9673495871,0.006969290296364505,0.007218761095945325
MEX,1849-07-16,4.551181375,8.59841,85.10451,53477.55806360908,0.006410370881548388,-0.0019679948543059878
MEX,1850-07-22,4.709657330040001,9.40877,85.10451,55339.69151623105,0.025540332308527924,0.026787605801158465
JAV,1837-01-13,7.09739630392,7.77568,95.93361,73982.37493533287,0,0
JAV,1838-01-19,7.34159587512,8.17124,96.82179000000001,75825.86394157761,0.046466120322140814,0.03908203475439054
JAV,1839-01-25,7.354956051559999,8.31998,97.86373999999999,75155.06817499515,-0.037434504064957075,-0.045324744928852856
JAV,1840-01-31,7.30275962988,7.63587,98.78046999999998,73929.18488725556,-0.009974823744181127,-0.01677207018723237
JAV,1841-02-06,7.48856040712,7.21323,99.60695,75181.10339810625,0.0478667851806287,0.041099736051824376
JAV,1842-02-12,7.84148581736,7.14744,100.98775,77647.89112897356,0.03372827504101994,0.021921829287470107
JAV,1843-02-18,8.11822346816,7.31188,102.05681,79546.12208788419,0.030287354472035233,0.022361822495573058
JAV,1844-02-24,8.15555368732,7.32136,102.93354,79231.25627778856,-0.011547460987296088,-0.018109381343835773
JAV,1845-03-02,8.32875231604,7.30477,103.71842,80301.57339496688,0.022856137241072938,0.01712369741992159
JAV,1846-03-08,7.98890815788,7.26869,104.48661,76458.678847749,-0.045766519394116134,-0.05126207729690313
JAV,1847-03-14,8.31496509116,7.53926,105.26078,78993.95283941465,0.007890076285008485,0.0034347793518691994
JAV,1848-03-20,5.712178016479999,8.30982,106.23392,53769.813035987,0.02855733986993947,0.021410034205256556
JAV,1849-03-26,8.31343258096,7.37234,107.12846,77602.46512420695,0.3841452883107732,0.3749434238622671
JAV,1850-04-01,8.48504180108,7.48542,107.79888,78711.78068900159,0.004575504681442855,-0.00002488937728639673
JAV,1851-04-07,8.41101845116,7.43325,108.60601,77445.23945921594,0.01100659044154395,0.005408429983311924
JAV,1852-04-13,8.14198046896,7.39356,109.50106999999998,74355.25944139177,-0.0069375728651190904,-0.013932125741632717
JAV,1853-04-19,8.2637106786,7.53909,109.91033,75185.9327380784,0.007497811153792,0.004589204774037681
JAV,1854-04-25,8.35723057416,7.64402,110.44535000000002,75668.46928512608,0.0005743684020251827,-0.003002991898726659
JAV,1855-05-01,8.55042023212,7.62786,111.167,76915.09379690015,0.003964532352368044,-0.001038346045455718
JAV,1856-05-07,8.88078178364,8.09956,112.34712,79047.70307988313,0.05477059014810193,0.045778358407908115
JAV,1857-05-13,9.10563058444,8.08322,113.27484,80385.28753993385,0.013392280925959898,0.00728246107696795
JAV,1858-05-19,9.83761937808,7.97384,124.62751,78936.1785217405,0.031241204091424946,-0.06109309565670351
JAV,1859-05-25,9.46302891612,7.87517,125.60733999999998,75338.18418668846,-0.020978373038926024,-0.026582350347367334
JAV,1860-05-31,9.66250987884,7.86135,126.74023,76238.69610178236,0.012428151445151414,0.005934719625061424
JAV,1861-06-06,9.66460937468,7.66595,127.97911,75517.08536400979,0.018357287015450474,0.011403643808651331
JAV,1862-06-12,10.099951447559999,7.67018,128.85885,78379.95952594641,0.027484869459567296,0.022288456481051266
JAV,1863-06-18,10.01945475024,7.64828,129.69572,77253.54969493211,-0.004287914574298224,-0.009200145295047313
JAV,1864-06-24,10.176964261879998,7.73203,130.55025,77954.38355637004,0.01504295306072434,0.00997752956728637
JAV,1865-06-30,10.960491838400001,7.96708,131.81458,83150.8307988388,0.07425833161484707,0.06779709863888916
JAV,1866-07-06,10.172756296560001,7.0777,131.68153,77252.71947068052,-0.04422083357929962,-0.04565050107395918
JAV,1867-07-12,9.689218398600001,6.97975,128.67318,75300.99433774778,-0.021507022707066725,-0.004016369214394522
JAV,1868-07-18,11.44312925444,8.07152,132.6531,86263.56454873653,0.1441793318279232,0.10966055279114784
JAV,1869-07-24,12.19838771736,8.07571,133.82431,91152.25565041209,0.02944928427159632,0.02295132888779805
JAV,1870-07-30,12.735880357720001,8.05367,134.90257,94407.98909702018,0.016189762395243834,0.010115797951435912
JAV,1871-08-05,11.933598991599998,7.80668,135.82013,87863.25702677504,-0.04038764702534692,-0.045289487026001884
JAV,1872-08-11,12.828489240320001,7.96031,137.36594,93389.15629536696,0.033202370797948966,0.024387161351788977
JAV,1873-08-17,13.637758657120001,7.97096,138.83426,98230.49913702857,0.04460241739485582,0.03623037272299112
JAV,1874-08-23,13.97433528296,7.98603,140.4327,99509.12631431282,0.06768591632528809,0.058091181274541714
JAV,1875-08-29,14.7281586426,7.93342,141.66235,103966.64069599297,0.021170511848245255,0.013859115314875936
JAV,1876-09-04,15.249573688960002,7.8959,143.31553,106405.59113837838,0.015734760173548246,0.007210174228385435
JAV,1877-09-10,15.956524252760001,7.91818,145.138,109940.3619504196,0.040411661799012455,0.031554233627542505
JAV,1878-09-16,16.72680221368,7.92343,146.77347,113963.39007097126,0.03035673906719949,0.02114176087034525
JAV,1879-09-22,16.393329653480002,7.26312,148.65701,110276.19655124235,-0.002838494316469764,-0.012752212724280176
JAV,1880-09-28,16.167491353,7.30691,150.12742,107691.79509645872,-0.0028867139130267505,-0.0100100715000484
JAV,1881-10-04,17.73645156608,7.93702,152.4026,116378.93032061133,0.08677341390625548,0.07584092115397412
JAV,1882-10-10,18.62009636344,7.96615,154.84061,120253.3131549921,0.019235350655505634,0.0063101314703188915
JAV,1883-10-16,18.24446430144,7.98897,156.59985,116503.71505106805,-0.0038176775589241485,-0.011404697142588405
JAV,1884-10-22,19.250825674079998,8.01035,157.86486,121944.97036313212,-0.03229739789694708,-0.03805365854182785
JAV,1885-10-28,19.066460387,7.99229,159.0077,119909.0382855673,-0.019523202023399078,-0.02461804945411794
JAV,1886-11-03,21.00751171272,8.08739,160.08998,131223.1515846276,0.11471620100497937,0.10909935497080747
JAV,1887-11-09,21.053414016959998,8.06862,161.37303,130464.26665571067,0.012287845316316659,0.006198058100372883
JAV,1888-11-15,21.84791780132,8.13207,162.59488999999996,134370.260967734,0.01879070607082567,0.012750736258326123
JAV,1889-11-21,22.77084373564,8.08813,163.94672000000003,138891.73101871143,0.03057737581834874,0.02394416891369633
JAV,1890-11-27,22.86163880104,8.11444,165.16244,138419.1151513625,0.011719504265312874,0.005993879711853722
JAV,1891-12-03,23.546840842199998,8.1554,166.46141,141455.25285530143,0.025898609315335497,0.019874388962648037
JAV,1892-12-09,18.654011576200002,9.10753,168.29876,110838.67508114738,-0.05858117155816511,-0.0661168589390424
JAV,1893-12-15,15.12739120412,10.11506,133.13613,113623.48600729194,-0.11165726827310996,0.12649126589828352
JAV,1894-12-21,16.040763608480002,9.54895,135.02691,118796.7910135839,0.027846441716682158,0.017133504850025627
JAV,1895-12-27,15.47354743272,8.89633,136.17387,113630.81208399234,-0.016372865055570562,-0.0224729849356482
JAV,1897-01-02,15.89273609092,9.60846,137.42576,115645.97562291088,-0.0469363514685428,-0.05352383157539886
JAV,1898-01-08,16.53898942852,9.85165,139.02385,118965.12309592922,0.040677991987363216,0.031596657220950064
JAV,1899-01-14,15.68803266264,10.77906,141.06462,111211.67492344999,-0.022317076162342908,-0.03281127767626013
JAV,1900-01-20,17.84570171488,10.92703,143.08884,124717.63496636075,0.06461884374886906,0.05306940719790121
JAV,1901-01-26,20.067747778519998,10.78035,145.08065,138321.32526646386,0.0378839909798343,0.027374354135832224
JAV,1902-02-01,22.6788638596,10.52985,147.1498,154120.92887384148,0.1436161583449993,0.13094656670004845
JAV,1903-02-07,23.29113936604,10.35069,148.86405,156459.12741215894,0.05381735518355324,0.04435197313537964
JAV,1904-02-13,26.35260189588,10.09486,150.31887,175311.33580155304,0.10675881243946961,0.09860613851663746
JAV,1905-02-19,28.1458649706,10.06814,151.6527,185594.22265874594,0.04599479728367961,0.03904545764399381
JAV,1906-02-25,31.1417725944,10.65976,153.02935,203501.95955481744,0.07395899284977236,0.06670559448963598
JAV,1907-03-03,34.25876739324,10.92764,154.78096,221337.0907716298,0.08815665404401063,0.07893408762204968
JAV,1908-03-09,34.36103720452,10.92501,156.65692,219339.41510225018,0.02237748617119939,0.013072117871203659
JAV,1909-03-15,36.40635407136,11.11457,158.59698,229552.63127557663,0.027312228849303954,0.017958055503396242
JAV,1910-03-21,35.151548596320005,11.00256,160.54588,218950.17546585438,-0.020218848018130453,-0.02932423741589707
JAV,1911-03-27,35.78603569632,11.12807,162.59985,220086.52342742012,-0.01717812894906645,-0.02674306097547674
JAV,1912-04-02,36.890511880039995,11.57338,164.42783,224356.86148774205,0.03548262627591914,0.02691819656495209
JAV,1913-04-08,39.81841268236,10.78175,166.22461,239545.8330890955,0.06633091751846654,0.057653468262311325
JAV,1914-04-14,41.722581492799996,11.19012,167.86697,248545.50893960852,0.003956473398596172,-0.003431083820543357
JAV,1915-04-20,47.1228581382,11.46334,169.68869,277701.82054089755,0.15179569460622377,0.14262770463563657
JAV,1916-04-26,50.80617269936,11.7487,191.92687,264716.3093909675,0.11030356780694484,-0.015427830817461241
JAV,1917-05-02,52.4222998182,12.67641,194.47818,269553.6322799812,0.04563735310009398,0.035198536340960374
JAV,1918-05-08,55.68016230036,13.09868,197.12985999999998,282454.22738270095,0.02984682406345618,0.01932381050012677
JAV,1919-05-14,55.463155226960005,13.23511,199.97871,277345.29954193626,0.019403362195099083,0.008343546977886751
JAV,1920-05-20,56.22559211828,13.2141,202.84835999999999,277180.41259135643,-0.014827008199011282,-0.025353306656849428
FRA,1841-06-12,24.036949240200002,11.15142,363.26673000000005,66168.87057121911,-0.007922422722374645,-0.007911166341151743
FRA,1842-06-25,24.762122400600003,10.38897,363.26673,68165.12594093052,0.03275626833633449,0.034373817842530574
FRA,1843-06-24,18.37102812844,10.32285,363.26673,50571.73314065948,-0.2666933151516686,-0.26365154059323337
FRA,1844-07-07,24.39165857336,10.99391,363.26672999999994,67145.31378461221,0.2678653366672481,0.24789531958796007
FRA,1845-07-20,25.002200811119998,10.91839,363.26673,68826.01335696226,0.005544699005957332,0.0031880729640896277
FRA,1846-07-12,26.30647209008,11.27917,363.26673,72416.40898432951,0.02888352838893704,0.027242245850630287
FRA,1847-07-18,26.79240579392,10.63046,363.26673,73754.08640895906,0.012226950877642029,0.013335635508163746
FRA,1848-07-31,26.90624419132,10.55362,394.14296,68265.19035458606,0.005485942978549652,-0.05070359974830596
FRA,1849-07-30,27.536035371,10.43715,394.1429600000001,69863.06534816706,0.022034768238236024,0.023495762219217342
FRA,1850-08-12,28.70079538612,10.83984,392.33555372170605,73153.69487639713,0.025060239847462418,0.030408979320738716
FRA,1851-08-25,28.04519860948,9.33815,394.14296,71154.8891028778,-0.026223114267278524,-0.030752043624964864
FRA,1852-08-17,30.50783751704,10.86568,394.14296,77402.97458830674,0.08946754106937904,0.08854325581703915
FRA,1853-08-23,30.640881149840002,10.69437,394.14296,77740.52630507469,-0.0019211617926027102,-0.0018777255403410464
FRA,1854-09-05,30.60377196292,10.78495,393.4467916465102,77783.76291962693,-0.012186915699377354,-0.013090892314238212
FRA,1855-09-04,30.87368423776,10.77196,394.1429600000001,78331.18277124624,0.025063491073700428,0.01896375100515657
FRA,1856-09-17,30.53813177064,10.49788,394.14295999999996,77479.8356683575,0.005808443751620818,0.0043973551767566565
FRA,1857-09-30,31.306822761240003,10.3546,394.1429600000001,79430.1203838323,0.013969804346370296,0.01298030589244381
FRA,1858-09-22,31.81065856228,10.0075,394.14296,80708.42762808703,0.01983568015437487,0.020468806797184325
FRA,1859-09-28,32.697424012759996,10.22104,474.74282999999997,68873.97122513677,0.018284492851633694,-0.15524393177723894
FRA,1860-10-11,33.00848828056,10.20402,478.57477000000006,68972.47901421966,-0.00020527181317797627,-0.00398606527115819
FRA,1861-10-10,33.56760631328,10.1525,488.4092593294686,68728.43966833179,0.011676167573672513,0.0074504063876041915
FRA,1862-10-23,36.46898526076,10.52977,485.69019999999995,75086.9283768954,0.0499765805687562,0.0525755230027285
FRA,1863-11-05,34.935909536320004,9.92059,494.79837,70606.35534494587,-0.07141589125090309,-0.08974882836048848
FRA,1864-10-28,32.55670620696,9.6263,499.46415,65183.26932365416,-0.06885952903143366,-0.07642093765109181
FRA,1865-11-03,28.745643114239996,9.48362,497.0250102276002,57835.405709416205,-0.06337240376951314,-0.0697204428956415
FRA,1866-11-16,30.8184583356,9.63385,516.78581,59634.87723395501,0.048795158122679316,0.03233251142468574
FRA,1867-11-15,29.04925562864,9.97222,522.3399451464438,55613.69736043395,-0.06803027787401794,-0.06924663042914248
FRA,1868-11-28,29.24436054904,9.98098,517.39679,56522.11438930652,0.011280180391023409,0.01220360714874924
FRA,1869-12-11,29.78933103328,10.00135,516.4804542097743,57677.55737989793,0.01573492256317599,0.014369794260445712
FRA,1870-12-03,30.32184245428,9.8912,517.39679,58604.62036163773,0.013634494186827606,0.013587870144303293
FRA,1871-12-09,24.9953164994,9.82724,517.39679,48309.763381794466,-0.0007015330893848093,0.005405945019235414
FRA,1872-12-22,28.83566400468,9.51296,517.39679,55732.2050735568,0.12130048103487034,0.12057521968775142
FRA,1873-12-21,33.866417491920004,10.25299,517.39679,65455.40704247508,0.14641548766441925,0.13880089630496983
FRA,1875-01-03,35.030416731959996,10.26067,517.39679,67705.1296200736,0.021891962695674172,0.021011196409441713
FRA,1876-01-16,33.6899586114,10.03572,517.39679,65114.355679323024,-0.028946967180266125,-0.027163643223426348
FRA,1877-01-08,35.41224076936,9.847,517.39679,68443.10102766582,0.019606624411544704,0.0182606829081704
FRA,1878-01-14,35.97013935216,9.72863,517.39679,69521.38097370105,0.0021513560053560976,0.0016173892540864987
FRA,1879-01-27,35.00598774504,9.43932,517.39679,67657.91443166859,-0.019352915505331136,-0.021273901856773247
FRA,1880-01-26,34.08019794608,9.28026,517.39679,65868.59177475763,-0.01940046778075344,-0.0190801574366134
FRA,1881-02-08,35.35755189564,9.20073,517.39679,68337.40096385214,0.027472902279398692,0.02360518336459161
FRA,1882-02-21,37.39616392408,9.30988,517.39679,72277.53369726164,0.044795360337568146,0.04419345300557298
FRA,1883-02-13,36.32030256556,9.59683,517.39679,70198.15984084478,0.008190748430740191,0.005643088781956518
FRA,1884-02-19,35.27686170008,9.56064,517.39679,68181.4467772017,-0.034658187784349925,-0.035934291590260625
FRA,1885-03-04,35.18075363608,9.53455,511.4031485662527,68792.6027336969,0.0057496076742296065,0.0066755200929131675
FRA,1886-03-03,35.85906933804,9.7073,517.39679,69306.71011321891,0.007997715940876837,0.008644441327598562
FRA,1887-03-16,36.27263999684,9.40884,517.39679,70106.03988640904,0.001632696142015666,0.0034337343195296466
FRA,1888-03-29,35.807719382239995,9.33995,517.39679,69207.46335175369,-0.011907444610582463,-0.010617669158337173
FRA,1889-03-21,36.15528978412,9.60542,517.39679,69879.23095564624,0.007231132276818153,0.00632282357266134
FRA,1890-03-27,36.85901658348,9.50622,517.39679,71239.36076889846,-0.006302024246347071,-0.005900569688439106
FRA,1891-04-09,35.74575806048,9.53693,517.39679,69087.70744495728,-0.006842817448908689,-0.008898678125068393
FRA,1892-04-08,36.612770720760004,9.73402,517.39679,70763.42843325333,0.026243447788132368,0.023386136156973603
FRA,1893-04-21,36.97875546092,9.79788,517.39679,71470.78639765043,0.023542474603275743,0.024026430965690126
FRA,1894-05-04,38.19008471876,9.95306,517.39679,73811.98619102372,0.03052339898495715,0.026732259036839956
FRA,1895-04-26,39.016288882480005,9.87755,517.39679,75408.8344507897,0.02867145019851014,0.028593020441765926
FRA,1896-05-02,41.71417182348,9.91667,521.0284820059752,80061.21212966938,0.04902236741995458,0.047073663332420246
FRA,1897-05-15,41.37383315572,9.95861,517.39679,79965.38431504379,0.00986905115907133,0.010051693299074849
FRA,1898-05-14,31.159400454519997,8.5553,530.8927611277509,58692.456812425786,-0.2510528045021746,-0.24375003730412792
FRA,1899-05-27,27.96407426956,8.87138,517.955,53989.38956001969,-0.153147995757695,-0.1596861754295641
FRA,1900-06-09,33.22740300932,8.64663,524.3069942736998,63373.94574594318,0.16348177111037732,0.15859240011534936
FRA,1901-06-01,34.67456699096,8.66209,517.955,66945.13421235436,0.0387323696529942,0.03934913617261859
FRA,1902-06-07,36.104216383040004,8.98314,520.9170524222495,69308.95468895945,0.02387021983176907,0.02437693592665413
FRA,1903-06-20,37.45443149916,9.20688,517.955,72312.13425714588,0.016035575440911387,0.015593046007744027
FRA,1904-06-19,40.478785844120004,9.61759,517.955,78151.16341018042,0.05666768462625327,0.053627840180428654
FRA,1905-07-02,42.640172175640004,9.93586,517.955,82324.08640835593,0.03253816829569356,0.03530390431918051
FRA,1906-07-15,45.95001457436,10.22796,522.6517234252057,87917.08228421387,0.058497249699623,0.06039084710871889
FRA,1907-07-07,47.61060036668,10.01562,517.955,91920.34127806469,0.03868532692064841,0.03671478642170478
FRA,1908-07-13,55.56839589496,10.57371,516.34904,107617.89330519528,0.1462788988348256,0.14958492473683194
FRA,1909-07-26,57.22710620432,10.77904,519.59087,110138.78323982097,0.020029248837982072,0.01523574550158635
FRA,1910-07-25,54.967934203,10.27519,520.98242,105508.23231808857,-0.032773138133232904,-0.03349833151297288
JAB,1837-01-20,0.01319779344,5.30375,0.4689203655369255,28145.063447795015,0,0
JAB,1838-01-19,0.01121111004,6.33068,0.45896,24427.20507233746,-0.15236531808818343,-0.14973452526291253
JAB,1839-02-01,0.01305340504,6.61624,0.45896,28441.269478821683,0.10051496880530397,0.09981452986032102
JAB,1840-02-14,0.01397209424,5.82127,0.45896,30442.945441868575,0.19030208149192895,0.2069651841302922
JAB,1841-02-06,0.01364641512,6.54166,0.45896,29733.34303643019,-0.009315841991067164,-0.009178070648266257
JAB,1842-02-12,0.01401476908,5.25795,0.45896,30535.927052466446,0.023246084904489095,0.024001903616133413
JAB,1843-02-25,0.013957400600000001,6.73156,0.45896,30410.930364301905,0.006351320644455427,0.008931493968512783
JAB,1844-02-24,0.0138136544,6.70112,0.4593099887366404,30074.796409273138,-0.0010320975860342863,0.00009755527351829052
JAB,1845-03-09,0.0137668622,7.23248,0.45896,29995.777845563884,-0.0058607896879840915,-0.0059454451398397445
JAB,1846-03-22,0.01388465884,7.20188,0.45896,30252.43777235489,0.007507798644470265,0.008030156129940513
JAB,1847-03-14,0.01467595636,6.64869,0.45896,31976.547760153393,0.10049514866942966,0.09024968206089667
JAB,1848-03-20,0.014505758799999999,6.63046,0.45919816148660914,31589.32246818895,-0.0007413387087576995,-0.0013052708054562823
JAB,1849-04-02,0.014403020839999999,6.62911,0.45896,31381.86517343559,0.0025836341037897004,0.002669915392828459
JAB,1850-04-01,0.01420720808,6.63547,0.45896,30955.220672825522,-0.00960526644004589,-0.010122293714974862
JAB,1851-04-14,0.0146202472,6.6634,0.45896,31855.16646330835,0.03566196994089421,0.0349086428037797
JAB,1852-04-27,0.01431150344,6.5914,0.4593443875333916,31156.36944396026,-0.018226926974953317,-0.016375044448880938
JAB,1853-04-19,0.01409518084,6.58113,0.45896,30711.131340421827,-0.006341716653028184,-0.0058165337694210395
JAB,1854-04-25,0.01819428728,6.66775,0.45896,39642.42478647377,0.03843645636133086,0.027936581386880377
JAB,1855-05-08,0.01451141224,6.61789,0.45896,31618.032595433153,-0.13898247566175703,-0.14106905816521542
JAB,1856-05-07,0.01439490884,6.62733,0.45896,31364.19043053861,-0.009485107673235627,-0.00950879077426936
JAB,1857-05-20,0.01426899396,6.63866,0.45896,31089.842164894544,-0.010422413857963053,-0.010313128370375346
JAB,1858-06-02,0.015032499040000001,6.14678,0.45896,32753.396897333103,0.2191380139722694,0.19376800754064472
JAB,1859-05-25,0.014814230079999999,6.767,0.45896,32277.823949799546,-0.0025477573219528926,-0.00242337761184086
JAB,1860-05-31,0.01495625456,7.24969,0.45896,32587.27244204288,0.013687298510962842,0.012826143618362318
JAB,1861-06-13,0.015067777400000001,7.21683,0.45896,32830.262767997214,0.005609718813840425,0.005591867953233631
JAB,1862-06-12,0.01470215136,6.77904,0.45896,32033.622450758237,-0.031368466405075957,-0.03597935794811635
JAB,1863-06-25,0.01514495476,6.71478,0.45815140165331353,33056.659229562494,0.035933353571484306,0.034431580971836295
JAB,1864-07-08,0.014990225119999999,6.69591,0.45896,32661.28882691302,0.0004966943196162976,0.002294203913766335
JAB,1865-06-30,0.015071728880000001,6.69104,0.45896,32838.87240718146,0.004464470782205909,0.004438242761961586
JAB,1866-07-06,0.01489995988,6.67605,0.45896,32464.61539131951,-0.00532359413542427,-0.004840421055935518
JAB,1867-07-19,0.01340475604,7.10121,0.4767131536521877,28119.123496601012,-0.09510466615541846,-0.09277981829838611
JAB,1868-07-18,0.0130572052,8.56706,0.45896,28449.54941607112,-0.012300586205552189,-0.018643198614483936
JAB,1869-07-31,0.012823898359999999,8.71371,0.45896000000000003,27941.211347394106,0.013015519288637423,0.012823525619012788
JAB,1870-08-13,0.009481225000000001,7.41199,0.45896000000000003,20658.063883562838,-0.2140192002346346,-0.2118307687140174
JAB,1871-08-05,0.00844126504,7.65338,0.45896,18392.15844518041,-0.1606779889080674,-0.16031342056736386
JAB,1872-08-11,0.00724067812,7.81513,0.45896,15776.272703503573,-0.06554978975529091,-0.06373512050789054
JAB,1873-08-24,0.0076790922,7.37509,0.45896,16731.50644936378,-0.014921734603573822,-0.01394495135744167
JAB,1874-08-23,0.00770661892,7.47808,0.4777060451872452,16132.554732438557,-0.05659743843512277,-0.048886861922278646
JAB,1875-09-05,0.00634581376,7.48917,0.45896,13826.50723374586,-0.12745699300824886,-0.12610412821238548
JAB,1876-09-18,0.00650147472,7.13121,0.45896,14165.667421997561,-0.00284476716146842,-0.015011816231197739
JAB,1877-09-10,0.00542335768,6.49952,0.45896,11816.62384521527,-0.10355149543079889,-0.10176903517599156
JAB,1878-09-16,0.00560988324,7.29533,0.4614185781837884,12157.905002614607,-0.0034778536455698505,-0.0013134834569051845
JAB,1879-09-29,0.00522513472,8.50801,0.45896,11384.72790657138,-0.06291686079952674,-0.07200987493669353
JAB,1880-09-28,0.00465517104,8.56978,0.4542028260974584,10249.101882516996,-0.06534538934898604,-0.06624480437317015
JAB,1881-10-11,0.004201756,7.95597,0.45896,9154.95032246819,-0.07916920953487183,-0.07277935006595804
JAB,1882-10-24,0.0029295832799999997,7.93278,0.46172989714852647,6344.798762419383,-0.10455632722281161,-0.15302639433316134
JAB,1883-10-16,0.00239262504,6.84803,0.45896,5213.145023531462,-0.15271299960708806,-0.15226094900520404
JAB,1884-10-22,0.0017330778399999999,6.84976,0.4386875417123381,3950.597350531637,-0.20678905785094392,-0.20392544823058656
JAB,1885-11-04,0.00119634372,6.84023,0.45896,2606.6404915461044,-0.24731227019737756,-0.24589736445941301
JAB,1886-11-03,0.0007355166000000001,6.84046,0.45896,1602.5723374586023,-0.34686957850988887,-0.3434726607698586
JAB,1887-11-16,0.00066046032,6.11668,0.45896000000000003,1439.0367788042531,-0.0799765337532905,-0.08000401491253228
JAB,1888-11-29,0.00052082316,6.45533,0.4524545009370226,1151.1061530416596,0.13358779971968615,0.10336405696281181
JAB,1889-11-21,0.00029729648,6.38145,0.45896,647.7611992330486,-0.1040809151456038,-0.11481076018385872
JAB,1890-11-27,0.00041891304000000004,6.3542,0.45896,912.7441171343909,0.5499693043150815,0.5149128077732636
JAB,1891-12-10,0.00037217543999999996,6.37248,0.45896,810.910406135611,-0.08579795016269753,-0.0859456022285977
JAB,1892-12-09,0.00032262724,6.53486,0.45896,702.9528499215618,-0.06486810687034406,-0.07441502350412688
JAB,1893-12-22,0.00020269912,6.57393,0.45896,441.64877113473943,-0.3193031813854107,-0.3138411719765398
JAB,1895-01-04,0.00017567212000000002,6.62154,0.45896,382.7612863866132,-0.09517190109761708,-0.09501298683091808
JAB,1895-12-27,0.00015315144,6.703,0.45896,333.69234791702985,-0.09936172754981076,-0.09810039567601891
JAB,1897-01-02,0.00013513344,6.7773,0.45896,294.43402475161236,-0.09507936181727272,-0.09579788217094565
JAB,1898-01-15,0.00011992552000000001,6.86069,0.45896,261.29841380512465,-0.0886277818854736,-0.088441027672723
JAB,1899-01-14,0.00008558316000000001,7.65089,0.45896000000000003,186.471936552205,-0.24608626913473042,-0.2446761486027913
JAB,1900-01-27,0.00004954768,7.1723,0.45896,107.95642321770961,-0.4210580679657071,-0.4210580679657073
GRE,1837-01-06,0.6433565866000001,10.24817,9.55961,67299.45955954271,0,0
GRE,1838-01-05,0.67142490428,10.11285,9.70639,69173.49336674088,0.011267382476510823,-0.00045679463314829416
GRE,1839-01-04,0.85985392272,9.98481,9.85441,87255.74871757925,0.17649408659897303,0.16336060359220106
GRE,1840-01-03,0.8349705202800001,9.98365,9.99119,83570.67779513753,0.050708307609524494,0.0395638962739262
GRE,1841-01-02,1.17575239704,10.60968,12.04471,97615.66671509732,0.346923879418771,0.12125589615593069
GRE,1842-01-08,1.30302487588,9.5747,12.21268,106694.42545616522,0.0052199338472036505,-0.005209948649457896
GRE,1843-01-07,1.45380478672,9.95557,12.34797,117736.33939181906,0.11119268596436149,0.10153422512521337
GRE,1844-01-06,2.40622497856,10.39479,37.17588,64725.43430202594,0.6443984452034703,-0.4520923700877073
GRE,1845-01-05,2.48785708028,10.38574,37.75548,65893.93328544624,0.016306134666544958,0.004254273687196886
GRE,1846-01-04,2.5040863172,10.2511,38.35387,65289.01300442432,0.00276240649696069,-0.009326422343649776
GRE,1847-01-03,2.63050600748,10.19028,38.93232,67566.1252008614,0.028022262214957072,0.016185235248954433
GRE,1848-01-02,2.92906821012,9.7569,39.498459999999994,74156.51673812093,0.10105120852572314,0.08871491149902999
GRE,1849-01-08,3.16274908404,9.77863,40.0584,78953.45505661734,0.07169835303981364,0.06053221606317627
GRE,1850-01-07,3.5040340051600003,9.95871,40.63267,86236.86322262358,0.07525722849299021,0.06358596051134469
GRE,1851-01-06,3.6264409334399996,10.02724,41.22315,87970.98070962554,0.02953651777384425,0.018128607725345747
GRE,1852-01-05,3.95305413672,9.75914,41.80279,94564.36129550204,0.07856841445271101,0.06695571425244884
GRE,1853-01-04,4.15865343972,9.64663,42.34279,98213.96841634667,0.047357938801228405,0.036968154261118435
GRE,1854-01-03,4.14116717664,9.5173,42.85504,96631.9755305327,-0.008492501981685052,-0.017677107700194594
GRE,1855-01-02,4.303275405,9.50159,43.43701,99069.32832163172,0.025080534915949304,0.01435702642281056
GRE,1856-01-08,4.8015949072,9.4885,44.12203,108825.33979510916,0.08072021308164823,0.06815538249329323
GRE,1857-01-07,5.1112492522,9.64929,44.82632,114023.39634839531,0.059834389699380264,0.04695061939900369
GRE,1858-01-06,5.1820489292000005,9.72009,45.58899,113668.86893524072,0.034631967467483316,0.020897153403842017
GRE,1859-01-05,5.1928403441199995,9.62497,46.29786,112161.56306403794,-0.0009817616582886712,-0.012836966139007866
GRE,1860-01-04,5.7656750112,9.58734,46.96871,122755.66033642396,0.07657220549927923,0.06470268408662916
GRE,1861-01-03,5.24950363392,9.69741,47.66332,110137.17957372671,0.002637826093083051,-0.008630210483129619
GRE,1862-01-02,5.81365827484,9.67307,48.37999,120166.5869472069,0.035154373548101914,0.02334185015862822
GRE,1863-01-08,6.22910422576,9.53494,49.08795,126896.80921203677,0.03595487505918671,0.02479727132182008
GRE,1864-01-07,6.62013523912,10.24705,49.91141,132637.7122810195,0.05929637393898579,0.046180978263042904
GRE,1865-01-06,6.8046926485200006,10.27185,51.31219,132613.56898857758,0.041360812749935194,0.023528989894092467
GRE,1866-01-05,7.66387262264,10.40804,56.01928,136807.76730154332,0.09544318813734542,0.017651838645946327
GRE,1867-01-04,7.8198515954,10.38291,57.17051,136781.21107193202,0.036794865676410105,0.02086077974536127
GRE,1868-01-03,7.766245980480001,10.68186,58.23325,133364.46069006968,-0.008998749887379254,-0.022706325643405467
GRE,1869-01-02,7.57515168852,10.43472,59.2673,127813.34207092276,-0.013319620741903404,-0.02663963606339126
GRE,1870-01-08,8.2152442346,10.30495,60.29435,136252.30613813733,0.14118234854261957,0.1264303172125385
GRE,1871-01-07,8.66897757752,10.3197,61.32552,141360.03375951806,0.019450494435959476,0.00614441998997628
GRE,1872-01-06,9.092897388639999,10.79382,64.42843,141131.75485790975,0.05066375009841062,0.004060725391186848
GRE,1873-01-05,9.60987492504,10.62672,65.57824,146540.60439926415,0.06619402103116467,0.0517524691566853
GRE,1874-01-04,10.236595195320001,10.5181,66.74095,153378.0264638127,0.0396712069874785,0.025745332536538656
GRE,1875-01-03,10.124549919640002,10.49794,67.87041,149174.72753796537,0.005677179742448191,-0.007235221441013295
GRE,1876-01-02,10.50837261552,10.541,69.02162,152247.55106472436,0.047324735064738555,0.03388431208743414
GRE,1877-01-08,10.148263341840002,10.16633,70.2156,144530.0380804266,-0.03929237782481787,-0.05169052140947794
GRE,1878-01-07,10.916131113679999,10.38655,71.42953,152823.78469632936,0.03938314352679528,0.025748899192798325
GRE,1879-01-06,10.88450512604,10.52745,72.67051,149778.84600011754,0.026334921045687354,0.012849817454873458
GRE,1880-01-05,11.172763613439999,10.26926,73.95268,151079.9015456911,0.014891012169557571,0.0014526056453820768
GRE,1881-01-04,11.77448087972,10.59927,75.28191,156405.18259592511,0.050613975303008596,0.03629644044377711
GRE,1882-01-03,11.38784734204,10.62309,76.68001,148511.29182221027,0.015425323819040715,0.0011461926282985146
GRE,1883-01-02,12.4089375748,10.69964,78.09099,158903.576133431,0.03471743543293493,0.02029383502967108
GRE,1884-01-08,12.67596517044,10.82758,79.54616,159353.5774755186,0.03375629455409124,0.01934830261706133
GRE,1885-01-07,12.77107711308,10.81209,81.00747,157653.07956266258,-0.000035670849071745,-0.013939578728396462
GRE,1886-01-06,13.851987820320002,10.88686,82.47543,167952.9020984795,0.020170040825410185,0.006140182075028422
GRE,1887-01-05,13.21127385396,10.78769,83.72432,157794.93764726902,-0.05843003397606561,-0.0690341670318122
GRE,1888-01-04,13.43490543824,10.7838,85.10036,157871.31145203146,0.009020007756321835,-0.0035482369365218425
GRE,1889-01-03,14.29039961544,10.85252,86.58234,165049.81980667188,0.05012742977121487,0.036141738551153546
GRE,1890-01-02,15.290812434560001,11.56836,88.05139,173657.8199908031,0.0452712055865645,0.03173152619600117
GRE,1891-01-08,15.70229464648,11.64942,89.59186,175264.74666872638,0.03349169788350159,0.020154961092430534
GRE,1892-01-07,15.83361520936,11.53811,91.18865,173635.81113833794,0.0027649326777392513,-0.010848190433648819
GRE,1893-01-06,16.41074650592,11.89578,92.81586,176809.72310034084,0.024995211463356037,0.011119949029694043
GRE,1894-01-05,16.68003228996,11.45053,94.34038,176806.92286759923,0.006435070618948435,-0.006109977203565986
GRE,1895-01-04,17.321661598280002,12.38393,95.89678,180628.1879149644,0.04685617508929241,0.03364686114309334
GRE,1896-01-03,18.00445539672,12.65987,97.47261,184712.97112819692,0.0194427838993374,0.006749757332899398
GRE,1897-01-02,18.77516695236,11.61374,99.02313,189603.852679268,0.03673655792498365,0.024078458578416395
GRE,1898-01-08,19.2656265776,11.48154,100.45347,191786.57121152707,0.00942716185554815,-0.0014094622273080892
GRE,1899-01-07,19.364568517840002,11.39016,101.79096,190238.58815989163,-0.012520609659228965,-0.02253341476436821
GRE,1900-01-06,20.40014250248,11.77522,102.43192,199158.06032416457,0.033812530425397114,0.029470557037069467
GRE,1901-01-05,20.1594976128,12.054,103.72828,194349.0975922863,0.001733278441577557,-0.008060948947290925
GRE,1902-01-04,20.98112732872,11.96776,105.23779,199368.7564963118,0.009278377935336923,-0.0018648132278968887
GRE,1903-01-03,20.47995151592,12.19378,104.78629,195444.95292199007,0.0007115071487850955,-0.0016681495656283296
GRE,1904-01-02,21.26818380596,12.61276,104.16233,204183.0650865817,0.0322482682667502,0.03421707901325233
GRE,1905-01-08,21.22720384096,12.4274,104.90715,202342.77492964015,0.004213995966649842,-0.0062276321564723736
GRE,1906-01-07,22.57077125212,12.84397,106.31394,212303.02679140665,0.04250794518459089,0.0321235039579022
GRE,1907-01-06,22.533859885680002,13.19559,108.18884,208282.6646970242,-0.00493637882302278,-0.017777195481093577
GRE,1908-01-05,25.05661219828,13.95871,110.3953,226971.72975914733,0.09993590058909474,0.08308244278507981
GRE,1909-01-04,25.874901830960003,14.00799,112.77179,229444.80912256517,0.027771140523240145,0.011026719539795504
GRE,1910-01-03,26.81848865228,14.5082,115.39325,232409.509674786,0.032482147827665786,0.014257081496603652
GRE,1911-01-02,29.33138076024,14.54469,117.74393,249111.61671128182,0.09430072448499383,0.0773720085710552
GRE,1912-01-08,31.087422161120003,14.85223,120.1914,258649.30570007506,0.038166724971358645,0.022051485722906605
GRE,1913-01-07,32.88446295524,15.25507,122.08075000000001,269366.48861708335,0.035662443036594826,0.023102997188418906
GRE,1914-01-06,34.31095846152,15.02734,123.71752999999998,277333.0381031694,-0.004994682197958733,-0.015199669428345608
GRE,1915-01-05,35.845133580360006,15.17535,125.93346999999999,284635.4791967537,0.04528947105409431,0.032030770356959115
GRE,1916-01-04,38.06114399828,15.25904,128.59775,295970.5282423682,0.056968628188664994,0.03940676822140099
GRE,1917-01-03,40.41800933196,15.76911,131.08698,308329.7008746406,0.05662650737182329,0.04140405413287751
GRE,1918-01-02,43.25407704956,16.28879,133.39282,324260.9088672089,0.07840606667148142,0.06431190363167327
GRE,1919-01-08,47.46087599604,16.51777,136.58977,347470.2094896273,0.02911301085171014,0.010954390775688827
GRE,1920-01-07,49.984783887999995,16.5083,139.79142,357566.8942199743,0.017244393875445185,-0.00006098193896442172
GRE,1921-01-06,50.50394333088,17.327,142.37604,354722.2083918053,0.025701216811358174,0.011651111777793322
LUA,1837-01-13,0.12598109732,7.23345,3.17743,39648.74043487976,0,0
LUA,1838-01-19,0.20985205540000001,7.76236,3.20581,65459.916651329935,0.5434992866678017,0.5326745450811663
LUA,1839-01-25,0.1793206454,8.24727,3.23766,55385.87912257618,-0.13792875805961824,-0.14392465257343046
LUA,1840-01-31,0.16980541292,8.39049,3.27281,51883.67577708452,0.11874941128785443,0.10933656714278173
LUA,1841-02-06,0.30484721852,7.87005,3.30207,92320.03516582023,0.6109640813890393,0.6001284192542711
LUA,1842-02-12,0.19118462636,7.99563,3.33139,57388.845604987706,-0.19343043042720698,-0.19858499004765684
LUA,1843-02-18,0.29898325236,7.84223,3.35963,88992.91063599265,0.3282540154637219,0.31939607366395983
LUA,1844-02-24,0.25038915823999996,7.69655,3.38653,73936.79023661387,-0.03939023118472085,-0.0453032419801116
LUA,1845-03-02,0.2364647298,7.57195,3.41321,69279.27956381236,-0.010690650842403615,-0.016419938839719594
LUA,1846-03-08,0.32543439292000004,5.87058,3.39587,95832.40610506292,0.2627943639348824,0.2679929788686046
LUA,1847-03-14,0.3157108292,6.78869,3.3919,93077.87057401455,-0.0022402987795493434,-0.001665208967833065
LUA,1848-03-20,0.25237511832000004,6.89326,3.40272,74168.6410636197,-0.08241963050959866,-0.08461539245333505
LUA,1849-03-26,0.36658186604,6.94263,3.4132,107401.22642681355,0.2167902144418279,0.21382989688732468
LUA,1850-04-01,0.29475588063999997,7.07038,3.42657,86020.67975847567,-0.18651943376815028,-0.18879793307821602
LUA,1851-04-07,0.28223045760000004,7.14687,3.4441599999999997,81944.64182848649,-0.2521991996824462,-0.2552894481504918
LUA,1852-04-13,0.21876369944,7.12481,3.45815,63260.32689154606,0.1124800917153761,0.10902905516278505
LUA,1853-04-19,0.20237164687999998,7.10245,3.47344,58262.600442212904,-0.2046534019789139,-0.20714470153506126
LUA,1854-04-25,0.33118096284,7.15105,3.48787,94952.2094688162,0.341266768147521,0.3369436624730122
LUA,1855-05-01,0.21317525839999998,7.07608,3.5013,60884.60240482106,-0.20510098460950532,-0.20754645859005694
LUA,1856-05-07,0.29111758104,7.1648,3.5151900000000005,82817.02583359648,0.4049606262559813,0.4008757752001675
LUA,1857-05-13,0.20754335784,7.09066,3.52479,58881.056131003555,-0.19339486471492184,-0.19513268508522608
LUA,1858-05-19,0.21465643367999998,7.08382,3.53555,60713.731577830884,0.034646038148055114,0.032377292750000786
LUA,1859-05-25,0.42233207588,6.65757,3.54195,119237.16480469798,0.8541946491052126,0.8515248591479687
LUA,1860-05-31,0.22689768296,7.21227,3.54763,63957.53868357185,-0.4582822981157495,-0.45896393460517626
LUA,1861-06-06,0.24410014980000003,7.16734,3.5528,68706.41460256699,-0.18806420339810337,-0.23306656331076592
LUA,1862-06-12,0.22227102924,7.34346,3.56753,62303.89912348319,-0.003762816043633044,-0.006872086044535486
LUA,1863-06-18,0.3427380944,7.43009,3.58488,95606.57383231795,0.25140245369043557,0.24665047195498335
LUA,1864-06-24,0.31211985844,7.26795,3.59858,86734.17249026004,-0.1463923623386082,-0.14869750358564982
LUA,1865-06-30,0.27335624991999996,7.17173,3.61362,75646.09724320764,-0.1361006437086848,-0.13887686302705604
LUA,1866-07-06,0.4564227642,6.04511,3.62024,126075.27793737431,0.6363742070540237,0.6331138809192796
LUA,1867-07-12,0.39327462875999997,6.6581,3.61209,108877.3061468568,-0.08914022134036081,-0.08711871088366119
LUA,1868-07-18,0.3748566978,7.20813,3.62011,103548.42747872302,-0.021854675542633983,-0.023448982893814807
LUA,1869-07-24,0.22875271900000002,7.46297,3.63731,62890.63043842841,-0.40357669559353604,-0.4055963040159676
LUA,1870-07-30,0.22941060844000002,7.46313,3.65712,62729.855306908175,0.005507905969366345,0.0013138109009238619
LUA,1871-08-05,0.2406109446,8.0306,3.67748,65428.21296104941,0.166622212764161,0.16188522823427487
LUA,1872-08-11,0.28148945448,7.62627,3.70481,75979.45764560126,0.14724919689011906,0.14088526073763274
LUA,1873-08-17,0.29835011752,8.29771,3.72949,79997.56468578814,0.036517320669325226,0.03121114197245478
LUA,1874-08-23,0.35197919692,7.98795,3.7561399999999994,93707.6884567668,0.04772644074104693,0.042022054562700584
LUA,1875-08-29,0.23436573887999998,8.72338,3.78957,61844.94253437725,-0.23396571479991324,-0.23865108539739877
LUA,1876-09-04,0.38588816239999996,8.66645,3.82728,100825.69406994,0.2615586864835473,0.25216644271348776
LUA,1877-09-10,0.27561090232,7.74641,3.86054,71391.80071181752,-0.3120986584752773,-0.3166418564745118
LUA,1878-09-16,0.4333218396,8.89034,3.89219,111331.11168776448,0.5645720372551146,0.5554958489873396
LUA,1879-09-22,0.38926112732,8.12383,3.92867,99082.16452896273,-0.046413874968098234,-0.05316655095712097
LUA,1880-09-28,0.464795578,7.74644,3.95975,117380.03106256707,0.18909724051627497,0.18237840018593543
LUA,1881-10-04,0.39984747088,8.21267,3.9910399999999995,100186.28499839641,-0.13754942214498234,-0.1427919635339142
LUA,1882-10-10,0.35370566712,8.47822,4.02479,87881.76951344045,-0.022864010899629084,-0.028910024273315904
LUA,1883-10-16,0.5355504518,8.52289,4.06614,131709.7915467741,0.2582506839792511,0.24831310280657148
LUA,1884-10-22,0.48561300267999996,8.80566,4.09669,118537.89344080222,0.05314945696867501,0.04713492609451886
LUA,1885-10-28,0.60494945264,9.76208,4.13999,146123.4091483313,0.11880149130868278,0.10990023451141107
LUA,1886-11-03,0.7537253874800001,10.09619,4.19829,179531.52056670692,0.10806457041912831,0.09647847662498243
LUA,1887-11-09,0.6691498866,10.34871,4.25779,157158.96899565266,0.004639749451109898,-0.006191944334537847
LUA,1888-11-15,0.77727282516,10.05538,4.31838,179991.7619940811,0.12197924282635175,0.11009762408342372
LUA,1889-11-21,0.7804510448799999,10.46568,4.37631,178335.4115407729,0.013702246461749334,0.003679071872657147
LUA,1890-11-27,0.96829954988,10.96546,4.43742,218212.2832366555,0.15180308534334674,0.1396446107561775
LUA,1891-12-03,0.9409313966,10.97546,4.49694,209238.14785165022,0.13129515374906164,0.12023121117963065
LUA,1892-12-09,0.95676419228,10.90648,4.55531,210032.72933784965,0.17649033242891843,0.16498748234296512
LUA,1893-12-15,1.11810466456,11.40729,4.61486,242283.5502182081,0.24679937077187897,0.23460246968608378
LUA,1894-12-21,1.261647413,11.51634,4.677690000000001,269715.9095621984,0.055122590924848947,0.04443671284764439
LUA,1895-12-27,1.39144175976,11.98962,4.74157,293455.9143406087,0.02688157812472225,0.01628638078798872
LUA,1897-01-02,1.35563885184,11.89379,4.80782,281965.3921819036,-0.013786580092876921,-0.024090236332923842
LUA,1898-01-08,1.38520080348,11.85983,4.87461,284166.48787903035,0.039927858308402175,0.029217179519750003
LUA,1899-01-14,1.4011606856,12.27146,4.93811,283744.3243670149,0.005469631741697345,-0.004484102335329032
LUA,1900-01-20,1.49580565524,12.57131,5.01272,298401.9963692367,0.06800073812769503,0.056206337334571366
LUA,1901-01-26,1.45811694132,12.34222,5.08587,286699.6091760112,0.04208981978174564,0.030604302538872252
LUA,1902-02-01,1.3618750750800002,11.61811,5.15295,264290.37252059503,-0.18674128522081135,-0.19488663195731104
LUA,1903-02-07,1.22664556456,11.47219,5.16707,237396.73829849414,-0.13273620313836243,-0.13778060551935756
LUA,1904-02-13,1.020945068,11.26471,4.60126,221883.80313218554,0.15001098716280392,0.2879650775066336
LUA,1905-02-19,1.26480343028,12.12393,5.24775,241018.23262922204,0.12580475563647142,0.09470220569390442
LUA,1906-02-25,1.34255010032,11.71777,5.32642,252054.86993515346,0.0929520425827528,0.08091687178970908
LUA,1907-03-03,1.44702992148,11.80216,5.40046,267945.6789754947,0.06932575563923904,0.05804480958595293
LUA,1908-03-09,1.31469136032,11.99335,5.48332,239761.9253153199,-0.06274287255104416,-0.0734483109223728
LUA,1909-03-15,1.397974292,12.44333,5.57036,250966.5967729195,-0.024351946535992597,-0.03592207539271908
LUA,1910-03-21,1.3516632547599998,12.451,5.65947,238832.12646413886,-0.03670319451465054,-0.04833776614521734
LUA,1911-03-27,1.3413645726,12.56868,5.75024,233271.05870363675,-0.033292228341816554,-0.04460933798952138
LUA,1912-04-02,1.51479148912,12.87693,5.83939,259409.20012535556,0.12435672093948602,0.11125272373418826
LUA,1913-04-08,1.4998676118399998,12.6005,5.93649,252652.25947319038,-0.059510109943109124,-0.07126466283158683
LUA,1914-04-14,1.49481267312,12.96169,6.02267,248197.67198269206,-0.017560119805482777,-0.02875634809739247
LUA,1915-04-20,1.52856306876,13.4607,6.12272,249654.2498693391,0.19204448360632376,0.17693395947403556
LUA,1916-04-26,1.61327492248,13.66666,6.23652,258681.91274621105,0.036478463656177906,0.022201684738752725
LUA,1917-05-02,1.7186091364,13.97996,6.345760000000001,270827.9443912155,0.08909776475535947,0.07509440751440155
LUA,1918-05-08,1.76139206984,14.33983,6.459600000000001,272678.1952195182,-0.010721320004371093,-0.024059111545995715
LUA,1919-05-14,1.8585956620400002,14.18996,6.56976,282901.607066316,0.07847004573821303,0.06492931493186727
LUA,1920-05-20,2.0101972046,14.2415,6.68162,300854.76345556916,0.07638245354294959,0.06270262110056257
PER,1919-05-14,11.12509263996,8.58754,209.77387,53033.738853938296,-0.0033952020353055223,-0.010432849084361262
PER,1920-05-27,10.80745941912,8.45728,211.9999835497491,50978.58612137044,-0.03068926558183671,-0.04155940518562362
WSG,1867-03-29,0.02932493564,6.31594,1.15874,25307.606227453954,-0.06046862846549239,-0.0595861086799353
WSG,1868-04-11,0.019741165079999998,10.05709,1.43607,13746.65934111847,-0.289589483886024,-0.34578953396956025
WSG,1869-04-10,0.02433099864,9.59558,1.74202,13967.11785168942,0.2274632058850854,0.017108521245673858
WSG,1870-04-23,0.02569863712,10.22491,1.7971094041024391,14299.984776294188,-0.014042807078403219,-0.028609858183728964
WSG,1871-05-06,0.02631504564,10.33358,1.74202,15106.052536710256,0.02235013720817558,0.019806807646923108
WSG,1872-04-28,0.029503878560000002,10.42377,1.74202,16936.59002766903,0.08565963784277875,0.0829590169047214
ARG,1838-05-11,0.58946013828,9.97697,9.55001,61723.51005705752,-0.10118576287753145,-0.13755729345159506
ARG,1839-05-24,0.61277861528,9.78007,9.480131650911316,64638.19679351121,0.04121858428784608,0.041897015398163484
ARG,1840-05-23,0.6437652135199999,9.9592,9.55001,67409.89941581212,0.02012494552576971,0.021285342207365554
ARG,1841-06-05,0.6988914727600001,9.88908,9.44362846365938,74006.66761186637,0.07063951263718993,0.07126625303281187
ARG,1842-06-18,0.6867850854800001,9.84854,9.550010000000002,71914.59333341011,-0.026590863741714488,-0.022718300797117674
ARG,1843-06-10,0.6899248033600001,9.98825,9.55001,72243.35925930967,0.004365107030676274,0.005514282475884258
ARG,1844-06-16,0.65250757052,10.17548,11.59086,56295.00921588217,-0.03554845465119161,-0.20290883084846223
ARG,1845-06-29,0.69312750624,10.16207,11.686779020365782,59308.68591184383,0.014537802075479611,-0.02544061346927684
ARG,1846-06-28,0.72227614264,9.66788,12.06155,59882.53107104808,0.02080880312304023,0.021333426307190484
ARG,1847-07-11,0.7375382591199999,9.78266,12.06155,61147.883905468196,0.0018228288937789383,-0.001130223825955845
ARG,1848-07-24,0.7375372378399999,9.89036,12.06155,61147.79923310022,0.013730960255492475,0.013129156460072622
ARG,1849-07-16,0.7274111187200001,9.93031,12.06155,60308.26209898396,-0.013319813285468385,-0.014459696978101122
ARG,1850-07-22,0.81745961232,9.62737,12.061549999999999,67774.01016618925,0.09664015392871361,0.09457394473642067
ARG,1851-08-04,0.77003137016,9.91519,12.06155,63841.82548345777,-0.05404151250559819,-0.0536688522752965
ARG,1852-08-03,0.7656794834,10.1027,12.037260185438752,63609.11632750351,0.006004478940173863,0.007446611275597537
ARG,1853-08-16,0.8088710577999999,10.00384,15.39926,52526.61866868927,0.06643448300166077,-0.1664675823786803
ARG,1854-08-29,0.8441385893200001,10.68902,15.694100000000002,53787.00207848809,0.04859266336902257,0.058131150341288906
ARG,1855-08-21,0.8608242635200001,10.82015,15.6941,54850.183414149265,-0.0005689447596435304,-0.0013983989734681623
ARG,1856-08-27,0.8506972260800001,10.70088,15.590586285361274,54564.80022683683,0.00802712356864288,0.007014602693272254
ARG,1857-09-09,0.85491581604,10.69997,15.6941,54473.70770162035,0.005290678858917985,0.005048056919505495
ARG,1858-09-08,0.86836570652,10.8124,17.85131,48644.36876173233,0.014363302479629025,-0.10811204574759747
ARG,1859-09-21,0.91201880432,10.43176,17.85131,51089.740994918575,0.042644126934040294,0.043287714879221895
ARG,1860-10-04,0.94022974292,10.91255,18.748964029493063,50148.35707407467,-0.01667995900570962,-0.014194350340241635
ARG,1861-09-26,0.94144586692,9.99836,19.35668,48636.74281540015,0.030317694462519418,-0.008129842987860791
ARG,1862-10-02,1.04823181112,10.15233,19.35668,54153.491772349385,0.1425113242311704,0.143044595848429
ARG,1863-10-15,1.00626569628,10.30352,20.58449,48884.65520787739,-0.03603704034931099,-0.09738704737131931
ARG,1864-10-14,1.01197829148,10.062,20.58449,49162.17460233409,-0.0019974215770383053,-0.002056627420158108
ARG,1865-10-27,0.9849484522799999,9.02884,20.58449,47849.05782363323,-0.035422368043968144,-0.034880675677399275
ARG,1866-11-09,0.9856620072,9.06653,20.58449,47883.72251146373,-0.023364770817283276,-0.02030917572956581
ARG,1867-11-01,1.04939994432,8.88017,20.58449,50980.12845205298,0.09741098813423421,0.09786987975183759
ARG,1868-11-07,1.09895909812,9.14035,23.14813,47475.07025923909,-0.0053384989820661755,-0.07778916342267617
ARG,1869-11-20,1.0690236070799999,9.42997,23.14813,46181.85603243113,-0.0050689912087381606,-0.006955561952731726
ARG,1870-11-19,1.05308594664,9.42307,24.27509,43381.340569283166,-0.012239981462661809,-0.03449473903844558
ARG,1871-12-02,1.04874214224,9.56793,24.757150904447535,42361.180666051405,0.0189832390258291,0.007439989433541516
ARG,1872-12-15,1.04277593108,9.59146,25.46215,40953.962296192585,-0.010602000485509189,-0.011992379517609453
ARG,1873-12-07,1.06949291384,9.45848,25.46215,42003.244574397686,0.00841819590985482,0.006677109265326386
ARG,1874-12-13,1.18779202204,9.5787,25.46215,46649.32152390901,0.03391009035213255,0.033204441232265625
ARG,1875-12-26,1.24384094588,9.16488,25.76596239296667,48274.577402143965,0.011776048550498963,0.008677639056583919
ARG,1876-12-25,1.29866170772,9.40824,25.46215,51003.61547316311,0.042075835725599475,0.040783257447436716
ARG,1878-01-07,1.4427414788800001,9.30924,25.46215,56662.20169467229,0.05220842253672586,0.058713386182636995
ARG,1879-01-20,1.5740368774000002,9.13156,29.94325,52567.33579020314,0.06208166359062006,-0.03703063087192382
ARG,1880-01-12,1.35559236436,10.06571,29.94325,45272.05177661076,-0.01307210266236758,-0.014987787722631651
ARG,1881-01-18,1.4544741676400001,9.07502,29.94325,48574.3587499687,0.00304063706727975,0.008776699972212976
ARG,1882-01-31,1.4784614738400002,10.2831,32.0124,46184.02474791019,0.016169085027287755,-0.051992964707626044
ARG,1883-01-30,1.5435626200800001,10.29702,33.99942341605727,45399.670494147416,-0.004294659520408306,-0.029769755766489436
ARG,1884-02-12,1.5478350893200001,10.17851,33.22551,46585.74358437237,-0.020407894525130255,-0.02485223896316413
ARG,1885-02-25,1.5376570549600002,10.39077,35.12516,43776.51389943847,-0.010163898740235822,-0.019905054907383368
ARG,1886-02-17,1.51969870884,10.37632,35.72226,42542.06505523447,-0.013050399822976955,-0.029450512480315383
ARG,1887-02-23,1.5592746556400001,10.31991,36.39354016891889,42844.81939384574,0.031760885153737206,0.03063880204649827
ARG,1888-03-08,1.85023728552,10.08336,35.72226,51795.079189278615,0.15354599128119228,0.1494015232036492
SGU,1837-01-13,0.0937573234,8.08259,2.22943,42054.39210919383,0,0
SGU,1838-01-19,0.09232498548,8.9751,2.25898,40870.209333415965,0.03586559495553088,0.025513486959315657
SGU,1839-01-25,0.0923312702,9.02621,2.28934,40330.95573396699,-0.00004311639542997625,-0.010222541653232997
SGU,1840-01-31,0.09064311827999999,9.03577,2.32391,39004.573447336596,-0.018647038915637126,-0.029523536379092552
SGU,1841-02-06,0.09236980428,9.23431,2.35973,39144.22594110343,0.01923981117038931,0.007535199529058234
SGU,1842-02-12,0.09119654283999999,9.25232,2.39658,38052.78473491391,-0.0100704205903418,-0.021592838598563202
SGU,1843-02-18,0.11582210744,8.74091,2.43425,47580.2022963952,0.1492825299011027,0.13577128904119107
SGU,1844-02-24,0.09233024892,8.83814,2.46422,37468.34654373392,-0.17281066173436976,-0.18069474348151227
SGU,1845-03-02,0.09089206048,8.96477,2.50127,36338.36430293411,-0.007279203517813304,-0.01842082132018874
SGU,1846-03-08,0.09178092508,9.17305,2.54128,36116.02227224076,0.010312522801877,-0.0016487849681675604
SGU,1847-03-14,0.09284881372,9.17415,2.57259,36091.57064281522,-0.019876540023429534,-0.02863625436993411
SGU,1848-03-20,0.09309989104000001,9.01472,2.60583,35727.53826611867,0.0012277781656573339,-0.008155955054378383
SGU,1849-03-26,0.09222695456,9.01124,2.63809,34959.74533090228,-0.009779175434810772,-0.018991484777953538
SGU,1850-04-01,0.090561588,7.95286,2.6617600000000006,34023.19818465977,-0.018500363916849283,-0.024939143955899357
SGU,1851-04-07,0.08952422232,7.95139,2.6899700000000006,33280.75120540377,-0.0027375075377316094,-0.010687929897675863
SGU,1852-04-13,0.08969202112,7.96088,2.71902,32986.89274812249,0.001662791039511946,-0.0065594100215958795
SGU,1853-04-19,0.091906217,5.70681,2.73414,33614.30541230515,0.02261358100860833,0.019086055455213247
SGU,1854-04-25,0.09135788532,5.39776,2.73559,33396.04448034976,-0.00040199497833159903,-0.0009065023810085338
SGU,1855-05-01,0.09852343592,4.6454,2.73619,36007.527225813996,0.28943452503186773,0.28907977224983683
SGU,1856-05-07,0.10421756123999999,4.88169,2.73136,38155.92277839611,0.052765245708209285,0.05432074628147343
SGU,1857-05-13,0.1030668106,4.91567,2.7246699999999997,37827.26370532945,-0.008823077833114645,-0.007243206512937639
SGU,1858-05-19,0.10428906436,5.3479,2.72314,38297.35686009534,0.00505005398938585,0.005405846651780566
SGU,1859-05-25,0.10420464912,7.76978,2.74463,37966.73836546274,-0.00041354432471496505,-0.0066414759363507825
SGU,1860-05-31,0.10395804432,6.68932,2.75713,37705.16599507459,-0.0018623131102717405,-0.005269277296409247
SGU,1861-06-06,0.10381176103999999,6.69721,2.76792,37505.33289979479,-0.001135761087121101,-0.004092737693111692
SGU,1862-06-12,0.10312598347999999,6.52632,2.77596,37149.664793440825,-0.006984486245685151,-0.009187705428576831
SGU,1863-06-18,0.10305744488,6.53954,2.78321,37028.267676531774,-0.00045144481122749713,-0.0024512394374759383
SGU,1864-06-24,0.10300540068000001,7.49691,2.7912,36903.625924333624,-0.00039291864425139433,-0.002416204405636946
SGU,1865-06-30,0.10311191904,7.50072,2.80843,36715.146555192754,0.0007601192379012023,-0.003901004388902951
SGU,1866-07-06,0.10357480172,8.23968,2.82706,36636.93084688688,-0.0010827022999877478,-0.005921012354551336
SGU,1867-07-12,0.10470216068,8.23992,2.85326,36695.62559318113,0.005767764278943988,-0.0011490127509052872
SGU,1868-07-18,0.10565341696,7.71776,2.87374,36765.127311447795,-0.004230893985083473,-0.009503363990066349
SGU,1869-07-24,0.10382525296,5.78267,2.88214,36023.667469310996,-0.004646281419706577,-0.0068786420333284415
SGU,1870-07-30,0.10528438024,6.62315,2.88825,36452.6548048126,0.029242783605136102,0.027441293050971316
SGU,1871-08-05,0.10730019872,8.25162,2.90538,36931.55412372908,0.026264700856554413,0.021687414935133154
SGU,1872-08-11,0.10994071972,8.25548,2.93193,37497.73006858963,0.013175918495834438,0.006364964708390097
SGU,1873-08-17,0.11028764552,8.25803,2.9581,37283.271532402556,0.0024395105811128026,-0.004247415415001954
SGU,1874-08-23,0.11072136972,9.17709,2.98973,37033.90263334816,0.002751077274524727,-0.005081139143148339
SGU,1875-08-29,0.10779259971999999,9.15263,3.03259,35544.7322981346,-0.027668214541750058,-0.03795684011565703
SGU,1876-09-04,0.10835156904,9.14603,3.0757700000000003,35227.46142917058,0.003893851640128343,-0.006754946185302924
SGU,1877-09-10,0.1084511584,9.13096,3.1185699999999996,34775.9256325816,-0.002120807501323374,-0.01263582370888472
SGU,1878-09-16,0.11121014112,9.18174,3.16366,35152.36818115727,0.01754884934908274,0.006912578502205058
SGU,1879-09-22,0.11184549012,9.174,3.21065,34835.77783937832,0.005781566008010941,-0.00550838653575747
SGU,1880-09-28,0.11261274024,9.16546,3.25838,34560.95981438629,0.004949385236814985,-0.006230610110570023
SGU,1881-10-04,0.11286849132,9.16031,3.30751,34124.91309776841,0.0010816416959735786,-0.010040324176096016
SGU,1882-10-10,0.11427491816,9.18046,3.35602,34050.72620544574,0.010532778184505043,-0.0006766962620878836
SGU,1883-10-16,0.113207107,9.11859,3.40671,33230.62632275715,-0.007448346511450765,-0.018431711665762185
SGU,1884-10-22,0.11088452907999999,8.98804,3.45673,32077.868123920583,-0.030697409162529388,-0.04133483586267339
SGU,1885-10-28,0.11610428856,9.03817,3.5093699999999997,33084.08305764283,0.053506091596591254,0.041209547657913514
SGU,1886-11-03,0.11557031512,9.15132,3.56091,32455.275511035103,-0.006140203652685083,-0.016911854892958322
SGU,1887-11-09,0.11612391544,9.39873,3.61194,32150.012303637377,0.004170188790253215,-0.006538882143893199
SGU,1888-11-15,0.11505412463999999,9.53247,3.66564,31387.186041182442,-0.0053668388322821725,-0.016578256160670213
SGU,1889-11-21,0.11854383528,9.5329,3.72744,31803.016354387997,0.02145233784196887,0.00894300253675584
SGU,1890-11-27,0.12348909352,9.57524,3.79391,32549.294400763327,0.006053979228631379,-0.007407617264299948
SGU,1891-12-03,0.13195936,9.5669,3.86077,34179.54449501006,0.022128352594730227,0.008584090646861275
SGU,1892-12-09,0.12851259252,9.596,3.92375,32752.49251863651,-0.019909148132443932,-0.03167565685042406
SGU,1893-12-15,0.12914522243999998,9.51143,3.9881,32382.643975828087,0.01519081824467361,0.002681686238737546
SGU,1894-12-21,0.12836897892,8.37922,4.04907,31703.32420037193,0.08397501824482445,0.07171193084526806
SGU,1895-12-27,0.14050543052,9.56117,4.11772,34122.14296261037,0.0432982026768618,0.030058836075616435
SGU,1897-01-02,0.1477882354,9.70797,4.19154,35258.69618326439,0.04646804520600201,0.03226329291968244
SGU,1898-01-08,0.14314455635999998,9.5823,4.26973,33525.43518208411,-0.024661378992596683,-0.037972815813810845
SGU,1899-01-14,0.14568086728000001,9.58969,4.34803,33505.02808858265,0.00935566246367614,-0.00438075907543356
SGU,1900-01-20,0.15148479528,9.24428,4.42579,34227.741325277515,0.037384019296614834,0.023303751181215526
SGU,1901-01-26,0.15399087547999998,9.11888,4.49953,34223.76903365462,0.016017865748224835,0.0036255807416969432
SGU,1902-02-01,0.15311771748,8.96356,4.56057,33574.25003453515,-0.00796169049162021,-0.017934505554634828
SGU,1903-02-07,0.15548422188,9.35622,4.6256,33613.8494206157,-0.06806172023379686,-0.07782402522378229
SGU,1904-02-13,0.15651412972,9.38608,4.69177,33359.29291504059,0.005789238132702712,-0.005097473956856335
SGU,1905-02-19,0.15742652848000002,9.12967,4.757039999999999,33093.379176967195,0.0045907115045285,-0.0058675338969521595
SGU,1906-02-25,0.15887357668,9.01075,4.82262,32943.41596061892,0.011031963413522083,0.0008206312276912708
SGU,1907-03-03,0.16117423972,9.18057,4.88771,32975.40969492871,0.014715943808458531,0.0044196540120091665
SGU,1908-03-09,0.16006784508,9.17263,4.95407,32310.372094056,0.07029121498410285,0.05933699335572462
SGU,1909-03-15,0.16211967616,9.20013,5.02527,32260.888700507636,0.07039406451675734,0.05938059038637422
SGU,1910-03-21,0.15429749088,9.24367,5.09565,30280.237237643873,-0.053139847063968015,-0.06322159765735114
SGU,1911-03-27,0.1583891426,9.36157,5.16827,30646.45279755121,0.026426290335779257,0.01535320922222927
SGU,1912-04-02,0.16362679423999998,9.25682,5.24387,31203.442160084058,0.021251754900826425,0.010391577148344933
SGU,1913-04-08,0.1684612176,9.1736,5.32055,31662.369040794656,0.022367761264707298,0.011055263713732888
SGU,1914-04-14,0.18301295064,9.12313,5.39361,33931.4393587968,0.08357297595236357,0.0726329650474602
SGU,1915-04-20,0.18413632224,9.07568,5.45481,33756.68854460559,0.004851290169037181,-0.003816401068761466
SGU,1916-04-26,0.18386949204,8.99795,5.52668,33269.42975529613,-0.001969386344311319,-0.01218094105298606
SGU,1917-05-02,0.1856530962,8.95244,5.6032,33133.40523272416,0.008036196078609725,-0.002045681069083094
SGU,1918-05-08,0.18734475396,8.90923,5.67466,33014.26939411348,0.007005214171592167,-0.0026592488073515774
SGU,1919-05-14,0.18793706724,8.86272,5.73597,32764.653099650102,0.0009924299633505829,-0.007217796981630276
SGU,1920-05-20,0.190435518,8.81924,5.805850000000001,32800.62660936813,0.010253793700310432,0.001223927148320092
BRD,1870-07-16,0.23951150808,8.62624,8.47189,28271.319396262228,-0.04364740050105087,-0.0415017381715973
BRD,1871-07-29,0.26022163855999997,7.00936,6.306678273614423,41261.283241401856,0.40612988804823114,0.43114099054192634
BRD,1872-07-28,0.27512020276,9.42738,8.47189,32474.47768561679,-0.04241775498786671,-0.007493773876264265
BRD,1873-08-10,0.29180808904,9.53686,9.61462,30350.454728319994,-0.2050639416938016,-0.28405435304459214
BRD,1874-08-23,0.30199518752,9.60389,9.61462,31409.997225059335,0.024399412487999594,0.02451699937921714
BRD,1875-08-15,0.32960922591999997,9.50331,9.61462,34282.085607127476,0.2430921324652966,0.25737342404991126
BRD,1876-08-21,0.35842711216,8.39061,11.17401,32076.856219029694,0.026690943070016848,-0.0307566917093397
BRD,1877-09-03,0.37914108232,7.60156,11.174009999999999,33930.61956450728,-0.2200285187692662,-0.2193505223121014
BRD,1878-09-02,0.41602152956,6.97456,12.117435312665133,34332.473731068705,0.10626187090664274,-0.0011149617573936732
BRD,1879-09-15,0.41487935736000003,7.67951,12.18683,34043.25467410311,0.008967035471371343,0.011095861068705748
BRD,1880-09-28,0.41363057527999997,8.9669,12.186830000000002,33940.784870224656,-0.01499292836620092,-0.013674699242254507
BRD,1881-09-20,0.54777942024,8.97935,13.37806,40946.10281610338,0.1706443101713757,0.0640786338522874
BRD,1882-09-26,0.61445192328,8.16809,13.671462919264771,44944.12389578015,0.009008980198874417,-0.02066743993298148
BRD,1883-10-09,0.52206349884,8.29421,13.62274,38322.94375727644,-0.1580995506176559,-0.15879648497447518
BRD,1884-10-08,0.52437814728,8.26258,14.55244,36033.69244470343,0.006177655037260976,-0.053695501077161034
BRD,1885-10-21,0.5318254552,8.25274,14.55244,36545.449093073046,0.014719246182795187,0.01652858765422427
CLM,1837-01-13,1.15987365468,9.64001,16.43763,70562.09774036768,0,0
CLM,1838-01-19,1.06703784876,9.95629,16.67754,63980.53002780985,-0.10203729788452987,-0.11185667603672045
CLM,1839-01-25,1.09265223652,10.04286,16.94632,64477.25739393567,0.0519361974123449,0.03934400628986667
CLM,1840-01-31,1.3287307368399999,9.93943,17.23586,77091.06112720804,0.1718085146413444,0.15701199450839565
CLM,1841-02-06,1.15428992848,9.9095,17.51622,65898.34613175674,-0.11941646919692828,-0.13028551467922056
CLM,1842-02-12,1.18089629996,9.90586,18.16859,64996.58476304436,0.020541299328676876,-0.0044266720570043105
CLM,1843-02-18,1.189439251,10.04622,19.27959,61694.219171673256,0.008722391354477388,-0.03874868041997526
CLM,1844-02-24,1.2809286193599998,10.42278,19.66569,65135.19837646174,0.05413706029225285,0.03845407925408395
CLM,1845-03-02,1.4707999784399999,10.38966,20.07161,73277.6283736083,0.09204263662066481,0.0752871921211904
CLM,1846-03-08,1.47600060712,9.29011,20.44949,72177.86884269485,0.01714992096351664,0.002913379830008278
CLM,1847-03-14,1.62060645344,10.21616,20.84504,77745.42305699582,-0.010175427690822247,-0.02441605060671448
CLM,1848-03-20,1.4934320512800001,10.44712,21.28717,70156.4393613618,-0.02984176082067569,-0.04486821767960725
CLM,1849-03-26,1.48216127332,9.81613,21.70415,68289.3028900003,0.1161721234765678,0.09978553657171241
CLM,1850-04-01,1.71777808904,10.41533,22.61014,75973.79268947472,0.12200321892908894,0.0915681750628885
CLM,1851-04-07,1.74103615556,10.17005,23.9082,72821.71621284747,0.03192344961974958,-0.014180506609940302
CLM,1852-04-13,1.73744806092,10.11356,25.327019999999997,68600.5720736194,0.05134411988015808,0.003611050958594042
CLM,1853-04-19,1.8631215226,10.15292,29.00017,64245.193135074725,0.04479231114570892,-0.06135841969932054
CLM,1854-04-25,2.08830988392,10.29442,31.51431,66265.44842390648,0.008821235209509837,-0.04503729165769954
CLM,1855-05-01,2.18796634004,9.95882,32.34012,67654.86151690224,0.04663520586734715,0.030485590397732798
CLM,1856-05-07,2.2798164282399997,10.21771,35.6706,63913.0384193145,0.02929776702260356,-0.0452679178115698
CLM,1857-05-13,2.2615733374,10.47795,36.38859,62150.617471025944,0.014441669466133567,-0.0008387645810902233
CLM,1858-05-19,2.62346396676,10.5696,37.03946,70828.89347630879,0.060988571957067084,0.04677786686844665
CLM,1859-05-25,2.5546179022,10.03588,37.79748,67586.98998451748,0.03628459805857065,0.02046407049000698
CLM,1860-05-31,2.51734169336,9.54315,38.46205,65450.01354217989,0.03726152835824803,0.02355010268379476
CLM,1861-06-06,2.55664569732,10.06091,39.16855,65272.921701722415,0.058751201280562215,0.04414504998979929
CLM,1862-06-12,2.7921084646,10.42403,39.91698,69947.88845749352,0.08065506804776601,0.06557163071365135
CLM,1863-06-18,2.96533912636,10.3994,40.68275,72889.34809864132,0.03800570680946236,0.023132771105879746
CLM,1864-06-24,3.23689429908,10.47287,41.46294,78067.16791139267,0.04526528208134817,0.030233770712173147
CLM,1865-06-30,3.0701834690800003,10.21539,42.1685,72807.50961215125,-0.02860403860099614,-0.04091011470569672
CLM,1866-07-06,3.25083833828,10.2473,42.82494,75909.93328373607,0.05687270662042465,0.04447593679376949
CLM,1867-07-12,3.462973618,10.31459,46.29344,74804.84530853615,0.058497732427655214,-0.0027436050052390692
CLM,1868-07-18,3.59209924632,10.13418,53.18474,67540.03585088505,0.023265436112022808,-0.08217476770886134
CLM,1869-07-24,3.63563650892,10.54256,54.72165,66438.72231411151,0.017984120867940323,0.0007931071014593005
CLM,1870-07-30,4.04455276836,10.1505,55.78982,72496.25054104853,0.11661815672252951,0.10059936042188711
CLM,1871-08-05,4.33256706012,10.85147,56.83794,76226.67288997454,0.03520501057390524,0.02048502481937109
CLM,1872-08-11,4.16007348744,11.21971,57.91919,71825.47766016755,-0.027824094890335993,-0.04159282957949362
CLM,1873-08-17,4.42317747872,11.31022,59.37755,74492.42144076338,0.11174451369809435,0.09069760241847336
CLM,1874-08-23,4.83208762712,11.02935,60.76475,79521.22944832325,0.02340889094644627,0.005361203300997319
CLM,1875-08-29,4.9688061254,10.94014,62.13287,79970.6520139823,0.0630730649794009,0.04529165823014858
CLM,1876-09-04,5.058473097079999,11.12112,63.54506,79604.50579604457,0.034011073176484,0.01652159456090807
CLM,1877-09-10,5.31980835256,11.14847,67.04314,79349.03336210088,0.03434108415247139,0.00487333827734604
CLM,1878-09-16,5.577012556440001,11.19422,76.18228,73206.1649564702,0.045701648821289576,-0.06113905412858789
CLM,1879-09-22,5.8646206028800005,11.56922,77.60075,75574.27734757718,0.06596637821592544,0.051060668281663
CLM,1880-09-28,5.81399372424,11.59313,79.16186,73444.37996075382,0.044821162645474866,0.029286485977842336
CLM,1881-10-04,6.4819859988,11.68317,80.82252,80200.24615416594,0.07967916866053093,0.06309199820659694
CLM,1882-10-10,6.9248638393999995,11.56857,82.34589,84094.83265527885,0.052687424335507105,0.03778434277427789
CLM,1883-10-16,7.2330576448,11.44519,84.00972,86097.8663516555,0.06690314426109811,0.05052445152320839
CLM,1884-10-22,8.06294717852,11.2497,85.76884,94007.88419803743,0.03950104581744518,0.023526382411134916
CLM,1885-10-28,7.33403124792,11.31812,87.49397,83823.27659746152,-0.07742930847802354,-0.09147426582988416
CLM,1886-11-03,7.927041535400001,11.23968,89.23994,88828.40503254485,0.0735901102021066,0.05782751431868882
CLM,1887-11-09,7.92001487004,11.15221,91.0223,87011.80776622873,0.027408263439004488,0.012215229686545426
CLM,1888-11-15,8.7702167202,11.19527,92.90945,94395.31414942183,0.06412974309994879,0.04761692450964605
CLM,1889-11-21,8.94513616152,11.17192,94.82666,94331.4481551918,0.02658310138220199,0.01102787879846745
CLM,1890-11-27,9.40952629188,11.07963,96.75491,97251.15027113353,0.03154080256047176,0.01585296594288854
CLM,1891-12-03,9.98709169796,11.22023,98.52104,101370.14081418548,0.04754088605221285,0.03332343939839366
CLM,1892-12-09,10.7424850858,11.07136,100.24933,107157.67462785037,0.06649101896643139,0.05281539808609548
CLM,1893-12-15,11.308809591040001,11.10349,101.80301,111085.21831564706,0.002737521706559498,-0.008702425912132994
CLM,1894-12-21,12.4610338606,11.0523,103.55333,120334.45820235815,0.07410861006824221,0.06026114478690636
CLM,1895-12-27,12.07774823112,10.96771,105.19531,114812.61123827667,-0.001971714403511071,-0.013437055441055001
CLM,1897-01-02,13.28471212484,10.09283,106.74955,124447.47659207931,0.08560373021352619,0.07361986071801141
CLM,1898-01-08,14.159957001839999,10.13762,108.59679,130390.1984749273,0.014418778359913231,0.0014531860240423189
CLM,1899-01-14,14.3057805956,10.20233,110.45599,129515.66135616547,0.004222840038611064,-0.008516762178778281
CLM,1900-01-20,14.97341361776,9.94452,112.33329,133294.534663411,0.0528275767844264,0.0394622133619571
CLM,1901-01-26,15.483720637840001,9.95006,114.21972000000001,135560.8351853778,0.027604980471311436,0.01494281712925849
CLM,1902-02-01,15.52722848144,10.15677,116.06811,133776.87016218322,0.004099314372255414,-0.00806657484266804
CLM,1903-02-07,16.35569433316,10.23648,117.98287,138627.70360782035,0.03687213439404813,0.024002027423087213
CLM,1904-02-13,16.79429371828,10.21616,120.00599999999999,139945.45037981434,0.04242698818037538,0.029386661446264117
CLM,1905-02-19,17.15490530416,10.39256,121.86456,140770.25596416218,0.023133821638158913,0.01113089721875693
CLM,1906-02-25,17.94481900276,11.2718,123.78271999999998,144970.3076710546,0.020795656351138447,0.00874206950731149
CLM,1907-03-03,17.994249214760003,11.258,125.88047,142947.10859246078,0.012775454609922576,0.00023354280819454232
CLM,1908-03-09,20.968465480560003,11.49761,128.10977,163675.77180538222,0.0852779693013721,0.07074309936878098
CLM,1909-03-15,22.14066351588,11.71843,130.37573,169821.9715884237,0.05097894452238294,0.037181563085343816
CLM,1910-03-21,21.952378286800002,11.76871,130.03617,168817.47814319664,-0.0008399968069013886,0.0007986218125612954
CLM,1911-03-27,23.51851313448,11.6998,131.92473,178272.20972504545,0.02896670955367453,0.017716090669234408
CLM,1912-04-02,23.97527756,11.12103,133.76145,179239.0674592717,0.01116144882306469,0.0009608287357352197
CLM,1913-04-08,25.857059890480002,11.34372,135.52399,190793.23070756698,0.06706605043474578,0.048870851927233616
CLM,1914-04-14,28.12452145464,11.65455,137.28635,204860.28985867862,0.07385263175895407,0.06353520378838096
CLM,1915-04-20,29.91855717708,11.878,139.45378,214541.02697739712,0.041829662356410724,0.029773433187831877
CLM,1916-04-26,30.584282178320002,12.03502,141.63965,215930.2298355016,0.010310673065331288,-0.001570519165594697
CLM,1917-05-02,32.58991835788,12.23572,143.86741,226527.45578640778,0.04965067219352681,0.03729358571979691
CLM,1918-05-08,35.35259101192,12.48387,146.1672,241864.05029254165,0.060256449258955236,0.047752307100749736
CLM,1919-05-14,36.87341512868,12.90856,148.50078,248304.5215565871,0.031448610644261965,0.019081239334045597
CLM,1920-05-20,38.011510916599995,13.49716,150.9797,251765.70702286463,0.029120137529323298,0.01633974343363298
LIB,1837-01-13,0.26691974816,6.71383,3.7645999999999997,70902.55223928174,0,0
LIB,1838-01-19,0.2924023258,6.78152,3.7747,77463.72580602432,0.029900378877096623,0.028042347425063285
LIB,1839-01-25,0.28344963192,7.55523,3.79138,74761.59918552084,-0.02258860445348021,-0.02592434863263593
LIB,1840-01-31,0.30070940016000003,7.6798,3.8137399999999997,78848.95146496616,0.04412196895630416,0.0394850280371315
LIB,1841-02-06,0.30770269764,6.85003,3.82386,80469.13266699096,0.013099431108567705,0.01105907534648054
LIB,1842-02-12,0.34971382160000003,6.74752,3.83304,91236.6741802851,0.1356397550293318,0.13355127913701326
LIB,1843-02-18,0.35307012312,6.76085,3.8414399999999995,91910.87798325629,0.017726030328326203,0.016069766008713682
LIB,1844-02-24,0.4261076482,6.58981,3.84714,110759.58977318216,0.17665452008402927,0.17526587711720953
LIB,1845-03-02,0.43973394816000005,6.4766,3.84949,114231.74190866844,0.03673577507333414,0.036303348364714605
LIB,1846-03-08,0.45078715863999996,6.73293,3.85097,117058.08111722501,0.01734475176164696,0.01700028592841818
LIB,1847-03-14,0.44926277136000003,7.2904,3.85566,116520.32890866934,-0.06708863073152815,-0.06786363886191182
LIB,1848-03-20,0.37906214112,5.46375,2.8687,132137.254198766,-0.11038982914286777,0.015991229333710777
LIB,1849-03-26,0.49682458384,6.5464,3.7989,130781.16924372844,0.25608921963882914,-0.05321786830373321
LIB,1850-04-01,0.59573450092,7.74093,3.80656,156502.06509814636,0.16777043504913092,0.16587383664315936
LIB,1851-04-07,0.7210932315599999,7.79657,3.82471,188535.40047742182,0.1905825437995614,0.1863580521547079
LIB,1852-04-13,0.8475383082400001,7.54409,3.8371399999999998,220877.6089066336,0.15282072097714106,0.1500084136632902
LIB,1853-04-19,0.9069624486,7.19897,3.84718,235747.33924588922,0.051597874863880566,0.049408979505743966
LIB,1854-04-25,0.8855719002,7.28839,3.85802,229540.51565310705,-0.0011567906796855487,-0.0034569545602086693
LIB,1855-05-01,0.91585585052,6.99806,3.86186,237154.07873926035,-0.01824404818807457,-0.01904931166208612
LIB,1856-05-07,0.89184312932,7.08959,3.86491,230753.91906150465,-0.06817291519367641,-0.06872653474363732
LIB,1857-05-13,0.93381168504,7.2012,3.85876,241997.86590510941,0.03525929261796845,0.03645612088260597
LIB,1858-05-19,0.98233006976,7.83233,3.85743,254659.20827079169,0.03158762616249855,0.03171864403893765
LIB,1859-05-25,1.0343666954400002,7.39939,3.85029,268646.4384345075,0.019092001396759928,0.02076851875248531
LIB,1860-05-31,1.03350226564,7.6982,3.84598,268722.7353340371,0.00630904122312681,0.007286290731326472
LIB,1861-06-06,1.01378085536,8.57846,3.8528199999999995,263126.9707279344,-0.01915613092843116,-0.020512639695495882
LIB,1862-06-12,1.02516518676,8.57241,3.8691000000000004,264962.1841668605,0.0014023420941837728,-0.0016678632211081235
LIB,1863-06-18,1.05156061712,8.61425,3.8847600000000004,270688.695600243,0.009906210777480107,0.006702213116939859
LIB,1864-06-24,1.0194769936,8.63732,3.90028,261385.59118832496,-0.015442647558983946,-0.018313632177969108
LIB,1865-06-30,1.0573642513200001,8.60792,3.91765,269897.5792426582,0.019543769543963307,0.0161433639199855
LIB,1866-07-06,1.0727210026,9.3398,3.93589,272548.5220877616,0.010151847353827348,0.006533845197853605
LIB,1867-07-12,1.0252940021999999,6.52635,3.93001,260888.39524581365,-0.03139036385555838,-0.02976123833634481
LIB,1868-07-18,1.00347075764,6.58888,3.91551,256280.98450521132,-0.018828637420592265,-0.016010805748267076
LIB,1869-07-24,0.9907884360399999,6.97055,3.90139,253957.80376737518,-0.01791432886094091,-0.01512994850054783
LIB,1870-07-30,1.1375254618,7.30927,3.9000999999999997,291665.7167252122,0.09581685609621693,0.09583457990309929
LIB,1871-08-05,1.16137758776,7.75522,3.88815,298696.703511953,0.03919804727256104,0.04191732896487821
LIB,1872-08-11,1.24968777284,11.18394,4.14076,301801.5467788522,0.05639908808940408,0.005912485079038188
LIB,1873-08-17,1.19679087112,10.97694,4.33694,275952.831055998,-0.0392505158276657,-0.07144414505521646
LIB,1874-08-23,1.26598531904,11.34518,4.37753,289200.8322135999,0.045995480005814215,0.038553111721958855
LIB,1875-08-29,1.35250682372,12.55618,4.42784,305455.2160240659,0.04776022160991289,0.0389002996823804
LIB,1876-09-04,1.41302173688,12.71311,4.4865,314949.6794561462,0.04043284748964959,0.030148724282735406
LIB,1877-09-10,1.3562151251999999,12.93388,4.57292,296575.3009455665,-0.02067661122794473,-0.03551676947113247
LIB,1878-09-16,1.35396188252,12.65927,4.63338,292219.0458196824,0.01185650249391168,0.0017414640952593263
LIB,1879-09-22,1.35144652032,12.74863,4.69427,287892.79703127424,-0.015245170872874358,-0.024856197724581697
LIB,1880-09-28,1.3974034698000002,12.78033,4.75612,293811.6510516976,0.03858277238607877,0.028389226357421027
LIB,1881-10-04,1.49779686524,13.82423,4.8382,309577.29429126537,0.03310256667794498,0.019806196082621685
LIB,1882-10-10,1.5444221384799999,14.73963,4.92395,313655.1221031895,0.02821319016280266,0.01464294622321205
LIB,1883-10-16,1.4331949788,15.34795,4.61347,310654.4485604111,-0.0664133030660693,-0.010071461612386257
LIB,1884-10-22,1.36687732064,15.27149,4.69879,290899.8530770688,-0.016214091686273746,-0.02976402615102447
LIB,1885-10-28,1.5123883528,15.59727,4.78703,315934.5884191242,0.08651780336208414,0.07129782260770345
LIB,1886-11-03,1.5120108811600002,15.60639,4.77086,316926.27349366783,0.0015960206467759974,-0.002942431139378643
LIB,1887-11-09,1.39420658728,15.85316,4.62379,301528.95942073496,-0.03936540582494763,-0.022719957290474047
LIB,1888-11-15,1.4733866830800002,15.51925,4.70958,312848.8491712637,0.031939226437259105,0.017663339294701652
LIB,1889-11-21,1.58710516588,15.7461,4.79991,330653.1093041328,0.08656643280309018,0.07102723453405746
LIB,1890-11-27,1.58864546828,15.7233,4.89302,324675.8583206282,-0.0054963560599526895,-0.019714888906758543
LIB,1891-12-03,1.76578743692,15.85002,4.98636,354123.53639127535,0.027298790084247404,0.012670076701998045
LIB,1892-12-09,1.8257762317600001,16.00175,5.08226,359244.9484599372,0.01218124582750435,-0.0021862428165058123
LIB,1893-12-15,1.74336131736,17.05711,5.17736,336727.8530679729,-0.052926974984423225,-0.06608777130634202
LIB,1894-12-21,1.91257653392,17.0633,5.27416,362631.4965643818,0.08484958083127503,0.0698059898023391
LIB,1895-12-27,1.89340961212,17.04776,5.3725,352426.1725677059,-0.0001551584853788368,-0.014000889079004208
LIB,1897-01-02,2.0113254564,17.20746,5.47278,367514.3997017969,0.04965041773499701,0.03509719393059951
LIB,1898-01-08,2.05097545484,17.34874,5.5737,367973.7795073291,0.012728346127355072,-0.001215762149263
LIB,1899-01-14,2.10357789928,16.65653,6.36968,330248.5995026438,0.03976296199892837,-0.06143872378218673
LIB,1900-01-20,2.652250042,16.31916,7.1177,372627.3995813254,0.19274472553289024,0.10280294026129355
LIB,1901-01-26,2.72289253808,16.82306,7.237489999999999,376220.55962495285,0.01868755612388151,0.0058824203688054855
LIB,1902-02-01,2.78825666652,17.10018,7.364589999999999,378603.10845817626,-0.0002981113657356538,-0.013323995102019093
LIB,1903-02-07,3.0059155635600003,17.50397,7.49144,401246.69803936227,0.04002604369901186,0.02670484651708538
LIB,1904-02-13,2.99198877276,17.59659,7.61821,392741.7034657748,0.028055339923150235,0.01513415103472826
LIB,1905-02-19,2.9677616810400003,17.08159,7.747400000000001,383065.5033998503,0.0032496380138020697,-0.009451855613646143
LIB,1906-02-25,3.0132976244800003,16.99135,7.88032,382382.6474660928,0.006186592521038037,-0.006610411487343093
LIB,1907-03-03,3.03246657532,17.06143,8.02015,378105.9675093359,0.007550244717416277,-0.005652257688939288
LIB,1908-03-09,3.1379906168,17.13216,8.16142,384490.7646953594,0.023722398457945548,0.010253405755089151
LIB,1909-03-15,3.2492421083200003,17.19093,8.30474,391251.5151973451,0.06403106044685214,0.05006292069232887
LIB,1910-03-21,3.17459307516,17.77788,8.45192,375606.14335677575,-0.015997370014049883,-0.028906371049386648
LIB,1911-03-27,3.10515768524,17.68283,8.59802,361147.99514772004,-0.010724049896791876,-0.023494858051472556
LIB,1912-04-02,3.1350622451200003,17.70152,8.74681,358423.4989807713,0.01536283319469045,0.0023262035412821014
LIB,1913-04-08,3.53341105208,16.76865,8.89434,397265.12052383873,0.1354017918484114,0.12114954417283608
LIB,1914-04-14,3.66474345536,16.78855,9.04931,404974.90475627425,0.004792725131359088,-0.008231120953145932
LIB,1915-04-20,3.68680935064,16.95038,9.2114,400244.1920489828,-0.008191040772169589,-0.02137650891227505
LIB,1916-04-26,3.4652060518399996,17.47761,9.37802,369502.94964608736,-0.09123998217551255,-0.10345565199497297
LIB,1917-05-02,3.6336618895200004,17.43635,9.55066,380461.86227129854,0.04487799719719554,0.030618304817426667
LIB,1918-05-08,3.57788781584,16.89258,9.72278,367990.20607686276,-0.021941551623574918,-0.035061553831466585
LIB,1919-05-14,3.96580081924,17.62351,9.89605,400745.8348775521,0.07197542785104183,0.05775191253820644
LIB,1920-05-20,3.75608927564,17.61299,10.06881,373042.02538730996,-0.028655004969976527,-0.04118161367224893
GBR,1848-10-30,38.15155753604,10.51961,282.62551,134989.78749667713,0.052225671199841894,0.053993558274674225
GBR,1849-11-12,39.2902740776,10.75978,288.5270216081012,136175.3705376232,0.017883240367800646,0.009515612351917335
GBR,1850-11-11,40.8066121658,10.90449,287.42635,141972.41194413803,0.028312912527730605,0.019085822829844723
GBR,1851-11-24,43.04116633544,10.54803,287.42635,149746.76585998465,0.02375035551161586,0.022641252941575374
GBR,1852-12-07,45.9556486922,10.61707,287.42635,159886.69338145232,0.04354298861289441,0.04308413714706805
GBR,1853-11-29,47.36866307419999,10.73041,287.42635,164802.78538902226,0.02481738774676967,0.024785550015704816
GBR,1854-12-05,49.37800975276,10.81272,287.42635,171793.60818087833,0.03531364778248647,0.03359546659506529
GBR,1855-12-18,51.54987455436,10.9186,287.42635,179349.85624790489,0.029265943575077946,0.028518154219944636
GBR,1856-12-17,54.51332063476,11.70664,289.1872941241156,188505.24121354913,0.03714323697732036,0.03116011136466601
GBR,1857-12-30,57.38362080204001,11.78753,304.83701,188243.61517664802,0.033328344738802196,-0.02217758945788173
GBR,1859-01-12,58.78765821136,11.92606,311.77801,188556.14034921836,-0.005459847538236251,-0.017954419740353278
GBR,1860-01-04,62.58635287112,12.03646,314.12947,199237.44458334328,0.03998021690291331,0.030091004253643527
GBR,1861-01-10,68.32295805711999,12.17098,323.7522125556971,211034.72164029142,0.0613666404708606,0.048653143920807995
GBR,1862-01-23,71.36310612028,12.24795,326.31242,218695.64793237107,0.04986122391285819,0.02246725281149753
GBR,1863-01-22,73.99852192095999,11.7231,328.63584568784665,225168.7479984979,0.029397766384851254,0.027941119291594596
GBR,1864-02-04,77.4254675844,11.77556,326.31242,237274.04425611507,0.028115806091986384,0.0245699613333783
GBR,1865-02-17,79.54477247808,12.21452,325.16886017105696,244626.04579120834,0.026863381626627936,0.025765885706121816
GBR,1866-02-09,87.12550207347999,12.35749,326.31242,267000.2633472548,0.0758724939718578,0.0753009682818353
GBR,1867-02-15,89.75069511096001,12.17306,328.4181116742054,273281.8073078556,0.021345469633246683,0.027468969701321067
GBR,1868-02-28,93.99438057256,12.40927,322.1848,291740.58047604974,0.046122600230136035,0.04519325686466025
GBR,1869-02-27,96.98929489704,12.10563,322.1848,301036.22174925695,0.034312306110355184,0.02592251572763593
GBR,1870-03-12,100.7954248574,13.23178,322.1848,312849.72120782855,0.03823070494287961,0.03986938336679757
GBR,1871-03-25,108.88987657288,13.70128,322.1848,337973.3512346951,0.043899320967103916,0.041782707421921916
GBR,1872-03-17,114.36440157688,13.90201,349.97137,326782.16385780356,0.039145963736578304,-0.04400480479243707
GBR,1873-03-23,119.78885238476,14.49839,349.97137,342281.8626128189,0.03535476845879981,0.03616710025725811
GBR,1874-04-05,125.00589095124,14.89546,349.97137,357188.90648466477,0.043546365453385194,0.041922147773927554
GBR,1875-04-04,131.02499114120002,15.77272,349.97137,374387.7424636193,0.046140627653718846,0.0530671888705978
GBR,1876-04-17,135.52486622428,16.47242,351.07269554481337,386030.77922071173,0.014436750134213083,0.014371341182181974
GBR,1877-04-30,140.09364465356,16.79962,349.97137,400300.30071762734,0.033857841810936096,0.03608792119297277
GBR,1878-04-22,134.96851025996,16.4958,349.97137,385655.8616779424,-0.04842581880866659,-0.048539148284301725
GBR,1879-04-28,145.6067651012,16.6211,349.97137,416053.3620255852,0.08210908861797006,0.08157902475738621
GBR,1880-05-11,158.12690212176,16.51594,352.8126255490437,448189.46565669077,0.07385801677175752,0.07421273696937147
GBR,1881-05-10,164.2184769628,16.39976,440.28684,372980.6617949335,0.03979302060876666,0.0007453670254953249
GBR,1882-05-23,172.55359551976002,16.2066,440.65791,391581.7499333213,0.017317586421011555,0.017508017510978746
GBR,1883-06-05,151.54775978264001,16.11641,440.65791,343912.49162562407,-0.12294234538853344,-0.12339998481879022
GBR,1884-05-28,168.68049085888,15.96785,464.72536,362968.1213413445,0.06596938309084144,0.010241958588943723
GBR,1885-06-03,171.83067013163998,15.96238,464.7253600000001,369746.70401382865,0.017475369407641717,0.018305714547421248
GBR,1886-06-16,163.02253819435998,16.60831,474.9464300000001,343244.0542702047,-0.04540342490540927,-0.06575658957559927
GBR,1887-06-15,173.30984174192,17.35592,474.94643,364903.9782063842,0.022310206304572144,0.011208751825676933
GBR,1888-06-28,186.38574447168,17.00512,474.94643,392435.2994329907,0.07183160679468359,0.07175151140007885
GBR,1889-07-11,190.31718894760002,16.94884,474.94642999999996,400712.9581910954,0.024561911989847918,0.022800132332241763
GBR,1890-07-03,200.03980261096,16.95087,474.94643,421183.9272293509,0.03275175006866293,0.03346503793570843
GBR,1891-07-09,210.26044287456,17.26258,476.00519454497515,441718.799047042,0.03145805682327629,0.031218754301001184
GBR,1892-07-22,214.0438935284,17.27001,513.18927,417085.67587237357,0.009639441727902875,-0.06257200351960579
GBR,1893-07-21,225.17318763472,17.75531,531.2761994775922,423834.5099143053,0.027776338471614093,0.018725091981807385
GBR,1894-08-03,227.68088800808002,17.93961,528.49552,430809.4948620945,0.00967290916528718,-0.0029322728303255996
GBR,1895-08-16,233.17183934876002,17.8627,540.5451585645847,431364.2175020989,0.019602434732788998,0.007268855489878101
GBR,1896-08-08,241.13437981724,17.73569,545.61068,441953.1887045173,0.02822169871619762,0.015069192082216576
GBR,1897-08-14,227.43618696032,18.67717,513.5309350788017,442887.02281474,-0.014805823154382836,0.002554778512436018
GBR,1898-08-27,241.81383476172,17.95932,559.74852,432004.42005942244,0.05406582595698062,-0.04303221058403328
GBR,1899-08-26,250.33335458248,17.935,568.12193,440633.1482090121,0.011076778461290626,-0.004129200947870615
GBR,1900-09-08,254.55234265604003,17.8871,581.0945,438056.7061915747,-0.006057658524021181,-0.024141627399925203
GBR,1901-09-21,261.62067969648,18.1976,569.8229067093279,459126.29453125026,0.009977501594288674,0.019029822311905864
GBR,1902-09-13,246.852810308,18.64044,541.00699,456283.95727012696,-0.04671387961645246,0.005050632396372157
GBR,1903-09-19,265.57401807196,18.18318,587.48485,452052.5390092357,0.07760235070174448,0.005308609052919744
GBR,1904-10-02,275.53409672256,17.75281,612.14961,450109.0782734632,0.026253323091923075,0.00538173609263759
GBR,1905-10-01,270.83818981959996,17.91774,618.24775,438073.878666926,0.003709995955032186,-0.0017468001775738928
GBR,1906-10-14,278.89598795656,18.11791,625.94652,445558.81220740714,0.01214440101355474,-0.0002963309773502676
GBR,1907-10-27,298.04088166632005,17.42567,703.15857,423860.1282585804,0.03874242910997894,-0.041513149111451986
GBR,1908-10-19,258.229490285,19.30963,584.27574,441965.1075791714,-0.11710641218007423,0.06198125954779776
GBR,1909-10-25,280.14590208748,19.06068,632.18641,443138.12770426366,0.06435959090397492,-0.01723874278325155
GBR,1910-11-07,290.50531560336,18.75644,637.61605,455611.67351944797,0.03664814863741661,0.030221080971750025
GBR,1911-11-06,291.0468223754,18.73491,649.9457,447801.75078533485,0.018815952652174506,0.0016259087049481646
GBR,1912-11-19,301.5339280226,18.99888,655.5529507643598,459968.83649294585,0.01007831446387164,-0.00008073638737715605
GBR,1913-12-02,268.57749667892,19.75406,653.17421,411188.15251281887,-0.07130692629074031,-0.056715688573240164
GBR,1914-11-24,279.8184351144,19.31318,660.27977,423787.6848996904,0.023123488932340397,0.015624746435810799
GBR,1915-11-30,309.488813621,19.10291,664.67087,465627.1661506694,0.09459499046374176,0.08809194708648715
GBR,1916-12-13,295.01053642476,19.2687,666.3878906579225,442700.92623306386,-0.05310402462449548,-0.04995494724456018
GBR,1917-12-12,296.17645052164,19.5409,662.15764,447289.9391776858,0.005872127459283671,-0.00008233421412295883
GBR,1918-12-25,308.8272429086,19.5848,667.17066,462890.9234536782,0.023661041055883514,0.017097578741817054
GBR,1920-01-07,326.29711438272,20.21847,671.63025,485828.49623393227,0.047817713593244715,0.04438340766633231
GBR,1920-12-30,322.6159457508,20.63209,671.63025,480347.55097883096,0.007393877080411171,0.006559029111351533
PTN,1837-01-13,0.02871031852,8.21559,1.5089900000000003,19026.18209530878,0,0
PTN,1838-01-19,0.03051542468,8.19858,1.5393599999999998,19823.449147697746,0.03135637082280751,0.015612155557649166
PTN,1839-01-25,0.08438849692,5.78729,1.56157,54040.80311481394,1.7687134358322565,1.7403394998560282
PTN,1840-01-31,0.07195365008,5.32793,1.56482,45982.06188571209,-0.09266709077195989,-0.0945382333309559
PTN,1841-02-06,0.0744403868,5.30202,1.5671,47502.00165911556,0.03208341048391472,0.031325308438426624
PTN,1842-02-12,0.12492921376,4.36868,1.56522,79815.75354263299,0.6983245113670822,0.6983615756233637
PTN,1843-02-18,0.12538272864,4.95163,1.55925,80412.20371332372,-0.040207372187312185,-0.03853876935075262
PTN,1844-02-24,0.15897053847999998,5.09917,1.54416,102949.52497150554,0.23845409480136204,0.24936700732804584
PTN,1845-03-02,0.1551989608,5.22632,1.57734,98392.83908352036,-0.00223972199396949,-0.018425965763780305
PTN,1846-03-08,0.15610663224000002,5.57253,1.62958,95795.62355944476,0.016377885818671833,-0.010713138595231042
PTN,1847-03-14,0.18687095076000002,5.84246,1.67118,111819.76253904427,0.10458608339366382,0.08090785774625342
PTN,1848-03-20,0.19713761444,5.99211,1.67827,117464.77887348282,0.009914911092268941,0.007519106814824816
PTN,1849-03-26,0.18282824456,6.66142,1.70932,106959.63573818828,-0.006844657177902946,-0.018968294428086785
PTN,1850-04-01,0.17331070588,6.34341,1.7366699999999997,99794.84063178382,-0.09270500357667766,-0.10217467747670883
PTN,1851-04-07,0.21453956472,6.82907,1.80093,119127.09806599923,0.24641437934348254,0.20799498517193116
PTN,1852-04-13,0.2523309178,5.73762,1.8661200000000002,135216.87662101042,0.2058431352808472,0.183732845192059
PTN,1853-04-19,0.28324518196000004,6.85001,1.91092,148224.51068595232,-0.02708497408407029,-0.044155929591086274
PTN,1854-04-25,0.26756348943999997,6.72336,1.92058,139313.8996761395,0.007213949470848524,0.003744971556497223
PTN,1855-05-01,0.24798425808,7.43173,1.93452,128189.0381489982,-0.04035221288514512,-0.044969963666802615
PTN,1856-05-07,0.25697375444,7.68797,1.95518,131432.27449135119,0.06045122353659327,0.05158315678841929
PTN,1857-05-13,0.26528164000000004,7.71717,1.9791999999999998,134034.78172999193,-0.030562965910344464,-0.039557922476171625
PTN,1858-05-19,0.24974560156,7.57249,2.00524,124546.48897887535,-0.010646084704330483,-0.01958729965173367
PTN,1859-05-25,0.25220112891999996,7.9554,2.05092,122969.75451017104,0.022678709121469076,0.004272514307193553
PTN,1860-05-31,0.1821725256,6.92184,2.08167,87512.68241363905,-0.30268353483532495,-0.3106893295091231
PTN,1861-06-06,0.1720179734,7.2242,2.12099,81102.68006921296,-0.08253078445473006,-0.09530997997565793
PTN,1862-06-12,0.19600811828,6.79659,2.15122,91114.86425377228,0.14707873605707578,0.13404642379603615
PTN,1863-06-18,0.18010188872,6.88505,2.17087,82963.00041918678,-0.06363657283087609,-0.06937256583143003
PTN,1864-06-24,0.17121928876,6.91665,2.21348,77352.98659124997,-0.058672448478983674,-0.07196303229812873
PTN,1865-06-30,0.17168693828,6.85062,2.24991,76308.35823655169,0.008151381354106979,-0.0022542298508230196
PTN,1866-07-06,0.17613153324,7.03659,2.28546,77066.11939828306,0.03549376889891276,0.023402042326797323
PTN,1867-07-12,0.18668584064000002,7.0159,2.30872,80861.18742853183,0.012970536072067773,0.005241622593724626
PTN,1868-07-18,0.19857494175999998,6.9431,2.34839,84557.90637841243,0.033273130068179,0.020217706890707454
PTN,1869-07-24,0.19294056756,6.84433,2.39881,80431.7839095218,-0.021179459741739515,-0.03631185151716543
PTN,1870-07-30,0.1933636484,6.88916,2.44667,79031.35625155825,0.006219333872853339,-0.006519882075730954
PTN,1871-08-05,0.22183859152,7.65919,2.50357,88608.90309438122,0.12379539687655194,0.10755807935807904
PTN,1872-08-11,0.27646778744,7.58124,2.57546,107346.9545013318,0.1646482363147408,0.13633997656261165
PTN,1873-08-17,0.25651088684,7.20477,2.59667,98784.5536167476,-0.08783452063862884,-0.09363309697379962
PTN,1874-08-23,0.25763621884,7.33448,2.60846,98769.4727310367,-0.037680935542265925,-0.039754016184634144
PTN,1875-08-29,0.325298675,7.49068,2.59521,125345.80053251953,0.07825398434218211,0.08036168972174718
PTN,1876-09-04,0.37986069056,7.28861,2.6021,145982.35677337536,0.08438728461313127,0.08246157769818074
PTN,1877-09-10,0.34171434700000003,7.24892,2.61441,130704.19215042783,-0.05268113759959192,-0.05583651635572506
PTN,1878-09-16,0.37269198044,8.39955,2.63342,141523.942417085,0.12295636761772366,0.11661918516803071
PTN,1879-09-22,0.52594772308,8.29441,2.69102,195445.490215606,0.31450940017008944,0.2908216220970845
PTN,1880-09-28,0.52889243212,8.72381,2.76371,191370.45208071757,0.002262038096365382,-0.01758360686767002
PTN,1881-10-04,0.55191160284,8.85172,2.82163,195600.27460723056,0.03849084501815092,0.022373230802164024
PTN,1882-10-10,0.69071492204,9.45051,2.88429,239474.8524038845,0.033416755519173336,0.017157271468242863
PTN,1883-10-16,0.52445215004,8.19361,2.91223,180086.10241636133,-0.203519720291659,-0.20910152978043306
PTN,1884-10-22,0.27906614164,8.54575,2.93982,94926.26815247191,-0.4838889699525265,-0.48770517839735683
PTN,1885-10-28,0.27032719896,8.36754,2.96218,91259.54498376197,-0.05930995989337462,-0.06434832979697735
PTN,1886-11-03,0.29049551492,8.81141,2.98849,97204.7806484211,0.06020646788311046,0.0529430511317468
PTN,1887-11-09,0.50946026144,9.92869,3.0514,166959.5141377728,0.33442440693999576,0.317821778624898
PTN,1888-11-15,0.62707678904,10.13139,2.99339,209487.1664033086,0.11462606829986588,0.13388977690735615
PTN,1889-11-21,0.5488820448799999,9.87965,2.89545,189567.09488335144,-0.10578630734645122,-0.08544570455984701
PTN,1890-11-27,0.67863080168,10.24056,3.01538,225056.47768440464,0.18746879833557983,0.1435521516190581
PTN,1891-12-03,0.68664413844,10.40621,3.06471,224048.6500973991,0.003997293385761713,-0.008353880566838834
PTN,1892-12-09,0.69876081756,10.48237,3.11752,224139.96303471993,0.019564426335056284,0.006427587751215658
PTN,1893-12-15,0.6047040469599999,10.54725,3.16992,190763.18864829396,-0.07812062776844542,-0.08955806129532284
PTN,1894-12-21,0.68102650876,10.78716,3.25612,209152.76733044235,0.09246632590718007,0.07029350085332409
PTN,1895-12-27,0.6948996605200001,10.91446,3.48031,199666.02415302087,0.012853685078239696,-0.032732046843580886
PTN,1897-01-02,0.74887082608,10.8889,3.69365,202745.4756352118,0.07262814240108173,0.02601017799042027
PTN,1898-01-08,0.77524365204,10.82644,3.7903099999999994,204533.04664789952,0.02282827563708678,0.002835411844729796
PTN,1899-01-14,0.77893401768,10.81126,3.87536,200996.55714049793,-0.003931482543607756,-0.020478477082234492
PTN,1900-01-20,0.79657412432,10.84083,3.9701299999999997,200641.82389997304,0.019326042636993224,0.001370346147938406
PTN,1901-01-26,0.8083886746000001,10.91939,4.05339,199435.20722160957,0.006200531839505974,-0.00889496727863881
PTN,1902-02-01,0.85597963048,11.13437,4.12855,207331.78246115468,-0.005521602863426511,-0.01884324371298529
PTN,1903-02-07,0.80961570196,11.29902,4.2106,192280.36430912456,-0.050097461759442075,-0.06336869696273328
PTN,1904-02-13,0.8063508538799999,11.4696,4.28694,188094.73747708154,-0.00009662583389458135,-0.013730306577375395
PTN,1905-02-19,0.80095935088,11.59678,4.38914,182486.62628214183,-0.01167062363365945,-0.028980002637626123
PTN,1906-02-25,0.87281785812,11.87604,4.48913,194429.17850897613,0.07153069253249766,0.053485244311715974
PTN,1907-03-03,0.79956753344,11.34835,4.55621,175489.61383254942,-0.07225045569966437,-0.0867423764392804
PTN,1908-03-09,0.8376990216400001,11.05507,4.1721,200785.94032741306,-0.007144931875188609,0.06299537640431652
PTN,1909-03-15,0.7779562388000001,11.05412,3.8695400000000006,201046.18088971815,-0.03931169250584898,0.014461523762833162
PTN,1910-03-21,0.6585404176,10.38355,3.64904,180469.49816938155,-0.16763704849713823,-0.04508548959017267
PTN,1911-03-27,0.6502571946000001,10.61241,3.4884,186405.57120743036,-0.009997880600950415,0.024138385833393672
PTN,1912-04-02,0.49351722628,10.66917,3.40209,145062.95432513545,-0.18806374039534857,-0.17508390529864148
PTN,1913-04-08,0.4939162514,10.74144,3.38069,146099.24346804942,-0.008782326893965409,-0.003897503748285236
PTN,1914-04-14,0.50348850292,10.81913,3.37212,149309.18915103853,0.024135361616385742,0.02500678078015217
PTN,1915-04-20,0.49888116304,10.71526,3.36798,148124.74036069098,0.01659103945527418,0.017544251438595504
PTN,1916-04-26,0.50616691112,10.63173,3.28456,154104.9367708308,0.01234017100958651,0.034331076945642414
PTN,1917-05-02,0.49094569368,10.37616,3.17839,154463.6415543719,-0.010211870683352053,0.021203729404601912
PTN,1918-05-08,0.460779072,10.57086,3.1426,146623.51937885827,-0.10687000121657608,-0.01525860801958101
PTN,1919-05-14,0.4597029684,10.04013,3.12987,146876.0582388406,0.004377107959450122,0.0029887000307093903
PTN,1920-05-20,0.46851958192000004,10.12305,3.14762,148848.83877977647,0.022190744239952043,0.01807847484410985
POR,1837-01-27,3.4969416825199997,8.53109,61.20718,57132.86713290826,0.06565035016966458,0.06351836225337215
POR,1838-02-02,3.70397168388,9.39749,61.20718,60515.31346289765,0.05401842848914051,0.05268679045506364
POR,1839-02-15,3.51968683144,9.59726,61.207179999999994,57504.476295754845,-0.03195237739784684,-0.0325729053486814
POR,1840-02-14,3.7434830643600003,9.54196,61.20718,61160.84852071277,0.042200044024936156,0.04324051187522171
POR,1841-02-27,3.96456660184,8.68166,61.62745684251105,64331.17322967665,0.044193585488712994,0.037637292175497494
POR,1842-03-12,4.0471845778,8.52388,61.20718,66122.70942395974,0.019665979316326965,0.018274691093915107
POR,1843-03-04,4.13766850848,8.66827,61.20718000000001,67601.03158616358,0.027113720897576465,0.026488733889479477
POR,1844-03-10,4.32697629364,8.88259,61.20718,70693.93318953757,0.038985086693160476,0.040395942545588204
POR,1845-03-23,4.57672456228,9.39338,61.20718000000001,74774.3085415796,0.0365659068733073,0.03522588356693501
POR,1846-03-22,4.6753229276,9.32103,61.207179999999994,76385.20395156255,0.018230668499259695,0.01748345237907567
POR,1847-04-04,4.80468663792,9.3186,61.20718,78498.74210705345,0.019705524084374648,0.020468073743317383
POR,1848-04-17,5.01058274756,9.11236,61.207179999999994,81862.66296797206,0.039726836148219036,0.04023682151476882
POR,1849-04-09,5.1080631212,8.99962,61.20718,83455.29268298262,0.0011001371437535656,0.0020771400053161138
POR,1850-04-15,5.43743735496,8.92459,80.40418000000001,67626.30195295817,0.042703829127091586,-0.20681023065303927
POR,1851-04-28,5.6708669061200006,8.80594,80.40418,70529.5036417261,0.02415911605628085,0.02342331463811398
POR,1852-04-27,5.730309585,8.84695,81.18644544832594,70582.09721285634,0.007883670064143367,0.007018594126594335
POR,1853-05-10,5.76298738184,8.87242,80.40418,71675.22113701054,0.0160955042690063,0.017687102344454475
POR,1854-05-23,5.89365462036,8.86759,80.46282926378532,73246.9225142275,0.023403733556173423,0.021707074209933674
POR,1855-05-15,5.968923423840001,8.9087,80.40418,74236.481534169,0.009702688331909126,0.009902379829566765
POR,1856-05-21,6.2935781168,8.87887,80.76685681752693,77922.78125938229,0.03666141867209971,0.0382512009950009
POR,1857-06-03,6.65083966768,8.99995,80.40418,82717.58592252294,0.028388186436051788,0.02746858814792552
POR,1858-06-02,6.5554065782399995,9.12999,80.40418,81530.66890601956,0.03186463099189485,0.035580323831833294
POR,1859-06-15,6.91249030264,9.25363,80.40418,85971.77786826507,0.039488181243418685,0.03498817519969499
POR,1860-06-28,7.665044866960001,9.29538,80.83374118665492,94824.8188743421,0.052255844865708445,0.05655248327566231
POR,1861-06-20,7.725396728400001,9.30131,80.40418,96082.02867562359,-0.03503611469221091,-0.03107867142977705
POR,1862-06-26,7.51665491512,9.11707,80.40418,93485.87243996518,-0.016169641598923756,-0.016204468336767808
POR,1863-07-09,7.26600053712,9.24928,80.40418,90368.44274912076,-0.008503441039155901,-0.0014182031798782857
POR,1864-07-08,8.227256193,9.12348,98.69199000000002,83362.95775371435,0.06988220465920336,-0.13494815266171778
POR,1865-07-21,8.18126886148,9.2713,98.69199,82896.9895275189,0.027152891404701895,0.023696702675632064
POR,1866-08-03,8.513869744640001,9.09717,98.69199,86267.07947260968,0.05336381252142863,0.04436207143326709
POR,1867-07-26,8.44090029744,9.31895,98.69199,85527.71402663985,-0.0002243655475834272,0.00222868083976846
POR,1868-08-01,9.11458349984,9.39314,98.69199,92353.83236106599,0.05492490658191218,0.05736192004776686
POR,1869-08-14,9.13233258392,9.38517,98.69198999999999,92533.67556901021,-0.0007102817063677769,0.00023936253078660208
POR,1870-08-13,9.24510003196,9.92317,98.69199,93676.29563412389,-0.010520746531122893,-0.004463322384727464
POR,1871-08-26,9.691661291519999,10.49846,99.54254020185239,97362.00494650072,0.045313882934106875,0.046257361617163095
POR,1872-09-08,9.636577748199999,10.52125,98.69199,97642.95712549721,0.015517820319476572,0.015111673586657881
POR,1873-08-31,10.05276288276,10.48896,98.69199,101859.96738701894,0.022763066830900014,0.023674574703065998
POR,1874-09-06,10.11050555944,10.45507,98.69199,102445.04705437594,0.0036993443545989546,0.0037349994083699656
POR,1875-09-19,10.581626965,10.36397,98.66477629174825,107248.2740315602,0.04654254320239759,0.04626097127179296
POR,1876-09-18,10.96499832584,10.32868,122.38295,89595.80011627437,0.07877758484827813,-0.02274787858356042
POR,1877-10-01,11.9580866626,10.23822,122.38294999999998,97710.39726203692,0.038782117951912554,0.039091900665291
POR,1878-10-14,12.25748731272,10.28824,126.60617,96815.87645151891,0.016222778383345737,-0.00046125457686907456
POR,1879-10-06,12.806749651799999,10.34722,126.60617,101154.2300963689,0.02916719653772737,0.029454088163995085
POR,1880-10-12,14.12630984648,10.46605,126.60617,111576.7884494097,0.07179644124867468,0.07134164011335642
POR,1881-10-25,15.3412323896,10.64518,135.03334,113610.70080618607,0.05292959770880867,-0.009095273087973865
POR,1882-10-24,17.45032368248,10.67627,137.34437556536952,127055.2478807147,0.107272760981171,0.09557053804778093
POR,1883-11-06,17.7930933908,10.65917,138.21771,128732.37004722476,0.014176954636370809,0.01653090630528653
POR,1884-11-19,18.32455670708,10.61183,141.811,129218.16154656549,0.030770587080502843,0.009805031734955616
POR,1885-11-11,18.6368338182,10.64406,145.78426,127838.4498998726,0.016041563040897655,-0.01570328791559006
POR,1886-11-17,21.98953633708,10.95458,144.90512266464512,151751.2696081182,0.10320762525436589,0.10246769449932436
POR,1887-11-30,23.48070605972,10.97605,151.30831,155184.51074974003,0.03306151974191174,0.01815789976497828
POR,1888-11-29,23.52832484236,11.06726,151.55978469415535,155241.21316112776,-0.00033755847844119113,-0.0022543315761607285
POR,1889-12-12,23.63752282164,11.23705,151.30831,156220.9162315011,-0.015558589441285964,-0.016665320295082053
POR,1890-12-25,26.37179544272,11.1886,163.09100360148895,161699.8783523289,0.06709983073645942,-0.0006916137152608304
POR,1891-12-17,26.86776895764,11.28651,163.89302,163934.79696475176,0.0030146802158175223,-0.003542800346559183
POR,1892-12-23,28.06672295336,11.38309,163.89302,171250.26406469292,0.03818251003746398,0.03762610036991276
POR,1894-01-05,29.504112576639997,11.55305,170.48133,173063.59926122113,0.01652572447235645,-0.014028137830909615
POR,1895-01-04,30.337903574680002,11.64477,174.16065,174194.93768931157,0.045542992622545464,0.030627391284861583
BLG,1837-01-13,0.03167455668,6.03811,1.123,28205.304256455922,0.6677495495059929,0.6526879153768592
BLG,1838-01-19,0.02215634044,7.89753,1.123,19729.5996794301,-0.2209718768405099,-0.22624863128883899
BLG,1839-02-01,0.022920655159999997,7.94479,1.123,20410.20049866429,0.020518302769485075,0.02103396593292417
BLG,1840-01-31,0.03028536628,6.89405,1.123,26968.269171861084,0.43067620810018514,0.40662901027314335
BLG,1841-02-13,0.027927695120000002,6.68564,1.1246645974839642,24832.021193232413,-0.03075730873365934,-0.02543981919775007
BLG,1842-02-26,0.04046980236,7.34807,1.123,36037.22382902939,0.21193256360795254,0.2392629067749572
BLG,1843-02-18,0.042559929360000005,7.78293,1.123,37898.423294746215,0.0038838788640180866,0.004154529297217158
BLG,1844-02-24,0.04470999104,7.89617,1.123,39812.99291184328,0.01937535301773652,0.021470078033529294
BLG,1845-03-09,0.047116012840000006,7.7569,1.123,41955.48783615317,0.05806437479011528,0.059415617201266535
BLG,1846-03-08,0.05056041484,7.73457,1.123,45022.631202137134,0.07552500006820018,0.07527037956399818
BLG,1847-03-21,0.05024207136,7.15562,1.123,44739.15526268923,-0.0167662512906811,-0.017212897714034447
BLG,1848-04-03,0.05007285192,7.59768,1.123,44588.47009795192,0.014292823041768044,0.017431657632492215
BLG,1849-03-26,0.05066335508,7.83884,1.123,45114.29659839715,0.009943533259535675,0.009963220535433415
BLG,1850-04-01,0.05015348416,7.76142,1.123,44660.270845948355,-0.01746459635420794,-0.01737839732731894
BLG,1851-04-14,0.05011041516,8.3868,1.123,44621.91910952805,-0.0010487699665804318,-0.0009884979248377945
BLG,1852-04-13,0.04973604948,8.64329,1.108984953043209,44848.26357969724,0.006611160610372702,0.005727624070498205
BLG,1853-04-26,0.05015776844,8.78326,1.123,44664.08587711487,-0.0022271134201136134,-0.0032109532948706443
BLG,1854-05-09,0.050592368320000004,8.82089,1.1272870804156825,44879.755298308104,0.004883634838872775,0.0049833094951852175
BLG,1855-05-01,0.05064593404,8.82796,1.123,45098.783650934995,0.004424583130344439,0.0044059613968423506
BLG,1856-05-07,0.05129217756,8.9115,1.1231602549599906,45667.72847729297,0.007081579625696888,0.007102437120240834
BLG,1857-05-20,0.0499097768,8.59723,1.123,44443.25627782725,-0.020476099750901255,-0.020416831139117297
BLG,1858-05-19,0.05014900124,8.65259,1.123,44656.278931433655,0.003397799196658724,0.0036117503125401296
BLG,1859-06-01,0.04854708976,8.62569,1.123,43229.82169189671,-0.020472362142284983,-0.022732073957352772
BLG,1860-06-14,0.04871433164,8.58713,1.1285650383159818,43164.84206589492,0.0008997161840369472,0.0008092839374307381
BLG,1861-06-06,0.04834242036,7.97106,1.123,43047.569332146035,0.019622039585268203,0.018062666306757125
BLG,1862-06-12,0.05194158164,9.32934,1.123,46252.52149599287,0.10453561664585131,0.10155584093018089
BLG,1863-06-25,0.04989312796,8.21765,1.123,44428.430952804985,-0.04569755444965329,-0.0452652300591212
BLG,1864-06-24,0.04970307628,8.44261,1.123,44259.19526268922,-0.005555952578068624,-0.0071058895778800535
BLG,1865-07-07,0.11736498072000001,7.04039,1.123,104510.22325912735,0.9640590768813428,1.048826171683841
BLG,1866-07-20,0.09706634600000001,5.72994,1.123,86434.85841495993,-0.18139016577498368,-0.19899519271527988
BLG,1867-07-12,0.09343069476,5.67915,1.123,83197.4129652716,0.0013998603949860744,0.0003498698956132529
BLG,1868-07-18,0.10788826776,6.53632,1.123,96071.47618878006,0.058030100454195654,0.05603119964607206
BLG,1869-07-31,0.10739955148,6.47314,1.123,95636.28804986643,-0.012487090775388232,-0.014313304497495127
BLG,1870-07-30,0.11077900548000001,6.61933,1.123,98645.59704363313,0.018614887546916536,0.01591169176466467
BLG,1871-08-12,0.11080363788,6.71245,1.1329822256724102,97798.2137488869,0.05977845342599619,0.05873029284878872
BLG,1872-08-25,0.0688092548,4.73738,1.123,61272.71130899376,-0.37430233950147884,-0.4120860334061637
BLG,1873-08-17,0.035812374,7.58941,1.123,31889.91451469279,-0.43590717554649094,-0.4342227212082399
BLG,1874-08-23,0.016031758599999998,4.30896,1.123,14275.831344612645,-0.4309257175526735,-0.43011042358568086
BLG,1875-09-05,0.06664213296,7.03079,1.1251224208112762,59231.00609082814,2.534902418556274,2.341903919513497
BLG,1876-09-04,0.057755501960000004,6.98698,1.123,51429.65446126447,-0.19110162092063598,-0.18741188878359583
BLG,1877-09-17,0.06332327404,6.95787,1.123,56387.59932324132,0.019478946427942567,0.01710352528289416
BLG,1878-09-30,0.06772090832000001,7.11734,1.123,60303.56929652716,0.009874614910149182,-0.0028167930941894737
BLG,1879-09-22,0.07009839824,7.24072,1.123,62420.65738201246,0.0370525493741225,0.0445746155410669
BLG,1880-09-28,0.06645470624,7.40715,1.123,59176.05186108637,-0.05651552960027728,-0.053764975308155494
BLG,1881-10-11,0.06838710892,7.53118,1.123,60896.80224398931,0.04119867208567718,0.043290884255496875
BLG,1882-10-10,0.07398357824,7.3326,1.2235050341217582,60468.55237756011,-0.010059575978774604,-0.002180266253819396
BLG,1883-10-23,0.08012026256,7.44975,1.123,71344.84644701693,0.03787451769171901,0.02938025776334885
BLG,1884-11-05,0.07781620755999999,7.82309,1.123,69293.1500979519,-0.1963338738639091,-0.19920043004286003
BLG,1885-10-28,0.07889227112000001,6.48867,1.123,70251.3545146928,0.038660303613370806,0.0381054310061979
BLG,1886-11-03,0.07774659048,6.66636,1.124133857926844,69161.32801424754,0.021875871065299535,0.022749970734889713
BLG,1887-11-16,0.07658857128,6.81825,1.1230000000000002,68199.97442564559,-0.014160219633250315,-0.013027532327259395
BLG,1888-11-15,0.07569224052000001,6.72004,1.1208577019984352,67530.64227960819,0.0019820872044329363,0.00020487029661775402
BLG,1889-11-28,0.07054061144,8.25732,1.123,62814.43583259127,-0.055630750685021435,-0.06587139453082969
BLG,1890-12-11,0.07285336812,7.98961,1.0907172442876365,66794.0004630454,0.04040387970386372,0.04850597314280014
BLG,1891-12-03,0.10062462175999999,7.8706,1.123,89603.40317008014,0.2606308823323906,0.2587892701295942
BLG,1892-12-09,0.10083770996,7.43111,1.123,89793.15223508459,0.004793341798790873,0.01428203938338779
BLG,1893-12-22,0.20251823748,7.15929,1.123,180336.80986642922,0.8272201447700678,0.8229920783723494
BLG,1894-12-21,0.38321746892,8.86591,1.123,341244.40687444346,0.7623200342333996,0.7167592253390949
BLG,1896-01-03,0.53459043612,10.28631,1.123,476037.78817453247,0.35757072253416644,0.3389303689799401
BLG,1897-01-16,0.39863031364,9.96093,1.123,354969.11276936776,-0.21671581339578938,-0.20522699526329524
BLG,1898-01-08,0.68476230628,10.31923,1.123,609761.6262511131,0.6503147328300707,0.6533132974974967
BLG,1899-01-14,0.66640507648,10.6792,1.123,593415.028032057,-0.016156741810922637,-0.01655704868209651
BLG,1900-01-27,0.7186510874400001,10.92524,1.123,639938.6352983081,0.04779724806549668,0.04846407591884261
BLG,1901-01-26,0.81175476928,11.15247,1.123,722844.8524309885,0.04858589744246333,0.05122244078446214
BLG,1902-02-08,0.86755281964,11.49166,1.123,772531.4511487088,0.03623127068508647,0.0348860470252228
BLG,1903-02-21,0.88370023404,11.64134,1.123,786910.2707390917,0.023235538864203376,0.026674351622074655
BLG,1904-02-13,0.98125527916,12.2476,1.123,873780.3020124666,0.1093737559707526,0.10586762417841689
BLG,1905-02-19,0.8839401688,12.32914,1.123,787123.9259127338,-0.045076336999885114,-0.04391211021600416
BLG,1906-03-04,0.74235047484,12.41634,1.1014321073391014,673986.5942653606,-0.06987985839918798,-0.06700564679131416
BLG,1907-03-03,0.81372050968,12.58507,1.123,724595.2891184328,0.2346637295414853,0.23507195929631464
BLG,1908-03-16,0.61205066624,13.03177,1.123,545013.9503472841,-0.22051723252258326,-0.22802633681031415
BLG,1909-03-29,0.91255565284,13.19666,1.123,812605.2117898486,0.5640848335738851,0.5689895275637282
BLG,1910-03-21,0.9478455818,13.18197,1.123,844029.903650935,0.038006205794243186,0.03862555133368972
BLG,1911-03-27,1.09894352256,13.24737,1.123,978578.3816206589,0.09403295683696511,0.08649788794279467
BLG,1912-04-09,0.9921168847199999,13.27464,1.123,883452.2570970614,0.01723052864568131,0.01282758679960816
BLG,1913-04-08,1.03357414368,13.3233,1.123,920368.7833303651,0.03393321900943369,0.04217624858846225
BLG,1914-04-21,1.07589553292,13.86179,1.123,958054.7933392697,0.05046914909096767,0.05384477360291262
BLG,1915-05-04,1.12879389688,14.0673,1.123,1005159.3026536063,0.05882643156199574,0.046862859581627836
NET,1898-10-15,21.70611113736,11.51992,104.66479060888426,207386.944655269,0.032959499762177824,0.03188547593473379
NET,1899-10-28,21.758126476319998,11.26399,106.87044,203593.49579097828,-0.008573475597659974,-0.02412262909574381
NET,1900-10-27,22.53409565784,11.30368,108.25373,208159.99280431258,0.04612844062230992,0.030530336111995737
ARS,1837-01-13,0.08479105232,7.03416,2.6663,31801.01725987323,0,0
ARS,1838-01-19,0.08437051792,6.94419,2.68038,31477.07337019378,-0.00329082329743402,-0.007362003368774017
ARS,1839-01-25,0.08823462804,6.99684,2.69437,32747.77704621117,0.04787115613468518,0.04371271514849129
ARS,1840-01-31,0.07563316072,6.64981,2.7081,27928.49625937004,-0.05375756627146244,-0.05741917625884074
ARS,1841-02-06,0.07887341072,7.48124,2.7262,28931.6303719463,0.03277933573859504,0.027469368277472483
ARS,1842-02-12,0.07798254880000001,7.4961,2.74579,28400.769468896022,-0.008378810070397535,-0.013479149402223278
ARS,1843-02-18,0.07691197384000001,7.59799,2.76442,27822.101504112983,0.10882929413444664,0.1029759661789782
ARS,1844-02-24,0.07664441095999999,7.6127,2.77132,27656.283272952962,-0.013237747661300814,-0.014873228893826695
ARS,1845-03-02,0.09221441112,6.54297,2.78042,33165.64084562764,0.18032560706542933,0.17713147174873867
ARS,1846-03-08,0.0823701268,7.65645,2.79176,29504.730635871278,-0.11872979579654308,-0.12131103399147747
ARS,1847-03-14,0.07911209488,7.61417,2.81041,28149.663173700636,-0.03109313026403826,-0.036089720832603533
ARS,1848-03-20,0.07897416800000001,7.46826,2.82916,27914.35196312687,-0.0031072425329687903,-0.007878405137924038
ARS,1849-03-26,0.08284533088,7.46764,2.84156,29154.8765044553,0.00004861729720784247,-0.00291852853656116
ARS,1850-04-01,0.0833097408,7.52392,2.85364,29194.2013708807,0.0025321226640999672,-0.000459079582835642
ARS,1851-04-07,0.08112818168,8.29693,2.87659,28202.900545437475,-0.020726077318292235,-0.026346414346740343
ARS,1852-04-13,0.10829064635999999,6.76269,2.90176,37318.953448941334,0.33502122315526073,0.3255584215243257
ARS,1853-04-19,0.08948178096,7.53849,2.92432,30599.1755211468,0.004875854528056278,-0.000910829533548041
ARS,1854-04-25,0.08959393144,7.52553,2.9466,30405.868268512862,-0.011005883575915587,-0.0168045665552361
ARS,1855-05-01,0.08189337884,7.47957,2.93224,27928.60708536818,-0.07108536314331981,-0.06636937037743695
ARS,1856-05-07,0.07593969812,8.18749,2.93543,25870.042249346774,-0.0720599823237934,-0.07264204325075141
ARS,1857-05-13,0.07874684584,8.59145,2.96303,26576.459178611083,0.02090294074299548,0.013568202324538037
ARS,1858-05-19,0.10601297356,9.38979,2.9998199999999997,35339.778240027736,0.13732049805979996,0.12668843581915046
ARS,1859-05-25,0.11247495064,8.68861,3.0391399999999997,37008.80862349217,0.011875042591538154,0.002664363446781115
ARS,1860-05-31,0.09807469464,9.41006,3.07526,31891.513120841813,-0.14026830610591223,-0.14795520685234265
ARS,1861-06-06,0.11121888128,10.25896,3.1158700000000006,35694.32655406034,0.11371381828838767,0.10365132296787283
ARS,1862-06-12,0.10717422508,10.22609,3.169,33819.572445566424,-0.03226120860389947,-0.04483892118651034
ARS,1863-06-18,0.1252988594,10.99556,3.22774,38819.378078779584,0.0429920616101831,0.028262796922977618
ARS,1864-06-24,0.1266595486,10.34964,3.29102,38486.41108227844,-0.033269506359363765,-0.04669225211710415
ARS,1865-06-30,0.12688712712,10.1422,3.34958,37881.50368702942,0.001820308467936682,-0.011933410107372477
ARS,1866-07-06,0.12720591988,10.17078,3.4066699999999996,37340.25305650386,0.002793192362581687,-0.010196855369584923
ARS,1867-07-12,0.12547372396,10.14236,3.46886,36171.45804673582,-0.013505823971507791,-0.026226177180697197
ARS,1868-07-18,0.14283404564,10.95683,3.5288400000000006,40476.20340961902,0.13930620822139028,0.12428733307965878
ARS,1869-07-24,0.14507476828,10.94771,3.5867400000000003,40447.52847432487,0.025829837517196363,0.012961574610951043
ARS,1870-07-30,0.15029628224,10.37452,3.65463,41124.896977258984,0.038949155745076514,0.024958145538556575
ARS,1871-08-05,0.15478234148,10.28429,3.71905,41618.784764926524,0.02963844759798362,0.015823719174696826
ARS,1872-08-11,0.15170139452,10.29942,3.78918,40035.415187454804,-0.11544583567524735,-0.12720613824494797
ARS,1873-08-17,0.15580898684,10.29024,3.8561099999999997,40405.742273949654,0.020024099386769967,0.006254932866278873
ARS,1874-08-23,0.21213862332000002,9.49635,3.92081,54105.81571665039,0.3073991987868969,0.2905919764563165
ARS,1875-08-29,0.16808227956,9.492,3.98013,42230.34914939964,-0.21636599782864907,-0.22481819904632228
ARS,1876-09-04,0.15246809032,9.90336,4.04076,37732.528118472765,-0.09150338140298753,-0.10203463822478909
ARS,1877-09-10,0.15090431408000002,9.9007,4.1004,36802.33979123989,-0.008873022272417597,-0.02009058826158483
ARS,1878-09-16,0.15386983508,9.9171,4.16878,36910.03964709099,0.016875831662689356,0.004667143480034941
ARS,1879-09-22,0.1569465716,9.87539,4.23555,37054.59069070133,0.036257651964102244,0.023609401680313225
ARS,1880-09-28,0.16500208452,9.88231,4.30158,38358.48328288675,0.03508397186832246,0.022876468173427256
ARS,1881-10-04,0.14611266488,11.08071,4.37255,33415.89344432882,-0.08966829120542708,-0.10029691514759975
ARS,1882-10-10,0.17676940008,11.19191,4.44401,39777.00322006476,0.09303264476986439,0.07942911838098676
ARS,1883-10-16,0.17790293924,10.32422,4.51987,39360.18939482773,0.02267630409933763,0.010203436128900067
ARS,1884-10-22,0.17865463096,10.24258,4.59204,38905.286312837,0.013767048479776278,0.0014666588660212643
ARS,1885-10-28,0.18287631544,10.18262,4.66314,39217.41904382026,0.01942062030004532,0.007371822513421167
ARS,1886-11-03,0.18328757303999998,10.02575,4.73929,38674.05730394215,0.01895800395980518,0.007129868280790097
ARS,1887-11-09,0.19026268716,9.36505,4.80216,39620.230721175474,0.023804136940295706,0.013281689812040254
ARS,1888-11-15,0.1966667612,9.41548,4.86084,40459.41878358473,0.005715930118010082,-0.003652744903844707
ARS,1889-11-21,0.20501552812,9.36866,4.92322,41642.56891221599,0.03399801848393169,0.024540650822625576
ARS,1890-11-27,0.2048370558,9.26998,4.98002,41131.773727816355,-0.002332981643954124,-0.011252267181842468
ARS,1891-12-03,0.22835843888000001,9.26134,5.03868,45321.08387117261,0.11815429498165186,0.10864214592063215
ARS,1892-12-09,0.25864546708,9.01879,5.0897,50817.42874432678,0.12243815930973079,0.11356143738630875
ARS,1893-12-15,0.2494209822,8.85317,5.13161,48604.82035852296,-0.03091265544915034,-0.037027694279599066
ARS,1894-12-21,0.25176299408,8.78043,5.18077,48595.670929224805,0.006230466420581893,-0.0007277771542224531
ARS,1895-12-27,0.25341387084,8.7214,5.22533,48497.199380708975,0.006231736702056345,-0.00048106356146859763
ARS,1897-01-02,0.25616422208,8.67706,5.26877,48619.35937230132,0.007302275078878928,0.0009213345875309642
ARS,1898-01-08,0.25930891688,8.67085,5.31605,48778.49472446648,0.007126468642222106,0.0007813848665021439
ARS,1899-01-14,0.26548366936,7.61463,5.34063,49710.17826735797,0.04154827119464888,0.03795407576441012
ARS,1900-01-20,0.36554858236,10.1033,5.40438,67639.31891539825,0.1788055641477304,0.16786844490517105
ARS,1901-01-26,0.32112011411999997,9.97928,4.37846,73340.88106777269,-0.1507765456845006,0.051432834064888855
ARS,1902-02-01,0.38455982344,10.21581,5.544920000000001,69353.53863356008,0.08534316340177073,0.03745936575716069
ARS,1903-02-07,0.38467794975999997,9.96172,5.62775,68353.77366798454,-0.0014776197609219777,-0.012287440070183786
ARS,1904-02-13,0.38330677996,9.81471,5.684500000000001,67430.16623449732,-0.006016232850806547,-0.013554528284015155
ARS,1905-02-19,0.40245541752,10.04564,5.744860000000001,70054.86948681081,-0.0053236792077004935,-0.013294201465383071
ARS,1906-02-25,0.39554078408,9.9255,5.76757,68580.1445114667,-0.047997325147565384,-0.049458762909916354
ARS,1907-03-03,0.40711552232,9.9295,5.82791,69856.17868498313,-0.025346763698536612,-0.03329725753180879
ARS,1908-03-09,0.42912959752,9.75878,5.882939999999999,72944.75169218113,0.021312006214041723,0.013994703258299657
ARS,1909-03-15,0.4407937846,9.84873,5.95487,74022.40260492673,0.016193671587235947,0.007106669413058819
ARS,1910-03-21,0.43707983592,9.41194,6.01128,72709.94462410668,-0.007659118185892377,-0.014673843661376473
ARS,1911-03-27,0.43944753996,9.33657,6.06635,72440.18890436589,0.0041487159853283995,-0.002793421298895926
ARS,1912-04-02,0.4416571458,9.26516,6.120680000000001,72158.18271826005,0.004017803711017898,-0.002603268233829059
ARS,1913-04-08,0.44382244712,9.19615,6.1705,71926.49657564217,0.003720249602074732,-0.0025047720719777455
ARS,1914-04-14,0.4613654292,9.16187,6.1854,74589.42496847415,0.02795618129753441,0.026002253093295957
ARS,1915-04-20,0.4696230084,9.17306,6.22291,75466.78457506215,0.011806434442398483,0.0073140845908272745
ARS,1916-04-26,0.43744824864,9.08194,6.264490000000001,69829.82631307576,-0.06902118834071225,-0.07346512785384085
ARS,1917-05-02,0.44742169783999997,9.25368,6.30863,70922.16500888465,0.015321448077047162,0.010427563088134306
ARS,1918-05-08,0.43862393432,8.73059,6.34543,69124.38311036446,-0.012994864368923609,-0.01735685933526876
ARS,1919-05-14,0.4400016738,8.67322,6.37958,68970.31995836717,0.002361361835817144,-0.0017555744503057191
ARS,1920-05-20,0.4659282524,9.21862,6.41965,72578.45091243292,0.03500334941781347,0.030529488440538266
SAF,1848-11-27,0.49263481436,10.3676,7.82049,62992.83220872349,0.015564716298411163,0.015947168103911835
SAF,1849-12-10,0.4851812316,10.36765,7.763833611087185,62492.48192376692,-0.00484763485086992,-0.004028730153282645
SAF,1850-12-09,0.5346916161599999,10.32029,7.820490000000001,68370.60288549693,0.06396563899823371,0.06421279198704855
SAF,1851-12-22,0.54576416128,10.24448,7.669147660589608,71163.60062860511,0.02817840764690227,0.025689186364612704
SAF,1853-01-04,0.53276204956,10.34761,8.58109,62085.59163929058,-0.027174883514366033,-0.10957035938747872
SAF,1853-12-27,0.5479198322,10.48363,8.58109,63852.00856767613,0.02977661386125474,0.03076163870286286
SAF,1855-01-02,0.5714643402,10.67068,8.58109,66595.77515210772,0.039355506098747606,0.03901654421481604
SAF,1856-01-15,0.60749846456,10.55035,8.638526985603653,70324.31172263664,0.06849552775476297,0.06730981639529543
SAF,1857-01-14,0.60578033828,10.59279,8.58109,70594.80069315204,-0.0007896694561919659,-0.0011657597253593721
SAF,1858-01-27,0.61939603856,10.50984,8.58109,72181.51057266619,0.004001319004568904,0.005523374399625913
SAF,1859-02-09,0.6181749444,10.6395,8.58109,72039.20998381326,-0.02665817674066484,-0.025351004827292023
SAF,1860-02-01,0.6641947067599999,11.24992,8.58109,77402.13734618796,0.04485357601860307,0.045082915698214876
SAF,1861-02-07,0.6636828099200001,11.26409,11.12193,59673.348952924534,0.016877216816405305,-0.14771323590371255
SAF,1862-02-20,0.66156354836,11.22655,11.12193,59482.800949115845,0.008811934539886934,0.009082431189982865
SAF,1863-02-19,0.6378017968399999,10.28662,10.98103905035978,58082.09896303968,-0.030593731237339772,-0.030921241324358806
SAF,1864-03-04,0.6018626614,10.29431,12.22028,49251.13511310706,-0.004548716689935506,-0.0836054784339001
SAF,1865-03-17,0.6119658064,10.24092,12.328089316394998,49639.955608218464,0.0008828754075667078,0.0018825816517609173
SAF,1866-03-09,0.69847422164,9.65184,12.22028,57156.97362417227,0.11395966384044187,0.11458244578823096
SAF,1867-03-15,0.72591290668,8.60585,12.659962433805912,57339.262298408874,0.02031684809592882,0.01608314608939554
SAF,1868-03-28,0.92325333516,10.02975,12.22028,75550.91496757849,0.1857830244667138,0.18480262295962824
OMA,1837-01-13,0.5789745093600001,9.34383,15.789709999999998,36667.83679750927,-0.03464414764265855,-0.048232222757845
OMA,1838-01-19,0.5941846559999999,9.32133,16.09738,36911.88603362783,-0.008214815393829178,-0.02277417135953541
OMA,1839-01-25,0.66322392864,9.74723,16.43821,40346.48107306087,0.07497692615081908,0.0579559072370166
OMA,1840-01-31,0.6216190708,9.76216,16.75502,37100.46725100895,-0.031860343172831485,-0.045357407722275034
OMA,1841-02-06,0.67939130532,9.73209,17.04419,39860.580369028976,0.05276296809023928,0.039263091235352876
OMA,1842-02-12,0.7822893312,9.80617,17.35321,45080.381739171025,0.08570149614016143,0.07190630439177736
OMA,1843-02-18,0.80174127332,9.83255,17.67794,45352.64138921164,0.022521173483579515,0.008817374337233952
OMA,1844-02-24,0.85581976948,9.84293,18.03449,47454.614434896685,0.04954558374599305,0.03382341461970517
OMA,1845-03-02,0.89930494784,9.85804,18.40423,48864.035487493915,0.028402224632807282,0.01324212439169914
OMA,1846-03-08,0.80253056364,10.12517,18.75786,42783.69513579907,-0.08001086998544216,-0.09360187374817719
OMA,1847-03-14,0.88961840136,10.07209,19.17658,46390.878945046505,0.07092057488411219,0.053430099568345435
OMA,1848-03-20,0.84195463404,9.99065,19.61771,42918.089524210525,-0.08107973222851839,-0.09642513733475244
OMA,1849-03-26,0.95925072308,10.18931,19.98311,48003.0747506269,0.1254956249206829,0.10983544897963249
OMA,1850-04-01,1.04124982624,10.02758,20.35396,51157.11273088873,0.07458795566004794,0.05977342700377242
OMA,1851-04-07,1.07821174604,9.86161,20.72573,52022.859799871956,0.0698146150736676,0.05602976491156353
OMA,1852-04-13,1.24619866696,9.76723,21.11445,59021.12851435865,0.1072550366564029,0.09175565890898651
OMA,1853-04-19,1.32638743588,9.74264,21.48311,61740.941413044944,0.07905533557221411,0.06547662500360651
OMA,1854-04-25,1.34395413152,9.63389,21.86961,61453.045185533716,0.026297145664845756,0.012590535474059417
OMA,1855-05-01,1.3891043894,9.27662,22.19892,62575.31399725752,0.014777918048405336,0.0032511069555261063
OMA,1856-05-07,1.40303347496,9.45517,22.55292,62210.723709391066,0.04675502229197215,0.03493307917771871
OMA,1857-05-13,1.52996680876,9.39359,22.852089999999997,66950.84820513135,0.060862564494653215,0.05000252321541021
OMA,1858-05-19,1.489133763,9.14374,23.14669,64334.63112868406,-0.0211433358817239,-0.031071151703022104
OMA,1859-05-25,1.6513101456800001,9.18364,23.46381,70376.89725922603,0.10599084310897822,0.09478087826274617
OMA,1860-05-31,1.5969573885200001,9.13121,23.73856,67272.71530033836,-0.03025391683617662,-0.03911313279789319
OMA,1861-06-06,1.6300499446399999,9.12691,24.10972,67609.65886953477,-0.02703438899394628,-0.038553019491323615
OMA,1862-06-12,1.9241276626,9.04442,24.4517,78690.95656334734,0.1753823832955037,0.16314315690311076
OMA,1863-06-18,1.82782078856,9.02084,24.783770000000004,73750.71623727947,-0.02272465913402444,-0.03256907345157711
OMA,1864-06-24,1.23595342468,7.60498,8.79227,140572.73317129706,-0.20838714441174522,0.23431446905471365
OMA,1865-06-30,1.42341746716,7.63483,8.61557,165214.5438038342,-0.05040894900362969,-0.03634988099861636
OMA,1866-07-06,0.59694309116,8.10494,8.56958,69658.3836267355,-0.5594568489085563,-0.5571841279407297
OMA,1867-07-12,0.7672988991199999,8.54017,8.66993,88501.16426776224,0.4207585974610717,0.4083511527741488
OMA,1868-07-18,0.76527970896,8.65258,8.75246,87435.95617232184,-0.020052365057646404,-0.027314855013740424
OMA,1869-07-24,0.52179911108,8.08993,8.84453,58996.8162333103,-0.14940914043628217,-0.15593378522167944
OMA,1870-07-30,0.59718800284,8.163,8.91526,66984.92279978374,0.10152981520724058,0.09607691000826568
OMA,1871-08-05,0.5930481684400001,8.4719,8.987940000000002,65982.65769909456,0.021906224676832453,0.016124703983795285
OMA,1872-08-11,0.66805275316,8.54986,9.0706,73650.33770202631,0.08394156257112595,0.07633448656639796
OMA,1873-08-17,0.8235370936,8.57945,9.17128,89795.21872628467,0.01046734636491653,0.0020319252753504546
OMA,1874-08-23,0.70180297096,8.38821,9.23861,75964.12998925163,-0.12075340550878688,-0.12575629160696433
OMA,1875-08-29,0.84785472824,8.38336,9.32071,90964.60765757115,0.14324016661760997,0.13598556969008313
OMA,1876-09-04,0.62787024612,8.44745,9.42318,66630.39930469332,0.05419645302114806,0.045686002883777554
OMA,1877-09-10,0.65034060312,8.46444,9.5188,68321.70054208513,-0.04972538865505072,-0.0574481208423786
OMA,1878-09-16,0.86362412344,8.64701,9.58393,90111.68940507704,0.1290951820613384,0.12278787702439864
OMA,1879-09-22,0.7549739418,8.30803,9.6246,78442.11102799079,-0.0914621315611549,-0.09443841609689518
OMA,1880-09-28,0.6849263902,7.30363,9.64995,70977.19575749098,-0.05240543494765726,-0.054253489041795055
OMA,1881-10-04,1.09752637904,7.63794,9.65056,113726.70384309304,0.5628302502411098,0.5607113368471588
OMA,1882-10-10,0.89492123344,7.13345,9.39158,95289.74181554116,-0.15369886610578332,-0.13575243366105472
OMA,1883-10-16,0.42221010208,6.47905,5.411079999999999,78026.95618619573,-0.47236250949499714,-0.09422947469080944
OMA,1884-10-22,0.1881399312,5.24481,5.05665,37206.4373053306,-0.4832669179186303,-0.4558277497786597
OMA,1885-10-28,0.19152939416,5.54363,4.72527,40533.00534360999,0.007993304687104574,0.060675731147636025
OMA,1886-11-03,0.17381581776000002,5.41481,4.53694,38311.244530454445,-0.09674867043297142,-0.0680790793951328
OMA,1887-11-09,0.18951171356000002,5.20554,4.28545,44222.12686182315,0.15185575191535405,0.201587093206393
OMA,1888-11-15,0.22787275159999998,5.73375,4.17963,54519.83826319554,0.2568630299898915,0.27980400895655144
OMA,1889-11-21,0.21183296940000002,6.4951,4.1942,50506.16789852653,-0.05522216334752306,-0.05789123951717323
OMA,1890-11-27,0.32911642868,8.98066,7.159889999999999,45966.68785134968,0.5554533787256442,-0.08697052903138969
OMA,1891-12-03,0.38197850079999995,9.01354,7.19584,53083.239871926,0.038865146117229354,0.037653494477874805
OMA,1892-12-09,0.33453637412,8.92974,7.33699,45595.86071672443,-0.04940548740920181,-0.06503228229312041
OMA,1893-12-15,0.45910674888,8.46714,7.37328,62266.284323937245,0.3492689245846736,0.34684909806874686
OMA,1894-12-21,0.53947599628,8.66204,7.492719999999999,72000.02085757909,0.096373564424719,0.08513825546802756
OMA,1895-12-27,0.50638638128,9.0061,7.61129,66530.95352824553,-0.044239130514455716,-0.05603171426961373
OMA,1897-01-02,0.48928622548,9.26805,7.73387,63265.38013698188,0.008118512620151952,-0.0052851738899080125
OMA,1898-01-08,0.49263494748,9.11539,7.84546,62792.35984633151,0.0005968560046458737,-0.010083181230903127
OMA,1899-01-14,0.5983291782,9.39777,7.87772,75952.07473736056,0.22100053361600724,0.21105363589153892
OMA,1900-01-20,0.56642484132,9.39544,7.73595,73219.81674131814,-0.03943144844043134,-0.02148196144491843
OMA,1901-01-26,0.54516158112,9.38414,7.8521600000000005,69428.23135544869,-0.04126248111400799,-0.05230944552403283
OMA,1902-02-01,0.5731955387600001,8.59472,7.9647499999999996,71966.54493361374,0.08031814706703977,0.0685085855992833
OMA,1903-02-07,0.57796248744,8.60473,8.04094,71877.47793665914,0.001136578178954073,-0.005662151248931435
OMA,1904-02-13,0.66242859592,8.83209,8.10448,81736.10101079896,0.10252995127695064,0.09602971892075152
OMA,1905-02-19,0.68470670008,9.03378,8.17462,83760.06469780857,0.01046079219901963,0.0038369166510112684
OMA,1906-02-25,0.61908524548,9.26145,8.2528,75015.17611962001,-0.05512022902139846,-0.061751943497109885
OMA,1907-03-03,0.34166212964,9.24502,5.57949,61235.36911796598,-0.44869127113649365,-0.18299774241814803
OMA,1908-03-09,0.33793027892,8.95585,5.59836,60362.37021556313,-0.003402272404774087,-0.006261910438298934
OMA,1909-03-15,0.35779069300000005,8.94886,5.60962,63781.627454266076,-0.015581473800741485,-0.01682593541088706
OMA,1910-03-21,0.2971665476,7.65321,5.54136,53627.00629448366,-0.131429732505134,-0.1273085410718181
OMA,1911-03-27,0.22264365864000002,7.6399,5.17493,43023.51116633462,-0.13620717592699105,-0.08609944225193289
OMA,1912-04-02,0.24157913052000002,7.89457,5.12811,47108.804319720126,-0.0005062070223783577,0.005978619677271313
OMA,1913-04-08,0.26141353056,8.06765,5.13826,50875.88610930549,0.06300272992068323,0.06125369075554188
OMA,1914-04-14,0.24669749364,8.19562,5.15791,47828.96437510542,-0.05351772254293585,-0.05618084084273611
OMA,1915-04-20,0.2631943262,8.17626,5.16219,50985.01337610588,0.01481337756293355,0.013292947496049479
OMA,1916-04-26,0.6853465871200001,9.99529,8.12926,84306.14682271203,1.432401501188647,0.5448137440745457
OMA,1917-05-02,0.48327177496,9.4935,8.20499,58899.739665739995,-0.18081280459296933,-0.18638898931905856
OMA,1918-05-08,0.467171913,7.23823,13.01802,35886.55671138929,-0.08687730322438314,-0.13744183932923149
OMA,1919-05-14,0.2521895454,5.61707,9.39044,26855.988153909722,-0.46112140389050715,-0.2639012081280384
OMA,1920-05-20,0.27316592992000005,5.86375,8.73108,31286.614017967997,-0.03481797563639266,0.02074220609305444
AST,1876-03-06,5.83674010192,14.45945,23.10323,252637.40619471823,-0.008055730675024741,-0.012074259168247226
AST,1877-03-19,4.3131476128,14.20951,23.347708520681127,184735.37173806434,-0.12645283190661383,-0.145118854371577
AST,1878-03-18,5.04458815276,14.05244,25.27742,199568.94939277822,0.14225502435347703,0.07960896912558613
AST,1879-03-31,6.50308524008,14.39947,25.40681,255958.3529014465,0.18333140022220107,0.175496106179305
AST,1880-04-13,7.2051791094399995,14.56257,25.40681,283592.434840895,0.079546138000407,0.0775075435037147
AST,1881-04-05,7.513033049080001,14.83,25.726040000000005,292040.0127295145,0.028254001203127377,0.014835157922712172
AST,1882-04-11,7.7523603092,14.83059,25.72604,301342.93148887274,0.01606850806670157,0.01489011676748797
AST,1883-04-24,7.9822340473199995,15.02056,27.618119999999998,289021.62954321294,0.010680321761772804,-0.019061181837084384
AST,1884-04-23,8.08850650816,14.94232,28.214500934376282,286679.0565239111,0.016644410674057974,-0.004799097264986285
AST,1885-05-06,8.290183088720001,14.50619,29.34689,282489.32301582897,0.029081192481313023,0.0017671344618555018
AST,1886-05-19,9.280045556080001,14.57845,29.82267,311174.2025807884,0.09360200759055526,0.07529765736952987
AST,1887-05-11,10.00900745936,14.93333,30.59345,327161.77676463424,0.05457187694414323,0.031125330414987218
AST,1888-05-17,10.04629054208,14.77191,30.724033557217446,326984.75359268073,0.0011656364639585082,0.0008711401855099332
AST,1889-05-30,11.24744834512,15.14182,33.29652,337796.512822361,0.12017548297179204,0.033709239778824784
AST,1890-05-29,11.604639234239999,15.28702,34.85625507478493,332928.4574416261,0.012322440328630613,0.011802624584978272
AST,1891-06-11,12.65911390952,15.69779,35.24586,359165.9817499133,0.0844145525411808,0.04041264549091039
AST,1892-06-24,14.21882971392,15.89477,38.133869910057584,372866.16195671936,0.07453130345108505,0.0340120680789302
AST,1893-06-16,14.65128784028,16.54544,38.64471,379127.90237732406,0.03549912873946015,0.009605532092402669
AST,1894-06-22,16.08550514584,17.03956,39.81376172057063,404018.7224391078,0.06510038885378377,0.03871357384871654
AST,1895-07-05,16.81904119272,17.09679,40.65442,413707.5671653906,0.04839219196497524,0.0309564557917148
AST,1896-07-04,17.387714762079998,17.31416,41.62794,417693.375220585,0.011719262584356072,-0.011715032306678141
AST,1897-07-17,17.69100438872,17.44395,42.76961,413634.9241604026,-0.0014581571751878242,-0.02731821622169972
AST,1898-07-30,18.75812548064,17.7111,43.99577,426362.02254534926,0.06225644838828037,0.04397201594860256
AST,1899-07-22,19.177045030000002,17.62669,44.51044,430843.753285746,0.03738904552793931,0.028200798148260375
AST,1900-07-28,20.17269137156,17.73506,45.19995,446298.9753652382,0.020486819221012142,0.014920948087886021
AST,1901-08-10,20.90403922516,18.14318,45.88903,455534.56294805097,0.018187030186466835,0.0036103828591291798
AST,1902-08-09,21.98952369848,18.22465,46.97301,468131.0330864468,0.06092961087879556,0.03413183094707861
AST,1903-08-22,22.76911100048,18.47666,47.38928,480469.6547506103,0.03179080721459582,0.029463165218738263
AST,1904-09-04,23.319028940480003,18.76313,48.23439,483452.3446959732,-0.008940533236610038,-0.02007719312228895
AST,1905-08-27,23.38941427784,18.54711,49.22535,475149.78111562436,0.011776698283818332,-0.006875196132126948
AST,1906-09-02,25.00356748448,18.28627,49.78726,502208.1449045398,0.054623003480743115,0.042458968027350386
AST,1907-09-15,25.7496612724,18.53223,50.63648,508519.9696424396,0.019166087703553547,0.007345688108214565
AST,1908-09-14,26.90845428128,18.4962,51.25282,525014.1217845184,0.021332572419383133,0.012291767021685773
AST,1909-09-27,27.365639731559998,18.25804,52.97118129333465,516613.7334189187,0.04927512506670806,0.023548599284756166
AST,1910-10-10,26.24062755236,17.72782,54.77227,479085.99647887517,-0.027959528355663177,-0.06324242596333951
AST,1911-10-02,27.965057923920003,18.04292,57.02776,490376.2294699985,0.04656606862591328,0.020038391679106038
AST,1912-10-08,29.88440340288,17.85604,59.09583,505693.94495144585,0.057044414095466456,0.026005675445132326
SPA,1837-01-13,6.42832993348,8.83858,120.445208403863,53371.40446405526,0,0
SPA,1838-01-26,6.9851268474,8.86514,119.05901,58669.4517903349,0.059400559208133696,0.06009733942184048
SPA,1839-01-25,7.3624474606799994,8.8673,119.05901,61838.641701119464,0.035252892514118006,0.03363870232625121
MBS,1837-01-20,0.016955028480000002,7.72785,0.2773763315669794,61126.44285190493,0,0
MBS,1838-01-19,0.01608519432,7.84372,0.30001,53615.52721575947,-0.022685165351794767,-0.01298389115931653
MBS,1839-02-01,0.01344225896,7.80418,0.30001,44806.03633212226,-0.20376983280189465,-0.19299291728711987
MBS,1840-02-14,0.012885470520000001,8.40875,0.30001,42950.13672877571,-0.04773924418886555,-0.048438695614870686
MBS,1841-02-06,0.01524911752,8.98148,0.30001,50828.697443418554,0.12532293195112465,0.1266262197033805
MBS,1842-02-12,0.01270135932,5.88894,0.30001,42336.453184893835,-0.177807941099706,-0.17679610368689203
MBS,1843-02-25,0.01060459816,6.03918,0.30001,35347.48228392387,-0.17192180707535631,-0.1723978270625236
MBS,1844-02-24,0.01149301556,6.39731,0.30083680616294683,38203.48881703943,0.06779299098848801,0.06689194313643854
MBS,1845-03-09,0.01010965072,4.81016,0.30001,33697.71247625079,-0.1050294699509775,-0.10987713600549498
MBS,1846-03-22,0.007211580479999999,4.85832,0.30001,24037.800339988666,-0.1963017654743089,-0.2186954286851629
MBS,1847-03-14,0.006821686039999999,4.7717,0.30001,22738.195526815773,0.01227319163802143,0.013775736525330817
MBS,1848-03-20,0.0069533448399999994,4.71553,0.3022271234978403,23007.017899403352,-0.04560677191020279,-0.04797489877620997
MBS,1849-04-02,0.00739639264,4.85125,0.30001,24653.82033932202,0.0692666206410526,0.07439335159372717
MBS,1850-04-01,0.0074601826,4.8615,0.30001,24866.44645178494,0.021122638817796524,0.017674244830926167
MBS,1851-04-14,0.007841302560000001,4.69945,0.30001,26136.803973200895,0.07165030552434004,0.07201789258114721
MBS,1852-04-27,0.0074520784,4.83585,0.29539814771338857,25227.234692176928,0.00556391489942798,0.0153662588079444
MBS,1853-04-19,0.009070145239999999,4.99381,0.30001,30232.809706343123,0.1963892577919344,0.19267305301498094
MBS,1854-04-25,0.009570378479999999,5.00988,0.30001,31900.198260057998,0.02979704225368862,0.03047635618324973
MBS,1855-05-08,0.00973462256,6.34204,0.30001,32447.660277990733,0.023637844974774946,0.021788250999445147
MBS,1856-05-07,0.00906942816,6.35591,0.30001,30230.419519349354,-0.06798828137694246,-0.06337302868316552
MBS,1857-05-20,0.00964595892,6.3611,0.30001,32152.124662511247,0.05217709464945797,0.05395376280336772
MBS,1858-06-02,0.01047399288,6.26346,0.30001,34912.14586180461,0.04256299394328944,0.04061859791008793
MBS,1859-05-25,0.010377400799999999,6.47157,0.30001000000000005,34590.1829939002,-0.012442787077551976,-0.014935868309447264
MBS,1860-05-31,0.009880531960000001,6.55468,0.30001,32934.00873304223,-0.047946273308050236,-0.04737863138570009
MBS,1861-06-13,0.00963549392,6.50298,0.30001,32117.24249191694,0.0075156279090893285,0.009469323734465851
MBS,1862-06-12,0.00840787688,4.83514,0.30001,28025.32208926369,-0.054995884764393876,-0.06935717103728867
MBS,1863-06-25,0.008156135,4.79805,0.3087608259574033,26415.70534315523,-0.018700212224909918,-0.01618265229714777
MBS,1864-07-08,0.011439049440000001,4.68138,0.30001,38128.89383687211,0.3514645264653471,0.3815436362767659
MBS,1865-06-30,0.007272936319999999,4.5176,0.30001,24242.312989567014,-0.005881120719215205,0.004300541384856027
MBS,1866-07-06,0.01031716816,3.65815,0.30001,34389.414219526014,0.1490299462759923,0.12025991503734423
MBS,1867-07-19,0.00749741824,2.98324,0.23097340556967227,32460.09306356455,-0.12220862612081074,-0.09805760066437486
MBS,1868-07-18,0.008093703800000001,3.45742,0.30001,26978.113396220127,0.06860101150284059,0.11023143512156719
MBS,1869-07-31,0.010812350640000001,2.25995,0.30001,36039.96746775108,-0.09154633651326549,-0.07802303179364667
MBS,1870-08-13,0.0074438878800000005,2.09487,0.30001,24812.132528915703,-0.04277566199477556,-0.02876951140393058
MBS,1871-08-05,0.0069317039999999995,2.12289,0.30001,23104.90983633879,0.007158183149157615,-0.003557958884248147
MBS,1872-08-11,0.00710601112,2.77803,0.30001,23685.914202859905,0.39869594810515685,0.42346949130083855
MBS,1873-08-24,0.01014882596,3.10222,0.30001,33828.29225692477,-0.0006240470589593539,-0.006201090310908652
MBS,1874-08-23,0.00708755216,2.95857,0.21333366752876082,33222.848705043165,-0.046190602231535705,-0.051515338635866326
MBS,1875-09-05,0.0099457436,4.19793,0.30001,33151.373620879305,0.03402655843553348,0.019474762821391156
MBS,1876-09-18,0.007312251959999999,2.28623,0.30001,24373.36075464151,-0.025416278141281223,0.013727545230907134
MBS,1877-09-10,0.00984431552,3.08742,0.30001,32813.291290290326,-0.03989898396375058,-0.04408904134963654
MBS,1878-09-16,0.00504375404,3.07295,0.2252581351195005,22390.99616679444,-0.24629652049031203,-0.2345883839543944
MBS,1879-09-29,0.0057462054,3.19362,0.30001,19153.379554014864,-0.002084957081397776,-0.02230742930702667
MBS,1880-09-28,0.00574541968,4.81415,0.2987764559073004,19229.82740575314,0.005816089021610571,0.008710532631713619
MBS,1881-10-11,0.0040488843200000004,4.88206,0.30001,13495.83120562648,-0.32373769785490447,-0.32358998479112944
MBS,1882-10-24,0.00555463844,2.32601,0.29235365467119095,18999.722942568584,-0.016579913121103074,-0.05188709672052849
MBS,1883-10-16,0.00465929412,2.21704,0.30001,15530.462717909402,-0.22920422071440405,-0.23133249735831996
MBS,1884-10-22,0.00792055576,1.99029,0.5022211503742119,15771.05176494117,0.06642258726528483,0.020598557798104045
MBS,1885-11-04,0.00742980732,2.06269,0.30001,24765.19889337022,-0.02433899286567076,-0.02360701213754124
MBS,1886-11-03,0.00773462872,2.38455,0.30001,25781.23635878804,0.02322199066797026,0.022544841633770796
MBS,1887-11-16,0.007560748,4.58201,0.30001,25201.653278224057,-0.008240002772185395,-0.010934546580752214
MBS,1888-11-29,0.00746865704,5.31087,0.29600941765549793,25231.14669511016,0.014335697404854963,0.010292411816469116
MBS,1889-11-21,0.046458364159999994,5.84539,0.30001,154856.05199826672,3.1364908763782378,3.186713423197615
MBS,1890-11-27,0.056978357279999996,6.89958,0.30001,189921.52688243723,0.1390855503000885,0.13896025488420438
MBS,1891-12-10,0.05182345168,4.39445,0.30001,172739.08096396786,0.043601682948589904,0.02913117370670837
MBS,1892-12-09,0.053459738279999995,8.36349,0.30001,178193.18782707243,-0.14438759725528982,-0.12044642758956603
MBS,1893-12-22,0.04965718004,5.69614,0.30001,165518.4161861271,0.030255546648313203,0.1785741186129126
D01,1865-08-18,0.77584024856,10.23675,21.228473056820864,36547.152801963624,0.12455362278000126,0.1313840358630889
D01,1866-08-31,0.8175895364,10.25996,21.20156,38562.706536688805,0.012975999647546477,0.014157419958840123
D01,1867-08-30,1.28491634804,9.69941,21.20156,60604.802101354806,0.5444892533141645,0.5742610008328772
D01,1868-09-12,1.5664869464400002,9.37972,21.20156,73885.45684562835,0.15726767994877178,0.14903760517329312
D01,1869-09-25,1.9365620014,9.89889,22.638422052471796,85543.15300383556,0.12573872564127697,0.13242186796820965
D01,1870-09-17,2.42040123104,10.32902,21.20156,114161.4688277655,0.12289650037799471,0.12273912565050793
D01,1871-09-23,3.27348971508,9.79202,21.201559999999997,154398.53081943028,0.16957478060353082,0.16319568033879261
D01,1872-10-06,3.81293999684,10.2193,21.20156,179842.4265403112,0.21718164872418866,0.22439468325873335
D01,1873-10-05,4.9867523082,10.10043,34.68932,143754.68611664916,0.24173572573736313,-0.24195073353355123
D01,1874-10-18,6.012877470599999,9.72757,34.68932,173335.1207403316,0.13902957411999228,0.13237707383889408
D01,1875-10-31,10.03198631292,9.47345,37.25736,269261.8669954071,0.5094295343069595,0.40556548615757815
D01,1876-10-23,11.3545733366,9.46783,38.09391,298067.9414793598,0.0897425007612691,0.07317686234244736
D01,1877-10-29,12.61340918344,9.68542,38.09391,331113.5345108969,0.09725493310834032,0.09768564774244792
D01,1878-11-11,13.254201698920001,10.2481,44.841530000000006,295578.7123882704,0.03387285936207607,-0.11820040531453158
D01,1879-11-10,15.47109966948,10.22542,44.84153,345017.2121575691,0.10022713071991207,0.09104053263288825
D01,1880-11-23,15.02173918752,10.27317,47.01519944133975,319508.14557880216,-0.04024264337093253,-0.08515780707823506
D01,1881-12-06,15.18235520828,10.11389,48.15154,315303.6270133832,0.0066238546927073205,0.007293228068257829
D01,1882-11-28,12.7024562496,10.42598,48.15154,263801.6613715782,-0.030598577286974238,-0.024836675159050303
D01,1883-12-04,13.2457204412,8.86171,48.15154,275084.04593497945,0.014736278478510778,0.0138508799517989
D01,1884-12-17,12.79823667356,8.64637,50.29249765494842,254476.0604527412,-0.010377781131419628,-0.016480377999606777
D01,1885-12-16,13.82633946408,8.97467,50.43146,274160.999187412,0.03592860132471354,0.03441018994487899
D01,1886-12-29,13.41926838408,8.46788,52.75497199834851,254369.73759554056,-0.06939784503495716,-0.0711101482275549
D01,1888-01-11,13.54382727932,8.24923,50.43146,268559.0954400289,0.01730554048646904,0.01593617818246451
D01,1889-01-03,13.279643350999999,8.33826,50.43146,263320.6207196857,0.0037359066948217112,0.005221384536745699
D01,1890-01-09,13.4920409442,8.42415,50.43146000000001,267532.22976689547,0.026254573374036694,0.026174218118679704
D01,1891-01-22,13.39727284168,8.30113,50.721536818960104,264133.81143199105,-0.007555884731887286,-0.0061266478678912994
D01,1892-01-21,13.799857149520001,8.38222,54.0854,255149.39613130345,0.020287727503103037,-0.04805591123246622
D01,1893-02-03,14.10527753804,8.61766,54.29777,259776.36904867363,0.05534988162181942,0.05003144720987929
D01,1894-02-16,13.8420874592,8.85004,54.29777,254929.20720685215,-0.02149142069192389,-0.024681162640497356
D01,1895-02-08,14.9693417302,8.83313,54.66682,273828.65383792215,0.05150178283219642,0.04018262771136816
D01,1896-02-14,15.791822064200002,8.5815,54.64765,288975.31850317447,0.05041197180971113,0.04882406624508495
D01,1897-02-27,15.7563115866,8.5457,54.5991,288581.89213009004,0.0032838099300107615,0.0035399893589342923
D01,1898-02-26,15.550381396679999,8.59681,54.14778054338335,287184.09583234886,0.0113524083269394,0.011357089792100483
D01,1899-03-11,16.48857294864,8.76627,57.02221,289160.53847509593,0.03751816701293009,-0.003730711589928326
D01,1900-03-24,15.7720044612,8.86562,55.947817976808274,281905.6226238864,-0.01444241286972503,-0.015323792002218561
D01,1901-03-16,15.50721181672,8.76679,56.95868,272253.7077179457,-0.010605744319745147,-0.011205874592858156
D01,1902-03-22,14.21911283416,9.76923,56.923681554196655,249792.57219373764,-0.03066758529383884,-0.04076942763645386
D01,1903-04-04,15.240804424559999,10.29955,56.95868,267576.5032574491,0.06512052960136061,0.06437516826550382
D01,1904-04-03,16.43772168532,10.5038,56.95868,288590.2848401683,0.0470799768207939,0.048862649209634235
D01,1905-04-16,16.53612698972,10.5966,56.95868,290317.9460921496,0.0072747131500217055,0.015766410056356372
D01,1906-04-29,18.73862990324,10.84528,56.9704000909733,328918.69941789383,0.045035372571319066,0.043433550366354545
D01,1907-04-21,15.96873792956,10.461,56.95868,280356.5309020504,-0.0932494655109476,-0.09708783688395906
D01,1908-04-27,16.90918202844,10.95764,56.95868,296867.5191988297,0.03185065199941062,0.03180516671233069
D01,1909-05-10,25.62604003804,10.39527,56.95868,449905.7920239725,0.22930678590617282,0.24796712820325295
D01,1910-05-09,28.36569752016,10.32386,56.95868,498004.8259573431,0.057197721496274445,0.06374390251218487
D01,1911-05-22,32.70655693396,10.66462,56.958679999999994,574215.5003233923,0.08063293523062187,0.07804882039490968
D01,1912-06-04,32.128151148600004,11.65698,56.95868,564060.6690428922,-0.0602009322305429,-0.058156263378720374
D01,1913-05-27,43.914473847400004,10.44438,56.958679999999994,770988.2646051489,0.3537202136273878,0.35443123617211025
D01,1914-06-02,45.89175815276,10.34492,56.95868,805702.6278130041,0.041944632275885185,0.04237476094437698
D01,1915-06-15,49.21574418852,10.29892,56.95868,864060.4766212981,0.05954150987400064,0.05903007209976874
HON,1839-02-08,0.11737643008000001,10.20852,4.05287,28961.31138674569,0,0
HON,1840-02-14,0.08359330304,11.33888,4.13335,20224.104670545683,-0.17607897084922774,-0.18891293866184578
HON,1841-02-20,0.08457558096000001,11.35237,4.22452,20020.16346472499,0.001934503220151429,-0.013649377042399102
HON,1842-02-26,0.08217794104000001,11.31134,4.31003,19066.674951218436,-0.02232710202648569,-0.037444673439218756
HON,1843-03-04,0.08130132712,11.29791,4.39678,18491.106473373697,0.0003628306137697379,-0.014936555414176267
HON,1844-03-10,0.08136053484,11.29249,4.49194,18112.560461626825,0.00046979483267928224,-0.014889469920771448
HON,1845-03-16,0.12191827544,11.26872,4.58128,26612.273303530892,0.1673967474652429,0.14921230233166694
HON,1846-03-22,0.10605578828,11.26865,4.66992,22710.40794703121,0.01661631529948049,0.001468858167098297
HON,1847-03-28,0.10581791532,12.08871,4.76644,22200.618348285094,-0.0007536147548490302,-0.015257015149896525
HON,1848-04-03,0.10903496916,12.1224,4.84988,22481.993195707935,0.024208664710963612,0.010399707553313542
HON,1849-04-09,0.11743461444,11.32088,4.93078,23816.64045850758,0.09438362784543664,0.08036317584399799
HON,1850-04-15,0.12744227184,10.5333,5.02116,25381.041799106184,0.007345302388636954,-0.005529780468383816
HON,1851-04-21,0.1263716402,11.38731,5.11245,24718.41097712447,0.0053465426196717125,-0.008585020427132606
HON,1852-04-27,0.12656094932,11.3871,5.21262,24279.719089440627,-0.0020152733921575683,-0.01582387144341879
HON,1853-05-03,0.12590616948,11.37106,5.30751,23722.26702917187,-0.013837943557290067,-0.027624477837325023
HON,1854-05-09,0.130797095,11.30616,5.40344,24206.263972580433,0.008584662680352961,-0.005325862549292015
HON,1855-05-15,0.13029841968,11.30444,5.51175,23640.117871819297,0.05914587583663966,0.04400731399447877
HON,1856-05-21,0.17302896988,10.37238,5.6245,30763.44028446973,0.21816507862336953,0.19890229501967704
HON,1857-05-27,0.19861884276,9.61019,5.7301400000000005,34662.12741049957,-0.022910108478862545,-0.03667883421847118
HON,1858-06-02,0.15580293664,9.5672,5.81947,26772.70209142757,-0.11882010411705557,-0.1281156416693583
HON,1859-06-08,0.17750270616,10.4572,5.94029,29881.151620543777,0.1498567701371345,0.13172715277109748
HON,1860-06-14,0.17175248116,11.13112,6.06427,28322.03730374802,-0.035304707538835634,-0.0504553551798429
HON,1861-06-20,0.17510409904,11.15585,6.19983,28243.37103436707,0.016673676740905474,0.0003716149829422477
HON,1862-06-26,0.18532486180000002,10.39801,6.31506,29346.492638233052,0.05552427795571879,0.04069824959712953
HON,1863-07-02,0.18979247144,11.21902,6.44091,29466.71688317334,-0.00280436420222685,-0.016855371439205236
HON,1864-07-08,0.1879482696,11.20183,6.5611,28645.84743411928,-0.00807011466961216,-0.0222081754084974
HON,1865-07-14,0.19013977372,11.20928,6.68325,28450.196194965025,0.008693123538219716,-0.005556852457037187
HON,1866-07-20,0.19840720796,11.25295,6.8182,29099.646235076707,0.027789274915906326,0.013004903957682057
HON,1867-07-26,0.19522339668,11.20954,6.94591,28106.237581540794,-0.01833888636310399,-0.032366305816401764
HON,1868-08-01,0.23367408739999998,11.22276,7.076059999999999,33023.19191753603,0.04470217972329826,0.029830178078534386
HON,1869-08-07,0.21015641972000002,10.38844,7.20775,29157.007349034026,-0.061829653209607205,-0.07416521001314269
HON,1870-08-13,0.20967031956,10.41059,7.33775,28574.197752717115,-0.0009533572139339697,-0.014774122712589599
HON,1871-08-19,0.24331757320000003,10.2185,7.47852,32535.524836464974,0.09460232137846059,0.07962010988346613
HON,1872-08-25,0.21385664716,10.31957,7.60919,28105.04760165011,-0.09066288496850372,-0.10280232512787779
HON,1873-08-31,0.21719072803999998,10.18901,7.74152,28055.308006696356,0.00920292498668096,-0.004152074236537628
HON,1874-09-06,0.21947635372000002,10.0765,7.847610000000001,27967.286055244844,0.006275625254773098,-0.003028843173410789
HON,1875-09-12,0.22630126116,9.96613,7.96958,28395.63203581619,0.021229877267457065,0.00912277913269377
HON,1876-09-18,0.2545314616,9.95279,8.11112,31380.556766513135,0.18283124792795502,0.16697581435341524
HON,1877-09-24,0.28017775292,9.67372,8.530629999999999,32843.735212991305,0.07240734965610018,0.0376764736474311
HON,1878-09-30,0.29099564520000004,8.96145,8.65782,33610.729398393596,0.050696865779068956,0.03845557111119646
HON,1879-10-06,0.2861916044,8.73385,8.75243,32698.531082225163,-0.005512770149423529,-0.013942860308048921
HON,1880-10-12,0.314710968,9.65151,8.87626,35455.35709859783,0.03526434733571149,0.024594230590845978
HON,1881-10-18,0.3046584216,9.59858,8.97146,33958.62229781997,-0.041521224684825775,-0.049303407301534485
HON,1882-10-24,0.31213193076,9.54945,9.06447,34434.658701501576,0.0304200090995832,0.02278892716965708
HON,1883-10-30,0.33464913924,9.41606,9.1433,36600.47676878151,0.0620561654196401,0.054902629525704016
HON,1884-11-05,0.34107472516,9.41704,9.22411,36976.43731048307,0.009972235136608054,0.0031118898419408847
HON,1885-11-11,0.34384243348,8.42202,9.25586,37148.62081751453,0.0055696684683870235,0.003354426237948349
HON,1886-11-17,0.38865190104,8.8692,9.31304,41732.01242988326,0.11469575647066588,0.10941617790617131
HON,1887-11-23,0.3836061476,8.69694,9.36404,40965.880923191275,-0.008482686905404657,-0.012643326343144468
HON,1888-11-29,0.38351455584,7.98219,9.3708,40926.55438596491,-0.0006543211735486887,-0.000918688073075824
HON,1889-12-05,0.376972284,8.58715,9.39471,40126.016023911325,-0.027127139178808934,-0.029100989677502853
HON,1890-12-11,0.41442659804000004,8.91678,9.45264,43842.4184185582,0.0653833733220297,0.06020766869726013
HON,1891-12-17,0.41881639956,8.88503,9.52076,43989.80749015835,0.006343734194558248,0.001162091376502472
HON,1892-12-23,0.420765202,8.83765,9.57769,43931.804224191845,0.0036290410718493593,-0.0009638681401078486
HON,1893-12-29,0.4235675444,8.78586,9.6323,43973.66614411926,0.0053114124157929155,0.0011355186783397198
HON,1895-01-04,0.42485827332,8.74861,9.6797,43891.67777100529,0.002288205631109097,-0.0015058441614115292
HON,1896-01-10,0.42685290492,8.71356,9.72227,43904.65446032665,0.003868755148469516,0.000464664633556211
HON,1897-01-16,0.41411419712,8.68067,9.73859,42523.01381616846,-0.012997224653233497,-0.014972605806962358
HON,1898-01-22,0.41615203708,8.61737,9.72777,42779.79815312245,-0.0011442429906186602,-0.00020882312745706955
HON,1899-01-28,0.43021149132,10.24844,9.77579,44007.84911705345,0.015395904310069763,0.0111102085017456
HON,1900-02-03,0.41844995867999996,10.18643,9.85249,42471.49285916555,-0.013327258759044613,-0.018988552733836928
HON,1901-02-09,0.41820069148,8.62588,9.87946,42330.31881094715,-0.0006147308982012989,-0.0029465104501092965
HON,1902-02-15,0.41215274672,8.5917,9.87476,41738.00140155305,-0.005644943888149845,-0.005322643107665059
HON,1903-02-21,0.40982695727999996,8.59013,9.87004,41522.31979606972,-0.0017474014481587696,-0.0013284140639966413
HON,1904-02-27,0.403955864,8.58805,9.86833,40934.57190831681,-0.012667192649180259,-0.012593710658363122
HON,1905-03-05,0.42814458128,8.50148,9.42255,45438.292317896965,0.04989042104978725,0.09864350036943925
HON,1906-03-11,0.53557635456,8.18866,9.39199,57024.80034156766,0.2501521777503528,0.25322751154847745
HON,1907-03-17,0.41705940795999996,9.47306,9.87226,42245.58591041969,-0.23241310837295615,-0.26905866241049026
HON,1908-03-23,0.43088389604000005,9.14087,9.9759,43192.483489209,0.029572538183382235,0.021784089018577868
HON,1909-03-29,0.42427282559999996,8.95967,10.06743,42143.11155875929,-0.0012135466477993795,-0.00822630775531763
HON,1910-04-04,0.4343267994,9.12129,10.15885,42753.539957770816,0.12186747088035244,0.11401260041139105
HON,1911-04-10,0.45646051152,8.99324,10.26783,44455.40211709777,0.04199949637931,0.0339652466275262
HON,1912-04-16,0.48803276132,9.13444,10.38031,47015.239556429435,0.03969851202112884,0.031019727306828004
HON,1913-04-22,0.6238528504,8.87958,10.48775,59483.955128602414,0.20530106823526317,0.1965583749955464
HON,1914-04-28,0.6370865280000001,8.9976,10.58688,60176.98585418933,0.011732392474768316,0.004398452273736586
HON,1915-05-04,0.642468086,8.92565,10.68792,60111.61067822364,0.006169539045035366,-0.00112886111511179
HON,1916-05-10,0.5917751231599999,9.74112,10.79617,54813.43135204429,-0.030240467918549285,-0.03708733128286268
HON,1917-05-16,0.5792442344,8.85522,10.91371,53074.91534959239,0.11948557612542321,0.10997435062665195
HON,1918-05-22,0.5606301058800001,8.7321,11.03293,50814.25386366088,-0.03420352281753902,-0.04227832537692222
HON,1919-05-28,0.566600424,8.65645,11.12218,50943.28845604009,-0.0016193081789965813,-0.00753145336776917
HON,1920-06-03,0.5741068096399999,8.6058,11.16453,51422.38944586114,0.020558458777258704,0.017844951104500018
ABU,1837-01-13,0.043436534959999995,7.34759,0.64674,67162.28308130006,0,0
ABU,1838-01-19,0.049106473,7.33478,0.6505,75490.35049961568,0.09506497170091799,0.09030532587726858
ABU,1839-01-25,0.05171158668,7.31647,0.65387,79085.42474803861,0.03321590449099521,0.02929852952455625
ABU,1840-01-31,0.04891302884,7.27177,0.65763,74377.73343673494,-0.04521798234831653,-0.0495782905773392
ABU,1841-02-06,0.053464403720000005,7.29014,0.6611,80871.88582665255,0.06676886090327794,0.06281878391909146
ABU,1842-02-12,0.054908289799999996,6.90853,0.66085,83087.37202088219,0.06974867455479372,0.07001586614771949
ABU,1843-02-18,0.05201739088,6.95642,0.6598399999999999,78833.3397187197,-0.03336864880161261,-0.03222041408441556
ABU,1844-02-24,0.05974288424,7.27724,0.65822,90764.31016985202,0.0827192374678194,0.08471708101469577
ABU,1845-03-02,0.06344696436,7.31921,0.65774,96462.07370693587,0.04656182795952857,0.047129647100690564
ABU,1846-03-08,0.06685761784000001,7.13149,0.65792,101619.67692120625,0.04158063746170493,0.04168299358384342
ABU,1847-03-14,0.06689178912,6.39317,0.65879,101537.34744000365,0.020564339654280506,0.019102695073832665
ABU,1848-03-20,0.07782411,6.72544,0.65722,118414.09269346642,0.11915563213028135,0.12115917272083454
ABU,1849-03-26,0.0740930476,6.76823,0.65697,112779.95585795394,-0.040481333004469655,-0.03999485684364079
ABU,1850-04-01,0.07566843908,6.77297,0.65689,115191.94854541856,0.011184393222509303,0.011098366322692232
ABU,1851-04-07,0.07723493803999999,7.15948,0.65699,117558.77264494132,-0.0012246642851564404,-0.0016542358825648584
ABU,1852-04-13,0.07948085444,7.29685,0.65803,120786.06513380849,0.01805829862733277,0.017022814696896038
ABU,1853-04-19,0.0849150016,7.37346,0.68071,124744.75415375123,0.008617725050469538,-0.02461711354840823
ABU,1854-04-25,0.08280782692000001,7.32418,0.69245,119586.72383565601,0.012132365689389024,0.004670528655576156
ABU,1855-05-01,0.09244279459999999,8.12636,0.69658,132709.51592064084,0.04813063058938849,0.043489376468128116
ABU,1856-05-07,0.10449069072,8.06311,0.70151,148951.10649883823,0.09236673954470986,0.08657203713699846
ABU,1857-05-13,0.09957536368,8.11451,0.7062,141001.64780515432,0.02355785003641353,0.018471587976267356
ABU,1858-05-19,0.11453862420000001,7.78104,0.71039,161233.4410675826,0.08632443695448289,0.08175473082484253
ABU,1859-05-25,0.10114653016,8.00456,0.72553,139410.5414800215,-0.09406228889614088,-0.11176720082290448
ABU,1860-05-31,0.11670101144,7.70224,0.72964,159943.27536867498,0.11899032478851268,0.11419177267832348
ABU,1861-06-06,0.11559536456,8.09126,0.7339299999999999,157501.8933140763,-0.02176341704089102,-0.02605924630885359
ABU,1862-06-12,0.10013901455999999,7.96964,0.73768,135748.58280013013,-0.06257910195135008,-0.06609314992264947
ABU,1863-06-18,0.09534138328,8.16434,0.74296,128326.40152901906,0.05330726475111924,0.04781227864045601
ABU,1864-06-24,0.11836582316,9.25301,0.75042,157732.76719703633,0.15935317672822347,0.15052203456337598
ABU,1865-06-30,0.11417322435999999,8.55038,0.7572800000000001,150767.51579336572,-0.03388349186554118,-0.0406810393344641
ABU,1866-07-06,0.12026295996,10.23953,0.7633,157556.6094065243,0.046865868627791185,0.040938758527423236
ABU,1867-07-12,0.11631979476,10.52967,0.7713000000000001,150810.05414235705,-0.02935489554121329,-0.03718559351865447
ABU,1868-07-18,0.11945622624,10.4005,0.77967,153213.82923544577,0.050349257693356186,0.04183069502189962
ABU,1869-07-24,0.11929965683999999,10.34025,0.78861,151278.39723057023,-0.023086144933579078,-0.0312716446080209
ABU,1870-07-30,0.12735359676,10.33003,0.79716,159759.1409001957,0.05348675933771285,0.04476307900079668
ABU,1871-08-05,0.12370267624,10.4846,0.80686,153313.68048979997,-0.030544691370502086,-0.03912964074529601
ABU,1872-08-11,0.11871752256,9.99064,1.00265,118403.75261556874,-0.019236241170561108,-0.18454435263425784
ABU,1873-08-17,0.114349287,9.89382,1.03812,110150.35545023697,-0.029039590371015778,-0.051140364676625305
ABU,1874-08-23,0.16246091991999997,10.13402,1.26658,128267.39717980703,0.37811013137723215,0.18365929641844847
ABU,1875-08-29,0.22357448568000002,9.63505,1.4047,159161.7325265181,0.411723335629828,0.3113986662836217
ABU,1876-09-04,0.28008450964,10.21706,1.5087,185646.25812951548,0.08512152761933156,0.0367611501617473
ABU,1877-09-10,0.28933322132,9.86789,1.65195,175146.47617663973,0.010420398337500858,-0.05621720222764315
ABU,1878-09-16,0.27820475384000004,9.85803,1.76256,157841.29552469138,0.006672364843473,-0.04487624536293655
ABU,1879-09-22,0.346674198,9.9612,1.84923,187469.48621858828,0.21120111636807581,0.16713715185546096
ABU,1880-09-28,0.35281085684,9.8741,1.87857,187808.20349521178,0.01577210332528578,0.0037912334556293725
ABU,1881-10-04,0.3486839746,9.81348,1.8048,193198.1242242908,-0.010623309602856845,0.019881989021410362
ABU,1882-10-10,0.30758773656,9.84092,1.9747899999999998,155757.18763007713,-0.040369563150587595,-0.08864206907937466
ABU,1883-10-16,0.33762777516000003,9.38755,2.01422,167622.094488189,0.13330627399563189,0.11567431074755086
ABU,1884-10-22,0.41101776248,9.38941,2.06401,199135.54802544558,0.04402286811106215,0.025304902983570354
ABU,1885-10-28,0.45268989168,9.70531,2.25984,200319.44371282923,0.022181096032086067,-0.04502944665352815
ABU,1886-11-03,0.49630858888,10.84314,2.3263,213346.7690667584,0.12253728060459101,0.09864067764295847
ABU,1887-11-09,0.56662807292,11.27477,2.40449,235654.16072431157,0.1960982211790343,0.16840379622729995
ABU,1888-11-15,0.54846574744,11.62147,2.49655,219689.47044521436,-0.0015050130163148934,-0.030867399019415487
ABU,1889-11-21,0.5638513166,11.50725,2.55826,220404.22654460452,0.03670458151861422,0.0180856814439061
ABU,1890-11-27,0.7841596204,11.46892,2.72771,287479.1016640332,0.21882641074677145,0.1570755030376043
ABU,1891-12-03,0.88431301972,12.76589,3.10824,284506.02904537617,0.04755020362490159,-0.050151635894896796
ABU,1892-12-09,1.10788555956,12.70423,3.4029400000000005,325567.1741376574,0.2564300238674515,0.17358344660718417
ABU,1893-12-15,1.23930407016,13.19701,3.80731,325506.4783692423,0.08159066870295972,-0.0037359879321515743
ABU,1894-12-21,1.28900125536,14.02358,4.17489,308750.9504106695,0.023179952973020335,-0.04768269010019921
ABU,1895-12-27,1.4929952247599998,14.85686,4.23342,352668.8173533455,0.14379187980690067,0.13268763623592394
ABU,1897-01-02,1.5539517988799998,15.18831,4.31192,360385.1182025641,0.03671848404695077,0.02298758710291504
ABU,1898-01-08,1.3634144706,15.35873,4.31742,315793.80060313793,-0.09328631085532424,-0.09576003154365964
ABU,1899-01-14,1.26762961988,15.36616,4.22254,300205.47345436626,-0.05300019031219727,-0.03887761056490224
ABU,1900-01-20,1.30689599352,14.59264,4.0657,321444.2761443294,0.01644380540144108,0.04653972344587909
ABU,1901-01-26,1.2134528114799998,13.93848,3.9777,305063.93430374336,-0.04177813793765517,-0.023860705265115856
ABU,1902-02-01,1.1598999349599999,13.88956,3.9638300000000006,292621.00921583414,-0.002804337975481741,0.00033848803448588427
ABU,1903-02-07,1.1420791215600001,13.93008,3.87334,294856.40856728307,0.013013429848677038,0.031203066151418657
ABU,1904-02-13,1.2572880158800002,13.9281,3.60887,348388.28106304747,0.02712705810528515,0.08316267530465726
ABU,1905-02-19,1.25909429412,14.37028,3.46831,363028.1878263477,0.03301966216503405,0.06510421684218182
ABU,1906-02-25,1.31527291792,14.45248,3.5599499999999997,369463.8739083414,0.014061873102867217,-0.003583894231160234
ABU,1907-03-03,1.34215341156,14.50751,3.71055,361712.79501960624,0.00961148932586986,-0.019752323824510865
ABU,1908-03-09,1.3357164678,14.61775,3.78891,352533.1738679462,-0.01937250717448258,-0.033993961468714584
ABU,1909-03-15,1.4138205640000001,14.9839,3.8472099999999996,367492.4332178384,0.05050952562865607,0.03993849770348623
ABU,1910-03-21,1.3398359010399998,15.18833,3.92987,340936.4434548725,-0.07564306211756999,-0.09125136110030507
ABU,1911-03-27,1.33934504392,15.48916,3.95134,338959.70580107,-0.011396788739176267,-0.014897231762099894
ABU,1912-04-02,1.37962545292,15.17235,4.0658,339324.4756062767,0.03756025642393346,0.016173905799559574
ABU,1913-04-08,1.36440926024,15.05655,4.15568,328323.9470411581,-0.04296824005260613,-0.05754583955768955
ABU,1914-04-14,1.47366857768,15.53327,4.32152,341007.0016290565,0.027471122987172247,0.00006135085311087529
ABU,1915-04-20,1.60397402724,16.76742,4.55954,351784.17718454055,0.027807993196753644,-0.013783115742717622
ABU,1916-04-26,2.23274803752,16.60976,5.04026,442982.7107173042,0.2848888659341542,0.18197372089091002
ABU,1917-05-02,2.3810408590799996,16.55809,5.57425,427149.99490155623,0.05782000240589702,-0.020957610597226894
ABU,1918-05-08,2.322050978,16.19691,6.06087,383121.72641881445,-0.01978883886900018,-0.08327200986412597
ABU,1919-05-14,2.6516999288,16.46903,6.52127,406623.23884764774,0.1531830100999112,0.08897217382401257
ABU,1920-05-20,3.2024868563999997,17.03188,7.07469,452668.15314875985,0.11241503750024107,0.051369652111437514
GER,1862-07-31,21.80233454828,9.9467,247.77662999999998,87991.89232769854,0.05185256689880413,-0.02419285965270912
GER,1863-08-13,24.299536673360002,9.93445,254.5134591126226,95474.46629377434,0.0732510799144721,0.07182400252126775
GER,1864-08-12,24.96266399796,9.89226,247.77663,100746.64425761219,0.03358062717833432,0.029320848815417966
GER,1865-08-25,26.174393595479998,10.03099,247.77663,105637.05542157062,0.04229254161008478,0.03835806491870475
GER,1866-09-07,28.21079730872,9.65851,247.77663,113855.76318767431,0.07156466122022209,0.07774260611786099
GER,1867-08-30,32.10585102452,10.26506,313.97891,102254.80120470512,0.11926660554959345,-0.11102397158116928
GER,1868-09-05,33.83558872616,10.01395,313.97891,107763.89002102084,0.07684713672651444,0.08905310383283593
GER,1869-09-18,39.70209535604,9.99205,313.97891,126448.28710323252,0.08527817753658185,0.08334068866572375
GER,1870-09-17,41.79440568992,10.21711,312.6792929985531,133665.40933720674,0.04942367320799135,0.047455119346625274
GER,1871-09-30,43.13248512144,10.08568,313.9789099999999,137373.82909393503,0.016037714026381655,0.015807304874956296
GER,1872-10-13,12.43940792588,10.3338,313.97891,39618.6098164364,-0.721685879814504,-0.719376082479819
GER,1873-10-05,29.70277312808,9.58064,313.97891,94601.17282425116,1.2356455696232658,1.2445577240642707
GER,1874-10-11,40.287278034639996,10.25036,315.063558356044,127870.3200232143,0.2198649061888467,0.22258823768093894
GER,1875-10-24,43.233054272720004,10.22922,313.97891000000004,137694.13452871723,0.05725597448830788,0.05620938208603787
GER,1876-10-23,42.15769085788,10.36252,313.97891,134269.1802385071,-0.04628575150387171,-0.04508252232511656
GER,1877-11-05,44.696511915639995,10.43626,313.97891,142355.14071833677,0.03543307372433335,0.034011714712749885
GER,1878-11-18,50.23428816224,10.50452,316.16611879096905,158885.7413132621,0.07476690200709246,0.0748685112700953
GER,1879-11-10,53.521093717,10.58286,313.97891,170460.79215002054,0.05119773762102353,0.05015966604070354
GER,1880-11-16,56.65154305044,10.67501,313.97891,180431.0456725899,0.0515742045800176,0.05251585503129985
GER,1881-11-29,60.39165122952,10.86075,313.97891,192343.01829227956,0.03938396165630298,0.03924628389830742
GER,1882-11-28,64.26646023876,10.98437,313.97891,204684.00326238474,0.04326788246382929,0.04457291811207642
GER,1883-12-11,69.01506749748,11.11521,313.97891,219807.97212615333,0.03715747171951911,0.03877555680626821
GER,1884-12-24,76.78798199956,11.32725,313.97891,244564.13967282072,0.08256352794761002,0.08297085425122419
GER,1885-12-16,84.63396906535999,11.59885,313.97891,269553.03802207607,0.07967042431319005,0.07928574709405778
GER,1886-12-22,96.39182700783999,12.61509,313.97891,307000.9606945893,0.0827931255306531,0.08331212291343348
GER,1888-01-04,99.86552985344,12.59638,313.97891,318064.4516965805,0.024345582277161437,0.02701196902025771
GER,1889-01-03,104.45658277132,12.67602,313.97891,332686.6214400197,0.03635852999795053,0.038097076200411806
GER,1890-01-16,111.56859118496,12.6659,313.1626228350575,356264.07192190073,0.038131443141249166,0.03715185337492244
GER,1891-01-29,117.8035664052,12.71171,313.97891,375195.79389966035,0.0655796896884735,0.05954327482721622
GER,1892-01-21,129.24700191988,12.83065,313.97891,411642.3040002273,0.06123621264177914,0.06264708947918685
GER,1893-01-27,136.28114383676,13.05047,313.97891,434045.5345767014,0.041579684220673485,0.04204347672342146
GER,1894-02-09,156.0292398912,13.28704,315.79853941969344,494078.4089056173,0.11087970207429243,0.1097606900379886
GER,1895-02-08,169.70308366075997,13.49338,313.97891,540491.9829193623,0.0711143204620277,0.07071364577209582
GER,1896-02-21,177.18195629524,13.381,315.6462665288435,561330.7524391367,0.039899579547076236,0.04055630170427538
GER,1897-03-06,177.25052627463998,13.47113,313.97891,564530.038895415,-0.005927169928900522,-0.00635221347390702
GER,1898-02-26,184.48619144591999,13.46942,313.97891,587575.1063850754,0.016245646090022214,0.01789316186442247
GER,1899-03-04,185.77533457028,13.42463,313.97891,591680.9335069034,0.011382635652885886,0.009943425115123139
GER,1900-03-17,197.04660291992,13.73107,313.97891,627579.1037045132,0.030332216130229073,0.03295672521095838
GER,1901-03-16,215.66826549216,13.73804,319.18118613158924,675692.2865849811,0.060119869315159224,0.06290917303104937
GER,1902-03-29,235.04490116328,14.21289,313.97891,748600.9208812147,0.07438088807342291,0.07336305909165053
GER,1903-04-11,255.85253841264,14.51895,313.97891,814871.7326671401,0.07216959596077932,0.07334041560301419
GER,1904-04-03,260.84034013336,14.62149,313.97891,830757.5185013541,0.0028631491324542235,0.0018910516946029077
GER,1905-04-09,264.37776083472,14.84284,311.53323655172704,848634.2059712227,0.02033802252170802,0.021208783625518368
GER,1906-04-22,282.95699146312,14.93424,313.97891,901197.4449593446,0.04131778558294763,0.04111296308594348
GER,1907-04-21,306.93642561556,14.96345,315.3374674118209,973358.5676792114,0.07301520614595325,0.07294433109469955
D10,1917-05-16,7.35110375948,8.41876,14.44131,509033.0281311044,0.022546213254608816,0.01709053260603577
D10,1918-05-29,7.54058824428,8.34265,14.304297409395806,527155.4434632316,-0.0030870161081185676,-0.0038264501237713633
D10,1919-05-28,7.36471117044,8.51101,14.60382,504300.3248766418,-0.03589088756157166,-0.041764850360073824
D10,1920-06-10,7.692290578440001,8.80461,14.8739,517167.0226665501,0.02536325002193518,0.009445229151240131
BNJ,1837-01-13,0.21477919684,6.6329,1.5970999999999997,134480.7443741782,0,0
BNJ,1838-01-19,0.21337979728,6.75478,1.5978099999999997,133545.16324218776,-0.017149972086881293,-0.017444637787806916
BNJ,1839-01-25,0.21687625959999998,6.74672,1.59934,135603.59873447797,-0.0018925314847442198,-0.0027138245484416013
BNJ,1840-01-31,0.20743062236,6.72865,1.60113,129552.64242128997,-0.0338680207865536,-0.03453603130444727
BNJ,1841-02-06,0.23534525092,6.76833,1.60233,146876.89235051456,0.0625838656648301,0.061967820246805916
BNJ,1842-02-12,0.23681516092,7.59949,1.60586,147469.3690109972,-0.0020155818752669585,-0.0035172578232159912
BNJ,1843-02-18,0.23529588004,8.17283,1.6155899999999999,145640.8371183283,0.008833578921920493,0.00410841608311574
BNJ,1844-02-24,0.22562674316,8.20383,1.62608,138755.0078470924,-0.035969325063864854,-0.04067484358355977
BNJ,1845-03-02,0.2257972678,8.21942,1.6368599999999998,137945.37578045772,0.0005137439038382929,-0.004394557087676332
BNJ,1846-03-08,0.22713731924000002,8.25946,1.64731,137883.77369165487,0.006635244745503366,0.0016877123741698696
BNJ,1847-03-14,0.22519230916,8.05475,1.64829,136621.77721153438,-0.0008937273682054769,-0.0013643049430570597
BNJ,1848-03-20,0.21852159836,8.76118,1.661,131560.26391330524,0.060403726410598546,0.05409349188972512
BNJ,1849-03-26,0.24650005536,8.37081,1.67469,147191.45355856905,0.14773712203766864,0.14051756984207864
BNJ,1850-04-01,0.19622192512,8.20122,1.68652,116347.22690510638,-0.20463680898278525,-0.20869066200806385
BNJ,1851-04-07,0.20127836300000002,8.19395,1.69762,118565.02809816097,0.010112925239167181,0.0050360108230413925
BNJ,1852-04-13,0.19522457812,8.19341,1.70775,114316.83684380031,-0.02042523300155019,-0.025082348183987913
BNJ,1853-04-19,0.1938362868,8.35608,1.71769,112847.07182320443,-0.004919434872852069,-0.009237615712940572
BNJ,1854-04-25,0.21310980859999998,8.34903,1.72996,123187.70873314989,0.0366382889687753,0.030948183379141847
BNJ,1855-05-01,0.2154067422,8.36638,1.74249,123620.07368765387,0.0011170129138569074,-0.004284419305264353
BNJ,1856-05-07,0.24636590836,9.11052,1.75663,140249.17504539943,0.06830027523271665,0.06208336040630469
BNJ,1857-05-13,0.26806198692,8.76603,1.77165,151306.40189653714,0.07575638819209862,0.06870913028106251
BNJ,1858-05-19,0.39758833088,9.39061,1.78917,222219.4262591034,0.4300423643409017,0.4198901378388551
BNJ,1859-05-25,0.35679074495999996,9.72729,1.8089,197241.829266405,-0.023069709767665203,-0.031316687873634286
BNJ,1860-05-31,0.37143207036000003,9.38206,1.82833,203153.73611984708,0.030278309970586337,0.021780916651436444
BNJ,1861-06-06,0.3479827572,9.24203,1.841,189018.33633894622,-0.04608789138679725,-0.05195468606807807
BNJ,1862-06-12,0.40468409696,9.6267,1.84027,219904.74058697908,0.09854416972661983,0.01658943729426987
BNJ,1863-06-18,0.42193426912000004,9.80213,1.84933,228155.20708580947,0.01185450744799521,0.008130249106268916
BNJ,1864-06-24,0.43356279200000003,10.31066,1.86889,231989.46540459848,0.02205745123899927,0.014107966212963952
BNJ,1865-06-30,0.46924227584,10.74531,1.89364,247799.09372425594,-0.001390755093906404,-0.011536199662842916
BNJ,1866-07-06,0.44613587044,9.57725,1.91077,233484.86235392015,0.02988958991558377,0.02177204864207849
BNJ,1867-07-12,0.37103916616000004,9.65949,1.90852,194411.98738289357,-0.037877131295946276,-0.036974222456859884
BNJ,1868-07-18,0.5884682112399999,10.79187,1.93394,304284.62684467976,0.3761105306531902,0.3621021346671345
BNJ,1869-07-24,0.5896457293999999,10.14552,1.9615999999999998,300594.2747756933,0.026272448234064605,0.015507065365291117
BNJ,1870-07-30,0.61789914732,10.17358,1.9853899999999998,311223.05809941626,0.01847909808757242,0.009138485335131064
BNJ,1871-08-05,0.43511821132,10.02185,2.00873,216613.58735121196,-0.2707833438139138,-0.27726420493001724
BNJ,1872-08-11,0.64119592732,10.06996,2.02691,316341.5875988574,0.42204145855883546,0.4127363924214127
BNJ,1873-08-17,0.4873008348,9.72996,2.0419,238650.68553797933,-0.2407094721270332,-0.24513617911931862
BNJ,1874-08-23,0.51997537904,9.77544,2.05763,252705.9670786293,-0.03590578859675919,-0.04138714460575854
BNJ,1875-08-29,0.6205137156399999,9.84756,2.08224,298002.97546872596,0.1317533695294828,0.12157263831158471
BNJ,1876-09-04,0.6133307887199999,9.18161,2.09974,292098.44491222716,-0.01375324781028553,-0.020065347289886293
BNJ,1877-09-10,0.58912011444,9.27493,2.11426,278641.2808453076,-0.01797377690421753,-0.022808411618282398
BNJ,1878-09-16,0.6647398763200001,9.29927,2.1306,311996.562620858,0.12138893670767636,0.11472418982454169
BNJ,1879-09-22,0.6615653959200001,9.01473,2.14639,308222.362161583,0.020226235845753893,0.014390291712663261
BNJ,1880-09-28,0.69285951956,9.15338,2.16257,320387.09478074696,0.029245541991643975,0.023598793336674806
BNJ,1881-10-04,0.72481138756,10.08118,2.18193,332188.1946533573,0.08609671117976236,0.07870179638506847
BNJ,1882-10-10,0.7278711679200001,10.20562,2.19731,331255.56608762534,-0.034200356058254444,-0.03927015905515552
BNJ,1883-10-16,0.7143735154399999,10.11056,2.21425,322625.5009325957,0.0014102636157309334,-0.004258402268564332
BNJ,1884-10-22,0.714478037,10.89747,2.23777,319281.2652774861,-0.011244629111295645,-0.01930825192138319
BNJ,1885-10-28,0.61391935696,10.38371,2.26148,271467.9576914233,-0.1297303278337788,-0.13639465222676062
BNJ,1886-11-03,0.62187406112,10.57462,2.28518,272133.51294865174,0.02228643721847967,0.014213554896169933
BNJ,1887-11-09,0.62247091972,10.57239,2.30155,270457.26563402923,-0.034409510634641705,-0.03942849046428554
BNJ,1888-11-15,0.6782071041200001,11.02582,2.3218,292104.0159014558,0.080761198316736,0.07388092393777668
BNJ,1889-11-21,0.6361680551200001,10.36643,2.3450500000000005,271281.2328607066,-0.060203954366613965,-0.06740886676895541
BNJ,1890-11-27,0.66646991476,11.05259,2.3652199999999994,281779.2487633286,0.03615237686725936,0.029547692202181564
BNJ,1891-12-03,0.71849095656,11.26435,2.39456,300051.3482894561,0.014806558854640217,0.005659060485634582
BNJ,1892-12-09,0.66087196344,10.99677,2.4259099999999996,272422.29243459157,0.18950841326649792,0.17719988578417412
BNJ,1893-12-15,0.22092308784,9.52328,2.4475,90264.79584882534,-0.6474639046157509,-0.6496818934223185
BNJ,1894-12-21,0.2406163396,8.48719,2.45809,97887.52226322064,0.08849005215305805,0.08470947754150626
BNJ,1895-12-27,0.24603039395999998,8.62323,2.47003,99606.23715501431,-0.009533392360550952,-0.013212341679047945
BNJ,1897-01-02,0.24658692292,8.29436,2.48395,99272.09602447714,0.0016959606664663784,-0.0023832945705992703
BNJ,1898-01-08,0.2480926786,8.01001,2.49537,99421.19950147675,0.006010178437455105,0.0025120168759142913
BNJ,1899-01-14,0.22911242535999998,8.02207,2.50094,91610.52458675537,-0.013645289075879363,-0.015050755537539207
BNJ,1900-01-20,0.16509866099999998,8.73444,2.52128,65482.08092714811,-0.28558023952231937,-0.2899895957245099
BNJ,1901-01-26,0.11893074596,7.62825,2.53931,46835.85145571041,-0.21846384430520982,-0.22298933642849184
BNJ,1902-02-01,0.08909047056,6.94491,2.54104,35060.63287472846,-0.16152764904655081,-0.1620512821966369
BNJ,1903-02-07,0.08485349340000001,6.43387,2.4184199999999993,35086.3346317017,-0.01740467850250127,0.032441357106999025
BNJ,1904-02-13,0.1180609066,7.66661,2.55098,46280.6084720382,0.2957729974891543,0.27239571879494395
BNJ,1905-02-19,0.11273458404,7.42651,2.55,44209.6408,-0.028341643468372424,-0.027671532218684902
BNJ,1906-02-25,0.11137945884,7.53197,2.56699,43389.1284500524,-0.0015114060474946678,-0.006522426552419969
BNJ,1907-03-03,0.08757781344,7.33902,2.57362,34029.0382573962,-0.22693322759279,-0.2282906599099519
BNJ,1908-03-09,0.08574278128,7.52441,2.5826099999999994,33200.05005788718,0.010931132631402107,0.008589206980412989
BNJ,1909-03-15,0.08523355932,7.30517,2.58955,32914.428885327565,-0.05403542918894,-0.05616660921590433
BNJ,1910-03-21,0.07645434940000001,7.37166,2.58231,29606.96020229949,-0.05494107183637298,-0.05302120839411295
BNJ,1911-03-27,0.07139683147999999,7.17945,2.58851,27582.211959776087,-0.03794038750538975,-0.05735537433038185
BNJ,1912-04-02,0.06570756868,8.35574,2.60651,25209.022286505708,-0.057970974898123195,-0.06333183113337115
BNJ,1913-04-08,0.07142094388,8.628,2.62633,27194.200226171124,0.06202658221539603,0.0391294749633333
BNJ,1914-04-14,0.07194976308,8.56623,2.64791,27172.284209055444,-0.00286715855122166,-0.00875766147679613
BNJ,1915-04-20,0.06715096388,8.52997,2.66648,25183.374291200384,-0.028467354458501792,-0.033973121358852
BNJ,1916-04-26,0.06920445064,8.62395,2.68054,25817.354204749787,0.03037368147018893,0.026062663298225708
BNJ,1917-05-02,0.71292972712,10.27093,2.7066999999999997,263394.43865962245,9.502535292675567,9.42706570875263
BNJ,1918-05-08,0.96010858528,13.32762,2.74675,349543.4915008647,0.3066699846755283,0.2921147151303771
BNJ,1919-05-14,1.00436572184,14.98024,2.79028,359951.5897472655,0.1242223564985423,0.1111433501270711
BNJ,1920-05-20,1.0907253541600002,15.68676,2.83624,384567.3688263335,0.24784906356958736,0.23239073833795976
HAU,1908-09-28,0.18064605311999998,8.51138,5.109719999999999,35353.4152791151,-0.21257456510582629,-0.23009858071587752
HAU,1909-10-11,0.18571367516,8.64138,5.27842,35183.57295554352,0.034053410794139705,0.02636557999154432
HAU,1910-10-10,0.24349153816,8.55877,5.27842,46129.62556219475,0.0629658422104391,0.09291806499057143
HAU,1911-10-23,0.22454332004,9.40852,5.476472965683954,41001.44772867639,-0.17170450305486662,-0.19714390725015707
HAU,1912-11-05,0.29360536296,9.30302,6.29299,46655.939856888384,0.009192966706225159,0.03276618830432576
DAI,1861-04-04,3.70675258252,8.30529,74.28465,49899.30736053815,0.05523375715799683,0.054842786643892305
DAI,1862-04-17,3.9055454958,8.29235,74.28465,52575.404148770984,0.02698132207433024,0.026214830663420008
DAI,1863-04-16,4.09928122396,8.29545,76.08734512684067,53875.992349665146,0.04932907187523816,0.031246045932216138
DAI,1864-04-29,4.08785000104,8.2113,76.08033,53730.708069221044,-0.03482052735011476,-0.03354525006057618
DAI,1865-05-12,4.05259900136,8.27449,76.08033,53267.36886341056,-0.009523248736514556,-0.009607341830925265
DAI,1866-05-04,4.66835668884,8.2903,76.08033,61360.88906081243,0.05489513331430218,0.057944720478218414
DAI,1867-05-10,3.75411176868,7.23928,78.22708567439985,47989.922369159016,-0.11285595454369501,-0.1139900666027085
DAI,1868-05-23,4.19344677024,9.24173,76.08033,55118.672201342975,0.10850525573547176,0.10763696333300832
D02,1917-04-04,0.18817487468000002,11.16075,9.05045,20791.769987127715,0.041111491290634294,0.043061629458530426
RUS,1889-08-29,65.35123332192,9.17179,938.5933688399706,69626.77927576785,0.010203109233051899,0.010765249682670675
RUS,1890-09-11,66.4988783758,9.19847,939.40542,70788.26346967425,0.0044426386053662,0.004449942218084368
RUS,1891-09-10,66.5043185664,9.20449,939.40542,70794.05456953825,-0.003979409034028825,-0.0030711728995104215
RUS,1892-09-23,69.64892989808001,9.2516,939.40542,74141.50314150838,0.037109141735253814,0.03926171510395471
RUS,1893-10-06,70.93394059336,9.28829,948.5602099953652,74780.64106621825,0.005654180769030681,0.006534897613332147
RUS,1894-09-28,72.89613182072,9.28171,939.4054199999999,77598.15971757966,0.0015728760446029888,0.0010709573642777581
RUS,1895-10-04,72.86864168948,9.30486,939.4054199999999,77568.89638712113,0.00969344977366804,0.01037431434600955
RUS,1896-10-17,79.67581116612,9.32717,988.53843,80599.60922927396,0.07305403606169913,0.02247906591084181
RUS,1897-10-16,79.88387579276,9.37374,990.90089,80617.42258881209,-0.02257827485064301,-0.0274096094459374
RUS,1898-10-29,80.33670006752,9.37212,990.90089,81074.40499677016,-0.002866725949635107,-0.003866166606418475
RUS,1899-11-11,82.46579290352,9.42141,990.90089,83223.048577058,0.01184152341280309,0.01220337424678375
RUS,1900-11-03,84.03299151,9.59286,990.9008899999999,84804.63824187302,0.026631400568100094,0.025659013733097202
RUS,1901-11-09,89.79101241240001,9.72713,990.90089,90615.5331159305,0.059854356012440935,0.05918286461222122
RUS,1902-11-22,93.06388503776,9.8093,990.9008899999999,93918.45943115462,0.011737327019236021,0.012103895204615078
RUS,1903-11-21,91.80522217672,9.69782,990.90089,92648.2386918837,-0.016509980139311597,-0.015728533759043595
RUS,1904-12-04,94.35771901244,9.60164,996.2896566756457,94709.12237238984,0.030475992978220345,0.033125442552476736
RUS,1905-12-17,95.93772602648001,9.59165,990.9008900000001,96818.68993626598,0.013790986355313173,0.01197866283579141
RUS,1906-12-09,101.91617466368,9.557,990.90089,102852.03665896395,0.06256474230005749,0.06313518232119386
D05,1905-07-09,3.6647475056400003,9.90375,15.88333,230729.16734966784,-0.0038988806080031413,-0.059283741515961275
D05,1906-07-15,5.4644277828400005,9.48103,27.40032,199429.34180476726,0.4898272090248912,-0.12244164638064059
D05,1907-07-21,5.39359395536,8.53596,23.6794,227775.78635269473,-0.08448971578984421,0.07307141592531763
D05,1908-07-27,6.1925223229999995,10.42834,29.0458,213198.54584828098,0.12247897141868558,-0.08078788891169675
D05,1909-08-02,8.511330190479999,10.56032,29.4183,289320.9393635934,0.18554747889494494,0.17228087114507118
D05,1910-08-08,8.31459148104,10.23485,22.85989,363719.6627385346,-0.03408240632501325,0.24401377650987577
D05,1911-08-14,4.48953889644,9.00433,24.76254,181303.6504510442,-0.20981455137467353,-0.18023651996982115
D05,1912-08-20,7.96220477936,9.37595,29.819550000000003,267012.90862404025,0.6087046184787417,0.3371606805323253
D05,1913-08-26,9.60085097088,9.38678,37.57633,255502.6254793909,0.13077696688160478,-0.10061807018925972
D05,1914-09-01,10.352167969,9.66383,37.87408,273331.2061705525,0.02630381331018561,0.019328648505260393
D05,1915-09-07,11.394594632719999,10.06596,38.33763,297216.98061982443,0.06369174686522316,0.05285581417302443
D05,1916-09-13,11.91311263064,9.22087,39.01404,305354.4988070961,0.08448126657774324,0.07471239857574785
D05,1917-09-19,6.9412552638,9.10475,39.04188,177789.9851082991,-0.32529254067010493,-0.32529749256219
D05,1918-09-25,12.677952560000001,10.00633,40.53818,312741.0396816039,0.4392655908006322,0.4290639843482509
D05,1919-10-01,12.57774433188,10.13823,40.70736,308979.61282382347,-0.017538948885413297,-0.021417878462518303
D05,1920-10-07,10.28038230284,10.3554,40.77131,252147.46111518124,-0.16843861722806208,-0.1693118457290117
D08,1909-11-15,13.47841399632,11.66687,19.65151,685871.670742859,0.17355054817018623,0.17427579805054494
D08,1910-11-28,14.77513130028,11.52205,20.20472,731271.2722710337,0.0008576353007787585,-0.013694491515411022
D08,1911-11-27,15.262922380680001,11.90753,20.20472,755413.70435621,0.10056050247988613,0.11527297724782248
D08,1912-12-10,12.922760519759999,14.19229,20.499436783976517,630395.881405929,-0.08929653058937759,-0.11144779844961639
D08,1913-12-23,14.263040181520001,13.2813,20.20472,705926.1490146858,0.14775828467135121,0.15616177345807536
D08,1914-12-15,14.440387118559999,13.0191,20.20472,714703.6493730178,0.007448472074145007,0.003246361793984409
D08,1915-12-21,15.039674995279999,13.31674,20.20472,744364.4354032128,0.05301389314503657,0.05407222148782709
D08,1917-01-03,15.23538815916,13.47162,20.314479204820667,749976.8025332695,0.020184826636204578,0.01904841801790491
D08,1918-01-02,14.09624823724,12.22242,20.20472,697671.0509841265,-0.019481976867886774,-0.00019382775496090687
D08,1919-01-15,14.90771989928,13.27856,23.893778965130796,623916.3725853272,0.03264025533973336,-0.09875868749524708
D08,1920-01-28,5.2422521866,11.53647,24.69435,212285.48986306583,-0.293449994903793,-0.35221699212564617
MEW,1837-01-13,0.29709282356,8.59823,6.713599999999999,44252.38673141087,0.13561492678674325,0.12158611176163259
MEW,1838-01-19,0.32978349300000004,8.46513,6.83007,48284.05755724319,0.09504071601698416,0.08103760754901002
MEW,1839-01-25,0.37935391624,8.26987,6.96131,54494.61613403224,0.13218244351861808,0.11554849393321676
MEW,1840-01-31,0.4067630658,8.32707,7.10226,57272.342296677394,0.03365147918367728,0.01879497271889563
MEW,1841-02-06,0.4298808748,8.33871,7.2358,59410.27596119295,0.044001157531700974,0.02899347811299724
MEW,1842-02-12,0.48214703472,8.32096,7.37252,65397.86053072762,0.066654804745651,0.05136721017010215
MEW,1843-02-18,0.49586008576,8.35551,7.514800000000001,65984.46874966731,-0.03133609542106763,-0.04453911797415522
MEW,1844-02-24,0.5130798972,8.29975,7.651270000000001,67058.13508084278,0.008307722120757255,-0.0056110621319526155
MEW,1845-03-02,0.5693671609600001,8.19685,7.808370000000001,72917.54373319911,0.11500758169181391,0.0979274937132717
MEW,1846-03-08,0.6456295222,8.09986,7.91958,81523.20226577672,0.13293960601343158,0.11947093742261705
MEW,1847-03-14,0.85418396076,7.53334,7.997719999999999,106803.43407371102,0.2449089122964112,0.23384385809558128
MEW,1848-03-20,0.8883129023599999,7.43911,8.03827,110510.45838967836,0.005938810452107424,0.0028608760454920112
MEW,1849-03-26,0.99119713732,7.14439,8.03532,123355.02970883549,0.09566788387684966,0.09647374923701002
MEW,1850-04-01,1.11711719756,7.19826,7.93422,140797.35595433452,0.06305365642811589,0.07399439220499926
MEW,1851-04-07,1.1261150633199999,7.19334,7.860470000000001,143263.06993347724,0.053040025148177294,0.06025326649623697
MEW,1852-04-13,1.24206767984,7.79137,7.733389999999999,160611.02308819292,0.11219494193709023,0.1254603648824566
MEW,1853-04-19,1.2519765008400001,7.87767,7.69786,162639.55188065255,-0.017479851409755276,-0.013230879189185196
MEW,1854-04-25,1.24034840852,7.89212,7.72886,160482.7113597607,0.008084201322358986,0.005357978767446481
MEW,1855-05-01,1.25043783176,7.92664,7.787370000000001,160572.54654138687,-0.015336521481493892,-0.020971393611836198
MEW,1856-05-07,1.21295011032,7.94366,7.84758,154563.5865222145,-0.0108676516798496,-0.016465338162902077
MEW,1857-05-13,1.20692311688,8.11428,7.91023,152577.49988053445,-0.02647386681718633,-0.0323749056696947
MEW,1858-05-19,1.30950402388,8.19766,7.98697,163955.04476415963,0.08602879572775435,0.0779661648456873
MEW,1859-05-25,1.2139068848399999,8.1494,8.06221,150567.51000532112,-0.06795916274021052,-0.07436775221184222
MEW,1860-05-31,1.2364971476,8.09706,8.13103,152071.4039426739,0.019633384141768184,0.013027423882894906
MEW,1861-06-06,1.28751817272,8.59333,8.05868,159767.87423250455,0.029612945418492798,0.03777306599700481
MEW,1862-06-12,1.2950987706800001,8.68696,7.9808,162276.81068063353,0.010018446514141521,0.01892393053877739
MEW,1863-06-18,1.14847934084,8.4374,7.86917,145946.6933412291,-0.09060696208004693,-0.08226419121861328
MEW,1864-06-24,1.2008525588799999,8.38612,7.773299999999999,154484.267798747,0.025518480165129365,0.034876679203857286
MEW,1865-06-30,1.2385328768800001,8.41056,7.659719999999999,161694.27562365207,0.028074584900087407,0.039705311732976645
MEW,1866-07-06,1.2938979117999998,8.1253,7.56004,171149.6118803604,0.0845559465543233,0.09525747004382734
MEW,1867-07-12,1.20850073448,8.13448,7.44679,162284.7877380724,-0.06031333681455586,-0.04894617967382531
MEW,1868-07-18,1.29764176464,8.20546,7.32565,177136.7407178885,0.005335153425256367,0.01857076029487681
MEW,1869-07-24,1.2500835500399998,8.51757,7.18752,173924.18386870573,-0.035993079840845876,-0.021721777877073967
MEW,1870-07-30,1.22807571484,8.53284,7.0753,173572.24638389892,-0.008342238600917873,0.003315227148263933
MEW,1871-08-05,1.23609156112,9.07806,7.45628,165778.58679126858,-0.010327110956879992,-0.04845947122716798
MEW,1872-08-11,1.4374452248,9.56857,7.88188,182373.3962963151,0.17360509403390711,0.12580693396880993
MEW,1873-08-17,1.58453779068,9.661,8.21259,192940.0823223855,0.08723432028598221,0.05534778811824248
MEW,1874-08-23,1.6188617343599998,9.79357,8.46844,191164.10275800503,0.014347751610578774,-0.007620231295405677
MEW,1875-08-29,1.71143855532,10.4992,8.78653,194779.7999119106,0.05540025082957456,0.02486981748354733
MEW,1876-09-04,1.64704699016,10.67881,9.08397,181313.5655621936,-0.027325650029713877,-0.051646623468068587
MEW,1877-09-10,1.83823276572,11.04402,9.37393,196100.54328547366,0.09582132875989968,0.07053036833440784
MEW,1878-09-16,1.85515594732,11.24475,9.62585,192726.4550476062,0.0012614602870242297,-0.01846566503443492
MEW,1879-09-22,1.9715541367599998,11.40213,9.77958,201599.06016004778,0.03623212779622342,0.023720900893772656
MEW,1880-09-28,2.0172544293200003,11.21517,9.94188,202904.7251948324,0.014779313814814898,0.0020766583308480246
MEW,1881-10-04,1.9978548402799998,10.99867,10.0836,198129.12454678884,-0.022876930453464173,-0.0331974011588011
MEW,1882-10-10,2.3712370416799997,10.81124,10.21272,232184.67182885658,0.11164113985482937,0.10079098002947129
MEW,1883-10-16,2.4303142328400003,10.7799,10.35828,234625.2691412088,0.01770638880183517,0.006980827595220562
MEW,1884-10-22,1.7156595196,7.35639,10.21553,167946.20735292247,-0.3198773282387585,-0.31133898643054503
MEW,1885-10-28,1.57486402008,7.86482,9.70726,162235.6895849086,-0.08459998499062504,-0.05054743775413317
MEW,1886-11-03,0.50500173776,7.79403,8.77394,57557.00834060867,-0.4718549513414584,-0.43296141957057965
MEW,1887-11-09,1.2876610791199998,9.53118,7.41089,173752.55591703558,1.1143280496776038,1.2120579446703488
MEW,1888-11-15,1.5490042682399998,10.92861,8.32767,186006.92249332648,0.19317217448368829,0.05731860786193099
MEW,1889-11-21,1.53579496512,11.33373,8.34089,184128.42815574838,0.008539258738289979,0.007047530938981028
MEW,1890-11-27,1.52388886936,10.98115,8.53229,178602.56383221856,0.05294399882883116,0.034047471896604176
MEW,1891-12-03,1.63121378836,11.30689,8.74864,186453.41314307138,0.08300559087619241,0.06289718030092262
MEW,1892-12-09,1.62569064632,11.141,8.89331,182799.2779201445,-0.004384966857628458,-0.016332907597962243
MEW,1893-12-15,1.5689135384,10.82398,9.02067,173924.2803915895,-0.002534202372204142,-0.01301677350709085
MEW,1894-12-21,1.51762034112,10.93402,9.12934,166235.49359756566,-0.003067792204591857,-0.012119127676681551
MEW,1895-12-27,1.36162632372,10.6289,9.26034,147038.48063030085,-0.09387553308787866,-0.10379576991069805
MEW,1897-01-02,1.5059967182,10.54158,9.35306,161016.47142218697,0.09635213760001715,0.08729274756102212
MEW,1898-01-08,1.4983320528800002,10.47281,9.38123,159715.94906851233,0.016116312421465384,0.013225963830838072
MEW,1899-01-14,1.52255598404,10.425,9.38233,162279.09101896864,-0.003962112029000875,-0.0050452496216067955
MEW,1900-01-20,1.50902533964,10.43455,9.47668,159235.65422067643,-0.022605004803163964,-0.030038703826087976
MEW,1901-01-26,1.60081459876,10.46956,9.57225,167234.93418579747,0.05052518612295964,0.0426919629697633
MEW,1902-02-01,1.57852612892,10.42416,9.67316,163186.19033697367,0.027317495890648358,0.019112755451804908
MEW,1903-02-07,1.6655030038399998,10.60179,9.68185,172023.21909965551,0.03359220581858158,0.03384704749954737
MEW,1904-02-13,1.5049668452,10.5143,9.71946,154840.58221341515,-0.0838818646391768,-0.08746559056801595
MEW,1905-02-19,1.5146606436,10.5023,9.78054,154864.72562864627,0.02127915335580588,0.01708859243871741
MEW,1906-02-25,1.4911138226399998,10.47376,9.8766,150974.40643946297,0.032743255541713756,0.02542347708027881
MEW,1907-03-03,1.47188565888,10.43613,9.95828,147805.20922086947,-0.03462053866043857,-0.04080348554088653
MEW,1908-03-09,1.43438828156,10.35051,10.01597,143210.12159181788,0.004797088417691553,0.0002795316224375455
MEW,1909-03-15,1.47603397864,10.36483,9.98587,147812.25658255114,0.06777125485933944,0.06993585442860106
MEW,1910-03-21,1.5250672533199998,10.26936,10.06525,151518.06992573457,0.036307004149520594,0.030013709317084247
MEW,1911-03-27,1.4320328495199999,10.29529,10.15423,141028.20691672337,-0.052248607500066546,-0.05854347348282396
MEW,1912-04-02,1.538964752,10.19495,10.230689999999997,150426.29109082578,0.056873628653984154,0.05131320846689991
MEW,1913-04-08,1.5598033724,10.42141,10.32987,150999.32258586024,0.017847012339085033,0.010248378377788692
MEW,1914-04-14,1.64630780548,10.36745,10.42319,157946.6368242352,0.0632353642001664,0.05624644750548158
MEW,1915-04-20,1.5272331724000001,10.19694,10.52086,145162.38904424163,-0.07467441376023287,-0.08111827076650069
MEW,1916-04-26,1.5980765247200002,10.20604,10.60937,150628.78613150452,0.0308841769301742,0.02450787061651094
MEW,1917-05-02,1.62597632444,10.25591,10.70662,151866.4456607221,0.030682879881415825,0.023831810203952974
MEW,1918-05-08,1.5864152730399999,10.04598,10.78293,147122.8388795995,0.020232567916397937,0.014321395481168953
MEW,1919-05-14,1.6026365492799999,10.30561,10.857000000000001,147613.2033968868,0.01931265186914688,0.014080133563137087
MEW,1920-05-20,1.6858117328000002,10.47911,10.93277,154198.04247231034,0.015437290498524492,0.010475690296841034
BIC,1847-11-07,66.98532640228001,8.75184,1416.79964,47279.322009342126,0.05309607898701363,0.05304746226402446
BIC,1848-11-20,70.0217975314,8.53904,1412.5791864770586,49570.175039908965,0.022603035595281984,0.024922757435790865
BIC,1849-11-19,71.6520303538,8.53738,1416.79964,50573.15680416181,0.012687939685430472,0.013172250879700309
BIC,1850-12-02,74.87497374760001,8.50286,1416.79964,52847.96214911518,0.030558181800455442,0.02917941080159192
BIC,1851-12-15,79.10067297912,8.39475,1416.79964,55830.528711258004,0.025044268235838718,0.02609918464418004
BIC,1852-12-07,81.42637192196,8.33344,1416.79964,57472.04447479956,0.021743565798397757,0.021583803839370086
BIC,1853-12-13,84.02679886172,8.28426,1416.79964,59307.467682388735,0.024059938021306237,0.023838142489235326
BIC,1854-12-26,86.76844893288,8.22978,1416.79964,61242.56845017267,0.0312363283058239,0.031045362077765315
BIC,1855-12-25,88.16558300524,8.22542,1425.1028750355063,61866.118263948745,0.00598510281400344,0.00782375573334293
BIC,1857-01-07,92.27851807408001,8.29544,1416.79964,65131.66397619921,0.02691066564663136,0.02622669003371625
BIC,1858-01-20,94.94542098391999,8.32396,1416.7996399999997,67014.00699390353,0.018913063914359096,0.01889366424479788
BIC,1859-01-12,72.9110600608,8.14327,1416.79964,51461.80024495207,-0.2638713734713011,-0.2634055234492987
BIC,1860-01-18,99.7135212918,8.55366,1408.7345654901744,70782.3345394413,0.06395005150374744,0.07648842726690841
BIC,1861-01-31,98.65243273131999,9.26794,1416.79964,69630.47557756296,-0.02050827188190829,-0.02056724390989828
BIC,1862-01-30,118.31774137976,8.82197,1416.79964,83510.56708326098,0.1571301576874442,0.15358418520702988
BIC,1863-02-12,120.19066269756,8.85789,1416.79964,84832.50510817465,-0.006763364523496906,-0.008701266175413891
BIC,1864-02-25,120.15057440516,8.8982,1415.8769255080751,84859.47630091154,0.008080684220190593,0.010076466214918867
BIC,1865-02-17,119.59304378528,9.04218,1416.79964,84410.69605669861,-0.00668310975470543,-0.007136133012857315
BIC,1866-02-23,122.60902974372,8.86551,1416.79964,86539.42751123228,0.020216753974739543,0.02027267590079429
BIC,1867-03-08,124.53963486224,8.76488,1416.79964,87902.07969155046,0.010051586977579019,0.009777753733038574
BIC,1868-03-07,127.97696082444,9.02036,1416.79964,90328.19970538672,0.03527754895493662,0.036049770466279885
BIC,1869-03-20,126.70041675876,8.99773,1416.79964,89427.19434821427,-0.024365477453555884,-0.02466241629919208
BIC,1870-04-02,136.69173932492,8.95274,1416.79964,96479.23070118793,0.04239976742067064,0.04440203463223913
D12,1916-01-25,0.00561638532,6.67401,0.34575,16244.064555314535,0,0
D12,1917-01-31,0.003618277,5.7809,0.31441,11508.148595782577,-0.29982872704315533,-0.24804481517709742
D12,1918-02-06,0.0053540598799999995,7.13195,0.29028,18444.466997381838,0.23480163587692404,0.31368545194430864
D12,1919-02-12,0.00476612812,7.08318,0.2694,17691.64112843356,-0.1346841922971923,-0.08448238993509416
D12,1920-02-18,0.00407256824,7.00267,0.2462,16541.70690495532,-0.13646828007882972,-0.07598887892348294
D12,1921-02-24,0.0037458018000000003,6.63337,0.22497999999999999,16649.487954484845,-0.06710330387428776,-0.0008117309506834314
ASM,1837-01-13,0.79208253644,8.76963,12.38402,63960.049841650776,0.7267981308487976,0.6996215780959165
ASM,1838-01-19,0.96406318112,8.78517,12.64398,76246.81319647768,0.12716562147662014,0.10943705270612702
ASM,1839-01-25,1.9023483388,8.67156,12.8912,147569.53105994788,0.7334854285643513,0.7072877137197784
ASM,1840-01-31,2.0623180635200002,8.1854,13.10883,157322.81702638604,0.016485952627178113,0.004332223336608321
ASM,1841-02-06,2.62040401064,8.32602,13.30523,196945.4124911783,0.09515431924053153,0.0824832338406205
ASM,1842-02-12,2.53215268748,8.14745,13.46733,188021.8786856786,0.025389594708000507,0.01588094886320235
ASM,1843-02-18,3.00135425044,7.85585,13.59306,220800.4857213902,0.1929908071016031,0.1851152259991118
ASM,1844-02-24,3.47460218508,7.69074,13.66405,254287.8710982469,0.06264564506576953,0.058367074488311355
ASM,1845-03-02,3.3942091097200002,7.75329,13.7353,247115.7608293958,0.00014472487987848837,-0.0037972209763265097
ASM,1846-03-08,3.0527873615199996,8.29884,13.80512,221134.4313935699,-0.0630072135326083,-0.06675938868175169
ASM,1847-03-14,3.41019807752,8.50315,13.89208,245477.86058819125,0.14778702743469063,0.14201337382001755
ASM,1848-03-20,3.2475632389199998,8.31077,14.01078,231790.3242303426,-0.007606591880522595,-0.01364456716550777
ASM,1849-03-26,3.1293219932,8.08252,14.10806,221810.93596142915,0.024071660294230135,0.018471577252437532
ASM,1850-04-01,3.13377978836,8.18382,14.20884,220551.41646749488,0.021122139128124218,0.015573216863457917
ASM,1851-04-07,3.1020888105999997,8.31063,14.31938,216635.6930677166,0.00005111946342850615,-0.0053929466208169075
ASM,1852-04-13,3.04213716976,8.64244,14.45336,210479.58189376033,0.0021066715508621936,-0.0051569142862940565
ASM,1853-04-19,3.1534779411200002,8.74126,14.59799,216021.37973241523,0.026657356738755356,0.01884521865441524
ASM,1854-04-25,3.0248868234,8.73757,14.7588,204954.79465810227,-0.02513018359920316,-0.03289524493972085
ASM,1855-05-01,3.06208248996,8.83166,14.90951,205377.8085235531,-0.005616988335652717,-0.013449483362512171
ASM,1856-05-07,3.04358318264,8.52433,15.04882,202247.2979702063,0.007254188214499191,0.0003020563084874528
ASM,1857-05-13,3.1109434090800003,8.50394,15.18659,204848.05404504895,-0.019262279988819908,-0.025800767083482334
ASM,1858-05-19,2.88947684584,8.57226,15.322490000000002,188577.4992080269,-0.023691709107727,-0.03042028937708474
ASM,1859-05-25,3.21154915588,8.78505,15.40695,208448.08063114373,0.09643591390393991,0.09067841985516556
ASM,1860-05-31,3.28012556924,9.48305,15.29077,214516.70316406564,-0.03499149255737444,-0.028964901086111605
ASM,1861-06-06,3.01735908084,10.25415,15.49285,194758.1678542037,-0.08022749472242519,-0.08947671339405883
ASM,1862-06-12,3.2618041814799996,10.16039,15.68051,208016.46001820092,0.07971588082586645,0.07052219542723925
ASM,1863-06-18,3.23979626672,10.52951,15.849340000000002,204412.06174641973,-0.023808031093894844,-0.03186642613118351
ASM,1864-06-24,3.09199646496,9.4769,16.01516,193066.8482213103,-0.019134384529008508,-0.026907329906487476
ASM,1865-06-30,3.27135857516,9.49947,16.16383,202387.58853316325,0.05549244894243888,0.04844994371043532
ASM,1866-07-06,3.71264754796,9.25415,16.30957,227636.1392703793,0.16259578241134776,0.15445721223519482
ASM,1867-07-12,3.5977693206000003,9.70972,16.47425,218387.4422568554,-0.043224533124136766,-0.05017614355383493
ASM,1868-07-18,3.7377045394,10.43841,16.64919,224497.68063191063,0.08444859404760408,0.0757006051453879
ASM,1869-07-24,3.67244926412,10.27569,16.83791,218106.00389953383,-0.009224943568922561,-0.017747695308354183
ASM,1870-07-30,4.10176800956,10.4278,17.03467,240789.4024104958,0.09294555946971417,0.08380603504134654
ASM,1871-08-05,3.8771600197200002,10.91723,17.23989,224894.70754859806,-0.03830253174673204,-0.047239347468986725
ASM,1872-08-11,4.57539984928,10.7692,17.45829,262076.05952702122,0.13104075773541224,0.12021428985422333
ASM,1873-08-17,4.622347385239999,11.228,17.69812,261177.310654465,-0.009435694709795106,-0.019222545287646442
ASM,1874-08-23,4.6354871706,11.37851,17.93515,258458.23261026532,0.01197673273148192,0.001682281943885533
ASM,1875-08-29,4.4639515258,12.01231,18.20122,245255.62164514247,-0.0024354427678549007,-0.013589776958369493
ASM,1876-09-04,4.59776318768,12.12202,18.48772,248692.81813441575,0.04957362119279152,0.03739585811077051
ASM,1877-09-10,4.79800774856,12.1367,18.75202,255866.1812732708,0.04996413747603845,0.038648040612332624
ASM,1878-09-16,4.68960304904,12.30209,19.0456,246230.2604822111,-0.031050865626059743,-0.042089993150479565
ASM,1879-09-22,4.73221168836,12.44196,19.32622,244859.66155616567,-0.007800724880125731,-0.018861523313993156
ASM,1880-09-28,4.76182026008,12.31675,19.59839,242969.97151704814,-0.0014754559187014626,-0.012172911437015044
ASM,1881-10-04,4.81466729744,12.43026,19.89026,242061.5566332466,0.0012589117296801788,-0.009411177807948312
ASM,1882-10-10,5.26579648296,12.45251,20.1606,261192.44878426238,0.037150666491426954,0.026351511144627082
ASM,1883-10-16,3.96747604188,10.33966,20.37362,194735.9399988809,-0.22315284877028319,-0.22916200853810653
ASM,1884-10-22,4.23044282856,9.87752,20.56244,205736.42177484775,0.06038379573818542,0.053346597146386676
ASM,1885-10-28,4.11323429712,9.74963,20.7581,198150.80846127536,-0.022412061955409346,-0.029489185673402862
ASM,1886-11-03,4.12053774652,10.39783,20.95401,196646.73952718358,-0.04215786801479082,-0.04898860844877295
ASM,1887-11-09,5.37064065408,11.7645,21.19649,253374.05646312193,0.19249695477426032,0.18243615428494908
ASM,1888-11-15,5.59442543192,12.30755,21.47022,260566.7492890152,0.031583700778577306,0.021350839527692678
ASM,1889-11-21,5.5525088866,12.31812,21.75339,255247.98142266562,-0.01028218590140284,-0.01964061289177632
ASM,1890-11-27,5.3634076808,12.13336,22.0043,243743.61742023152,-0.03127125173250245,-0.0398225653306894
ASM,1891-12-03,5.6588924808,12.16422,22.2303,254557.62993751772,0.02294378759497251,0.014872303250470953
ASM,1892-12-09,5.67854610492,12.16772,22.47539,252656.1765967131,0.0067592000566709665,-0.0011724292961103888
ASM,1893-12-15,5.64689426028,12.2752,22.69793,248784.54820681887,-0.013037541232468475,-0.020477845427736008
ASM,1894-12-21,5.556298206159999,11.61611,22.92884,242327.92440263001,0.008125092875298945,0.00021070936022438147
ASM,1895-12-27,6.037581641,11.91188,23.13328,260991.1625588762,0.07009595568309979,0.06315812692187328
ASM,1897-01-02,6.1627033109200005,12.0801,23.34195,264018.3579743766,0.018099185960457786,0.01120951126925429
ASM,1898-01-08,6.32134450012,12.26933,23.57298,268160.6016770048,0.017873424105806945,0.010394282607688154
ASM,1899-01-14,6.29723334188,12.4495,23.80226,264564.51370079984,-0.005776467825058917,-0.01300586554392047
ASM,1900-01-20,6.3315241782,12.49481,23.99272,263893.55513672484,0.023986859429699914,0.016841378498336113
ASM,1901-01-26,6.201695405880001,12.6082,23.66043,262112.5400459755,-0.023305953556970627,-0.010698685213775705
ASM,1902-02-01,2.7074416434,9.91142,23.82043,113660.48570071992,-0.5332944255449259,-0.5358640693051108
ASM,1903-02-07,6.23196094768,11.09936,23.93069,260417.102376906,1.0826191696859793,1.074798590038248
ASM,1904-02-13,5.48795959504,11.68995,20.11316,272854.17085331195,-0.06529600963325732,0.057234980520578516
ASM,1905-02-19,6.31686449316,10.7321,24.25818,260401.41895063853,0.10391376181132594,-0.08270845204110755
ASM,1906-02-25,6.655918113,11.0027,24.493920000000003,271737.5623420016,0.030649849772262483,0.02299701292570977
ASM,1907-03-03,6.68858163896,11.04523,24.70781,270707.18282842555,-0.0012112047781536184,-0.007333725176842942
ASM,1908-03-09,6.78976669436,11.48745,24.937650000000005,272269.70842721744,0.009517053325567515,0.0024549933816886416
ASM,1909-03-15,6.8419759798,11.71979,25.16634,271870.12413406157,-0.005937361150438969,-0.012771001066304799
ASM,1910-03-21,7.07542829448,11.26125,25.37689,278813.84576597053,0.02306128669182117,0.016657685957589097
ASM,1911-03-27,7.11093570356,11.43424,25.562430000000003,278179.1755932437,0.007473995198920225,0.001710741310919417
ASM,1912-04-02,6.95906093584,11.6442,25.77265,270017.2832766518,-0.019162490787216213,-0.024948800425846906
ASM,1913-04-08,7.1186065880800005,11.75466,25.98176,273984.7719353885,0.01098496154639439,0.004747274293492421
ASM,1914-04-14,7.274373808,12.21878,26.03431,279414.8878153483,0.018933222723660714,0.016695097487380073
ASM,1915-04-20,7.20867391452,12.55868,25.87375,278609.5527134644,-0.007841380834020861,-0.002780270813036778
ASM,1916-04-26,6.94030090832,13.04885,21.31103,325667.07983236853,-0.03330140640510637,0.014506391081218428
ASM,1917-05-02,6.55761547116,11.49366,25.10012,261258.33148048696,0.13158765750043422,-0.04249552743354801
ASM,1918-05-08,6.87525497724,11.51904,25.225560000000005,272551.1337405393,0.04083682668894628,0.03677762953436603
ASM,1919-05-14,7.063549968279999,11.67954,25.34076,278742.6252519656,0.01874412131187131,0.01511529857873617
ASM,1920-05-20,7.20119601864,11.36528,25.47039,282728.14113329246,-0.0011570326806575881,-0.004955754310227989
BOR,1837-01-13,0.26144692392,6.27776,8.61409,30351.078746565225,0,0
BOR,1838-01-19,0.2263009164,8.34798,8.61762,26260.257054732047,0.01339239421515015,0.014287255874170013
BOR,1839-01-25,0.25058332468,7.6653,8.66985,28902.84430295795,-0.07391266406271757,-0.07776893352621395
BOR,1840-01-31,0.24750318372,7.74775,8.73479,28335.333044068604,-0.05665060486050766,-0.062202921867828165
BOR,1841-02-06,0.26774725952,7.31784,8.78599,30474.341482291697,0.05194924394425571,0.04725661341384946
BOR,1842-02-12,0.25000673672,7.44733,8.85381,28237.192431280997,0.1995314101650496,0.19274056853364874
BOR,1843-02-18,0.26010762752,7.35799,8.90541,29207.82170837727,0.01870138523993492,0.014179690140479817
BOR,1844-02-24,0.2654642302,7.24193,8.9293,29729.56784966347,0.020869126690428397,0.01903543157373222
BOR,1845-03-02,0.24943357712,7.97613,8.98029,27775.670620881952,-0.08425047004610076,-0.08781889681445143
BOR,1846-03-08,0.25019122544,7.45608,9.0418,27670.510898272467,-0.02536623193145071,-0.030475919925955663
BOR,1847-03-14,0.25527576412,7.69276,9.09078,28080.732799605754,0.02378831746529797,0.019755136302963994
BOR,1848-03-20,0.2621610472,7.29674,9.15252,28643.591841372643,0.13989055336860745,0.13415854330678623
BOR,1849-03-26,0.26237989804,7.43244,9.19426,28537.35896526746,-0.13394601123271077,-0.13685540967028398
BOR,1850-04-01,0.32688183528,6.81729,9.23682,35389.00133162712,0.21178507827950455,0.20756768648532176
BOR,1851-04-07,0.25769022656,7.2252,9.28239,27761.193675335773,0.05033129689803717,0.046362450848363546
BOR,1852-04-13,0.26532619776,7.37224,9.33059,28436.16510424314,-0.0034378996822355123,-0.007413595044291621
BOR,1853-04-19,0.26654439812,7.3913,9.38219,28409.614186026934,-0.11085054691514806,-0.11438612827884287
BOR,1854-04-25,0.26613628288,7.24307,9.42632,28233.31723090241,-0.01724735390351384,-0.020626477504106955
BOR,1855-05-01,0.27792038455999996,7.30337,9.45361,29398.334029011137,-0.04855207557945851,-0.05033365298656589
BOR,1856-05-07,0.31655233324,7.18077,9.50176,33315.1261703095,0.12985371568762827,0.12569354049479298
BOR,1857-05-13,0.30221078472,7.63814,9.54757,31653.162503129068,-0.04386818244739632,-0.04729418334199875
BOR,1858-05-19,0.33958395172,6.34661,9.57845,35452.912707170784,0.1675487002704683,0.1646860462613926
BOR,1859-05-25,0.3556541508,7.29499,9.60621,37023.35789036467,0.050875649961772185,0.048442616948137784
BOR,1860-05-31,0.3629873572,8.32884,9.67383,37522.610713647024,0.06453519852073986,0.05873354529278485
BOR,1861-06-06,0.37921910312,9.06916,9.79086,38731.950321013675,0.08588537912189365,0.07619596988686395
BOR,1862-06-12,0.40983256444,8.88178,9.90252,41386.69393649293,-0.017460939162444067,-0.025920469554207237
BOR,1863-06-18,0.46242217216000003,9.07426,10.01376,46178.67535870642,0.019668783128917955,0.010811402855121388
BOR,1864-06-24,0.38639311828,9.04383,10.12576,38159.418974970766,-0.1013965827353186,-0.10864584871470784
BOR,1865-06-30,0.46456033935999996,8.9717,10.23618,45384.151056351104,0.08217862347308036,0.07324259398411503
BOR,1866-07-06,0.47611414656,9.08749,10.34377,46029.073206384135,0.015366099909309927,0.0072103718841345366
BOR,1867-07-12,0.40986144108,9.15657,10.46091,39180.285565978484,-0.010746864874430662,-0.01882019339742791
BOR,1868-07-18,0.44697477708000005,8.92395,10.56959,42288.752646034525,0.09407295685457484,0.08534743395624766
BOR,1869-07-24,0.39114291684,8.91339,10.67637,36636.320850626194,-0.014495656256937828,-0.021808223186255526
BOR,1870-07-30,0.5085498652,8.07456,10.78508,47153.091604327456,0.17899212160449918,0.1697502050807589
BOR,1871-08-05,0.43830137884000003,8.37265,10.87237,40313.32440305104,-0.12545450303029448,-0.13090862748066412
BOR,1872-08-11,0.44809300224,8.13698,10.93984,40959.74001813555,0.00045169291576363513,-0.0036945766448458484
BOR,1873-08-17,0.47929693448,7.55382,11.00746,43542.918573403855,0.06992866412800391,0.06483623148247619
BOR,1874-08-23,0.4172663456,7.5156,11.06071,37725.095911564444,-0.06964338305034146,-0.07307053431554467
BOR,1875-08-29,0.48960314416,7.71396,11.13596,43965.95750703127,0.15671621718054096,0.15087269273025505
BOR,1876-09-04,0.45440886504,7.25836,11.18927,40611.127002923335,0.0046540024899779375,0.0008345302434089596
BOR,1877-09-10,0.49650001908,8.20765,11.24061,44170.202424957366,0.07731955193932416,0.07355004079653016
BOR,1878-09-16,0.44681441168,8.24077,11.33361,39423.83862511592,-0.09149570893232573,-0.0969428889983387
BOR,1879-09-22,0.49218970164,8.17556,11.41962,43100.35724831474,0.03587065027675784,0.029775092880086174
BOR,1880-09-28,0.55819874708,8.23081,11.50567,48515.10143085974,0.11933726572465075,0.11319585919530906
BOR,1881-10-04,0.65303963712,8.39733,11.58088,56389.46583679305,0.2142759598986137,0.2085228496104945
BOR,1882-10-10,0.6554986308,8.57462,11.66769,56180.66907845512,0.010851801681537987,0.0050246610641302425
BOR,1883-10-16,0.69710333108,8.59423,11.76215,59266.658823429396,0.007711208511132606,0.0018306353419548227
BOR,1884-10-22,0.63662197144,8.41613,11.86939,53635.60987043142,-0.07469336252615666,-0.0810529907857801
BOR,1885-10-28,0.6393784987200001,8.29712,11.97551,53390.50267754777,0.03441522904142191,0.027276880220985067
BOR,1886-11-03,0.48785807408,8.09444,12.05746,40461.098281064165,-0.14289022352691583,-0.18907701809740718
BOR,1887-11-09,0.60189120628,8.55175,12.15263,49527.650087265065,0.19958052833248385,0.1924763304752044
BOR,1888-11-15,0.6267553380399999,8.57837,12.26302,51109.379095850774,0.041587053907962135,0.03429731431496341
BOR,1889-11-21,0.70202653092,8.39028,12.36774,56762.717434228085,0.07527092395135138,0.06878916819684888
BOR,1890-11-27,0.59934469816,8.03885,12.45722,48112.23516643361,-0.12630532520329996,-0.1312151387763777
BOR,1891-12-03,0.65648125608,8.13478,12.55729,52278.89585093599,0.061970645902876376,0.05581561140005942
BOR,1892-12-09,0.64418119324,8.20596,12.65703,50895.13047215658,-0.037326294262166826,-0.04315040754772004
BOR,1893-12-15,0.5996143774399999,8.27886,12.76066,46989.29188929099,0.02684819900814528,0.020476185020430915
BOR,1894-12-21,0.66873622452,7.63626,12.85475,52022.49942783797,0.13572788147832338,0.1292802534026818
BOR,1895-12-27,0.9017288961200001,7.62405,12.898170000000002,69911.38247673895,0.3273732859007037,0.3239227344931457
BOR,1897-01-02,0.63731016596,9.15477,13.01856,48953.96771685962,-0.2536630782521022,-0.25929987502502794
BOR,1898-01-08,0.69443620428,9.17944,13.17238,52719.11410694195,0.07208767088813328,0.06296559842532501
BOR,1899-01-14,0.61399164216,8.88199,13.31196,46123.30882604816,-0.06257073432843263,-0.07018565571178514
BOR,1900-01-20,0.65817180364,9.96455,13.50127,48748.88093046062,0.00987310053134105,-0.0009400112640468583
BOR,1901-01-26,0.57930845024,9.72124,12.70367,45601.66079880853,-0.07611038719361418,-0.03508862098135612
BOR,1902-02-01,0.59308085356,9.02218,13.78186,43033.44059219873,0.08459519566196883,0.0027590853584480435
BOR,1903-02-07,0.75053387916,8.91617,13.95708,53774.41980414242,0.22376653481274933,0.212446491017094
BOR,1904-02-13,0.76809382468,8.3629,14.0862,54528.10727378569,0.01431657280324794,0.00726101898132292
BOR,1905-02-19,0.8421951059599999,8.10509,14.20545,59286.76007870218,0.026063270491560875,0.019336446027847565
BOR,1906-02-25,0.79243653788,6.08925,14.10239,56191.648215657064,-0.04621492149964501,-0.040316595035428726
BOR,1907-03-03,0.93523302808,5.98266,13.85295,67511.470703352,0.12368932175413327,0.1379208241856471
BOR,1908-03-09,0.7207150220399999,7.34575,13.64155,52832.341049220944,-0.19054679950418674,-0.1805470035324125
BOR,1909-03-15,0.8137436476000001,8.74912,13.79066,59006.86751758074,0.13881000061448767,0.1293647290490656
BOR,1910-03-21,0.74960906696,8.38547,13.93864,53779.211383607006,-0.09146570838984047,-0.09901809444966359
BOR,1911-03-27,0.66050927956,8.50302,9.82021,67260.19907517254,-0.032914806909169814,0.3762328711973384
BOR,1912-04-02,0.67881139404,8.68479,14.21116,47766.079196912855,-0.07722617608875992,-0.23493529686444325
BOR,1913-04-08,0.62125131224,8.51209,14.351479999999999,43288.30979383311,-0.07928388963611477,-0.08619305742799266
BOR,1914-04-14,0.68331895164,8.52591,14.50551,47107.54407394156,0.01704550438511565,0.009026153714308371
BOR,1915-04-20,0.8055942564799999,8.65092,14.66352,54938.66796512706,0.11548819402343513,0.10635289206699206
BOR,1916-04-26,1.22901574224,9.26601,14.82719,82889.32307740038,0.3152034689255818,0.30430119459472804
BOR,1917-05-02,1.34349365904,9.29227,15.01978,89448.29145566713,0.06285200251143541,0.05287304760296285
BOR,1918-05-08,1.18356333368,9.88989,15.2083,77823.51306063136,-0.09463191875711896,-0.10332012317002981
BOR,1919-05-14,1.05567497048,9.80688,15.407459999999999,68517.13199190522,0.058185892753602975,0.047337635672517475
BOR,1920-05-20,0.97094268856,8.63194,14.52591,66842.12476602154,-0.0987192847532169,-0.05085552096661816
PON,1837-01-13,0.12658509864,8.70103,1.1508605277743609,109991.69368055556,0,0
PON,1838-01-26,0.12735908588,8.5998,1.152,110554.76204861111,0.007349373705271223,0.007058275741283815
PON,1839-01-25,0.17036502444,9.10817,1.152,147886.30593750003,0.2363732172694195,0.24975131174302434
PON,1840-02-07,0.17213882451999998,10.00435,1.152,149426.06295138889,0.005931441539599236,0.005218914692053156
PON,1841-02-20,0.19994814528,11.26735,1.1528758171216233,173434.2435763889,0.14815694351511577,0.14940390246951218
PON,1842-02-12,0.19805639828,11.03865,1.152,171923.9568402778,-0.03186808274665254,-0.03231379225114572
PON,1843-02-18,0.2009297316,10.97217,1.152,174418.16979166667,-0.0024940704705768146,-0.0035194105627059935
PON,1844-03-03,0.17857165196,10.8905,1.152,155010.1145486111,-0.107734009418741,-0.10757405773796014
PON,1845-03-02,0.19149981396,11.51996,1.152,166232.47739583335,0.04098115012902137,0.04145677527301328
PON,1846-03-15,0.15498312179999998,12.06396,1.152,134533.95989583334,-0.17643893685266931,-0.17439749181490283
PON,1847-03-28,0.15486426436,11.67135,1.152,134430.78503472224,-0.016815604431293596,-0.01726163494313837
PON,1848-03-20,0.14133101528,10.91037,1.152,122683.17298611111,-0.0014734502501377866,-0.005407433224639879
PON,1849-03-26,0.15748807932,10.00311,1.152,136708.4021875,0.10321151622720492,0.1032041159129724
PON,1850-04-08,0.13776107019999997,7.56018,1.152,119584.26232638888,-0.085826051811001,-0.08098242667040101
PON,1851-04-07,0.15460787108000001,7.23722,1.152,134208.22142361113,0.0893147401103207,0.0764316752832539
PON,1852-04-20,0.15558468796000002,7.27756,1.1602816403399463,134092.17430555556,-0.003616983911193361,-0.005847617096843671
PON,1853-05-03,0.15693646592,7.54745,1.152,136229.57111111112,0.013239142624772438,0.012861048423467691
PON,1854-04-25,0.15640852656,8.77491,1.152,135771.29041666668,-0.014661727211545683,-0.015690199852980813
PON,1855-05-01,0.15397236036,9.03439,1.152,133656.5628125,0.02954947825041132,0.03419034156114109
PON,1856-05-14,0.16442011352000002,8.67931,1.146264121164619,143439.9895138889,0.07238525770576687,0.07272460176155016
PON,1857-05-13,0.164897382,8.70767,1.152,143140.0885416667,-0.010215147483139453,-0.009333463105404172
PON,1858-05-26,0.17530944392,8.99354,1.152,152178.33673611112,0.02331557754635205,0.03010966892904854
PON,1859-06-08,0.15977180128000001,8.92762,1.152,138690.79972222223,-0.07055286917632486,-0.07287379366475977
PON,1860-05-31,0.15871518728,8.47639,1.1520000000000001,137773.60006944445,-0.01805298310213599,-0.015063931567943722
PON,1861-06-06,0.17021421872,8.48933,1.152,147755.39819444445,0.06802177710105539,0.0641628303570494
PON,1862-06-19,0.16876598232,8.845,1.152,146498.2485416667,-0.01568294451019836,-0.017495067945751952
PON,1863-06-18,0.12982527948,7.46902,1.149311512218696,112959.1743402778,-0.26975724008910207,-0.2677565587131504
PON,1864-07-01,0.15087845032,7.49923,1.152,130970.87701388891,0.19796491636608105,0.1898916139857847
PON,1865-07-14,0.16329610856,7.80371,1.152,141750.09423611112,0.02552339102964063,0.02928877038862021
PON,1866-07-06,0.14265288024,7.40586,1.152,123830.62520833334,-0.09832195539303701,-0.09853811824523462
PON,1867-07-12,0.1709462872,8.33701,1.2658436353545903,135045.34243055558,0.1518595563130134,0.12766365866700502
PON,1868-07-25,0.15955127552,8.69192,1.1520000000000001,138499.3711111111,0.06118327786797484,0.05388213137163089
PON,1869-07-24,0.18260244288,8.51717,1.152,158509.065,0.10535255228510132,0.08627889043566705
PON,1870-08-06,0.28005023644,8.20632,1.152,243099.1635763889,0.5080477078084402,0.5146810138855022
PON,1871-08-19,0.28653595204,8.84633,1.1579329348533265,247454.70434027776,-0.008818952490708076,0.004389252485647477
PON,1872-08-11,0.34072516712,9.14126,1.152,295768.3742361111,0.011311240455179172,0.014732051028646609
PON,1873-08-17,0.32138921256,9.43509,1.152,278983.69145833334,-0.013599184104558293,-0.015888779472217784
PON,1874-08-30,0.34043262916,10.21484,1.152,295514.43503472226,0.05593644115747631,0.05158415840152797
PON,1875-08-29,0.35585303624,10.76691,1.152,308900.20506944443,0.0029649904011253003,0.0047214696295379
PON,1876-09-11,0.32060214732,10.59848,1.152,278300.47510416666,-0.0410205530791502,-0.04190848675194769
PON,1877-09-24,0.31386471272,10.89554,1.152,272452.0075694445,0.057106578398363306,0.05671273684946998
PON,1878-09-16,0.31506143084,8.5956,1.1519999999999997,273490.8253819445,0.006281959788625446,0.007191715409955224
DEN,1866-08-24,3.6507994572399998,9.60655,21.76761,167717.05562714508,0.1160704707698863,0.11728629150435732
DEN,1867-09-06,3.5735777625600003,9.91372,22.12547437693647,161514.17599819181,0.006803295701927947,0.006605953019788835
DEN,1868-09-05,3.58378706036,9.99108,21.76761,164638.51843909366,-0.021417956617077683,-0.02363279513681238
DEN,1869-09-18,3.70630690508,10.04158,21.76761,170267.0575722369,0.011624326822225362,0.011451689981299085
DEN,1870-10-01,3.5821987552,9.77259,21.76761,164565.55199215715,-0.009968751144817212,-0.006918398064921449
DEN,1871-09-23,4.27253900632,9.72477,21.76761,196279.6561643653,0.15611055854482014,0.1531707193312295
DEN,1872-09-29,4.405694962759999,9.74498,21.76761,202396.81631377994,0.01742727202208294,0.017722251375428266
DEN,1873-10-12,4.605302168480001,10.0318,21.76761,211566.73463370578,0.010047113194760593,0.007059143817900848
DEN,1874-10-11,4.81621971688,10.29306,21.70471398740233,221897.40531367474,0.04026809180937296,0.047133218154254974
DEN,1875-10-24,4.6656263742399995,10.32525,21.76761,214338.01755176613,-0.03315413694160063,-0.033417129040798965
DEN,1876-11-06,5.34902431908,10.54,21.76761,245733.19345026853,0.09382472062632696,0.09677532249258136
DEN,1877-10-29,5.25166561764,10.75721,21.76761,241260.55261188524,-0.004377456654052758,-0.004733311883640123
DEN,1878-11-04,5.42935796312,11.27656,22.49397724578942,241369.4076327167,-0.01611363528280907,-0.01874787279804846
DEN,1879-11-17,5.387630849120001,11.76959,21.76761,247506.7703399684,0.015829309731376418,0.021798861309468842
DEN,1880-11-16,5.9178186438800005,11.67205,21.76761,271863.5001215108,0.05893042106216906,0.06271125878212214
DEN,1881-11-29,6.0102931470400005,12.41546,21.76761,276111.76178919047,0.06159489779178284,0.06492406817391738
DEN,1882-12-12,6.4343672562,12.51246,21.847964917663234,294506.48060122353,0.02524382309472295,0.020557297600811264
DEN,1883-12-04,6.48579108892,12.43534,21.76761,297956.04978773504,0.0026805002058467586,0.0017608707936562773
DEN,1884-12-10,6.80625732488,12.72015,21.76761,312678.20972904237,0.02800634125289969,0.027996402830856137
DEN,1885-12-23,5.4740883808000005,12.97628,21.76761,251478.61344447095,-0.18638920158013184,-0.18625762058541062
DEN,1886-12-22,1.27148803132,9.4731,21.76761,58411.926312535,-0.6572975168097072,-0.6321467521695485
DEN,1888-01-04,1.08785980888,9.20711,21.76761,49976.07954571034,-0.1337771682046952,-0.14019529699158895
DEN,1889-01-17,1.1136935305600002,8.40561,21.76761,51162.87596846875,-0.08087309477350424,-0.07411145604691094
DEN,1890-01-09,1.13086375896,8.33457,21.76761,51951.6731032943,-0.034085404836246225,-0.03365666090482433
DEN,1891-01-15,1.13355144812,8.20709,21.76761,52075.14504899711,-0.006450635869087451,-0.0046740699048842815
DEN,1892-01-28,1.11864311936,8.47826,21.76761,51390.25916763484,-0.03973404107016221,-0.03863639977682176
DEN,1893-01-27,1.1197239742,8.23445,21.76761,51439.913440198536,0.0009840875704913987,-0.0016223875695158263
DEN,1894-02-09,1.06843067188,8.36752,21.61171980791415,49437.55894377012,-0.055446525007550984,-0.05664390005068387
DEN,1895-02-22,1.09501983812,8.54786,21.76761,50305.00997215587,0.038907729083538234,0.03656595212220015
DEN,1896-02-14,1.07623907352,8.77708,21.76761,49442.22510050483,-0.007523181044601146,-0.007934869415653911
DEN,1897-02-20,1.09536816116,8.55554,21.76761,50321.011868551475,0.0008322479256615001,0.00035353809969174144
CHL,1838-05-04,0.7946692935999999,9.22411,10.97667,72396.2088320046,-0.026326940004224864,-0.020257438158481356
CHL,1839-05-17,0.81427106696,9.54096,11.35169038692721,71731.26109021857,0.022495007121569488,-0.0058684189068005654
CHL,1840-05-16,0.84418608352,9.6462,11.29058,74769.062662857,0.027311720788896876,0.031259092575497416
CHL,1841-05-29,1.02542383892,9.16231,11.713078179385858,87545.20572778804,0.1860642875468752,0.18494675007562922
CHL,1842-06-11,1.13450285572,9.5479,12.86217,88204.62299285425,0.10481938892205522,0.009327117808720864
CHL,1843-06-03,1.19547511824,9.45622,12.86217,92945.05656821515,0.04661344706824089,0.046161092145683646
CHL,1844-06-09,1.16473807996,9.51394,14.95443,77885.82245929801,-0.022683949557721905,-0.04199901380568405
CHL,1845-06-22,2.60185958344,8.99091,15.40586966670478,168887.54998772632,0.9446395723469889,0.8387074763184776
CHL,1846-06-21,2.96436698376,8.80649,32.32358,91709.11711388404,0.12174242474182018,-0.46794918518471973
CHL,1847-07-04,3.2172343632000002,9.15025,33.45028,96179.59440698255,0.05280774624950402,0.01829760905778066
CHL,1848-07-17,3.3392151540799997,9.14404,36.35699,91845.20374431435,0.024083225771349914,-0.05939241627310465
CHL,1849-07-09,3.71597439252,9.28515,36.73836,101146.9862160423,0.08356231375843604,0.07524299042880744
CHL,1850-07-15,3.9530716024799997,9.37222,40.17974,98384.6984196513,0.11407039238469507,0.01603662334771694
CHL,1851-07-28,4.01608952524,9.72466,40.81228,98403.94913589733,0.039695273251939334,0.028099119010050577
CHL,1852-07-27,4.57743368576,9.04273,41.51666907515272,110255.32124154789,0.09346324916672799,0.10287526146076975
CHL,1853-08-09,4.2320887663599995,9.60914,43.3847,97547.95507079684,-0.011345662515983235,-0.0555117200913533
CHL,1854-08-22,4.64197771232,9.47943,43.74681,106110.08465120084,0.05503762777840193,0.04184422583602476
CHL,1855-08-14,4.638251704319999,9.72629,44.48851,104257.29484579276,0.026944170862859718,0.015182451793376517
CHL,1856-08-20,4.042094433,9.39521,45.15664725016435,89512.72247045067,-0.08667129982675514,-0.09696699651189811
CHL,1857-09-02,4.12328384728,9.50083,46.21322,89223.03720190888,0.04977256010459308,0.026710404937083876
CHL,1858-09-01,4.67032160764,9.74196,48.99546,95321.5177006196,0.0923995608098862,0.03908541103238927
CHL,1859-09-14,4.83941733132,9.35358,49.5943,97580.11165234714,0.030279915650578415,0.021598062555204578
CHL,1860-09-27,4.81032681116,9.3714,50.1444470827135,95929.4017785328,0.003475516179507032,-0.00650589132317525
CHL,1861-09-19,4.8348487356000005,9.55931,50.55856,95628.68751799893,-0.021358675868682786,-0.030633264274878114
CHL,1862-09-25,5.0608631616399995,9.57584,51.46311,98339.6293313793,0.027952167109726478,0.016308218962709287
CHL,1863-10-08,5.161566238920001,9.58976,52.63727,98059.15540300628,0.005845411788031107,-0.01136843809631094
CHL,1864-10-07,5.1344335354,9.62677,53.96552,95142.85298094043,0.006217124863826751,-0.015381958228075976
CHL,1865-10-20,4.91542722996,9.42806,59.14369,83109.91806497025,-0.043289758930342925,-0.09840162656514617
CHL,1866-11-02,4.93169482936,9.51711,60.78351,81135.40710893464,-0.004466257201456658,-0.020642502758521086
CHL,1867-10-25,5.29741414332,9.32221,61.38165,86302.89578921387,0.054225596788963326,0.04354605589574789
CHL,1868-10-31,6.99758378696,9.05257,78.64538,88976.41268895897,0.19708181385899493,-0.05232270170403008
CHL,1869-11-13,7.23971138332,9.32356,79.64611,90898.49313820852,0.039634665159229865,0.028952220367194803
CHL,1870-11-12,6.38516008988,9.61815,79.64611,80169.13933247965,-0.14150271437424544,-0.14464837827972854
NIC,1837-09-08,0.09916364744,11.14616,2.96046,33496.02677962209,0,0
NIC,1838-09-14,0.08948441008000001,10.9527,3.01922,29638.25427759488,-0.10762357689261837,-0.12016106639539303
NIC,1839-09-20,0.09536533136,11.70095,3.07491,31014.02361695139,0.06435188860064334,0.04926565445314468
NIC,1840-09-26,0.09599067296,10.98556,3.13129,30655.312334533053,0.03396046159172772,0.019582126719200232
NIC,1841-10-02,0.09644127688000001,11.74643,3.19142,30218.923513671034,-0.0016196835292839884,-0.015326991166641046
NIC,1842-10-08,0.12435716852,11.64687,3.2484399999999996,38282.119577397156,0.19265822178776215,0.1761051918336045
NIC,1843-10-14,0.10379054556,11.82075,3.30758,31379.602476735254,-0.07651383369581977,-0.08953360690378875
NIC,1844-10-20,0.1044049682,11.82434,3.37303,30952.872699027284,0.004579152676455367,-0.009555846246214972
NIC,1845-10-26,0.10145276752,11.92657,3.41593,29699.896520127753,-0.05124272654643114,-0.06024807489848094
NIC,1846-11-01,0.10223128396,11.89213,3.45954,29550.542546118846,0.00909825131779396,-0.0007125275475283743
NIC,1847-11-07,0.10327095584,11.93196,3.52852,29267.499076099895,0.014798594988674196,0.00013396637732410177
NIC,1848-11-13,0.10507022083999999,12.93329,3.60499,29145.77317551505,0.013126795923822154,-0.003712812044780578
NIC,1849-11-19,0.08754615948,11.96719,3.6881399999999998,23737.211570059706,-0.05714373826535302,-0.0723504148182672
NIC,1850-11-25,0.09488989067999999,12.92774,3.75713,25255.950866752013,0.025843134458044092,0.011230591220432462
NIC,1851-12-01,0.09798352408000001,12.95772,3.83165,25572.148834053216,0.02906291458291954,0.01353869680003461
NIC,1852-12-07,0.10411758916000001,12.95266,3.9154,26591.81415947285,0.022952411761945735,0.00723123998096864
NIC,1853-12-13,0.13096366088,10.677,3.98925,32829.14354327254,0.06384589400614038,0.04876069782143322
NIC,1854-12-19,0.13107509688,10.68596,4.06103,32276.318293634868,-0.000505436793810321,-0.014118790738981368
NIC,1855-12-25,0.1544287706,10.57219,4.1419,37284.52415558077,0.17299139971282984,0.15623586380926446
NIC,1856-12-31,0.13192880012,10.79765,4.20642,31363.67745493793,-0.08444483438715222,-0.09523646678121056
NIC,1858-01-06,0.13304381219999997,9.82332,4.28222,31068.88767975489,-0.0068191199311896655,-0.019330626408912255
NIC,1859-01-12,0.14583968724,9.64427,4.35928,33454.99422840469,0.09884027497879799,0.08367720759233421
NIC,1860-01-18,0.17153326476,8.91223,4.42545,38760.63784699861,0.07028298807629851,0.057976584173005996
NIC,1861-01-24,0.14656931588000002,9.0278,4.48299,32694.544462512746,-0.13455856470490235,-0.14237797124380158
NIC,1862-01-30,0.14761999096,10.7703,4.54239,32498.308370703526,-0.0017730264037003618,-0.011780169198666424
NIC,1863-02-05,0.178209122,10.82995,4.6097,38659.59216434909,0.12052188751311155,0.10760402574231342
NIC,1864-02-11,0.1854735922,10.63556,4.68154,39618.072728204825,-0.036945853148178,-0.04758239817043075
NIC,1865-02-17,0.18401411236,10.719,4.75625,38688.906672273326,-0.0052002065062404235,-0.017358484578611
NIC,1866-02-23,0.18477463836000002,10.77752,4.83391,38224.67492361256,0.0027462637745712115,-0.009691665583670739
NIC,1867-03-01,0.19969309308,10.90277,4.9238,40556.70276615622,0.15877438031851088,0.14339627191621385
NIC,1868-03-07,0.19477856528,10.67411,4.99621,38985.26388602561,-0.027043149492985474,-0.037816265924363934
NIC,1869-03-13,0.1957145736,10.68177,5.08183,38512.617226471564,0.0031322998868892338,-0.009031019056222278
NIC,1870-03-19,0.19601315396,10.73646,5.16317,37963.722666501395,0.019605335713236638,0.006996422079215581
NIC,1871-03-25,0.19560319271999999,10.73191,5.24678,37280.61643903499,0.011313785035459878,-0.0011374437004442184
NIC,1872-03-31,0.23849700576,10.70364,5.3367,44689.9780313677,0.21678092838156604,0.20190061453938624
NIC,1873-04-06,0.32401578144,10.15978,5.41195,59870.431441532164,0.35847978844758144,0.34382165540542675
NIC,1874-04-12,0.26740035296,10.2983,5.49741,48641.15155318595,-0.019555463514450144,-0.031442932400367773
NIC,1875-04-18,0.25592697624,10.17587,5.58975,45785.0487481551,-0.026658545811282575,-0.0384612749855211
NIC,1876-04-24,0.25236978988,10.14312,5.66904,44517.20042194093,-0.009247901795390034,-0.020002251777917923
NIC,1877-04-30,0.25576145087999996,10.10864,6.20145,41242.20156253779,0.007530614826460225,-0.06327073301190222
NIC,1878-05-06,0.33944336608000003,10.01209,6.4482,52641.56913247108,0.23807249737623515,0.20561584887758166
NIC,1879-05-12,0.27659160256000004,10.26031,6.54936,42231.85205271966,-0.06277881725030343,-0.07410841325483686
NIC,1880-05-18,0.27717213056,10.22991,6.66425,41590.89628390292,-0.017463341375475006,-0.02971635764367797
NIC,1881-05-24,0.33519418920000005,10.28212,6.77571,49469.97277038126,0.13554274008424527,0.12108545032343776
NIC,1882-05-30,0.34540948364,10.15416,6.90544,50019.90946847703,0.07076453838688823,0.055092525373459544
NIC,1883-06-05,0.34171284992,10.3191,7.04474,48506.098155503256,0.057365635503078716,0.0421353715201056
NIC,1884-06-11,0.37308992032,10.24143,7.32939,50903.270302167024,-0.02815741333201771,-0.05102815087820589
NIC,1885-06-17,0.35668809956,10.31296,7.8728,45306.38394980185,-0.03297486482482148,-0.08868810952907957
NIC,1886-06-23,0.3396114462,10.38969,7.99367,42485.047068492946,0.037338163311864125,0.026202531901535986
NIC,1887-06-29,0.43359621188,10.36943,8.14891,53209.10549754507,0.11391224750115492,0.09740651622804175
NIC,1888-07-05,0.38483634592,10.4558,8.31132,46302.67465577068,-0.0813639361321471,-0.09416361954194474
NIC,1889-07-11,0.33838605944,11.28248,8.48081,39900.20522096356,-0.054714257895632556,-0.06924972208723668
NIC,1890-07-17,0.38529923744,10.59818,8.65837,44500.2047082765,0.11053708996289902,0.09297463535032136
NIC,1891-07-23,0.39885019095999996,10.62172,8.84792,45078.41288800079,-0.04077859997374522,-0.05584213376775449
NIC,1892-07-29,0.38141182351999997,11.40905,9.03493,42215.249428606534,-0.0010073700063216728,-0.017141587632155675
NIC,1893-08-04,0.37813745892,10.41327,9.21774,41022.795058224685,0.0059134621355916295,-0.009523575128128847
NIC,1894-08-10,0.40338939784,10.28021,9.40094,42909.474780181554,0.06341675720172257,0.04843447011344715
NIC,1895-08-16,0.40739587771999997,10.20331,9.54907,42663.40886808872,-0.03353926964183118,-0.045386071296713904
NIC,1896-08-22,0.3840975112,9.96192,9.69642,39612.30136483362,-0.06751827481120332,-0.0786289214643443
NIC,1897-08-28,0.46872462884000005,9.94451,9.86672,47505.61775747158,0.22858539519415055,0.2129601970215973
NIC,1898-09-03,0.45782210656,9.0214,9.99779,45792.3307610982,-0.006981063908709562,-0.01712825923635164
NIC,1899-09-09,0.4217890716,9.46029,10.13833,41603.4072278176,-0.034195126622743044,-0.044034825993528925
NIC,1900-09-15,0.40724232224,9.26978,10.25884,39696.72226489545,-0.032571950567176655,-0.0415911321883331
NIC,1901-09-21,0.42161368964,9.25614,10.37374,40642.399909772175,0.08700816139395862,0.07772904107288325
NIC,1902-09-27,0.39333059636,9.46506,10.04431,39159.543697874724,-0.08300308654201827,-0.05008177675833925
NIC,1903-10-03,0.39325914992,9.49728,9.85576,39901.45355812235,0.0566056974253637,0.07087611457020504
NIC,1904-10-09,0.38555013848,9.51653,9.983100000000002,38620.282124790894,0.0038344446833999957,-0.006132604143345377
NIC,1905-10-15,0.35901506628,9.49509,10.10908,35514.118622070455,-0.0385781395719047,-0.04705885153628975
NIC,1906-10-21,0.39187594264000003,9.5454,9.92232,39494.38665957156,0.031843644314573316,0.028638883602351006
NIC,1907-10-27,0.29531168316,10.61046,8.92966,33070.87651265558,-0.2526746133703296,-0.18386322282263834
NIC,1908-11-02,0.36187322444000003,10.44083,9.09346,39794.88824275908,0.18502801620866283,0.1693728265198362
NIC,1909-11-08,0.41732897804,10.44247,9.27304,45004.54845875786,0.14435524330622962,0.12711486565317287
NIC,1910-11-14,0.4641271466,9.58976,9.43353,49199.73187131435,0.061504485812601484,0.0485651813911776
NIC,1911-11-20,0.42770096824000003,9.05211,9.57075,44688.34398976047,-0.03999519537380869,-0.05084147948072271
NIC,1912-11-26,0.29326506144000003,9.1507,9.69676,30243.61347914149,-0.19980179366743578,-0.20807489638868204
NIC,1913-12-02,0.42039712468,10.36389,9.81093,42849.875055677694,0.362915729369945,0.351803631311961
NIC,1914-12-08,0.37678184076,10.78762,9.94562,37884.19834660886,-0.09439673598789466,-0.10382060728948905
NIC,1915-12-14,2.67672002624,11.84904,10.11071,264741.05441062007,4.030510810452527,3.9673323692424525
NIC,1916-12-20,4.14554412792,15.764,10.33105,401270.357603535,0.3036696022784766,0.28305895806232106
NIC,1917-12-26,3.92113000812,16.41689,10.55222,371592.89780918136,-0.054694942068782004,-0.06980503102427627
NIC,1919-01-01,4.368379512640001,16.26977,11.37837,383919.6222868478,0.06811563713253399,0.008953513356349418
NIC,1920-01-07,4.87524018124,16.20849,12.03539,405075.3802942821,0.10965056975595489,0.06305358087803303
NIC,1921-01-13,5.49931821816,16.59043,12.6229,435662.02838967275,0.07253979368693031,0.03458217603960745
WAD,1881-03-29,0.18209893572000002,7.26559,4.38755,41503.55795831387,0.0697467452605367,0.09634644430569117
WAD,1882-04-11,0.18396836068000003,7.47719,4.38755,41929.63286572233,0.007323574307265712,0.007097478610626817
WAD,1883-04-10,0.18692690952,7.55024,4.5939586208439405,40689.72425477796,0.010727131044951044,0.00038873891653112835
WAD,1884-04-23,0.19850212304,7.52402,4.59192,43228.56736180073,-0.06611009833014392,-0.0874669418545202
WAD,1885-05-06,0.19274036756000001,7.33113,4.59192,41973.8078102406,-0.013730188004939303,-0.01792388366340547
WAD,1886-04-28,0.1987384932,7.37212,4.95807,40083.84173680485,0.10495842347239326,0.03462059390903072
WAD,1887-05-04,0.20444291348,7.35752,5.017205317972626,40748.36498072839,-0.0073513022524483995,-0.009390900956787851
WAD,1888-05-17,0.22757150104,7.79451,4.95807,45899.21099137366,0.0794521090400575,0.08563621071766625
WAD,1889-05-16,0.21041965567999998,7.35307,4.95807,42439.83156349144,-0.049312657655453895,-0.049255022863930686
WAD,1890-05-29,0.213749796,7.50296,5.37145,39793.686248592094,0.03188909835824982,-0.04853502440769997
WAD,1891-06-11,0.2370876378,8.64886,5.307796168842496,44667.81132096547,0.13083911996461062,0.13184676100806803
WAD,1892-06-03,0.23687720003999999,8.70162,5.37145,44099.30280278137,-0.013252686126172808,-0.014535224690539139
WAD,1893-06-09,0.24223461704000002,8.60948,5.37145,45096.690286607896,0.015369882002162383,0.018594743318128604
WAD,1894-06-22,0.23532209168,8.52886,5.37145,43809.789103500916,-0.02338535615425441,-0.02217503839209589
WAD,1895-06-21,0.24593573836,8.35944,6.04597,40677.63127504768,0.0035573700804416575,-0.03922127427348954
WAD,1896-07-04,0.24740527552,8.30932,6.04597,40920.6918856693,0.0032647178737374993,0.00504292974563092
WAD,1897-07-17,0.25186239572,8.57092,6.04597,41657.897032238005,-0.0026764464376574093,-0.0017310013281843784
WAD,1898-07-09,0.24319531132,8.45503,6.04597,40224.366200957,-0.006549022711608621,-0.005122949039000124
WAD,1899-07-15,0.25372172488,8.48534,6.5996,38445.01558882357,0.011609284037018996,0.0017038061620020528
WAD,1900-07-28,0.24638384004000002,8.06153,6.643750000000001,37085.05588560677,-0.014069746470067646,-0.018840187396034547
WAD,1901-07-27,0.26352634620000004,8.64784,6.643750000000001,39665.30140357479,0.03135052454987197,0.03462507008858262
WAD,1902-08-09,0.261382836,9.34218,6.979665702662554,37449.19128437477,-0.004250424612448733,-0.05311803578898411
FIN,1837-01-13,0.85014730476,10.172,14.62813,58117.29214602276,0,0
FIN,1838-01-19,0.83119384296,10.01164,14.8066,56136.71220671863,-0.05472443783746073,-0.06303199962481199
FIN,1839-01-25,0.78892607508,10.02944,15.02214,52517.555759698684,0.03225689113285157,0.02113765756596786
FIN,1840-01-31,0.90730952884,9.97733,15.2576,59466.071258913595,0.032678236852745624,0.020665367095863196
FIN,1841-02-06,0.84550064976,9.74548,15.48414,54604.30154726061,-0.008214545608479229,-0.019222084891508007
FIN,1842-02-12,1.09484597248,9.39817,15.698660000000002,69741.36470756102,0.0970681687409436,0.08567749135003888
FIN,1843-02-18,1.0183869238399998,9.84428,15.90901,64013.21790859393,0.02537305908702403,0.015015582340638378
FIN,1844-02-24,1.1409870264000002,10.14631,16.15098,70645.06465861514,-0.030868021181590377,-0.04180426266714676
FIN,1845-03-02,1.1595072164,10.08632,16.40518,70679.33520997636,0.005827807633960402,-0.005934321973382062
FIN,1846-03-08,1.18747985928,10.03378,16.65332,71305.89331616758,0.022253329517802234,0.010660057352291252
FIN,1847-03-14,1.25723074204,10.07307,16.90551,74368.1049574961,-0.03645147263490345,-0.04717098174185852
FIN,1848-03-20,1.39314235008,10.13028,17.1643,81165.11305908192,0.14775094601071337,0.13462027218600436
FIN,1849-03-26,1.6524576504800002,10.16426,17.42174,94850.32209641517,0.08955007892694411,0.07723608398598425
FIN,1850-04-01,1.3072156661199998,10.2426,17.69186,73887.97255460986,-0.030570559614251702,-0.041744202693501986
FIN,1851-04-07,1.4115714938000001,10.28137,17.96699,78564.71750693912,0.06434674387206973,0.05223442099837827
FIN,1852-04-13,1.4959333859600001,10.7381,18.28152,81827.62625646008,0.09774998429678616,0.08329123118961945
FIN,1853-04-19,1.6947734533599998,10.71984,18.61116,91062.21500218147,0.0479732267884474,0.034234631810939664
FIN,1854-04-25,1.71155204012,10.71655,18.92814,90423.67819130671,-0.0013266995452142494,-0.014195732017358687
FIN,1855-05-01,1.69949000208,9.71529,19.19669,88530.36654131519,0.02915520931811111,0.018261540455321024
FIN,1856-05-07,2.1777631304000002,9.74685,19.47059,111848.85154481708,0.17618147026154007,0.16370350429917258
FIN,1857-05-13,2.16061304732,9.8568,19.74856,109406.1059297488,-0.020757419412580025,-0.03125648200222941
FIN,1858-05-19,2.42378550648,10.05006,20.02694,121026.25296126118,0.02083582574754672,0.010220624184848592
FIN,1859-05-25,2.5484538138799997,10.22061,20.32468,125387.15560983,0.025292336048595265,0.013893210158534064
FIN,1860-05-31,2.6833462250399998,10.23546,20.6252,130100.37357407443,0.018340305359882514,0.006987766033612841
FIN,1861-06-06,2.85549648384,10.23934,20.92804,136443.56967207632,0.06220673165525392,0.050610439908322924
FIN,1862-06-12,2.66909304532,10.16378,21.22748,125737.63090673034,-0.01673905695726763,-0.02722841506341045
FIN,1863-06-18,2.99872571596,10.31826,21.53348,139258.75965984134,0.07379169315813616,0.062257201424633424
FIN,1864-06-24,3.2061636401599998,10.42863,21.851390000000002,146725.8439925332,0.05103269491767315,0.039553402735558185
FIN,1865-06-30,3.47968077704,10.56519,22.17802,156897.72022209378,0.07504234384303987,0.06290097189751065
FIN,1866-07-06,3.2568152864,10.60433,22.50545,144712.29352890077,-0.03086683438869564,-0.041447147778981064
FIN,1867-07-12,3.47598185896,10.56565,22.842069999999996,152174.55593823153,0.023923939537504824,0.012534617032562423
FIN,1868-07-18,3.62826090744,10.65451,23.17404,156565.7480283973,-0.0039036446040864314,-0.014552108568901767
FIN,1869-07-24,3.71569104296,10.75103,23.52221,157965.2185300616,-0.005161752716929424,-0.01632596088270255
FIN,1870-07-30,3.86249846476,10.7633,23.87438,161784.24171685296,0.019189905187643408,0.007792589311217402
FIN,1871-08-05,3.81601689768,10.06565,24.18908,157757.83525789322,0.006831909436447736,-0.0030162392963958284
FIN,1872-08-11,3.6209407286,10.25597,24.49014,147853.00241648272,-0.025648163182818484,-0.03466608220452971
FIN,1873-08-17,3.97349891952,10.31705,24.80094,160215.65793554598,0.03951632594381449,0.029644170955916094
FIN,1874-08-23,4.1082711046,10.26714,25.11787,163559.692943709,0.03974124526463574,0.029881772278409935
FIN,1875-08-29,4.28359818796,10.16425,25.430539999999997,168443.06837212265,0.06552322839876745,0.05564491479600364
FIN,1876-09-04,4.294909640839999,9.93525,25.73059,166918.4282536856,0.029053717738483753,0.01995198133174214
FIN,1877-09-10,4.311253406720001,9.88722,26.04365,165539.52332795135,0.016806393980619116,0.007673025704566516
FIN,1878-09-16,4.513946900840001,10.17285,26.36265,171225.0817288854,0.01628610870813718,0.006907871049859571
FIN,1879-09-22,4.450234161879999,10.19338,26.68884,166745.1324928322,0.02492069290933263,0.01552556611822875
FIN,1880-09-28,5.35978349504,10.28047,27.04302,198194.70957903372,0.15033194561891516,0.13895842547991943
FIN,1881-10-04,5.455117082999999,10.38337,27.40929,199024.3849074529,0.004418699115532609,-0.005779486809606271
FIN,1882-10-10,5.66732573472,10.52604,27.81099,203780.07883646,0.051716317595587924,0.04011486148680676
FIN,1883-10-16,5.67227399492,10.70519,28.22508,200965.73667532566,0.03637261421288085,0.024977761260470244
FIN,1884-10-22,6.3439663768,10.85468,28.64904,221437.31087673444,0.07304531514993795,0.06088611820693979
FIN,1885-10-28,5.89934906704,10.8988,29.077409999999997,202884.26882036607,-0.04104753833003527,-0.05165117944805264
FIN,1886-11-03,6.1279994037600005,10.88751,29.50219,207713.37327025554,0.029673481932810386,0.01827408869117364
FIN,1887-11-09,6.21427276964,10.49469,29.923270000000002,207673.58546174932,0.006907247685503215,-0.0038144292395966284
FIN,1888-11-15,6.37506389052,10.65408,30.35588,210010.84107988304,0.01658522165419174,0.005649235091341742
FIN,1889-11-21,6.416888699,10.70409,30.78286,208456.54689005506,-0.009462626787691053,-0.019918723968883723
FIN,1890-11-27,6.61602021652,10.71504,31.21373,211958.65462153993,0.015589583158691633,0.004985210354916392
FIN,1891-12-03,6.45642794732,12.5616,31.74531,203382.10423271975,0.018525994237158283,0.005739113765207415
FIN,1892-12-09,6.59023702116,12.71047,32.34009,203779.1799948609,0.06058887352364328,0.045805380839524235
FIN,1893-12-15,7.06134278564,12.65986,32.95003,214304.5935205522,0.036092883816428056,0.0215565743001378
FIN,1894-12-21,7.42776069412,12.42484,33.5628,221309.3274136842,0.03531607666735748,0.021168082031884028
FIN,1895-12-27,7.21475753076,12.78039,34.19035,211017.363986037,-0.037745630038791944,-0.05129403889058548
FIN,1897-01-02,7.81910032904,12.75091,34.82685,224513.5672344757,0.0561918788587461,0.041601604574754925
FIN,1898-01-08,8.31078803412,12.65175,35.44586,234464.2797246279,0.010627447247855581,-0.0025819807664920758
FIN,1899-01-14,8.65401481412,12.7193,36.08464,239825.44412581087,0.021588707522349093,0.007910381025153734
FIN,1900-01-20,8.483465536,12.23231,36.71807,231043.3401319841,-0.028436971453738136,-0.04110102176605801
FIN,1901-01-26,8.4462914198,12.49909,37.41002,225776.1802800426,-0.03665808685927774,-0.0502332749442812
FIN,1902-02-01,8.815240854159999,12.57648,38.11451,231283.069208026,-0.001308101649130422,-0.015297002110828184
FIN,1903-02-07,9.078086670120001,12.5063,38.83636,233752.25356135337,0.02629204438541355,0.011860025333036095
FIN,1904-02-13,8.85268319156,12.30169,39.56663,223741.14731428982,-0.014952900491576271,-0.028698468202844052
FIN,1905-02-19,9.09631676564,12.14331,40.29064,225767.49254020286,0.0006978212796453498,-0.0128906021058528
FIN,1906-02-25,9.5457417848,11.95378,41.01008,232765.74405121861,0.028830976344895287,0.015268244260298713
FIN,1907-03-03,8.953451663520001,11.8511,41.71928,214611.84525523934,-0.055742397775360386,-0.06804995559211713
FIN,1908-03-09,9.849936211960001,11.7887,42.4729,231911.08240689946,0.10462026264242064,0.08987888137777444
FIN,1909-03-15,10.7650356086,11.83635,43.23956,248962.65384291607,0.06412295915399358,0.049701478780375785
FIN,1910-03-21,11.35030980772,12.38663,44.09663,257396.30914471243,0.06351345281914211,0.04843786892196866
FIN,1911-03-27,12.1869015502,12.51041,45.344319999999996,268763.5750232885,0.05622541902806999,0.03416933484992879
FIN,1912-04-02,12.718902684280001,12.32134,46.73734999999999,272135.7262292364,0.10481323461926162,0.07941959613243643
FIN,1913-04-08,14.54894286664,12.57083,47.92161999999999,303598.7278109547,0.08840510914116906,0.06743987418600428
FIN,1914-04-14,16.30330392496,12.76416,48.90890000000001,333340.2289759123,0.04949015302860382,0.03321886867303214
FIN,1915-04-20,15.28129965388,12.34856,50.18149,304520.64404384966,-0.04822611202712712,-0.06690900050447968
FIN,1916-04-26,14.90177003172,12.95063,51.31443,290401.16068170295,-0.037891662827293726,-0.053704467273868906
FIN,1917-05-02,17.18082612116,13.73669,52.64025,326381.924879916,0.13314505352702644,0.11231912615812911
FIN,1918-05-08,18.97060524684,13.97115,54.049479999999996,350985.8974931859,0.0796034452356964,0.05865988609282602
FIN,1919-05-14,20.15046147816,14.21877,55.60518,362384.6101776849,0.057220752216208925,0.03534130199300778
FIN,1920-05-20,19.30071427128,14.56136,57.16289,337644.13015647046,-0.025390419751555537,-0.04561585450235306
WTU,1863-05-21,0.017260055280000002,7.65028,0.60429,28562.536662860548,0.18173721579032076,0.17909048300259145
WTU,1864-06-03,0.018087966,8.34058,0.60429,29932.591967432854,0.02863740656033409,0.0278787784110055
WTU,1865-06-02,0.01824371484,9.21414,0.60429,30190.330536662863,-0.14849921747743722,-0.17485147644515342
WTU,1866-06-15,0.036517623480000004,8.11976,1.36823,26689.681910205156,0.5975607582948659,-0.2686737590837278
WTU,1867-06-28,0.03099081232,8.25463,1.36823,22650.294409565642,-0.14396847358115528,-0.1412720926659332
WTU,1868-06-20,0.03819386272,7.52927,1.7958100000000001,21268.320546160227,0.23633868291797366,0.061516084420432326
WTU,1869-06-26,0.04132584612,6.42583,1.79581,23012.371086028033,0.1798838430375942,0.17270591179002404
WTU,1870-07-09,0.048904858079999995,7.9509,1.7953378179921344,27239.91974652107,0.25716232988934085,0.24851857870789118
WTU,1871-07-08,0.08862253140000001,6.48114,1.79581,49349.614602881156,0.7930753366582768,0.7747070941201346
WTU,1872-07-21,0.09457121855999999,6.42139,1.8385671113693334,51437.45799388577,0.03522952530629109,0.02715684173208177
WTU,1873-08-03,0.10239304971999999,7.00028,2.61042,39224.7415051984,0.12887409330922783,-0.23309445317589905
WTU,1874-07-26,0.10645690744,7.09009,2.61042,40781.52459757434,0.00730811149493471,0.008012593500563936
WTU,1875-08-01,0.11439832352000001,7.17222,3.2355,35357.231809612116,0.013758571695684951,-0.04004273123350399
WTU,1876-08-14,0.11723067252,7.6844,3.267591939280181,35876.77858754443,0.020877648643073288,0.0178301850545719
WTU,1877-08-13,0.1231246952,5.89088,3.2355,38054.30233348787,0.12850774834318335,0.10221610998348285
WTU,1878-08-26,0.128927344,6.51805,3.7161599999999995,34693.701024713686,0.03240429515470811,-0.10916201270198167
WTU,1879-09-08,0.15362621144000002,6.57695,3.71616,41340.042258675625,0.08737103106618771,0.09885294888840024
WTU,1880-08-31,0.1390210406,8.05843,3.71616,37409.864107035224,-0.0979735697440971,-0.0894849327799836
WTU,1881-09-06,0.16696907344,8.09566,4.4421,37587.86912496342,0.07228551534810901,0.02183531106584735
WTU,1882-09-19,0.15822510912,8.10361,4.4421,35619.43880597015,-0.08181623405481298,-0.08200170236568483
WTU,1883-09-18,0.14755015652,8.46801,4.428318790022672,33319.6780801873,-0.04372748857750308,-0.04528161328727609
JAP,1888-12-13,26.37140916904,8.50983,430.70152256176993,61228.96666857705,0.02216189870400287,0.023855023066973402
JAP,1889-12-26,26.91175070116,8.55779,428.50208,62804.24753401431,0.027124194224147358,0.030327924825956032
JAP,1890-12-25,22.52733454868,8.68044,428.56367,52564.73221045545,-0.1451960134143645,-0.15003419259826534
JAP,1892-01-07,23.08110584624,8.7451,428.56367,53856.88863043384,0.021341613294252992,0.023820104223752914
LAH,1837-01-13,0.10334141272,7.70661,0.74956,137869.43369443406,0,0
LAH,1838-01-19,0.1274987064,8.08332,0.70489,180877.45094979357,0.21886724909576682,0.27859209315774836
LAH,1839-01-25,0.0980386056,8.74415,0.70023,140009.14785142025,-0.2385384604246661,-0.24260445109159778
LAH,1840-01-31,0.10077500056,8.80737,0.71838,140280.9106044155,0.030594191269474935,0.02717572420674985
LAH,1841-02-06,0.10026955327999999,8.58819,0.6953,144210.48940025887,0.011926217523615446,0.02704234617660428
LAH,1842-02-12,0.0736093982,8.8422,0.73348,100356.38081474614,-0.22077681683950567,-0.2536339097864222
LAH,1843-02-18,0.10896120299999999,7.42015,0.7363799999999999,147968.71588038784,0.48686744618266853,0.4951632320178536
LAH,1844-02-24,0.08978222188,7.25442,0.72701,123495.1677143368,-0.16064334607436104,-0.16278624119299068
LAH,1845-03-02,0.06531291312,7.12032,0.74711,87420.7454323995,-0.19599109855139374,-0.20912901922888205
LAH,1846-03-08,0.0705973528,5.7977,0.71903,98184.15476405714,0.058582770043399846,0.09504254937681722
LAH,1847-03-14,0.06300142264,5.52079,0.69351,90844.28867644303,-0.16590587031474513,-0.13996001926789203
LAH,1848-03-20,0.041321449,4.87334,0.6695,61719.8640776699,-0.4095896035154102,-0.3964760296310018
LAH,1849-03-26,0.06130318428,5.13218,0.64522,95011.28960664579,-0.014267964137324007,0.016149256963511327
LAH,1850-04-01,0.07307972516,5.33409,0.64273,113702.06021190858,0.049018767269364716,0.05259415432669834
LAH,1851-04-07,0.05501244476,5.43575,0.62775,87634.32060533651,-0.10551376663271661,-0.10292265561446612
LAH,1852-04-13,0.05608883436,5.45422,0.60709,92389.65286860267,0.00297589791664854,0.03099469811001554
LAH,1853-04-19,0.05739032988,5.51665,0.60975,94121.08221402213,0.0030990474820640213,0.003041846904703105
LAH,1854-04-25,0.0318413576,4.85427,0.61054,52152.778851508505,-0.21665521586056935,-0.21697062780391296
LAH,1855-05-01,0.04147950664,4.72649,0.60373,68705.3925430242,0.40258913182465617,0.41127530950663016
LAH,1856-05-07,0.05276799008,5.32723,0.61057,86424.14478274401,0.1023014108959368,0.09604153685373995
LAH,1857-05-13,0.05890346176,5.88425,0.60807,96869.54094101008,-0.10626460547747352,-0.11567811996970401
LAH,1858-05-19,0.06065668492,5.94369,0.60066,100983.39313421903,0.024597352287375918,0.03296107621129374
LAH,1859-05-25,0.04003558728,5.82473,0.5844400000000001,68502.47635343234,-0.34535566807777374,-0.3355995603372838
LAH,1860-05-31,0.040906027240000004,5.80157,0.57384,71284.72612574934,0.009994278545078172,0.020155336300702986
LAH,1861-06-06,0.04190947696,5.85483,0.56556,74102.61857274207,0.021127115352413517,0.027959345564793958
LAH,1862-06-12,0.043057293760000004,6.06777,0.55706,77293.8171112627,0.02893221673143387,0.035084600998514404
LAH,1863-06-18,0.04240659696,6.49304,0.55173,76861.14034038388,-0.010734469655506729,-0.0075439268794826875
LAH,1864-06-24,0.04097184936,7.13714,0.55774,73460.48223186431,-0.024481779778765866,-0.033096797104601006
LAH,1865-06-30,0.04287248316,7.1612,0.56189,76300.49148409831,-0.03023960194605757,-0.04331000246286876
LAH,1866-07-06,0.0381937244,7.07703,0.56463,67643.80992862582,-0.06089829972728911,-0.0705098254572315
LAH,1867-07-12,0.03677147136,7.14933,0.5668,64875.56697247707,-0.029897778457903756,-0.03546228919158234
LAH,1868-07-18,0.03753014616,6.91816,0.57038,65798.49602019705,0.016896507057538646,0.004464414466458733
LAH,1869-07-24,0.05447016952,6.66996,0.57157,95299.21010549889,0.4726564035922254,0.45739753783873516
LAH,1870-07-30,0.05381700116,6.5934,0.58091,92642.58002100153,-0.011066470554391028,-0.012920838939338153
LAH,1871-08-05,0.05169538764,6.44366,0.57938,89225.3575201077,-0.03551790043041991,-0.04117620867928462
LAH,1872-08-11,0.049909648359999996,6.12075,0.58786,84900.56877487837,-0.01654685839763692,-0.025963165963502788
LAH,1873-08-17,0.05064078708,6.81802,0.58434,86663.22189136462,0.010644863895270973,0.007257339882919656
LAH,1874-08-23,0.05116370376,6.38763,0.58246,87840.71654705903,0.017231214310907017,0.015580981181072318
LAH,1875-08-29,0.051516573680000004,6.34969,0.58133,88618.46744534085,0.0210843215844998,0.020402894114130987
LAH,1876-09-04,0.06667997492,6.51872,0.5583,119433.95113738131,0.30222450721577765,0.34020638515570734
LAH,1877-09-10,0.06956570504,6.52223,0.56872,122319.77957518639,0.026349437585368563,0.009820151001969313
LAH,1878-09-16,0.06698489771999999,5.9505,0.56835,117858.53386117707,-0.07994077902524666,-0.08112277130754908
LAH,1879-09-22,0.06755606936,5.31851,0.55724,121233.34534491423,0.016066595281080787,0.027482757025367954
LAH,1880-09-28,0.04465404112,6.06067,0.54898,81340.01442675508,-0.36199983378861,-0.3513833188175268
LAH,1881-10-04,0.042160423239999995,6.79936,0.56556,74546.33149444798,-0.06379504636608357,-0.08320781661579602
LAH,1882-10-10,0.0254213778,5.19666,0.52958,48002.90381056686,-0.5391782075126776,-0.47843043265480156
LAH,1883-10-16,0.03511603472,7.24074,0.51908,67650.52539107653,0.0816550975792989,0.09587623644922028
LAH,1884-10-22,0.035633839800000004,7.60694,0.512,69597.34335937501,0.013128945805001901,0.023979381449099835
LAH,1885-10-28,0.035291497799999995,7.76352,0.50571,69786.0390342291,-0.006328700983648794,0.0023766421603079735
LAH,1886-11-03,0.035635695679999996,7.87394,0.50077,71161.80218463564,0.012988715093188219,0.02107434547287146
LAH,1887-11-09,0.04511550212,8.98972,0.50698,88988.72168527357,0.27096788591443066,0.25260510652294976
LAH,1888-11-15,0.06103616064,9.4789,0.51303,118971.91322144904,0.1275845661529844,0.12741735343312754
LAH,1889-11-21,0.06989861164,10.0814,0.5079,137622.78330379995,0.08403323046868505,0.08653878830456563
LAH,1890-11-27,0.0337014366,9.73797,0.50893,66220.1807714224,-0.3720029335730245,-0.37621983384102065
LAH,1891-12-03,0.03546808304,9.26774,0.50315,70492.06606379808,0.07086150560660487,0.07941184468559537
LAH,1892-12-09,0.0381411914,9.0153,0.51744,73711.33155534942,0.07804437643416451,0.043381956689088286
LAH,1893-12-15,0.03693662232,9.06927,0.51175,72177.083185149,-0.0281478803330395,-0.019698879901807076
LAH,1894-12-21,0.03789261476,9.16597,0.50745,74672.60766577988,-0.0034304769192929907,0.003190665145829996
LAH,1895-12-27,0.03000049468,5.68117,0.50378,59550.78542220811,-0.20874327537985393,-0.2041742047233065
LAH,1897-01-02,0.03964845716,4.98974,0.48661,81478.91979203057,0.4316320066506305,0.4748193553209179
LAH,1898-01-08,0.035761766040000004,5.20693,0.46952,76166.65113307208,-0.07706857009477075,-0.05227907919430508
LAH,1899-01-14,0.032034237560000005,5.43044,0.45849,69868.99945473183,-0.08285690051319183,-0.06585407704206359
LAH,1900-01-20,0.029401490040000002,5.60613,0.44925,65445.7207345576,-0.06642413995310847,-0.051661657443616504
LAH,1901-01-26,0.02696875532,6.21234,0.43877,61464.446794448115,-0.06133558067529221,-0.04594271140065087
LAH,1902-02-01,0.024842414479999998,6.27662,0.42749,58112.27041568224,-0.06286004424443803,-0.04355779851503172
LAH,1903-02-07,0.0232019398,6.43771,0.41727,55604.140724231314,-0.05311909606484799,-0.035218183805140524
LAH,1904-02-13,0.018827307720000002,6.57126,0.40748,46204.24982821243,-0.09063818711925575,-0.07457835218774556
LAH,1905-02-19,0.02074765264,5.99669,0.40201,51609.79239322405,0.21880658398024733,0.2311308090782851
LAH,1906-02-25,0.019498190920000002,5.9165,0.39402,49485.28226993554,-0.05402638108427771,-0.040021864373208205
LAH,1907-03-03,0.0188606626,6.04225,0.38811,48596.17788771224,-0.035130121405061,-0.02389461640606305
LAH,1908-03-09,0.01801940296,6.15483,0.38187,47187.270432346086,-0.04205823748803328,-0.030168174268443204
LAH,1909-03-15,0.01744982096,6.25674,0.3768,46310.56518046709,-0.025471869960553506,-0.01602170542872028
LAH,1910-03-21,0.012684264839999999,6.40532,0.37326999999999994,33981.47410721462,-0.19979884404767834,-0.19365890353352744
LAH,1911-03-27,0.01441377756,7.42669,0.37304999999999994,38637.65597104946,-0.03969493596693929,-0.038904384090341804
LAH,1912-04-02,0.01504326512,5.63304,0.36803,40875.10561638996,-0.008669463609517147,0.001044718691778801
LAH,1913-04-08,0.039497719040000004,6.23569,0.9440800000000001,41837.25853741208,1.6534085709812159,0.023808117734320566
LAH,1914-04-14,0.041267884319999996,9.1077,0.91633,45036.05068043172,0.2513893580425415,0.2759126579632547
LAH,1915-04-20,0.0326250054,6.75088,0.88122,37022.54306529584,-0.16565901410335226,-0.14217806946621003
LAH,1916-04-26,0.025653204720000003,5.7426,0.81242,31576.28408951035,-0.25937198029277464,-0.19447360265892633
LAH,1917-05-02,0.023201645479999998,4.89746,0.76087,30493.57377738641,0.022518316444184894,0.07012934121623093
LAH,1918-05-08,0.0165588072,5.00488,0.72347,22888.035716753977,-0.1902077351409469,-0.16035170011257815
LAH,1919-05-14,0.012537345600000001,4.8428,0.69842,17951.01171215028,-0.11377630233335057,-0.09079972922910096
LAH,1920-05-20,0.00886457364,5.68854,0.68783,12887.73917973918,-0.20178660475492305,-0.19230656742314656
