country,date,gdp,sol,pop,gdpc,gdpGrowth,gdpcGrowth
MEI,1874-02-01,0.28840441551999996,8.21119,4.18552,68905.2771268564,0.6771728089932099,-0.1633607872111592
MEI,1875-02-07,0.33382818092,7.30601,4.21149,79266.05095108856,0.13745125973809103,0.13162713497263567
MEI,1876-02-13,0.29091796448,8.27329,4.23147,68751.0402956892,-0.10730534910951572,-0.11036777601005865
MEI,1877-02-19,0.31767582444,8.89924,4.25883,74592.27638576792,0.16424792619908546,0.15881831835119664
MEI,1878-02-25,0.32896457984,8.84211,4.29559,76581.93166480042,0.021483351825039465,0.014734024776858146
MEI,1879-03-03,0.31600106928,9.12852,4.32684,73032.76046260088,-0.04760959479302629,-0.05237544053826515
MEI,1880-03-09,0.3136568448,8.4847,4.36059,71929.9096681871,-0.01865378318465727,-0.02440432885534427
MEI,1881-03-15,0.31213356668,8.35239,4.38887,71119.3465926309,-0.0003328043943930936,-0.005227246238283079
MEI,1882-03-21,0.31825598948,8.64385,4.41702,72052.19570660761,0.01157431063126202,0.006726976869184664
MEI,1883-03-27,0.31874949028000005,8.89441,4.44651,71685.31956073416,0.007498579261841165,0.002398942930801784
MEI,1884-04-02,0.31866631887999997,8.84522,4.47545,71203.19049034175,-0.008595893626020201,-0.013448197235943593
MEI,1885-04-08,0.31604285596000004,8.60052,4.50372,70173.73548089135,-0.02834630443115771,-0.03251954801438972
MEI,1886-04-14,0.31960137040000003,8.46629,4.53838,70421.90614272053,0.004986175860741238,-0.0009792720171759584
MEI,1887-04-20,0.32333122379999996,8.40305,4.57128,70731.00396387883,0.017288787046935594,0.011869092060173614
MEI,1888-04-26,0.32028973703999997,8.24978,4.59086,69766.82735696579,-0.0038457505974659467,-0.0068629911561534085
MEI,1889-05-02,0.31964871691999996,8.18795,4.60538,69407.67470219612,-0.003179404971793365,-0.005664190124026192
MEI,1890-05-08,0.32647515472,8.50999,4.62081,70653.23065003756,0.01974314343070538,0.01730947998781951
MEI,1891-05-14,0.33034202916,8.56324,4.63608,71254.60068851271,0.016805874571462986,0.014129033198788887
MEI,1892-05-20,0.32896572071999997,8.49804,4.65024,70741.66510115606,-0.001581419506425319,-0.0038495482531315517
MEI,1893-05-26,0.35880697476,7.88186,4.66096,76981.34606604648,0.08859303983391209,0.08663138553013572
MEI,1894-06-01,0.33050320576,8.61655,4.65271,71034.55959215167,-0.08550046866238192,-0.08445355315558867
MEI,1895-06-07,0.3315644618,8.61733,4.637,71504.08923873195,-0.001633135520098583,0.0011102670692531014
MEI,1896-06-13,0.42064330151999996,8.84095,4.62563,90937.51586702783,0.12102702027556878,0.12305856234255308
MEI,1897-06-19,0.34250346468,9.09935,4.62544,74047.75863053028,-0.11458132030280233,-0.11467698823778494
MEI,1898-06-25,0.34252372908,9.05567,4.62737,74021.25377482241,-0.0023002840711624506,-0.00248911816323083
MEI,1899-07-01,0.34669485291999996,9.1948,4.62829,74907.76354117827,-0.01944847529021876,-0.019625051498558088
MEI,1900-07-07,0.33554959827999997,8.80107,4.61766,72666.58833261869,-0.03105320883585405,-0.029382812872955633
MEI,1901-07-13,0.33351537804,8.83777,4.60286,72458.29289615586,-0.0022041941508869067,0.0003117062355286748
MEI,1902-07-19,0.32766241664,8.44447,4.58488,71465.86533126276,-0.011424258180497193,-0.00843070175729721
MEI,1903-07-25,0.31424093636,8.29584,4.57615,68669.28233558778,-0.04577896735515574,-0.044389866466743144
MEI,1904-07-31,0.33896186948,8.13719,4.5741,74104.60407074617,0.020314328666435788,0.020535067373879112
MEI,1905-08-06,0.67176638048,11.54968,4.57672,146778.99903861282,0.9210431937549213,0.9209263541139039
MEI,1906-08-12,1.31155341824,14.08128,4.64079,282614.25710708735,0.5781656623835558,0.5613265714127174
MEI,1907-08-18,1.5125784413999999,15.20611,4.71247,320973.59588496055,0.05961030335174877,0.04765507633823707
MEI,1908-08-24,1.7149255000799999,15.86163,4.78794,358176.06320881215,0.09285812692674322,0.07972027178279029
MEI,1909-08-30,1.6584163777999998,16.98418,4.86718,340734.5480956118,-0.0637159726304456,-0.07523497776792643
MEI,1910-09-05,1.7994146066,16.61956,4.94711,363730.46214860794,0.019469372705649413,0.006994776497730282
MEI,1911-09-11,1.7322129396,16.84332,5.02944,344414.67431761784,-0.08228013577968873,-0.09371789797590224
MEI,1912-09-17,1.7272144271199998,17.00328,5.11444,337713.3033372177,0.0456623682337951,0.032579937553928406
MEI,1913-09-23,1.92632797604,16.67992,5.19838,370563.1323681609,0.08519353153902709,0.07189845469920231
MEI,1914-09-29,1.9886458170799999,17.43808,5.28316,376412.1883645394,0.017779661799593116,0.00539751062456828
MEI,1915-10-05,2.31596596192,18.26427,5.36432,431735.236138038,0.08444673467522734,0.07221779090202252
MEI,1916-10-11,2.5512387534400003,20.29086,5.43652,469277.91187009343,0.05328056915057,0.04271122805391836
MEI,1917-10-17,2.57670493704,20.58774,5.50157,468358.1117826366,-0.015840942390227486,-0.024619276909698118
MEI,1918-10-23,2.52325293168,18.42616,5.57413,452672.06392387685,-0.06865288271903647,-0.07760358361490738
CLM,1837-01-13,0.99449602616,8.75905,16.38407,60698.96101273981,0,0
CLM,1838-01-19,1.002320735,9.34249,16.61093,60341.03659457959,0.004280227662198932,-0.00629901579414216
CLM,1839-01-25,0.9905259551200001,8.97035,16.86667,58726.823677702836,-0.02234009325112485,-0.03362113136153555
CLM,1840-01-31,1.07412774508,9.86004,17.1274,62713.99891869169,0.059901419715134185,0.047904034990893685
CLM,1841-02-06,1.08168259004,9.86832,17.41981,62094.97061334194,0.0060524179206784545,-0.006846118408521562
CLM,1842-02-12,1.14749941592,10.16593,17.73054,64718.80810849529,0.056351634242843174,0.04234185969111404
CLM,1843-02-18,1.27967209136,10.27947,18.05049,70894.03619292329,0.06490178704900629,0.050660961768199675
CLM,1844-02-24,1.0536395636,10.56706,18.37748,57333.19060066996,-0.056765321457245776,-0.06959739555426525
CLM,1845-03-02,1.07954060604,10.23396,18.69925,57731.75961816651,-0.00025057261758509863,-0.013281154607221124
CLM,1846-03-08,1.10329432512,10.34445,19.02553,57990.201856137515,0.022021238534810195,0.008763480946734292
CLM,1847-03-14,1.20779275344,9.88078,19.66758,61410.338915108005,0.13181936795649696,0.10367390862138559
CLM,1848-03-20,1.28685858964,9.76497,20.27247,63478.13510835137,0.007130914226408436,-0.01504921116957203
CLM,1849-03-26,1.1965711316,10.27252,20.59675,58095.14275795939,0.12406967069422992,0.11044861711364007
CLM,1850-04-01,1.38821842328,9.68496,20.8846,66470.91269547897,0.1483747463457128,0.13648069665929485
CLM,1851-04-07,1.3352975901200002,10.42523,21.23834,62872.031906448436,-0.05263266533886857,-0.06458581376101535
CLM,1852-04-13,1.2824730022,11.20378,21.62162,59314.38080032856,-0.054174070770170446,-0.06681330707106459
CLM,1853-04-19,1.3889233254,11.14656,22.05947,62962.67885855825,0.042204060020218925,0.026259118788117153
CLM,1854-04-25,1.57385338344,9.98695,22.45138,70100.51869595544,0.06098828963859804,0.04729770943398259
CLM,1855-05-01,2.8471991028,9.74557,23.01895,123689.35606532879,0.7309496855080724,0.6967025062505636
CLM,1856-05-07,3.04202249676,9.67414,23.92706,127137.32889707302,0.04105823805372211,0.010254395459870391
CLM,1857-05-13,3.22174501532,9.87089,24.78304,129997.97503938177,0.04312895906199654,0.01546495666938652
CLM,1858-05-19,3.29350072272,10.0684,25.94887,126922.70309728323,0.04860843006866422,0.012114511110911108
CLM,1859-05-25,3.51762385624,10.08812,27.20909,129281.2018424725,0.03647472355835446,-0.00007727225937337323
CLM,1860-05-31,3.77862523012,10.14357,28.24359,133787.00193990918,0.045405390869736495,0.01626954849579687
CLM,1861-06-06,3.79365518792,10.18212,29.39812,129044.14254789082,0.035529414341177956,0.004340961345848715
CLM,1862-06-12,4.35014092812,10.27602,30.600469999999998,142159.28474693364,0.11593307174556888,0.08271590694551789
CLM,1863-06-18,4.57504780512,10.3015,31.68234,144403.72160389667,0.060808471466168745,0.033663230001815814
CLM,1864-06-24,4.74513432952,10.23546,32.54439,145804.9860366103,0.021488367852807055,-0.000019646844754195314
CLM,1865-06-30,4.6157955485199995,10.26623,33.02249,139777.3320097909,-0.0005700554024483662,-0.011472267148041504
CLM,1866-07-06,4.75425377908,10.42222,33.82981,140534.4510974197,0.03078395135231249,0.013689557644175343
CLM,1867-07-12,5.0281475608,10.36336,35.21411,142787.8643191607,0.03242309149412814,0.001110014163709927
CLM,1868-07-18,4.97800321772,10.29773,36.4799,136458.79560305813,-0.007399017016920917,-0.03427551058152423
CLM,1869-07-24,5.0860368650000005,10.53823,37.7919,134580.07840304406,0.012496905420679827,-0.01380497961421634
CLM,1870-07-30,5.2371910136,10.50922,39.22739,133508.52589478935,0.043442553790741245,0.014753635110651642
CLM,1871-08-05,5.58454507104,10.48577,40.71607,137158.25400241232,0.07702371884597525,0.04691917683754654
CLM,1872-08-11,6.08242258572,10.53581,42.20611,144112.3710694968,0.05753496524646562,0.029370305342149905
CLM,1873-08-17,6.2426115070799995,10.57109,43.86519,142313.56360430675,0.01231849176294264,-0.01609513921117478
CLM,1874-08-23,6.425061142760001,10.43927,45.59147999999999,140926.7947160303,0.045329052627099076,0.015600311485303608
CLM,1875-08-29,7.14322907688,10.40634,47.29194,151045.38060565924,0.08155914912662565,0.051954483340204805
CLM,1876-09-04,7.46547767472,10.46571,48.73689000000001,153179.19700497916,0.030568180458793615,0.007161551991001547
CLM,1877-09-10,7.671011013639999,10.60762,49.81894,153977.80469917666,0.023618494851122218,0.007125970452516617
CLM,1878-09-16,8.3029582532,10.64526,50.89969,163123.94541499173,0.0799435281535763,0.06258006348898482
CLM,1879-09-22,8.9665726982,10.75704,51.98332,172489.41964845647,0.03306720979412514,0.016670331364145197
CLM,1880-09-28,9.41217365296,10.87629,53.04605,177434.0154066137,0.03906055306125222,0.023375200193766377
CLM,1881-10-04,9.282846514240001,10.94597,54.32101,170888.6950783868,0.004397107752560414,-0.014661254397294932
CLM,1882-10-10,10.23118081388,10.82395,55.40658,184656.42192461618,0.08295715295376738,0.06685415365680036
CLM,1883-10-16,10.85509555104,10.61501,56.60073,191783.6669428115,0.014019584962831955,-0.002013885733462284
CLM,1884-10-22,11.62374440188,10.58729,57.59568,201816.2543072675,0.052051533512556425,0.03842257682729677
CLM,1885-10-28,11.69668347432,10.50022,58.896559999999994,198597.05684542528,-0.015862234383106855,-0.03256867719039935
CLM,1886-11-03,12.6181556982,10.65248,59.91358000000001,210605.93772229934,0.07988225062656107,0.06645881463094239
CLM,1887-11-09,12.829046500399999,10.86595,60.97531,210397.39692016324,-0.011261596314099953,-0.02394824643104143
CLM,1888-11-15,9.220926923,10.19026,61.765899999999995,149288.31156026223,-0.07289427826900108,-0.08184295924290397
CLM,1889-11-21,9.280221810599999,10.04401,62.51319000000001,148452.2196131728,-0.025051839346853066,-0.033719458614180686
CLM,1890-11-27,9.51173182544,10.29137,63.20505000000001,150490.0609277265,-0.00556991652903549,-0.013915792904835134
CLM,1891-12-03,10.0019509616,11.28371,63.942229999999995,156421.67878098716,0.0863233145657103,0.07675483636719149
CLM,1892-12-09,10.29886793156,11.5329,64.79487,158945.7302956237,-0.0010066962254122735,-0.010916161956446846
CLM,1893-12-15,10.75637050072,11.42621,65.77415,163534.92216501466,0.06810995621983951,0.05627466064947373
CLM,1894-12-21,10.91994978204,11.72596,66.83879,163377.4307111185,0.03104123449974594,0.019231369716023128
CLM,1895-12-27,11.175102744,11.08509,67.78351,164864.62185271905,-0.00009559243166512577,-0.010818432125924038
CLM,1897-01-02,10.43962843612,10.93387,68.66331,152040.85611544215,-0.03329746876715867,-0.04275515196123991
CLM,1898-01-08,10.679723772120001,11.09089,69.51334,153635.60105326548,0.03948019701722516,0.02993877101470921
CLM,1899-01-14,11.09875261196,10.94721,70.39349,157667.31571285924,0.02876264230993586,0.01869553716238692
CLM,1900-01-20,11.7975743314,10.9152,71.21139,165669.76619049284,0.03784704433436392,0.028802410853670413
CLM,1901-01-26,12.09834376608,11.65391,68.92958,175517.4449935717,0.018928107519137427,0.04292393566658759
CLM,1902-02-01,12.49991048124,12.18218,69.92626,178758.45900009526,0.019455002132899857,0.008197207781845517
CLM,1903-02-07,12.674028341,12.075,70.97193,178578.04262896613,0.007381312437522158,-0.003631001508443643
CLM,1904-02-13,12.672201648080001,11.98401,72.00152,175999.08513153612,-0.02250402259140527,-0.033072009621888165
CLM,1905-02-19,12.921421581119999,12.07536,73.05896,176862.92798474,0.003567541086136883,-0.007332893002131136
CLM,1906-02-25,12.7908747226,12.25247,75.0093,170523.85134376673,0.008755576169433121,-0.013674101271337613
CLM,1907-03-03,12.7903094592,12.42629,72.48552,176453.30349013157,-0.002019745325098188,0.026288401584973364
CLM,1908-03-09,12.72497517148,12.32264,73.53064,173056.7715918153,-0.014024522915698223,-0.024577079651440847
CLM,1909-03-15,13.56463913376,12.23462,74.6372,181740.99689913337,0.02696045560494742,0.015398909380998749
CLM,1910-03-21,14.33302553436,12.37437,75.73662,189248.28615747576,0.047703385343206284,0.03623831934002375
CLM,1911-03-27,20.752777015360003,13.26962,79.99222,259434.9427401815,0.4180357654213187,0.36108120711229974
CLM,1912-04-02,24.09150842332,12.9604,82.68639,291360.0221671305,0.15928948598658144,0.13213622322328433
CLM,1913-04-08,22.79196944804,12.48868,83.46439,273074.1750828108,-0.022846421819527674,-0.029347993571427367
CLM,1914-04-14,27.0504170768,13.59045,82.20129,329075.3353968046,0.34442949247467247,0.36528833621101287
CLM,1915-04-20,30.223919428040002,14.21428,84.6019,357248.70751176984,0.07064313426350499,0.047347453532031736
CLM,1916-04-26,29.89595174904,15.39876,86.28422,346482.2623307019,0.07541737795757886,0.06007157147535991
CLM,1917-05-02,31.486666627,16.10559,87.03367,361775.69700324023,0.038811456333473826,0.03244581991393347
CLM,1918-05-08,32.07383636028,15.82856,88.7954,361210.5622620091,0.01798953798084857,0.00313157719689805
ETH,1914-05-05,10.01376833652,10.62993,91.5831632527959,109340.71264692087,0.04765039113738623,0.0490207529172344
ETH,1915-05-18,11.07298177024,9.8736,96.83954,114343.6014900525,0.0748723802164224,0.06588535040552301
ETH,1916-05-17,10.62198431684,9.53622,96.83954,109686.43920489502,-0.010736941110000453,-0.013059394935504565
ETH,1917-05-30,11.4191148786,10.16855,96.83954,117917.89674548227,0.007129101935676063,-0.0028016103165022788
ETH,1918-06-12,12.053195417640001,10.51292,101.65690892305263,118567.40034032955,0.01878875268245772,-0.030064588808914938
SIN,1875-04-25,3.73591310612,9.82151,21.06071,177387.80440545452,0.11351522304643202,0.11009670269696836
SIN,1876-05-08,4.38620606164,10.136,21.06071,208264.87149008748,0.09569656090449752,0.09913357407192369
SIN,1877-05-07,4.93631976916,10.67641,21.06071,234385.2495552144,0.09230244156824607,0.08360588386103807
SIN,1878-05-20,5.65480049056,10.83234,21.060710000000004,268499.99314173165,0.07794455281508528,0.0799506935494112
SIN,1879-06-02,6.36576960188,11.13186,21.06071,302258.07211057935,0.13429387693047357,0.12284368691726488
SIN,1880-05-25,6.231053964719999,11.22861,21.06071,295861.53385712067,-0.007635850262981969,-0.008097703375935184
SIN,1881-05-31,6.44347396732,11.48426,21.06071,305947.6136996331,0.05128205573146194,0.050691818279714695
SIN,1882-06-13,6.085723702239999,11.7121,21.06071,288960.99429886264,-0.036242590517373885,-0.03587922198455973
D05,1882-11-14,15.538157062480002,9.20343,60.1906,258149.23031968446,0.016527451658618464,0.01691291004161033
D05,1883-11-27,15.04707745996,9.78225,61.10995,246229.58225231737,-0.026035414572482818,-0.039418936173588826
D05,1884-11-26,9.0318716332,12.49996,27.755476391690742,325408.6330834481,-0.2074703159333785,0.7809354656933625
D05,1885-12-09,16.04140970692,11.05838,27.728730000000002,578512.240081677,0.282308329025003,0.2313233512700208
D05,1886-12-22,17.485955110520003,11.31754,63.97664000000001,273317.80960237986,0.0452793586300424,-0.5495169763589798
D05,1887-12-14,19.483986168919998,11.23403,64.48964,302125.8324425443,0.1011781472837241,0.10090034895733813
D05,1888-12-20,21.431618182519998,11.15097,66.03295087670497,324559.4494563262,0.07285240395384318,0.056070345189892734
D05,1890-01-02,23.10041781372,11.34162,65.40502,353190.28743848717,0.07986169921413588,0.07916740682987289
D05,1891-01-01,24.992230450199997,11.21508,65.40502,382114.8659567722,0.06837521594481477,0.06629579657528017
D05,1892-01-14,25.63583554792,11.3378,65.40502,391955.1671709603,0.02773974204888985,0.027115675139194106
D05,1893-01-27,26.45504392648,11.39562,66.95382034887406,395123.74034269556,0.034597239573767036,0.010657712783352258
D05,1894-01-19,27.31453178168,10.9757,67.18948,406529.88803723437,0.01608307162961431,0.01496654557288224
D05,1895-01-25,30.91725046072,11.07055,67.18948,460150.1672690427,0.056586254315495355,0.05873686772186004
D05,1896-02-07,31.24901181272,11.09443,67.18948,465087.86513483955,0.003619046235932677,0.003453539825095442
D05,1897-02-06,30.2492273746,11.08296,68.37398,442408.4626139944,-0.031378980357652964,-0.04521197151622791
D05,1898-02-19,30.144488127,11.04559,68.37398,440876.60433106276,-0.002874038003241375,-0.0049290857150132705
D05,1899-03-04,31.44779982084,11.14592,68.37398,459938.1200398163,0.042830691191071635,0.04179266178686181
D05,1900-02-24,32.05726328532,11.24438,68.37398,468851.7954537676,0.011287547512119245,0.010564141928926185
D05,1901-03-02,32.06551065328,10.9007,70.07293,457601.96773961076,-0.00012165269559305525,-0.02553019434346293
D05,1902-03-15,31.676989955,9.86194,70.07293,452057.44864671706,-0.009420481787435375,-0.010209638814107969
D05,1903-03-14,26.67242652672,7.88593,58.18714,458390.4025308685,-0.08407696734463277,0.12662838291639322
D05,1904-03-27,30.12911237648,9.44463,57.42104176720165,524705.0810856145,-0.024776457366245785,-0.036110669584286104
D05,1905-04-09,31.96642519356,9.49334,58.18713999999999,549372.6825817527,0.05089234855778635,0.04757636986757596
D05,1906-04-01,34.5377004362,9.69799,58.18714,593562.4338333178,0.07948961150706135,0.07950913207732135
D05,1907-04-07,34.73455384516,9.65996,82.65598,420230.37952196563,-0.005989463199909784,-0.15441077096174816
D05,1908-04-20,37.79136846316,9.53032,85.50389116545313,441984.19449744496,0.05829490789519687,0.05378606975640565
D05,1909-04-19,40.51580063232,9.52434,84.53273,479291.2831789533,0.052093753538205334,0.0529927786226958
D05,1910-05-02,43.93785226324,9.33118,86.8001,506195.871470655,0.07616133091256438,0.06129746978260542
D05,1911-05-15,46.79350702572,9.00203,86.8001,539095.0819840069,0.04871848254766875,0.05312828567801775
D05,1912-05-07,50.12404572292,9.20835,100.89491,496794.59273931663,0.06892816784357914,-0.058188834211595264
D05,1913-05-13,51.20072802416,9.33494,101.69921,503452.5639300443,0.025278387582010176,0.01808303401664557
D05,1914-05-26,53.163500689,9.31951,101.69921,522752.3467389767,0.005078923387664025,0.003971360185741402
D05,1915-05-25,54.887872289120004,9.34328,104.68306165122713,524324.2929977544,0.020990861767734126,-0.001389320652733006
D05,1916-06-07,59.1337461312,9.16969,114.26793,517500.8082425226,0.062057024375115066,0.035856554871739554
D05,1917-06-20,61.416384229719995,9.49085,115.13698999999998,533420.0957461195,0.026255388476986052,0.014215943973341139
D05,1918-06-12,63.21760242148,9.50206,116.44143,542913.3120529351,0.03486208162305027,0.022597279433681505
SHS,1884-07-09,3.0994403393199996,11.09429,13.10461,236515.26747610193,0.3276918808374274,0.3132788632654844
SHS,1885-07-15,3.6484666296,10.91157,13.27489,274839.6882836694,0.13429719661238249,0.12303318848184697
SHS,1886-07-21,4.02236883568,11.0229,13.450080000000002,299059.10118601524,0.1515342487227076,0.13984955220609674
SHS,1887-07-27,4.272771275759999,10.67083,11.71015,364877.58703005506,0.03304530418902174,0.17741813976025123
SHS,1888-08-02,5.00768657116,10.8353,13.697540000000002,365590.21336385945,0.13785813667644686,-0.024934824734904604
SHS,1889-08-08,5.94668173372,10.8398,13.82621,430102.08392032236,0.09159259563827415,0.08435556505632436
SHS,1890-08-14,6.02460223976,11.19184,13.92738,432572.5470088416,0.016440979509379172,0.011692462817743943
SHS,1891-08-20,6.5490648444,11.31494,14.05863,465839.47684802854,0.03585660945272906,0.028346439822898528
SHS,1892-08-26,6.85645270856,11.47386,14.18398,483394.13257491903,-0.03050571912490818,-0.03674477327085335
SHS,1893-09-01,6.9082716066,11.98066,14.31052,482740.7813692304,0.022364475688476437,0.015282039060508179
SHS,1894-09-07,7.34171729356,12.64839,14.49751,506412.29380493617,0.009933391993993457,0.0005949519220189714
SHS,1895-09-13,7.1426969068,13.76509,14.67954,486574.9816956117,0.06402350688309633,0.054089282557377105
SHS,1896-09-19,7.76424624976,14.96562,14.89395,521302.0219458236,0.057461362979473574,0.045841188539920585
SHS,1897-09-25,6.98493484364,12.95612,15.10583,462399.9372189413,-0.04455231800268433,-0.055028937213149054
SHS,1898-10-01,8.656252710039999,14.59029,15.31537,565200.3647342506,0.1062802711674824,0.09521302266037535
SHS,1899-10-07,8.43911754452,15.57954,15.556950000000002,542466.0710820565,-0.0065317726163263146,-0.01863647638295196
SHS,1900-10-13,8.674989224199999,16.03752,15.815809999999999,548501.102643494,0.023499333517381205,0.011017492460834388
SHS,1901-10-19,8.75373097872,16.12196,16.05432,545257.0385242103,0.008455826653893217,-0.0033437086164339602
SHS,1902-10-25,8.916784795360002,16.48564,16.28975,547386.2272508786,0.00879725845830781,-0.002040485305796813
SHS,1903-10-31,9.154666312480002,16.79059,16.49395,555031.7730125288,0.018209093732351134,0.008886141288137805
SHS,1904-11-06,9.03101076488,17.35067,16.71955,540146.7602226136,-0.009229592518227414,-0.018952821090773453
SHS,1905-11-12,9.47811407972,17.5386,16.91663,560283.8201060139,0.029789489134702585,0.02083027427000128
SHS,1906-11-18,10.48772729888,17.90141,17.09698,613425.7219041024,0.10492273428070087,0.09620066384485693
SHS,1907-11-24,10.368251351120001,18.26856,17.26824,600423.1671044647,-0.020164982926689,-0.027732475327774675
SHS,1908-11-30,10.5984751834,18.30364,17.44531,607525.7581206639,0.02472394095459407,0.01701531428798919
SHS,1909-12-06,11.162798395840001,18.18509,17.62344,633406.3267920453,0.03922824974249273,0.03131794293986223
SHS,1910-12-12,10.8091787206,17.96368,17.79438,607449.0215787231,-0.031716173155914795,-0.0389911258034652
SHS,1911-12-18,10.92101853284,18.03611,17.97995,607399.8277436813,0.002744596889752371,-0.004866731461981355
SHS,1912-12-24,11.1271108858,18.11233,18.15164,613008.570344057,0.0033471421979396343,-0.003908418307571826
SHS,1913-12-30,10.58944620344,18.39459,18.30526,578491.9855516938,-0.03876403397312478,-0.04478924102240778
SHS,1915-01-05,11.073740540200001,18.55429,18.4692,599578.7873973968,-0.012776743534429591,-0.019678360061946343
SHS,1916-01-11,10.990300397439999,18.08623,18.62073,590218.5573519405,0.0024785334583949936,-0.003320092664306551
SHS,1917-01-17,11.37551758564,18.17937,18.81149,604711.1412035943,0.04546128160391483,0.0375444132548739
SHS,1918-01-23,12.09876953324,18.38512,19.00256,636691.5580448108,0.028682980975844208,0.020919504680809275
SHS,1919-01-29,12.00289193688,18.81386,19.17706,625898.4399527352,-0.004134907911663488,-0.011127410494340073
FZN,1867-09-13,0.09879235548,9.14476,3.02968,32608.181550526788,0.015284846271983898,0.015216958750577492
FZN,1868-09-26,0.0909138178,9.66739,3.13579,28992.31702378029,-0.06732166449537336,-0.10253358195802686
FZN,1869-09-25,0.09130926583999999,9.66316,3.13579,29118.42497105992,0.0023167574088838183,0.0026651146188554353
FZN,1870-10-08,0.09322902056,9.67529,3.13579,29730.632650783376,0.010148572731355943,0.009238288863054
FZN,1871-10-21,0.09344505404,9.6571,3.29806,28333.33961177177,-0.0016296921822499533,-0.05007349216750512
FZN,1872-10-13,0.09383546640000001,9.7222,3.41582,27470.846356072627,0.00840623106612548,0.005442708009563146
FZN,1873-10-19,0.10118797624,9.73168,3.41582,29623.333852486372,0.028014165292570503,0.027579376402862676
FZN,1874-11-01,0.10449024404,9.49376,3.53575,29552.497784062787,0.010441219093399567,-0.025104537924895975
FZN,1875-10-31,0.09617390796,9.76884,3.5357499999999997,27200.4264894294,-0.07256275419115599,-0.07083964824467759
FZN,1876-11-13,0.10421321559999999,9.82706,3.7413699935890152,27854.292886983498,0.03021079380217273,-0.005070429186799563
FZN,1877-11-26,0.10132921344000001,9.66419,3.65513,27722.46498482954,-0.00788220018036545,-0.009177318310810145
FZN,1878-11-18,0.10249171868000001,9.6618,3.86145,26542.28817672118,0.00943098371943929,0.00348385462980616
FZN,1879-11-24,0.10165809316,9.96478,3.86145,26326.40411244481,-0.0038240570220053893,-0.00561146261670642
FZN,1880-12-07,0.10540466091999999,9.95326,4.007836116837009,26299.643460268417,0.03454215836770147,-0.0027739535859506725
FZN,1881-12-06,0.12924888392,8.81592,4.00651,32259.718288485492,0.09254971183085425,0.053248754112709795
FZN,1882-12-19,0.11304944092,10.2086,4.13552,27336.20945370836,-0.0917724185123523,-0.1054527885758888
FZN,1884-01-01,0.11148180732,10.48483,4.13552,26957.14379811971,-0.017489048004483143,-0.02137682222458459
FZN,1884-12-24,0.20292656176,9.20142,4.28159,47395.14100135698,0.8368904825221528,0.8306514515977672
FZN,1885-12-30,0.12651385292,10.36191,4.28159,29548.33436176748,-0.049304494858105286,-0.08649564698466683
LIB,1837-01-13,0.25354455776,5.93818,3.7797299999999994,67080.07126434958,0,0
LIB,1838-01-19,0.270339719,6.74046,3.7802899999999995,71512.95773604671,0.05923203521904896,0.05934773647462377
LIB,1839-01-25,0.39467391807999996,6.97159,3.77755,104478.80718455082,0.5003212068580565,0.5022334933272836
LIB,1840-01-31,0.39836929651999997,6.99169,3.78683,105198.62167564954,-0.007063110475157841,-0.008880088183600199
LIB,1841-02-06,0.5512265740800001,6.51704,3.78782,145526.07412179039,0.29521773109625116,0.29511379204231436
LIB,1842-02-12,0.61117237012,6.59723,3.77108,162068.25899211896,0.10512255234778634,0.10709006733771931
LIB,1843-02-18,0.54887864876,6.64921,3.76925,145620.1230377396,-0.09716781478805392,-0.09691022650682235
LIB,1844-02-24,0.59655678576,8.16248,3.7825999999999995,157710.77717971767,0.06728431194428874,0.06431432916355995
LIB,1845-03-02,0.6829504047599999,6.72648,3.79377,180018.9270198246,0.09831195969486983,0.0954611492714863
LIB,1846-03-08,0.71502302248,6.54905,3.7922100000000003,188550.4817718428,0.045552663129264426,0.045710810549588476
LIB,1847-03-14,0.8178871376,6.20709,3.75037,218081.71929702934,-0.053034064587388796,0.007503416976034627
LIB,1848-03-20,0.96483124244,5.34145,3.72699,258876.79935819522,0.17495227760641163,0.1802116409906338
LIB,1849-03-26,0.94079869468,6.51419,3.71117,253504.60762508857,-0.008275230253848243,-0.00497564170321918
LIB,1850-04-01,1.0074838644,7.90619,3.7153800000000006,271165.76619349833,0.0530787123582972,0.05270677769547416
LIB,1851-04-07,1.038110021,8.2682,3.76196,275949.2448085572,0.023095599176720327,0.012284209019028935
LIB,1852-04-13,1.17472362228,8.15395,4.14298,283545.5691989824,0.11866135962985669,0.058857170383945334
LIB,1853-04-19,1.24514379028,6.92231,4.76726,261186.4656595193,0.03956348896098816,-0.0757750050398871
LIB,1854-04-25,1.35220167056,7.12756,4.73181,285768.37839220086,0.04864564902605717,0.05481927988721069
LIB,1855-05-01,1.33121816672,7.56799,4.70852,282725.3928453102,0.008099878243394754,0.01174122067452199
LIB,1856-05-07,1.31249228448,7.773,4.63544,283142.97768496623,-0.0326132764560606,-0.02047786903083204
LIB,1857-05-13,1.3072806583199998,7.92796,4.629629999999999,282372.59960731206,-0.002857317940887505,-0.0020410417749364695
LIB,1858-05-19,1.27700643408,8.96109,4.64181,275109.5874411059,-0.03476298435322156,-0.036578695459066446
LIB,1859-05-25,1.29289782492,9.05904,4.66532,277129.50556874985,0.009839818498657671,0.006012486900684566
LIB,1860-05-31,1.3239735678,9.27721,4.93061,268521.2514881526,0.01877204598889315,-0.00022317683578820802
LIB,1861-06-06,1.38588510944,9.05296,6.03655,229582.31265209432,0.03736139546781092,-0.12265237202722457
LIB,1862-06-12,1.5052274525599998,9.80016,6.07616,247726.76370602485,0.07184934911190788,0.06653227933831518
LIB,1863-06-18,1.59069313208,10.34929,6.11482,260137.36006619982,0.040958921783700974,0.03568733592756668
LIB,1864-06-24,1.6053916850399998,10.42817,6.15357,260887.85616154523,0.014572903629030298,0.009488921910210113
LIB,1865-06-30,1.64327678476,10.47696,6.20632,264774.7432874876,0.013878069180371932,0.007260494406167828
LIB,1866-07-06,1.8329352896400002,10.93391,6.262279999999999,292694.560070773,0.10000156659257842,0.09266064198438184
LIB,1867-07-12,1.81077811252,11.33567,6.3255,286266.3998924986,0.005340019759796366,-0.002227014329744481
LIB,1868-07-18,1.90799177192,11.31197,6.39068,298558.49016380106,0.01527256899160001,0.007367199201033348
LIB,1869-07-24,2.15840786096,12.36733,6.47043,333580.28152070264,0.11802132864649773,0.10780437582789304
LIB,1870-07-30,2.23493975796,13.14009,6.56956,340196.26245288877,0.03926620437139028,0.027530607150362485
LIB,1871-08-05,2.17812730304,13.4166,6.6713,326492.183388545,-0.030359228343714184,-0.04170717520042688
LIB,1872-08-11,2.33912239496,13.56073,6.776800000000001,345166.21339865425,0.07331307670847953,0.06070530119524631
LIB,1873-08-17,2.36377651484,13.70876,6.885319999999999,343306.70394985273,0.006340316978997285,-0.005562954054565417
LIB,1874-08-23,2.35696944808,13.69647,6.99401,336998.29540992936,0.009834526199792082,-0.0021085263745279637
LIB,1875-08-29,2.3911141191599996,13.73605,7.106859999999999,336451.5579538643,0.023209129332312672,0.010931612610391994
LIB,1876-09-04,2.3088361795199996,13.68037,7.223020000000001,319649.7004743168,-0.0178385147642387,-0.02977793606295509
LIB,1877-09-10,2.4886034648799997,13.899,7.34389,338867.20319612627,0.08143083021921282,0.06791862074499266
LIB,1878-09-16,2.5446534432799996,13.38129,7.4649399999999995,340880.62908476155,0.025202248760710422,0.012676882225385766
LIB,1879-09-22,2.62624170432,14.07499,7.584970000000001,346242.8598030051,0.0029973188111156457,-0.009040722411517321
LIB,1880-09-28,2.88952017744,14.5379,7.71315,374622.58317807905,0.04825028704835477,0.035031394097414514
LIB,1881-10-04,2.7012764948,14.22521,7.846760000000001,344253.74228343926,-0.050524865442278744,-0.0626887894013185
LIB,1882-10-10,2.72255660092,14.42781,7.981880000000001,341092.1488321047,0.00434483627099902,-0.008564268789545637
LIB,1883-10-16,2.81499033868,14.57223,8.12593,346420.69753000577,-0.007883671118827373,-0.021234103581448283
LIB,1884-10-22,2.8567687615999997,14.22732,8.86573,322226.0052584502,0.01756943105901665,-0.051681121825198906
LIB,1885-10-28,3.02379390196,14.4947,9.1188,331599.98047550116,0.005926793166124433,-0.011712551199671517
LIB,1886-11-03,3.2899010663999997,14.88874,9.28646,354268.5874272866,0.07560752247531188,0.06105293814312773
LIB,1887-11-09,3.52467206,15.19396,9.55644,368826.89160398644,0.05321127905445411,0.036388047232837284
LIB,1888-11-15,3.74539854936,15.07826,10.11041,370449.7195820941,0.014409705959109509,-0.031207925862041686
LIB,1889-11-21,3.98201269284,15.31949,10.29658,386731.58396671514,0.03539848760102715,0.021355122405306792
LIB,1890-11-27,3.91558292944,15.31294,10.71372,365473.70375929185,-0.0007327264986052295,-0.030735890293386192
LIB,1891-12-03,4.26797635888,15.227,11.27508,378531.8027792264,0.06961762920422543,0.03259442294652204
LIB,1892-12-09,4.66785671508,15.46513,12.31503,379037.38075181306,0.07159025561108812,0.006676517280920891
LIB,1893-12-15,5.25825093664,15.13763,13.70648,383632.4816174539,0.1305481044164305,0.040053260190144435
LIB,1894-12-21,5.36597362132,15.02806,14.19668,377973.83763809566,0.03649605324149863,0.00854174627073534
LIB,1895-12-27,6.16376805928,15.3455,15.45317,398867.5501065477,0.10039818115307808,0.03194440347552696
LIB,1897-01-02,6.6584853197200005,15.10169,16.48095,404011.0139112126,0.046236661955535885,-0.0014321933766427986
LIB,1898-01-08,6.84182644964,15.56055,17.23,397088.01216715033,0.034906752595874835,0.0015375479477601761
LIB,1899-01-14,6.926299788200001,15.82753,18.50655,374262.0741413175,-0.02052398675088285,-0.0718329389565483
LIB,1900-01-20,6.6527539863200005,16.32073,18.77233,354391.4892994104,-0.01117008566278832,-0.021679653711318747
LIB,1901-01-26,6.16655955188,16.41794,19.09791,322891.8531860293,-0.025471128012845123,-0.036155908240753654
LIB,1902-02-01,6.4648763233599995,14.92438,19.50592,331431.4999425815,0.042213398718391026,0.024653478780320537
LIB,1903-02-07,6.53359580692,14.91747,19.71926,331330.6790883634,0.001908335213765433,-0.006312896290072256
LIB,1904-02-13,6.42812063972,15.68908,19.99018,321563.9198706565,0.006622270551181364,-0.0036762571512810593
LIB,1905-02-19,6.51945387288,16.05649,20.26392,321727.18175357976,0.0034306448813312684,-0.006902130912057491
LIB,1906-02-25,6.24375746488,16.2868,20.55135,303812.5215560048,-0.030153342892874968,-0.04039214774321043
LIB,1907-03-03,6.47952743412,16.85435,20.86453,310552.28342646593,0.014634993939945495,0.0031287863193896204
LIB,1908-03-09,6.42846902984,17.08893,21.186460000000004,303423.4614862511,-0.0275943026315969,-0.03882233625393272
LIB,1909-03-15,6.66423281316,17.15234,21.50117,309947.44998341956,0.05179759864192102,0.041226687949792895
LIB,1910-03-21,7.3176992512,17.94558,22.00213,332590.49242959655,0.09709834381474125,0.07921052767056969
LIB,1911-03-27,7.94059965192,17.54103,22.78779,348458.52326706535,0.06732983155357286,0.04099837739495116
LIB,1912-04-02,7.80709972068,17.06624,24.24887,321957.25906732975,-0.025121558465343807,-0.070351304951632
LIB,1913-04-08,7.152729174239999,17.09146,25.37532,281877.3979693655,-0.0659215545310865,-0.09799375836870416
LIB,1914-04-14,9.401889686279999,16.6587,25.80325,364368.42980167223,0.13537503176981236,0.12079957276668929
LIB,1915-04-20,9.66681843608,18.3921,26.22313,368637.0938968765,0.024833503350831343,0.012430123465792864
LIB,1916-04-26,9.97188360792,19.07771,26.62322,374555.880465248,0.022862736904766257,0.011265098160100573
LIB,1917-05-02,10.1978351774,18.26154,26.989029999999996,377851.1186730313,0.05793791525870806,0.04734838237457373
LIB,1918-05-08,1.3367848806,7.65583,25.57559,52267.99775098053,-0.8009692552359293,-0.7929292488971418
SPA,1837-01-20,6.7187806998,8.50027,119.05901,56432.35820455755,0.02647777725365308,0.02403587436660759
SPA,1838-01-26,6.998723452239999,8.72012,119.05901,58783.65234382513,0.002518532087641967,0.002112083004467191
SPA,1839-02-08,7.21714554184,8.91259,119.05901,60618.22235746795,0.05502470746862875,0.05521690662647938
SPA,1840-02-07,8.495782582559999,9.73575,123.18517999999999,68967.57047040886,0.1312715520461707,0.10020688344961837
SPA,1841-02-20,9.068287912839999,9.9006,127.31789763960036,71225.55493737152,0.03382294260418428,0.03449036320967158
SPA,1842-03-05,9.25459891824,10.0226,123.18518,75127.53497003454,0.008527699728015703,0.012127410040676745
SPA,1843-02-25,9.459117019039999,10.05119,123.18517999999999,76787.78420456097,0.0243104752715515,0.02417096229213267
SPA,1844-03-03,9.3589629848,9.84223,123.18517999999999,75974.74781300803,0.022703327836038678,0.021427105091874177
SPA,1845-03-16,9.861330628760001,10.11094,123.18518,80052.8978304046,0.039090032928214224,0.03957979093665509
SPA,1846-03-15,9.900801227199999,10.21992,123.18518,80373.31460813711,0.013680213126187946,0.015866003758775893
SPA,1847-03-28,10.59174867296,9.58331,123.18518,85982.32898600302,0.047367095474366794,0.04299546024311485
SPA,1848-04-10,9.44127379104,9.27839,123.18518,76642.93538427269,-0.06780183369926907,-0.07912668276366575
SPA,1849-04-02,10.49699796964,9.50934,123.18518,85213.15607640464,0.15249036747791234,0.1540375497495423
SPA,1850-04-08,11.26155643964,9.56145,123.18517999999999,91419.734416429,0.06341567413865978,0.06184465847977183
SPA,1851-04-21,11.693645916680001,9.51469,123.18518,94927.37613956485,0.027207938049123914,0.02800984655083516
SPA,1852-04-20,12.23157528892,9.59157,126.46682968638721,96717.65568293199,0.01734592701392823,0.018674083610956238
SPA,1853-05-03,13.02509432432,10.07253,123.18518,105735.88742022376,0.049776649080406576,0.05343995701083948
SPA,1854-05-16,13.621568389,10.21133,124.65965417928132,109270.0639888662,0.03662121021474962,0.041678360916863166
SPA,1855-05-08,14.36243964896,10.31054,123.18518,116592.26904535107,0.057469883085381035,0.05851801708312543
SPA,1856-05-14,13.72720657464,10.3044,122.15803983300228,112372.5183656021,-0.06380991137657321,-0.0623879998566057
SPA,1857-05-27,13.755822895880002,10.17568,123.18518,111667.83939334261,0.025236662538032473,0.028774776620906994
SPA,1858-05-26,14.1101141324,10.19085,123.18518,114543.92592030957,0.0013225788524899862,0.00012213144739847692
SPA,1859-06-08,14.81467067444,10.1965,123.18518,120263.4170314968,0.03536824396519078,0.03629254882175825
SPA,1860-06-21,15.02316578724,10.37302,124.94631091120236,120236.9696046229,0.006535260328454973,0.0066533209474279875
SPA,1861-06-13,15.02164053676,10.39127,123.18518,121943.56932189409,-0.025638128145760275,-0.024815644226814926
SPA,1862-06-19,15.59490090548,10.3813,123.18518,126597.21652783232,0.04017963109136691,0.03794493838431845
BUG,1914-03-24,2.2361318371600003,9.73472,19.98959,111864.81749550642,0,0
BUG,1915-03-30,2.3624175899999997,10.13495,20.41661,115710.57046199149,0.03405691032907532,0.018629587713864915
BUG,1916-04-05,2.73256988368,10.09713,20.85942,130999.32230522229,0.011860023330048763,-0.0037225946742328597
BUG,1917-04-11,2.4553929426,10.36689,21.24073,115598.33125321024,-0.06266710536702014,-0.07558351479422654
BUG,1918-04-17,2.84768822936,10.88002,21.81369,130545.91998694398,0.1559653112078465,0.13657036610820872
ASM,1837-01-13,0.6856185335999999,8.00138,12.37786,55390.71645664113,0.3670884319566565,0.34615618637110956
ASM,1838-01-19,0.9819657042000001,8.76567,12.61252,77856.42395017015,0.15074759883671685,0.13451977508809687
ASM,1839-01-25,1.8292807686399999,8.40499,12.8522,142332.1119061328,0.773749453111114,0.7479896416015697
ASM,1840-01-31,2.03192729948,7.90413,13.07889,155359.30797491226,0.07204383599476993,0.05872090724759005
ASM,1841-02-06,2.85269483512,8.60403,13.28308,214761.54891184875,0.30162327768250896,0.28615518635533976
ASM,1842-02-12,3.1685871895599997,8.77853,13.50733,234582.79242159627,0.09784767082264878,0.08379447200945322
ASM,1843-02-18,3.9833145606800002,9.03822,13.74641,289771.26105506823,0.16680772387857767,0.1520188621822025
ASM,1844-02-24,4.977815737959999,8.88608,13.94628,356927.850147853,0.16548813063833268,0.15241127944491395
ASM,1845-03-02,5.06682386288,8.79735,14.131810000000002,358540.33297079423,0.02268263208558996,0.012464131826887437
ASM,1846-03-08,4.748824078959999,8.47996,14.289270000000002,332334.9673538256,-0.04904572838188781,-0.056859136083143524
ASM,1847-03-14,4.152873190959999,8.8815,14.433109999999997,287732.38691868907,-0.10780788871503133,-0.11464578691147453
ASM,1848-03-20,4.0726727106,8.90216,14.51742,280536.94875535736,-0.02009537982926235,-0.02342499258314301
ASM,1849-03-26,4.58604800732,9.2215,14.73862,311158.57572282886,0.09160078983473086,0.0789658479528561
ASM,1850-04-01,4.44046403372,9.19488,14.87947,298428.9113604181,-0.03637758326469054,-0.04241663112815475
ASM,1851-04-07,4.488824769000001,9.20542,15.167470000000002,295950.79265032336,-0.029702889673080768,-0.04408650123453206
ASM,1852-04-13,4.50773776648,9.06179,15.311629999999997,294399.60124950774,0.02867615259783385,0.0210051777444602
ASM,1853-04-19,4.6344622792,9.23996,15.623089999999998,296641.8473682223,0.03376728494684755,0.018386500894927327
ASM,1854-04-25,4.6092331896,9.29122,15.9227,289475.60335872683,0.01320339467609144,-0.0005338951311608664
ASM,1855-05-01,4.40782330404,9.24943,16.23689,271469.6782474969,-0.024386893537914678,-0.040223916414464544
ASM,1856-05-07,4.83938052728,9.43671,16.60578,291427.47448659444,0.04985222420054036,0.030549991510123498
ASM,1857-05-13,4.80819491048,9.55061,16.83716,285570.4234253283,0.005923719749702849,-0.004838603810517483
ASM,1858-05-19,4.7813638756,9.64807,17.01148,281066.8957433451,0.011686664942967662,0.0029046397420509074
ASM,1859-05-25,5.03268670684,9.41444,17.19979,292601.6368130076,0.05610672564910635,0.04762724827167064
ASM,1860-05-31,5.1275199773199995,9.63527,17.39793,294720.1176990596,0.018638521769609007,0.00979873574833956
ASM,1861-06-06,5.50780984416,9.93901,17.71477,310916.24921802536,0.08134914934646109,0.06618440084293509
ASM,1862-06-12,6.31107270768,9.94087,18.04449,349750.6833210581,0.09534032488279043,0.08056168540569741
ASM,1863-06-18,6.44960418232,10.05915,18.3245,351966.1754656334,-0.00825046469222257,-0.019864679795716933
ASM,1864-06-24,6.993586903680001,10.47562,18.61007,375795.8408367083,0.07450330525924165,0.06185102945604659
ASM,1865-06-30,6.9925404848,10.64918,18.90897,369800.17868768104,0.011810884479141137,-0.00008905651003887627
ASM,1866-07-06,7.2483676387200004,10.73292,19.20175,377484.7416886482,0.050337722373490656,0.037947436848672744
ASM,1867-07-12,6.72811468992,10.87355,19.51005,344853.7902219625,-0.035763414887441614,-0.04695915932491268
ASM,1868-07-18,7.030720682439999,11.95494,19.82828,354580.4619684612,0.06169942095346381,0.04896671680892628
ASM,1869-07-24,6.99773700028,12.13743,20.14829,347311.7073597809,-0.0009402094511136161,-0.01325965424453368
ASM,1870-07-30,6.8274391130400005,12.16546,20.4827,333327.1059498992,0.004538478794374301,-0.00750752720351211
ASM,1871-08-05,6.98329899332,12.22231,20.89411,334223.3286471642,0.04140718573975066,0.02686316980431558
ASM,1872-08-11,7.204358804240001,12.20653,21.67305,332410.9345126782,0.05464911235060388,0.02629384443995897
ASM,1873-08-17,7.45697673448,12.14395,22.4587,332030.6489013166,0.019835396710487174,-0.0074452136229226085
ASM,1874-08-23,7.58394039624,12.11192,22.93648,330649.7072018025,0.030317890677308945,0.013865053324764842
ASM,1875-08-29,7.40830129208,11.73612,23.30614,317869.0805118308,0.010888583339724756,-0.0013023321660472487
ASM,1876-09-04,8.08065302096,12.16,23.88866,338263.1349334789,0.06592094396819914,0.04608499463021665
ASM,1877-09-10,8.323628400879999,12.14396,24.3462,341886.14243208384,0.028034106530250513,0.013171878522580727
ASM,1878-09-16,8.34507754808,12.22744,24.721260000000004,337566.83713046985,0.0007504121994403867,-0.010514055566979597
ASM,1879-09-22,8.44617834216,12.28911,25.081479999999996,336749.5993920614,-0.001514870873812968,-0.012415965986101285
ASM,1880-09-28,8.53370654448,12.3593,25.43326,335533.3348725252,0.006276362742710262,-0.00448288073896963
ASM,1881-10-04,8.651993281360001,12.32855,25.81251,335186.0505375107,0.0034633573119353667,-0.007420878190709246
ASM,1882-10-10,8.73913244412,12.19728,26.174689999999995,333877.2090183303,0.016513960848645537,0.005805251913461484
ASM,1883-10-16,8.88001450752,12.32791,26.53326,334674.83858070965,0.019643916924468652,0.009098376275932463
ASM,1884-10-22,8.81652333484,12.65592,26.89712,327786.8907466673,-0.0280066136566679,-0.03772067571805482
ASM,1885-10-28,8.92519461236,12.61715,27.23496,327710.94990996865,0.019651041448322415,0.009822600221545352
ASM,1886-11-03,8.91302455992,12.62064,27.558879999999995,323417.5176901239,0.0018375513453465775,-0.006885437883015433
ASM,1887-11-09,9.24362258612,12.79247,27.92163,331055.98011720664,0.03485351164218109,0.02470933095673744
ASM,1888-11-15,9.6017141272,12.97342,28.30011,339281.86594327725,0.023946399186116185,0.013408581685517174
ASM,1889-11-21,9.9581110954,13.1726,28.69149,347075.4253404058,0.06724887943533076,0.05644639411220376
ASM,1890-11-27,9.23999841388,13.34556,29.08262,317715.47453014896,-0.06622222759873264,-0.07578549739829354
ASM,1891-12-03,9.695995702640001,13.3687,29.472560000000005,328983.83115141676,0.019009384643054794,0.008658231683959405
ASM,1892-12-09,10.11867751908,13.32771,29.877340000000004,338673.97563103004,0.029374578818976538,0.019039237190894953
ASM,1893-12-15,9.950387496920001,13.242,30.23594,329091.38915211504,-0.009944155068450922,-0.018709801353367306
ASM,1894-12-21,10.71997952688,13.36299,30.63033,349979.23714435985,0.06270315434046769,0.051843101581784845
ASM,1895-12-27,10.51205194416,13.01354,31.016470000000005,338918.38575311756,-0.02628433592475543,-0.035161104789314335
ASM,1897-01-02,9.64840099964,12.77558,31.35293,307735.22601045575,-0.07745410408587416,-0.08492453564690339
ASM,1898-01-08,10.154273631319999,13.85016,31.75109,319808.66267331294,0.022388208711288993,0.012784418748674753
ASM,1899-01-14,10.59194527248,14.12158,32.16868,329262.66394766583,0.024505440759472696,0.014403832619568124
ASM,1900-01-20,11.32939165332,13.76286,32.61921,347322.6866413993,0.03733740858913226,0.0262989872710635
ASM,1901-01-26,11.82149326124,14.17568,33.11919,356937.87381998164,0.05580640993531416,0.043956050613599196
ASM,1902-02-01,12.79897287604,14.524,33.6971,379824.1651667354,0.053181750171627185,0.03955561755848547
ASM,1903-02-07,13.467380867200001,14.78708,34.64907,388679.43258505926,0.04896821232674231,0.027321607337861264
ASM,1904-02-13,14.24065807164,15.56499,36.09608,394520.90286923124,0.021641642657184823,-0.009452149772599672
ASM,1905-02-19,14.43031128656,15.72172,37.83518,381399.303150137,-0.01010016925239754,-0.04383491648083615
ASM,1906-02-25,15.04137706344,15.33931,39.23215,383394.1566658978,0.051205799215406245,0.023162326363281416
ASM,1907-03-03,17.05706791256,14.95622,40.25876,423685.87389576825,0.07198411418508699,0.049493750141574866
ASM,1908-03-09,16.5362005276,13.36907,40.24509,410887.403347837,0.005972309545343668,0.00603825611754738
ASM,1909-03-15,16.22862725848,13.55355,40.15277,404172.0473700818,-0.027557319199806973,-0.025176017705294873
ASM,1910-03-21,17.280959196279998,13.5446,40.01089,431906.3933913991,0.052376378429772164,0.056063315593695595
ASM,1911-03-27,17.15209014012,13.54013,39.91099,429758.5737692801,0.013557064224520188,0.015253614940965443
ASM,1912-04-02,17.01144725644,13.35414,40.07236,424518.2279366625,-0.002475759985897885,-0.005080345897992666
ASM,1913-04-08,16.53597847668,13.76952,39.85556,414897.65735771874,-0.01491883193199861,-0.010150348449736835
ASM,1914-04-14,16.47375435836,13.6607,39.227,419959.5777999847,0.00039119094836848056,0.012830229000237559
ASM,1915-04-20,16.89239224816,14.22093,38.35585,440412.40770729893,0.023804234879318598,0.04076461387176211
ASM,1916-04-26,16.53050619428,14.09886,37.4313,441622.55102761596,-0.006065516029237328,0.011820264695411531
ASM,1917-05-02,13.5425001998,15.23745,36.68339,369172.53830139467,-0.17727516119517683,-0.16474044231087737
ASM,1918-05-08,14.67699505116,15.68724,35.99708,407727.37819734274,0.05998650173809672,0.07547358567838325
BCE,1837-01-13,1.93196155464,5.5822,11.80692,163629.59642650242,0,0
BCE,1838-01-19,2.3193457565199997,5.31846,11.63049,199419.4360272009,0.18113441519541174,0.19497421568642892
BCE,1839-01-25,2.19890221148,5.3864,11.47315,191656.3639000623,-0.04871381324922397,-0.03923594113724682
BCE,1840-01-31,2.22815020064,5.62445,11.359,196157.24981424422,0.036099050312018655,0.044038107808218596
BCE,1841-02-06,2.30329453328,5.67824,11.23942,204930.01714323336,0.004723415541215692,0.012373328383209925
BCE,1842-02-12,2.2052814893200003,5.77842,11.10078,198660.04815157133,-0.029813405206922883,-0.020553295642422587
BCE,1843-02-18,2.18510406296,5.87123,10.97854,199034.12138226026,0.002495646952783037,0.011045753595692043
BCE,1844-02-24,1.93659928488,6.03603,10.8453,178565.76442145446,-0.04208325918552558,-0.03372492720117137
BCE,1845-03-02,1.6291825633199999,6.48846,10.6986,152279.97712971788,-0.04447970935843493,-0.03443717102438615
BCE,1846-03-08,1.08665027068,6.44862,10.57202,102785.49138953577,-0.41240192401986986,-0.4070415055125227
BCE,1847-03-14,1.74154091696,6.80588,10.46389,166433.41214022704,0.6423836754589847,0.654422311489429
BCE,1848-03-20,1.4081949200800001,6.70499,10.340820000000003,136178.26440069548,-0.1667499669765573,-0.1590022258556374
BCE,1849-03-26,1.17543110932,6.57624,9.43313,124606.69039014622,-0.02744473276047521,-0.0041209802858918065
BCE,1850-04-01,0.91813949032,6.4071,10.03886,91458.54114112559,-0.17097041996517548,-0.22393461495073952
BCE,1851-04-07,1.0827256528400002,6.47469,9.91485,109202.4239237104,0.11216486940187842,0.12265900866253276
BCE,1852-04-13,0.8606864916,6.60236,9.79053,87910.10206801878,-0.23715774721314087,-0.22989062259791804
BCE,1853-04-19,1.8809777948,6.94809,9.67779,194360.26146465258,0.8861660464653114,0.9029931759187739
BCE,1854-04-25,1.4223051102,6.9,9.5974,148196.91897805655,-0.22926752409119755,-0.22416587056894366
BCE,1855-05-01,1.80788182276,7.2355,9.54257,189454.3946504977,0.37105061229859904,0.3768402242501321
BCE,1856-05-07,1.71713668204,7.36096,9.52238,180326.4186096333,-0.020457502752868173,-0.01889386915626534
BCE,1857-05-13,1.3456285159199999,7.61071,9.47591,142005.20223598575,-0.15861181671684255,-0.09481593559645907
BCE,1858-05-19,1.89618413348,7.26927,9.44743,200708.99000892305,0.37765199082866285,0.38043147835033575
BCE,1859-05-25,2.0141167202,7.32904,9.40543,214144.03384002644,0.04488494801330023,0.048662002919106495
BCE,1860-05-31,1.97735984108,7.5616,9.37056,211018.3213255131,0.05327261341032119,0.056404269770155
BCE,1861-06-06,1.95285451972,7.52503,9.3353,209190.33343545467,-0.010372990250924863,-0.0074018972197074095
BCE,1862-06-12,2.1985033454800003,7.92709,9.32043,235880.03401988966,0.1356570775728667,0.13721127307364855
BCE,1863-06-18,2.2133431242,8.19085,9.33721,237045.4476444248,-0.014626716183024357,-0.0160693588844546
BCE,1864-06-24,2.1949663304400002,8.2865,9.36054,234491.42148209398,-0.00322961595892568,-0.005145948734067707
BCE,1865-06-30,2.16157500988,8.29123,9.37795,230495.47181206977,-0.011807234684358625,-0.013021088346735321
BCE,1866-07-06,2.10366664612,8.18157,9.3962,223884.83068900194,-0.015859439583638224,-0.017310071115762993
BCE,1867-07-12,2.25564498068,8.75011,9.44047,238933.5468128176,0.03002276859667874,0.02629408671872846
BCE,1868-07-18,2.513866797,9.87638,9.49916,264640.95741097105,0.1188609114885033,0.11378525558808672
BCE,1869-07-24,2.57855464932,10.23975,9.58624,268984.98778666084,0.021648962122935878,0.014619342025445903
BCE,1870-07-30,2.71564944508,10.41798,9.700849999999999,279939.32955153415,0.07065712215842512,0.06127968434318953
BCE,1871-08-05,2.8746142344399996,10.36766,9.81493,292881.7866698998,0.02768501629198128,0.018544744657631007
BCE,1872-08-11,2.7044592171999997,10.48182,9.93346,272257.52327990445,-0.049892398109238845,-0.058423024402740276
BCE,1873-08-17,2.98602352256,9.96619,10.06056,296804.90177087556,0.0851767208673031,0.07485506418855037
BCE,1874-08-23,3.0735665464400004,10.91915,10.16388,302400.9085546071,0.023990753238723572,0.027793811840629346
BCE,1875-08-29,3.20579256452,10.47584,10.30162,311193.051628773,0.047426541598772465,0.0369689965675597
BCE,1876-09-04,3.4230335916400003,10.78481,10.44335,327771.60505393386,0.06013212681626534,0.04923252433529912
BCE,1877-09-10,4.25763776776,11.09238,10.58127,402374.9292627445,0.18120530214180097,0.16946891038690448
BCE,1878-09-16,5.09821616772,11.11393,10.72209,475487.16413684277,0.16555542330256134,0.15407085396417064
BCE,1879-09-22,5.20441109656,11.52762,10.86424,479040.51241136057,0.012669305895138372,0.002549306904344739
BCE,1880-09-28,5.3324604658000005,11.66576,11.01334,484181.9525956704,0.0293054473180121,0.019022160799495813
BCE,1881-10-04,5.615727215800001,11.99125,11.17065,502721.6156445686,0.015949823858006917,0.005144730251228635
BCE,1882-10-10,5.905764384519999,12.0329,11.32964,521266.7290858315,-0.014570614402308557,-0.025016932157163607
BCE,1883-10-16,5.747718320240001,12.30556,11.51024,499356.9482686721,0.006417411841004084,-0.005547775530088228
BCE,1884-10-22,6.080153392040001,11.73981,11.66401,521274.7067295039,0.01015337871877664,0.00009302968014135438
BCE,1885-10-28,6.17092141224,12.23509,11.80703,522648.06748521863,0.01340701050324311,0.004100201804597692
BCE,1886-11-03,6.439173053039999,12.31922,11.93806,539381.8638070172,0.04268657876412907,0.03408441127817552
BCE,1887-11-09,6.354900753240001,12.32475,12.06538,526705.3962030206,-0.00021950719987073875,-0.008236966789924471
BCE,1888-11-15,6.39242956872,12.93731,12.20923,523573.5233687956,-0.004380837089320133,-0.01323485774262756
BCE,1889-11-21,6.50675845144,13.09511,12.365709999999998,526193.6800588078,0.009955954559418334,0.0003368669694292503
BCE,1890-11-27,6.20276843732,13.48359,12.524,495270.55551900354,-0.03000480234599756,-0.039310204702395324
BCE,1891-12-03,6.55129021872,13.18192,12.68524,516449.8439698421,0.05484524005383862,0.04471143967981783
BCE,1892-12-09,6.57645944176,14.30044,12.85865,511442.44860541343,-0.016858077141865158,-0.026950250906040307
BCE,1893-12-15,6.66516644976,15.06775,13.03586,511294.7246871323,-0.024288127019660544,-0.034288192225092606
BCE,1894-12-21,6.8592333316000005,13.08109,13.22089,518817.8202526456,-0.004059048314263958,-0.014756205901876318
BCE,1895-12-27,7.13530959388,13.00082,13.38914,532917.6925388785,0.04490061041019211,0.034928763997874146
BCE,1897-01-02,7.08395293164,13.84819,13.55883,522460.4874933899,-0.008745075973807026,-0.01808918733735254
BCE,1898-01-08,7.21821988056,13.95998,13.730629999999998,525702.0166270594,0.002030122398641643,-0.00745880569967583
BCE,1899-01-14,7.25201091108,13.52197,13.90752,521445.2980171878,0.029433183562943777,0.01948091056239254
BCE,1900-01-20,7.23861839844,13.57405,14.0884,513799.89199909143,-0.027183682069389037,-0.03658132386981272
BCE,1901-01-26,7.3423304162,13.95845,14.27173,514466.7406263992,0.037242834672762015,0.027214074607700534
BCE,1902-02-01,7.2330941612799995,14.14043,14.44316,500797.2051323948,0.013235783939438805,0.004057174142240605
BCE,1903-02-07,7.60777131088,13.97381,14.61583,520515.8592348159,0.06697274617941518,0.05756142469854142
BCE,1904-02-13,8.13747800216,14.59763,14.79378,550060.7689285632,0.05194827541294589,0.04229662855959271
BCE,1905-02-19,8.34822761136,14.7196,14.97327,557542.047352382,0.008832887208193974,-0.0003435813782629582
BCE,1906-02-25,8.5159199554,14.65023,15.15412,561954.1059065125,0.01610526365701137,0.006991322313687043
BCE,1907-03-03,8.51235770684,14.1743,15.34687,554664.0915600379,0.01553077766541855,0.005838228456467309
BCE,1908-03-09,7.84876058356,14.23418,15.55246,504663.6084297918,0.0008501233715754175,-0.009069872300685677
BCE,1909-03-15,8.641798694879999,14.31863,15.751020000000002,548650.0997954417,0.06956871500943618,0.0593118350074715
BCE,1910-03-21,8.48807190244,14.72375,15.926950000000001,532937.6875321389,-0.030250251089973146,-0.03844093582457675
BCE,1911-03-27,8.18275727464,14.39558,16.11302,507835.1094108988,0.004397662309432393,-0.004291664908574577
BCE,1912-04-02,8.1462733274,14.34424,16.30193,499712.20140191994,0.02645250771862262,0.017468687350750134
BCE,1913-04-08,7.58184935248,14.14109,16.48751,459854.11699401547,-0.037289616056177755,-0.04552187197148472
BCE,1914-04-14,8.28153399268,14.84307,16.6877,496265.75218154694,0.1325054002405921,0.12228441053200712
BCE,1915-04-20,8.37853032952,14.3982,16.89434,495937.12033260847,-0.007925789736956568,-0.017122781902001227
BCE,1916-04-26,7.78446220032,13.86236,17.10125,455198.43288180686,-0.033456392786992084,-0.042348570295374977
BCE,1917-05-02,6.98857906812,13.91255,17.30473,403853.6901829731,-0.06870346338548516,-0.07685963761608994
BCE,1918-05-08,7.22949586944,13.54409,17.49727,413178.5055291482,-0.010285978693197584,-0.018619191508941646
BNY,1837-01-13,0.05526460628,9.47626,2.49979,22107.699558762935,0,0
BNY,1838-01-19,0.09813052652,6.36605,2.51818,38968.82928146519,0.5149831318721185,0.5064507317048845
BNY,1839-01-25,0.12388720292,6.42649,2.51758,49208.84457296292,0.25474119515921556,0.2545657495237652
BNY,1840-01-31,0.13210283476,6.36801,2.48233,53217.2735937607,0.05435790942038787,0.06562264908655702
BNY,1841-02-06,0.13454291656,6.53592,2.4361,55228.815138951606,0.01763566883295309,0.03259286473604761
BNY,1842-02-12,0.12787650148000002,6.5652,2.39816,53322.75639657071,-0.05038849186895211,-0.038948592553064376
BNY,1843-02-18,0.12859169596,6.63587,2.36738,54318.14747104394,0.0088493709427524,0.01828178260064206
BNY,1844-02-24,0.12953651308,7.34687,2.34559,55225.55650390733,-0.0012138512741449725,0.006707290058026283
BNY,1845-03-02,0.15637262472,6.87202,2.32368,67295.24922536666,0.195208014038309,0.20433532854271474
BNY,1846-03-08,0.14164767552,6.85906,2.25061,62937.4594087825,-0.09637270901273542,-0.07269038158640062
BNY,1847-03-14,0.14763198060000002,6.86445,2.20919,66826.2940715828,0.04050746659973914,0.055469807690937456
BNY,1848-03-20,0.14951794468,6.97084,2.16691,69000.53286938542,-0.0016134424539062664,0.01263642047278335
BNY,1849-03-26,0.1489772596,7.10498,2.12482,70112.88466787773,-0.0011264782246386273,0.01442410193121213
BNY,1850-04-01,0.14765993736000002,7.19775,2.08964,70662.8593250512,0.0041476090343630645,0.017208625002629097
BNY,1851-04-07,0.14499864912,7.29599,2.05262,70640.76600637233,-0.010510377260090409,0.0024836033674542346
BNY,1852-04-13,0.13818506416,7.19232,2.01245,68665.09188302816,-0.039525960881434785,-0.024247871164368218
BNY,1853-04-19,0.138279024,7.30889,1.9800200000000001,69837.18548297492,-0.0063088410198600675,0.005983112496803722
BNY,1854-04-25,0.13753879256,7.36783,1.9459899999999999,70678.0572150936,-0.0033819823049920927,0.009148797119204355
BNY,1855-05-01,0.1306176196,7.46065,1.9010200000000002,68709.2295714932,-0.04720403617250746,-0.029304538001480807
BNY,1856-05-07,0.12708998172,7.52203,1.8536300000000003,68562.75617032524,-0.029252082784405498,-0.010156574925533235
BNY,1857-05-13,0.11661782184000001,7.33455,1.77438,65723.13813275623,-0.07113458299317676,-0.03899704267739501
BNY,1858-05-19,0.11096010744000001,7.22316,1.71007,64886.29555515272,-0.03521824864010259,-0.007596415896704345
BNY,1859-05-25,0.11280176804,7.39006,1.664,67789.5240625,0.012405707523478249,0.03322108926019118
BNY,1860-05-31,0.10311331472,7.81735,1.67085,61713.08897866355,-0.025906100776266427,-0.02927759522779605
BNY,1861-06-06,0.10238005336,8.45696,1.68408,60792.86812978006,0.017842062768850253,0.011527563456670276
BNY,1862-06-12,0.10402644876,8.50268,1.69023,61545.73564544471,-0.01127388567364862,-0.01322716814739111
BNY,1863-06-18,0.10822701656,8.05047,1.69684,63781.50948822518,-0.1902682910630339,-0.19248445491565236
BNY,1864-06-24,0.10615950748,8.58974,1.71087,62050.014016260735,0.006562898784645332,0.00015147329534426213
BNY,1865-06-30,0.11036250160000001,9.01361,1.72818,63860.536286729395,-0.0029637145390902786,-0.010094986829764063
BNY,1866-07-06,0.10367823128,7.79916,1.73696,59689.4754513633,-0.13975344042018778,-0.14273446118651956
BNY,1867-07-12,0.10896723604,8.49485,1.73058,62965.73174311503,0.02655338199457513,0.02814830327717699
BNY,1868-07-18,0.13304453136,8.91424,1.74379,76296.18896770827,-0.15517565328371663,-0.15926296218965852
BNY,1869-07-24,0.12246207376,8.4653,1.76335,69448.53475487,-0.04694623526388686,-0.055006477103654916
BNY,1870-07-30,0.10043371728,7.92257,1.77788,56490.717753729165,-0.019738591036847608,-0.026163162536160578
BNY,1871-08-05,0.12093796364,8.73208,1.79828,67252.02061970327,0.1344767568676355,0.12446801640709482
BNY,1872-08-11,0.15420709772,7.66567,1.8136900000000002,85023.95542788458,0.17612906954915353,0.1670963628463753
BNY,1873-08-17,0.10760499672,9.35813,1.81504,59285.19300952045,-0.35393791567448685,-0.3541025920430608
BNY,1874-08-23,0.1268431528,8.65706,1.8231400000000002,69574.00572638414,0.052443442836348275,0.04787956841860819
BNY,1875-08-29,0.1285199786,9.09962,1.84008,69844.77772705535,0.018601965165810697,0.011421932447690297
BNY,1876-09-04,0.12907680968000002,9.16569,1.85998,69396.88043957463,-0.004805280216169883,-0.013212543021577039
BNY,1877-09-10,0.13947276252,9.23129,1.88131,74135.9810557537,0.08809917489696906,0.07869976045987559
BNY,1878-09-16,0.14492148476,9.27585,1.9034899999999997,76134.61839043022,0.025837187569307307,0.017016219109586173
BNY,1879-09-22,0.14928074668000002,9.38455,1.92556,77525.88684850122,-0.04470443533728197,-0.05298180799282337
BNY,1880-09-28,0.13226323864,9.15347,1.92677,68645.05812318024,-0.3293912191522017,-0.3291254275068576
BNY,1881-10-04,0.13656758648,8.9351,1.94799,70106.92379324329,0.1100555073028604,0.10031959621697673
BNY,1882-10-10,0.12950328144,9.42981,1.95797,66141.60658232761,-0.08889927639925532,-0.09264575590878588
BNY,1883-10-16,0.13166450908,9.36525,1.9696500000000001,66846.6524915594,0.012687390849780433,0.008213950500065126
BNY,1884-10-22,0.1910426674,8.41809,1.98957,96022.08889358002,0.43954135481326917,0.42833436398469016
BNY,1885-10-28,0.18188330836,9.25114,2.01282,90362.43099730725,-0.04234436484137505,-0.051113461843167896
BNY,1886-11-03,0.13209285128,8.28583,2.02578,65205.9213142592,-0.3425617016741709,-0.34553149123819216
BNY,1887-11-09,0.18864254396000002,8.88916,2.04985,92027.48686977096,0.346901484115697,0.3345625178956544
BNY,1888-11-15,0.12014736552000001,9.37132,2.05943,58340.10649548662,0.09744099476259471,0.09467819809360978
BNY,1889-11-21,0.12980049888,8.87812,2.08223,62337.253271732705,-0.021273675702533246,-0.028890784199015695
BNY,1890-11-27,0.19386387591999998,7.53971,2.07845,93273.2930404869,0.46784660270293155,0.47126502463165276
BNY,1891-12-03,0.13221190008,9.52595,2.09168,63208.47360972997,-0.15378449823508566,-0.15815187940182784
BNY,1892-12-09,0.1393774382,8.92235,2.1223100000000006,65672.51636188869,0.053330933151975346,0.041772613681525295
BNY,1893-12-15,0.1158338168,9.35663,2.14555,53987.9363333411,-0.11488144797938771,-0.12155093724259602
BNY,1894-12-21,0.14608160008,9.0007,2.17776,67078.83333333333,0.12387766744978213,0.11107381732115762
BNY,1895-12-27,0.14437774520000002,9.00321,2.20242,65554.13826608912,-0.018128628473842556,-0.02635714176859494
BNY,1897-01-02,0.12013312428,7.62881,2.21947,54126.94214384516,-0.1474910281505767,-0.1524824364733215
BNY,1898-01-08,0.14451543651999998,9.6724,2.24506,64370.41171282727,0.1081336193821345,0.09846367981743098
BNY,1899-01-14,0.14709086704000002,10.14278,2.27674,64605.91329708267,-0.012982143459282502,-0.022939367400431787
BNY,1900-01-20,0.15301215072000002,9.68212,2.31263,66163.69705486827,0.027471908198108297,0.01526736185576505
BNY,1901-01-26,0.15382452904,9.62488,2.34543,65584.78788111349,0.0022117025227987863,-0.008214734531065249
BNY,1902-02-01,0.1558746566,9.62891,2.3746700000000005,65640.55494026537,0.009927275411791614,0.0004267925937939676
BNY,1903-02-07,0.1419334254,8.91336,2.40148,59102.480720222535,-0.041864603597009276,-0.04987302380545422
BNY,1904-02-13,0.14537324048,8.24994,2.42583,59927.216861857596,-0.017495757376430943,-0.025831441027591162
BNY,1905-02-19,0.12927368376,6.86339,2.44199,52937.843218031194,-0.13124816548982865,-0.13583873898243293
BNY,1906-02-25,0.2216620822,9.93596,2.47374,89606.0548804644,0.30747751640477916,0.2938413975244327
BNY,1907-03-03,0.22749227851999998,9.06117,2.46593,92254.15097752165,0.08922313218342337,0.09446478214072829
BNY,1908-03-09,0.19391584628,8.39874,2.48279,78104.00649269571,-0.11445681283262843,-0.11883413867458736
BNY,1909-03-15,0.30946518772,7.62356,2.50023,123774.68781672085,0.5201856793151802,0.5119910215299228
BNY,1910-03-21,0.21918018668,8.21002,2.50537,87484.1586991143,-0.28252505383489945,-0.2836989008269699
BNY,1911-03-27,0.19056862187999998,7.13868,2.5146399999999995,75783.65964114148,-0.06977799500269066,-0.07320934975056936
BNY,1912-04-02,0.19751791123999998,7.45908,2.51864,78422.44673315757,0.010547246168662872,0.009506378489113843
BNY,1913-04-08,0.20367028135999998,6.50706,2.50642,81259.43830642909,-0.00732862163204262,-0.004151956720280903
BNY,1914-04-14,0.20835738612000002,5.95279,2.44615,85177.68171207818,0.005226762855209621,0.024341752150716323
BNY,1915-04-20,0.19101391452,6.33678,2.41174,79201.70272085714,-0.054715345146308936,-0.044688538920187315
BNY,1916-04-26,0.17551823224000002,6.37495,2.39161,73389.15301407839,-0.022723710398462216,-0.016916689116783235
BNY,1917-05-02,0.17093769888000002,5.8851,2.33189,73304.35778703113,-0.07580931735930618,-0.056937297483095284
BNY,1918-05-08,0.17268460508,6.45356,2.29367,75287.46728169266,0.0046302174212580205,0.01814324407121437
MON,1837-01-13,0.06629801724,3.59903,1.18729,55839.78407971094,0,0
MON,1838-01-19,0.059782879000000004,2.62751,1.17018,51088.61799039464,0.21397312972542837,0.22768450499949955
MON,1839-01-25,0.06523543624,3.47435,1.15993,56240.838878208175,0.011122746283560359,0.017865017515454218
MON,1840-01-31,0.06625657428,3.22037,1.1456,57835.6968226257,0.13121974136384718,0.14178183930831634
MON,1841-02-06,0.06658970136,4.55595,1.13852,58487.95046200331,0.004256143016760472,0.00889244973426151
MON,1842-02-12,0.0651339572,4.57974,1.13228,57524.60274843678,-0.006288302962324743,-0.0020091014166205845
MON,1843-02-18,0.06536093876,4.63312,1.12669,58011.466117565615,-0.002778900775947224,0.0007332761188458825
MON,1844-02-24,0.0661990368,4.4195,1.07784,61418.24092629705,0.017738837003864916,0.02969387767237852
MON,1845-03-02,0.11482004924,9.41087,2.9349399999999997,39121.7705438612,0.2167744636238147,0.20311297820320084
MON,1846-03-08,0.11710976420000001,9.54715,2.96888,39445.772210395844,0.01062658699595409,0.002176745906000921
MON,1847-03-14,0.11260652728,7.67299,2.9918400000000003,37637.884138189205,-0.02580767455213373,-0.03189865548512549
MON,1848-03-20,0.11169584712000001,7.6646,3.0011999999999994,37217.06221511396,0.06908564121304828,0.06654574500096921
MON,1849-03-26,0.11389292668,8.02295,3.01126,37822.34901004895,-0.021717410763576916,-0.024151819507357564
MON,1850-04-01,0.11056844396,8.09116,2.9645999999999995,37296.24366187682,0.013422295052123223,0.016827349958170146
MON,1851-04-07,0.16774112004,8.59193,2.5262699999999993,66398.73015948416,0.3161689072968876,0.49548329523406176
MON,1852-04-13,0.17054022700000002,8.30321,2.4744600000000005,68920.17935226271,0.022502588561351677,0.03592761031300373
MON,1853-04-19,0.17725951724,8.47462,2.47192,71709.24513738308,0.0045312093763862915,0.004052577118495604
MON,1854-04-25,0.19675649656,8.93511,2.52938,77788.42900631775,0.08880077528306374,0.0743234342791248
MON,1855-05-01,0.22938121388,8.5474,2.5848,88742.34520272362,0.29439880008138974,0.2668549367438715
MON,1856-05-07,0.24695439184,8.35473,2.55016,96838.78338614048,0.10142299113415842,0.11123467275236387
MON,1857-05-13,0.28266496544,8.56671,2.65372,106516.49964578026,0.10751480356908139,0.0713681893699627
MON,1858-05-19,0.287470794,8.52682,2.90209,99056.47102605364,0.02438438544814958,-0.036431152072394335
MON,1859-05-25,0.30475066128,8.02612,3.31556,91915.29071408752,0.09758118762202295,-0.009781718521751026
MON,1860-05-31,0.36619985376,8.24675,3.6372200000000006,100681.24934977813,0.1632608552735879,0.08541609660091831
MON,1861-06-06,0.360202466,8.41692,4.00773,89876.92933406193,-0.022836974215621142,-0.09426231460806422
MON,1862-06-12,0.37382495176,8.18226,4.41659,84641.08096065064,0.03655273780174717,-0.035830769619620284
MON,1863-06-18,0.45256393624,7.63148,4.66397,97034.05816075146,0.10224122949211267,0.05723421399132822
MON,1864-06-24,0.43838993692,7.53024,4.64901,94297.48202735637,-0.04090556973668269,-0.038560851170608035
MON,1865-06-30,0.44527248272000003,7.53405,4.63323,96104.11801702052,0.021243752636500357,0.023893482843458935
MON,1866-07-06,0.60792572828,7.75813,4.61881,131619.55747909096,0.3201197804729188,0.3231899214977898
MON,1867-07-12,0.64054355976,7.80532,4.60652,139051.50954733725,0.03601009494469842,0.03811659145129198
MON,1868-07-18,0.7294319499999999,8.10891,4.5912,158876.09993030145,0.07957737660782116,0.08237258904978817
MON,1869-07-24,0.7393614415199999,8.09766,4.58255,161342.79855538945,0.06980461076842026,0.07137492555576275
MON,1870-07-30,0.74934368964,8.12666,4.56974,163979.50203731502,0.05543781427820149,0.05773404175982089
MON,1871-08-05,0.78912804932,7.96688,4.55474,173254.24707447627,0.045810118630016605,0.04834749792916937
MON,1872-08-11,0.81696050072,7.93355,4.53661,180081.71315585868,0.030341650876270165,0.033444359774468246
MON,1873-08-17,1.0334574166800001,9.36351,4.62967,223224.8554821402,0.23817078348104537,0.21832739364273035
MON,1874-08-23,1.3143629148,9.69722,4.84405,271335.53840278275,0.24753282082347594,0.20474372706804478
MON,1875-08-29,1.3089328694,9.36484,5.02788,260334.94621987798,0.01725954821351472,-0.009277895063513064
MON,1876-09-04,1.53663130192,9.42923,5.09374,301670.5410798352,0.11924741413755569,0.1079419176716141
MON,1877-09-10,0.59050609644,10.1434,5.25531,112363.70384239941,-0.016292592753107016,-0.04299009606642501
MON,1878-09-16,1.20696454788,8.42679,5.13523,235036.12260405085,0.8011427693114888,0.8315182118556053
MON,1879-09-22,1.68655203444,10.4582,4.97879,338747.3732453066,0.26904075476481815,0.2987623731775133
MON,1880-09-28,1.82380133312,10.83013,4.75777,383331.126372229,0.07410094476138962,0.11514453538902414
MON,1881-10-04,1.73222144004,11.26769,4.55385,380386.14360156795,-0.05975510483847213,-0.028461387234702262
MON,1882-10-10,1.72903648268,11.606,4.30235,401881.87448255025,0.023192904490655364,0.0695430653966207
MON,1883-10-16,2.174768804,12.03867,4.07687,533440.8023802574,0.18897134894392664,0.24121581241487489
MON,1884-10-22,2.37656936556,11.94955,3.8218699999999997,621834.1716384911,0.06500710893752548,0.11538657124669727
MON,1885-10-28,2.57203919648,12.25506,3.71279,692751.056881752,0.05668757661130597,0.07706143762709905
MON,1886-11-03,2.51246971612,14.37507,3.68775,681301.5296915463,-0.011347253156029358,-0.004668569425048452
MON,1887-11-09,2.59008230936,14.58638,3.67582,704627.0789538117,0.048349625073615066,0.05307636392223514
MON,1888-11-15,2.5313274532,12.62723,3.58379,706326.9480633631,0.003286935730909102,0.024627222960256878
MON,1889-11-21,0.43030469975999996,11.30784,3.50436,122791.23713317123,-0.8159671929923962,-0.8130984888443513
MON,1890-11-27,2.2897683416400003,13.19172,3.36993,679470.5948313467,0.21362325464857967,0.25674960699667104
MON,1891-12-03,2.42961739124,13.30415,3.40563,713412.023983815,0.06330027013568684,0.055661662545126056
MON,1892-12-09,2.32444817696,13.72019,3.44892,673964.0748292218,-0.01872702410608318,-0.0280983351908054
MON,1893-12-15,2.23726383088,13.58162,3.46004,646600.568455856,0.0010720236014261086,-0.000927693024637466
MON,1894-12-21,0.55376457864,13.7479,3.47226,159482.46347911734,-0.5951016935909473,-0.5970357731391316
MON,1895-12-27,2.1956035685999997,15.64346,3.44247,637798.8968967049,2.179144827721304,2.2122002419199345
MON,1897-01-02,2.2734908326,13.64992,3.4586999999999994,657325.2472316189,0.042084347333543715,0.03504042524614692
MON,1898-01-08,2.13561762284,13.08702,3.43138,622378.6414911784,-0.022633459126780164,-0.019273955918347574
MON,1899-01-14,2.27678072804,14.17726,3.4054699999999998,668565.78623215,0.09723570556354932,0.10504845365973381
MON,1900-01-20,2.41774256308,14.08867,3.37609,716136.8811494955,0.0369456589294912,0.042340762635901585
MON,1901-01-26,2.34509527356,14.11256,3.33386,703417.4421121463,-0.0017179904397672807,0.007614478974569794
MON,1902-02-01,2.24032871452,14.4949,3.2373100000000004,692034.0389150251,-0.040138586984158175,-0.017918032990778987
MON,1903-02-07,2.122610867,14.4768,3.1700099999999996,669591.2211633403,-0.04202483243067012,-0.02761290111041348
MON,1904-02-13,2.08090885132,14.5267,3.10419,670354.859502801,-0.010959605011310436,0.00548996291749182
MON,1905-02-19,2.28262989552,14.89071,3.04213,750339.3660099995,0.06466386475922437,0.08009377534782147
MON,1906-02-25,2.32692446792,15.23912,2.98283,780106.2976837434,0.020065779403054762,0.03389477904353799
MON,1907-03-03,2.39713943768,15.53555,2.9627,809106.3684071961,0.020771994840744545,0.027366848399674515
MON,1908-03-09,2.1898103552,15.64116,2.94498,743573.9309604819,-0.062333549191434634,-0.06549537449566889
MON,1909-03-15,0.76029319912,9.99453,2.8216699999999997,269447.9507242165,-0.7551615383932329,-0.7475324266621876
MON,1910-03-21,1.84220561304,9.6474,2.82894,651199.9593628709,1.0898567206845358,1.0862089582799617
MON,1911-03-27,1.7731143518399999,11.00421,2.59373,683615.623769629,0.026974204514270017,-0.0686073277370669
MON,1912-04-02,1.6756789701600001,10.62196,2.38421,702823.5642665705,-0.1233135640867814,-0.09736880814333315
MON,1913-04-08,1.67139546444,10.62531,2.39254,698586.2156703755,-0.050877676275300265,-0.05327086302270345
MON,1914-04-14,1.22840944564,9.79228,2.39633,512621.15219523193,-0.2829047195790795,-0.2848549626474606
MON,1915-04-20,1.38889759684,9.82854,2.31347,600352.5426480568,-0.000034033939501076915,0.03079154457138733
MON,1916-04-26,1.1690554044,10.37835,2.26293,516611.3863000624,-0.0972707806336689,-0.08418292416874629
MON,1917-05-02,1.31855820876,11.33902,2.25268,585328.6790667117,0.26921390447077354,0.2706794771877583
MON,1918-05-08,1.1560784981199999,11.12058,2.2053,524227.31515893526,-0.11149946000531852,-0.09549484524208507
PTN,1837-01-13,0.02910780704,8.37922,1.5140999999999998,19224.49444554521,0,0
PTN,1838-01-19,0.0301680314,8.40597,1.54491,19527.371432640088,0.07033978749935588,0.05365982623273302
PTN,1839-01-25,0.089654006,8.00434,1.59248,56298.356023309556,1.200973118041233,1.1466183601967685
PTN,1840-01-31,0.08474439636,6.89717,1.60659,52747.99193322503,-0.05400478810156595,-0.060346653665759975
PTN,1841-02-06,0.13824636956,6.42379,1.61095,85816.67311834631,0.4700695831858652,0.467014869095395
PTN,1842-02-12,0.14023217208,6.17285,1.59652,87836.15117881392,0.03565328189905714,0.043869389303252015
PTN,1843-02-18,0.15074019115999998,6.21929,1.59118,94734.8453097701,0.0698870948692325,0.0726814099273021
PTN,1844-02-24,0.14837427384000001,6.26105,1.58546,93584.36910423473,-0.013530020134261744,-0.011027166368436259
PTN,1845-03-02,0.14275808352,6.58882,1.58603,90009.69938777953,0.017379909492426515,0.016704848510583625
PTN,1846-03-08,0.13931082464,6.10337,1.5678099999999997,88856.9562893463,0.0019310126474099132,0.012459374748167829
PTN,1847-03-14,0.13031360732,6.15121,1.5632300000000001,83361.7620695611,-0.06832494398767541,-0.06639304073897012
PTN,1848-03-20,0.12140734736,6.18229,1.5551,78070.44393286605,-0.07396081773646346,-0.06970475695377887
PTN,1849-03-26,0.13724982804,6.0574,1.55068,88509.44620424588,0.04322667899481947,0.04537918335239732
PTN,1850-04-01,0.15208258104,6.09059,1.54789,98251.5430941475,0.09856034873896724,0.10017567373641079
PTN,1851-04-07,0.15512197428,6.28141,1.54684,100283.14129451009,-0.0025395947284432285,-0.0020702424398498787
PTN,1852-04-13,0.14824237948,6.31226,1.54554,95916.23605988846,-0.010107107095848389,-0.009580355970790766
PTN,1853-04-19,0.13177336328,6.33552,1.54453,85316.15655247874,-0.10189148504347445,-0.1014870740292183
PTN,1854-04-25,0.11798626372,6.20568,1.5436,76435.7759264058,-0.06435872133244613,-0.06388908640352753
PTN,1855-05-01,0.18355091196,6.22402,1.54157,119067.51685619206,0.3963954073791782,0.3976424573026409
PTN,1856-05-07,0.20526409384,6.53598,1.54113,133190.64182774976,0.03503524391324131,0.03543985479685596
PTN,1857-05-13,0.23412420043999999,6.73379,1.5404,151989.22386393143,0.18430802396787915,0.1844374244728475
PTN,1858-05-19,0.25347256896,6.77686,1.53652,164965.35610340248,0.10385372868926068,0.1070309599387298
PTN,1859-05-25,0.2616601988,5.99498,1.51098,173172.5097618764,-0.034842501990571595,-0.019278534665023606
PTN,1860-05-31,0.232158472,6.10195,1.49652,155132.2214203619,-0.10222667058989277,-0.09556769334483162
PTN,1861-06-06,0.20147986352000002,6.35121,1.46865,137187.1198175195,-0.10695119166435096,-0.09286834743091621
PTN,1862-06-12,0.21221371756,6.55271,1.4594999999999998,145401.65643028435,0.10018596785687439,0.1048340363945186
PTN,1863-06-18,0.27011231884000003,6.26062,1.42957,188946.54954986466,0.2469339364302543,0.26905730012974294
PTN,1864-06-24,0.2727805002,6.78805,1.4217,191869.2411901245,-0.07000070304388006,-0.06553075020343369
PTN,1865-06-30,0.287302249,6.77707,1.41987,202344.05192024625,-0.015111594265588724,-0.013978961353525055
PTN,1866-07-06,0.29316876056,7.32607,1.4246,205790.22922925733,0.00820450844892151,0.005358085684471048
PTN,1867-07-12,0.2499058666,7.25798,1.43118,174615.25915677974,-0.10018833292918017,-0.10322772470908248
PTN,1868-07-18,0.3015936118,8.22459,1.4239,211808.14088067983,0.19245941195044214,0.19874956536696686
PTN,1869-07-24,0.24983777572000002,8.10017,1.42138,175771.27560539756,-0.12037516600224762,-0.1184999968755498
PTN,1870-07-30,0.24605871576,8.85877,1.43304,171704.01088594872,-0.005025662848659129,-0.01083274570174031
PTN,1871-08-05,0.30925287588,8.77831,1.44545,213949.20327925563,0.20083573452908254,0.19164085951988485
PTN,1872-08-11,0.30948540324,8.97854,1.44862,213641.53693860365,-0.008311628286199135,-0.009897553304081819
PTN,1873-08-17,0.29144424088,9.12333,1.49734,194641.32453550966,-0.01829826571978721,-0.041580148162980946
PTN,1874-08-23,0.21859814756,7.90241,1.53777,142152.6935497506,-0.20925753579327377,-0.2287937847485364
PTN,1875-08-29,0.28285882924,7.38421,1.906,148404.42247639035,0.25490576524225084,0.03767928739695292
PTN,1876-09-04,0.38562511988000003,8.10948,1.96241,196505.88810697052,0.27573643343708487,0.2588314544208883
PTN,1877-09-10,0.43832119032,8.38043,1.95273,224465.845416417,0.1256436580265452,0.1302149976503464
PTN,1878-09-16,0.40964429272,8.01423,1.92136,213205.38197943126,-0.09931442588965056,-0.08972050599186143
PTN,1879-09-22,0.38788131356,8.01717,1.8976,204406.25714586847,-0.05299710518780021,-0.042576672471323684
PTN,1880-09-28,0.41999633312,8.44129,1.88813,222440.36857631625,0.033431467495699474,0.033594451516958834
PTN,1881-10-04,0.42545459736,8.6608,1.93474,219902.72458314814,0.013294315829501135,-0.010886256397256489
PTN,1882-10-10,0.42224128856000004,8.67017,1.92717,219099.13944280992,-0.027189995895610886,-0.023928321550639287
PTN,1883-10-16,0.3732404728,8.73791,1.9194800000000003,194448.7427845041,-0.09915187540915338,-0.09682605040694325
PTN,1884-10-22,0.38415979836,9.14881,1.91778,200314.842348966,0.0260833533293916,0.025313971464241858
PTN,1885-10-28,0.37846328364,9.16712,1.92999,196095.98165793603,-0.011270926172499807,-0.01599796665384745
PTN,1886-11-03,0.38827765548000004,9.50555,1.94356,199776.5211673424,-0.021463675864482945,-0.026751540886986835
PTN,1887-11-09,0.39541969272,9.19066,1.95538,202221.40592621383,-0.021949607353977663,-0.025961784506015495
PTN,1888-11-15,0.41812665596,9.51096,1.96776,212488.64493637436,0.020573642360476763,0.015617612566011907
PTN,1889-11-21,0.5026149466000001,9.07901,1.98213,253573.14938979785,0.19145807992928,0.1849113183664326
PTN,1890-11-27,0.52423825844,10.55103,2.00842,261020.23403471385,-0.023097670534950154,-0.03327377466891801
PTN,1891-12-03,0.5269653506,10.99722,2.03491,258962.48512219213,-0.010570529576714005,-0.02009076053873382
PTN,1892-12-09,0.547462032,9.87626,2.07074,264379.8989733139,0.05438731306588851,0.04041577809923713
PTN,1893-12-15,0.56899969308,10.05396,2.16409,262927.9249384268,0.0287171651252196,0.0031814979985840264
PTN,1894-12-21,0.6198775466,10.29439,2.23808,276968.4491171004,0.05407714580138734,0.03095391798314684
PTN,1895-12-27,0.61798449752,10.18053,2.27596,271526.9589623719,-0.000019779926666241288,-0.012359012985175943
PTN,1897-01-02,0.63630697312,10.29731,2.31449,274923.189609806,-0.008552015863832474,-0.020813242802200427
PTN,1898-01-08,0.6520606970799999,10.2442,2.3434,278254.1167022275,0.014940410714820329,0.007045186055448349
PTN,1899-01-14,0.66564238884,10.22803,2.38032,279644.07677959267,0.023825084541123198,0.011845547133892298
PTN,1900-01-20,0.66092430352,10.44419,2.40944,274306.18879075634,-0.018851772664665867,-0.0269794612837434
PTN,1901-01-26,0.69165793112,10.42583,2.43541,284000.6122665177,0.07359365395031747,0.06528754853565366
PTN,1902-02-01,0.71350565416,10.41823,2.4547700000000003,290660.8986422353,0.01487880180095913,0.00855904635249849
PTN,1903-02-07,0.7638586467199999,10.52769,2.48876,306923.3862325013,0.05967091901325006,0.04946872990886786
PTN,1904-02-13,0.69240787512,10.40384,2.5154,275267.5022342371,-0.1065725093637927,-0.11338553222412207
PTN,1905-02-19,0.7571853733599999,10.61534,2.53838,298294.72866946633,0.05814016039104608,0.05082895888789385
PTN,1906-02-25,0.77371836932,10.53144,2.5394999999999994,304673.5063280174,0.008411442132674862,0.00895032905923987
PTN,1907-03-03,0.70973089928,10.50507,2.51721,281951.40623150236,-0.0847234551396081,-0.07767787213568467
PTN,1908-03-09,0.7490983806799999,10.57097,2.54664,294151.6589231301,0.04179132294129628,0.03247829155820092
PTN,1909-03-15,0.7538154078,10.57848,2.56748,293601.2774393569,0.0015849758247190593,-0.004721290421198288
PTN,1910-03-21,0.73328785816,10.6366,2.58757,283388.6071333336,0.0013162977453207159,-0.005357536930471918
PTN,1911-03-27,0.76492210808,10.83864,2.61567,292438.3076152573,0.059865876517054106,0.05147150698269143
PTN,1912-04-02,0.67409613856,10.92836,2.64473,254882.78144082762,-0.12933619918652772,-0.1366931480420922
PTN,1913-04-08,0.72924168304,10.97464,2.66181,273964.5891479858,0.04854110106853038,0.04448272006394949
PTN,1914-04-14,0.6954605616399999,10.78636,2.68548,258970.67252036877,-0.047678085523895186,-0.05582601255708752
PTN,1915-04-20,0.70346597516,10.81349,2.71004,259577.70924414403,-0.0076578033060660244,-0.014791365928349176
PTN,1916-04-26,0.68151799976,11.01335,2.73837,248877.25170813294,-0.0024875440264572335,-0.010910063151952643
PTN,1917-05-02,0.7087435622799999,11.00212,2.77419,255477.6573630501,0.02500241988575791,0.015343449780466756
PTN,1918-05-08,0.74139749424,10.9631,2.8037500000000004,264430.67115113686,0.013318066100209691,0.004908582745606571
LIP,1837-01-13,0.03773112096,9.17689,0.77725,48544.38206497266,0,0
LIP,1838-01-19,0.04173950248,9.1536,0.7852,53157.79735099338,0.10997912578812619,0.10129052229478641
LIP,1839-01-25,0.0426578256,9.43925,0.79339,53766.527937080114,0.020275313024317176,0.012367867648320985
LIP,1840-01-31,0.04027376496,9.8071,0.80427,50074.93125442948,-0.06661721589983594,-0.07604347116923038
LIP,1841-02-06,0.04887125256,9.71271,0.81438,60010.37913504752,0.1453837913898257,0.13437977009440738
LIP,1842-02-12,0.0465399974,9.69722,0.82487,56421.00864378629,0.009444341635039377,0.00011192035283014157
LIP,1843-02-18,0.040750884200000004,8.96511,0.83198,48980.60554340248,0.10523354208738911,0.09786495165251052
LIP,1844-02-24,0.0404132872,8.95612,0.83828,48209.77143675144,0.0044923924805457816,-0.0014490888856412143
LIP,1845-03-02,0.03946006012,9.32548,0.84582,46653.02324371616,-0.006090638044447871,-0.012472741078140781
LIP,1846-03-08,0.049278180119999994,9.36608,0.85367,57725.09297503719,0.16133749471702963,0.15300104814060367
LIP,1847-03-14,0.04871346012,9.3099,0.8611,56571.199767738945,-0.0521479969748051,-0.05846352441945779
LIP,1848-03-20,0.0484341676,9.22735,0.86922,55721.41414141414,-0.014501334367951202,-0.021162936997130788
LIP,1849-03-26,0.044063215040000006,8.64481,0.8748900000000001,50364.29155665284,-0.08811621288562632,-0.09274009693208285
LIP,1850-04-01,0.03930471064,9.10494,0.8813300000000001,44597.04156218442,-0.055495272962575504,-0.06042276895655996
LIP,1851-04-07,0.04021546308,9.0352,0.88829,45272.89858041856,0.019133813761544216,0.012982225785846957
LIP,1852-04-13,0.04050962448,8.90834,0.8944700000000001,45288.969423233866,0.007493307797408422,0.0020294795260149545
LIP,1853-04-19,0.040795233959999996,8.81201,0.9006399999999999,45295.827367205544,0.0006918446021768609,-0.004148167719631002
LIP,1854-04-25,0.0384981662,8.75793,0.9057400000000001,42504.654978249826,-0.03065487255516297,-0.034922252761212746
LIP,1855-05-01,0.03904745416,8.7082,0.91066,42878.19181692399,0.010206781286580924,0.005889703065764529
LIP,1856-05-07,0.03853091008,8.51969,0.91532,42095.562295153606,0.0003350809350444184,-0.003163871745233693
LIP,1857-05-13,0.03771357148,8.48818,0.9191200000000002,41032.26072765253,-0.022491052764468167,-0.025665637306749978
LIP,1858-05-19,0.037621702039999996,8.4439,0.9221299999999999,40798.69653953347,-0.07143017102359639,-0.07373506016929932
LIP,1859-05-25,0.0582249356,8.79613,0.92617,62866.35887580033,0.17314863791045876,0.16936973010610523
LIP,1860-05-31,0.06751139876,8.25953,0.92861,72701.56336890621,0.06497134233641222,0.06284907951790575
LIP,1861-06-06,0.06386932396,8.29012,0.93167,68553.59082078419,-0.05017515740885348,-0.052316935748500604
LIP,1862-06-12,0.06543632576,8.63903,0.9356300000000001,69938.25097527869,0.046531131944858695,0.04291361565216656
LIP,1863-06-18,0.06662806384,8.86316,0.93982,70894.49452022728,0.015945962918400225,0.012642547454089215
LIP,1864-06-24,0.064614797,9.13312,0.94666,68255.54792639385,-0.04683812715744262,-0.05172450334439349
LIP,1865-06-30,0.14322256883999998,10.42167,0.95754,149573.45786076822,0.7130856781195849,0.6978282459504723
LIP,1866-07-06,0.13910833976,10.92781,0.97111,143246.73802143938,-0.044800786187911834,-0.054996954633272255
LIP,1867-07-12,0.02461679064,9.56675,0.98558,24976.95837983725,-0.2923927180223854,-0.29975444588034506
LIP,1868-07-18,0.03404385348,5.10958,0.98331,34621.689477377426,0.33911298283090874,0.3404017070610894
LIP,1869-07-24,0.0294626774,4.72696,0.95982,30696.044466670835,-0.1243454115269097,-0.10865089004672224
LIP,1870-07-30,0.033704139040000004,4.89216,0.9337800000000002,36094.303840304994,0.15169261118458777,0.17488544461166788
LIP,1871-08-05,0.039956701719999994,5.8891,0.9134700000000001,43741.66827591491,0.21676404913361313,0.23737215593989158
LIP,1872-08-11,0.039591344,6.36689,0.90381,43804.941304035136,-0.06558704055417974,-0.0582743115702401
LIP,1873-08-17,0.03709314232,5.54921,0.89941,41241.6387631892,-0.050438736198948564,-0.04706670473819041
LIP,1874-08-23,0.03644869956,5.53038,0.89221,40852.15314780153,-0.008028377317758184,-0.002117901169439662
LIP,1875-08-29,0.033144585760000005,5.3224,0.8817,37591.68170579562,-0.08441060986513593,-0.07600414929195742
LIP,1876-09-04,0.0343230836,5.46619,0.8708099999999999,39415.12339086598,0.03846018827758413,0.048477317975544665
LIP,1877-09-10,0.0341375502,5.51146,0.86105,39646.42030079554,-0.0019460428910214045,0.0066571812769551375
LIP,1878-09-16,0.03379940148,5.53819,0.85178,39680.90525722605,-0.004881865628554971,0.003107019292141411
LIP,1879-09-22,0.03322355556,5.54237,0.8431600000000001,39403.61919445894,-0.014698501713195866,-0.007389396957142358
LIP,1880-09-28,0.03181823944,5.50277,0.83344,38177.000671914,-0.018900502265308816,-0.010156525683647888
LIP,1881-10-04,0.03123973892,5.53676,0.8233800000000001,37940.85224319269,-0.021206313588905013,-0.01206497542222651
LIP,1882-10-10,0.11716683212000001,8.49497,0.81761,143304.0595393892,2.597154028235821,2.6164124081983036
LIP,1883-10-16,0.10999780948,8.6461,0.8209299999999999,133991.70389679997,-0.020029118726072048,-0.022881913401063048
LIP,1884-10-22,0.11993061027999999,7.96929,0.82334,145663.5293803289,0.04122929041619616,0.03873449532793383
LIP,1885-10-28,0.13763481056000001,9.1443,0.82589,166650.2930898788,0.05834917510820392,0.05570189038284923
LIP,1886-11-03,0.11842861212,10.65332,0.83384,142027.98153122902,-0.13609957774437853,-0.14259175785786415
LIP,1887-11-09,0.11983608779999999,10.63062,0.8434900000000001,142071.73505317193,-0.010155699247552663,-0.01892506945683614
LIP,1888-11-15,0.11935146652,10.90304,0.85376,139795.10227698652,0.01193753274043341,0.0028738078715031534
LIP,1889-11-21,0.12433762328,10.77276,0.86442,143839.36429050693,0.03932436743749235,0.029709360008587815
LIP,1890-11-27,0.12307311744,10.91254,0.8687599999999999,141665.26709332844,-0.033821146060446505,-0.03676531235823721
LIP,1891-12-03,0.14845110384,10.99601,0.87466,169724.3544234331,0.062160981015337624,0.05662114873614388
LIP,1892-12-09,0.1264632122,10.60534,0.88164,143440.8740529014,-0.06996622154168719,-0.07566983670952332
LIP,1893-12-15,0.12780300624,10.62869,0.88818,143893.1367965953,-0.010119112658728335,-0.01555945973232764
LIP,1894-12-21,0.1580107828,10.88581,0.89745,176066.39121956655,0.22373268823105175,0.21422547213725696
LIP,1895-12-27,0.1589448562,10.91297,0.9048800000000001,175652.96636018035,-0.01207090677982181,-0.01828238800224402
LIP,1897-01-02,0.12503797124,10.34878,0.90913,137535.85432226415,-0.1437616669965439,-0.14699259684724697
LIP,1898-01-08,0.14980936308,9.59829,0.90253,165988.23649075377,0.22054042216848257,0.22799632783253787
LIP,1899-01-14,0.1584774438,11.14349,0.9087200000000001,174396.3418874901,0.013096397663550752,0.00753955624280378
LIP,1900-01-20,0.15642600324,11.22703,0.91595,170780.06795130737,-0.02515658696710632,-0.030794207550978836
LIP,1901-01-26,0.14405047696,11.15494,0.9252999999999999,155679.75463093052,-0.04058880834013767,-0.048266791102575146
LIP,1902-02-01,0.14290998332,7.38274,0.92496,154503.96051721156,-0.1304363627552394,-0.1304885595909293
LIP,1903-02-07,0.16047611944,10.23792,0.92977,172597.65258074578,0.015540456793988522,0.011386987556213368
LIP,1904-02-13,0.12217005476,7.28613,0.93313,130925.01019150601,-0.33427034453417037,-0.3368698515926388
LIP,1905-02-19,0.13631373548,6.92735,0.9274900000000001,146970.5716288046,-0.02222703771360135,-0.017604051219197725
LIP,1906-02-25,0.15176252572,7.61683,0.9249099999999999,164083.5602599172,0.036560740161619254,0.0384780438761978
LIP,1907-03-03,0.14319933835999998,7.95121,0.92057,155555.0782232747,-0.0629821366866945,-0.05976528141603765
LIP,1908-03-09,0.21087270308,8.39924,0.90917,231939.79462586754,0.5247147593923944,0.5384548603635662
LIP,1909-03-15,0.01552362084,6.27081,0.8843300000000001,17554.104056178123,-0.9423387675841045,-0.9414908169738543
LIP,1910-03-21,0.14290165187999998,8.32096,0.83285,171581.4995257249,5.29693490979637,5.598910698013792
LIP,1911-03-27,0.13080457052,11.72136,0.84365,155046.01495880992,-0.018846694090143612,-0.02830223545041155
LIP,1912-04-02,0.0774639164,7.74232,0.84448,91729.72290640394,-0.4197731845335938,-0.4204301313854779
LIP,1913-04-08,0.10437417119999999,8.36732,0.83324,125263.03489990879,0.10312844814396627,0.11350207500737453
LIP,1914-04-14,0.09456546424000001,7.23884,0.8222,115015.15962053028,-0.045411336436742666,-0.03568313959187108
LIP,1915-04-20,0.13234437632,8.33914,0.81029,163329.64286860262,0.34411723835672237,0.3596661019947207
LIP,1916-04-26,0.12188349576,7.49422,0.80436,151528.53916156947,-0.07634288257569177,-0.07116136538616269
LIP,1917-05-02,0.120829267,7.80917,0.79898,151229.40123657664,0.0059079426773960275,0.011047562159677948
LIP,1918-05-08,0.1284372232,8.64868,0.79514,161527.81044847448,0.10434803616678101,0.10814914337096981
HDJ,1900-08-18,0.32144686287999996,6.28639,6.17342,52069.49517123409,0,0
HDJ,1901-08-24,0.32976911448,6.37564,6.16202,53516.39794742633,0.011270450433819246,0.012793663371983177
HDJ,1902-08-30,0.31879197064000003,6.59402,6.15233,51816.46150970445,-0.006949936323132011,-0.005773180244060372
HDJ,1903-09-05,0.34688185635999996,6.0526,6.1435,56463.2304647188,0.0929214044933766,0.09414914349696923
HDJ,1904-09-11,0.3144556116,6.88918,6.14305,51188.84130847055,-0.08997849685827775,-0.08991209110008336
HDJ,1905-09-17,0.31460943280000003,6.96777,6.14637,51186.21768621154,0.0005307419757789589,-0.000027877299561107627
HDJ,1906-09-23,0.31594081479999997,6.96383,6.15274,51349.61249784649,0.0019975943287438014,0.0013182304342380657
HDJ,1907-09-29,0.31449823652,6.49514,6.14962,51141.08457433142,-0.005215939379997203,-0.0047318445752205784
HDJ,1908-10-05,0.34828954316,6.48377,6.14237,56702.7943871828,0.08572618519740005,0.08653522421010917
HDJ,1909-10-11,0.32536010468,6.12213,6.13705,53015.71678249321,-0.008551509293554416,-0.007784221033211747
HDJ,1910-10-17,0.3230063798,6.51899,6.13088,52685.157726133926,-0.01083363191007658,-0.010173171405280623
HDJ,1911-10-23,0.32253772928,6.76984,6.12734,52639.11081807114,0.0026300704659611984,0.0031040548895779896
HDJ,1912-10-29,0.3264676948,6.73331,6.12755,53278.666808104375,0.016290882746901714,0.01634326523332752
HDJ,1913-11-04,0.33616501776,6.51407,6.12166,54914.029488733446,0.03093693561513433,0.03154461529770258
HDJ,1914-11-10,0.33422530024,6.79405,6.12016,54610.549436616035,-0.008961236404231077,-0.008668098151891845
HDJ,1915-11-16,0.33197658519999995,6.80848,6.12217,54225.31311610099,-0.0033853810681514496,-0.003635211586423548
HDJ,1916-11-22,0.35099561172,6.80747,6.12324,57321.87726105787,0.015590427643549676,0.015333972307667532
HDJ,1917-11-28,0.3455502466,6.84662,6.12644,56403.106306435715,-0.036095312768321564,-0.03637397919364149
HDJ,1918-12-04,0.34056236864,6.89926,6.12585,55594.304241860315,-0.01251508249880584,-0.012437419037424124
FIN,1837-01-13,0.7403438224,10.04131,14.65108,50531.68929526014,0,0
FIN,1838-01-19,0.83982649088,10.11167,14.82774,56638.87354917203,0.1265614601315901,0.11642875244726447
FIN,1839-01-25,0.85945197468,10.09304,15.03018,57181.748633748895,0.04375896897181675,0.032691553681560626
FIN,1840-01-31,0.7819844734,10.13371,15.26089,51241.07921621871,0.04529853091900993,0.033595645719095124
FIN,1841-02-06,0.86175449516,10.1147,15.4976,55605.67411470164,0.03018944766924725,0.018287461423725393
FIN,1842-02-12,0.84041646208,10.00178,15.737129999999999,53403.41358811931,-0.06762006174785651,-0.07841628876057627
FIN,1843-02-18,0.9815844375999999,9.7704,15.975,61445.03521752739,0.12605142924536428,0.11331970228974764
FIN,1844-02-24,1.11717948472,9.35403,16.19099,69000.07255393278,0.0794475357122506,0.0685705994712984
FIN,1845-03-02,1.14829207376,10.07364,16.42606,69906.72588313936,0.05338161313758327,0.04201279923732937
FIN,1846-03-08,1.19881995584,10.25279,16.68251,71860.88639179595,0.059009000658325705,0.04652282647643502
FIN,1847-03-14,1.22299243352,10.15272,16.94116,72190.59577502367,-0.04709290861176396,-0.05796439535863718
FIN,1848-03-20,1.36421761684,9.87178,17.18063,79404.40000395794,0.11892139924018452,0.10715935933177123
FIN,1849-03-26,1.39213813024,9.94082,17.41692,79930.21327766332,0.06285530376833726,0.05206710170846107
FIN,1850-04-01,1.5848066192399999,10.00853,17.67426,89667.49494688887,0.07245645120526478,0.06062175745902665
FIN,1851-04-07,1.23071173784,10.01173,17.94588,68579.06872440918,-0.15958906789831706,-0.16912351306973727
FIN,1852-04-13,1.6549946972,10.14983,18.2344,90762.22399420875,0.16329788438829596,0.148959384893824
FIN,1853-04-19,1.61791062576,10.2038,18.69214,86555.66595157109,0.08141238733472744,0.06214258407800877
FIN,1854-04-25,1.87832492276,10.25826,19.49024,96372.59073054,0.2187844986496419,0.18297591461015394
FIN,1855-05-01,1.9289034024,10.20269,20.75212,92949.7035676355,0.08092471683870461,0.029862309667572084
FIN,1856-05-07,1.92478060788,10.18385,21.69667,88713.18077290201,0.02620394327060427,-0.006572524508549171
FIN,1857-05-13,2.13217605432,10.29795,22.64547,94154.63906556147,0.0756114487307935,0.04023769663808863
FIN,1858-05-19,2.26663496072,10.35045,23.59151,96078.41807158591,0.05890261886542736,0.027889413760796344
FIN,1859-05-25,2.29756863336,10.21523,24.42628,94061.34021881351,-0.0253655481005316,-0.049550909786124975
FIN,1860-05-31,2.29968081512,9.85549,26.36824,87214.04292133263,-0.043340192119627585,-0.09924854586696852
FIN,1861-06-06,1.24519463952,8.07138,26.60975,46794.67636937589,-0.3873658048560287,-0.39267353082356904
FIN,1862-06-12,2.52883283328,9.53317,26.54485,95266.42016360989,1.0850417809373103,1.08652069673425
FIN,1863-06-18,2.763656428,10.05545,26.7723,103228.20332956077,0.09396358479358691,0.08688404239916281
FIN,1864-06-24,0.6311792084,6.39153,26.52636,23794.41462756292,-0.7699980053000174,-0.7686241990393936
FIN,1865-06-30,1.8244480841600001,8.9687,25.928839999999997,70363.66008506359,1.2867129616281003,1.3300356501711943
FIN,1866-07-06,2.5882285728000003,10.1332,26.0643,99301.67212624165,0.2025159303572701,0.19817164246857288
FIN,1867-07-12,2.80873490872,10.50533,26.08094,107693.00909859846,0.08350906155520654,0.0825618507607313
FIN,1868-07-18,3.57355565112,11.72172,26.0565,137146.4184030856,0.23917224633701184,0.2392884479584192
FIN,1869-07-24,3.72811618296,11.88576,25.54005,145971.37370365366,0.05301949703129072,0.07203777317459137
FIN,1870-07-30,3.93042245492,11.94379,25.825940000000003,152188.94084474756,0.032550325972069194,0.021792363426326178
FIN,1871-08-05,4.2052453066,11.98321,26.152770000000004,160795.4073927924,0.05586297441470256,0.04647086841104753
FIN,1872-08-11,3.92132970996,12.12479,26.59175,147464.14620925664,-0.033350863970020184,-0.04524067878250693
FIN,1873-08-17,4.66495477864,11.95382,26.976820000000004,172924.56185124858,0.1300362402005273,0.11743042350879218
FIN,1874-08-23,5.60903694,12.31472,27.41433,204602.37182524617,0.17854700828493697,0.16437829345434052
FIN,1875-08-29,7.814824257760001,12.30118,27.72303,281889.2544487381,0.24530913308687552,0.23511917249053527
FIN,1876-09-04,8.610488979560001,12.9932,28.03635,307118.75759719085,0.07517846694976194,0.06519147039406925
FIN,1877-09-10,9.097249671119998,13.65002,28.04873,324337.311212308,0.010186586659958419,0.010806547432474556
FIN,1878-09-16,10.02139204092,14.02103,27.985439999999997,358093.0669991253,0.07367293968990496,0.07418889189462319
FIN,1879-09-22,9.68402497192,14.21319,28.27343,342513.27030077355,-0.026946338069084974,-0.03423138130910086
FIN,1880-09-28,10.34129718128,14.5617,28.79922,359082.54394667636,0.013433650386317053,-0.0015730046315673984
FIN,1881-10-04,9.17572374316,14.51319,29.009139999999995,316304.57652863895,-0.08488646228590069,-0.08981235887149863
FIN,1882-10-10,9.5883728616,15.338,28.859960000000004,332237.9123740989,0.02953361538082122,0.033959028691001425
FIN,1883-10-16,0.24911319004,5.74732,5.55346,44857.29437863962,-0.9726307412484116,-0.8597022336179635
FIN,1884-10-22,0.14217335912,8.2333,5.53593,25681.928622652384,-0.5042709614469113,-0.5029264274741052
FIN,1885-10-28,0.09484647900000001,11.05056,5.61761,16883.777798743595,-0.275574896757396,-0.28325092090603665
FIN,1886-11-03,0.09721050404,10.9732,5.72735,16973.033608911624,0.03506808690398189,0.019624355501461688
FIN,1887-11-09,0.11381792084,9.56939,5.82663,19534.091033753648,0.07552483284351807,0.062349031796754995
FIN,1888-11-15,0.11775470668,9.43532,5.90488,19941.930518486402,0.03518801191055543,0.024485168256872525
FIN,1889-11-21,0.17843975604,9.70654,5.59186,31910.626524984535,0.5569656005444752,0.6474140786617211
FIN,1890-11-27,0.18122509080000002,9.43519,5.57639,32498.639944480212,0.02197416946252928,0.02400537069353903
FIN,1891-12-03,0.11760549632,9.41101,5.50271,21372.286804138323,-0.348220221738353,-0.34114410618245783
FIN,1892-12-09,0.11813564048,9.48355,5.47817,21564.80001168273,0.016886938351873493,0.0202691380032316
FIN,1893-12-15,0.12075187747999999,9.52477,5.50285,21943.516083484014,-0.006829471453194569,-0.010074111771722127
FIN,1894-12-21,0.14583067043999998,9.68249,5.55198,26266.425750813218,0.18510493535020234,0.1771350922454904
FIN,1895-12-27,0.17020066908,10.52118,5.6352,30203.128385860306,0.15790038078355595,0.14455164293354095
FIN,1897-01-02,0.48002941895999995,9.78664,5.93082,80938.11967990936,1.317106265526983,1.2070372696683562
FIN,1898-01-08,0.23635539096,8.12586,5.86594,40292.84154969195,-0.10249423776567967,-0.09303527230964714
FIN,1899-01-14,0.27250906851999995,9.39896,5.91491,46071.549443693984,0.19280443050481044,0.18640866909558373
FIN,1900-01-20,0.2864248348,7.74805,5.98049,47893.20520559353,0.08938910109892984,0.07953032355928946
FIN,1901-01-26,0.33400719248000005,6.19134,5.97912,55862.266099359105,-0.00357340826823338,-0.003223461376411607
FIN,1902-02-01,0.49354671964,7.69532,6.00181,82232.97965780324,0.31591599448172314,0.3119617113954938
FIN,1903-02-07,0.43881241092,7.50734,6.03235,72743.19476157716,-0.12450759950520163,-0.12793670423558168
FIN,1904-02-13,0.5725929882399999,8.1934,6.07273,94289.22218507985,0.20953537444975923,0.2028966267313581
FIN,1905-02-19,0.59021694628,8.53755,6.09513,96834.18504281287,0.06331530797603713,0.013597385483923752
FIN,1906-02-25,0.38610587808,9.33172,6.15209,62760.11535591969,-0.2333017119980224,-0.23844184454337602
FIN,1907-03-03,0.3406781508,6.63294,5.97823,56986.457663890484,-0.13752929765743038,-0.11153007915949664
FIN,1908-03-09,0.43220218756,7.70342,6.165139999999999,70104.19675141198,0.1577983608163307,0.15049946590102792
FIN,1909-03-15,0.6605962667199999,7.07588,6.18115,106872.71247583379,0.2067119361564227,0.20461933172580204
FIN,1910-03-21,0.6616102142,7.06783,6.19228,106844.36333628325,0.005163095457363376,0.0037886541662437434
FIN,1911-03-27,0.6644707316,7.08353,6.20299,107121.03866038799,0.006079210437870852,0.004829992166893282
FIN,1912-04-02,0.34849595404,8.76853,6.23403,55902.193932335904,-0.44637097129781966,-0.44817927813810465
FIN,1913-04-08,0.42178455852,8.04995,6.27928,67170.84737740633,0.09615548307435628,0.09085805750136244
FIN,1914-04-14,0.46971358096,8.71746,6.3396,74091.9901823459,0.12477963187413676,0.11647542296046365
FIN,1915-04-20,0.41287774788,7.92298,5.98317,69006.52127216842,-0.10618830808743973,-0.06822562895734996
FIN,1916-04-26,0.51895295816,8.29643,6.41837,80854.32253983487,0.1963140863301922,0.14535399117573955
FIN,1917-05-02,0.67032232072,7.55082,6.45823,103793.50390432052,0.12204381836611455,0.11703469383617726
FIN,1918-05-08,0.53499705168,7.64251,6.496560000000001,82350.82130850789,-0.15895965760782627,-0.1625209138948166
OMA,1837-01-13,0.6604233308399999,9.40599,15.79074,41823.456711971696,0.10813167709398686,0.09300350787031597
OMA,1838-01-19,0.5506862488400001,9.31134,16.09491,34214.93185361086,-0.16377618704095342,-0.1765469893527598
OMA,1839-01-25,0.64595277448,9.32454,16.43676,39299.27640727248,0.10258043485404644,0.08457790504849494
OMA,1840-01-31,0.70232959264,10.08387,16.7578,41910.60835193164,0.08834440708429336,0.07247260294020852
OMA,1841-02-06,0.8772505352000001,9.35422,17.12073,51239.08473528875,0.15035441199783706,0.13146413039311788
OMA,1842-02-12,0.8204313364,10.15159,17.48581,46919.83593553859,-0.07186089724626288,-0.08583072747327747
OMA,1843-02-18,0.91590500716,9.38975,17.801,51452.446893994726,0.13116732560311384,0.11625240230751199
OMA,1844-02-24,0.96920740956,10.3625,18.17363,53330.4248826459,-0.015057143479714763,-0.03052613691291539
OMA,1845-03-02,1.0687950608399999,10.85346,18.57549,57537.92017545702,-0.08611923076716255,-0.10145733735601214
OMA,1846-03-08,0.9301899542000001,10.8782,18.93624,49122.20980511443,-0.15332485833188192,-0.16554574209829687
OMA,1847-03-14,0.95511360048,10.83774,19.32155,49432.555901571046,0.02567332741317596,0.0100840125410393
OMA,1848-03-20,1.01473197072,10.17975,19.71935,51458.6926404775,0.041207028312485905,0.02517569843081624
OMA,1849-03-26,1.23581950128,10.03925,20.13088,61389.243852231,0.17481019435358158,0.15598897222960617
OMA,1850-04-01,1.2281832352400002,10.01797,20.56895,59710.546004535965,-0.006522307946686068,-0.02197035765320654
OMA,1851-04-07,1.34148445496,10.11807,20.94968,64033.64896074784,0.0037459169909088708,-0.009445482825774842
OMA,1852-04-13,1.3004924243999998,10.09092,21.39102,60796.185707834404,-0.025215433114075814,-0.040686370120932014
OMA,1853-04-19,1.38655810488,10.00238,21.72887,63811.790713460934,0.012916663789115157,0.0017656769661558158
OMA,1854-04-25,1.424089264,10.0391,22.15301,64284.233338945814,0.0241481505688268,0.008263246346057906
OMA,1855-05-01,1.5933548228,10.14955,22.528509999999997,70726.15200916528,0.06942404786837963,0.05547845901057924
OMA,1856-05-07,1.76415129644,10.27202,22.95344,76857.81723523793,0.09062931322845125,0.07568821931086878
OMA,1857-05-13,1.93566521876,10.09785,23.37146,82821.75006439479,0.1065334224605905,0.09076629485033472
OMA,1858-05-19,1.91178640328,10.26475,23.77991,80395.02265904286,0.0021763021951897166,-0.010892955825197448
OMA,1859-05-25,1.99766929752,10.08812,24.16427,82670.37644919545,0.03875645227761937,0.026256705128348656
OMA,1860-05-31,1.95147270448,10.17889,24.60532,79311.0069074493,-0.012569931955254687,-0.025819914832643676
OMA,1861-06-06,1.94340616184,10.03099,25.00354,77725.24057953393,-0.0002453567095056508,-0.012373158051785405
OMA,1862-06-12,2.12010844916,9.8265,25.30686,83776.03737326559,0.0818602481580657,0.07214090852678634
OMA,1863-06-18,2.24468530364,9.94406,25.61023,87647.99471305021,0.04781641996933428,0.03830108105970109
OMA,1864-06-24,2.4392572188400004,10.00562,25.95153,93992.80962779459,0.0571312152235246,0.04675094683841641
OMA,1865-06-30,2.54071246936,10.06287,26.29229,96633.36549840275,0.03910819073608307,0.028848956058088904
OMA,1866-07-06,2.34735503028,9.08227,26.5599,88379.66371409531,-0.05662197108728584,-0.06382398061692818
OMA,1867-07-12,0.520685672,8.2071,9.75216,53391.830322718255,-0.7780033635446513,-0.569196871709772
OMA,1868-07-18,0.5774113305999999,8.31305,9.83336,58719.637092509576,0.13812682571258494,0.1309374391664926
OMA,1869-07-24,0.6643244322,8.4108,9.91557,66998.10824793733,0.0895283538428453,0.08275980798303606
OMA,1870-07-30,0.58367483824,8.63988,9.99794,58379.510003060626,-0.1251017819865745,-0.13054814568283246
OMA,1871-08-05,0.60171321028,8.84663,10.07998,59693.88930136766,0.012193434934601566,0.005980169442401317
OMA,1872-08-11,0.6193751096,8.87831,10.17539,60869.91354631124,-0.0004100141648923916,-0.007387718483724104
OMA,1873-08-17,0.5813808806,8.77774,10.26545,56634.719432660044,-0.04613322341194803,-0.052483364461452964
OMA,1874-08-23,0.53256390356,8.69285,10.3449,51480.81697841448,-0.11153845776191429,-0.11660233234218376
OMA,1875-08-29,0.62636899884,8.71168,10.42498,60083.47247093041,0.07998654821352313,0.0736163355368642
OMA,1876-09-04,0.54953296216,8.48615,10.48827,52395.00529257923,0.03527423583413625,0.030549361426498223
OMA,1877-09-10,0.6007510282799999,8.63008,10.56723,56850.37879179311,0.015379075774339501,0.009686586734169111
OMA,1878-09-16,0.56120820132,8.5626,10.64313,52729.62007604906,-0.0963613594189342,-0.10126107309390153
OMA,1879-09-22,0.5657503971600001,8.97099,10.71341,52807.68654984735,0.023339763409847336,0.018206121821086496
OMA,1880-09-28,0.60433338836,8.85949,10.78934,56012.08121720143,0.060602271785574535,0.05508994081421115
OMA,1881-10-04,0.6472761074,8.73052,10.86269,59587.09190817375,0.0028860588269321585,-0.0021812969579814157
OMA,1882-10-10,0.56174381952,8.49431,10.91253,51476.95534582723,-0.09210915085479177,-0.09526812513492267
OMA,1883-10-16,0.31479387991999996,8.8291,6.870829999999999,45815.99019623539,-0.32617518233017706,-0.01091022922906515
OMA,1884-10-22,0.34881632864,8.79392,6.90081,50547.157310518625,0.06793672295007469,0.06453369662262953
OMA,1885-10-28,0.28991039636,7.91166,6.92698,41852.35071560767,-0.1708162754470991,-0.17325323996498476
OMA,1886-11-03,0.22461912044,5.44483,6.85681,32758.54521854915,-0.13744450576680645,-0.13066710846820684
OMA,1887-11-09,0.171910076,4.49782,6.54437,26268.391915493776,-0.20874016394674022,-0.18126810708825136
OMA,1888-11-15,0.12396721792,4.15966,5.95749,20808.632145416945,-0.21213994948593795,-0.1536484228560031
OMA,1889-11-21,0.17979546988,5.22909,5.63645,31898.707498514133,0.38871645243396813,0.4469677414678932
OMA,1890-11-27,0.57282345536,9.05712,9.73446,58844.913365507695,2.0811971840281376,0.7802627853863402
OMA,1891-12-03,0.5532766423600001,9.07512,9.83268,56269.159818076056,-0.046247463123291865,-0.053470018597671976
OMA,1892-12-09,0.5800916721599999,8.98092,9.92426,58451.88176851472,0.01942669350372417,0.012352963220458868
OMA,1893-12-15,0.54525280212,8.75889,10.01211,54459.329963414304,-0.027758323375323135,-0.034201380394506486
OMA,1894-12-21,0.5607184388,8.6211,10.09449,55546.980461618165,0.05106940818700112,0.04454507718303069
OMA,1895-12-27,0.5356277763199999,8.46484,10.17127,52660.85516557912,-0.046365264193508504,-0.051845190847373934
OMA,1897-01-02,0.55223810616,8.39838,10.24446,53906.02395441048,0.0028123416218404085,-0.002577369369635152
OMA,1898-01-08,0.5378101820000001,8.47914,10.31724,52127.330759001445,0.015576480046068708,0.010144388943039928
OMA,1899-01-14,0.55727151272,8.34247,10.38617,53655.150331642944,-0.038523473682329445,-0.04351345369603432
OMA,1900-01-20,0.5247325382,8.38573,10.19207,51484.39308207263,-0.06266349091577261,-0.04339572278378012
OMA,1901-01-26,0.51702888172,8.39891,10.25331,50425.558353351254,-0.011885169862851375,-0.01635142243073162
OMA,1902-02-01,0.56446650572,8.17463,10.31349,54730.89184359514,0.035587418159962914,0.030896588768143607
OMA,1903-02-07,0.51986401532,8.54474,10.38558,50056.32957620085,-0.04364441229854865,-0.048511508619331734
OMA,1904-02-13,0.465152077,8.41443,10.45753,44480.10926098227,-0.08695575325980065,-0.09182468971034707
OMA,1905-02-19,0.53026025052,8.76552,10.53758,50320.875430601714,0.11777888855952368,0.1113861881465239
OMA,1906-02-25,0.53931154784,8.46224,10.61619,50800.85678948851,0.04088349005532543,0.03501070884390933
OMA,1907-03-03,0.68788908708,9.12878,10.69967,64290.68252385354,0.24710201826663392,0.23963353786313268
OMA,1908-03-09,0.72624978972,8.97796,10.80753,67198.49861346673,0.04019159041541931,0.03229440114121984
OMA,1909-03-15,0.73236540104,9.09393,10.91067,67123.77892833346,0.024393478628451204,0.01705804058549476
OMA,1910-03-21,0.81619601596,9.29364,11.0138,74106.66763151683,0.04625162384939707,0.038762972555641984
OMA,1911-03-27,0.7647537585999999,8.99707,11.11881,68780.18048694059,-0.020994463772517458,-0.0279238404460056
OMA,1912-04-02,0.7763194894,8.94726,11.21096,69246.4775005887,-0.0004814749624121317,-0.00655750016523593
OMA,1913-04-08,0.9540252306,8.06846,11.15349,85536.02779040462,0.09440145322684601,0.09659996417621253
OMA,1914-04-14,0.5742213084400001,8.67306,7.64185,75141.66182796052,-0.3810845958883695,-0.09620326397045154
OMA,1915-04-20,0.56556417736,8.43219,7.69543,73493.51204026285,-0.006192953725598249,-0.01142271561532704
OMA,1916-04-26,0.6380287914,8.57541,7.744219999999999,82387.7409732678,0.07394445329407606,0.06880167504456214
OMA,1917-05-02,0.70943505828,8.37343,7.79668,90991.94250373235,0.09456878868526708,0.08911658090395114
OMA,1918-05-08,0.64504815388,8.93696,7.75993,83125.5119414737,-0.10358809438046002,-0.10598661895500905
ABU,1837-01-13,0.05038690696,6.81045,0.60242,83640.82693137678,0,0
ABU,1838-01-19,0.0465378108,7.3314,0.60306,77169.45378569295,-0.06231525953892192,-0.06324147167479088
ABU,1839-01-25,0.04440628244,7.31523,0.60631,73240.22767231285,-0.010064155624571636,-0.014099483234031873
ABU,1840-01-31,0.045767356440000004,7.32567,0.60908,75141.78176922572,0.023782933827394492,0.02008111268012369
ABU,1841-02-06,0.048761071839999996,7.33281,0.61199,79676.25588653408,0.020712208141574706,0.017209322223224355
ABU,1842-02-12,0.04851674048,6.80133,0.61247,79214.88477802995,0.00030019762116584303,-0.0011825240455380914
ABU,1843-02-18,0.04793881196,7.71081,0.61435,78031.76033205827,-0.01587988677154939,-0.01881760367908092
ABU,1844-02-24,0.04893747352,7.30191,0.61639,79393.68503707068,0.0015738414509691712,-0.000807435309593707
ABU,1845-03-02,0.05244062252,7.35267,0.61766,84902.08613152867,0.05778772008705979,0.05610178528712839
ABU,1846-03-08,0.05318616264,7.38556,0.61926,85886.64315473307,0.038043630575194554,0.03597152231506895
ABU,1847-03-14,0.05264834068,7.1574,0.61907,85044.24488345422,-0.01843926586537359,-0.01809184823801091
ABU,1848-03-20,0.055466158280000004,7.22193,0.61707,89886.33101593013,0.05588565294232617,0.05857620726429569
ABU,1849-03-26,0.058988358,9.67524,0.61957,95208.5446357958,0.06414628727628946,0.06109586323303495
ABU,1850-04-01,0.058124329120000005,7.94359,0.62764,92607.75144987574,-0.01304530075437349,-0.02254628882316345
ABU,1851-04-07,0.06139176576,7.96886,0.63296,96991.54095045502,0.02327520908721281,0.016582263330942926
ABU,1852-04-13,0.06113030352,8.00351,0.63825,95777.99219741482,-0.0185784000724043,-0.02483231612032777
ABU,1853-04-19,0.06127302844,8.01335,0.64382,95171.05470473114,-0.007769182373656425,-0.014095325280073068
ABU,1854-04-25,0.06169313852,8.35604,0.65028,94871.65301101064,0.017384557547990953,0.009480743074293363
ABU,1855-05-01,0.06790503303999999,8.22099,0.65682,103384.53920404373,0.10078007125030264,0.09276384917160208
ABU,1856-05-07,0.06215385956,8.56274,0.6631,93732.25691449252,-0.08040703381767544,-0.08708627519701861
ABU,1857-05-13,0.0614464968,8.83871,0.67002,91708.45168800931,0.0073974016890552274,-0.0006011177090572417
ABU,1858-05-19,0.06935682155999999,9.26637,0.67834,102244.92372556534,0.10282632001023884,0.09305244947136537
ABU,1859-05-25,0.07175378807999999,9.18495,0.68662,104502.91002301127,0.004374918225593882,-0.004936141160195695
ABU,1860-05-31,0.0714241866,10.32694,0.69594,102629.80515561686,0.016627326745431992,0.006113522182480846
ABU,1861-06-06,0.09401192216,10.33992,0.70652,133063.3558285682,0.18847286228008286,0.1753798671531681
ABU,1862-06-12,0.07381316955999999,10.2911,0.716,103091.01893854748,-0.11782405811356578,-0.12693053274077837
ABU,1863-06-18,0.0537916262,10.05843,0.72694,73997.33980796214,-0.20098186718134592,-0.20968604943528812
ABU,1864-06-24,0.039120564079999996,9.02091,0.73526,53206.435927427025,-0.23094732745917868,-0.23771454925711177
ABU,1865-06-30,0.07190110252,9.55072,0.74405,96634.77255560782,0.8337109739702266,0.8168776756241469
ABU,1866-07-06,0.0693553536,9.78485,0.75505,91855.31236341964,-0.04331698006485207,-0.0533677952781223
ABU,1867-07-12,0.0691332694,9.51654,0.76567,90291.20822286364,0.006827618533540303,-0.004046205214132348
ABU,1868-07-18,0.07285519488,10.18679,0.77658,93815.44062427565,0.09474139465792963,0.08291402347233312
ABU,1869-07-24,0.07432818224,10.32562,0.78979,94111.32356702414,0.013996200175377504,0.0017310739194944524
ABU,1870-07-30,0.06792559852,10.59263,0.80212,84682.58928838577,-0.06958102827161983,-0.08056923905452995
ABU,1871-08-05,0.07012038488,10.65987,0.82687,84802.18762320558,0.03303170299651015,0.01464130916914863
ABU,1872-08-11,0.0864543628,10.9908,0.84139,102751.83066116784,0.24998221406065113,0.2339949265724519
ABU,1873-08-17,0.08837273796,10.68514,0.85581,103262.1001857889,0.003815626926811033,-0.009238355232643491
ABU,1874-08-23,0.07490367196,10.25972,0.87146,85951.93349092329,-0.12295699842681651,-0.13442321705077442
ABU,1875-08-29,0.07609448548,10.03773,0.8839600000000001,86083.62989275533,0.016289306538438186,0.005059144521261771
ABU,1876-09-04,0.07477373436,9.91438,0.89579,83472.39236874714,-0.013334088742122274,-0.02348393217820255
ABU,1877-09-10,0.07158574124,10.01018,0.9083299999999999,78810.27956799843,0.01695170662694334,0.006954690572277933
ABU,1878-09-16,0.07082425688,8.48858,0.9175899999999999,77185.07926197976,-0.015643178505492572,-0.0232776592691607
ABU,1879-09-22,0.02599804064,6.63636,0.92031,28249.221066814443,-0.6260669165492527,-0.6269249561932748
ABU,1880-09-28,0.02861598324,7.46971,0.91883,31143.93657150942,-0.021382965908676277,-0.020039423288614855
ABU,1881-10-04,0.05867117464,8.10694,0.92153,63667.13469990125,0.4058263193874667,0.4026604883597735
ABU,1882-10-10,0.03198624104,7.71993,0.92746,34488.00060379963,-0.4863567669426011,-0.4888299208942879
ABU,1883-10-16,0.07065078176,9.90081,0.93845,75284.54553785497,1.2582916704604967,1.2379958111696618
ABU,1884-10-22,0.11179316096,10.56791,0.95321,117280.72613589869,0.4493105659939627,0.4317955059678902
ABU,1885-10-28,0.13535346864,10.89652,0.9704400000000001,139476.39075058736,-0.0290988628755664,-0.041681013661504784
ABU,1886-11-03,0.12878154224,10.12454,0.98702,130475.10915685598,-0.02227144248597801,-0.034952587743174335
ABU,1887-11-09,0.12874909632,10.17211,1.00314,128346.08959866021,0.010216254061420571,-0.002370325490203107
ABU,1888-11-15,0.15417613172,10.33475,1.02085,151027.2143018073,0.14524691367151,0.1307924412340229
ABU,1889-11-21,0.168590422,10.99659,1.0373,162528.12301166487,0.008699412208290624,-0.003637643088141518
ABU,1890-11-27,0.17096821612,11.24819,1.05572,161944.65968249156,0.0074101156128183465,-0.0060682672760314915
ABU,1891-12-03,0.16502722392,11.21445,1.07535,153463.73173385407,-0.042452226202395305,-0.055263327379199034
ABU,1892-12-09,0.155091261,11.2638,1.09401,141764.02500891217,-0.06026361080989473,-0.07264110311817196
ABU,1893-12-15,0.1614383758,11.62257,1.1141199999999998,144902.14321617063,0.00979489646995213,-0.003399972059585532
ABU,1894-12-21,0.15556778899999998,11.124,1.1336699999999997,137224.9322995228,0.0094895415638665,-0.004100684139367927
ABU,1895-12-27,0.25119567824,12.90844,1.15319,217826.79197703762,0.4988068769701983,0.4790659457246196
ABU,1897-01-02,0.23284877564,11.95982,1.18704,196159.16535247336,-0.09289440148753891,-0.10700482707238146
ABU,1898-01-08,0.28458947608,12.75662,1.21493,234243.5169762867,0.17096293059616285,0.1565796096768064
ABU,1899-01-14,0.27035393268,12.74174,1.23318,219233.1473750791,-0.03664512232415873,-0.04751251062883166
ABU,1900-01-20,0.26346982063999996,12.97677,1.25319,210239.32575267914,-0.04890066508734836,-0.06011815974073387
ABU,1901-01-26,0.33290981256,12.98472,1.27384,261343.5066884381,0.1209439348801078,0.10687218546794441
ABU,1902-02-01,0.31727231744,13.00195,1.29764,244499.48941154714,-0.04071847019734243,-0.05424765444308133
ABU,1903-02-07,0.32555712176,13.03528,1.32143,246367.28525915105,0.03308138726137555,0.01894275461499384
ABU,1904-02-13,0.31646557591999996,12.26194,1.34532,235234.424464068,-0.038741398282696515,-0.051777835211119894
ABU,1905-02-19,0.30463004,11.69977,1.36966,222412.8907904151,0.006759217510366788,-0.006642630533274407
ABU,1906-02-25,0.32731538008,11.81449,1.39326,234927.7091712961,0.032623698957974234,0.019234030195120377
ABU,1907-03-03,0.31933432648,12.2257,1.41816,225175.10469904664,-0.016924730903364438,-0.030297659294129642
ABU,1908-03-09,0.33616661988,12.54948,1.45464,231099.52969806964,0.002329118104270389,-0.01668910060199158
ABU,1909-03-15,0.23651292184,9.97558,1.48603,159157.56871664771,-0.29896062093889375,-0.30946975754980555
ABU,1910-03-21,0.2601846208,8.85598,1.50541,172833.06262081428,-0.10106743477209534,-0.11054732640825582
ABU,1911-03-27,0.70425333524,14.26759,1.54362,456234.91224524175,1.747846234098636,1.692848668951274
ABU,1912-04-02,0.70346876496,14.47036,1.59493,441065.604735004,-0.015626047968900658,-0.03866433289410409
ABU,1913-04-08,0.65455524992,15.27874,1.6369300000000002,399867.5874472335,-0.050136714046754016,-0.06821001156884443
ABU,1914-04-14,0.58604672932,15.66542,1.66761,351429.1287051529,-0.09510738469359059,-0.10754834119461443
ABU,1915-04-20,0.69141238764,16.21676,1.69679,407482.5922123539,0.11488806830872123,0.10007415390308627
ABU,1916-04-26,0.52221665236,16.20773,1.72619,302525.59240871517,-0.19821393059754577,-0.2084631779258065
ABU,1917-05-02,0.58330150944,15.98496,1.7569,332006.0956457397,0.07280201872360892,0.05881657680293251
ABU,1918-05-08,0.6104683598,15.90026,1.78754,341513.11847567046,-0.006880259905642561,-0.01996816168740123
SAR,1837-01-13,2.1737687478,9.95893,36.81589,59044.30798223267,0,0
SAR,1838-01-19,2.27153333316,10.65261,37.45478,60647.354841224536,0.02495778914968594,0.011970272004570015
SAR,1839-01-25,2.23012109996,10.64679,38.05326,58605.25747229015,-0.03770119489985724,-0.04927650544871842
SAR,1840-01-31,2.37840005728,10.5303,38.66795,61508.30486953666,0.004384771914440977,-0.007888292666440089
SAR,1841-02-06,2.4685035164399998,10.40832,39.38154,62681.741659671,0.03655298189647849,0.02271627081285743
SAR,1842-02-12,2.80412162056,10.35979,40.10342,69922.25651976814,0.05088907438971746,0.03627179161282679
SAR,1843-02-18,2.83725581308,10.593,40.898,69373.95014621742,-0.012103452611722965,-0.02626662164795468
SAR,1844-02-24,2.87272312652,9.22835,41.59302,69067.43310584323,0.016315414698639064,0.003048703856627144
SAR,1845-03-02,3.09801837072,10.51438,42.29179,73253.42272625491,0.07964706764652352,0.06581274852709162
SAR,1846-03-08,3.0526735798,10.8279,43.1209,70793.36423404892,0.06969269140706902,0.05436132899112023
SAR,1847-03-14,3.22884975348,10.59252,43.95819000000001,73452.74574499085,-0.006250430795160966,-0.02083655927964434
SAR,1848-03-20,3.5628287577999997,10.67145,44.81003,79509.62670187902,0.06007553763049267,0.04464039529788799
SAR,1849-03-26,3.4971655872399996,10.70148,45.653600000000004,76602.18662361785,-0.03198454021802266,-0.044881608602219236
SAR,1850-04-01,3.60051426488,10.63903,46.524899999999995,77388.97375126008,0.0061286128314517185,-0.008311081061945336
SAR,1851-04-07,3.71666378876,10.62346,47.44565,78335.18539128455,0.013756541520657306,-0.0014300097173588489
SAR,1852-04-13,3.87402860208,10.67518,48.43231,79988.51597373736,0.06477140004962822,0.048695938544847106
SAR,1853-04-19,3.7297568963199996,10.58973,49.404509999999995,75494.25945768919,-0.04259196297343637,-0.0570432281626061
SAR,1854-04-25,4.192118489519999,10.72249,50.32551,83300.06967679015,0.10687746925631014,0.09217769607095017
SAR,1855-05-01,4.1915726834800004,10.69701,51.18642,81888.37358580655,0.004851369419568874,-0.008197469876008778
SAR,1856-05-07,4.14550471972,10.62345,52.06483,79621.97744081753,-0.02499562819382284,-0.03760709175902366
SAR,1857-05-13,4.2192430955999995,10.53677,53.04128,79546.40415163434,0.021508088202185638,0.00781817815517205
SAR,1858-05-19,4.31869424584,10.60415,54.08043,79856.87698563047,0.029569255521415316,0.014326680260219105
SAR,1859-05-25,4.292753235159999,10.67668,55.1186,77882.11665680913,0.024655762129846215,0.00984933620911943
SAR,1860-05-31,4.64179886508,10.68553,56.26363,82500.87783315794,0.051697365543985185,0.03591284087495983
SAR,1861-06-06,4.89493142892,10.80437,57.392030000000005,85289.39347362342,0.020420769777183656,0.005048788606459853
SAR,1862-06-12,5.2854441879200005,10.84411,58.53998,90287.7689387663,0.04714888870863709,0.031409756472772665
SAR,1863-06-18,5.249856063919999,10.95325,59.758689999999994,87850.92283515586,-0.011384224506395313,-0.026349221013490465
SAR,1864-06-24,5.34072253416,11.06108,60.87632,87730.70603085075,0.026735593521376,0.012172130935030223
SAR,1865-06-30,8.04855214748,11.0139,61.10171,131723.84451237126,0.31124176038998064,0.30851662489414977
SAR,1866-07-06,8.421750009919998,11.12415,61.67538,136549.62498682618,0.04783719025949029,0.039192957061753964
SAR,1867-07-12,8.16653435624,11.21048,61.614020000000004,132543.44313583174,-0.026995328373066063,-0.02685308560972488
SAR,1868-07-18,9.047722316880002,11.30844,61.48587,147151.24494261853,0.07805545105711453,0.08006257907730241
SAR,1869-07-24,9.466166749,11.59082,61.65381,153537.41721720036,0.031133582203420884,0.029198927490710735
SAR,1870-07-30,9.972256551400001,11.71285,61.72709,161553.97170674984,0.04027076707438826,0.038191862905480045
SAR,1871-08-05,7.4849015124000005,11.17925,62.08885,120551.45992235321,-0.07009044263029529,-0.07376932151498938
SAR,1872-08-11,4.20128744256,8.15938,61.2149,68631.77825268032,-0.3413927515377978,-0.33428505517926344
SAR,1873-08-17,7.151405051439999,10.7985,59.12243,120959.2544054769,0.6012340829055902,0.6481279796183366
SAR,1874-08-23,8.3543743192,11.65127,58.573080000000004,142631.63759187667,0.1313487348857869,0.13962448428323326
SAR,1875-08-29,9.03059009736,11.82183,58.71093,153814.46175967576,0.0476614243944109,0.046241620378309145
SAR,1876-09-04,9.34919202984,11.95176,59.56336000000001,156962.13292601355,0.03374752889389354,0.022803202527803323
SAR,1877-09-10,9.97918479584,12.07359,60.386959999999995,165253.96866873247,0.0711471634026204,0.05862848440085333
SAR,1878-09-16,10.68941125928,12.21034,60.73822,175991.5134042453,0.050138502912483895,0.0470052321609673
SAR,1879-09-22,11.18670834164,12.39271,61.594910000000006,181617.41516693504,0.03352498706698981,0.023359682648407043
SAR,1880-09-28,10.31147543244,12.33184,62.44658,165124.74233881183,-0.05086381528014672,-0.060491382963664186
SAR,1881-10-04,12.089985761360001,13.0107,63.35067,190842.27146074382,0.14752262571974484,0.13486347941269594
SAR,1882-10-10,11.99240822728,13.12592,64.27515,186579.23361174576,0.006620607588539995,-0.004525395112989217
SAR,1883-10-16,11.2486872836,12.55763,61.49893,182908.66659956524,-0.06293536646290387,-0.029307689121794933
SAR,1884-10-22,12.35813861152,12.7533,62.12834,198913.06626766463,0.05426203290109921,0.046836518016433626
SAR,1885-10-28,12.541168985279999,13.07303,62.830079999999995,199604.53631890967,0.004979655161168495,-0.0037800652278631164
SAR,1886-11-03,12.71951931952,13.44671,63.083980000000004,201628.35825387048,0.029852400133445256,0.024730097310225574
SAR,1887-11-09,13.503317801480001,13.71623,61.93112,218037.6812413533,0.049512927558258646,0.06657164137307259
SAR,1888-11-15,13.528773901240001,13.78469,61.86566,218679.86054363602,0.027441395705365634,0.025118648136562616
SAR,1889-11-21,12.83203183756,13.35673,62.57679,205060.5637898652,-0.04278907587310221,-0.051787513526530216
SAR,1890-11-27,13.748654629839999,13.48362,63.35661,217004.26569287718,0.10571869987931226,0.09553368813818741
SAR,1891-12-03,14.05227609864,13.84831,64.27295,218634.3726037159,0.04025821845083799,0.028979729086551664
SAR,1892-12-09,15.354838551,14.11009,64.95711,236384.2626465371,0.09603819290954463,0.08712556002123417
SAR,1893-12-15,15.70213686652,14.26349,65.66403,239128.4370837428,0.015379958325649534,0.007176569954964185
SAR,1894-12-21,17.25668501596,14.42788,66.55442,259286.8364859915,0.0676989948475748,0.05639731182297303
SAR,1895-12-27,16.07145348016,14.26691,67.85315,236856.40946897824,-0.037419938800741015,-0.05106863891451352
SAR,1897-01-02,19.359434097119998,15.3803,68.9207,280894.33359092404,0.1614860602078405,0.14746870394605138
SAR,1898-01-08,20.334670922279997,15.2339,69.82067,291241.41779619124,0.018220398708602703,0.008286356580780474
SAR,1899-01-14,24.68369620912,16.08839,68.31776,361307.16535670956,0.11298025064220418,0.13567688827868074
SAR,1900-01-20,18.41776299116,14.81843,68.50337,268859.2253367973,-0.256881870516382,-0.2614979265849722
SAR,1901-01-26,22.11346636876,14.52152,69.3943,318664.0166232673,0.35622427277604807,0.34333276940765645
SAR,1902-02-01,4.61760587756,8.06679,66.42729,69513.68748536934,-0.7169810366128282,-0.7077021771081404
SAR,1903-02-07,5.2351840340799995,8.07938,55.75321,93899.2397761492,0.11749608050762905,0.2486313681559298
SAR,1904-02-13,8.37351818628,11.33558,58.549749999999996,143015.4387726677,0.6074733375137364,0.5175714530733135
SAR,1905-02-19,13.41128816924,12.79653,58.93648,227554.95695094106,0.5124853092435879,0.5057552853908638
SAR,1906-02-25,23.36729526872,14.71082,60.03024,389258.7347430229,0.4833712611967189,0.4631657156515423
SAR,1907-03-03,24.11969209676,16.72737,58.99656,408832.17761781364,0.012791396382725528,0.031079644543663187
SAR,1908-03-09,25.47386788284,17.29052,60.55590999999999,420666.91562953976,0.03285373358966259,0.010243712778421621
SAR,1909-03-15,23.301427835400002,16.82601,60.50868,385092.3179186854,-0.06444629132030222,-0.06300570299545927
SAR,1910-03-21,24.508565527160002,17.39953,60.34126,406165.95555280085,-0.02933495802782382,-0.027464066034957213
SAR,1911-03-27,25.95196107036,17.98584,61.49606,422010.1429320838,0.035542712305609125,0.021636296725666915
SAR,1912-04-02,27.80804241384,17.93035,63.51287,437833.18898736587,0.07649082319351597,0.05079501228192895
SAR,1913-04-08,30.04183682032,19.02801,65.27173,460258.014002693,0.05741247187741805,0.03540025420479931
SAR,1914-04-14,31.58897400204,19.77529,66.93204,471955.94220705057,0.022997035972664337,0.0042648873305164425
SAR,1915-04-20,34.699533486280004,20.54606,68.5274,506359.988650963,0.07418562525909178,0.0550273408847437
SAR,1916-04-26,38.13320585984,21.1687,70.1915,543273.8417022004,0.07528841183311163,0.05642066824667458
SAR,1917-05-02,38.3769688484,21.60626,71.93264,533512.5868924037,0.04029947873058881,0.02004325155501796
SAR,1918-05-08,35.26992970852,21.67077,73.62393,479055.2434313137,-0.048543314336458976,-0.0648471881976388
MJT,1837-01-13,0.11373850748,7.15029,3.66781,31009.923491129586,0.602001407052907,0.5898398693485793
MJT,1838-01-19,0.08998222428,8.57652,3.68131,24442.99020729034,-0.1817841586192902,-0.18357473671309443
MJT,1839-01-25,0.08758081384000001,8.72645,3.71423,23579.803577053655,-0.0018901445953724005,-0.00865778368016279
MJT,1840-01-31,0.12083707584,8.04377,3.75585,32173.03029673709,0.33132587419753934,0.3196116811458791
MJT,1841-02-06,0.15277097472,8.05231,3.7920299999999996,40287.38557448122,0.25612598265130515,0.24708758785997387
MJT,1842-02-12,0.15395319159999998,8.08495,3.8236999999999997,40262.884535920704,0.006500032898629549,0.00007212711843118669
MJT,1843-02-18,0.15590399968000002,7.99107,3.8541,40451.46718559456,0.012452172128335937,0.006322842436409459
MJT,1844-02-24,0.15831584392,8.02336,3.8853099999999996,40747.28758323017,0.015719713479964925,0.009791382095760026
MJT,1845-03-02,0.15537016924,7.94845,3.91477,39688.198601705844,-0.01960672748424619,-0.0253149442707169
MJT,1846-03-08,0.14083076176,7.62781,3.9259099999999996,35872.132005063795,-0.06431781485193311,-0.06573899122363569
MJT,1847-03-14,0.1444936142,7.77341,3.93801,36692.03841534176,0.011014431836109617,0.009066378087106752
MJT,1848-03-20,0.1458627222,7.85339,3.95789,36853.65742857937,0.010445574389759349,0.006526806237536098
MJT,1849-03-26,0.1480634246,7.86534,3.98971,37111.32503364906,0.005951308662948573,0.00009959532102965518
MJT,1850-04-01,0.14916802108000002,7.86676,4.02049,37101.95052841818,0.0023137672312438795,-0.0036012550357341633
MJT,1851-04-07,0.14551255264000001,8.47578,4.0525,35906.860614435536,-0.07914114938644556,-0.08452533247801353
MJT,1852-04-13,0.14451298992,8.4794,4.09016,35331.867193459424,-0.005983334230062254,-0.012338876009766242
MJT,1853-04-19,0.146003364,8.52267,4.13199,35334.8783515933,0.004489786142267027,-0.003340698506943185
MJT,1854-04-25,0.17309657560000002,7.19252,4.16528,41557.00831636769,0.3480718635197171,0.33967369911444667
MJT,1855-05-01,0.16167038316,8.64145,4.20083,38485.34293461054,-0.039254219643927946,-0.04518075710677738
MJT,1856-05-07,0.16152495892000002,8.62232,4.24583,38043.199779548406,-0.0008915447331868664,-0.009086800097203862
MJT,1857-05-13,0.16140571356,8.56615,4.28333,37682.29708194325,-0.000912051944631509,-0.00727604868837517
MJT,1858-05-19,0.16167015488,8.43319,4.3289,37346.70583289057,0.001957342292255859,-0.005770705874031612
MJT,1859-05-25,0.16841754436,8.12586,4.36788,38558.189409965475,0.04283069502314851,0.03566018757469802
MJT,1860-05-31,0.1674807316,8.156,4.40976,37979.557073400814,-0.003350657079651209,-0.010198617988143033
MJT,1861-06-06,0.16783948272,8.19676,4.44965,37719.70440821188,-0.005616713780154159,-0.012510090556128062
MJT,1862-06-12,0.17299353448,7.6856,4.45932,38793.702734946135,0.03889016580942317,0.03763959300894015
MJT,1863-06-18,0.21661552796,6.99729,4.48112,48339.59544935195,0.17909332456655536,0.1743898046902297
MJT,1864-06-24,0.17347444348,8.02597,4.50547,38503.07370374234,-0.17863925408197945,-0.18214702119230286
MJT,1865-06-30,0.17228335175999998,8.01097,4.54139,37936.259990883846,-0.0003933130135435059,-0.006459443546050436
MJT,1866-07-06,0.17213670136,8.00422,4.5797,37586.894635019766,0.001092980105583008,-0.005020933866267119
MJT,1867-07-12,0.16907769788,7.97977,4.57865,36927.41263909668,-0.012857549596901219,-0.01255850246205592
MJT,1868-07-18,0.17220454056,8.03097,4.597,37460.20025233848,0.020289783188915722,0.01732711690496469
MJT,1869-07-24,0.1769441752,7.45308,4.62533,38255.47046372908,0.0180990611992069,0.01333981558158226
MJT,1870-07-30,0.22239867884,5.97047,4.64237,47906.28037834124,0.24565597319776367,0.24187449400381644
MJT,1871-08-05,0.17241891784000002,8.04281,4.67551,36877.02899576731,-0.03688432714860368,-0.042517730854294
MJT,1872-08-11,0.17300055552,8.04044,4.710840000000001,36723.929388389326,0.0027663467348413295,-0.0030053273790834334
MJT,1873-08-17,0.1719756532,8.02373,4.75593,36160.257447018776,-0.004825830158145417,-0.012097802932926394
MJT,1874-08-23,0.16662335560000002,8.6407,4.807519999999999,34658.90013978101,-0.028300871464734145,-0.03577596450672971
MJT,1875-08-29,0.17672710068,8.06982,4.85509,36400.37582825447,0.05357525199553059,0.045686621236364466
MJT,1876-09-04,0.2090857288,8.09656,4.89633,42702.540229110375,0.011700924013620106,0.0047934143890902
MJT,1877-09-10,0.1818714326,8.10117,4.89878,37125.86248004605,-0.14141505280775257,-0.14115029303068205
MJT,1878-09-16,0.18220891312,8.11501,4.93164,36946.92092691275,0.00023176841098759837,-0.004861031430417051
MJT,1879-09-22,0.177254519,8.06506,4.9775,35611.15399296836,-0.013150717805325729,-0.0198918706953064
MJT,1880-09-28,0.1791180014,8.07519,5.02495,35645.728096796985,0.01013727334628678,0.002825106453214765
MJT,1881-10-04,0.17792665695999998,8.02422,5.06466,35131.01707913265,-0.004007115586564969,-0.010574767021871212
MJT,1882-10-10,0.18517839079999998,8.02857,5.08096,36445.551785489355,0.1467119419534968,0.1443389063201057
MJT,1883-10-16,0.18742905584,7.36014,5.11984,36608.38148067127,-0.0019521367959943747,-0.007939540604086415
MJT,1884-10-22,0.225680559,6.58377,5.14905,43829.55283013372,0.16357173304977968,0.15828619955354606
MJT,1885-10-28,0.21365480084000002,9.23451,5.16911,41332.99559111724,0.0064412613638920035,0.00426811701659946
MJT,1886-11-03,0.22234272632,8.61286,5.22365,42564.62939132599,-0.013050732479418459,-0.021055031487916986
MJT,1887-11-09,0.26421630248,7.24137,5.27287,50108.63201254725,0.1677249294889782,0.15918357465559763
MJT,1888-11-15,0.2660859292,7.93325,5.32354,49982.8928119259,0.10376041499408784,0.09544900870154627
MJT,1889-11-21,0.22804804724000002,7.86925,5.35597,42578.29062522755,-0.07153463727135012,-0.0759469131759205
MJT,1890-11-27,0.23684346192,8.49516,5.40524,43817.381267066776,-0.03583976400383437,-0.04230775825595079
MJT,1891-12-03,0.25135436092,8.54744,5.45573,46071.62761353659,0.03057573561619109,0.023227540668063318
MJT,1892-12-09,0.25786256080000003,8.35067,5.49901,46892.542621308196,-0.0075002225194164,-0.013431149067201664
MJT,1893-12-15,0.25906237292,8.34748,5.54459,46723.449870955286,0.0023659122277190914,-0.00365541495146271
MJT,1894-12-21,0.2668814824,8.85497,5.58852,47755.305948623245,0.027290144128785165,0.024892433771303457
MJT,1895-12-27,0.265562479,8.68361,5.64248,47064.850739391186,-0.004290162619872362,-0.01158362572210414
MJT,1897-01-02,0.2543690812,7.70778,5.67911,44790.30714319673,-0.03456292091708235,-0.03906470739466272
MJT,1898-01-08,0.25644452912,7.83473,5.70168,44977.01188421658,0.004511914279654583,0.0015080622306469227
MJT,1899-01-14,0.25745042544,7.84689,5.73301,44906.67649977934,0.0007517413166191478,-0.0031158580513276357
MJT,1900-01-20,0.25853487764,7.82169,5.75991,44885.22869975399,0.0036998752430092985,-0.000031138103824268626
MJT,1901-01-26,0.27270047999999997,8.53243,5.79751,47037.51783093086,0.05395130809856652,0.04858943335446919
MJT,1902-02-01,0.28349690668,6.87419,5.81796,48727.888586377354,0.04224488453547237,0.03938416344543527
MJT,1903-02-07,0.25736929452,7.63173,5.84524,44030.57778979135,0.05660163429292875,0.05274714247289847
MJT,1904-02-13,0.30442812036,7.68342,5.86559,51900.68183422298,0.04041098868846005,0.021077945554203614
MJT,1905-02-19,0.25071109336,8.17007,5.88979,42567.068326714536,-0.11987287320186002,-0.12228675793037946
MJT,1906-02-25,0.28237813916000004,8.26287,5.91544,47735.77944497789,0.07028675685057384,0.04550562874215247
MJT,1907-03-03,0.26904068463999997,8.0039,5.95404,45186.24071050916,-0.026487892693766724,-0.031343631707146824
MJT,1908-03-09,0.26948094679999995,7.964,5.9924,44970.45370803017,0.001117844865627049,-0.0035855779484573747
MJT,1909-03-15,0.26526821308000004,7.9377,5.99941,44215.71672547801,-0.017088517412005122,-0.017571751170530447
MJT,1910-03-21,0.27892307872,7.96919,6.02435,46299.281867753365,0.019254749208165833,0.016311813206635772
MJT,1911-03-27,0.27884624976,7.89235,6.05908,46021.21935343319,0.0001092166821066165,-0.004472226041710603
MJT,1912-04-02,0.27865461988,7.8559,6.0928,45735.06760110294,-0.0012715028243320825,-0.005541149234420062
MJT,1913-04-08,0.30578154828,6.64321,6.12081,49957.693226876836,0.11276646393173162,0.10859777463542097
MJT,1914-04-14,0.26930759388,7.27306,6.08024,44292.26377248266,-0.12494382005147853,-0.11982528191609265
MJT,1915-04-20,0.27058173896,7.41454,5.74076,47133.43511312091,-0.002810161556859758,0.044087850266855355
MJT,1916-04-26,0.27372700992,7.29588,6.02344,45443.63518520978,0.00006800866753864376,-0.024981132291466812
MJT,1917-05-02,0.29551875288,8.05941,5.69926,51852.12692174072,0.04593543983148329,0.0976539918820396
MJT,1918-05-08,0.293692919,7.92163,6.0008,48942.29419410745,-0.015041719853195468,-0.0385975530208168
PEU,1836-12-30,0.3259444942,7.53618,8.73451,37316.86084279484,0,0
PEU,1837-12-29,0.8587461625599999,9.05798,16.28588,52729.49097991634,1.6531330453636421,0.42592491370076524
PEU,1839-01-04,0.8270278848,9.48602,16.51841,50067.03943055052,-0.02200420240768064,-0.03238176665112247
PEU,1840-01-03,1.07976107772,9.56127,16.77945,64350.206813691744,0.11523040602491408,0.1017839637716873
PEU,1841-01-02,1.18283000576,8.65448,16.99401,69602.76037027164,0.06792067797215107,0.057559646410439314
PEU,1842-01-01,1.250642666,8.90365,17.18277,72784.69455157695,0.05453133872996663,0.04566478803771257
PEU,1842-12-31,1.38199843912,8.87718,17.39779,79435.2868450533,0.08885920257447766,0.07834605170080922
PEU,1843-12-30,1.30869489712,8.11272,17.54906,74573.5040577672,-0.04549395128555722,-0.0517372640918633
PEU,1844-12-29,2.84633487892,8.65077,34.18077,83272.98884489729,1.0371995038710495,0.04808153532935355
PEU,1846-01-04,2.95838668372,8.51765,34.51903,85703.06534453604,0.019008800560256223,0.011516455088949495
PEU,1847-01-03,3.2233818068400004,8.9025,34.86257,92459.6725611451,0.08958191320227771,0.08157456363690585
PEU,1848-01-02,3.22257875784,8.85877,35.25907,91397.1570390257,0.011769233697448422,0.0030212435634804358
PEU,1849-01-01,3.54269150196,8.88866,35.65913,99348.79235584267,0.07837080587689038,0.06905374460290759
PEU,1849-12-31,3.27519073284,8.63917,33.74583,97054.68002535426,-0.056178208418807496,-0.013954738144897783
PEU,1850-12-30,3.6515441440400003,8.76987,33.49948,109003.00971955387,0.10060174555021306,0.10563361425236506
PEU,1851-12-29,3.9955492746,8.84552,33.85568,118017.10302672994,0.06834698433985587,0.05963556771111733
PEU,1853-01-04,4.20280935412,8.96204,38.62297,108816.31718430769,0.027700038118836368,-0.057698248072168834
PEU,1854-01-03,4.72731366068,8.79724,39.6099,119346.77090020422,0.15789528572380274,0.1345283350756996
PEU,1855-01-02,6.150619805200001,8.70141,40.06403999999999,153519.71007417128,0.1347554424214792,0.12487614588116358
PEU,1856-01-01,6.86855181272,8.78926,40.45437,169785.1632028876,0.09518711190400575,0.08703966196935053
PEU,1856-12-31,7.35287575204,8.99549,40.90677,179747.16048321585,0.06397374495479324,0.05474157821575809
PEU,1857-12-30,7.81738639292,8.91394,41.5126,188313.5817298844,0.05458414103695719,0.0428648623690977
PEU,1858-12-29,8.187153308880001,9.3081,42.07296,194594.18374366814,0.027539953739094347,0.017449450096242325
PEU,1860-01-04,8.151095251520001,9.46009,42.66838,191033.62376354577,0.031940250141448745,0.02124424444185813
PEU,1861-01-03,7.95759912584,10.21245,43.31161,183729.00766884445,0.023814719835674847,0.0126527224012416
PEU,1862-01-02,9.52522411516,10.47748,44.11884,215899.24202812221,0.10059656607802303,0.08497124537988165
PEU,1863-01-01,10.54185143908,10.47587,44.8156,235227.27441069626,0.07173244037584414,0.05898726913159069
PEU,1863-12-31,10.68091445564,10.42598,46.13105,231534.17179188418,0.027564548584701365,0.00500279975116702
PEU,1864-12-30,10.7632997134,11.28016,46.88398,229573.08047226368,0.009315194486172906,-0.0026553162628432103
PEU,1865-12-29,11.33759127176,11.32074,47.63822,237993.59572544903,0.037746887972244014,0.02497674459671484
PEU,1867-01-04,14.700114580320001,11.34157,59.37235,247591.92756089327,0.3002879244880168,0.05009149260228196
PEU,1868-01-03,16.19022962024,11.03519,61.63857,262663.9394820483,0.08464183651382018,0.05199376702384595
PEU,1869-01-02,16.911543787840003,10.99825,64.09807,263838.58028549067,0.02940022797247699,-0.0025811187867107455
PEU,1870-01-01,16.647040254,11.0305,65.41741,254474.15686435768,-0.005719547880546516,-0.01925739148205763
PEU,1870-12-31,17.84228546048,10.95923,66.493,268333.29012798343,0.04520064821765435,0.03219597062138346
PEU,1871-12-30,17.87953333348,10.89389,67.55884,264651.27781175636,-0.018930713350770345,-0.030956947781335287
PEU,1872-12-29,20.41175552676,10.72235,68.48433,298050.01416762057,0.12733956381862832,0.11537269288044794
PEU,1874-01-04,18.128077608679998,11.17314,69.45315,261011.59715117313,-0.09172473818864302,-0.10141971314685871
PEU,1875-01-03,19.1010131806,10.69068,70.50633,270912.0327295435,0.05903462623263578,0.04718891273543946
PEU,1876-01-02,19.23163958664,11.04239,71.72838,268117.5789365381,-0.030140197362959364,-0.04267074993035003
PEU,1877-01-01,21.00219529668,11.11469,72.92873,287982.4631072007,0.07066501559328442,0.05716748061082533
PEU,1877-12-31,20.88499845744,11.3835,74.08564,281903.4627687633,0.007380981989345559,-0.004764155769857559
PEU,1878-12-30,20.506750483959998,12.13881,75.32118,272257.42459106457,0.02932180572359422,0.01623460790205722
PEU,1879-12-29,20.38746085376,12.47138,76.65463,265965.15897030616,0.030669306072738545,0.016897576335743736
PEU,1881-01-04,20.82569653112,11.56775,77.94832,267173.1286975781,0.05775212138127683,0.044261814384854326
PEU,1882-01-03,23.32252255996,12.38245,82.10842,284045.44332919817,0.06822112220164334,0.03307067194419511
PEU,1883-01-02,25.62356091308,12.0658,90.05517,284531.8143653496,0.10494588320371734,0.023289740353229504
PEU,1884-01-01,26.93408807076,12.03285,92.33602,291696.43732489226,0.06980386942808847,0.049472615831709144
PEU,1884-12-31,28.75263199016,12.63339,93.92556,306121.4858890381,0.04920907488414805,0.034575705553266056
PEU,1885-12-30,29.47546457336,12.73029,95.82696,307590.521220333,0.01888927636768356,0.003314063264538314
PEU,1886-12-29,29.98352375772,11.61075,97.8227,306508.8548743799,-0.0023941477479341167,-0.018071669711880123
PEU,1888-01-04,28.94612150924,11.67606,101.76543999999998,284439.6045380436,-0.02316810876962605,-0.05337346633827422
PEU,1889-01-03,30.141675501079998,11.08286,103.77882,290441.49375643313,0.034066871177204305,0.01968961078353848
PEU,1890-01-02,30.431570723839997,11.4131,106.03641,286991.71090232115,0.021575767388435363,0.005099874837391605
PEU,1891-01-01,30.55848680716,12.39528,108.0065,282931.923607931,0.002854478364281654,-0.011314819122146491
PEU,1891-12-31,32.57462622544,12.31561,109.99368000000001,296149.9808483542,0.06094433769074237,0.04613370678176043
PEU,1892-12-30,33.60513993564,12.68517,111.93702000000002,300214.70944679424,0.037328942589240244,0.02338992507809401
PEU,1893-12-29,34.02084060596,13.52783,114.26428999999999,297738.17004385183,0.009684272029458096,-0.005917564217892579
PEU,1895-01-04,34.38155859736,12.65204,116.88443000000001,294150.03005413123,0.009870960562604392,-0.007250465200004941
PEU,1896-01-03,34.94300259268,12.76089,119.21774,293102.3737967185,0.007582668993499464,-0.007528315830801602
PEU,1897-01-02,34.2314392368,13.01103,121.52745,281676.6025848481,-0.01932471946689518,-0.03371869913853065
PEU,1898-01-01,34.18501965684,13.65599,124.00227000000001,275680.59566038585,-0.0036208248906514084,-0.01887004304131301
PEU,1898-12-31,35.651339216480004,14.70833,127.37094,279901.67314836493,0.042446835355476775,0.02086449192263884
PEU,1899-12-30,37.679060293679996,14.71602,130.74812,288180.51298695535,0.06492818329702077,0.04370109589438376
PEU,1900-12-29,38.32044981284,15.00633,134.17047,285610.16304735315,-0.006409544479689666,-0.026007665291892024
PEU,1902-01-04,41.92913701132,15.07478,137.53774,304855.5037426091,0.0735398540064911,0.0537783912155998
PEU,1903-01-03,46.66579978996,15.4286,143.05827,326201.3429210349,0.08811768049144275,0.05929267094686019
PEU,1904-01-02,49.94953935764,14.94643,154.30693,323702.5022637674,0.04516678342658409,-0.01675305041021402
PEU,1905-01-01,51.0180240492,14.96225,158.62152,321633.68532340374,0.023280385600759068,0.001887583360946632
PEU,1905-12-31,53.724442190119994,15.35551,162.76238,330078.9911656489,0.01941002147185822,-0.000619049522894044
PEU,1906-12-30,60.201159970119996,15.83898,168.41683,357453.3493482807,0.09706817406172519,0.06845475459261463
PEU,1907-12-29,62.326960358,16.46878,172.42359,361475.8302967709,0.04019585105527956,0.022353194381387942
PEU,1909-01-04,70.13148461644,17.41584,177.54824,394999.60470709257,0.09866002999977197,0.07533829731264374
PEU,1910-01-03,70.23632780112,17.46117,183.803,382128.29932656157,-0.002541391106293478,-0.02861918652606632
PEU,1911-01-02,77.27959562907999,18.12582,191.94849,402605.90551704785,0.09915782526340888,0.06332810087869056
PEU,1912-01-01,84.21625404036,19.02559,198.45675,424355.70490981033,0.057755154293246624,0.030348362608470403
PEU,1912-12-31,88.581920479,19.64121,202.73028,436944.6955777894,0.046690823943141835,0.029560567637607615
PEU,1913-12-30,97.00536429844,20.24179,208.89515,464373.4634262212,0.07745379567421384,0.053776427672278526
PEU,1914-12-29,100.64991771848001,20.48484,216.83185,464184.1948887122,0.015024785672759666,-0.013839020779146338
PEU,1916-01-04,109.42692196592,20.29551,228.87255,478112.91465892264,0.05435960887764524,0.008885319626625643
PEU,1917-01-03,113.61500097636,20.14601,236.17702,481058.6608991848,0.03712679620287007,0.013446274984320494
PEU,1918-01-02,120.34572874792,19.79051,243.81465,493595.15003680054,0.046823344257306054,0.020968399548831673
PEU,1919-01-01,128.15932279852,19.95077,252.69472,507170.56058203353,0.04963579177868538,0.021080046722411927
AST,1838-12-28,0.47019228048,11.08946,2.62035,179438.73165035204,-0.04243660767310564,-0.04519446677602046
AST,1840-01-10,0.50855678484,11.20133,2.7442595748548735,185316.5748239739,0.012172350201869353,0.007572428355853589
AST,1841-01-09,0.51231150672,11.87789,3.0339,168862.35759912984,0.0140196303577933,-0.06308286229784921
AST,1842-01-22,0.55019936608,11.86709,3.06259186505272,179651.54689997478,0.0048339653237949864,-0.013168044353555897
AST,1843-02-04,0.51584704184,11.68298,3.09062,166907.3007487171,-0.078128852723793,-0.07609983840121648
AST,1844-01-27,0.59435068888,12.13546,3.09062,192307.91520148062,0.13517173741131483,0.133824668105061
AST,1845-02-02,0.62292797736,12.29074,3.33809,186612.0977445186,-0.003133882438137614,-0.012458754795872218
AST,1846-02-15,0.62055333236,12.18643,3.3380089617215636,185905.23257311818,0.028786370195864164,0.028673545399497957
AST,1847-02-14,0.62726168752,11.9979,3.54626,176879.7796890245,0.001208744716008514,-0.03476707877790275
AST,1848-02-27,0.72771119096,11.70255,3.62845,200557.0397718034,0.1074498661023211,0.0815534669501079
AST,1849-03-12,0.77567958572,11.00894,3.62845,213777.1185271948,0.04379177616114038,0.04416121011381824
AST,1850-03-04,0.8055093997599999,11.25219,3.75891,214293.345613489,0.04381170007010371,0.00885467702666487
AST,1851-03-10,0.8490902732000001,11.11778,3.8225913494679564,222124.25958589057,0.0335397268816271,0.031603752311043065
AST,1852-03-23,0.9363793998000001,10.8067,3.75891,249109.28960789164,0.07140053392146584,0.07012336506519845
AST,1853-03-22,1.06945244692,11.49794,4.040156885715834,264705.67286659084,0.13936225791546608,0.05743732379277877
AST,1854-04-04,1.12292495744,11.64559,4.24365,264612.9999976436,0.04440423458238563,0.0013724440475550992
AST,1855-04-17,1.11834345532,11.65732,4.68197907443516,238861.26732741075,-0.009883437177370502,-0.047410763759309305
AST,1856-04-09,1.2154425946,11.76531,4.67251,260126.26930707478,0.05431152881517343,0.055830068826533186
AST,1857-04-15,1.2439990971200001,11.936,4.5465948576237505,273611.1608963919,0.04416548286928168,0.04439876222386063
AST,1858-04-28,1.5775617847599999,10.8947,5.23571,301308.09092940594,0.2361365497713419,0.10462106773044955
AST,1859-04-27,1.48827399188,11.20174,5.23571,284254.4739643716,-0.08481552221247868,-0.08427474542666868
AST,1860-05-10,1.51818248088,10.92848,5.23571,289966.877630732,0.02701107680696513,0.030886018728068176
AST,1861-05-23,1.60474230904,11.02416,5.20788,308137.3436100678,0.035758468872691296,0.0433895640891544
AST,1862-05-15,1.6002086822800001,10.5644,5.26304,304046.46027391014,-0.020921991387615635,-0.02595529398216123
AST,1863-05-21,2.7049665219200003,11.58874,5.26304,513955.15176019946,0.6333177614169656,0.6318331820595406
AST,1864-06-03,2.7948183213599997,11.77125,9.2991,300547.18428234995,0.030116068516877537,-0.048172107726298985
AST,1865-06-02,2.93376080712,12.03034,9.36969,313111.83263480436,0.03383037025212099,0.026073848909482056
AST,1866-06-15,2.98077462436,12.18645,9.35222,318723.7494798026,0.032106643513568844,0.034031863960962694
AST,1867-06-28,3.09523454136,12.35091,10.20135,303414.20903703925,0.026414976346922137,-0.059522845776290856
AST,1868-06-20,3.48955592752,13.19578,10.20135,342068.05251461815,0.06007696399148155,0.05821745715079407
AST,1869-06-26,3.7944585016,13.23879,12.23904,310029.0955499778,0.06753294554416511,-0.020099714538140412
AST,1870-07-09,3.8962583670399997,13.19832,12.445982434748872,313053.50039397,0.020895886723225843,0.017126262573447626
AST,1871-07-08,4.339728809,12.64195,19.14561,226669.65476681077,0.11891751155659547,-0.12200330305476803
AST,1872-07-21,4.24022574248,12.58984,18.60232375648611,227940.64859781569,-0.011002086310449632,-0.009250525064768866
AST,1873-08-03,4.53115482196,12.68451,19.09806,237257.3351408468,0.0620740668683577,0.05960687665231368
AST,1874-07-26,5.20365597596,12.85575,19.66173,264659.1106662537,0.10345572086776489,0.08858908924514308
AST,1875-08-01,5.71341284124,13.01109,19.66173,290585.45922662964,0.08683350416955404,0.08677959182765305
AST,1876-08-14,5.944637114,13.3823,20.141276983999155,295146.9819278391,0.03367393473936975,0.012419328817653286
AST,1877-08-13,6.31425276456,13.55051,20.47558,308379.67786797736,0.04879687612933625,0.04371244887885095
AST,1878-08-26,6.0617222577600005,13.64654,20.47558,296046.4249491345,-0.023160796172542297,-0.022102255399275905
AST,1879-09-08,6.45474210368,13.91654,20.99543,307435.5754409412,0.04710093907563051,0.040665833993770883
AST,1880-08-31,6.7335768406400005,13.98433,21.25541,316793.5523539654,0.02383406678924138,0.014258260730863892
AST,1881-09-06,6.5471589757599995,14.11645,21.25867,307975.9446738672,-0.011761994206025084,-0.011626664531754094
AST,1882-09-19,6.428679042240001,14.21513,21.131209999999996,304226.735820618,-0.01636316470465138,-0.0102826917286446
AST,1883-09-18,6.73059778092,14.49277,21.020095910501567,320198.24312777835,0.03974531340571752,0.0426396080168312
AST,1884-10-01,7.08658469532,14.69968,20.96884,337957.8791826348,0.03448562991520898,0.0388351329979475
AST,1885-10-14,7.65223677556,14.74849,21.6966,352692.900065448,0.07873149372392363,0.05224733873376963
AST,1886-10-06,8.00751399708,14.82735,22.02436,363575.33190885,0.027384512195914645,0.01061909828611518
AST,1887-10-12,6.91744021228,13.87174,20.591879941601686,335930.4848269208,-0.13614671531256883,-0.05090382716672992
AST,1888-10-25,7.94405751828,14.24618,23.5412,337453.38038332795,0.07489410403950747,0.02939966053384202
AST,1889-10-24,9.17600718372,14.88935,24.84979,369258.942780603,0.12122382094582251,0.06198806866154216
AST,1890-11-06,10.23385446876,15.94078,25.45332,402063.63919362973,0.11268841103695193,0.1114765917045959
AST,1891-11-19,11.2798702094,16.03765,25.801975221960756,437170.8023267691,0.07756574318006204,0.07582383515513458
AST,1892-11-11,11.20455993904,16.26913,25.45332,440200.3329640298,-0.014827480907782853,-0.014810978118345308
AST,1893-11-17,11.25370194,15.617,25.45332,442131.0045212176,0.00981552483629966,0.009286846885567579
AST,1894-11-30,12.459328121239999,16.27576,30.08224,414175.5441496378,0.05354168933759906,-0.10157362432330752
AST,1895-11-29,12.45054284292,16.50329,30.47492,408550.4684809673,0.004797603602489486,-0.009066740124547334
AST,1896-12-12,12.79330820456,16.78825,31.18843,410194.0432577081,0.01346968273999316,-0.009937232250156192
AST,1897-12-25,12.89697483724,16.57418,31.45861,409966.45551853685,0.00932672213479857,0.005592485175856199
AST,1898-12-17,12.8869705718,16.67733,31.756909999999998,405800.51937672775,0.006781303129828498,-0.0026592794507334094
AST,1899-12-23,13.26159319368,16.52611,31.85842,416266.5064268724,0.02123202806719182,0.01890916348087268
AST,1901-01-05,14.00574748092,16.5348,32.60038,429619.1480258819,0.03677064393618412,0.013392537837437102
AST,1902-01-04,14.49397973036,16.87255,32.60038,444595.4228251327,0.024070452698947253,0.021829036089502596
AST,1903-01-17,15.78722378012,16.83524,35.087997046735595,449932.31614481,0.0526451990943424,0.009740536123380217
AST,1904-01-30,15.51500080572,16.98199,36.17491,428888.4424514118,-0.016350369923265107,-0.03387394333616478
AST,1905-01-22,16.90672155328,16.69723,37.57744,449916.7999012173,0.06470884151749345,0.034719381547062333
AST,1906-01-28,17.39301503108,16.95248,39.38813,441580.1164228919,0.031028925874227786,0.005948971222038857
AST,1907-02-10,18.7592617784,16.96857,40.68493182091424,461086.22870437586,0.035433360134165204,0.03491451068731899
AST,1908-02-09,18.92061548936,16.78621,39.56024,478273.5263830553,0.0007922313977928308,-0.00007881926103692205
AST,1909-02-22,20.48371944424,16.90816,42.069409147400016,486902.9506088497,0.078120849449691,0.005535978395232677
AST,1910-03-07,22.326913267360002,16.80786,43.21755,516616.8204204079,0.07810139556034557,0.06950164757557964
AST,1911-02-27,21.12095686896,16.66117,43.93506,480731.2626626662,-0.04118851291532322,-0.050671495174100745
AST,1912-03-05,21.5189929292,16.55806,44.20017,486853.1711348622,0.00816333005040315,0.004066026223431329
AST,1913-03-18,21.669426472199998,16.73482,44.68397,484948.5502787688,0.005944764291546223,-0.002827412708019561
AST,1914-03-17,22.881284301199997,16.80505,45.97518161291949,497687.74148289877,0.015765420086054416,0.0023452072156104897
AST,1915-03-30,23.2963939988,17.13201,46.20222,504226.723278665,0.006082361641156497,-0.004057708383226277
GUA,1841-12-11,0.10925863416,11.12561,5.21396,20955.019631911255,0,0
GUA,1842-12-17,0.10483179928000001,11.0575,5.31598,19720.12672733908,-0.005183234636764067,-0.01985583089152121
GUA,1843-12-23,0.09996095928,10.97371,5.4391099999999994,18378.183063037886,-0.02461294556476401,-0.040547577919616495
GUA,1844-12-29,0.14888496427999998,8.33707,5.5346,26900.763249376647,0.5122647713100272,0.49192716889798516
GUA,1846-01-04,0.11476684647999999,11.01775,5.64468,20331.860527080364,-0.16820853623352472,-0.18118888451059112
GUA,1847-01-10,0.11988505776,11.10074,5.77662,20753.49560123394,0.04320623540974866,0.025933168829223252
GUA,1848-01-16,0.12648050012,11.17414,5.90141,21432.250956974687,0.04389898733261677,0.02651176871940053
GUA,1849-01-22,0.1321970598,11.22233,6.02555,21939.41794524981,0.050887412218868944,0.03531265770489811
GUA,1850-01-28,0.13285429456,10.52334,6.1404700000000005,21635.851092831657,0.009101214647378342,-0.005638413840665879
GUA,1851-02-03,0.16503374472,9.49776,6.23679,26461.327817675436,0.26846791843997475,0.2539040372783643
GUA,1852-02-09,0.16089868444000002,10.34197,6.35334,25325.054922292842,0.014939580599865776,0.0013387522946057828
GUA,1853-02-15,0.1622018788,10.33605,6.46336,25095.597150707992,0.005462843373586601,-0.00840659963213708
GUA,1854-02-21,0.15739356412,10.31225,6.55775,24001.153462696806,-0.018524892454984343,-0.02943333569938944
GUA,1855-02-27,0.16121213628,10.32002,6.68455,24117.126250832145,0.003470152815087113,-0.010368394420551597
GUA,1856-03-05,0.1608119448,10.29255,6.80766,23622.20569182362,-0.0021017229729177744,-0.0161595043030196
GUA,1857-03-11,0.15897014848,10.29279,6.93382,22926.777516578164,-0.012246701289447826,-0.02612110202229767
GUA,1858-03-17,0.16335218744000002,10.30167,7.08467,23057.13426878034,0.025389936373898747,0.009340921756337384
GUA,1859-03-23,0.17028016824,10.37327,7.23573,23533.239664829947,0.020041258813804363,0.003447051159069847
GUA,1860-03-29,0.1791295662,10.23968,7.40127,24202.54445520836,0.0631986154382076,0.04603392683401886
GUA,1861-04-04,0.18476234816,9.99685,7.54773,24479.19416301325,0.02507764333783724,0.009482614349808793
GUA,1862-04-10,0.24000551172,9.30407,7.68128,31245.510086860522,0.08912731660653095,0.07439276791604721
GUA,1863-04-16,0.21573637539999999,9.11279,7.79994,27658.72242606994,-0.10514270766253575,-0.11484936285220271
GUA,1864-04-22,0.21921369132000001,9.00789,7.91564,27693.7419235842,0.014770619903964777,0.0032246931761485964
GUA,1865-04-28,0.22206338388000002,8.85291,8.03121,27650.05321489539,0.008754630824019394,-0.0025387155043417042
GUA,1866-05-04,0.22711618696,8.7888,8.14126,27896.93327077135,0.017397325876134406,0.007576141092649813
GUA,1867-05-10,0.23083332792,8.70572,8.24374,28001.044176550935,0.013968803098444837,0.004100277700168409
GUA,1868-05-16,0.23473000564,8.62291,8.35338,28100.003308840252,0.013627480166932271,0.003689776632190611
GUA,1869-05-22,0.23756919472,8.52416,8.46058,28079.540022078865,0.011762006435445116,0.0021527564241667907
GUA,1870-05-28,0.24684554596,8.44933,8.55809,28843.53237229335,0.03052039788178207,0.021427305266827457
GUA,1871-06-03,0.25132036228,8.38253,8.66463,29005.31959010367,0.014581870581931389,0.005611057250404228
GUA,1872-06-09,0.26511355624,7.64913,8.72015,30402.407784269766,0.018703781998848923,0.013396084749933701
GUA,1873-06-15,0.2527123092,6.801,8.7527,28872.497537902585,-0.04259904913926038,-0.045608878256324314
GUA,1874-06-21,0.31811103896,6.80654,8.8164,36081.73846014246,0.2501435134092822,0.24299270945077267
GUA,1875-06-27,0.25937936336,6.73972,8.85866,29279.75149288944,-0.19648816474178443,-0.1997866706545024
GUA,1876-07-03,0.24193406952,7.53034,8.88819,27219.72297171865,-0.057439259266074405,-0.059976644731460804
GUA,1877-07-09,0.24167379496,7.46625,8.93561,27046.14401926673,0.0036317162750225673,-0.00015841354693724163
GUA,1878-07-15,0.24805997008,7.48402,8.9613,27681.24826531865,0.012815892219984137,0.010714487110917936
GUA,1879-07-21,0.25038828464,7.46165,9.00239,27813.534476955563,0.006976490520674394,0.003613033232676699
GUA,1880-07-27,0.32214883272,7.44499,9.0411,35631.59711981949,0.17136049653808905,0.16740436670355274
GUA,1881-08-02,0.25597728832,7.4632,9.07015,28221.946530101486,-0.025004442361590717,-0.027599688094104846
GUA,1882-08-08,0.28194616580000004,8.23261,9.12145,30910.235302501253,0.11093719437810168,0.10673492784329452
GUA,1883-08-14,0.32898483956,8.26086,9.15116,35950.06966985606,0.11028184318684509,0.10743573738078749
GUA,1884-08-20,0.34204176916,7.59107,9.1424,37412.68913633182,0.019891820574884367,0.020373777275741967
GUA,1885-08-26,0.33988646952,8.15202,9.19393,36968.57269089497,-0.004819271087194044,-0.009158907318479792
GUA,1886-09-01,0.29053684556,8.23343,9.22486,31494.98697649612,-0.10659361732457884,-0.10891570276231366
GUA,1887-09-07,0.320212737,8.09669,9.26715,34553.529078519285,0.07335193158780329,0.0692719880984436
GUA,1888-09-13,0.33606103596000003,7.67281,9.31349,36083.255144956405,0.04366173634947135,0.04014644444403026
GUA,1889-09-19,0.32724736928,7.68165,9.32536,35092.196899637114,-0.016725707230837994,-0.017573579515294258
GUA,1890-09-25,0.32862363092,7.66626,9.36003,35109.24974813115,0.0032613758306967444,0.0006726092290529895
GUA,1891-10-01,0.34058460332,7.8486,9.34662,36439.33350451821,0.01988013748644568,0.02162536160820472
GUA,1892-10-07,0.32755904220000004,7.3664,9.3408,35067.55761819117,-0.021926194999114967,-0.02166116565873999
GUA,1893-10-13,0.36447252867999996,7.72565,9.34918,38984.438066226125,0.07100839874821041,0.07032742785486312
GUA,1894-10-19,0.37678783116,7.1148,9.32842,40391.387947798234,0.04291746856165424,0.04464582707664855
GUA,1895-10-25,0.31915747551999996,7.79982,9.31844,34250.09717506363,-0.11101211792020349,-0.11090449051549489
GUA,1896-10-31,0.34621968888,6.86466,9.29517,37247.26808439221,0.005747740198382534,0.008181674751365886
GUA,1897-11-06,0.32154137027999996,7.19724,9.27192,34679.04924546372,-0.06334011885243507,-0.06171990387752535
GUA,1898-11-12,0.31662080944,7.0395,9.25273,34219.177414665726,-0.033897889807778525,-0.03223071830012858
GUA,1899-11-18,0.37504516192,6.66711,9.20715,40734.12097337395,0.11421426504145549,0.11861208289159197
GUA,1900-11-24,0.39334721608,6.30907,9.16619,42912.83685806207,0.013274632925157404,0.016470763909599784
GUA,1901-11-30,0.35094466472,8.58768,9.17143,38264.98863536002,-0.06625135138722016,-0.06646930502775461
GUA,1902-12-06,0.3309333716,8.24561,9.19918,35974.22505049363,0.016286489913452717,0.01392962256059782
GUA,1903-12-12,0.34240059204,8.00545,9.20755,37186.938114916564,-0.016335484202718575,-0.01751695993489233
GUA,1904-12-18,0.33659205476000004,7.99151,9.23246,36457.46147397335,-0.0036551124757279174,-0.0052771192002276646
GUA,1905-12-24,0.34181965324,8.02332,9.25161,36947.045242936096,0.0039216665673666995,0.002310962356020907
GUA,1906-12-30,0.35146008456,8.09078,9.26453,37936.09439010937,0.0038434708232992776,0.002395306751914905
GUA,1908-01-05,0.33698206984,7.57218,9.27859,36318.24122415152,-0.01784632698256161,-0.01856578176663448
GUA,1909-01-11,0.34004387768,7.50333,9.27751,36652.49379197651,-0.025090131495447365,-0.024777116290143786
GUA,1910-01-17,0.33114598036,8.17533,9.3262,35507.0640089211,-0.018396341417405204,-0.022016740203406493
GUA,1911-01-23,0.33631921648,8.144,9.37528,35872.9783515799,0.014191329237094541,0.010010170244278749
GUA,1912-01-29,0.34709725335999997,8.74506,9.41818,36853.962587251466,0.03361499612873864,0.029971522463545064
GUA,1913-02-04,0.34340541976,7.94739,9.44577,36355.471259622034,-0.022336111111903367,-0.024113767724329827
GUA,1914-02-10,0.33508815912,7.85007,9.4388,35501.139882188414,-0.04026061425893512,-0.039680986582987465
GUA,1915-02-16,0.37478580932,8.70053,9.46024,39616.94516418188,0.1081738259063576,0.10602374312726681
GUA,1916-02-22,0.39961747176,8.32631,9.51515,41998.021235608474,0.06493139022574934,0.060345706475294136
GUA,1917-02-28,0.4789652218,8.34825,9.54001,50205.945465465964,0.22576585773194813,0.22346203955478594
GUA,1918-03-06,0.45651130564,8.38148,9.57263,47689.224971611766,-0.0747631581261885,-0.07754049197276802
GUA,1919-03-12,0.43421486992,8.97287,9.63731,45055.60887011002,-0.0065456476726575286,-0.011466501018077224
PER,1858-09-15,5.27047478152,7.52561,109.13006758897565,48295.34974147147,0.10111703085487544,0.10012718886480454
PER,1859-09-28,5.357557943920001,7.04741,109.7171,48830.655785834664,0.03791378099568932,0.04021127250600798
PER,1860-09-27,6.38131413296,7.37808,109.7171,58161.52753727541,0.14181228092205211,0.13459928208530658
PER,1861-10-10,6.538219935,7.35366,109.7171,59591.62186204338,0.023955400444396924,0.022668229194442224
PER,1862-10-23,6.4210194152,7.70726,109.7171,58523.41535822584,-0.0012955889960091227,0.0005984960737519529
PER,1863-10-15,6.639349988959999,7.71871,109.7171,60513.3565229121,0.025469047842534565,0.025571181109367735
PER,1864-10-21,6.6988047677199996,7.91949,145.44985,46055.769515884684,-0.012489811117846528,-0.1091281958361664
PER,1865-11-03,7.03234282348,7.9695,145.44985,48348.917674923694,0.03402003028517586,0.03246386214092101
PER,1866-11-02,6.88036696516,7.61983,151.63368,45374.92571017204,-0.018798974046969175,-0.04255142384463573
PER,1867-11-15,6.8853000808800005,7.63928,152.50054,45149.34885397783,0.005795171893296924,0.0008010796866633196
PER,1868-11-28,6.8486358241600005,7.66997,152.50054,44908.92834976191,-0.019769532334280138,-0.020859715177433347
PER,1869-11-20,6.8036149636,7.77873,152.50054,44613.7106373525,-0.0038613971593549623,-0.00337977456098304
PER,1870-11-26,7.05580678296,7.39242,157.20243,44883.573256214935,0.048183129694277405,0.02134178555333599
PER,1871-12-09,7.3092174428000005,7.44031,156.6857215947977,46648.90564631182,0.02580643256481041,0.012517466058384885
PER,1872-12-08,7.3679356946,7.43536,161.24317,45694.559928336814,0.02348953454387881,0.012852044470941681
MOR,1862-08-07,2.65560520628,6.88058,40.94236,64862.04523334756,0.009135910648043089,0.010110714882190397
MOR,1863-08-20,0.89438222016,7.34637,41.56201972119928,21519.21937768121,-0.6837684193382305,-0.6853997285592401
MOR,1864-08-19,1.54297968032,7.51365,40.94236,37686.63262987282,0.678100319428752,0.6825794290851661
MOR,1865-09-01,1.67587282096,7.57512,40.94236,40932.491946238566,-0.03870465030613224,-0.04146880455645041
MOR,1866-09-14,1.94517998948,7.83486,16.12132,120658.85358519029,0.13098707627814976,1.8595385348601243
MOR,1867-09-06,1.97828921108,7.92403,16.12132,122712.60734728917,0.038044589732733725,0.03753261017405607
MOR,1868-09-12,2.07056920772,8.63376,16.12132,128436.70417310741,0.04891902519360869,0.05093584348674107
MOR,1869-09-25,2.18484373484,8.66781,16.12132,135525.11424870917,0.02743279516207764,0.02763736433849817
MOR,1870-09-24,2.3964815965999997,8.31662,16.57306398519866,144600.9982668436,0.09940849121173811,0.0749149866402623
MOR,1871-10-07,2.4333397634000002,8.38313,16.97643,143336.36479518955,0.01098528573820623,-0.007771600207600482
MOR,1872-10-20,2.63405588576,7.91083,16.97643,155159.588073582,0.06140575030886408,0.059946203797138775
MOR,1873-10-12,2.72400158732,7.96554,16.97643,160457.857589611,0.036175176481713534,0.03666714229111001
MOR,1874-10-18,2.8624577878,7.93154,17.045675074660558,167928.68427107466,0.03788032007864972,0.03906435454091084
MOR,1875-10-31,3.0375642076,9.1454,17.69585,171654.04360909478,0.04820712966419838,0.022898204720276594
MOR,1876-10-30,3.1066379136,9.1452,17.69585,175557.42807494412,0.013288714829883919,0.014862676713877976
MOR,1877-11-12,3.68206114536,9.06504,17.69585,208074.83931882333,0.1308733297302198,0.12523985216914868
WAD,1837-01-13,0.12616784596,6.43045,3.2006,39420.06060113729,0,0
WAD,1838-01-26,0.08495108595999999,7.5101,3.2006,26542.237692932573,-0.2955705138295367,-0.2889901829731495
WAD,1839-02-08,0.08493360616,7.46233,3.2006,26536.7762794476,-0.0011915170077286819,-0.0007119872341810884
WAD,1840-01-31,0.11600804644000001,7.47286,3.2006,36245.71844029245,0.1269516576225458,0.12575664669266362
WAD,1841-02-06,0.09019423504,7.47243,3.2006,28180.414622258326,-0.24816977521936,-0.246191782203242
WAD,1842-02-19,0.08834345935999999,7.6199,3.2006,27602.155645816405,-0.003222288278941665,-0.002460095643373239
WAD,1843-02-18,0.08850006724000001,7.97143,3.2006,27651.086433793665,-0.014328928179695222,-0.01847031308705005
WAD,1844-03-03,0.09129080844,7.87077,3.2277637265508083,28282.98976441917,-0.21007393983996914,-0.22830018637295202
WAD,1845-03-16,0.08824237968,8.03314,3.2006,27570.57416734362,-0.024634699261039672,-0.023823133880442993
WAD,1846-03-08,0.11913291572000001,7.99341,3.2006,37222.05702680747,0.04148378391101515,0.029317553890730208
WAD,1847-03-14,0.09239486464,7.70036,3.2006,28867.982453290006,-0.24009874112173157,-0.2394295239930978
WAD,1848-03-27,0.09408401392,7.43814,3.181703161471311,29570.33046303818,-0.03185648089486415,-0.02700114731921721
WAD,1849-03-26,0.08404639307999999,7.80272,3.2006,26259.57416734362,-0.061440842937995566,-0.05564008572909429
WAD,1850-04-08,0.0958540856,6.71142,3.2006,29948.786352558895,0.04676417176467851,-0.0076361736155839965
WAD,1851-04-21,0.0942691568,6.70124,3.2006,29453.588952071485,-0.005310892659541766,-0.0038786814579615525
WAD,1852-04-13,0.08974945876,6.69682,3.2006,28041.448090982936,-0.03612356440677744,-0.0365693238001934
WAD,1853-04-19,0.09417394116,6.70279,3.2006,29423.839642567018,-0.1455098945437845,-0.14831716224098657
WAD,1854-05-02,0.10538025524,6.26592,3.2006,32925.156295694556,0.09121715614226367,0.08341949958776995
WAD,1855-05-01,0.09560246228000001,7.59615,3.1999543033411966,29876.196100731115,-0.06489755336068137,-0.0723600647219651
WAD,1856-05-14,0.0937617668,7.37867,3.2006,29295.05930138099,-0.011301591193019656,-0.010031317947163165
WAD,1857-05-27,0.10057572719999999,7.36604,3.2006,31424.022745735172,0.23260814514278882,0.19212958146842674
WAD,1858-05-19,0.09520274608,7.39495,3.2006,29745.280909829406,-0.02766404881575102,-0.026892990051247234
WAD,1859-05-25,0.0932304724,7.78262,3.2124193581654694,29021.887246141345,-0.014409871124518081,-0.01365414235242668
WAD,1860-06-07,0.12217214984,7.95188,3.2006,38171.63964256702,0.11882856506645756,0.09877232100976907
WAD,1861-06-06,0.09322620683999999,8.06574,3.2006,29127.72818846466,-0.1315298568553518,-0.12138696035037744
WAD,1862-06-19,0.09272232736,8.07771,3.2006,28970.295369618194,0.008849302374022594,0.007821836696029427
WAD,1863-07-02,0.0895831508,8.10916,3.1999592848076466,27995.09082047116,-0.02801232815948107,-0.027574155379286536
WAD,1864-06-24,0.0898440088,8.1089,3.2006,28070.989439480094,0.003992189800503088,0.0038088801158826513
WAD,1865-06-30,0.09115921256,8.11911,3.2006,28481.913566206335,0.010956911098409794,0.01062711878331668
WAD,1866-07-13,0.09108345116,7.82378,3.2006,28458.242567018682,-0.005819288322660654,-0.005706256407456034
WAD,1867-07-12,0.09093995923999999,8.52735,3.2006,28413.409748172216,-0.002154469832341799,-0.0028662108160643074
WAD,1868-07-25,0.09240922236,8.065,3.2006,28872.46839967506,-0.008803914304235883,-0.014090879121582245
WAD,1869-08-07,0.09113423488,8.5317,3.2006,28474.109504467913,0.002179519735529878,0.0010851812834571373
WAD,1870-07-30,0.11089423643999999,8.41566,3.2006,34647.952396425666,0.20370955104083777,0.20472874395614382
WAD,1871-08-05,0.11037311844,8.41752,3.2006,34485.133549959384,-0.0008672554291925261,-0.0008445478689154129
WAD,1872-08-18,0.10890526036,7.6875,3.2005999999999997,34026.51389114541,0.0037147744612493483,0.003146316028544316
WAD,1873-08-17,0.10927856368000001,7.6715,3.2005999999999997,34143.14930950447,-0.00027473205823103086,0.004432650721032383
WAD,1874-08-30,0.13130637468,7.66927,4.501237856491182,29171.169990638162,0.21231205948704424,0.1382462135908935
WAD,1875-09-12,0.1160366428,8.2197,4.50766,25742.101844415953,-0.08408582566599221,-0.08426284226131908
WAD,1876-09-04,0.1096164342,8.3643,4.50766,24317.813277842608,-0.02350681147475331,-0.02229288096072335
WAD,1877-09-10,0.13292567496000002,9.06591,4.50766,29488.84231729989,0.10957460387082452,0.1095615909880383
WAD,1878-09-23,0.13640012255999998,9.59419,4.5173944410751545,30194.423874027772,0.011547072901838984,0.011631532229343877
WAD,1879-09-22,0.13933563696,9.6735,4.50766,30910.85773106224,0.017248519130786732,0.016978185866189266
WAD,1880-10-05,0.14258997792,9.81806,5.2469238970423016,27175.91882748255,0.014937592964046065,-0.12452059292488882
WAD,1881-10-18,0.14408151524,9.86,5.34205,26971.20304751921,0.010559320936150973,-0.0071588705340535075
D10,1903-07-18,0,1,NaN,0,0,0
D10,1904-07-24,0,1,NaN,0,NaN,NaN
D10,1905-07-30,0,3,NaN,0,NaN,NaN
D10,1906-08-05,0,3.82505,NaN,0,NaN,NaN
D10,1907-08-11,0,3.8342,NaN,0,NaN,NaN
D10,1908-08-17,0,3.85239,NaN,0,NaN,NaN
D10,1909-08-23,0,5.33776,NaN,0,NaN,NaN
D10,1910-08-29,0,3.14888,NaN,0,NaN,NaN
D10,1911-09-04,0,3.18732,NaN,0,NaN,NaN
D10,1912-09-10,0,3.18548,NaN,0,NaN,NaN
D10,1913-09-16,0,2.93193,NaN,0,NaN,NaN
D10,1914-09-22,0,2.64403,NaN,0,NaN,NaN
D10,1915-09-28,0,2.57523,NaN,0,NaN,NaN
D10,1916-10-04,0,2.53263,NaN,0,NaN,NaN
D10,1917-10-10,0,2.47823,NaN,0,NaN,NaN
D10,1918-10-16,0,2.4319,NaN,0,NaN,NaN
MEW,1837-01-13,0.3072549818,7.07551,6.70621,45816.48677867231,0.16322916307624213,0.14929236412433022
MEW,1838-01-19,0.30126804187999995,7.77267,6.77166,44489.54050853114,0.01783264603811152,0.00931208167886921
MEW,1839-01-25,0.364960713,8.39186,6.81918,53519.73595065682,0.2305261163114387,0.22359056188603166
MEW,1840-01-31,0.40629814888,8.2414,6.91605,58747.138739598464,0.10627974988623423,0.09507503948108176
MEW,1841-02-06,0.45722815268,8.23591,7.03646,64979.85530792472,0.061430208645041784,0.04720616624421359
MEW,1842-02-12,0.43241013504000003,8.27073,7.15211,60459.100187217475,-0.05020915315815033,-0.06144487660926301
MEW,1843-02-18,0.4309600178,8.3373,7.28967,59119.2767025119,-0.012604117973811446,-0.02568749316297758
MEW,1844-02-24,0.47070332296,8.32378,7.42666,63380.21707739415,0.008233912591132597,-0.0063103856910751155
MEW,1845-03-02,0.5433627316,8.45625,7.56366,71838.59819188066,0.09409517599122141,0.08002723845659365
MEW,1846-03-08,0.58201051324,8.39156,7.704930000000001,75537.41737303259,0.006523305917621736,-0.007748084638498298
MEW,1847-03-14,0.70890450488,8.54567,7.84435,90371.35070209768,0.16585852429016001,0.14983614478760154
MEW,1848-03-20,0.70064819188,8.57192,7.99623,87622.31600141567,-0.01805841881006154,-0.03162984049569062
MEW,1849-03-26,0.8075719688399999,8.53466,8.13412,99282.032824694,0.12551143650302232,0.11069373189221854
MEW,1850-04-01,0.90099602892,8.4546,8.23527,109406.98106073025,0.1253942064510143,0.11278955075727692
MEW,1851-04-07,0.91855400988,8.33001,8.32267,110367.70770437852,0.0649286242303595,0.05629821358957776
MEW,1852-04-13,1.05101433424,8.14057,8.34264,125981.0245006377,0.1387943540303893,0.1353266592845328
MEW,1853-04-19,1.17868782668,8.08891,8.28718,142230.26731409237,0.08154559693145602,0.08685474285881667
MEW,1854-04-25,1.1920525869199998,7.96582,8.17918,145742.30997728376,0.008721069843363072,0.018405270019470565
MEW,1855-05-01,1.32276802216,7.46542,8.07579,163794.25692842435,0.1261249336214907,0.1353156178087731
MEW,1856-05-07,1.19197662636,7.57837,7.99768,149040.2999819948,-0.11548755412183853,-0.10796753866223252
MEW,1857-05-13,1.245819588,7.58885,7.949590000000001,156714.94856967466,0.018262841748601044,0.021401537697820938
MEW,1858-05-19,1.38418362004,7.77114,7.952500000000001,174056.4124539453,0.1320386389925221,0.13139506485454144
MEW,1859-05-25,1.39418830772,7.64292,7.98404,174621.90917380172,0.00412329861637617,0.0018576906612313149
MEW,1860-05-31,1.39645537928,7.73546,8.01929,174137.0344855966,0.006507189963515403,0.00279479291491902
MEW,1861-06-06,1.4423406399999998,7.90607,8.06091,178930.24981050525,0.017812908842737896,0.013670783853936497
MEW,1862-06-12,1.34959639464,7.79629,8.11006,166410.16153271368,-0.07284754498353252,-0.07669280005019008
MEW,1863-06-18,1.4071006768,7.78704,8.1401,172860.36741563372,0.032462708356180814,0.029726350395100853
MEW,1864-06-24,1.41108095648,7.79189,8.18747,172346.39717519577,-0.0033113135944518035,-0.0075727985444359325
MEW,1865-06-30,1.41567048532,7.83358,8.22294,172161.11090680462,0.0050851774928057925,0.0017150314670726363
MEW,1866-07-06,1.47427524088,7.98409,8.26954,178277.78097451612,0.02198904740477614,0.017636776583740188
MEW,1867-07-12,1.51682492416,8.10592,8.22362,184447.35094277214,0.018710929001595655,0.024887258135970036
MEW,1868-07-18,1.47860962704,9.08173,8.21726,179939.49650370074,-0.014379824362744431,-0.01301424498070669
MEW,1869-07-24,1.5880388732,9.07533,8.26502,192139.7495952823,0.07078009579069144,0.06638905260656669
MEW,1870-07-30,1.61459837968,9.48077,8.36129,193103.9803283943,0.02549105728021983,0.017139505561221346
MEW,1871-08-05,1.58187340376,9.49804,8.45042,187194.64875828658,0.008344296554639419,-0.00012912980482737701
MEW,1872-08-11,1.6373526062400001,9.45406,8.51288,192338.26933305772,0.04605661722481491,0.04017520116410833
MEW,1873-08-17,1.7042901111600002,9.25107,8.60227,198120.97401732331,0.02648218905028399,0.018850963490711914
MEW,1874-08-23,1.7084215044,9.14934,8.6881,196639.2541982712,0.0108839631818054,0.003111319023652692
MEW,1875-08-29,1.74821226112,9.12908,8.71047,200702.40309879946,0.022136524627632825,0.022238585774185582
MEW,1876-09-04,1.71676534172,9.35157,8.79373,195226.06922432233,0.0019665037446341405,-0.005462884730868756
MEW,1877-09-10,1.73369009216,9.47715,8.88019,195231.19349473377,0.008329533837176717,0.0007735603810479219
MEW,1878-09-16,1.5333323252000002,9.57012,8.9677,170983.9005765135,-0.08149205487643962,-0.08795095450603119
MEW,1879-09-22,1.70284664992,9.62992,9.05331,188091.05729506668,0.10449885242336876,0.09631251783655936
MEW,1880-09-28,1.73652041368,9.67844,9.13936,190004.59700460426,0.013079780249736883,0.005573750313621506
MEW,1881-10-04,1.74834799152,9.6398,9.23185,189382.19224965744,0.003981142839644347,-0.0030515036773196558
MEW,1882-10-10,1.72656491904,9.74861,9.31755,185302.4581612119,-0.012490834565396569,-0.019563768121789726
MEW,1883-10-16,1.69175584552,9.75331,9.40387,179899.96092247128,-0.017326437904408132,-0.024354823274227333
MEW,1884-10-22,1.6948498372,9.70869,9.49465,178505.7729563491,-0.007053844839924217,-0.013906923131144722
MEW,1885-10-28,1.6866111501199998,9.57613,9.54761,176652.70681563238,0.0008462748194226766,-0.004969752240502112
MEW,1886-11-03,1.6998159235199999,9.67687,9.49148,179088.60615204374,0.011062453830631203,0.01580108929593238
MEW,1887-11-09,1.70480881324,9.55071,9.54186,178666.29915341455,0.014471865326679989,0.010452301876640258
MEW,1888-11-15,1.70695759884,9.54467,9.62837,177284.1715513633,0.010941157739970953,0.004138625095323034
MEW,1889-11-21,1.7293515044,9.52776,9.72989,177735.9769123803,0.022257465874041094,0.014529520696991316
MEW,1890-11-27,1.7388890220000002,9.50589,9.82454,176994.44676290188,-0.0012197105669687902,-0.00868563161752367
MEW,1891-12-03,1.76216904396,9.72532,9.91441,177738.16535325852,0.009741712233420685,0.0026121100198026603
MEW,1892-12-09,1.76001064044,9.64757,10.01894,175668.34819252335,-0.0023226148537009994,-0.009813361742986304
MEW,1893-12-15,1.75203584764,9.55945,10.09489,173556.70518846664,-0.00696857134868234,-0.012441017340726446
MEW,1894-12-21,1.68123143968,9.94349,8.9016,188868.45507324528,-0.07803478813610609,0.047190439304983345
MEW,1895-12-27,1.92558805712,9.34421,10.13461,190001.1995646601,0.01292622795785392,0.002685581744569454
MEW,1897-01-02,1.95205860096,9.44984,10.16557,192026.4777046442,0.08463969775780833,0.08318633690417832
MEW,1898-01-08,1.73578523404,9.40244,10.24869,169366.5467528045,-0.08989258739086259,-0.09526550137874767
MEW,1899-01-14,1.75064689228,9.38362,10.31223,169764.14337926908,0.013875179336663601,0.00901927922091006
MEW,1900-01-20,1.81176815716,9.39708,10.38202,174510.1778998692,0.030296331798493448,0.024598229696707996
MEW,1901-01-26,1.8058184830400001,9.72835,10.20261,176995.7376632058,0.007408796645353766,0.02407380476728016
MEW,1902-02-01,1.7758652990000001,9.71915,10.1634,174731.418521361,-0.001703654364190843,0.0015674579104942854
MEW,1903-02-07,1.79847492188,9.74937,10.17039,176834.41066468446,0.01922308024702435,0.017347967604242065
MEW,1904-02-13,1.5869818894799999,9.76426,10.08872,157302.60027833065,-0.12509360775802258,-0.1181707172847094
MEW,1905-02-19,1.5540313027200001,9.73854,10.06727,154364.71880857472,-0.02358015697238225,-0.021484889090883752
MEW,1906-02-25,1.51279544416,9.87125,10.12142,149464.7435004179,0.020914226271736558,0.016626368264026636
MEW,1907-03-03,1.48195317088,9.42298,10.14176,146123.8651752753,-0.13466810689814968,-0.048914616438573755
MEW,1908-03-09,1.4632006095199999,9.47767,10.06116,145430.60735740213,-0.0031735699154019636,0.0031447490091576213
MEW,1909-03-15,1.3096529773599999,9.56176,9.7552,134251.78134328357,-0.09598220665176149,-0.07302960336511588
MEW,1910-03-21,1.35103995832,9.80984,9.52257,141877.6610011793,0.02169093260413857,0.04011586846150306
MEW,1911-03-27,1.3046177508,9.97774,9.2641,140825.09372739933,-0.03853083730564166,-0.01874936143459771
MEW,1912-04-02,1.2579040448,10.02814,9.2884,135427.41966323587,-0.03196249290652842,-0.0346055377075728
MEW,1913-04-08,1.3251226664,10.16511,9.09999,145618.0354483906,0.05717647445316021,0.07376859987950057
MEW,1914-04-14,1.34649737404,10.39296,8.7999,153012.80401368198,0.022563970009274348,0.045769289525961376
MEW,1915-04-20,1.3448874857600002,10.5952,8.64169,155627.8327225346,0.01306459097258128,0.025981076643948553
MEW,1916-04-26,1.31298424972,10.69059,8.48414,154757.4945392226,-0.0047220065764367325,0.006052905786152918
MEW,1917-05-02,1.30303444388,10.77356,8.4468,154263.6790121703,-0.04946768735707019,-0.046050255338630164
MEW,1918-05-08,1.16117327144,10.41499,8.56639,135549.8957483841,-0.12289242696833658,-0.1323127119469315
KOT,1837-01-13,0.056566557840000004,7.59226,3.2486100000000007,17412.541930240932,0,0
KOT,1838-01-19,0.0589303546,8.48785,3.29914,17862.338245724644,0.07758380382628038,0.06389268105768187
KOT,1839-01-25,0.05834150868,8.62584,3.3349199999999994,17494.125400309455,0.023937071814363886,0.01606166272192322
KOT,1840-01-31,0.06446421956,8.59825,3.3882099999999995,19026.04016870265,0.08533623854065175,0.0721409796883199
KOT,1841-02-06,0.07128757012,7.79536,3.44895,20669.354475999942,0.0566847631001588,0.04224036900979078
KOT,1842-02-12,0.07025454228,7.76493,3.5130299999999997,19998.275642394172,-0.01708849853465333,-0.029808485725913658
KOT,1843-02-18,0.07516698072000001,7.77079,3.5765200000000004,21016.793061411652,0.055606474471822764,0.041160263423745125
KOT,1844-02-24,0.07772280724,7.76376,3.6422500000000007,21339.229113871916,0.010097378944192936,-0.0040086201442347535
KOT,1845-03-02,0.08014144216,7.75276,3.71363,21580.35188212073,0.019422560609208217,0.005090120470943926
KOT,1846-03-08,0.0825364306,7.79877,3.7818,21824.641863662808,0.043503857835464066,0.028899595735146777
KOT,1847-03-14,0.08305838996,7.79542,3.85594,21540.37406183706,-0.0002884363198063511,-0.014254896761865643
KOT,1848-03-20,0.08797503883999999,7.74854,3.9830399999999995,22087.410329798346,0.029813244147953277,0.009936932235842688
KOT,1849-03-26,0.0860320344,7.55595,4.27035,20146.366082405428,-0.017590005731836444,-0.056695292197329716
KOT,1850-04-01,0.11444378243999999,7.46549,4.81381,23774.054738346545,0.29818595432066286,0.1879413377341992
KOT,1851-04-07,0.18914425036000002,7.36144,5.10361,37060.87462795943,0.8094166867777453,0.7316671026778627
KOT,1852-04-13,0.22073479948,7.53441,5.62422,39247.18440601541,0.06815478935129704,-0.014649524582373341
KOT,1853-04-19,0.24173963631999998,7.65139,6.046490000000001,39980.159781956136,0.04053868963365903,-0.01709226355698301
KOT,1854-04-25,0.33469328828,7.98759,6.39226,52359.14813853003,0.2429421834102059,0.1973158019057879
KOT,1855-05-01,0.35704513988,7.99685,6.72108,53123.17959018491,0.05147495950085301,0.012788408134152496
KOT,1856-05-07,0.35679696312,7.83023,6.91653,51586.12239374368,-0.0077591535827944424,-0.031402200625485155
KOT,1857-05-13,0.412363601,7.77075,7.02799,58674.47179065423,0.1664546505102229,0.15297856332298498
KOT,1858-05-19,0.47889716992000003,7.70787,7.104890000000001,67403.88238523045,0.13615868901952366,0.1272789749738561
KOT,1859-05-25,0.69211752272,6.96065,7.13934,96944.18849921702,0.31390240591283924,0.3088361773789907
KOT,1860-05-31,0.73932288664,6.79366,7.1627,103218.46323872283,0.07968739856621454,0.07687829366375509
KOT,1861-06-06,0.81737286436,6.34007,7.15467,114243.26549791954,0.04773465063530935,0.04892268919355591
KOT,1862-06-12,0.8340063654000001,7.0849,7.14336,116752.67176790754,-0.013442878368448818,-0.012695452719603262
KOT,1863-06-18,0.86628206496,7.52677,7.15169,121129.70010724736,0.027451358923716196,0.026621218697289617
KOT,1864-06-24,0.8720583747199999,6.85033,7.15973,121800.45542499507,0.0030742443251832174,0.0025039098210806188
KOT,1865-06-30,0.9343274943600001,6.99634,7.16097,130474.99072890963,0.04115928614438236,0.04059976035633017
KOT,1866-07-06,0.96355473968,7.09098,7.188389999999999,134043.19182459495,0.032522226012701605,0.029807551987145686
KOT,1867-07-12,0.99014858072,7.22554,7.19045,137703.2843173932,0.024337895741122217,0.02364508777226515
KOT,1868-07-18,1.05839872476,8.12861,7.229699999999999,146395.93963234988,0.046393550913435444,0.04220470615878691
KOT,1869-07-24,0.91340820012,7.98194,7.27732,125514.36519487944,-0.13374485317645224,-0.1377823329386315
KOT,1870-07-30,0.92157277108,7.9467,7.31205,126034.80160556888,0.016586730125592197,0.012930544787802978
KOT,1871-08-05,0.9240732228,8.01445,7.35173,125694.66272564417,0.0034954033123557604,-0.000763349197539287
KOT,1872-08-11,0.9457363765200001,8.27196,7.38684,128029.89864678266,0.05450693765730397,0.0507710684735565
KOT,1873-08-17,0.98916199564,8.46122,7.43234,133088.90546449705,0.030581594168381132,0.025501029736235248
KOT,1874-08-23,0.97636051136,8.43425,7.48359,130466.86301093458,-0.0003484552355824677,-0.005480260392112135
KOT,1875-08-29,0.96355603812,8.03874,7.46962,128996.66089037998,-0.1437519641149705,-0.04359615514019166
KOT,1876-09-04,1.02264021964,8.42854,7.510820000000001,136155.60213665085,0.03546036603760894,0.03087832067790619
KOT,1877-09-10,1.02002155424,8.46901,7.56034,134917.41829600255,-0.012185455737677042,-0.017082884646672403
KOT,1878-09-16,0.98629730784,8.46725,7.60269,129730.0439502334,-0.009174324275701862,-0.013547838100676057
KOT,1879-09-22,1.01032024028,8.50159,7.65332,132010.71434096576,-0.009164190657794502,-0.01370829141486496
KOT,1880-09-28,1.14504256516,8.67932,7.70452,148619.58501762603,0.07875827433529303,0.07324858459634376
KOT,1881-10-04,1.15787542936,9.18069,7.763180000000001,149149.63061013655,-0.057725342935405766,-0.06336249763375323
KOT,1882-10-10,0.97876364352,9.30105,7.83102,124985.46083651939,0.12794317871372884,0.1209454900909066
KOT,1883-10-16,1.1082827236,9.59537,7.901950000000001,140254.33261410156,0.19564418433711928,0.18744091991550071
KOT,1884-10-22,1.2732933418399999,9.77119,7.97786,159603.3700566317,-0.007826227314368217,-0.014866570173756699
KOT,1885-10-28,1.20889558712,9.83046,8.05245,150127.67382846214,-0.09638930559283587,-0.1027357663114149
KOT,1886-11-03,1.3003675152,9.95532,8.12967,159953.2964068652,0.02438874164690641,0.01698393993996472
KOT,1887-11-09,1.0910112683600002,9.97158,8.21017,132885.34443988372,0.09987807711795349,0.0917940459004356
KOT,1888-11-15,1.0314230784,9.90673,8.2759,124629.71742046182,-0.038322603313135084,-0.043929891307675106
KOT,1889-11-21,1.3269681958000001,10.26758,8.34932,158931.28970982067,0.26928931345275076,0.2603791831225992
KOT,1890-11-27,1.36765579184,10.2328,8.43006,162235.5940337317,0.07667015099893826,0.06917758799413054
KOT,1891-12-03,1.07639504648,9.97445,8.49623,126690.90249204647,-0.20285062479623572,-0.20757911005084229
KOT,1892-12-09,0.67103939084,9.68733,5.70337,117656.64700694503,-0.03201145930662863,0.01634866603966012
KOT,1893-12-15,1.00095009092,9.24634,8.55333,117024.60806726736,0.4726506260499752,-0.017770560582868078
KOT,1894-12-21,1.2134971810000001,8.99847,8.58121,141413.29497821402,0.0911356762040143,0.0883060338400754
KOT,1895-12-27,1.3783159140399999,9.3522,8.61199,160046.15820965884,0.06782869232909206,0.06451415472925093
KOT,1897-01-02,1.34738223932,8.93629,8.64598,155839.15754142386,-0.010857722644722845,-0.013331056482792314
KOT,1898-01-08,1.19249231348,8.932,8.67503,137462.61551602703,-0.11685671131216147,-0.11942909090622733
KOT,1899-01-14,1.1629247266,9.01914,8.713579999999999,133461.18663052385,-0.01821818675206377,-0.02110969195007595
KOT,1900-01-20,1.20590933424,9.08028,8.74679,137868.78777700162,0.029531778971459532,0.026574151206923524
KOT,1901-01-26,1.2282434502000001,9.34527,8.72876,140712.24895632372,0.03223566455841653,0.03402348935572319
KOT,1902-02-01,1.19570422296,9.33873,8.7551,136572.30904958252,-0.01230183812498975,-0.014658722496403542
KOT,1903-02-07,1.2109502189199999,9.49193,8.81825,137323.18985286195,0.01653060713502086,0.010975126361683074
KOT,1904-02-13,1.11256106364,9.45785,8.80909,126296.93460277964,-0.08463206981083549,-0.08282066508523178
KOT,1905-02-19,1.1665595162,9.30992,8.82937,132122.6221349881,0.04666603554721083,0.04507384415042126
KOT,1906-02-25,1.22966948936,9.27813,8.85324,138894.85537046325,0.04562570922189191,0.043544316504722014
KOT,1907-03-03,1.2739126322,9.41241,8.86956,143627.48909754262,0.016955145640322966,0.015458016474762415
KOT,1908-03-09,1.25076301688,9.56578,8.80734,142013.70866572653,-0.01136492773069353,-0.006365489456827467
KOT,1909-03-15,0.9303559756399999,8.36442,8.68614,107108.10275220063,-0.25419854290951516,-0.22623486724993347
KOT,1910-03-21,1.03694326684,8.49251,8.64638,119928.02384813066,0.084833228523022,0.0877870083376775
KOT,1911-03-27,1.05552002296,8.73406,8.64374,122113.8098739666,0.01113380088248106,0.011706748261098188
KOT,1912-04-02,1.02220414296,8.67407,8.66041,118031.84179040021,-0.03132937383467982,-0.03316593553178737
KOT,1913-04-08,1.0401314695200001,8.68532,8.48338,122608.14315991975,0.020077734827481875,0.03845206449775551
KOT,1914-04-14,1.17404762644,8.73689,8.35323,140550.13766411316,0.05264329379505961,0.06553327920934215
KOT,1915-04-20,1.17216749104,8.71604,8.20848,142799.57934233866,0.006021090042460431,0.017076404420914626
KOT,1916-04-26,1.12469773728,8.77025,7.97862,140963.94329846514,-0.02698992817888779,-0.007307488731718159
KOT,1917-05-02,1.08120476152,9.17982,7.815480000000001,138341.44051548975,-0.05557992193914563,-0.0397411977986496
KOT,1918-05-08,1.11741593028,9.3739,7.80281,143206.86141018427,0.01840061027273654,0.01950834641528143
JAB,1837-01-20,0.0156721474,6.232,0.47108418616022824,33268.251960955204,0,0
JAB,1838-01-19,0.01356652284,7.07501,0.45896,29559.270611818025,-0.15476808773559791,-0.1558056987826637
JAB,1839-02-01,0.01473928924,7.20878,0.45896,32114.53991633258,0.03851849103901683,0.034403077625025036
JAB,1840-02-14,0.0156747266,6.4706,0.4589599999999999,34152.707425483706,0.19958827594576722,0.18272142790577695
JAB,1841-02-06,0.01575917356,6.41168,0.45896,34336.70376503399,-0.0019460753601594494,-0.0023516533028486997
JAB,1842-02-12,0.01630595564,6.57182,0.45896,35528.05394805648,0.03874057294365296,0.037979790371628575
JAB,1843-02-25,0.0161856552,7.1717,0.45896,35265.938643890535,-0.017825164178535968,-0.01762797416611861
JAB,1844-02-24,0.01620284172,6.54785,0.4593344188985952,35274.60833188077,0.0009623897107908785,0.0015877634268415264
JAB,1845-03-09,0.01637392588,6.55323,0.45896,35676.150165591775,0.007939149954811375,0.007886756317640575
JAB,1846-03-22,0.016214038360000002,7.05937,0.45896,35327.78098309221,-0.003171965313261249,-0.003300358504419232
JAB,1847-03-14,0.01629905836,6.49185,0.4589599999999999,35513.02588460869,0.0063459593479959775,0.006513575973786434
JAB,1848-03-20,0.01634687444,6.57838,0.45896,35617.20943001569,0.0008874342442226624,0.0008445070238338737
JAB,1849-04-02,0.0171144558,5.9266,0.45896,37289.64572075998,0.17478970248019188,0.16315187456375235
JAB,1850-04-01,0.01643887596,6.23364,0.45896000000000003,35817.66594038696,-0.025467209851503747,-0.02070830570367499
JAB,1851-04-14,0.01635544924,6.17121,0.45896,35635.89253965487,-0.0062401845986232996,-0.006151280400350734
JAB,1852-04-27,0.01626036412,5.83342,0.4593931262562839,35395.31436290745,-0.008262390386604257,-0.008299634136716971
JAB,1853-04-19,0.01659367268,6.38105,0.45896,36154.94308872233,0.019764845774282946,0.020116262999013257
JAB,1854-04-25,0.0166142964,5.9105,0.45896,36199.878856545234,0.0011887996162021075,0.0011969697442808513
JAB,1855-05-08,0.01640400268,6.28285,0.45896,35741.682673871364,-0.012756884273558478,-0.012765346860571958
JAB,1856-05-07,0.02103858484,5.69993,0.45896,45839.69156353495,0.18873129717826576,0.2089897503204543
JAB,1857-05-20,0.01671453108,6.69594,0.45896,36418.27409796061,-0.027548790880295604,-0.014914257665406438
JAB,1858-06-02,0.016774052879999998,6.69625,0.45896,36547.96252396723,0.0023315550371594274,0.0024091281068940873
JAB,1859-05-25,0.01650860432,6.68032,0.45896,35969.592818546276,-0.009693222401958801,-0.009457113362733027
JAB,1860-05-31,0.0172161548,6.66398,0.45896,37511.23147986753,0.03664874643318572,0.03694170035421074
JAB,1861-06-13,0.016395829839999997,6.7038,0.45896,35723.875370402646,-0.02414953575819989,-0.023758068722330217
JAB,1862-06-12,0.016777852,6.69415,0.45896000000000003,36556.24019522398,0.020966063085490205,0.020897164709585025
JAB,1863-06-25,0.017312440600000003,6.15768,0.4560877414684649,37958.57469060485,0.10287852882338488,0.09572531863932787
JAB,1864-07-08,0.01679731924,6.66358,0.45896,36598.65617918773,-0.0026216060920912776,-0.002391982402998649
JAB,1865-06-30,0.01692277288,6.65433,0.45896,36871.999477078614,0.00597355661445409,0.0059297263066810935
JAB,1866-07-06,0.017190776720000002,6.60104,0.45896,37455.93672651212,0.024584416313686352,0.024358280408514066
JAB,1867-07-19,0.017048618600000003,6.59167,0.45876821342854784,37161.72590203939,-0.009466698767004011,-0.00951681315985664
JAB,1868-07-18,0.01678738724,6.62771,0.4589599999999999,36577.01594910232,-0.030220273662412978,-0.029310306853171708
JAB,1869-07-31,0.01741473292,6.61803,0.45896000000000003,37943.901255011326,0.034662032204515025,0.0020757249466203387
JAB,1870-08-13,0.017184898639999998,6.60875,0.45896,37443.12933588984,-0.006364865687895405,-0.004923959955377533
JAB,1871-08-05,0.01731113696,6.71176,0.45896,37718.182325257105,0.0015913234908129237,0.001166305969027448
JAB,1872-08-11,0.017704807120000002,6.73619,0.45896,38575.92626808437,-0.07991138889944194,-0.09182435094713015
JAB,1873-08-24,0.017360876,6.70103,0.45896,37826.55569112777,-0.015854060286224603,-0.01587495955272733
JAB,1874-08-23,0.016905648239999998,6.51518,0.4586672846354668,36858.19504967753,-0.024873437112283736,-0.025147160397908985
JAB,1875-09-05,0.016255066880000002,6.54468,0.45896,35417.17552727907,-0.022725190757902136,-0.023775046086349616
JAB,1876-09-18,0.01590425876,6.65082,0.45896,34652.82107373192,-0.01624866431312122,-0.016175859470326293
JAB,1877-09-10,0.01553637904,6.72502,0.45896000000000003,33851.27035035733,-0.013392284386130604,-0.013229074951566555
JAB,1878-09-16,0.01530659728,6.77549,0.47100089290566544,32498.021788391146,-0.030967905363681547,-0.032614809804501044
JAB,1879-09-29,0.015561374920000001,7.27702,0.45896,33905.732351403174,0.02482081659878932,0.024410731218115655
JAB,1880-09-28,0.015442849239999999,7.24778,0.45896836095576,33646.87101272442,-0.008814815833314449,-0.00985037571184677
JAB,1881-10-11,0.02173767596,7.3795,0.45896,47362.8986404044,0.17957440431875615,0.2101355665401241
JAB,1882-10-24,0.01602432676,7.44242,0.45870848150498933,34933.57416768346,-0.0816644316587618,-0.062123791648685756
JAB,1883-10-16,0.0156843934,7.38682,0.45896000000000003,34173.76982743594,-0.0037831579476163,-0.004368716748617052
JAB,1884-10-22,0.01538973488,7.39054,0.45908659314616246,33522.509935506365,-0.01900186574497076,-0.01899781770925779
JAB,1885-11-04,0.01493032164,7.39568,0.45896,32530.768781593168,-0.02310490873947002,-0.02258781054616854
JAB,1886-11-03,0.014880766680000001,8.05887,0.45896,32422.79649642671,-0.014539102044501595,-0.011922068854815504
JAB,1887-11-16,0.016175200600000002,7.98967,0.45896,35243.15975248388,0.09203356975574861,0.09084449483677304
JAB,1888-11-29,0.0153142652,7.83182,0.46365837599238197,33029.19993027715,-0.06025472031132928,-0.06120612248965496
JAB,1889-11-21,0.01491043944,7.92082,0.45896,32487.448666550463,-0.02695635193522372,-0.025493019716875787
JAB,1890-11-27,0.01238034096,8.05946,0.45896,26974.77113473941,-0.19773704374492074,-0.19647798230271796
JAB,1891-12-10,0.01313153088,8.17106,0.4518,29064.92005312085,0.023492156639121076,0.030364173889601
JAB,1892-12-09,0.01295986432,8.49691,0.45180000000000003,28684.958654271803,-0.01801923771087688,-0.022438975332197297
JAB,1893-12-22,0.011160724120000002,9.04879,0.4518,24702.797963700756,-0.12026557601955201,-0.11860310067747004
JAB,1895-01-04,0.010231589679999998,9.27526,0.45180000000000003,22646.280832226646,-0.044686236617644814,-0.04468774132724951
JAB,1895-12-27,0.0092090492,9.39285,0.4517999999999999,20383.021691013724,-0.069161231639709,-0.06870070617156698
JAB,1897-01-02,0.0092074918,9.41601,0.4518,20379.574590526783,0.016675005166158163,0.018307059453439356
JAB,1898-01-15,0.00830103144,9.62568,0.4518,18373.243559096947,-0.07436517913596807,-0.07391901666544554
JAB,1899-01-14,0.00754641004,8.9273,0.4517999999999999,16702.988136343516,-0.06485967357261946,-0.06422614547937111
JAB,1900-01-27,0.00654448392,9.2089,0.4469335188407072,14643.0814519699,-0.06074653032361221,-0.0652743721676371
JAB,1901-02-09,0.00580124948,8.69045,0.4518,12840.30429393537,-0.09797207085718018,-0.0993288141927936
JAB,1902-02-01,0.0054117954799999994,10.60311,0.4518,11978.298981850376,-0.03337168732822238,-0.033516129388189486
CHL,1838-05-04,0.676632216,9.20164,9.79813,69057.28093013667,0.019263319999935913,0.017944004060457486
CHL,1839-05-17,0.67347241156,9.59372,10.302169934607084,65371.898914001526,-0.026632333266011443,-0.05089771198555004
CHL,1840-05-16,0.7111637077999999,9.19709,10.02948,70907.33595360877,0.0425316682609318,0.04279826193483727
CHL,1841-05-29,0.74480087656,9.36197,10.504023558733772,70906.24582050952,0.052632379079046165,0.026725604101637268
CHL,1842-06-11,0.85209068932,8.80065,10.33559,82442.38493593496,0.10449987896020807,0.1071161688689366
CHL,1843-06-03,0.91289972696,9.7888,10.74686,84945.71688474587,-0.02209918033298841,-0.0564156572403135
CHL,1844-06-09,0.84202570296,9.52732,11.74335,71702.3424286937,0.0068735459090432105,-0.03753441406889768
CHL,1845-06-22,0.9520708397200001,8.67989,11.980610691655336,79467.63852222748,0.07332641112684857,0.0648975825611382
CHL,1846-06-21,0.8783221262400001,9.32686,11.979160000000002,73320.84438641774,-0.06984856440349085,-0.09149037272376126
CHL,1847-07-04,0.8662657463200001,9.46918,12.22907,70836.60051990871,-0.011209066059870931,-0.018399837283505804
CHL,1848-07-17,0.8833385298399999,9.49849,12.22907,72232.68243946596,0.01449472390114015,0.015245737348064337
CHL,1849-07-09,0.8245141543600001,9.40213,12.49701,65976.91402663518,-0.06176610330321619,-0.08195707919943285
CHL,1850-07-15,0.91920029916,9.03303,12.497009999999998,73553.61795821562,0.057719705040130354,0.06858640526042437
CHL,1851-07-28,0.90886203564,9.37481,12.816919999999998,70911.11090964133,-0.0005160953123004575,-0.025023423025323455
CHL,1852-07-27,0.9328464470000001,8.73219,13.240976202251233,70451.48580822896,0.07410906326955269,0.062052745463588854
CHL,1853-08-09,0.9591718286800001,9.18897,14.02386,68395.70764967705,0.08288962327527316,0.049824150712568294
CHL,1854-08-22,1.15093264052,9.77291,16.01254,71876.9564678683,0.10098454327681172,-0.039105619869244324
CHL,1855-08-14,1.04663877396,10.36324,16.35043,64012.92039169613,-0.06776298104062994,-0.08963627105550176
CHL,1856-08-20,1.1345179872000002,9.90009,16.2502067299622,69815.60333679762,0.07207002834000198,0.05680351280084839
CHL,1857-09-02,1.3794496924000001,9.90639,16.93899,81436.3602788596,0.17885146004164576,0.1547736938500328
CHL,1858-09-01,1.4961522731999999,9.95665,17.30982,86433.72797637411,0.028310359764296855,0.02260474214427388
CHL,1859-09-14,1.5218394921599998,9.60527,18.58392,81890.12286751127,0.026509895850129084,-0.033136710279887294
CHL,1860-09-27,1.6475293203199999,9.09935,18.532451683482062,88899.69597430219,0.101719109292711,0.08503596148137138
CHL,1861-09-19,1.60943926,9.2074,19.06962,84398.07715098675,-0.02657848905311433,-0.04099583340684976
CHL,1862-09-25,1.6591396614,9.65274,19.63944,84479.98829905537,-0.008522166451251478,-0.01565350949549371
CHL,1863-10-08,1.92102521936,9.85886,19.90071,96530.48656856966,0.1415492811776129,0.12830694800527853
CHL,1864-10-07,2.02009179424,10.10993,20.32475,99390.73268994698,0.02861821260136277,0.01897553985772693
CHL,1865-10-20,2.12719057564,10.0851,20.65205,103001.42482901213,0.0076786498045446905,0.0006917105696770953
CHL,1866-11-02,2.49740675392,10.46403,21.08188,118462.24121947378,0.08120547617612317,0.061712655857156795
CHL,1867-10-25,2.75570267232,10.51498,24.35934,113127.14844983484,0.0684343677758974,-0.00017348586275911515
CHL,1868-10-31,3.05141228288,10.83396,25.41519,120062.54066485436,0.08353146193502092,0.038882714775710925
CHL,1869-11-13,3.40348604128,11.1394,25.86097,131607.05268518545,0.06070798952995338,0.03914808963136651
CHL,1870-11-12,3.79158025948,11.23587,26.26186,144375.92232537986,0.07464599255702109,0.04330934764496086
CHL,1871-11-25,3.84334686892,11.48005,26.977519011418615,142464.8006843494,0.008762125657556519,-0.005505345518815208
CHL,1872-12-08,3.9889029710400004,11.55141,27.6647,144187.4652911472,0.02390106147154447,0.014969027692681491
CHL,1873-11-30,4.16861177512,11.58488,27.93384,149231.60493222557,0.0349563324502804,0.024055753403769753
CHL,1874-12-06,4.52822591156,11.96466,27.93384,162105.38585314443,0.07416645287300905,0.07451553232081265
CHL,1875-12-19,4.548618027200001,11.80719,33.234078346483095,136866.0800452541,0.004534334737368084,-0.16398456366555036
DEN,1874-01-04,4.8821219631599995,8.80337,15.678288145416456,311393.8153118641,0.03196390893618606,0.0340044740005081
DEN,1875-01-17,5.3651083512,8.88743,15.4795,346594.4217319681,0.08156798395582188,0.0806105387085072
DEN,1876-01-16,5.37524636168,9.19513,15.4795,347249.3531238089,0.005931628664444855,0.005538977072740758
DEN,1877-01-29,5.5762636389199995,9.55957,15.4795,360235.3847940825,0.02910376572270934,0.02994070848836272
DEN,1878-02-11,5.6206827419600005,9.60186,15.44387751869148,363942.45778998034,-0.00011717439680369868,-0.0004093166277558957
DEN,1879-02-03,5.340415002,8.97553,15.479499999999998,344999.19260958047,-0.0875675262529334,-0.08868610295280921
DEN,1880-02-09,4.73540191436,8.8938,15.4795,305914.3973875125,-0.06589959354873287,-0.0679702191788707
DEN,1881-02-22,4.2376532416399995,9.04541,15.479499999999998,273759.05175490165,-0.04119635585168746,-0.03934822812381622
DEN,1882-02-21,2.7989501581600003,8.10264,15.4795,180816.57405988566,-0.2901994369319155,-0.28940001048902875
DEN,1883-03-06,2.89606892224,8.58102,15.4795,187090.5986782519,0.017379036664620484,0.02016588584775092
DEN,1884-03-19,3.03713481188,8.31838,15.4795,196203.6765967893,0.052433755841645446,0.05224076771709507
DEN,1885-03-11,3.1803932643599997,9.20054,15.4795,205458.39751671566,0.04389742966705712,0.045237462473338486
DEN,1886-03-17,1.7479850648000002,9.79123,15.4795,112922.57920475469,-0.4676126749346472,-0.4756312647286245
DEN,1887-03-30,3.11402833612,10.20255,15.4795,201171.118971543,0.26221563084198674,0.2842784681072881
DEN,1888-03-29,3.2909306222000003,11.58356,15.4795,212599.28435672988,0.059465489423008,0.06125341317661115
DEN,1889-04-11,3.33112554996,11.9499,15.677623604474125,212476.43354630316,-0.009800170896271498,-0.01049505989459698
DEN,1890-04-24,3.20567477204,12.48612,15.4795,207091.6226002132,-0.07705077153784057,-0.07520094572371139
DEN,1891-04-16,3.0616953686799997,12.55427,15.4795,197790.32712167705,-0.023307786311876466,-0.022959909084390273
DEN,1892-04-22,3.37138259016,12.6052,15.479500000000002,217796.6077819051,0.070686042999909,0.07170276716067758
DEN,1893-05-05,3.26370674812,12.65221,15.141666053805258,215544.75818727998,-0.028230589536859974,-0.026988417072131843
DEN,1894-05-04,3.32806102876,12.46523,15.4795,214997.9669084919,0.030017201607767552,0.05453710268530365
DEN,1895-05-17,3.80691856896,13.11928,15.4795,245932.9157246681,-0.0419202179232977,-0.02447061931701522
DEN,1896-05-30,4.0335819472,12.84197,15.4795,260575.72577925643,0.03756212311726048,0.045029814516741595
DEN,1897-05-22,3.81335859476,13.60057,15.4795,246348.95150101747,-0.016626713000327142,-0.015686557323511763
DEN,1898-05-28,3.66497665196,13.56425,15.479499999999998,236763.24506347105,-0.10383919519314999,-0.09689948415400151
DEN,1899-06-10,3.05589042356,13.28719,15.4795,197415.31855421688,-0.09443856041922405,-0.09001294303840768
DEN,1900-06-09,3.02391228724,12.94721,14.793187176788578,204412.49415032784,0.0013956409753368426,-0.002330529416511684
DEN,1901-06-22,1.22214562496,9.21743,15.479499999999998,78952.52591879583,-0.6225248600283813,-0.6204950004518254
DEN,1902-07-05,0.67699107788,9.40423,15.4795,43734.68638392713,-0.3309185211800295,-0.31998649900730647
DEN,1903-06-27,0.57940310584,9.613,15.4795,37430.35019477373,-0.06801165844744472,-0.06568386248109981
DEN,1904-07-03,0.6246568952,10.75197,15.348958424998255,40697.02177202106,0.045078411351982206,0.04360638912181147
DEN,1905-07-16,0.49347936144,9.95864,15.4795,31879.541421880553,-0.2181772679534545,-0.21573620072662747
DEN,1906-07-15,0.51920622832,10.46724,15.496312835715958,33505.14627733454,0.03136970222106017,0.03071253764251236
DEN,1907-07-28,0.54685025252,10.5376,10.63894,51400.821183313376,0.050519486886206666,0.2403181180482945
DEN,1908-08-10,1.9452015658400001,12.19276,10.469445891488874,185797.9482392043,2.091483747863353,1.9157990404143272
DEN,1909-08-02,2.31066340388,12.25685,10.63894,217189.25042156456,0.11721808836638381,0.11490748015107277
DEN,1910-08-08,2.38319200132,12.02672,12.657889523957758,188277.20030336024,-0.0029711740660819386,-0.10650024178469664
DEN,1911-08-21,2.85673778364,12.12212,11.80115,242072.8304987226,0.09554214411833262,0.09061790432508876
DEN,1912-08-20,1.0018904116,8.69972,11.80115,84897.69315702283,-0.46671724236631995,-0.5109650440904803
DEN,1913-09-02,2.6260460397600003,10.0053,11.80115,222524.587837626,1.2828219573480428,1.3191072391546101
DEN,1914-09-15,3.34569361932,12.132,13.722584768907454,243809.28780273607,0.15801286983010754,0.02093645752086548
UNL,1864-06-17,7.750274029160001,12.38144,46.18079,167824.63074278287,0.011623401759219831,0.013291574597515066
UNL,1865-06-30,8.06129661948,12.36928,46.18079000000001,174559.52181588922,0.0400555559247977,0.039564068863452206
UNL,1866-06-29,8.65946854448,12.40453,46.18079,187512.35187791285,0.03645500437874993,0.03522116398653852
UNL,1867-07-12,9.02511162488,12.38806,46.18079,195429.9964309835,0.04752202559861618,0.049771117873806725
UNL,1868-07-25,9.361156229359999,12.9626,46.18079,202706.7148344582,0.0011093087359064224,0.001974229349810175
UNL,1869-07-17,10.05906464524,13.17461,46.18079,217819.24140405565,0.03401118925520952,0.03205865375061068
UNL,1870-07-23,10.55777470228,13.24847,46.18079,228618.32165019264,0.03781234894606178,0.0370302711074999
UNL,1871-08-05,11.648515084960001,13.72072,46.18079,252237.2416097689,0.06654138442990032,0.06644349128851035
UNL,1872-08-04,11.68399951316,14.63588,46.18079,253005.62231958352,0.0041646471209748626,-0.0008716074558416942
UNL,1873-08-17,11.7261949142,14.51753,45.277425271220984,258985.4622686186,0.018331950664684626,0.019014207402217265
UNL,1874-08-30,12.35608845172,14.57467,46.180789999999995,267559.05327128444,0.061886290082252104,0.05796449342831567
UNL,1875-08-22,13.16703230284,14.61798,46.18079,285119.2520275205,0.04416589139642313,0.04302177699092469
UNL,1876-08-28,13.31870865364,14.74562,46.18079,288403.6555814658,0.009381643281483942,0.009179987221656027
UNL,1877-09-10,14.0494374072,15.01987,46.039647302876034,305159.5359706926,0.03402237070317127,0.031503851540954475
UNL,1878-09-09,14.42327096704,15.06787,46.18079,312321.8759800341,0.0303939737911616,0.025355426880608878
UNL,1879-09-22,14.66608988208,14.7146,48.135750543833545,304681.85738009244,0.08024624044601358,0.09953781747767598
UNL,1880-10-05,14.57707775992,14.89011,46.18079,315652.41218090896,-0.0162669646045408,-0.014630743352648468
UNL,1881-09-27,13.6828345654,14.67864,46.18079,296288.4473262584,-0.005856010624964436,-0.006424284018918147
UNL,1882-10-03,16.11046853728,14.41758,46.18079,348856.495033541,0.16210288460131594,0.16414163086139344
UNL,1883-10-16,16.43105894872,14.38543,46.18079,355798.5679482746,0.012935239114637787,0.015396552091766713
UNL,1884-10-15,16.08126146588,14.82719,46.18079,348224.0443673657,-0.025895512239915264,-0.0309857745370532
UNL,1885-10-28,16.9616624008,15.03518,46.18079,367288.26858094026,0.050558795097102704,0.05020050334726833
UNL,1886-11-10,17.91285691884,15.25704,46.18079,387885.4588420856,0.05362779585011168,0.05123791972104974
UNL,1887-11-02,18.34124782516,15.36127,46.18079,397161.84641189553,0.029392248747258876,0.02949201208420016
UNL,1888-11-08,20.76684152868,15.58938,46.18079,449685.7140962725,0.08179394099889259,0.08124228991982596
UNL,1889-11-21,21.8252670688,15.90071,46.18079,472604.887634014,0.042536223123037065,0.03944420420224004
UNL,1890-11-20,22.05372435136,16.48599,47.17108479950294,467526.33408999717,-0.010802003353813205,-0.005899931752267995
UNL,1891-12-03,23.46329850124,16.42575,46.18079,508074.8618904094,0.06971874374465914,0.07022933903815365
UNL,1892-12-16,23.463118011840002,16.34073,47.13874535764452,497745.9165241651,-0.003827730334016066,0.0016359306574103005
UNL,1893-12-08,22.519409713840002,16.42114,80.49381,279765.7324686209,-0.028361817790790722,-0.44185364624780665
UNL,1894-12-14,23.68219749948,16.23962,81.02078855933362,292297.7907347435,0.040717973265785634,0.034011524806046634
UNL,1895-12-27,24.1705170902,16.12524,83.35466,289971.9954493246,0.009505965073409284,-0.004163930444081476
UNL,1896-12-26,23.6861056692,16.08543,83.35466,284160.5456635538,-0.026306703502303685,-0.020180921025948373
UNL,1898-01-08,23.97843851364,16.15767,83.35466,287667.6422606727,0.025483144125399315,0.02440031876209603
UNL,1899-01-21,24.873622610720002,16.05384,88.28998900748559,281726.4209718172,0.029281924947293092,-0.035650459568160264
UNL,1900-01-13,25.14551731692,15.91358,90.41583,278109.6774416604,0.0035417547633438407,-0.007831192324684433
LAH,1837-01-13,0.04806789832,6.37737,0.71955,66802.72158988257,0,0
LAH,1838-01-19,0.047547060599999996,5.83101,0.69741,68176.62580117864,-0.002303653178106768,0.024302734092458422
LAH,1839-01-25,0.045074744,6.06184,0.67074,67201.5147449086,-0.04267526853981529,-0.0005905650140733965
LAH,1840-01-31,0.04814693624,4.66463,0.66496,72405.76311357075,-0.00022923306608546579,0.004859872649232599
LAH,1841-02-06,0.04377741004,4.58842,0.62376,70183.09933307683,-0.05932512999754069,-0.016570075155707742
LAH,1842-02-12,0.028057456440000003,3.23156,0.5799,48383.2668391102,-0.3999776080905162,-0.360053234060707
LAH,1843-02-18,0.0249112032,3.45501,0.51572,48303.73691150237,-0.10310999850228075,-0.021147761424103906
LAH,1844-02-24,0.02154737312,3.87905,0.47130000000000005,45719.01786547846,-0.09882192484989316,-0.019533594495260487
LAH,1845-03-02,0.01847240408,3.96691,0.44135,41854.319882179676,-0.10700661028322878,-0.06212339697564928
LAH,1846-03-08,0.0116615356,4.66307,0.40634,28698.960476448294,-0.3076249321103298,-0.25937070781138527
LAH,1847-03-14,0.01309806732,5.87157,0.44537,29409.406381211127,0.14455221292139142,0.029510529281202347
LAH,1848-03-20,0.012881835719999998,4.00565,0.43587,29554.306834606647,-0.015171662930060115,-0.005051199978015619
LAH,1849-03-26,0.013290685719999999,4.38788,0.43353,30656.89968398957,0.013649054840746189,0.028039834676785613
LAH,1850-04-01,0.01268773688,4.40432,0.42038,30181.59018031305,-0.03210837995569815,-0.009209899319572279
LAH,1851-04-07,0.01437977788,4.81084,0.42073,34178.161481234994,0.038971436377977176,0.050189439246724366
LAH,1852-04-13,0.0192519704,4.31864,0.36787,52333.624378177075,-0.027159168894799968,0.1257131597289871
LAH,1853-04-19,0.026019383519999998,5.62156,0.44692,58219.33124496554,0.14581986067512087,0.04822128765398381
LAH,1854-04-25,0.02630316676,6.4213,0.44388,59257.38208524827,-0.0004307157365057712,0.016417028303778336
LAH,1855-05-01,0.02508960012,7.11445,0.4822,52031.52243882206,-0.07095491078892024,-0.11224245024688839
LAH,1856-05-07,0.02288660192,7.46092,0.4735,48334.95653643084,-0.06413779372796302,-0.06083227910706002
LAH,1857-05-13,0.023012981159999998,7.64603,0.4797600000000001,47967.69459729864,-0.000058617637631375175,0.007861360569869857
LAH,1858-05-19,0.0219367278,7.86811,0.47247,46429.88507206807,-0.0408989342669378,-0.028064731076125615
LAH,1859-05-25,0.02069879656,7.92394,0.45255,45738.14287923986,-0.03428534783449255,-0.003002133437421395
LAH,1860-05-31,0.02010630648,8.05248,0.43946,45752.301642925406,-0.03033666197516738,-0.008860639529503445
LAH,1861-06-06,0.01914429868,8.2978,0.43032,44488.51710355085,-0.03571577321091679,-0.02009052448547133
LAH,1862-06-12,0.0199027712,8.66624,0.42172,47194.278668310726,0.016652784221611094,0.03092431985329913
LAH,1863-06-18,0.02022357064,8.65564,0.42298,47812.12028937539,0.008294390536860208,0.00016639158649378594
LAH,1864-06-24,0.0204833174,8.61638,0.4138,49500.52537457709,0.012031994678403324,0.029167554966909703
LAH,1865-06-30,0.01977739088,8.30886,0.41596,47546.37676699682,-0.03372742087913971,-0.04407670672155384
LAH,1866-07-06,0.01981551156,9.02107,0.40132,49375.83863251271,-0.012437548294822243,0.015935810906840597
LAH,1867-07-12,0.02042816412,8.70035,0.40511,50426.215398286884,0.022301661755777635,0.025377901536091096
LAH,1868-07-18,0.02036830328,8.54304,0.39771,51213.958110180785,-0.004036981354802349,0.010068848670044206
LAH,1869-07-24,0.020354964240000002,8.49116,0.39915,50995.77662532883,-0.019400263259959583,-0.02370307979647479
LAH,1870-07-30,0.02001753572,8.51006,0.39068,51237.677178253296,-0.02670556888123221,-0.011283654405402577
LAH,1871-08-05,0.02003024816,8.11181,0.39508,50699.22081603726,0.00579895768524219,-0.00800386517680085
LAH,1872-08-11,0.01897656124,7.92057,0.38746,48976.82661436019,-0.046966920698992776,-0.032623493741331444
LAH,1873-08-17,0.01716709748,8.45087,0.38073,45089.95214456439,-0.02558064687768058,-0.014585843139025112
LAH,1874-08-23,0.017416150959999998,8.88932,0.36891,47209.755658561706,0.0031704875866949145,0.028070339251112353
LAH,1875-08-29,0.0174085496,8.87109,0.36803,47301.98516425291,0.016651346068474737,0.01198034345037069
LAH,1876-09-04,0.02088722116,9.26672,0.37556,55616.20289700714,0.17447614131587685,0.14190546088954648
LAH,1877-09-10,0.01979049904,9.08614,0.36981,53515.31608123089,-0.02924057741504349,-0.017990570715809118
LAH,1878-09-16,0.02236579748,9.34406,0.38064,58758.40027322405,0.07856940959351788,0.06702197943160382
LAH,1879-09-22,0.02091528972,8.65042,0.36872,56724.04458667824,-0.06496681232513224,-0.041929022561706164
LAH,1880-09-28,0.02031669952,8.77344,0.36301,55967.327401448994,-0.019948395637714555,-0.008579329933662838
LAH,1881-10-04,0.019944953079999998,8.86162,0.35854,55628.25090645395,-0.0006457660321198544,0.008770873729539996
LAH,1882-10-10,0.02339046632,10.0128,0.37696,62050.26082342954,0.09318386710096371,0.05864047458782706
LAH,1883-10-16,0.02330452072,9.63079,0.38878,59942.69437728278,0.0008626983507129538,-0.022762050194384043
LAH,1884-10-22,0.020421244999999998,8.7649,0.39336,51914.89983729916,-0.13528734858178804,-0.14203458266440694
LAH,1885-10-28,0.01891592716,8.74585,0.39796,47532.23228465173,-0.04480716891180658,-0.05406963847451529
LAH,1886-11-03,0.02028472316,8.63812,0.3929,51628.20860269789,-0.006924996796319971,-0.003978193782932182
LAH,1887-11-09,0.02014695852,9.12178,0.39367,51177.27670383824,0.00635222472240593,-0.0029696809454329287
LAH,1888-11-15,0.02014929852,8.91701,0.38996,51670.16750435942,-0.002753810671596413,-0.0011498529526123846
LAH,1889-11-21,0.020426346720000002,9.80352,0.39607,51572.56727346177,0.02149130391213716,0.01096252431276623
LAH,1890-11-27,0.02024752704,9.59871,0.39922,50717.71714843946,-0.004291494621764147,-0.006255764213613513
LAH,1891-12-03,0.01843726196,10.67192,0.40351,45692.20579415628,-0.027854564719162034,-0.04472111225376718
LAH,1892-12-09,0.01099107308,7.99871,0.39856,27576.959755118423,-0.37867740269798444,-0.3729583313606303
LAH,1893-12-15,0.010564323640000001,7.87991,0.40014,26401.56855100715,-0.02798524593946894,-0.031023971167678632
LAH,1894-12-21,0.017001075,7.15365,0.40054,42445.3862285914,0.5798886219506634,0.5791111773038122
LAH,1895-12-27,0.01599321412,7.76099,0.4005,39933.11890137328,-0.04698495393013857,-0.04673014074049797
LAH,1897-01-02,0.0129168624,6.13449,0.40034,32264.730978668133,-0.17715412421745447,-0.17736030328923003
LAH,1898-01-08,0.01216524192,6.20219,0.3998,30428.31895947974,-0.03771410726764057,-0.03637908733540118
LAH,1899-01-14,0.0122507112,6.35046,0.39943,30670.48343890043,0.004966397610957962,0.005773424460727705
LAH,1900-01-20,0.010901439119999998,6.47377,0.39928,27302.742736926462,-0.0745090494091829,-0.07446452935083703
LAH,1901-01-26,0.01044939428,5.20106,0.39822,26240.25483401135,-0.030959309822409242,-0.029097875781784355
LAH,1902-02-01,0.01000644684,5.22489,0.3955,25300.750543615675,-0.03177361737283735,-0.026842100563890803
LAH,1903-02-07,0.00832664976,4.72103,0.39299,21187.943102877936,-0.1613924648530326,-0.1572030878590065
LAH,1904-02-13,0.00926692468,4.55606,0.3687,25134.051206943313,0.14551416627910818,0.19954675022940793
LAH,1905-02-19,0.010662006160000001,4.7226,0.33111,32200.797801334906,0.1493764217563358,0.2502758853079281
LAH,1906-02-25,0.00789855248,4.16404,0.29644,26644.691944406964,-0.19264903331977423,-0.12358163588961124
LAH,1907-03-03,0.00613428036,4.19527,0.26565,23091.58802936194,-0.13984878581220728,-0.14708114330863964
LAH,1908-03-09,0.00682973408,4.70688,0.23895,28582.272776731534,0.11914994999205919,0.21443501907740115
LAH,1909-03-15,0.00565188884,6.41183,0.21602,26163.729469493566,-0.11664655445539696,-0.04906034027911532
LAH,1910-03-21,0.00491485124,5.87893,0.19637,25028.523908947398,-0.11877242237326113,-0.051833416966636126
LAH,1911-03-27,0.00444280772,6.16386,0.17758,25018.62664714495,-0.06743114311828258,0.009369681169146382
LAH,1912-04-02,0.00429845468,6.19792,0.16089,26716.72993971036,-0.004958026932694426,0.06943816359055521
LAH,1913-04-08,0.0035749422800000004,6.66154,0.14681,24350.809072951437,-0.1646861348831853,-0.10310482161645718
LAH,1914-04-14,0.00299646828,7.17931,0.13451,22276.91829603747,-0.1660805587467824,-0.10764891394782294
LAH,1915-04-20,0.00244958428,7.15068,0.12273999999999999,19957.50594753137,-0.14263810842302116,-0.02249547937464902
LAH,1916-04-26,0.00244313836,7.28288,0.11312,21597.757779349362,-0.07758546788281007,-0.017701215868408116
LAH,1917-05-02,0.00228216508,7.55114,0.10409,21924.921510231532,-0.014826655771380537,0.04775378728918844
LAH,1918-05-08,0.00211377972,6.81305,0.09605,22007.07673086934,-0.03974467567185669,0.020456173139877354
ARG,1838-05-04,0.5643781421199999,9.63291,8.77067,64348.349911694306,-0.05289060660692735,-0.0585065477923743
ARG,1839-05-17,0.60322688764,9.10387,8.77067,68777.74305041689,0.05227200224869466,0.052118853073138016
ARG,1840-05-16,0.6155546488,9.87351,8.77067,70183.30969013768,0.046924659314051986,0.04955127006054405
ARG,1841-05-29,0.62419880328,10.0887,8.77067,71168.88484916203,0.015915298545114753,0.016421932775438464
ARG,1842-06-11,0.58089619068,11.11279,8.770670000000003,66231.67793110445,-0.0860306479414712,-0.08371576991989993
ARG,1843-06-03,0.71250675964,11.20602,8.77067,81237.43791979403,0.22113635039877444,0.2191819839046263
ARG,1844-06-09,0.93216442748,10.01793,15.22082,61242.72066025352,0.1974902545317967,-0.30852292456221564
ARG,1845-06-22,0.8565935066,10.95804,15.22082,56277.75025261451,-0.06586912186786231,-0.06570299413670999
ARG,1846-06-21,0.94800297748,10.39145,15.22082,62283.30520169084,0.09354453530347917,0.0796537450524657
ARG,1847-07-04,0.90354640116,11.26745,16.07964007693059,56191.95434954512,-0.023440780684921614,-0.020220768020232427
ARG,1848-07-17,1.0555408796399999,11.14484,16.22503,65056.32837905384,0.12850311912129286,0.12442438529273603
ARG,1849-07-09,1.02161178028,11.14034,16.22503,62965.17049768166,0.012677969524177879,0.01145748106603195
ARG,1850-07-15,1.01366191004,11.5902,16.22503,62475.19480950112,0.0021737135997819124,0.0010913854630985043
ARG,1851-07-28,1.0857576204800001,11.59495,16.47786511715662,65891.88664674271,0.03697030299397541,0.031925493051953024
ARG,1852-07-27,1.10464926572,11.18266,16.22503,68083.0337891517,0.011908288754181484,0.012045194716175933
ARG,1853-08-09,1.11037828044,11.79774,16.22503,68436.1311159363,0.010289345670090544,0.009405765242493036
ARG,1854-08-22,1.2034587156799998,11.62625,27.661020000000004,43507.387496195,0.029127961846192596,-0.13760926026710096
ARG,1855-08-14,1.51254410268,10.24137,30.70717,49257.03354232904,0.1448034778962637,0.12817549517358007
ARG,1856-08-20,1.70251516552,10.25763,30.70717,55443.571176373465,0.06889416713995122,0.07188078440250933
ARG,1857-09-02,1.58227395508,11.11028,30.70717,51527.83389286606,0.017723218075929248,0.018250312986160422
ARG,1858-09-01,1.7096043484,11.1009,32.2763186497662,52967.76150189556,0.07888740076663425,0.021790519932544328
ARG,1859-09-14,1.9379106162000002,10.71585,34.23966,56598.41879855115,0.10565080589343467,0.05301661649857059
ARG,1860-09-27,1.89344258792,10.70111,36.7672,51498.14475728366,-0.003595745943315909,-0.06221652408354872
ARG,1861-09-19,2.05636008968,11.01202,36.7672,55929.20020235427,0.08837005310950685,0.0904313348512984
ARG,1862-09-25,2.27917843296,10.76515,38.479859817200555,59230.42453343876,0.047697368625300385,0.04642662334522152
ARG,1863-10-08,2.2983645854000003,10.71624,38.54853,59622.62595746194,0.019476950634499612,0.020341917047204783
ARG,1864-10-07,2.58870747148,10.40005,38.54852999999999,67154.50554093762,0.05922949681656964,0.05275351772474246
ARG,1865-10-20,2.56067005844,10.35218,38.54853,66427.17785710635,0.011613349892682923,0.017571485934620545
ARG,1866-11-02,2.7166119161999998,10.56319,45.902835914934904,59181.788271955666,0.020212957777990148,-0.11395507195999521
ARG,1867-10-25,3.14179956636,10.42525,44.386939999999996,70782.07162647392,0.15320013176767522,0.15727156437343326
ARG,1868-10-31,3.3429226869999997,10.69083,44.38694000000001,75313.20444707383,0.09532067005015055,0.09359575786586483
ARG,1869-11-13,3.93971588972,10.05649,63.31414,62224.89778302287,0.15455971474567565,-0.10345623752529787
ARG,1870-11-12,4.0243289533199995,9.98392,71.42781,56341.20594373536,0.03282037997208742,-0.052952875644989295
ARG,1871-11-25,4.46450358172,10.37875,72.2314,61808.34902438553,0.10093232764226023,0.10667691347318664
ARG,1872-12-08,4.5202159392,10.47962,74.40287,60753.24700781032,0.006197511684236323,-0.020069559075562515
ARG,1873-11-30,4.47438996108,10.46076,76.65264,58372.28777873795,0.006790204990932969,-0.011590730528409088
ARG,1874-12-06,5.40656577032,10.11369,79.51437,67994.82622222876,0.18325402682835934,0.16576665849645722
ARG,1875-12-19,6.03731078704,10.4362,82.23776,73412.87976520762,0.07726347745642692,0.053066302783868036
MEX,1838-05-18,4.0418697228000005,9.64686,72.99127,55374.7006018665,0.049254627660759054,0.049096418725297575
MEX,1839-05-31,4.38757328672,8.2463,73.46858,59720.404106354035,0.07936731150929233,0.07306912459418013
MEX,1840-05-30,4.569038090239999,8.54501,74.54893,61289.11696304695,0.03589380595986347,0.030449992720887442
MEX,1841-06-12,4.71920316972,8.28521,76.01599,62081.71688246117,0.071630075247751,0.06668615180088522
MEX,1842-06-25,5.85086388848,10.12226,77.43891,75554.57441846741,0.12238136568624092,0.10765435088684838
MEX,1843-06-17,5.98246230192,9.62799,78.70816,76008.15851774454,-0.01647482209161144,-0.03192422471087164
MEX,1844-06-23,5.7651188498799995,9.16863,79.99605,72067.54395848294,0.006525289141574575,-0.007509524051721117
MEX,1845-07-06,6.194034008759999,9.60256,80.90989,76554.72042737914,-0.01970908727094356,-0.03422269664991806
MEX,1846-07-05,5.48907335808,9.4725,82.86266,66243.02620842728,-0.11661180710681784,-0.1281368325952167
BIK,1837-01-13,0.08137725492,5.8039,3.8381899999999995,21201.987113717667,0,0
BIK,1838-01-19,0.07924900984,6.64947,3.87891,20430.74210022919,0.03817410693396317,0.028595487742302472
BIK,1839-01-25,0.07807851635999999,6.64961,3.88748,20084.60914525605,0.013601526276590503,0.012018761085392349
BIK,1840-01-31,0.08528685568,6.64795,3.9225600000000003,21742.651656061345,0.06946054463128637,0.0621200833357336
BIK,1841-02-06,0.09421002396,6.64509,3.9812,23663.725499849294,0.05427592199998754,0.04289125480718847
BIK,1842-02-12,0.09270875276,6.6435,4.04125,22940.613117228582,-0.013096094693998861,-0.02440701805171208
BIK,1843-02-18,0.09735212188,6.59178,4.09839,23753.74766188674,0.05083850283673308,0.03951167367671693
BIK,1844-02-24,0.11378715088000001,6.59758,4.16313,27332.11571101551,0.05678561890289857,0.04472569921662162
BIK,1845-03-02,0.15857122476000002,8.23496,4.24082,37391.642361618746,0.3365811543759709,0.3174478322038303
BIK,1846-03-08,0.16819921144000002,8.22848,4.32513,38888.82217181912,0.09353647031464063,0.07710588875041613
BIK,1847-03-14,0.17649709532,8.29017,4.41709,39957.77657235872,0.03968582805527965,0.02375667434034301
BIK,1848-03-20,0.190289671,8.22589,4.50575,42232.62963990457,0.05407180204121054,0.0380144078370821
BIK,1849-03-26,0.1870682918,8.23695,4.60203,40649.08134019118,0.0019780899717907197,-0.013177971220674878
BIK,1850-04-01,0.19355957972,8.27465,4.69414,41234.3005790198,0.02357922682420721,0.007938450195183355
BIK,1851-04-07,0.19712052515999998,8.27128,4.78903,41160.845757909214,0.012394439238945676,-0.003052197922741251
BIK,1852-04-13,0.21515118768,8.22638,4.89194,43980.74949406575,0.0818144178810114,0.06521115700265612
BIK,1853-04-19,0.29247800192,8.20823,4.98888,58625.984573691894,0.2109918734062608,0.1927879332919411
BIK,1854-04-25,0.32752030272,8.15881,5.08389,64423.16862087889,0.06884344893772898,0.05344546810100903
BIK,1855-05-01,0.34126472535999997,8.16539,5.18756,65785.21026455596,0.07720999231920667,0.06153271608978472
BIK,1856-05-07,0.42039481432000003,8.12509,5.285220000000001,79541.59227430457,0.24049338964984002,0.22273305480027172
BIK,1857-05-13,0.46012972044,8.172,5.38822,85395.49618241275,0.0708008797785038,0.05601436476524202
BIK,1858-05-19,0.6344097453199999,8.22446,5.48481,115666.67675270428,0.32536719690105365,0.30720470316082005
BIK,1859-05-25,0.63201085272,8.21589,5.58307,113201.31266847809,0.006300203565885454,-0.007325681244318538
BIK,1860-05-31,0.67719907476,8.21211,5.6867,119084.71956670829,0.016185848039726114,0.0026865581016244366
BIK,1861-06-06,0.70138273712,8.35762,5.7842,121258.38268386292,0.03340107998995112,0.01981504612892593
BIK,1862-06-12,0.6966077664,8.49826,5.88484,118373.27206856941,-0.022106112651667842,-0.035071917585662304
BIK,1863-06-18,0.7608142151999999,8.41235,5.98381,127145.45000593267,0.06681514485734841,0.05400469576455036
BIK,1864-06-24,0.7917795158,8.55816,6.0773,130284.75076102876,0.046016650340960696,0.033537867695507595
BIK,1865-06-30,0.71881896268,8.22845,6.16699,116559.12571286803,-0.08790661900300756,-0.0981229866895349
BIK,1866-07-06,0.8177652626,8.26083,6.24838,130876.36516985203,0.023302790375289817,0.01366802364186781
BIK,1867-07-12,0.8422311580799999,8.44205,6.32847,133086.06315270514,0.014418706941523363,0.004517630334073708
BIK,1868-07-18,0.8771747322,9.22214,6.42139,136602.00240134925,0.0689377746855786,0.05791898690911257
BIK,1869-07-24,0.8945120761199999,8.82573,6.51682,137262.05052771137,0.03194683972598433,0.020014269902972393
BIK,1870-07-30,0.91539090084,8.7577,6.58536,139003.92701993513,-0.03769509452027997,-0.04513872814728204
BIK,1871-08-05,0.96247555924,8.41996,6.658259999999999,144553.61599577067,0.04837152196266703,0.03983454176374979
BIK,1872-08-11,1.03251800184,8.05254,6.701719999999999,154067.61276806553,0.09164378800020878,0.0860313225117344
BIK,1873-08-17,1.06923770408,8.16554,6.73913,158661.08890613477,0.031345981543243306,0.026792286111740893
BIK,1874-08-23,1.15063546988,8.51929,6.78969,169468.04196951553,0.07701596650260623,0.07121441505767434
BIK,1875-08-29,1.26446748116,8.73336,6.82738,185205.37617065405,0.09922918585839335,0.09492350604264543
BIK,1876-09-04,1.2853049346799998,8.72503,6.88081,186795.5857929517,0.014257681202711758,0.00809173446528666
BIK,1877-09-10,1.27230740988,8.81718,6.93872,183363.41715474898,-0.0009021389035055449,-0.006967304727756418
BIK,1878-09-16,1.33245005192,8.90411,6.99384,190517.66296054816,0.02494483688120175,0.018595368062539253
BIK,1879-09-22,1.40618712728,8.93081,7.056260000000001,199282.21568933115,0.04094051723908598,0.03424526568457198
BIK,1880-09-28,1.4288350788400002,8.9138,7.11782,200740.54680225125,0.008668062782851482,0.00196761322552641
BIK,1881-10-04,1.42315496336,9.3916,7.18003,198210.16950625554,0.020010307084745937,0.013228754033897783
BIK,1882-10-10,1.4049698442,9.53426,7.238339999999999,194101.1121610756,-0.014341492898530706,-0.020230300381477995
BIK,1883-10-16,1.30126973496,9.53421,7.2917,178459.03355321806,-0.02955947527758407,-0.03508427049350926
BIK,1884-10-22,1.4071380024000002,10.18773,7.3505,191434.32452214137,0.022499375061281635,0.01622341634599178
BIK,1885-10-28,1.39345367512,10.22055,7.42848,187582.61112906004,0.0012406688410175892,-0.006652037098964447
BIK,1886-11-03,1.4495698074,10.32773,7.498009999999999,193327.27048910313,0.014758487243133223,0.00761706456953104
BIK,1887-11-09,1.4093951414399999,10.34472,7.57244,186121.66506964728,-0.007337273754939311,-0.014412697134227215
BIK,1888-11-15,1.4591864887600001,10.2546,7.638880000000001,191020.99898938063,0.01681311729782098,0.010486216334661957
BIK,1889-11-21,1.4923501070399998,10.24234,7.7251,193181.9791381341,0.020918600946967958,0.012214641202507481
BIK,1890-11-27,1.55853529,10.38691,7.802810000000001,199740.25895799077,0.05989113014883829,0.05226105746170462
BIK,1891-12-03,1.59177121376,10.42057,7.8882,201791.43705281304,0.008804553371864365,0.00047617275117772806
BIK,1892-12-09,1.61164423368,10.40864,7.976009999999999,202061.46101622243,0.014243880405989895,0.00566761250563963
BIK,1893-12-15,1.60707280968,10.42917,8.06538,199255.68413143585,0.008187302417949294,-0.00006214770810708536
BIK,1894-12-21,1.69169060268,10.31366,8.136,207926.5735840708,0.012831275321767643,0.006057837861335846
BIK,1895-12-27,1.62351957872,9.9585,8.19917,198010.23502622827,-0.06435862779548507,-0.0701135564275922
BIK,1897-01-02,1.67754829476,10.00831,8.25712,203163.85068401572,0.04083628484361723,0.035499172054322514
BIK,1898-01-08,1.65422621832,10.31423,8.3228,198758.3767866583,-0.006984928608428365,-0.012885242508770878
BIK,1899-01-14,1.73195069112,9.70857,8.3834,206592.87295369423,0.039453135480880475,0.033767607869522154
BIK,1900-01-20,1.8361431114,9.85656,8.43362,217717.07895304746,0.040800622806734355,0.03615808578721391
BIK,1901-01-26,1.75580801188,9.88412,8.5002,206560.78820263053,-0.004062783345957444,-0.009959787463249659
BIK,1902-02-01,1.76111191724,9.91679,8.57057,205483.63962256888,0.0021780168558964697,-0.003920661950956528
BIK,1903-02-07,1.86037295756,9.97034,8.64184,215275.09853919997,0.03772661257755061,0.03113486697377832
BIK,1904-02-13,1.73839374488,10.26607,8.71594,199449.9439968609,-0.08882636892211604,-0.09482833805313251
BIK,1905-02-19,1.72107136448,10.33181,8.78932,195813.9383342511,0.04056277807122921,0.034269355711401994
BIK,1906-02-25,1.82453993852,10.43041,8.86474,205819.9043085302,0.06579910016092572,0.058868285997880854
BIK,1907-03-03,1.8930764944,10.4737,8.93385,211899.29251106747,0.02814829643657779,0.022025095480644463
BIK,1908-03-09,2.00692255972,10.55268,9.01393,222646.7877740342,0.04177946852826819,0.03490141240142286
BIK,1909-03-15,1.89754140992,10.5901,9.08496,208866.2371567954,-0.041806724365170855,-0.047286849031532574
BIK,1910-03-21,2.0597790902,10.5089,9.17169,224580.103579602,0.05444044690793248,0.0470113611473173
BIK,1911-03-27,2.17057597328,10.66874,9.25448,234543.26696691767,0.1090040386101152,0.10144729631088967
BIK,1912-04-02,2.36959352448,10.72213,9.33941,253719.83074733842,0.06002494312260431,0.0527528763769185
BIK,1913-04-08,2.29377718908,10.64221,9.4207,243482.66997993778,0.04337345295322659,0.03663659633217242
BIK,1914-04-14,2.23724345052,10.9071,9.50217,235445.5298652834,-0.011531310332429046,-0.01800073716519557
BIK,1915-04-20,2.4004485772799997,10.89484,9.59179,250260.75188051446,0.014934655720282297,0.007600928299493548
BIK,1916-04-26,1.9218596669999999,10.15959,9.6767,198606.92870503373,-0.11337798071847438,-0.11923303275752029
BIK,1917-05-02,1.8288295058800002,9.83615,9.72569,188041.10617138734,-0.06770138980401963,-0.0711933091849436
BIK,1918-05-08,1.81896456716,9.82858,9.75474,186469.81540871414,-0.022584389178705977,-0.0246262301168928
CAN,1837-05-12,0.46707189048000003,10.32899,2.8908515656977616,161568.96328479022,-0.024210172599513524,-0.09234244604083319
CAN,1838-05-25,0.46883439148,10.43111,2.8909000000000002,162175.92842367428,0.016936997947061938,0.013560154759049148
CAN,1839-05-24,0.32220435104,10.26663,3.7189,86639.69212401516,-0.20142809601932865,-0.3655737023873279
CAN,1840-06-06,0.47108470604,10.07799,3.7189,126673.13077522923,0.4524266608685219,0.4163150479434814
CAN,1841-06-19,0.6959714044399999,9.15723,5.717257364169821,121731.69058326256,0.704899666997147,0.5987420494846449
CAN,1842-06-11,0.75365322188,9.14894,4.88545,154264.8521384929,0.06134476480825746,0.05892895836322576
CAN,1843-06-17,0.81336850764,9.11575,6.24287,130287.59330884673,0.0644672415167109,-0.13461629334890168
CAN,1844-06-30,0.8507500289600001,8.45729,6.24287,136275.46768713748,0.014580369968390405,0.013017678195555993
CAN,1845-06-29,0.83651957688,8.1742,7.85467,106499.64630977495,-0.0022083925754912137,-0.19612401841258698
CAN,1846-07-12,0.88069624136,8.24879,8.12237,108428.48101724003,0.037246380587989014,0.013721947323953598
CAN,1847-07-25,1.01274136964,8.53012,9.35545,108251.48652817342,0.13193083247268933,0.0754308274379607
CAN,1848-07-17,1.00063420548,8.62563,9.35545,106957.3569929827,0.0036929721229093104,0.005469711152677803
CAN,1849-07-23,1.019188625,8.30302,10.0638,101272.74240346588,0.011786799825763694,-0.013051895525580948
CAN,1850-08-05,1.17948497212,10.19603,11.99603,98322.94285025964,0.1646492068856118,0.11421633732037395
CAN,1851-08-04,1.2964275896000002,10.29995,11.99603,108071.38608356265,0.11414543476745975,0.10930144072009673
CAN,1852-08-17,1.3987421994,10.08573,15.45097436058221,90527.76651862192,0.0715076592326489,-0.01095689949386014
CAN,1853-08-30,1.40629212204,8.51505,15.66961,89746.46606009977,0.04655421264531867,0.042000648569088694
CAN,1854-08-22,0.92109076592,8.32329,15.66961,58781.98410298661,-0.14834254446714945,-0.14682764433554085
CAN,1855-08-28,0.5269591407599999,8.07181,15.669609999999999,33629.37180695627,-0.3125666495221425,-0.3114202560061672
CAN,1856-09-10,0.77990671772,8.66392,14.738270276629333,52917.11327595262,0.4633402411311318,0.46273036562514247
CAN,1857-09-09,0.9056537672,8.54579,16.71302,54188.51692871785,0.10372973481528969,0.07016889685797523
CAN,1858-09-22,1.17316679636,8.54865,16.69755486938277,70259.79585257481,0.1855284388936096,0.17700259547705488
CAN,1859-10-05,1.49753339164,9.61717,16.71302,89602.80019051016,0.351632902928414,0.34273212381610874
CAN,1860-09-27,1.7059590745600002,9.35908,17.15654,99434.9137157026,0.3426632549270634,0.33190464373246753
CAN,1861-10-03,1.7744845898,9.46534,17.53944,101171.10864428968,-0.025909632425749285,-0.053142383210328825
CAN,1862-10-16,2.2669724001600002,9.37892,17.53944,129249.98746596245,0.1098072122558078,0.111284811177075
CAN,1863-10-15,2.45593015616,9.58392,21.43395,114581.31404430821,0.06777975259140212,-0.0018586314174906526
CAN,1864-10-28,2.49219195368,9.53586,22.27124,111901.80491431999,0.02313773661929397,0.007367229370046635
CAN,1865-11-10,2.58005120308,9.62242,22.27124,115846.7693348013,0.04014528216064073,0.018335357261099583
CAN,1866-11-02,4.40110804848,9.87168,33.76982,130326.66589516912,0.3699878667446994,0.29969754454683706
CAN,1867-11-08,4.865608759440001,9.81987,36.25946,134188.6712995726,0.11294812931481912,0.054616938888108146
CAN,1868-11-21,10.23197695624,11.72475,36.25946,282187.7919924897,0.8833171173357239,0.8853780470576142
CAN,1869-11-20,11.334081533320001,11.6218,49.85600800013097,227336.32290195048,0.07594611576642873,-0.04299576632784208
CAN,1870-12-03,11.89019110344,11.76069,52.28907,227393.43238347897,0.017401768692784092,-0.004907625790465331
CAN,1871-12-16,12.751782107999999,12.0497,55.87374288530169,228224.94877740723,0.02321231943692026,-0.004089193654829737
CAN,1872-12-08,13.54463135272,12.30183,55.98405,241937.32594765828,0.0684431699043686,0.053037375041430135
CAN,1873-12-14,14.07885674208,12.27817,55.689959842923116,252807.80919559402,0.03849756246570024,0.022491421654922794
CAN,1874-12-27,5.63004188292,10.17196,56.95445,98851.65922803222,-0.42965414221804243,-0.41705852233311735
CAN,1875-12-26,3.8255743578,10.10612,56.95445000000001,67169.01590305936,-0.21310995222685758,-0.19912226327379512
CAN,1877-01-08,3.01115973288,11.38236,56.95445,52869.613048321946,-0.1873793255791001,-0.16112802823859607
BOR,1837-01-13,0.29083065908,6.29185,8.61836,33745.47583066848,0,0
BOR,1838-01-19,0.21009050452,7.62335,8.65809,24265.225300268303,-0.27331372862485315,-0.2757876655128184
BOR,1839-01-25,0.20979800348000002,7.71714,8.7253,24044.789689752786,-0.0006583575366615468,-0.00640961842681409
BOR,1840-01-31,0.21239783344,8.24709,8.79575,24147.779716340276,-0.004665988432334123,-0.010559463830764004
BOR,1841-02-06,0.21087553084,7.68881,8.86068,23799.023420324396,0.003914075725037547,-0.0016046303093532055
BOR,1842-02-12,0.20394034804000002,8.26436,8.91853,22867.036164031517,-0.17505403077864645,-0.17850266269809723
BOR,1843-02-18,0.21301377187999998,8.62493,9.01788,23621.26928723824,0.019816815785635322,0.011178598653099003
BOR,1844-02-24,0.21117468268,8.37786,9.10389,23196.093393044073,-0.01702157708244445,-0.024093964611357932
BOR,1845-03-02,0.21365028984,8.35492,9.1904,23247.115450905294,0.014575379752212347,0.007706711777734299
BOR,1846-03-08,0.20103289648,8.37697,9.27882,21665.7825542472,-0.046734496548492266,-0.05371760922855662
BOR,1847-03-14,0.21529658799999998,8.33658,9.35373,23017.19078912904,0.13211820349025927,0.12547208538603072
BOR,1848-03-20,0.24843227812000002,7.06688,9.40473,26415.673615297834,0.01703364338396307,0.013325878942249014
BOR,1849-03-26,0.20656528776,8.4256,9.48066,21788.070425476708,-0.14790052083081584,-0.15325930317326053
BOR,1850-04-01,0.31699356676,7.31692,9.554750000000002,33176.5422182684,0.5363272569907358,0.5274684332108941
BOR,1851-04-07,0.23094134648,8.45167,9.619,24008.872697785635,-0.27026241375747473,-0.2738928775516195
BOR,1852-04-13,0.23010606892,8.32241,9.70867,23701.09076938448,-0.001439832131234442,-0.008491235747508985
BOR,1853-04-19,0.21895040336,8.30482,9.8034,22334.12931839974,-0.03568440325439892,-0.04250197378620779
BOR,1854-04-25,0.35574607744000003,6.70947,9.86814,36049.96255018676,0.6131804592127819,0.6045938426444437
BOR,1855-05-01,0.272779442,6.12005,9.86965,27638.20824446662,-0.08298070303733773,-0.08299385587855401
BOR,1856-05-07,0.25912526224,8.96836,9.93066,26093.458263599805,-0.1512544069967693,-0.15473750625744764
BOR,1857-05-13,0.26715430664,8.57897,10.03205,26630.08125358227,0.0008894429213228694,-0.0067659355433455914
BOR,1858-05-19,0.27102851776000003,8.97462,10.13621,26738.64469658778,0.014894890392509463,0.00695201019875058
BOR,1859-05-25,0.26184980848,9.11086,10.2627,25514.709431241292,-0.029923610295267467,-0.038685058818293094
BOR,1860-05-31,0.36283346528,7.47683,10.356019999999997,35035.99503284081,0.3780153544114666,0.3682399461537451
BOR,1861-06-06,0.28272799047999997,8.72668,10.45386,27045.320147773164,-0.029734834366494822,-0.03641311874452069
BOR,1862-06-12,0.28597846992,8.74802,10.56429,27070.297191765847,0.010539124797413368,0.0023798413031013155
BOR,1863-06-18,0.28644489951999996,8.75798,10.67692,26828.420510784006,0.0013894600662658352,-0.006699642724473542
BOR,1864-06-24,0.28808530764,8.90013,10.80049,26673.355342211325,0.009294918440328814,0.0008306394966655084
BOR,1865-06-30,0.29118572184,9.02428,10.92745,26647.17951946703,-0.0014029039922417441,-0.010354742291184826
BOR,1866-07-06,0.29096494335999995,9.23322,11.06003,26307.789704006227,0.0081933079829144,-0.0010890242258075888
BOR,1867-07-12,0.28900714284,9.1933,11.20359,25795.940661877128,0.002154824360002472,-0.00723268798392418
BOR,1868-07-18,0.326681758,9.79188,11.3418,28803.343208309085,0.028738268292423097,0.019056349760499414
BOR,1869-07-24,0.3460720666,9.99045,11.52537,30026.981051367547,0.03624612953653772,0.024038877652178048
BOR,1870-07-30,0.35459194627999996,10.01507,11.70779,30286.838615998407,0.013738245230850543,0.001711208181993662
BOR,1871-08-05,0.35353179524,10.0727,11.89032,29732.740181929505,0.006229449429280054,-0.005665731511886984
BOR,1872-08-11,0.40076262824,9.44564,12.065309999999998,33216.10702418753,0.04932535348278799,0.03846067296250588
BOR,1873-08-17,0.5364735885599999,8.63373,12.20383,43959.44458092254,0.19569762384352374,0.1854124334285745
BOR,1874-08-23,0.45960836375999997,9.29306,12.357880000000002,37191.521827368444,-0.043351051842559385,-0.052559383694047224
BOR,1875-08-29,0.48084112543999996,8.87375,12.50056,38465.56677780835,-0.10817495472131256,-0.11545833173822373
BOR,1876-09-04,0.46708127544,8.85012,12.63536,36966.20242240823,-0.02881073987079663,-0.03673469062247281
BOR,1877-09-10,0.47831355,8.87047,12.76967,37457.00162964274,0.012377125874393435,0.004179441349421831
BOR,1878-09-16,0.60363761848,8.8571,12.91114,46753.23933285519,0.10478139619384064,0.09576472605527431
BOR,1879-09-22,0.4858054474,8.82992,13.03925,37257.16183062676,-0.12387216657883304,-0.13063030537118359
BOR,1880-09-28,0.49485774884,8.83746,13.17918,37548.44753922475,0.019337691667616674,0.011310939923304453
BOR,1881-10-04,0.49136096879999996,8.8293,13.317089999999999,36897.02245760898,-0.008425166335646606,-0.016292829343367732
BOR,1882-10-10,0.49478663104,8.82932,13.45627,36769.9690211329,0.004020686033022081,-0.003927150413303604
BOR,1883-10-16,0.52872334736,7.47143,13.585039999999998,38919.5281986656,0.26230153526176503,0.25293768428099384
BOR,1884-10-22,0.5130442938399999,8.91217,13.72396,37383.10909096208,-0.024412401760531943,-0.0321045341671774
BOR,1885-10-28,0.51685712312,8.89827,13.877749999999999,37243.5822175785,0.010432546777962015,0.0018284862066233476
BOR,1886-11-03,0.520341445,8.90176,14.04381,37051.301961504745,0.00822890806487342,-0.000530372388765743
BOR,1887-11-09,0.52415364196,8.88836,14.205150000000001,36898.845979099126,0.01189835038455378,0.003110099974953817
BOR,1888-11-15,0.52894048428,8.89142,14.3677,36814.55516749375,0.005915099803402102,-0.002824255056812941
BOR,1889-11-21,0.51356469944,8.85846,14.54022,35320.28397369503,-0.03182677399894007,-0.04030436842802221
BOR,1890-11-27,0.52905093332,8.17879,14.70798,35970.33265750973,0.036288126434202095,0.027173729174361005
BOR,1891-12-03,0.65071220812,7.99115,14.84223,43841.9434357236,0.202512034515115,0.19433921371766583
BOR,1892-12-09,0.5654548099200001,8.82346,15.000840000000002,37694.87641492076,-0.017596083906772697,-0.025691771350103365
BOR,1893-12-15,0.5628700870000001,8.79633,15.16916,37106.213330204184,-0.003382880398466792,-0.011841950389337108
BOR,1894-12-21,0.5704499065199999,8.83178,15.34345,37178.72489694299,0.0077685723703571075,-0.0007130155508285885
BOR,1895-12-27,0.56574975964,8.82188,15.51401,36467.023009524935,0.0001351536784248708,-0.00827430237415705
BOR,1897-01-02,0.58073361164,8.83802,15.686719999999998,37020.71635370556,0.015944678328762674,0.007390699847777515
BOR,1898-01-08,0.6008606032,9.43582,15.91906,37744.72884705504,0.021701197433232178,0.01048604985640611
BOR,1899-01-14,0.60172924188,8.83608,16.15339,37250.95734579552,0.017453390412202507,0.006065890811818964
BOR,1900-01-20,0.58898356036,8.41082,16.31194,36107.51145234718,0.01518736625395678,0.00791128291585963
BOR,1901-01-26,0.60904482912,8.57867,16.43194,37064.694072641454,-0.0023119201615015017,-0.007545834748795999
BOR,1902-02-01,0.62119155332,8.04586,16.54641,37542.37646232626,0.041430576865738145,0.03569300122567243
BOR,1903-02-07,0.62536308744,7.11861,16.64915,37561.262132901684,0.08911065100441062,0.08398235653232189
BOR,1904-02-13,0.65487686108,7.90264,16.75078,39095.30547711808,0.03044920611421653,0.02553760850175979
BOR,1905-02-19,0.6096377996800001,7.99018,16.86927,36138.95560863037,-0.057484384722164106,-0.06248845603285891
BOR,1906-02-25,0.62342649356,8.12144,17.01687,36635.79104500416,0.011994010059742433,0.005590965779606494
BOR,1907-03-03,0.6276008455600001,8.13162,17.16501,36562.80104468334,0.0067249249294998314,0.0000827776128100588
BOR,1908-03-09,0.63844416948,8.33112,17.33751,36824.44419527372,0.001257133081371764,-0.006442787545536288
BOR,1909-03-15,0.6453044608399999,9.09687,17.53699,36796.76277628031,0.015018620583484577,0.006363362775060777
BOR,1910-03-21,0.66333484204,9.51839,17.76824,37332.613812060175,0.011433904931866579,0.001409993915090002
BOR,1911-03-27,0.68647986056,8.84382,17.99423,38149.99922530722,0.038299501747592446,0.02871045676907391
BOR,1912-04-02,0.70817428604,8.79824,18.18073,38951.91700443272,0.02434895110120494,0.01627935064543884
BOR,1913-04-08,0.71830569824,8.72316,18.35567,39132.633036004685,0.010732007892281015,0.0033701165255615173
BOR,1914-04-14,0.72485801856,7.94089,18.49019,39202.30233220968,0.006434014568510227,0.001190269619933737
BOR,1915-04-20,0.7335522703599999,7.91689,18.60426,39429.26353211576,0.00885809724307629,0.004098691157200962
BOR,1916-04-26,0.73788484588,7.8799,18.71318,39431.2909874217,0.004508867528097538,0.0000456424346382267
BOR,1917-05-02,0.72551099712,7.82428,18.81963,38550.757752410645,-0.008015659655965401,-0.012128387049615275
BOR,1918-05-08,0.761372924,8.3155,18.96354,40149.30355830188,0.01786169484332456,0.011832284683417571
PRK,1837-01-13,0.04398393116,5.53846,1.47,29921.041605442177,0.44299897442779357,0.4340114760462661
PRK,1838-01-19,0.039688854399999994,5.2379,1.47,26999.22068027211,-0.06444551186370495,-0.06485253535174218
PRK,1839-02-01,0.0398556236,5.18188,1.47,27112.66911564626,0.006101687719661353,0.005966680832580007
PRK,1840-01-31,0.041896138959999996,5.20179,1.47,28500.774802721087,0.023539382752706173,0.023660268526457306
PRK,1841-02-13,0.031954455,6.67598,1.4722138234902828,21705.036653061226,-0.15551243963882433,-0.15071774270664928
PRK,1842-02-26,0.03171548328,6.67429,1.47,21575.15869387755,-0.005179958108396665,-0.005024041097853149
PRK,1843-02-18,0.03157919908,6.67498,1.47,21482.448353741496,-0.0038228832401511204,-0.0038134971339817136
PRK,1844-02-24,0.03106463412,6.69442,1.47,21132.404163265306,-0.0009741880362161837,0.00044858229074273837
PRK,1845-03-09,0.036734395360000005,9.23888,1.47,24989.38459863946,0.0983526351923587,0.09665467745535739
PRK,1846-03-08,0.03994392428,9.31379,1.47,27172.737605442177,0.0594012657736942,0.052852670177201855
LUA,1837-01-13,0.13467226240000002,6.96226,3.1779399999999995,42377.219960099945,0,0
LUA,1838-01-19,0.20476166931999998,7.73118,3.20395,63909.133825434226,0.5449509231064933,0.5350573048947203
LUA,1839-01-25,0.18266098344,7.70496,3.2337,56486.68195565452,-0.2318983936583302,-0.2371612279708737
LUA,1840-01-31,0.23138573952,7.76505,3.25859,71007.9327316416,0.08393978257990731,0.0774830566124094
LUA,1841-02-06,0.25936261624,7.05805,3.2788800000000005,79100.97845605816,0.14480640889626417,0.1393674151372657
LUA,1842-02-12,0.18509600148,6.29297,3.29491,56176.345174830276,-0.019259725214215484,-0.022990291715607625
LUA,1843-02-18,0.19372332564,6.36504,3.30434,58626.93477063499,0.08914572350265826,0.08678650132736299
LUA,1844-02-24,0.19814096328,6.24653,3.31119,59839.80480733513,0.05440414021143303,0.05274064568610792
LUA,1845-03-02,0.21479412708,7.10803,3.32443,64610.813607144686,0.052524297395612596,0.049352540628950115
LUA,1846-03-08,0.20630408656,7.14127,3.33979,61771.57442833232,-0.043851965874011745,-0.04723261273095236
LUA,1847-03-14,0.19966577488,7.11106,3.35489,59514.84992950589,-0.029668232489092894,-0.032952719411248776
LUA,1848-03-20,0.25453914044,6.4323,3.36486,75646.27961936008,0.22773810383605353,0.2250739209886241
LUA,1849-03-26,0.28719552107999996,6.26554,3.3696599999999997,85229.8217268211,0.04674125321472822,0.04560432023898997
LUA,1850-04-01,0.1704463852,6.38133,3.48677,48883.747766557586,-0.3647595376843197,-0.3842764397347107
LUA,1851-04-07,0.24597431612,7.05135,3.52715,69737.41295947153,0.09241220342393874,0.08056262237953482
LUA,1852-04-13,0.19887542948,6.99325,3.53313,56288.73816700772,-0.07975236020989862,-0.08073912228736613
LUA,1853-04-19,0.180924458,7.27427,3.55024,50961.19079273514,-0.02905652796072622,-0.032340832236244066
LUA,1854-04-25,0.21322356068,7.3192,3.56882,59746.23564091212,0.0181492795295477,0.014100765546060101
LUA,1855-05-01,0.1852349902,7.4172,3.58765,51631.28794614859,-0.15098572589297765,-0.15435478374506761
LUA,1856-05-07,0.19234291075999999,7.42503,3.60273,53388.100346126404,0.07531807349877662,0.07225405980027721
LUA,1857-05-13,0.2166545056,7.44267,3.62282,59802.724286605466,0.18159641154196726,0.17655891483413488
LUA,1858-05-19,0.22019855259999999,6.77061,3.63607,60559.492143990625,0.11846868581726944,0.11577304406759503
LUA,1859-05-25,0.27595128912,6.7383,3.64889,75626.09152920476,0.22926659258331705,0.22582043130720764
LUA,1860-05-31,0.23863711248000002,7.32762,3.63731,65608.13141579904,-0.04880891828456879,-0.04562735950482932
LUA,1861-06-06,0.20232786911999998,7.1466,3.64907,55446.420353679154,-0.06396692823427785,-0.06613157860438712
LUA,1862-06-12,0.22675847896,7.12103,3.66512,61869.31913825469,-0.08662027028789887,-0.08971138838879888
LUA,1863-06-18,0.18580935048,7.30853,3.68206,50463.42277963966,-0.18065797317730392,-0.18352374192790122
LUA,1864-06-24,0.21558299724,7.15432,3.64087,59211.94583712135,-0.024670077927805734,-0.01500963156952162
LUA,1865-06-30,0.21984958528,6.60684,3.62018,60728.909965802806,0.02408680511124195,0.028861590957980576
LUA,1866-07-06,0.22559671732,6.88016,3.62335,62261.917098817394,0.021144816393831478,0.020400959731257773
LUA,1867-07-12,0.22914578544,6.86292,3.63358,63063.36600267505,0.013422942924586678,0.011245143202400554
LUA,1868-07-18,0.23791579967999998,6.54047,3.63307,65486.159000514715,0.030681316651812285,0.030995812143287838
LUA,1869-07-24,0.18673665815999999,6.85155,3.6354899999999994,51364.921416370285,-0.10421585887201879,-0.10454283050296342
LUA,1870-07-30,0.164064589,6.66237,3.6451300000000004,45009.255911311804,-0.1824210517607554,-0.18411845687594097
LUA,1871-08-05,0.19143871135999999,6.67762,3.65513,52375.34953886728,0.18787484122076803,0.18537888794406676
LUA,1872-08-11,0.19369303200000001,6.61026,3.6650900000000006,52848.09704536587,0.030438996768724635,0.028432741732735245
LUA,1873-08-17,0.19643049556,6.66252,3.67391,53466.33302394452,0.005035797664370678,0.003128370626931165
LUA,1874-08-23,0.21971664000000002,7.52255,3.6852,59621.3611201563,-0.003115487071776113,-0.00533981182763088
LUA,1875-08-29,0.21830746184,9.22262,3.70993,58844.09189391714,0.008504167067980628,0.004046699931005371
LUA,1876-09-04,0.25714349596,8.60278,3.75059,68560.81202157527,0.1809841080835266,0.17090366769107934
LUA,1877-09-10,0.25067058484,8.31361,3.78254,66270.43860474708,0.12505596042765044,0.11772500449799095
LUA,1878-09-16,0.3194837438,8.92397,3.8164700000000003,83711.84466273808,0.24377958053428284,0.23513576278340342
LUA,1879-09-22,0.28791192924000003,8.76194,3.8528600000000006,74726.80794007568,-0.03659024630257701,-0.04361062822106154
LUA,1880-09-28,0.24610048944000001,8.70804,3.88958,63271.73870700692,-0.10081668031846402,-0.10687713013822908
LUA,1881-10-04,0.30760455128,9.36721,3.92996,78271.67484656333,0.1373915629710627,0.12839511357188593
LUA,1882-10-10,0.41151420596,9.25898,3.97017,103651.53279582487,0.3737201338669305,0.3628952947057269
LUA,1883-10-16,0.42777822204000004,8.92684,4.01033,106669.08260417474,-0.08021800973270943,-0.08684753273961165
LUA,1884-10-22,0.50356091916,8.99993,4.0433,124542.06196918357,0.1277576044487867,0.12067351600514864
LUA,1885-10-28,0.5783845345199999,9.67051,4.07431,141958.89230814544,0.10965161884833585,0.13889110494923895
LUA,1886-11-03,0.62828326288,10.13771,4.11307,152752.873858213,0.14979977718543536,0.14190958580462554
LUA,1887-11-09,0.82646794256,10.66379,4.1546,198928.40286910892,0.2187802504817129,0.20954655735577954
LUA,1888-11-15,0.71424080416,10.38919,4.18995,170465.2332748601,-0.07394220392940154,-0.07996814332413338
LUA,1889-11-21,0.46375947592,8.94676,4.0655,114071.94094699298,-0.2197280731738963,-0.1956745549503407
LUA,1890-11-27,0.62230171172,10.0929,4.08843,152210.43572226993,0.33161540703532144,0.3257012171096405
LUA,1891-12-03,0.6736793637599999,10.27003,4.12319,163387.9020273138,0.014090777866247794,0.007531481007317042
LUA,1892-12-09,0.7361337334,10.73454,4.15897,176999.04865868232,0.021776874530768264,0.015210980185680123
LUA,1893-12-15,0.73534514924,10.95616,4.2022,174990.51669125695,0.00752199899963979,-0.0003859361878735257
LUA,1894-12-21,0.8287742632,11.27528,4.24516,195228.03927296028,0.13700039767456706,0.1284166539121192
LUA,1895-12-27,0.78950501032,11.68705,4.29385,183868.7914854967,-0.04905754028115428,-0.05722191646093988
LUA,1897-01-02,0.73299722964,11.41643,4.34484,168705.22956886792,0.0021014276541184707,-0.0067824045703045455
LUA,1898-01-08,0.67699617908,10.79981,4.37816,154630.2965355309,-0.10213248168623201,-0.10741366396377572
LUA,1899-01-14,0.37950033367999997,10.3533,4.40187,86213.43512643491,-0.2460895862054573,-0.24958234549727365
LUA,1900-01-20,0.28996101888,8.43758,4.11301,70498.49596281069,-0.272129665879415,-0.23142909274104684
LUA,1901-01-26,0.2634401692,7.74011,3.7634800000000004,69999.08839690924,-0.0677189342531781,-0.02164306547552297
LUA,1902-02-01,0.25745808504,8.67178,3.44706,74689.18006649145,0.008376840316742795,0.0785755342747867
LUA,1903-02-07,0.23282001079999998,8.83613,3.16282,73611.52730790876,-0.06983892393619662,-0.008882307750928464
LUA,1904-02-13,0.2530664032,9.06799,2.90372,87152.48136872702,0.1449227512229847,0.22253292634685184
LUA,1905-02-19,0.19984165448,9.96023,2.6817199999999994,74519.95528243069,-0.2090016352921953,-0.15980322388822876
LUA,1906-02-25,0.18764176288,10.09955,2.47953,75676.34304888426,-0.04404823378338851,0.012989415679985017
LUA,1907-03-03,0.2565924062,10.61045,2.31474,110851.50219895107,0.18262235900595747,0.2525237940738845
LUA,1908-03-09,0.25453951068,11.10524,2.27698,111788.20660699699,-0.01248833466076471,-0.00031574768557818267
LUA,1909-03-15,0.26874333824,11.77714,2.22318,120882.40189278421,0.13186956122732818,0.14281938194133748
LUA,1910-03-21,0.23632585547999999,11.12078,2.20331,107259.46665698425,0.017471501424062064,0.023974857241810144
LUA,1911-03-27,0.24624013492000002,11.60559,2.17117,113413.5673024222,0.010945917211198308,0.02228804063532608
LUA,1912-04-02,0.22923884984,10.93229,2.16823,105726.26051664262,-0.055923754398122916,-0.055392280665055416
LUA,1913-04-08,0.22519775511999998,10.82801,2.16804,103871.58683419124,-0.02409739809169409,-0.024312268567241224
LUA,1914-04-14,0.23186874048,11.00451,2.16815,106943.12685007957,0.004072296599756164,0.004305332020372088
LUA,1915-04-20,0.23888533032,11.41077,2.1777,109696.16123432979,0.03318827826505677,0.03751563573867389
LUA,1916-04-26,0.22628134568,11.0158,2.1943,103122.33772957207,-0.054567929376329705,-0.06024654996626688
LUA,1917-05-02,0.24871483,10.88575,2.19587,113264.82442038917,0.04100592824907867,0.041326336837568034
LUA,1918-05-08,0.23277139444,10.99071,2.19752,105924.58518693801,-0.044751049763632644,-0.04549586782622472
NAL,1840-01-10,0.02081792284,9.79062,0.40036,51998.008891997204,0.26121682468322827,0.2373569333589074
NAL,1841-01-16,0.02947146592,8.64843,0.40872,72106.737913486,0.30944255745900406,0.2894169451117372
NAL,1842-01-22,0.031696689959999996,8.33419,0.41644,76113.46162712516,0.06995270803235343,0.05517147379088172
NAL,1843-01-28,0.0328243162,7.58271,0.4233,77543.86061894638,0.030065385134166567,0.01723161967647635
NAL,1844-02-03,0.03207784632,7.34773,0.43015999999999993,74571.89492281943,-0.01325437506723981,-0.02505155774515533
NAL,1845-02-09,0.03311882964000001,6.34165,0.43578000000000006,75998.96654275093,0.037289959150996976,0.0272269230460358
NAL,1846-02-15,0.03293038112,6.17592,0.4406,74739.85728551974,-0.002807093520237669,-0.01107970153013782
NAL,1847-02-21,0.02894847852,6.0037,0.44533,65004.55509397526,-0.1180536937036456,-0.12497438921567838
NAL,1848-02-27,0.02867906808,6.33696,0.4501,63717.10304376805,-0.02482606495130002,-0.03266932999179617
NAL,1849-03-05,0.02400040968,7.01861,0.45551,52689.0950363329,-0.07507418950819267,-0.08351494079952448
NAL,1850-03-11,0.02224903876,7.46357,0.46145,48215.49194929028,-0.06653971839162842,-0.075470790734803
NAL,1851-03-17,0.020798395799999998,8.40178,0.46807999999999994,44433.421210049564,-0.08966357368905442,-0.09940471503806125
NAL,1852-03-23,0.021463002079999998,8.70216,0.47342000000000006,45336.06962105529,0.4434146695650436,0.43331235762851716
NAL,1853-03-29,0.11235573388,7.61619,0.47932,234406.52148877576,3.4605693892712477,3.4168526125495235
NAL,1854-04-04,0.11557789255999999,7.47964,0.48061,240481.664051934,0.022560009565072647,0.02049742413005795
NAL,1855-04-10,0.11723166728,7.44144,0.4823,243067.93962264148,-0.013610491622366938,-0.016166933041252496
NAL,1856-04-16,0.13964401568,10.21452,0.48590000000000005,287392.49985593744,0.15857559850305503,0.15254031872867535
NAL,1857-04-22,0.1499624412,11.49665,0.49196,304826.4923977559,0.019842539396013326,0.010259292847763168
NAL,1858-04-28,0.12335720852,10.03172,0.49801,247700.2640910825,-0.1371821162999608,-0.14518555238519648
NAL,1859-05-04,0.12182992276,11.42185,0.50375,241846.00051612902,0.44782133044568906,0.4354975228294773
NAL,1860-05-10,0.08219408496,9.70501,0.50983,161218.61200792418,0.17425482314862695,0.16315360504979148
NAL,1861-05-16,0.07893293096,9.7568,0.51505,153252.94817978836,0.31485274060401447,0.30470450261812543
NAL,1862-05-22,0.12525011823999999,10.38678,0.52245,239736.08620920664,0.28947445300296515,0.2756830405131008
NAL,1863-05-28,0.17139582616,11.02849,0.53112,322706.4056333785,0.08000562448401327,0.06659019085791718
NAL,1864-06-03,0.17532540584,10.7894,0.53924,325134.27386692376,0.027315231774158732,0.01519961746200349
NAL,1865-06-09,0.09493008876,10.56776,0.57854,164085.60991461264,-0.2830744741123572,-0.32591086986785567
NAL,1866-06-15,0.13221296712,8.6996,0.61596,214645.37814143774,0.10564762394421945,0.04509398822859878
NAL,1867-06-21,0.11996593908,9.31335,0.64412,186247.8095385953,0.05321784001232932,0.018688885597544447
NAL,1868-06-27,0.18699512676000002,9.80908,0.65765,284338.3665475557,0.2876246979017514,0.2781906095359905
NAL,1869-07-03,0.19994036244,9.55218,0.70364,284151.50139275764,0.14739677889628133,0.0970966113362648
NAL,1870-07-09,0.09090015324,11.59909,0.7386,123070.88172217709,-0.4599376822518627,-0.4822686861700459
NAL,1871-07-15,0.16355321111999999,13.02908,0.74931,218271.7581775233,0.5980089276803453,0.5801953285320192
NAL,1872-07-21,0.15191904104,13.39322,0.75912,200125.1989672252,-0.017591555422111993,-0.02719764185026996
NAL,1873-07-27,0.149511037,13.0395,0.77088,193948.522467829,0.025795181837478864,0.014312085695437515
NAL,1874-08-02,0.13639436564000001,12.48178,0.78205,174406.1960744198,0.16792537914057437,0.15528188573240564
NAL,1875-08-08,0.18419908104,12.34958,0.79239,232460.12827016998,0.41867008934400074,0.404707437197122
NAL,1876-08-14,0.17979655512,12.40765,0.80261,224014.845466665,-0.025447790736047637,-0.034727687496169835
NAL,1877-08-20,0.16573867439999998,12.48604,0.81305,203848.07133632616,-0.15915150345814966,-0.16745789843245562
NAL,1878-08-26,0.16377685584,12.52195,0.82463,198606.4730121388,-0.028084839778244053,-0.038239537979687266
NAL,1879-09-01,0.18143811244,12.57557,0.8363,216953.38089202438,0.01313452748013777,0.0023777730565324173
NAL,1880-09-07,0.17927065883999999,12.67161,0.84763,211496.3590717648,-0.0045438492839330324,-0.014736980799213262
NAL,1881-09-13,0.1727526164,11.49825,0.86022,200823.7618283695,-0.07620972174788765,-0.08631756190013873
NAL,1882-09-19,0.17596980544,10.54875,0.86993,202280.4196199694,-0.003436496675770062,-0.011685123836554956
NAL,1883-09-25,0.17494833356,10.67418,0.8790999999999999,199008.45587532705,-0.005736096731506657,-0.013618207708180008
NAL,1884-10-01,0.18306807115999998,10.82542,0.88927,205863.31615819715,0.045926710451118735,0.037063075692377545
NAL,1885-10-07,0.18247757528,10.82603,0.89922,202928.73299081426,-0.02580308578385282,-0.03407890284198811
NAL,1886-10-13,0.18281924908,10.81477,0.90972,200962.1082091193,-0.014500475995377848,-0.02298728737181166
NAL,1887-10-19,0.18232515340000002,10.81503,0.92033,198108.45392413592,0.005485174923728131,-0.003279306746917343
NAL,1888-10-25,0.17663117836,10.93065,0.9310300000000001,189715.8827964727,-0.045825907521958475,-0.05424666642623455
NAL,1889-10-31,0.1763333806,11.10949,0.94282,187027.61990623875,0.0002302383130172725,-0.009163848949757303
NAL,1890-11-06,0.17662891011999998,11.13728,0.95481,184988.54234873952,0.025860619091564674,0.01624849835396125
NAL,1891-11-12,0.1758391856,11.15532,0.96701,181838.02194393025,-0.002221542431865786,-0.0118513276672908
NAL,1892-11-18,0.17230924932,11.18121,0.9799,175843.70784773957,-0.011894460575596955,-0.02155752495110741
NAL,1893-11-24,0.17753727108,11.20198,0.99265,178851.83204553468,0.013925617498276255,0.00394687819821149
NAL,1894-11-30,0.18824512564,11.25024,1.00606,187111.23157664554,-0.003133058671259792,-0.013208217120505905
NAL,1895-12-06,0.184850523,11.27885,1.01959,181298.87798036463,-0.005202027159747269,-0.015132821884311198
NAL,1896-12-12,0.18349871488000002,11.26753,1.03287,177659.0615275882,-0.012051928974041615,-0.02186374280317005
NAL,1897-12-18,0.18547716356,11.56864,1.04685,177176.44701724217,-0.014763291286752578,-0.02451650390145732
NAL,1898-12-24,0.1891303128,12.46274,1.06245,178013.37738246509,0.011811129029593248,0.0007510866226878576
NAL,1899-12-30,0.22104657587999998,12.97308,1.07973,204723.93642855156,0.1539269458585364,0.13981099903957528
NAL,1901-01-05,0.24650803268000002,12.46711,1.09828,224449.16840878467,0.08411068676380706,0.07010557979460619
NAL,1902-01-11,0.24292289216,12.5913,1.11588,217696.25063626913,-0.013057944705929803,-0.024727025886285503
NAL,1903-01-17,0.24214116524,12.76677,1.13431,213470.00841039928,-0.010821441321026137,-0.022994324945735722
NAL,1904-01-23,0.22998006563999998,13.02939,1.15327,199415.63176012554,-0.03260820217802951,-0.04467462808583511
NAL,1905-01-29,0.23115126164000002,13.37606,1.17372,196939.01581297073,-0.02185179237701229,-0.034766444099505134
NAL,1906-02-04,0.23526511736,13.15191,1.19521,196839.98406974506,0.03642373586592451,0.022354751782479143
NAL,1907-02-10,0.23661691144,13.22248,1.21712,194407.21657683712,-0.005809033972250299,-0.019375275123348024
NAL,1908-02-16,0.23194274792,13.19459,1.23942,187138.13551499895,0.012112897652179377,-0.0016587050827047145
NAL,1909-02-22,0.23875550712,13.21728,1.26243,189123.7590361446,0.021015716035459153,0.007027956935522051
NAL,1910-02-28,0.26407590716,13.20539,1.28583,205373.88858558284,0.09143620669417096,0.07650420551534487
NAL,1911-03-06,0.25416917344,12.90435,1.30849,194246.17187750767,0.043623321231669454,0.02980639502866067
NAL,1912-03-12,0.25986203152,12.82841,1.33205,195084.29227131113,0.01644812775867366,0.002853521735670661
NAL,1913-03-18,0.2544487582,12.76014,1.35592,187657.64809133284,-0.03870327725971012,-0.05141701795127318
NAL,1914-03-24,0.265767476,13.16247,1.38059,192502.82560354634,0.023869461379598667,0.009947132256087787
NAL,1915-03-30,0.28262352352,13.1669,1.40595,201019.61202034212,0.03773744984630811,0.02351077043014227
NAL,1916-04-05,0.26352004744,13.23503,1.43193,184031.3754443304,-0.08304744686759136,-0.0953906535075375
NAL,1917-04-11,0.32347901872,13.51074,1.458,221864.8962414266,0.04268278807256931,0.02837573927881265
NAL,1918-04-17,0.3343779192,13.87094,1.48527,225129.3833444424,-0.009395792703874695,-0.02335368020309614
D11,1915-10-12,8.024580777719999,9.42218,22.60214,355036.32743271213,0.07126911568109495,0.07162551950777729
D11,1916-10-25,8.38548037964,10.05202,22.227467045880235,377257.57785767195,0.030271272749502476,0.033014311468752666
D11,1917-10-24,8.1667527942,10.63588,22.60214,361326.5290012362,-0.026285522487371815,-0.03174335503472192
D11,1918-11-06,8.10448891668,10.53782,22.60214,358571.75102357566,0.02967271519375836,0.025237132572923926
SAT,1837-01-13,0.15491461180000002,8.40847,7.60605,20367.288119326065,0.2522668191063586,0.23042666882375018
SAT,1838-01-19,0.18144331452,8.42985,7.76209,23375.574686714535,0.12867108888999867,0.11131758193773678
SAT,1839-01-25,0.17422222272,9.20597,7.94635,21924.811104469347,-0.005795848515250501,-0.02289130404802342
SAT,1840-01-31,0.18615788516,9.22074,8.12611,22908.61004342791,0.056880734052941806,0.03866430987234937
SAT,1841-02-06,0.16982395924,9.17612,8.30891,20438.777076656264,-0.019921629789150574,-0.03644657117007111
SAT,1842-02-12,0.14957094516,7.54388,8.45815,17683.64774330084,-0.10866196609001322,-0.12001215703241119
SAT,1843-02-18,0.21060522808,8.40618,8.60491,24475.00648815618,0.39701348335148334,0.378366331496222
SAT,1844-02-24,0.21105615596,8.40599,8.76966,24066.629260427428,0.0026942424091835893,-0.01180698448564288
SAT,1845-03-02,0.22156588272,8.40071,8.9569,24736.89364847213,0.016379751317389113,0.001447806831109677
SAT,1846-03-08,0.21234811156,8.37618,9.54676,22242.950651320443,-0.04289646431296901,-0.08677712931567971
SAT,1847-03-14,0.26864972316,9.1259,10.17433,26404.659880306615,0.24447825926590028,0.18529264819462643
SAT,1848-03-20,0.33339134659999997,9.06981,10.85882,30702.355007265982,0.21054613098487307,0.15193046035804825
SAT,1849-03-26,0.34034719368000005,8.40085,11.33245,30032.97554191724,0.0012217578811390961,-0.029432456592813017
SAT,1850-04-01,0.44310727864,8.39177,11.65944,38004.16474890732,0.17835099723125447,0.15520600532078932
SAT,1851-04-07,0.51519589056,8.39584,11.92648,43197.64847297778,0.07160582424526951,0.05265203586111378
SAT,1852-04-13,0.60568182116,8.31485,12.13359,49917.77546134327,0.11966736356007068,0.10524089051224372
SAT,1853-04-19,0.6448900463199999,8.30754,12.36916,52136.93139388608,0.03013039063480427,0.016556719104050543
SAT,1854-04-25,0.9165347864400001,7.36906,12.579419999999999,72859.86050549231,0.3237509373563834,0.3072602509147193
SAT,1855-05-01,1.1665986696,7.50187,12.750539999999999,91494.05982805433,0.21126692775428646,0.19873542239291275
SAT,1856-05-07,1.2572091662,7.56802,12.912960000000002,97360.26179899884,0.035024081748425084,0.02562368617711308
SAT,1857-05-13,1.73735380364,7.5925,13.072109999999999,132905.38433657613,0.2908329142844688,0.2783213358882062
SAT,1858-05-19,1.69816416692,7.67125,13.25227,128141.380074508,-0.014626643452827826,-0.02444048364774387
SAT,1859-05-25,2.1141286576800002,7.51097,13.49295,156683.94662990674,0.11814916302192069,0.1025511910056165
SAT,1860-05-31,2.09998977136,7.49705,13.69432,153347.50256748786,0.006782870680662745,-0.004418102266455559
SAT,1861-06-06,2.09664493792,7.86742,13.95314,150263.30545812627,0.09600765899108787,0.07987190244361342
SAT,1862-06-12,2.37527257552,7.80391,13.81397,171947.13579948415,0.09366213066854567,0.10131237618255207
SAT,1863-06-18,2.53806026864,7.80486,13.84361,183338.0360065041,0.05160255722169915,0.04919428514751134
SAT,1864-06-24,2.6004308303999997,7.8801,13.9975,185778.23399892836,0.033514962875455634,0.025350532436871687
SAT,1865-06-30,2.81391681168,8.88183,14.283059999999999,197010.78142078797,0.07384530047410753,0.06056190337405609
SAT,1866-07-06,2.95786269896,9.05771,14.89958,198519.87096012104,0.0017228504307889025,-0.03032292921968127
SAT,1867-07-12,3.23430179748,9.19297,15.273449999999999,211759.73977588562,0.0630923362754423,0.04482732068501405
SAT,1868-07-18,3.5912129676799998,10.03229,15.90848,225742.05503479904,0.10037187503283684,0.06605137860301502
SAT,1869-07-24,3.7091276794,10.3924,16.43874,225633.3319585321,0.024261764870488145,-0.0006131630774166563
SAT,1870-07-30,3.83604473876,10.528,16.97199,226022.09515560637,0.014485575782389404,-0.01057040231914752
SAT,1871-08-05,4.236540530039999,10.84291,17.75634,238593.11829126943,0.12209845761837923,0.08123366455598635
SAT,1872-08-11,4.6552384606,10.94308,18.45741,252215.15156243482,0.024738186434032805,-0.005182823295167616
SAT,1873-08-17,5.20808604264,11.12652,19.26338,270362.00514343794,0.08879001465644909,0.05424718297645814
SAT,1874-08-23,5.504686997159999,10.95885,20.01853,274979.58127594786,0.04338461804239424,0.013065135452701382
SAT,1875-08-29,5.68538659,10.38322,20.759129999999995,273874.0298846821,0.0220988938991733,-0.0055512386330991426
SAT,1876-09-04,5.918789004440001,10.54577,21.45867,275822.73292986007,0.03728292284432344,0.011546804833171942
SAT,1877-09-10,6.33362824796,10.5745,22.12559,286258.0499756165,0.05342570676901315,0.028425584950329208
SAT,1878-09-16,6.97831712396,10.68732,22.85206,305369.28066703834,0.05483954386518164,0.02902873887483004
SAT,1879-09-22,7.46343343668,11.00069,23.49765,317624.6746666156,0.043375668206612206,0.02177542259458698
SAT,1880-09-28,8.0528407986,11.06334,24.384210000000003,330248.1728380784,0.04793203334049623,0.019504148770683294
SAT,1881-10-04,8.80941685988,11.10793,24.981840000000002,352632.8268806461,0.07981872655329436,0.05996187955574661
SAT,1882-10-10,9.58955388196,11.29264,25.72912,372712.08195072354,0.05356485740285377,0.030376336027266193
SAT,1883-10-16,9.25846061556,11.41076,26.46817,349796.02350899216,-0.020530473805790983,-0.04136072502660537
SAT,1884-10-22,9.61624312896,10.74778,27.197789999999998,353567.0776544712,0.02795044988568285,0.0069389819730791835
SAT,1885-10-28,9.87591742904,10.85918,27.50834,359015.39057027793,0.017793353971271353,0.009762265773891166
SAT,1886-11-03,9.98402131636,10.82872,27.71702,360212.65332131664,-0.010189159526069247,-0.01576477861241221
SAT,1887-11-09,10.514486337160001,11.04469,27.94243,376291.0504619677,0.06032449216441349,0.05392269586774989
SAT,1888-11-15,10.98479678764,11.00434,28.20167,389508.7343281444,0.018864172099648968,0.012289792463749505
SAT,1889-11-21,11.2318970842,10.97137,28.39799,395517.32655022416,0.02314212786551373,0.01776621544079182
SAT,1890-11-27,10.91071994792,10.10181,28.54127,382278.71247215,-0.017696758886776798,-0.021487437191645364
SAT,1891-12-03,11.2523624226,10.1804,28.62056,393156.6126798357,0.017812659470640035,0.015665552241927116
SAT,1892-12-09,11.47297534656,10.63812,28.70262,399718.74855187436,0.019453345053483284,0.01728137932722995
SAT,1893-12-15,11.47306686292,10.52083,28.79613,398423.9153983538,0.0011994568374547043,-0.0012300265116627074
SAT,1894-12-21,12.137581767999999,10.62615,28.86857,420442.7780108263,0.05200780185930376,0.04991759184046707
SAT,1895-12-27,12.37686546252,10.64232,29.62068,417845.4195690308,-0.02374464513870933,-0.0438443826267465
SAT,1897-01-02,12.20435951748,10.94216,30.4297,401067.36239529145,-0.028944996506692022,-0.04813301735302633
SAT,1898-01-08,12.38344459352,10.89183,31.17527,397220.12330671074,0.0074985907401869945,-0.010494625167582594
SAT,1899-01-14,12.39526186028,10.90499,31.775599999999997,390087.42117473786,0.005308909247646376,-0.010123780022219475
SAT,1900-01-20,12.544328893200001,11.16372,31.9175,393023.5417310253,-0.0009016693829161371,-0.0035611629730987193
SAT,1901-01-26,12.80476958644,11.58936,32.40256,395177.7139349484,0.03848506711011224,0.026219687432768257
SAT,1902-02-01,12.83275642636,11.63873,32.68519,392616.85265895654,0.006922767194208701,0.0002817380760880006
SAT,1903-02-07,13.06535972456,11.70244,32.82176,398070.0524456946,0.020299127264993944,0.017016418323547944
SAT,1904-02-13,12.178152823720001,12.34799,32.98924,369155.30105331313,-0.053958786493163435,-0.0575975449805638
SAT,1905-02-19,12.265872635640001,12.40524,33.21941,369238.12420629984,-0.0028201006156495234,-0.007990998866104992
SAT,1906-02-25,11.761944984400001,12.37491,33.41033,352045.1604159552,-0.018175210205204295,-0.022333166770436508
SAT,1907-03-03,12.26105842572,12.39313,33.64227,364453.9570522441,0.010532244923726397,0.005397838502817054
SAT,1908-03-09,12.315166635199999,12.38972,33.88898,363397.3827244137,0.012849442088846086,0.0070682156567098975
SAT,1909-03-15,12.77457585248,12.48576,34.12685,374326.25198282296,0.017732526529351977,0.012361598507386384
SAT,1910-03-21,13.178775400960001,12.57666,34.35288,383629.4191625273,0.024765910773904,0.019491392286667297
SAT,1911-03-27,13.71550494496,12.69419,34.61077,396278.5267406648,0.03848954257117487,0.03256074233818418
SAT,1912-04-02,13.633861308599998,12.47087,34.87888,390891.6028438986,0.0023922774936326885,-0.0034249850507422908
SAT,1913-04-08,13.143399892480002,12.53663,35.06082,374874.2868101773,-0.06090680447015706,-0.06426631497540891
SAT,1914-04-14,14.0768342806,12.55377,35.28789,398914.02633027936,0.06205843541782197,0.05643033697822841
SAT,1915-04-20,14.273998661,12.69037,35.43928,402773.38199308794,0.011895256521536224,0.00839165964293076
SAT,1916-04-26,13.49975390608,12.76848,35.34445,381948.33718108496,-0.01614656059141306,-0.014310852438576438
SAT,1917-05-02,13.6000358026,12.84538,35.22099,386134.3989081511,-0.038217188433802396,-0.034750042104806256
SAT,1918-05-08,13.46450820468,12.94893,35.51852,379084.15679144283,-0.018968777187577168,-0.025053274630484235
POR,1837-01-20,3.49541500672,8.55797,62.342805617431644,56067.65643769244,0,0
POR,1838-01-19,3.35975270384,9.67105,61.20718,54891.48011458787,-0.020933280381150166,-0.02128615311375326
POR,1839-02-01,3.28795912536,9.82987,61.20718,53718.520038988885,0.020569931987232115,0.01156328076400448
POR,1840-02-14,3.593154461,9.1358,61.20718,58704.78693839514,0.07750841908567474,0.07901737339384085
POR,1841-02-06,3.80231404956,8.9003,61.20718,62122.02636292017,0.0375947184508898,0.03660211158215154
POR,1842-02-12,4.03026144716,8.66486,61.20718000000001,65846.22011927358,0.09092255790042136,0.08798647519784741
POR,1843-02-25,4.0507951671199995,9.24984,61.20718000000001,66181.69906079645,0.020149079625448874,0.02392622874349004
POR,1844-02-24,3.9671717841599996,9.31465,60.8840933406031,65159.41301723098,-0.018723480767263156,-0.016429943265111602
POR,1845-03-09,4.07366718512,9.27749,61.20718,66555.38100464684,-0.02872483214287269,-0.021190086484833892
POR,1846-03-22,3.99481413448,8.98064,61.20718,65267.083608164925,0.002334848259410105,0.003730292165979865
POR,1847-03-14,3.94913696372,9.10746,61.20718,64520.812161579735,0.006162262820879061,0.006805923825058846
POR,1848-03-20,4.29492717004,9.44524,61.426827865498886,69919.40361049146,0.02742585213796045,0.024255892784587285
POR,1849-04-02,3.5845152096,9.06842,61.20718,58563.639259315656,-0.13143859309628947,-0.1292247460614574
POR,1850-04-01,3.4810751898,8.86431,61.20718,56873.64112837742,-0.009974036323902924,-0.0017430783028576924
POR,1851-04-14,3.8619029243600003,8.95145,61.20718,63095.58656941882,0.15979327007216737,0.16265527532687063
POR,1852-04-27,4.12534592392,9.06691,61.317347816053804,67278.60990164879,0.03652199974791315,0.032216610734388196
POR,1853-04-19,4.04234803648,9.06957,61.20718,66043.6902415697,-0.0023212678908557383,-0.0015268202512590534
POR,1854-04-25,4.33041177296,8.21473,61.20718000000001,70750.06188751057,0.0594665922396338,0.05896850733197612
POR,1855-05-08,3.1216266915600004,9.58422,61.20718000000001,51000.988634993475,0.060161035892329684,0.015386062169196135
POR,1856-05-07,3.80020952688,9.47189,61.20718,62087.642771321924,0.09993105586260143,0.10214067160219553
POR,1857-05-20,3.9238805034,9.31899,61.20718,64108.173312346684,0.034215270247399676,0.03359416709203078
POR,1858-06-02,4.01914131476,9.3777,61.20718,65664.53992423764,0.024156809261230094,0.022394981218543775
POR,1859-05-25,4.3024671768,9.62048,61.20718000000001,70293.50440258805,0.056630034925893025,0.05665499649499828
POR,1860-05-31,4.314456133,9.58844,61.20718,70489.37939960639,0.0056044570367002056,0.00523346527157198
POR,1861-06-13,4.49841779608,9.47502,61.207179999999994,73494.93631433437,0.040205363888200285,0.041833982631292566
POR,1862-06-12,5.23696621812,9.36458,61.20718,85561.30535861969,0.08038145635647043,0.08091262609600203
POR,1863-06-25,5.0192236588000005,9.4105,61.00147469117853,82280.3659126266,0.009419375891917214,0.019642788783702736
POR,1864-07-08,4.95435185804,9.34722,61.20718,80943.96536550124,0.015290499796827728,0.011565344444145254
POR,1865-06-30,4.97464945276,9.03513,61.20718,81275.586504067,0.015987312478160653,0.01797386872597473
POR,1866-07-06,4.679039384239999,9.19589,61.20718,76445.9232436456,0.006208975412981044,0.004420704948643772
POR,1867-07-19,4.85165781984,9.66116,61.573792916776256,78794.20107183504,-0.002454309702152102,-0.0024151724588550305
POR,1868-07-18,5.333294049719999,9.72942,61.20718,87135.10489651703,0.0725443002431514,0.07919811271198363
POR,1869-07-31,4.82605848712,9.46463,61.20718,78847.91436429517,-0.08271852873013819,-0.08994709322156902
POR,1870-08-13,5.46556410608,9.48975,61.20718,89296.12679558183,0.13796532073057777,0.13120291045473675
POR,1871-08-05,5.167532780279999,9.68235,61.20718,84426.90514870967,-0.009399755157306178,-0.007118639217718492
POR,1872-08-11,5.4032218078800005,9.64224,61.20718,88277.58128833905,0.03235861209294533,0.03552393343338078
POR,1873-08-24,5.916551673240001,9.50195,61.20718000000001,96664.3402496243,0.024352525034494032,0.0248799272604312
POR,1874-08-23,6.0817331780399995,9.4762,58.39706702284473,104144.49711422744,0.06337993834343147,0.05953208802105592
POR,1875-09-05,6.56268715856,9.48693,61.20718,107220.87112263626,0.0677983872567971,0.06446010142920033
POR,1876-09-18,7.05317566928,9.49116,61.20718,115234.44911659056,0.056736481389348725,0.057063733888001344
POR,1877-09-10,7.30025038184,9.47633,61.20718,119271.14403636959,0.016572745784477316,0.016843397947324146
POR,1878-09-16,7.450238023280001,9.50198,60.103906501316196,123955.96986889446,0.007389393312724479,0.007852810046360403
POR,1879-09-29,7.86739327192,9.35397,61.20718,128537.09763985206,0.06368588449834878,0.06747664858081781
POR,1880-09-28,8.62580637152,9.42944,61.14244842722856,141077.21547635423,0.058924169153269146,0.06569362138766621
POR,1881-10-11,8.92795395856,9.45421,61.207179999999994,145864.48777022565,0.03041982448566971,0.04269004396532594
POR,1882-10-24,8.947465621640001,9.38306,61.092484033945425,146457.7151040123,0.014506757696166162,0.018787670849438998
POR,1883-10-16,8.56063937612,9.40739,108.58827,78835.7653742895,0.03242746670150454,-0.41994374312074434
POR,1884-10-22,8.80938314568,9.37275,105.35462273471359,83616.48418467898,0.01979879033574461,0.019128660468405112
POR,1885-11-04,9.94652323028,9.47409,111.52601,89185.68171030238,0.06607822170250754,0.048285002276876376
POR,1886-11-03,10.02476838376,9.5319,114.04458,87902.19038695219,0.018623216215188476,-0.004573689967759531
POR,1887-11-16,10.8932230316,9.47795,114.77318999999999,94910.86752576975,0.06701171114540938,0.05734164526939023
POR,1888-11-29,11.44860862756,9.45071,118.65609388119964,96485.63552936884,0.031515388606891515,0.02824977249324223
POR,1889-11-21,12.015945432919999,9.50462,119.13873,100856.75273624287,0.05601399046815447,0.04273522964315335
POR,1890-11-27,11.90184527324,9.47898,119.13873,99899.04435979803,-0.011875824368023924,-0.011742116648249867
POR,1891-12-10,12.1634690268,9.52978,122.5087,99286.57333560799,0.03327100751752843,0.01756750114075989
POR,1892-12-09,12.75892187284,9.4309,124.15027,102769.98892422867,0.02312549861015789,0.01764289669741137
POR,1893-12-22,13.16813656548,9.34314,125.10366,105257.80433186366,0.010884399886966323,0.0022495975702871984
POR,1895-01-04,12.413271468,9.3065,125.10366,99223.88735869118,0.017091019185018874,0.014297462829354846
POR,1895-12-27,12.973573715439999,9.27024,125.10366,103702.5912386576,-0.014815181481935946,-0.013889426614226763
POR,1897-01-02,13.5461786746,9.40372,125.10366,108279.63526087085,0.027778999346401934,0.025875197870426137
POR,1898-01-15,14.0306714912,9.35636,135.19098,103784.0800562286,0.011995321150773064,-0.033456074580391126
POR,1899-01-14,14.188954419640002,9.62893,135.19098,104954.88988718035,0.02143186984251,0.031984254550500024
POR,1900-01-27,15.02205136016,9.86936,138.22658774003182,108677.00350393199,0.06039126109100579,0.06298577817926176
POR,1901-02-09,15.5310698816,10.11156,135.19098,114882.44172503224,0.05035773294651236,0.048296477232969925
POR,1902-02-01,18.59556138284,10.58023,135.19098,137550.31129177407,0.16434437379626865,0.16498657719337273
POR,1903-02-07,18.921181448,10.67509,135.19098,139958.90441803142,0.01294937779804406,0.012975591543496146
POR,1904-02-20,19.331230978799997,10.8043,134.56500053024914,143657.198399479,0.037055398128819306,0.03670779064379581
POR,1905-02-19,18.96858352532,10.76281,144.92676,130883.92733902283,-0.006819889760415143,-0.01502209885821626
POR,1906-03-04,18.539205076600002,10.39715,149.02123,124406.46931044657,0.019245520957985818,-0.006159706631236994
POR,1907-03-17,20.33875193896,10.66682,150.02652000000003,135567.71122172265,0.05239401259979504,0.040658151159177924
BUR,1837-01-13,1.2034535811999998,8.09299,35.18805,34200.632919414405,0,0
BUR,1838-01-19,1.15588280964,8.78189,35.58913,32478.535149356,-0.08973754737176431,-0.09711907123648544
BUR,1839-01-25,1.08297216924,9.03143,36.0711,30023.264309655096,-0.06820545570348246,-0.0776461768081359
BUR,1840-01-31,1.37900108944,7.79158,36.47722,37804.4458826632,0.18137990245358826,0.1715708475081439
BUR,1841-02-06,1.2672602134400002,8.22219,36.880390000000006,34361.35608761187,0.03278407427002694,0.023775260112985253
BUR,1842-02-12,1.30584822524,8.78848,37.3151,34995.16885228768,0.011828106982922693,0.0027258010328976567
BUR,1843-02-18,1.25320097084,8.61313,37.76724,33182.222763432015,-0.06377642384248006,-0.07209617834538318
BUR,1844-02-24,1.29017459428,8.60372,38.20486,33769.907657821546,0.02004616436144535,0.011199267638374089
BUR,1845-03-02,1.3477371497200001,8.56279,38.62279,34894.86776382545,0.011936893438159624,0.0035168622726424736
BUR,1846-03-08,1.5915191266000002,7.39639,38.94191,40869.05666927996,0.11206260770751553,0.10542678824856178
BUR,1847-03-14,1.47757417028,7.65477,39.21933,37674.6408028898,-0.06251093042124589,-0.06775496262494052
BUR,1848-03-20,1.64275064356,7.75529,39.49756,41591.1930650906,0.0514754556376682,0.04582595853315796
BUR,1849-03-26,1.78333823512,6.98036,39.72757,44889.18489401693,0.07616415814168565,0.07141473343451232
BUR,1850-04-01,1.65270114308,7.79402,39.93752,41382.16752267041,-0.08353135092208774,-0.08713983362361377
BUR,1851-04-07,1.76899313604,7.76372,40.22105,43981.77412175963,-0.0054126913877438065,-0.010662288437232825
BUR,1852-04-13,1.60417351952,7.00821,40.39374,39713.41894857966,-0.07043600939495442,-0.07320507866604709
BUR,1853-04-19,1.63155507164,7.71352,40.66637,40120.49936200354,0.006407106320960088,0.0012275711181952698
BUR,1854-04-25,1.7102102695599999,7.71858,41.09908,41611.88692204302,0.030536679544008072,0.02281025363244149
BUR,1855-05-01,1.69494601536,7.69399,41.44889,40892.434401982784,-0.004853235611899542,-0.011587897916256473
BUR,1856-05-07,1.49406162932,7.60521,33.45868,44653.93223283166,-0.06716963223678218,0.07502771460616242
BUR,1857-05-13,1.6170977004,6.92468,33.68387,48008.07331224114,0.06881720437280947,0.06279619359966238
BUR,1858-05-19,1.4426516988,7.32025,33.91804,42533.46298312049,-0.023224907902571812,-0.029006033207635618
BUR,1859-05-25,1.4632584751200002,7.1625,34.15536,42841.254641145635,0.07772568000676583,0.07145465685097419
BUR,1860-05-31,1.45705940172,7.30687,34.40133,42354.740404513424,-0.003623342226648396,-0.009584994373039613
BUR,1861-06-06,1.5124600904399998,7.31334,34.63365,43670.24816731704,0.0321023895903938,0.026276673994999333
BUR,1862-06-12,1.48655050544,7.29652,34.80106,42715.66743771598,-0.02208581996972392,-0.025537940760399835
BUR,1863-06-18,1.5388258433600002,7.38753,35.01969,43941.73230431224,0.04461083770488239,0.039678894252408226
BUR,1864-06-24,1.53805726516,7.36811,35.23525,43651.09556935171,-0.03505641774570689,-0.03955202870678054
BUR,1865-06-30,2.11932789328,7.19992,35.34015,59969.40854184263,0.11572797162807658,0.11327355590736543
BUR,1866-07-06,2.15774109564,6.74373,35.4224,60914.59346741044,-0.16234605199484398,-0.16366396417688744
BUR,1867-07-12,2.49771790996,6.87238,35.53716,70284.67975381263,0.15806099392797357,0.15518811967883273
BUR,1868-07-18,2.49862467036,6.93291,35.62667,70133.54518847818,0.010089421390538256,0.008282582591587984
BUR,1869-07-24,2.51526272764,7.30283,35.78096000000001,70296.1219497744,0.008916126942097868,0.005517999311330346
BUR,1870-07-30,2.56013496232,7.97638,35.96628,71181.53343409438,0.01950473711181888,0.01575261653051152
BUR,1871-08-05,2.7065810522400002,7.92008,36.20895,74748.9516332288,0.05268814897924701,0.04733752055884155
BUR,1872-08-11,2.8425222514,8.07996,36.47492,77930.87007181921,0.05571739532127862,0.04981773942050616
BUR,1873-08-17,3.157174137,7.9494,36.77115,85860.08697035584,0.06246023271909529,0.05602893620740357
BUR,1874-08-23,3.15783774384,8.04933,37.05632,85217.25157382061,0.019010474663948562,0.013124345455315156
BUR,1875-08-29,3.2647601818,8.0403,37.35054,87408.6474198231,0.048730330934001254,0.04239907345392724
BUR,1876-09-04,3.2088193248800003,9.5749,37.68049,85158.64111321271,0.003913503958079323,-0.002369078154826898
BUR,1877-09-10,3.445733525,9.98023,38.26633,90046.09339333036,0.0914394838476622,0.07886008119874144
BUR,1878-09-16,3.95520852688,9.87442,38.79885,101941.38555343778,0.0912402159464647,0.07973434797419987
BUR,1879-09-22,4.089492283239999,9.85225,39.37947,103848.33222082471,0.027673428476777007,0.016395146417385043
BUR,1880-09-28,5.454801621360001,10.43108,39.97742,136447.06490213727,0.4468272773572062,0.4302460676748039
BUR,1881-10-04,5.40113383004,10.28561,40.61255,132991.74343989728,0.06985512546237915,0.05726942449688388
BUR,1882-10-10,5.95562710288,10.15285,41.24331,144402.25827849415,0.0641605097474025,0.05172986172600713
BUR,1883-10-16,5.61045625504,10.11148,36.51995,153627.16145668327,-0.12549212949281197,-0.009043960927518024
BUR,1884-10-22,6.71300234176,10.52886,37.0552,181162.22127420714,0.1307390716069896,0.11855768688872126
BUR,1885-10-28,8.0779384868,11.13976,37.6641,214473.1584399999,0.17631562081261376,0.16187471584317437
BUR,1886-11-03,10.02831133408,11.36733,38.32401,261671.76488264144,0.1716854989949872,0.15631950736436795
BUR,1887-11-09,10.96322816264,11.39111,38.9977,281124.99359295546,0.06033317100642033,0.04661960814552324
BUR,1888-11-15,4.81266349772,10.99904,39.61593,121483.03719539086,-0.31866753238651113,-0.32657166631833756
BUR,1889-11-21,5.890790698,10.09707,46.81634,125827.66397373225,0.19124120450301496,0.008837272767601156
BUR,1890-11-27,7.3022004135600005,9.83904,46.65732,156507.0692778754,0.07462868369621578,0.07772650759673772
BUR,1891-12-03,7.670142692680001,10.80115,47.20143,162498.10000841075,0.00011367708821619082,-0.009297780446341108
BUR,1892-12-09,8.010603011319999,11.06938,47.90195,167229.1631409577,0.03365869305090752,0.022346006361815274
BUR,1893-12-15,8.3573719034,11.1497,48.59085,171994.76657436532,-0.0026636794465881852,-0.013562215893902163
BUR,1894-12-21,8.49633013112,11.49208,49.29587,172353.7921355278,0.025792122988671506,0.014685036472816382
BUR,1895-12-27,9.13812548636,11.7067,50.04393,182602.07554362738,-0.01138070267987612,-0.022436372706613916
BUR,1897-01-02,9.73601997836,11.73199,50.79319,191679.632217626,0.07398304783814047,0.0619003390589381
BUR,1898-01-08,8.867443998919999,11.42104,51.54361,172037.6977654456,-0.06661387599543689,-0.07684897381918532
BUR,1899-01-14,10.75341469644,11.84347,52.32881,205497.0234645122,0.09882571925608974,0.08637138080642437
BUR,1900-01-20,12.302884926279999,12.2423,53.1146,231629.06105439932,0.06199206378396993,0.05000465302554091
BUR,1901-01-26,13.62810401212,11.11139,80.66284,168951.45288859156,0.1463348068264838,-0.2229838367206718
BUR,1902-02-01,14.76319274144,11.18296,81.59514,180932.255786803,0.01564943712865441,0.006883180748232354
BUR,1903-02-07,14.003523251119999,11.10936,82.4928,169754.49070852244,-0.02031974989270935,-0.02846909259081598
BUR,1904-02-13,13.89938080648,11.04526,83.27158,166916.26130403674,-0.04909412322452278,-0.05541965831344475
BUR,1905-02-19,13.72379813688,10.16228,83.89766,163577.84158556984,-0.18508615845021992,-0.18981566453731546
BUR,1906-02-25,19.13785760068,11.3395,84.56431,226311.28428387814,0.328738350495031,0.3206569950293128
BUR,1907-03-03,17.898754740359998,12.52137,58.67262,305061.4535427257,-0.03820446823518153,0.1602462409799701
BUR,1908-03-09,19.56445871328,10.75786,85.92759,227685.41179008977,0.18464071669759807,-0.18911961124518284
BUR,1909-03-15,22.12849596776,11.69326,86.84153,254814.67182533516,0.10178748947030503,0.09301156507681485
BUR,1910-03-21,22.884418099399998,11.48897,87.85636,260475.37252169335,0.02715139327453553,0.01819802390260583
BUR,1911-03-27,23.461298440839997,11.64846,88.84952,264056.5581090365,0.025418592531339712,0.016699692510352415
BUR,1912-04-02,25.28452374032,11.5646,89.88554,281296.89981636644,0.04653490294128271,0.03747304356767289
BUR,1913-04-08,25.8084093358,11.77021,90.94874999999999,283768.7085946756,-0.0008598218887395648,-0.00971973238330126
BUR,1914-04-14,26.02875526784,11.86491,92.03747999999999,282806.04018971405,-0.0001312513895964651,-0.009097771615074968
BUR,1915-04-20,27.787097210080002,12.21327,93.19507,298160.59165018064,0.05087107616171327,0.04105761487989734
BUR,1916-04-26,26.98224187776,12.12145,94.39840999999998,285833.64780995785,-0.004163631696547654,-0.013820573852009632
BUR,1917-05-02,10.19826730572,11.01913,94.93735,107421.02350360528,-0.6051456901663914,-0.3920855954408612
BUR,1918-05-08,27.49342951472,10.44226,95.71087,287255.03712086205,0.581641627058137,0.5721928398527469
BRD,1893-02-24,0.191510579,9.1221,5.481677999060543,34936.48824918598,-0.0029645715242699877,-0.0035093158019025017
BRD,1894-03-09,0.20015164364,9.28803,5.50047,36388.0984061362,0.04262720841243062,0.044414983453842316
BRD,1895-03-08,0.20695931776,9.2149,6.169056152626765,33547.971138482404,0.028667290100370835,-0.08312341718062777
BRD,1896-03-21,0.22059184524,9.64414,6.16461,35783.58488858176,-0.0672329787128001,-0.08953715209228497
BRD,1897-04-03,0.22510799116,10.45481,6.082683347848572,37008.00753332328,0.012297366878178284,0.01003241055125037
BRD,1898-03-26,0.23836403292,10.3658,6.164610000000001,38666.52276786366,0.03459308934360439,0.032997984269113045
BRD,1899-04-01,0.22425100464,10.53977,6.164610000000001,36377.160053920685,-0.0749527081082293,-0.0748830277467073
BRD,1900-04-14,0.23568821848000002,10.99788,6.16461,38232.462147646,0.023644867916448264,0.02446634108367185
USA,1837-01-13,18.32631975564,9.78736,161.20756293827415,113681.51358169894,0,0
USA,1838-01-26,17.77138626484,9.81544,165.13415,107617.87470877465,-0.029458372415039236,-0.03810219350419353
USA,1839-01-25,17.9719941232,10.08465,167.64652,107201.71300424248,0.008976371609933587,-0.004946609513729161
USA,1840-02-07,18.299484481199997,10.06137,172.25597,106234.25406504053,0.020771129365136254,0.0032780681297379655
USA,1841-02-20,18.85718652532,10.03439,175.16496279579331,107653.87223758693,0.015224549882065785,0.0030604395941826734
USA,1842-02-12,19.87136775,10.03201,178.25163,111479.30456512515,0.03387860464223391,0.025530494145616034
USA,1843-02-18,20.571360083560002,10.04641,181.85413,113120.11491605938,0.044002274977660294,0.029966060002995176
USA,1844-03-03,21.08593963944,10.00338,183.74232,114758.20942850836,0.0255217690941949,0.015101460802353195
USA,1845-03-02,20.30555640308,11.00374,183.74232,110511.04831527108,0.008136688381321644,0.005738659181902861
USA,1846-03-15,20.56785956992,11.03374,191.69367,107295.45513902468,0.0022666124755821304,-0.04278852874210448
USA,1847-03-28,21.16304475688,11.0006,197.66979,107062.61567273381,0.036834331657341846,0.007646457600214207
USA,1848-03-20,21.50504487196,11.01701,200.15916,107439.723827578,0.023945201667367133,0.00878644654892935
USA,1849-03-26,22.346605616399998,10.90004,207.03346,107937.16926916064,0.021845614985078754,0.0040207097128182046
USA,1850-04-08,23.9320425214,10.80639,211.88974,112945.73546317063,0.06495622802028933,0.040439957231867885
USA,1851-04-07,24.91803756728,10.60795,216.25263,115226.51801867102,0.021915636607279243,0.004788339855110069
USA,1852-04-20,25.23148030208,11.02861,233.6338693214011,107995.81574095333,0.024165365675110184,-0.0016855076630818422
USA,1853-05-03,28.926437037160003,11.17987,236.48399,122318.79645281695,0.12746704183982938,0.10307349115949593
USA,1854-04-25,29.792493968120002,11.0152,243.58616,122307.8272103801,0.04420650670958004,0.02106377267796633
USA,1855-05-01,31.37803257784,10.92496,254.35582,123362.74663516645,0.0385964849435676,0.006715889659580254
USA,1856-05-14,27.967596748,10.71465,252.4113759705616,110801.6492539616,-0.10654068923825022,-0.12022478169904993
USA,1857-05-13,28.72222260648,10.73176,257.68177,111463.92935161848,0.013217226581143882,0.013956021742180136
USA,1858-05-26,30.41454657592,11.07819,257.68177,118031.42525728539,0.048419700423998346,0.047732921364929126
USA,1859-06-08,32.89231406292,11.21311,257.68177,127647.03557772056,0.06053134278445782,0.0594862998579857
USA,1860-05-31,34.563138670840004,11.21746,257.68177,134131.0977134316,0.04486518626984526,0.044367595716346075
USA,1861-06-06,34.92463901472,11.25322,257.68177,135533.99223670346,-0.0025517549718591104,-0.001239817774927321
USA,1862-06-19,35.69705307948,11.27694,257.68177,138531.54252813463,0.009916515736305698,0.009379774817581232
USA,1863-06-18,35.34596278096,11.14526,256.1618883184074,137982.90999879426,-0.010123926063320021,-0.008983903832403106
USA,1864-07-01,36.5494809888,11.09351,257.68177,141839.60700363087,0.014754529832836427,0.015076119346667083
USA,1865-07-14,37.259346514,11.18458,257.68177,144594.42169308293,0.007818041541582499,0.007400540736502981
USA,1866-07-06,37.371005828,11.13833,257.68177,145027.74421333728,0.018575160668629964,0.019924280320658072
USA,1867-07-12,37.1042146566,11.13732,254.53628458692768,145771.80898516806,-0.00000484359767394249,0.00009267194338202778
USA,1868-07-25,38.063823461039995,11.12492,257.68177,147716.40019796512,0.01835343276952206,0.019062432363587734
USA,1869-07-24,39.96072849392,11.28801,257.68177,155077.82523350412,0.02271347810897839,0.02415205518893071
USA,1870-08-06,41.53393922756,11.79152,257.68177,161183.07176933784,0.040944994174154425,0.04028237738746343
USA,1871-08-19,42.59127916784,11.72951,256.9750258198778,165740.92767167816,0.017447234056066296,0.016727542266476547
USA,1872-08-11,43.94221285636,11.77202,257.68177,170528.99340283175,0.02377291426043704,0.023089447726174495
USA,1873-08-17,46.59325911708,11.84472,257.68177,180817.05631360732,0.04939876845492286,0.047214574192702585
USA,1874-08-30,49.56090950148,11.6162,257.68177,192333.78248480675,0.05083285526770953,0.05107877443761355
USA,1875-08-29,49.4384542834,11.38328,257.68177,191858.5636981615,0.003720708378022408,0.0033636143112465433
USA,1876-09-11,49.964562801919996,11.21086,257.68177,193900.2623348947,0.008054750785088327,0.008427199911613448
USA,1877-09-24,45.90110433376,11.32526,257.68177,178130.97268681446,-0.0587152404998762,-0.046251767646772635
USA,1878-09-16,47.45783221608,11.11787,257.68177,184172.2533032896,0.04282874118744262,0.04280922430606471
USA,1879-09-22,48.77361247044,11.18304,257.68177,189278.47503701953,0.01830134071656242,0.01866393475915107
USA,1880-10-05,28.9120615706,11.46415,257.68177,112200.64799539371,-0.08956080385287968,-0.06072772773889734
USA,1881-10-04,30.00100473136,11.40647,257.68177,116426.5703831513,0.015217597553355722,0.008864950999313947
USA,1882-10-17,31.693288458519998,11.17271,256.0348224844726,123785.07013608298,0.0570929252495207,0.061611420047457344
USA,1883-10-30,33.485067930599996,11.19351,257.68177,129947.36853367626,0.03489661917994047,0.03691926038484583
USA,1884-10-22,36.316161291280004,11.18872,257.68177,140934.15025548762,0.06532684565193425,0.06461095455775245
USA,1885-10-28,38.8033608742,11.27249,257.68177,150586.36423601097,0.05123496187424137,0.05137899006143032
USA,1886-11-10,39.415666390359995,11.45957,253.9735138767881,155195.97216535732,0.017260971565845384,0.018765505668912663
USA,1887-11-09,42.25648847784,11.54493,257.68177,163987.10889730384,0.02183071329879871,0.025993157203773487
USA,1888-11-22,41.83654824648,11.53396,261.07077383635385,160249.8342947582,-0.011541901293315782,-0.007194205763916051
USA,1889-12-05,43.07351999652,11.6934,257.68177,167157.80862775043,0.044202691706942465,0.04166292720238407
USA,1890-11-27,44.89232418476,11.50459,257.68177,174216.14336458495,0.03762837703777033,0.03674292270827606
USA,1891-12-03,48.3095012738,11.39424,257.68177,187477.37286110697,0.03661079592688665,0.03873954058121698
USA,1892-12-16,47.789837997199996,11.3724,257.68177,185460.68663374984,-0.00353582511192152,-0.005649003039757128
USA,1893-12-15,52.645843760640005,11.02882,257.68177,204305.65872253984,0.09112492885723311,0.09084304014570166
USA,1894-12-28,55.83818647627999,11.11219,257.68177,216694.3609409389,0.0020382337972548736,0.001869505953566275
USA,1896-01-10,55.7686967448,11.13795,257.68177,216424.68826878988,0.014274919406333186,0.018235213628849056
USA,1897-01-02,60.37336189508,11.20203,257.68177,234294.26883818753,0.028694163085781987,0.02884012718758333
USA,1898-01-08,65.02977886496,11.18688,257.68177,252364.68557694246,0.05418566279443149,0.05197855885969993
USA,1899-01-21,65.91025899276,11.43729,257.68177,255781.61385945155,0.017646339333056593,0.01726518399649013
USA,1900-01-20,65.0908194352,11.85567,250.78791025046243,259545.28418133734,0.027625897074988304,0.027818754293810866
USA,1901-02-02,59.56629941808,11.67277,257.68177,231162.2565231526,-0.039022750668885275,-0.031291805753379864
USA,1902-02-15,64.87359329256,11.98195,257.68177,251758.5675252076,0.06902091535777966,0.06947749842400697
USA,1903-02-07,69.46004551928,12.0891,257.68177,269557.46818752453,0.059516332513323444,0.05948904297963442
USA,1904-02-13,71.27001277656,12.3869,261.7383386705653,272294.89244318684,0.031082620753301926,0.023814447470462907
USA,1905-02-26,73.75872569572,12.2796,257.68177,286239.5958228633,0.02644189743515657,0.02620805899840417
USA,1906-02-25,78.60180700164001,12.35249,257.68177,305034.4112493484,0.062344433611048355,0.062111076514973274
SGU,1837-01-13,0.09293792092,8.07636,2.22926,41690.03208239505,0,0
SGU,1838-01-19,0.06117226336,9.3449,2.2627,27035.07462765722,-0.13375074144620913,-0.14348681840015598
SGU,1839-01-25,0.05272057752,9.85402,2.30139,22908.145738010506,-0.1297868199894623,-0.14118029564478196
SGU,1840-01-31,0.09000074772,8.41366,2.33794,38495.747418667714,0.7263694901153706,0.7059559770458019
SGU,1841-02-06,0.09103191604,8.40527,2.36687,38460.88549011986,0.0048530616054633935,-0.004287237331011773
SGU,1842-02-12,0.09387297348,8.93572,2.39704,39162.038797850684,0.019931331393157725,0.010274181805320026
SGU,1843-02-18,0.11712623676,9.03531,2.42938,48212.39853789856,0.07220825611177051,0.06142676540215608
SGU,1844-02-24,0.10869668628,9.60429,2.46333,44125.913409896355,0.017628560733732757,0.006737176701049341
SGU,1845-03-02,0.10670287888,9.63635,2.50028,42676.37179835858,-0.012695233218801394,-0.02363985111166167
SGU,1846-03-08,0.13651143531999999,9.62854,2.53689,53810.545715423206,0.3137368393712836,0.29913721560557693
SGU,1847-03-14,0.12803158004,9.67081,2.57244,49770.48251465535,-0.039270235052681124,-0.04925738484642983
SGU,1848-03-20,0.12774921068,9.47828,2.60905,48963.879833655934,-0.006881814962112709,-0.017257045158592055
SGU,1849-03-26,0.12442500668,9.47915,2.64441,47052.08597759046,-0.021275840951949898,-0.03130573648067103
SGU,1850-04-01,0.12853140768000001,9.11724,2.67957,47967.17670372485,0.20282212543369593,0.1910678248217874
SGU,1851-04-07,0.12803822044000002,9.3191,2.7137,47182.15736448392,0.0013166264728925459,-0.008279569512123719
SGU,1852-04-13,0.1288426282,9.34619,2.74889,46870.78355263398,0.007058653319049535,-0.0026123160316957605
SGU,1853-04-19,0.12927162976,8.66557,2.78007,46499.41539601521,-0.006327892685010217,-0.01461830251898577
SGU,1854-04-25,0.13193743160000002,9.62207,2.81555,46860.26943226013,0.01926614996203413,0.009322666075651798
SGU,1855-05-01,0.13006502288,9.33382,2.85354,45580.23468393644,-0.1270504510855066,-0.1357756629276966
SGU,1856-05-07,0.1283950668,9.31752,2.89092,44413.22028973476,-0.002941245387481861,-0.012548930107699197
SGU,1857-05-13,0.12714977548,9.31357,2.92753,43432.44150529627,-0.005328627568991884,-0.0148715196537752
SGU,1858-05-19,0.12755711956000002,10.05577,2.96848,42970.51674931278,0.004361498807593289,-0.006073079386680114
SGU,1859-05-25,0.13490140508,10.54573,3.0183999999999997,44693.01785051683,0.05116784044171463,0.0384278127724238
SGU,1860-05-31,0.13572333528,10.5658,3.07521,44134.65593569219,0.0009826159507571042,-0.013207495204337949
SGU,1861-06-06,0.13633744956000002,10.57279,3.13438,43497.42199733281,0.0035252430904177956,-0.010704687958677517
SGU,1862-06-12,0.131787812,10.37877,3.19565,41239.751537245946,-0.02770156246361588,-0.04183044241151446
SGU,1863-06-18,0.13341387852,10.35721,3.25781,40952.01332183276,0.008852004939191804,-0.005718494270259056
SGU,1864-06-24,0.13138978112,9.95655,3.31762,39603.62582815392,-0.004488491071296563,-0.017791125512917283
SGU,1865-06-30,0.11840466508000001,9.84476,3.3754,35078.70625111098,-0.09564436386710296,-0.10755883874304129
SGU,1866-07-06,0.12054761992,9.83296,3.43431,35100.97222440607,0.015435283899164709,0.0022223995998593704
SGU,1867-07-12,0.1209296894,9.79465,3.4954800000000006,34596.01811482257,0.0011486340268991313,-0.01187868135252057
SGU,1868-07-18,0.12319127028,9.81464,3.54727,34728.47296089669,0.011421799360426865,0.00019265094468812194
SGU,1869-07-24,0.134494919,7.85126,3.56215,37756.66914644246,0.12933090333516728,0.12486607145263573
SGU,1870-07-30,0.13010702848,9.53105,3.58531,36288.92019936909,-0.031937596416723224,-0.0374746705269966
SGU,1871-08-05,0.13262071679999998,9.5486,3.6340200000000005,36494.217643271084,0.016963463062921846,0.006630738475700282
SGU,1872-08-11,0.13353632863999998,9.53663,3.68386,36249.023752259855,0.005133271705195064,-0.005030498053043009
SGU,1873-08-17,0.13450604388,9.5288,3.73282,36033.35919760396,0.005979855829280067,-0.004153119360367552
SGU,1874-08-23,0.13254174700000002,9.56837,3.7752,35108.53650137741,-0.021218898681506504,-0.02940686023989114
SGU,1875-08-29,0.13306828652,9.57325,3.82819,34760.10504180827,-0.0037591557444653922,-0.014013971156593974
SGU,1876-09-04,0.13327353364,9.55587,3.8799100000000006,34349.64564641963,-0.004729057507805612,-0.01496165467993782
SGU,1877-09-10,0.13432353116,9.55312,3.9329900000000007,34153.03144935532,0.006094975596428132,-0.004207940793870657
SGU,1878-09-16,0.13544203712,9.5511,3.9884300000000006,33958.73492075829,0.006186708259909857,-0.004153629914944945
SGU,1879-09-22,0.13880812556,9.58772,4.04216,34340.08687434441,0.019272722097288808,0.008809947014953634
SGU,1880-09-28,0.15474178304,9.65629,4.09887,37752.30320551762,0.15329928601448128,0.1414672771178016
SGU,1881-10-04,0.15327139412000002,10.2022,4.16182,36827.972886862,-0.007738312375677903,-0.019066915890143754
SGU,1882-10-10,0.15523923324,10.36738,4.23225,36680.071649831654,0.011592643631116673,-0.0012132667534555663
SGU,1883-10-16,0.15619813144,10.39462,4.30631,36271.91991287204,0.005057872614228076,-0.007748798969078208
SGU,1884-10-22,0.1558579048,10.40374,4.38299,35559.72174246347,-0.0032965336504744425,-0.01680282202701544
SGU,1885-10-28,0.1574874912,10.42514,4.46404,35279.13979265419,0.008534948164841127,-0.00541623698248983
SGU,1886-11-03,0.16223368512,10.46875,4.54943,35660.22229597994,0.0180073294737233,0.003919226308663815
SGU,1887-11-09,0.16112951243999998,10.4395,4.63588,34757.04988912569,-0.006294767434627757,-0.020630752104289107
SGU,1888-11-15,0.16242893160000002,10.44071,4.7276,34357.587697774776,0.006260141388265694,-0.008625531178784729
SGU,1889-11-21,0.16390512684,11.42991,4.82665,33958.36177058623,0.006835853211969889,-0.008455803910631055
SGU,1890-11-27,0.16617992924,11.44008,4.92718,33727.18862310693,0.010450338684544702,-0.005344654757214462
SGU,1891-12-03,0.16791335912000002,11.44109,5.031230000000001,33374.21646794124,0.008393926258742024,-0.007366942340728988
SGU,1892-12-09,0.17633988632,11.4772,5.13871,34315.98325649823,0.03890786580455208,0.022556273414498174
SGU,1893-12-15,0.18176464903999998,11.43987,5.2454,34652.199839859684,0.024505563110783335,0.008568759463542186
SGU,1894-12-21,0.18247938071999997,10.37952,5.35219,34094.339087364235,0.0011729075245299203,-0.0135579826227894
SGU,1895-12-27,0.1862419468,10.31559,5.45505,34141.198852439484,0.014963881776182575,0.00017563096705242032
SGU,1897-01-02,0.19031084124,10.09987,5.55651,34250.06726164445,0.013847764717439537,-0.00011892264674495667
SGU,1898-01-08,0.19508632624,9.25283,5.655,34498.02409195402,0.010544161341061287,-0.0025564582894589405
SGU,1899-01-14,0.19586099935999998,9.1339,5.73742,34137.46934336339,0.008152653741622329,-0.0030720514096267415
SGU,1900-01-20,0.27096328428,9.13967,5.81725,46579.27444754825,0.3588846301055235,0.3448367312348579
SGU,1901-01-26,0.2767017032,7.57514,5.8835500000000005,47029.718996184274,0.07460329576963676,0.06516322959438314
SGU,1902-02-01,0.2602920606,8.26532,5.86285,44396.84805171546,0.00894253270003409,0.012784343741708337
SGU,1903-02-07,0.26800835568,8.94488,5.91503,45309.720437597105,0.005714372269878698,-0.0007401587404689547
SGU,1904-02-13,0.270380409,8.92194,5.95908,45372.84429811313,-0.0015254439011981313,-0.007294849798342273
SGU,1905-02-19,0.245823019,8.94871,5.990779999999999,41033.55806756383,-0.12751037361533668,-0.13067984728045168
SGU,1906-02-25,0.23351139084,8.82451,6.05755,38548.817729940325,-0.025143297927114006,-0.03317659267419115
SGU,1907-03-03,0.24766524588,8.59828,6.11763,40483.8550026726,0.07156059747828913,0.06326303551632595
SGU,1908-03-09,0.24904302592,8.49129,6.15633,40453.16380375971,0.009261273631662625,0.004516535705730407
SGU,1909-03-15,0.24869671788,8.47407,6.18852,40186.78421981347,-0.002911155102139573,-0.0066364471891187105
SGU,1910-03-21,0.24911081,8.49996,6.22611,40010.666371137035,0.030039484243597148,0.024814635214118974
SGU,1911-03-27,0.25087789532,8.60522,6.27982,39949.85450538391,-0.0012004364629236708,-0.007594929903095293
SGU,1912-04-02,0.24925359368,8.71242,6.33254,39360.761034276926,-0.012382694320968168,-0.018554224755478743
SGU,1913-04-08,0.22816466296,7.92046,6.34145,35979.88834730227,-0.05234158840875702,-0.05274608960806093
SGU,1914-04-14,0.25454036088,8.67294,6.39622,39795.435566631546,0.052132366657187346,0.0455124030862315
SGU,1915-04-20,0.24268304216,8.53941,6.43078,37737.730440164334,-0.03778940358394789,-0.041772831749682826
SGU,1916-04-26,0.335888241,8.55068,6.47669,51861.09586841427,0.1228755144041922,0.11674371901955172
SGU,1917-05-02,0.26822697356,8.72701,6.53785,41026.7861085831,-0.05949584125594465,-0.06619561826400422
SGU,1918-05-08,0.26846778243999997,8.65954,6.59655,40698.210798068685,0.002522531534035144,-0.004486260661450858
TRN,1837-01-13,0.104300352,11.05413,3.74046,27884.36502462264,0.6889301551710914,0.13927945112039386
TRN,1838-01-19,0.09848918768,11.14679,3.82752,25731.85448541092,0.15056747719003716,0.13056725384137913
TRN,1839-01-25,0.07463656252,14.04785,3.9201499999999996,19039.210877134807,-0.28447278157025013,-0.29747025298160346
TRN,1840-01-31,0.07769238516,11.37277,4.00489,19399.38054728095,0.39339717646164796,0.3716517387522347
TRN,1841-02-06,0.07816140072000001,12.19352,4.09084,19106.442862590568,-0.026099283836893306,-0.04134632775908487
TRN,1842-02-12,0.07959397108,12.24605,4.17543,19062.460891453095,0.03926101208398758,0.023090042359873664
TRN,1843-02-18,0.11919645243999999,12.28347,4.26329,27958.795305972617,0.09338180384735195,0.07609448816091846
TRN,1844-02-24,0.08342839024,12.29469,4.35225,19169.025271985753,-0.28248114742877406,-0.2934677424039621
TRN,1845-03-02,0.0913824132,12.38177,4.8373,18891.202364955658,0.08164094145135592,0.027677808979084784
TRN,1846-03-08,0.09718996508,12.45241,5.26115,18473.14086844131,0.03903164690694405,-0.0169457775292029
TRN,1847-03-14,0.11640973344,12.52067,5.63025,20675.766340748633,0.5949032113388937,0.49872783342026006
TRN,1848-03-20,0.11345234523999999,12.6058,5.970170000000001,19003.20179157377,-0.028744515324667708,-0.06544191603539051
TRN,1849-03-26,0.1151199348,12.62633,6.3605100000000006,18099.167330921577,0.015982224570449732,-0.04117928253254155
TRN,1850-04-01,0.123626633,12.71106,6.78051,18232.64518450677,0.16602204551371202,0.1221252804031483
TRN,1851-04-07,0.14023036404,12.60878,7.07729,19814.13281637463,0.16058127023451418,0.11836464624232068
TRN,1852-04-13,0.14374331868,12.66295,7.50749,19146.654698174756,0.028543364609247224,-0.010461253280607097
TRN,1853-04-19,0.31249624432,11.77572,7.82267,39947.51719297887,0.7452068487848145,0.683749338966587
TRN,1854-04-25,0.16675898668,12.70093,8.26338,20180.481434957608,-0.33489259395850723,-0.3582333046844386
TRN,1855-05-01,0.35055756944,12.54085,8.74108,40104.60600291954,0.27405669769221497,0.2347886500883567
TRN,1856-05-07,0.77517127688,9.86796,9.032,85824.98636846767,0.11365009972032869,0.0822263971633459
TRN,1857-05-13,0.67509457704,9.13627,9.36671,72073.82069477972,-0.1326561861080826,-0.15701433601713854
TRN,1858-05-19,0.76289828992,9.92226,9.72585,78440.26896569451,0.03015021506374871,0.00182260652467936
TRN,1859-05-25,0.68195769512,9.98312,10.18437,66961.2057613775,-0.08979528404067827,-0.11515926363677431
TRN,1860-05-31,0.67699406632,9.11394,10.56409,64084.465989971686,-0.008120305841566866,-0.034103553649601936
TRN,1861-06-06,0.7055286888,8.02128,10.72029,65812.46298374391,0.1286589598117156,0.11604135354926659
TRN,1862-06-12,0.83630308164,8.42018,10.86247,76990.13959440164,0.011596567829824878,0.0013537031942743027
TRN,1863-06-18,0.79299267424,8.72414,11.005530000000002,72054.01959196875,-0.009282597579430507,-0.019262427278312955
TRN,1864-06-24,0.87195163952,8.72641,11.15981,78133.19756519151,0.034569204755130256,0.023529547390797045
TRN,1865-06-30,1.03756477084,9.36798,11.2552,92185.36950387376,0.010515306560141768,0.004301058621800857
TRN,1866-07-06,1.0435637706,9.70674,11.38108,91692.85960559103,0.06139415138397264,0.051747700019246334
TRN,1867-07-12,1.07844189856,10.38879,11.47061,94017.83327652146,0.02916991144040093,0.023201290649451423
TRN,1868-07-18,1.07740850204,10.36355,11.62753,92660.13521702372,0.00007754734975184974,-0.010177583410019841
TRN,1869-07-24,1.13354507396,10.64265,11.79885,96072.50485937188,-0.003939989160243074,-0.014560705010545294
TRN,1870-07-30,1.36808033596,9.77341,13.03636,104943.43021825112,0.08164781513438535,0.03834833825458239
TRN,1871-08-05,1.39128036996,9.71339,13.20564,105355.01270366297,0.0062424237455176446,-0.003508496138710515
TRN,1872-08-11,1.43011922612,10.23497,13.39688,106750.17064570259,-0.007289263850167149,-0.01790272823306227
TRN,1873-08-17,1.39668915568,9.95098,13.57964,102851.70709090964,-0.027772389998372282,-0.0377901262046858
TRN,1874-08-23,1.49485830676,9.84228,13.76348,108610.48998945035,0.03201895449017833,0.02167318198522339
TRN,1875-08-29,1.4373293141999999,10.36766,13.9595,102964.24042408395,-0.04738923683733731,-0.057365130621689686
TRN,1876-09-04,1.44833864292,11.06375,14.18883,102075.97405282888,-0.0020562698371762167,-0.014450392823621261
TRN,1877-09-10,1.26584946228,11.24914,14.447070000000002,87619.80541936877,-0.12420487245710732,-0.13585593252228056
TRN,1878-09-16,1.2674352386799999,11.17531,14.709690000000002,86163.28683201344,0.0025954530526310915,-0.010960330466303292
TRN,1879-09-22,0.9112710385999999,10.46469,14.94869,60959.92616075389,-0.21851311206239865,-0.22799101116955856
TRN,1880-09-28,0.87258224612,9.94684,15.14785,57604.36273926663,-0.0208775678004397,-0.030453909574942428
TRN,1881-10-04,0.6998779814,8.80498,15.303679999999998,45732.65916433172,-0.193769720542329,-0.20011426663804555
TRN,1882-10-10,0.7084700948,8.39686,15.44391,45873.751841340694,-0.0018972071631403464,-0.008829486505249062
TRN,1883-10-16,0.72428151744,7.96912,15.54607,46589.36422131123,0.020358229174334053,0.015328434932825097
TRN,1884-10-22,0.8516066286,8.33846,15.64594,54429.879483111916,0.15095918679555664,0.14523762954174368
TRN,1885-10-28,0.8499292963199999,7.99245,15.74035,53996.848629160086,-0.00008556113148705524,-0.004561246922060502
TRN,1886-11-03,0.84997950492,7.99669,15.83693,53670.7243714533,0.00170844266766923,-0.0028977648993216976
TRN,1887-11-09,0.97798008204,8.50172,15.96373,61262.62985154472,0.037902257549289775,0.03145864264947784
TRN,1888-11-15,0.90810010512,8.65032,16.10447,56388.077665393525,-0.018466921173109774,-0.024900790533948558
TRN,1889-11-21,0.9128699840000001,8.62201,16.24325,56199.95899835317,0.0038447025163657056,-0.0026641316617336264
TRN,1890-11-27,0.9177688624,8.58472,16.38084,56026.97190131886,0.004902260400686087,-0.0014942006310463274
TRN,1891-12-03,0.92483114256,8.53827,16.51421,56002.14255238367,0.0052435951451152985,-0.0008244787152072997
TRN,1892-12-09,0.9311097068,8.50617,16.65015,55922.001111101104,0.004416933282683111,-0.0018867525404191454
TRN,1893-12-15,1.06089357712,7.95407,16.98017,62478.383733496186,0.13864215454787399,0.11818879578716923
TRN,1894-12-21,1.0519103946,8.46868,17.13342,61395.237763388744,0.004520997377585045,-0.0026472558997279183
TRN,1895-12-27,0.9547085610399999,8.83077,17.32045,55120.30928988565,-0.004018724895245462,-0.012283676493939466
TRN,1897-01-02,0.97121264864,8.79284,17.51925,55436.885063002126,-0.013409525910709541,-0.021001935818970696
TRN,1898-01-08,0.97559358884,8.72498,17.69764,55125.63193962585,0.002519645887144595,-0.005199674453454151
TRN,1899-01-14,0.97867745352,8.683,17.86779,54773.27937702424,0.0038109272439119657,-0.0036825580941268754
TRN,1900-01-20,0.94564447432,8.08935,18.02814,52453.801352774055,-0.03128076613547548,-0.037834621227796794
TRN,1901-01-26,0.9413734278,8.04419,18.14647,51876.394020434826,-0.005255227168606269,-0.010045904218569657
TRN,1902-02-01,0.95135994668,8.03282,18.2655,52085.0755073773,0.008347733331294016,0.0035185073892443075
TRN,1903-02-07,0.93456699284,7.89706,18.3938,50808.804751601085,-0.012506021159157,-0.018014194625686764
TRN,1904-02-13,0.81061889168,7.6441,18.50314,43809.80156232943,-0.12956017700079958,-0.13364892521339466
TRN,1905-02-19,0.83762735888,6.71089,18.41769,45479.50144019147,0.02876181099735997,0.03320031604755713
TRN,1906-02-25,0.83333608384,7.48823,18.46737,45124.78408349429,0.09043824118254862,0.08754183837765495
TRN,1907-03-03,0.84674365672,8.08408,18.59047,45547.189324422674,-0.0018448166644594588,-0.007120173241434102
TRN,1908-03-09,0.81473926352,8.80421,18.7942,43350.56897979164,-0.05134829853284373,-0.05939499550979532
TRN,1909-03-15,0.82697961008,8.76729,18.99891,43527.73975349112,0.013882395294757988,0.0061999579456775145
TRN,1910-03-21,0.83096317148,8.75189,19.18421,43314.95388551314,0.008419820428128721,0.0008885988441080794
TRN,1911-03-27,0.8406200353200001,8.74062,19.38772,43358.37506008958,0.006078969773352316,-0.0016638064674368014
TRN,1912-04-02,0.96598528104,8.089,19.67028,49108.87293114282,0.11620364772522596,0.10291819178958939
TRN,1913-04-08,0.96932292652,8.07438,19.83712,48864.09551991418,0.0051829507582186185,-0.00075358984996865
TRN,1914-04-14,1.10465745988,8.12096,20.01388,55194.5679638331,0.09525659854920265,0.08773472513515124
TRN,1915-04-20,1.1118623505599998,8.09411,20.13929,55208.61711410879,-0.0033679170297489236,-0.00811917482785085
TRN,1916-04-26,0.99893727388,8.61495,20.29338,49224.7853181678,-0.09050406731969307,-0.09590243489491657
TRN,1917-05-02,0.8593935994799999,10.35591,19.73074,43556.075417343694,0.1598030950967657,0.176052709302972
TRN,1918-05-08,5.5406774228,13.27609,19.582959999999996,282933.6026218713,3.294914556564053,3.3148785564380887
RUS,1867-12-13,43.359400162,8.99009,792.58866,54706.056685191536,0.008235704560834556,0.008835985636482135
RUS,1868-12-26,43.71320131516,8.58334,789.5002517260288,55368.191738499016,0.010534049276611723,0.010749796810006984
RUS,1869-12-25,44.86079511004,8.7566,792.58866,56600.34942972815,0.013325174785695282,0.014662519386959616
RUS,1871-01-07,45.2783897956,8.8316,792.58866,57127.22384344989,-0.015015526269360646,-0.015414096211736839
RUS,1872-01-20,45.69899436232,8.80378,792.58866,57657.89578962686,0.007384611119962914,0.006678630450023482
RUS,1873-01-12,45.5585640172,8.79602,792.58866,57480.71643770427,0.023498790900608135,0.023463181119152132
RUS,1874-01-18,48.917846091920005,8.95844,792.58866,61719.084010008424,0.045452472716686065,0.046614214255837005
RUS,1875-01-31,51.08404036892,8.94167,792.58866,64452.146424754545,0.03539029990141174,0.03625932161295409
RUS,1876-01-30,52.87844493672,8.92853,795.0555271300992,66509.12185667657,0.028283206099043223,0.029159670571357266
RUS,1877-02-12,55.01188873544,8.94601,792.58866,69407.8675506662,0.0302977594428413,0.0309911440381625
RUS,1878-02-25,55.34453330432,8.91763,792.5886599999999,69827.56137883679,0.008694796916070668,0.009466682876965615
RUS,1879-02-17,60.821031014119995,9.06878,792.58866,76737.19557647973,0.06109306644957213,0.05992356960524803
RUS,1880-02-23,58.4873570034,9.09995,779.6568223562629,75016.79627023682,-0.03743536207691256,-0.03481374979701002
RUS,1881-03-08,63.90953864256,9.10093,792.5886600000001,80633.93014298235,0.044006055751328876,0.040120945597518
RUS,1882-03-07,66.17256082684,9.0379,784.7418887548795,84323.98190420741,0.039731657792779984,0.041515242267589736
RUS,1883-03-20,63.934254207719995,9.02022,792.58866,80665.11348739205,-0.04851834147517242,-0.04851594443796026
RUS,1884-04-02,64.6828602134,9.08196,794.7531363720894,81387.3607453329,0.006108231575808976,0.007817579706434152
RUS,1885-03-25,67.22502144072001,9.10265,792.5886600000001,84817.03667160719,0.044022699166263335,0.043645959007013735
RUS,1886-03-31,68.43478400772,9.09897,792.58866,86343.38019385742,0.021454859347860733,0.021726975585363517
RUS,1887-04-13,73.44168861276,9.06448,792.58866,92660.53417009526,0.04483390112276098,0.04445800452290305
RUS,1888-04-12,74.2949894856,9.04988,792.58866,93737.1340710325,0.01156672904950895,0.01158855300368744
RUS,1889-04-25,80.01029116912,9.02015,792.58866,100948.06449680973,0.05067908416871991,0.052663981313738395
RUS,1890-05-08,83.99679205424,9.00123,792.58866,105977.78683111616,0.02861481918257458,0.02800458124889782
RUS,1891-04-30,84.16605769208,8.9722,792.58866,106191.34734034677,0.006165747086092299,0.006663883687976213
RUS,1892-05-06,83.8524986338,9.17738,792.58866,105795.73348147575,-0.01348127640866803,-0.013678525620964055
RUS,1893-05-19,86.92661354676,9.06102,792.58866,109674.30892432903,0.01865477735495169,0.018871559327795273
RUS,1894-05-18,88.99567575964,9.0207,792.58866,112284.82093049375,0.017627777304323633,0.017518994053777215
RUS,1895-05-31,91.20318860432,8.99283,790.1805493575025,115420.69553404915,0.030288662758603646,0.02921700971257679
RUS,1896-06-13,97.159629528,8.97566,792.58866,122585.1875397763,0.05629922019044553,0.05599583187119839
RUS,1897-06-05,98.66923520844,9.03469,792.58866,124489.83967098394,-0.00579083942455505,-0.007357791604193142
RUS,1898-06-11,105.74391506431999,9.00947,792.58866,133415.88190817667,0.06328793803345478,0.062148998178577886
RUS,1899-06-24,109.29352544084,9.03629,792.1242644752826,137975.22730002218,0.04384134858816613,0.04368603161537554
RUS,1900-06-23,111.68372879923999,9.07477,792.5886599999999,140910.07660801001,0.023510380273380926,0.023542769398898544
RUS,1901-07-06,117.25651210416,9.19915,800.2464318261752,146525.50444564776,0.025437504139987466,0.026779309383578198
RUS,1902-07-19,121.473026272,9.26299,792.58866,153261.12068270065,0.046526011338044126,0.045387175880130526
RUS,1903-07-11,125.31657293479999,9.29055,792.58866,158110.47931823804,0.01799903541233272,0.017584675142827466
RUS,1904-07-17,127.29613670488,9.21259,1258.82235,101123.19399546727,0.014523599412996635,-0.17292097593931932
RUS,1905-07-30,127.83731629552,9.28265,1268.58758,100771.3762226176,-0.0020789687004167945,-0.005814697909577893
RUS,1906-07-29,132.23277349256,9.41393,1273.65023,103821.8895407101,0.023567962865810088,0.018852389442233664
RUS,1907-08-11,135.97648432576,9.59145,1290.01631,105406.79468289824,0.01983918665332407,0.018964391499299404
RUS,1908-08-24,137.46258161896,9.60492,1290.01631,106558.79352328498,0.0024913249311999675,0.005362911837120121
D08,1913-05-06,0.08484327228,8.1914,1.58748,53445.25428981783,0,0
D08,1914-05-12,0.0846585584,8.0686,1.59762,52990.42225310148,-0.002817417364166297,-0.007624111416514423
D08,1915-05-18,0.08462522952,8.08189,1.60727,52651.53304671897,0.000705568162056025,-0.0036777847063871327
D08,1916-05-24,0.0841245158,8.06609,1.6165,52041.14803587998,-0.005063574060944154,-0.009489065847314682
D08,1917-05-30,0.08759351432,8.3155,1.62586,53875.188712435265,0.030301168333656037,0.025883355875428782
D08,1918-06-05,0.07928042876,7.88532,1.63616,48455.18088695482,-0.09648436425044904,-0.10084780249077407
KFA,1837-01-13,0.16409647279999998,6.13125,4.51796,36320.92200904833,0,0
KFA,1838-01-19,0.18136807468,6.01888,4.50522,40257.31810655196,0.186485791946307,0.18936746001410754
KFA,1839-01-25,0.17977603332,5.97383,4.50288,39924.67783285364,-0.007656153480403827,-0.007289561018450241
KFA,1840-01-31,0.18063064707999998,5.99961,4.50323,40111.35275790932,0.007192370265811654,0.0072814186011171955
KFA,1841-02-06,0.18065463571999998,5.99376,4.50176,40129.77940183395,0.0003815150128088085,0.0005008142125595416
KFA,1842-02-12,0.18625877763999998,6.0084,4.50054,41385.87317077506,0.02953253697546243,0.029735438949862303
KFA,1843-02-18,0.19010673656,7.49109,4.49791,42265.571467637186,0.018454672238257475,0.01895659541559036
KFA,1844-02-24,0.19581858868,7.53442,4.51963,43326.243227874846,0.02210847791390047,0.020033672245697964
KFA,1845-03-02,0.1955243134,7.32627,4.545,43019.65091309131,-0.0026847882274373402,-0.007053368191767606
KFA,1846-03-08,0.19392416212,6.67366,4.55966,42530.39966137826,-0.009412648478741348,-0.011433501872730067
KFA,1847-03-14,0.19364044544,7.43934,4.57833,42294.99521441224,-0.01943437805731152,-0.022151389231929164
KFA,1848-03-20,0.19589975652,7.48929,4.61335,42463.66664571299,0.0041916811652351615,-0.0020102791742526716
KFA,1849-03-26,0.19706315668,7.46353,4.63405,42525.038935704186,0.004450338329316628,0.0010977083149783518
KFA,1850-04-01,0.17495920156,7.68332,4.65552,37581.022433584214,-0.11302925171241907,-0.11626129770413118
KFA,1851-04-07,0.1760271994,7.64495,4.67872,37622.939479173794,0.004690298449504748,0.0010617194619158
KFA,1852-04-13,0.16976006164,7.60114,4.69993,36119.700004042614,-0.036874449034547285,-0.04020893676245718
KFA,1853-04-19,0.17063967024,7.56542,4.71946,36156.609069681705,0.0036510960083202537,0.00042014351206653977
KFA,1854-04-25,0.16905602636,7.56578,4.71514,35853.872071667014,-0.011370868234511833,-0.009986870634283718
KFA,1855-05-01,0.16374347184000002,7.4894,4.72578,34648.98320277288,-0.031020585123401112,-0.03266537022869698
KFA,1856-05-07,0.17048081128,7.46705,4.74401,35936.01431700186,0.04015302025001466,0.03706947126095228
KFA,1857-05-13,0.17897967671999998,7.53035,4.7632,37575.5115720524,0.027077454596852624,0.02409663884443325
KFA,1858-05-19,0.17958190484,7.49986,4.78032,37566.92121866319,0.030814567001970605,0.027930040668323386
KFA,1859-05-25,0.17375193419999999,7.47323,4.79727,36218.91913525818,-0.013399634986241082,-0.01599621457942968
KFA,1860-05-31,0.18998246384,6.63548,4.80696,39522.37252650324,0.07677462683362957,0.07468746482901722
KFA,1861-06-06,0.17301880128000002,7.24333,4.80284,36024.26924069926,-0.10221900974630027,-0.10156705516661924
KFA,1862-06-12,0.17338320324,7.2342,4.81616,36000.29966612405,-0.028296308515935342,-0.03021151152426549
KFA,1863-06-18,0.1737634418,7.22269,4.82827,35988.758250884894,0.0015588791927698686,-0.00038754403539797977
KFA,1864-06-24,0.2110691674,6.57799,4.83189,43682.52741680792,0.21473104155560296,0.21405538224005705
KFA,1865-06-30,0.2111138822,6.70523,4.83167,43693.770932203566,0.00020118126210189047,0.0002288784271764488
KFA,1866-07-06,0.19145087208,6.06249,4.79224,39950.18448157856,-0.07575119909458261,-0.06997877254981655
KFA,1867-07-12,0.20488202332,6.75861,4.77727,42886.84192436266,0.028432221547808778,0.030330641123732738
KFA,1868-07-18,0.2079896988,6.74009,4.75319,43757.91811394032,0.010865125902653094,0.014562556540018257
KFA,1869-07-24,0.20923643104,6.73927,4.75292,44022.71257248176,0.004864460261260195,0.004825159312701777
KFA,1870-07-30,0.20928963692,6.73739,4.7553,44011.868214413385,0.00020786576648701427,-0.00009698836946547829
KFA,1871-08-05,0.20934988308,6.73498,4.75681,44010.56234745555,0.0002146040118387038,-0.00006546416993791215
KFA,1872-08-11,0.2250418014,5.81528,4.89721,45953.06335648256,0.056955193325369136,0.048579144581651024
KFA,1873-08-17,0.22950909748,6.5795,4.86323,47192.72941645779,0.022662296323500808,0.027205919769590192
KFA,1874-08-23,0.23111567648,6.58743,4.85695,47584.528660990945,0.005321879763639403,0.007616250886898435
KFA,1875-08-29,0.23621550576,6.87819,4.93748,47841.30887821318,0.013340332964387969,0.008033564537749838
KFA,1876-09-04,0.24086568792,7.69823,4.94607,48698.398510332445,0.0012073071077238762,0.0004920465961808507
KFA,1877-09-10,0.24374186043999999,8.06782,5.06409,48131.42350155704,0.007530457651967026,-0.014331150997336617
KFA,1878-09-16,0.24508767348,7.97214,5.10417,48017.145486925394,0.003767970803493448,-0.002212457317320893
KFA,1879-09-22,0.24477275992,7.9028,5.13519,47665.765029142065,-0.004023870204269087,-0.008384191784304384
KFA,1880-09-28,0.24890111948,7.84436,5.25341,47378.9632790892,0.015256687381118184,-0.0038436868520943523
KFA,1881-10-04,0.236297321,7.63447,5.28074,44747.00913129599,-0.07098860002080098,-0.0741978046197368
KFA,1882-10-10,0.2800400668,7.26195,5.39167,51939.39295246184,0.0804746388557851,0.0617487580724152
KFA,1883-10-16,0.28439948368,7.04532,5.39281,52736.78910994454,0.011243694957435713,0.011127185275177087
KFA,1884-10-22,0.2495849356,6.98723,5.39813,46235.44368142301,-0.022279780239181313,-0.023408142248434793
KFA,1885-10-28,0.27773603675999997,6.3322,5.39188,51510.05526087376,0.07741466612705272,0.07421377080217328
KFA,1886-11-03,0.28092225303999996,6.84222,5.37487,52265.869321490565,0.008302429172616588,0.010448126451618078
KFA,1887-11-09,0.30204212739999997,7.12676,5.4713,55204.819220294994,0.06185868550754714,0.05543095295753386
KFA,1888-11-15,0.30136053220000003,7.8823,5.49509,54841.78279154663,0.003277587294867601,-0.00019523281322719743
KFA,1889-11-21,0.30227825575999995,7.90299,5.51925,54767.994883362764,0.0022224061183488963,-0.0010790100315265505
KFA,1890-11-27,0.30219624864,7.85101,5.54533,54495.62941069333,-0.0011301197797323193,-0.004533369090081618
KFA,1891-12-03,0.29325199644,7.67892,5.68123,51617.69483720955,-0.0128678928779975,-0.0251040309801992
KFA,1892-12-09,0.29101323576,7.31106,5.67797,51253.042154150164,-0.004703261120723057,-0.0040376015276923916
KFA,1893-12-15,0.2909555896,7.3182,5.67539,51266.18427984685,-0.00012633801902806052,0.0001325938664564763
KFA,1894-12-21,0.29170983972,7.56322,5.78685,50409.089525389456,0.0018594937209102103,-0.01727849257313052
KFA,1895-12-27,0.32551823667999996,7.65601,5.80405,56084.67133811734,0.060868688315999675,0.05871530526740365
KFA,1897-01-02,0.30741631752,8.16853,5.82052,52815.954162171074,-0.05320843230367933,-0.05527422180129471
KFA,1898-01-08,0.32518729568,7.9035,5.93412,54799.58202395637,0.014177848267197923,0.012131298884797914
KFA,1899-01-14,0.32752410703999996,8.00392,5.96185,54936.65674916343,0.002693012864573241,-0.0007286537205538623
KFA,1900-01-20,0.36758045844000004,7.03439,5.9585,61690.099595535794,0.1324673965322234,0.13167308759200225
KFA,1901-01-26,0.3798061176,8.17562,6.07144,62556.183969536054,0.14007148120613944,0.12396760895034675
KFA,1902-02-01,0.44542590612,7.79781,6.127210000000001,72696.36688150071,0.18724369858988066,0.17761932062686703
KFA,1903-02-07,0.41830034324000004,8.77754,6.18262,67657.45642462258,0.022047821709956894,0.014683548186210427
KFA,1904-02-13,0.43297399651999996,8.77653,6.36737,67998.87497035667,0.03310876637770477,0.00598179864049353
KFA,1905-02-19,0.40760130216,8.50063,6.42271,63462.51070965371,-0.05867041175166987,-0.06492570985093848
KFA,1906-02-25,0.31955846260000004,7.2692,6.46612,49420.43491305451,0.023881959677679365,0.01813593419806936
KFA,1907-03-03,0.4564850368,8.75804,6.586399999999999,69307.21438114904,0.2517754593582826,0.24255057510541622
KFA,1908-03-09,0.45536103548,8.62811,6.611670000000001,68872.31750525963,-0.0015896173073597364,-0.004567507936562465
KFA,1909-03-15,0.47993141091999997,8.85086,6.895850000000001,69597.13609199735,0.03530562044559371,-0.00047133786683728474
KFA,1910-03-21,0.47805739644,8.88548,7.08056,67516.89081654558,0.0767856638511204,0.05094226140909086
KFA,1911-03-27,0.50578139716,8.6129,7.28146,69461.53616994394,0.0000345800772780791,-0.01698960006179151
KFA,1912-04-02,0.50453201396,8.3895,7.50675,67210.44579345256,-0.004603054111729232,-0.025739306148764407
KFA,1913-04-08,0.51525351176,8.43378,7.7524,66463.74177803003,0.017590218568992233,-0.00820157324402715
KFA,1914-04-14,0.520102284,8.5225,8.08216,64351.891573539746,0.011115216609091094,-0.019853027919251587
KFA,1915-04-20,0.53146410616,8.80294,8.36896,63504.19958513364,0.014495756965228646,-0.01688397346227344
KFA,1916-04-26,0.54769116168,9.15115,8.75235,62576.4693687981,0.01055133385056184,-0.020670447594516528
KFA,1917-05-02,0.6239309954800001,8.13032,9.19764,67835.98787080165,0.0956063125832114,0.057740853709322026
KFA,1918-05-08,0.5843259032,8.93104,9.55908,61127.83899705829,0.038138468013493965,0.01069667609572944
GBR,1865-08-11,91.05304665807999,12.17889,331.9704382846373,274280.58693590516,0.025152810862130393,0.02447742248965956
GBR,1866-08-24,91.87824363847999,12.54469,329.85278,278543.18413954246,0.01823585987406462,0.019112583194186294
GBR,1867-08-23,98.26706573423999,12.51734,329.85278,297911.8918877688,0.06059079027435521,0.05292827055663807
GBR,1868-09-05,104.43276035088,13.58169,329.85278,316604.15398311935,0.015992322633053613,0.01608524588063709
GBR,1869-09-18,103.55230268032,13.89869,330.4699176640872,313348.65034698206,-0.002331049895315407,-0.0009532196609225441
GBR,1870-09-10,103.67543487236,13.63054,329.85278,314308.2040186534,0.014315068441592249,0.012950959753298186
GBR,1871-09-16,108.04398567039999,13.79261,329.85278,327552.1451430544,0.03223752313398642,0.03259770308913823
GBR,1872-09-29,113.1201670118,13.95868,329.85278,342941.37830761954,0.05493550371678646,0.05489477265618081
GBR,1873-09-28,115.22030319747999,14.28913,329.85278,349308.2677595744,0.029786295440088484,0.029901277055143893
GBR,1874-10-11,121.36382840659999,14.38485,329.85278,367933.3198483275,0.04081046081267492,0.039598553466796194
GBR,1875-10-24,122.67066190444,15.06312,329.85278,371895.18883072626,-0.006043773368825001,-0.006045711178297664
GBR,1876-10-16,124.567778777,15.34848,329.85278,377646.5936621786,0.00821492698960924,0.006832233276145239
GBR,1877-10-22,131.47520041084002,15.37577,329.85278,398587.5165606911,0.04225807459303765,0.04179874548831908
GBR,1878-11-04,146.09397107188002,15.51478,393.4835,371283.60165516473,0.09370419193211621,-0.08466468296201779
GBR,1879-11-03,153.94018667403998,15.77819,393.4835,391223.994586914,0.04012496867782711,0.043384895061432394
GBR,1880-11-16,153.88071690108,16.42576,389.0172084066712,395562.75037636905,-0.012793350184637675,-0.010416859559656544
GBR,1881-11-29,157.80201878376002,16.76199,393.4835,401038.4648498857,0.007024324967615403,0.0066967744819737
GBR,1882-11-21,164.02690396664,16.72256,393.4835,416858.4043972365,0.04094189780913582,0.04272295853642616
GBR,1883-11-27,174.30272108288,17.1686,393.4835,442973.39299584355,0.022378422484720772,0.022687131038038544
GBR,1884-12-10,177.70911417324,17.4272,390.04008742036274,455617.563180667,0.02760227439653873,0.02814598044349159
GBR,1885-12-09,185.0903192008,17.42061,436.65087,423886.29433121247,0.02597169370060559,-0.0772865756144302
GBR,1886-12-22,192.94227027244,17.41451,441.08062013382255,437430.8492944031,0.030023012962619333,0.030289728164249352
GBR,1888-01-04,197.40829300503998,17.53233,436.65087,452096.41516353784,0.019968816953281232,0.0201317983045064
GBR,1888-12-27,198.14561745212,18.10855,436.65087,453785.0055173828,0.008374448167695059,0.007575937924406695
GBR,1890-01-02,197.230369609,18.27585,436.65087,451688.9422641022,-0.0006225316352983512,-0.0018100094154566149
GBR,1891-01-15,190.72891243224,18.44752,441.7926830818571,431715.86976441846,-0.022984834089081696,-0.024351142694399752
GBR,1892-01-14,187.59759556356002,18.26734,436.65087,429628.35631945496,-0.016191017990076162,-0.015646100010245356
GBR,1893-01-27,179.65285275600002,18.19139,464.11858,387083.9490114789,-0.041383257827180886,-0.09366899463438982
GBR,1894-02-09,176.67395909956,18.09839,473.28382999999997,373293.8839249167,-0.015758905615581242,-0.02549480694202244
GBR,1895-02-01,184.5866334936,17.73979,491.09027,375871.0867832914,0.04054763954520313,0.016897028810286985
GBR,1896-02-07,192.34645905592,18.17349,497.81688,386379.94568589155,0.03234667464072838,0.020016494928164708
GBR,1897-02-20,203.67272932344,18.30557,506.09326,402441.1021072282,0.05191463144306674,0.03301835105458206
GBR,1898-02-19,169.79648631348,19.27214,512.62365455136,331230.2988867791,-0.163781094836581,-0.17373049204041113
GBR,1899-03-04,196.04937535144,18.22144,525.16783,373308.0439284333,0.12681471990921467,0.08585808486223678
GBR,1900-03-17,218.94802581028,17.52691,573.3548859339617,381871.73630451655,0.08609916196738343,0.002894691987345377
GBR,1901-03-09,222.50377886880003,17.73934,579.87215,383711.7869323436,0.0008858860369238553,-0.0006035051133005398
GBR,1902-03-15,231.09600751796,17.7653,595.3223127900814,388186.3698924511,0.015160990971454735,0.00864529508803602
GBR,1903-03-28,216.45443767428,18.46325,563.51669,384113.6234567959,-0.04102240348258124,0.003728417621812863
GBR,1904-03-27,230.66601698816,18.08587,601.12374,383724.68368685624,0.04358452460687601,-0.01707161229213272
GBR,1905-04-09,230.29150410032,18.09688,606.31752,379819.97304039646,0.0005753014958804759,-0.004457130132462184
GBR,1906-04-22,240.50435284408,19.12559,605.7732081699698,397020.4518794078,0.0467881857095811,0.03733615632537268
GBR,1907-04-14,206.83371738640002,19.6062,589.56132,350826.47108938557,-0.16809930205853785,-0.1031169875994159
GBR,1908-04-20,219.43932454288,18.75719,626.26678,350392.7264717442,0.04545706079397838,-0.013058996837547299
GBR,1909-05-03,232.49819132904,18.82388,631.76977,368010.94697683933,0.046142600730411765,0.040198551664739846
GBR,1910-05-02,233.46131655599999,19.70363,610.97631,382111.89654145506,-0.00015968526557663676,-0.0017269605877663352
GBR,1911-05-15,251.39200829964,18.89893,696.93338,360711.67706107,0.10105836479120889,-0.026981657788922253
GBR,1912-05-28,271.23064978516,18.67362,706.49337,383911.1041978497,0.054794572803657626,0.043283621824718344
GBR,1913-05-20,279.61566343672,19.25548,677.01838,413010.44653576467,0.030600432149000545,0.05749967991893867
GBR,1914-05-26,269.17935907512,19.20847,714.22417,376883.57574782154,-0.04862877162373602,-0.09714530781439012
GBR,1915-06-08,270.64903776248,19.3345,711.89829,380179.36208623287,-0.014998163476999116,-0.032413368993747804
D02,1874-10-18,2.5969041420399996,11.38186,86.07275607978872,30171.035067503726,0.04258842870371482,0.016860084872329928
D02,1875-10-31,2.8708922283600002,11.41956,90.96854,31559.17670394622,0.08844584434549185,0.02805386831058354
D02,1876-10-30,2.1695071944,11.63725,93.76339,23138.105335141998,-0.015757426921112483,-0.06152834237740168
D02,1877-11-12,2.91577551044,11.34591,96.28593,30282.467131386693,0.3214459744966798,0.29422421749860916
D02,1878-11-25,2.98929170956,11.00712,98.39514551639905,30380.479584348894,0.010451287679114518,-0.0018239767921524042
D02,1879-11-17,3.13553670404,11.03663,97.83205,32050.199336924867,0.03674617155376203,0.03660274537480723
D02,1880-11-23,3.23251449664,10.98244,103.25181,31307.09763480175,0.026093826319270708,-0.003893235497617331
D02,1881-12-06,3.2933734444,10.68514,109.10663,30184.906677073614,0.050161360133327726,-0.004179313631614723
D02,1882-12-05,3.38997005932,10.63942,111.3723,30438.179505316853,0.002394390203888541,-0.017693241575785112
D02,1883-12-18,3.55373005312,10.6126,113.67649,31261.785555834806,0.01913005964173342,0.009237497072983158
D02,1884-12-31,3.89487748,10.52049,113.67649,34262.82320997068,0.06505780321087862,0.06160660833008924
D02,1885-12-23,3.8876297876,10.48607,113.67649000000002,34199.06603027591,-0.004355984669088264,-0.004526201656641526
D02,1886-12-29,4.34151972124,9.63037,113.67649000000002,38191.8875331214,0.12417161858512782,0.12263735921031116
D02,1888-01-11,3.8478375759200003,9.26055,113.67649,33849.01817359069,-0.029425715985211598,-0.026534109909384762
D02,1889-01-10,3.92040333308,9.46159,113.67649,34487.371426404876,-0.004519279691783562,-0.0026174886681897824
D02,1890-01-23,3.5928220083599998,9.4452,137.48244747507826,26132.95060092146,-0.09888317550822723,-0.21943073916901257
D02,1891-02-05,3.97014177404,9.38546,132.63547,29932.730468252572,0.079007122073675,0.07220429178918386
D02,1892-01-28,4.3057268904,9.4774,136.16496,31621.40164694353,0.0597626772528681,0.03366773758801478
D02,1893-02-03,4.86418924108,9.38729,136.16496,35722.76774494701,0.09108051888260849,0.0893342664299166
D02,1894-02-16,5.0025724866,9.08223,135.33286466461513,36964.94934173961,0.03229706843315294,0.03394303193155701
D02,1895-02-15,5.3227235048,9.05319,136.16496,39090.258645102236,0.05221205009940477,0.04931728376957567
D02,1896-02-28,5.19316325268,9.06234,132.00980234911106,39339.22451414813,-0.0040607634535018144,-0.005243552556493003
D02,1897-03-13,5.57170753568,9.09402,136.16496,40918.80565807826,0.05703596309872361,0.055113975384712965
D02,1898-03-05,5.74420093364,9.11685,144.31294,39803.78290151944,0.0318512316295223,-0.025693219506690346
D02,1899-03-11,5.722582164,8.61346,144.31294,39653.978111734126,0.00570106847860119,0.007752639532518257
D02,1900-03-24,5.43938370144,8.75618,144.31294,37691.586779674784,-0.0198572968209747,-0.019216229195581858
D02,1901-03-23,6.16254008292,8.72562,150.02414284374387,41076.98911726849,0.1087385389633897,0.05015086975004257
D02,1902-04-05,6.77421253236,8.76128,151.8865,44600.49136927903,0.07772573836757646,0.07564778603930278
D02,1903-04-18,7.3080823816,8.8669,151.8865,48115.41764146253,0.06397740847862754,0.06447586155307738
D02,1904-04-10,7.3611825196,8.85257,151.8865,48465.0217076567,0.025841752098810344,0.026038717434601732
D02,1905-04-16,8.21763914452,8.8387,155.44694160957854,52864.59199151998,0.0874403118966196,0.08473373517718019
D02,1906-04-29,7.929113861759999,8.57769,151.8865,52204.204203533554,-0.04265755086616185,-0.04318837663371333
D02,1907-04-28,8.45793484692,8.67539,155.10198297499124,54531.442375457984,0.03592150026760965,0.03653301627370564
HAU,1837-01-13,0.16043825096,4.68394,3.9815399999999994,40295.526595237025,0,0
HAU,1838-01-19,0.15134018015999998,5.73253,3.96296,38188.67214405394,-0.008284987036329516,-0.0047536064126921795
HAU,1839-01-25,0.15033194228,5.69076,3.95247,38034.935693376545,-0.002728828680372719,-0.0006908905978171287
HAU,1840-01-31,0.14445825576,5.46581,3.93972,36667.13770521763,0.10047285436379405,0.10295422422692013
HAU,1841-02-06,0.15351371723999999,5.71493,3.92652,39096.63448549861,-0.04545043312572539,-0.04276899149364166
HAU,1842-02-12,0.15089990604,5.75716,3.91601,38534.096194851394,-0.002485518780418139,-0.00055657228901973
HAU,1843-02-18,0.22567829543999998,5.87484,3.9064,57771.42520991193,0.17155485830167239,0.17380185017239214
HAU,1844-02-24,0.15660191975999999,7.06633,3.9077599999999997,40074.60022109853,-0.2164279817526683,-0.2168928108914464
HAU,1845-03-02,0.22975794192000001,7.09371,3.91516,58684.17687144331,0.0881114557118412,0.0865549030651338
HAU,1846-03-08,0.15822809184,7.06957,3.9179899999999996,40385.016766250046,-0.26508293485965173,-0.2655553695367243
HAU,1847-03-14,0.16502701488,7.13657,3.92583,42036.21014664415,0.017527426096452636,0.015994226670941636
HAU,1848-03-20,0.16138286112,6.65456,3.92378,41129.43669624699,-0.0354588988665846,-0.03500304879191096
HAU,1849-03-26,0.16071129048,6.67175,3.9172099999999994,41026.978507662345,-0.0033145762881352514,-0.002019516179535774
HAU,1850-04-01,0.16056659580000002,6.70408,3.90608,41106.837494367755,-0.03047443070402034,-0.028270757016375714
HAU,1851-04-07,0.1606164534,6.65368,3.89817,41203.039734029044,-0.0037693034121961677,-0.0021824766792756245
HAU,1852-04-13,0.15955371796,6.48215,3.8884300000000005,41032.94079101334,-0.0063335181989000455,-0.004290400260844818
HAU,1853-04-19,0.15762060183999999,6.5447,3.87535,40672.61069064729,-0.004317832949831346,-0.0017198195446415099
HAU,1854-04-25,0.1635741302,6.05601,3.86142,42361.13403877331,0.08867233980642109,0.09083010200168218
HAU,1855-05-01,0.1601144506,6.48402,3.83729,41725.91870825505,-0.013372256772316793,-0.009062182391160856
HAU,1856-05-07,0.1569827376,6.74801,3.83553,40928.56465729638,-0.0078054210066105245,-0.007735970493332411
HAU,1857-05-13,0.16454301500000001,6.67068,3.82828,42980.92485398143,0.01885889555808684,0.02050500606069905
HAU,1858-05-19,0.16347909968000002,5.86037,3.81443,42858.06783189101,-0.014308641456825644,-0.01150308262117139
HAU,1859-05-25,0.161373329,5.88424,3.79896,42478.291163897484,-0.011133968386940252,-0.00814722491200437
HAU,1860-05-31,0.15918363032,6.02529,3.78634,42041.557366744666,-0.008098968644219995,-0.0055627622482502526
HAU,1861-06-06,0.15877264936000002,6.13683,3.75556,42276.690922259266,0.0008770336586954031,0.006881771138428139
HAU,1862-06-12,0.1565006066,6.46215,3.73236,41930.737281505535,-0.008051993554490822,-0.0032300171391750343
HAU,1863-06-18,0.16166779407999998,7.38833,3.49814,46215.358470501465,0.012972816599183812,0.07955696628063658
HAU,1864-06-24,0.16361532668,7.35041,3.70238,44191.93240023985,-0.007890934290810225,-0.014595961890686793
HAU,1865-06-30,0.16235564851999998,7.36792,3.6900899999999996,43997.74762133173,-0.004033306423116723,-0.001432725787302802
HAU,1866-07-06,0.16117923120000002,7.38923,3.67793,43823.3547674915,-0.0054359278414558565,-0.0029677909660902335
HAU,1867-07-12,0.16014970608,7.41246,3.666,43685.13531914894,-0.004820639233813817,-0.0024194886019544004
HAU,1868-07-18,0.15755510836,7.40044,3.6565899999999996,43087.98863421932,-0.009406937939280047,-0.007440383355448277
HAU,1869-07-24,0.15543009144,6.95331,3.64288,42666.81621134926,0.004778854585403947,0.0077064254005783095
HAU,1870-07-30,0.15476100276000002,7.41346,3.63843,42535.10518547835,-0.004167481508211779,-0.0029385256771040646
HAU,1871-08-05,0.15462222724000002,7.40742,3.64829,42382.10976649335,-0.000726875804694882,-0.002798838482212629
HAU,1872-08-11,0.15390433916000001,7.40308,3.6578200000000005,42075.42721074301,-0.003971958739879877,-0.005901978730335933
HAU,1873-08-17,0.15424980636,7.4009,3.66687,42065.79626766152,0.00171867084107169,-0.00024047255303039083
HAU,1874-08-23,0.14150846996,6.71057,3.67415,38514.61425363689,-0.07764936911754272,-0.07927690692534517
HAU,1875-08-29,0.13092714544,7.46871,3.6761700000000004,35615.09544988398,-0.07449811901755776,-0.07472562658123605
HAU,1876-09-04,0.12889211088,7.38472,3.6877699999999995,34951.233639841965,-0.01596475359843852,-0.018392514560179984
HAU,1877-09-10,0.13955132672,8.45404,3.71792,37534.784696819734,0.03176253664130102,0.02530699946150028
HAU,1878-09-16,0.14175386108000002,8.43563,3.7495600000000002,37805.46546261428,0.0114940442469742,0.004999628188303129
HAU,1879-09-22,0.14450380932,8.35103,3.7803,38225.487215300374,0.012950693975184224,0.006574529931314244
HAU,1880-09-28,0.14427487515999998,7.86005,3.80987,37868.71341016885,-0.00318176478603871,-0.008944968839034395
HAU,1881-10-04,0.14552371651999998,7.86258,3.83327,37963.33587772319,0.0064790414714659406,0.0017537592442948835
HAU,1882-10-10,0.149142149,7.96406,3.8581999999999996,38655.88849722669,0.022537570865528656,0.017480391436712983
HAU,1883-10-16,0.14887548104,7.91163,3.8840500000000002,38329.95997476861,0.003939930314624807,-0.0009507229815637341
HAU,1884-10-22,0.14918650032,7.69871,3.90707,38183.72855362202,0.0036883567519734317,-0.0009398643809788165
HAU,1885-10-28,0.15024133748,7.6868,3.92939,38235.28269782332,0.005424118592576743,0.0011861828239188021
HAU,1886-11-03,0.15072078632000002,7.79607,3.95166,38141.13216217995,0.0035971661842864044,-0.0006456184038604595
HAU,1887-11-09,0.15061451548,7.75791,3.97347,37905.03400805845,0.004659975222096158,0.00035725120884455563
HAU,1888-11-15,0.15429505416,7.79077,3.9973199999999998,38599.62528894359,0.01875771135093096,0.014318108047626232
HAU,1889-11-21,0.15843867,8.03042,4.02178,39395.16084917624,0.020440805153688624,0.01570314953210694
HAU,1890-11-27,0.16795027132,7.89622,4.04708,41499.1231505184,0.04541880135615761,0.04033797504961045
HAU,1891-12-03,0.1687909184,7.85043,4.07181,41453.53501268478,0.004228761811241544,-0.00021956307913861828
HAU,1892-12-09,0.16292187288,7.91539,4.09576,39778.17862374749,0.010279827052617874,0.005665226664601564
HAU,1893-12-15,0.16336412404,7.88416,4.12034,39648.21447744604,0.00005491023839532261,-0.004462807386998113
HAU,1894-12-21,0.1621891726,7.865,4.14485,39130.287609925566,-0.005196546903523669,-0.009552182978543766
HAU,1895-12-27,0.1656495334,7.88285,4.16804,39742.78879281388,0.015766360595910633,0.01140314138961962
HAU,1897-01-02,0.16549139048,7.82642,4.19167,39481.01603418208,0.0034324677004320403,-0.0007592504978645165
HAU,1898-01-08,0.16738566988,7.80347,4.21425,39718.97013228926,0.014938349197776368,0.010835454657197374
HAU,1899-01-14,0.16469051924,7.73151,4.23533,38884.932045436835,-0.024227465852793784,-0.02801878709755834
HAU,1900-01-20,0.16334792707999998,7.35658,4.24514,38478.80802046575,0.00020070852630205138,-0.0012662610192812895
HAU,1901-01-26,0.16347409468000001,7.79082,4.25764,38395.47135972041,-0.006889721615141786,-0.00884771346350588
HAU,1902-02-01,0.16335720024,7.93711,4.279,38176.489890161254,0.009700120582011973,0.005259709465322171
HAU,1903-02-07,0.16340975664000001,7.81885,4.30867,37925.79998932385,-0.0023358830414942355,-0.007346223900939086
HAU,1904-02-13,0.17197946792,8.04834,4.3274,39741.98546933493,-0.2460777490395888,-0.24835960255364853
HAU,1905-02-19,0.1651614484,7.77417,4.35688,37908.19311066635,0.09639003136935265,0.09059390091961417
HAU,1906-02-25,0.17905779216,8.1885,4.3778,40901.318507012664,0.05788869695337939,0.05446089818182198
HAU,1907-03-03,0.16463079983999998,7.21508,4.39746,37437.70263743161,-0.07774437707959203,-0.08091114770535102
HAU,1908-03-09,0.17964389507999998,7.72416,4.41368,40701.61295789454,0.06732451798798667,0.06476761220916694
HAU,1909-03-15,0.18005489423999999,7.57265,4.43633,40586.45191859036,-0.0015141433966718854,-0.005493680801906264
HAU,1910-03-21,0.1860302496,7.33142,4.45395,41767.475970767526,-0.05450269098474647,-0.05731958869284082
HAU,1911-03-27,0.1891549062,7.30935,4.47097,42307.35303524738,0.008808051715680554,0.006064725433396312
HAU,1912-04-02,0.20465053388,7.53365,4.48866,45592.79024920578,0.0261327100200337,0.022873649543944774
HAU,1913-04-08,0.20414985500000002,7.19047,4.50149,45351.61801981121,-0.006043367787769149,-0.008126816300756734
HAU,1914-04-14,0.20496583172,7.16458,4.51351,45411.62680929033,0.0030433753412835163,0.0010960777271691313
HAU,1915-04-20,0.20416625787999998,7.13361,4.52307,45138.867600987825,0.0021455692014065164,0.0004735476194515087
HAU,1916-04-26,0.20485151856,7.11425,4.53322,45188.964700588105,0.0025719758562061656,0.0010321912707826897
HAU,1917-05-02,0.20284832775999997,6.98153,4.53976,44682.61048161136,-0.0072968435688801625,-0.008458092416479102
HAU,1918-05-08,0.20327574591999997,7.14278,4.54848,44690.91782749402,0.0016550283554059853,0.00010349250936858567
DEI,1837-01-13,6.217738065240001,7.29398,95.79743,64905.06128650842,0,0
DEI,1838-01-19,6.514025929840001,7.52732,96.50371,67500.26428869937,0.0029702849495765182,-0.0025520735458406385
DEI,1839-01-25,6.8064529104,7.66751,97.28582,69963.46343588408,0.04072133981487025,0.03429558763258833
DEI,1840-01-31,6.9638185682,8.14655,98.18674,70924.22630795155,0.02416812534849333,0.0173130415113969
DEI,1841-02-06,7.56169283376,7.95148,99.06088,76333.79426631381,0.07563379590504327,0.06835236668509159
DEI,1842-02-12,6.0671425542,9.75728,99.84668,60764.589811098376,-0.19334048513996904,-0.19821469707861727
DEI,1843-02-18,7.55602634748,8.31289,100.58281,75122.44236843254,0.5049749207480059,0.49643425392677987
DEI,1844-02-24,7.61725768284,7.89446,101.24846,75233.31893482627,-0.035628826565625826,-0.039362528899772764
DEI,1845-03-02,7.79889532552,7.60655,102.06178,76413.47550003538,0.019901179318723816,0.013729221450279772
DEI,1846-03-08,7.38629402732,7.61836,102.86215,71807.69629372904,-0.03838999413256994,-0.043858994060627654
DEI,1847-03-14,7.54481515268,7.94998,104.75509,72023.37521432134,0.01941400896900425,0.0035279637339187264
DEI,1848-03-20,7.945178934159999,7.86841,105.371,75401.95057615473,0.05257568696106696,0.04802392105007702
DEI,1849-03-26,7.82112633328,7.79071,106.30498,73572.53002897889,0.0027419148675749128,-0.004461072649349251
DEI,1850-04-01,7.60977950148,7.76802,107.33700000000002,70896.14486598283,0.017068065479228345,0.009292297542096817
DEI,1851-04-07,8.56110484112,7.83259,108.28694,79059.44004992662,0.08406012669604346,0.07696185540868705
DEI,1852-04-13,8.6030399078,7.77744,109.53697,78540.0573687587,0.0009727514815709437,-0.004570264580308847
DEI,1853-04-19,8.669796179719999,7.76435,110.56822000000001,78411.28472286159,0.006797603009271347,-0.0008507162388040612
DEI,1854-04-25,9.04016241128,7.84639,111.39423999999998,81154.66662620977,0.04080930655493287,0.03507864927335569
DEI,1855-05-01,8.61535916228,7.79099,112.18797999999998,76793.95923056999,-0.027773892826638336,-0.03302296109124947
DEI,1856-05-07,9.23751089768,7.82501,112.98847,81756.22607935127,0.03595598031709413,0.030379974453893288
DEI,1857-05-13,9.235933741839998,7.76372,113.75108,81194.2510070234,-0.0027452490382655625,-0.007679479704341463
DEI,1858-05-19,9.72189499216,7.86823,114.51288,84897.82976517576,0.008760368088462478,0.0035741676655096644
DEI,1859-05-25,10.21634378908,7.87605,115.52009,88437.81015994707,0.03196104100029484,0.024606775370753953
DEI,1860-05-31,10.474797577919999,7.82156,116.13877,90192.08295317748,0.03011202840163696,0.02589675199848762
DEI,1861-06-06,10.814292350679999,7.85507,116.85386,92545.44394750845,0.03724609177673921,0.032315384432192173
DEI,1862-06-12,11.56127411764,7.7589,117.53604,98363.65184363877,0.054072498498187516,0.0495827166589069
DEI,1863-06-18,12.02925709804,7.80264,118.44071999999998,101563.5256020058,-0.004102479183921037,-0.010448968111010148
DEI,1864-06-24,13.12092967224,7.76226,119.03324,110229.12316122791,0.04182628365031893,0.03787040677238451
DEI,1865-06-30,13.825757515960001,7.71103,119.61614,115584.38113752876,0.07519774480740637,0.07123090149485556
DEI,1866-07-06,14.69647943036,7.6198,120.43885,122024.40848912124,0.07205916527696865,0.06580655417842496
DEI,1867-07-12,14.61780425508,7.48795,121.87629,119939.68847492815,0.014638565571396978,0.0033838646267205785
DEI,1868-07-18,15.4239309848,7.56727,122.8511,125549.79959316603,0.033279608965139484,0.028251928621946698
DEI,1869-07-24,17.06993388152,7.59585,124.19957000000001,137439.5570090943,0.0366326910801813,0.029472245285776744
DEI,1870-07-30,16.43434343616,7.55347,125.00237,131472.25477532946,0.017055315811089322,0.01191413144374387
DEI,1871-08-05,17.949253203439998,7.43242,125.26457,143290.74217426364,0.04535205414727961,0.043715645961097005
DEI,1872-08-11,18.32176191144,7.53132,125.49132000000002,146000.2326172041,0.0025712857769122355,0.0012777277381608165
DEI,1873-08-17,19.952152902759998,7.55849,125.78004,158627.33787300432,0.057292145562978236,0.05534866197287269
DEI,1874-08-23,19.4229693814,7.42499,125.98735,154166.02842586974,-0.01477050551899195,-0.015910033282524605
DEI,1875-08-29,20.6975123056,7.42724,126.01193,164250.41903254713,0.03335897597821891,0.03318612395207299
DEI,1876-09-04,20.774433521400002,7.29991,125.86346,165055.3188463117,-0.02330503131688555,-0.022287141901182195
DEI,1877-09-10,21.63389793136,7.40074,125.89565,171839.9160841538,0.03156892689190327,0.03134290517381966
DEI,1878-09-16,22.64370651712,7.4902,125.90256999999998,179851.02700540586,0.051418731822423513,0.051408633677834326
DEI,1879-09-22,20.30559764012,7.33964,117.87505,172263.74572159248,-0.13242088195775215,-0.07342453844163277
DEI,1880-09-28,21.51847180288,7.52316,118.03625000000001,182303.92614878903,0.044524602340615616,0.04370136105653133
DEI,1881-10-04,18.67613699484,7.21651,102.11354,182895.7941800862,-0.18766044435640827,-0.06128939954267498
DEI,1882-10-10,19.536348405080002,7.43122,119.08684,164051.27892452266,0.017380075952998286,-0.12695748174373223
DEI,1883-10-16,23.365881373119997,7.84382,119.23502999999998,195964.90538996804,0.12713976887477685,0.12635385022557455
DEI,1884-10-22,24.71049382308,8.07783,119.96215,205985.75319865474,0.019772508342852824,0.014639361616661573
DEI,1885-10-28,25.52284756684,8.23118,120.42672,211936.74930978773,0.017814680466119892,0.014804783433520319
DEI,1886-11-03,25.95134440704,8.44823,120.82245000000002,214789.09264826195,0.008211517105112476,0.005763218155573568
DEI,1887-11-09,27.560348086959998,8.50812,121.53348,226771.65244474198,0.051033748510482146,0.04679531420143834
DEI,1888-11-15,28.17994577164,8.60014,122.05559,230877.9611948949,0.010400521586765299,0.00713300591286159
DEI,1889-11-21,29.70611967648,8.81541,122.62634,242249.09327376157,0.045204695345171464,0.04155566538027289
DEI,1890-11-27,30.3901506038,9.12339,123.28456,246504.108898957,0.019054448665062118,0.014945217284818124
DEI,1891-12-03,32.2347603942,9.5814,124.30576,259318.31633707078,0.040672685995223556,0.03430516826156471
DEI,1892-12-09,34.79700778008,9.5331,125.15682000000001,278027.2603608816,0.05138314356839069,0.046121436018931705
DEI,1893-12-15,35.85237434948,9.65062,126.01041999999998,284519.12428734073,0.01797887978779622,0.01274503979287478
DEI,1894-12-21,37.71267891404,9.98138,126.98572,296983.6207885422,0.03404831768148919,0.027976956125126407
DEI,1895-12-27,39.092726300159995,9.99946,128.09125,305194.3540262118,0.021703908420397378,0.014861555314535702
DEI,1897-01-02,39.69901831012,10.15553,128.85758,308084.46278534795,0.009794391063764785,0.005421867359578281
DEI,1898-01-08,42.1790606276,10.22158,129.79516,324966.3595129433,0.06946758011765963,0.06360427266759339
DEI,1899-01-14,42.526258617959996,10.29516,130.89009,324900.52239982417,0.0023684185073926667,-0.004204133179728231
DEI,1900-01-20,43.96788520488,10.31061,131.84338,333485.72529678774,0.02267585070270295,0.017081119475850448
DEI,1901-01-26,46.22395869676,10.47212,133.66439,345821.0425137166,0.034518954460996065,0.023558921676302802
DEI,1902-02-01,47.19323802752,10.78256,134.74548,350239.85982698645,0.01787180283973422,0.011707484163919979
DEI,1903-02-07,47.63897771672,11.16025,136.11085,350001.32404374814,0.028928738073048965,0.022230059945842928
DEI,1904-02-13,48.74239887816,11.61447,137.4726,354560.8279625176,0.003633871101931696,-0.003886529826870877
DEI,1905-02-19,52.92429746968,12.12883,151.06242,350347.21057480737,0.0795425964256955,-0.014941046026257454
DEI,1906-02-25,56.37200978448,12.12301,152.54417,369545.4882640221,0.053645724853541576,0.04597057808494376
DEI,1907-03-03,55.5260484662,11.63081,154.28297,359897.4563829047,0.009737846075536183,-0.0017018171822371642
DEI,1908-03-09,54.265863226120004,9.99604,155.97365,347916.8643300968,-0.052827185080102645,-0.060688932218929126
DEI,1909-03-15,59.86657862172,10.10686,157.09435,381086.7712411045,0.1101707817919555,0.10405486253270468
DEI,1910-03-21,64.43830499028,10.05843,170.96537,376908.52241176093,0.08259444571422803,-0.003046834112125918
DEI,1911-03-27,69.1221174722,9.90579,172.47442,400767.3571083759,-0.004060680702277497,-0.010549164999970828
DEI,1912-04-02,69.90673036724,10.43875,174.13621,401448.5578113822,0.007080622058496244,-0.00033008397152123337
DEI,1913-04-08,61.94709795092,12.17844,161.74342,382996.0931388739,-0.07231184881788366,-0.05239301763617277
DEI,1914-04-14,65.3060890274,12.16,163.87044,398522.69285052264,0.0010359622771953791,-0.008706780034077988
DEI,1915-04-20,65.13175563076,12.30985,166.17106,391956.0700326519,0.008485845680122672,-0.0019239543938249781
DEI,1916-04-26,46.438269384520005,10.65983,169.49213,273984.81206484337,-0.30806376234676924,-0.3158636908578347
DEI,1917-05-02,63.91823321832,12.02509,171.27273,373195.6232514073,0.29962562913350554,0.2895275160994002
DEI,1918-05-08,69.27740441804,11.26007,169.65124,408351.8895472854,0.06379932385813492,0.07746162819697511
