country,date,gdp,sol,pop,gdpc,gdpGrowth,gdpcGrowth
FRA,1839-12-27,29.1333597386,11.28356,359.86724,80955.85399382284,0.004656410352763762,0.005951757916494049
FRA,1841-01-09,28.806730385159998,11.29061,359.86724,80048.2155173669,0.018302536647466283,0.013842336129566757
FRA,1842-01-08,26.997270230319998,10.91975,359.86724000000004,75020.08304595883,-0.034946843655785376,-0.03999886291449972
FRA,1843-01-21,27.7922883966,10.91298,359.86724,77229.28154449402,0.04833019363976221,0.04239130676360725
FRA,1844-02-03,28.57497797804,11.05919,359.86724,79404.2213401809,0.01432183165717027,0.01675446268567038
FRA,1845-01-26,29.96948887088,11.29147,388.96332,77049.65309037366,0.03257101196609624,-0.04625004544316358
FRA,1846-02-01,30.302260989519997,11.2036,388.96332,77905.18907931987,-0.015577765329479965,-0.01479757696376649
FRA,1847-02-14,29.76300873572,10.67867,388.96332,76518.80577253403,-0.03585837815743298,-0.036956552904519824
FRA,1848-02-13,31.41613069036,10.96503,387.35044167407335,81105.18876545994,0.042042633025888065,0.04010147606364822
FRA,1849-02-26,32.34947323192,10.91252,388.96332,83168.44177471541,0.01941328251613661,0.017281316093312515
FRA,1850-03-11,32.45717719348,10.95506,394.0716234840282,82363.64980183735,-0.017506430301750475,-0.017246726047643546
FRA,1851-03-03,32.719058255,10.80888,388.96332,84118.62140368402,0.0011706142651379814,0.0013114815179555706
FRA,1852-03-09,33.32231831968,10.7622,388.96332,85669.56472831423,0.023462605917778045,0.02173519961559478
FRA,1853-03-22,32.65073710444,10.78391,423.74324,77053.11618526351,-0.020899453396246992,-0.09257657523321094
FRA,1854-03-21,34.044733316359995,10.63604,426.52585999999997,79818.68512347645,0.021091106660863668,0.0133495235834864
FRA,1855-04-03,33.925179181400004,10.50729,460.07498999999996,73738.36856769807,-0.0019074531837304232,-0.05317610681306828
FRA,1856-04-16,35.03118139248,10.7403,464.36244,75439.30855492964,0.020490871669755384,0.012569128376043848
FRA,1857-04-08,35.710558957319996,10.71095,473.04196,75491.31361902863,0.02322108848319937,0.022073564303967563
FRA,1858-04-14,32.10242246224,10.29476,479.21814,66989.16377046995,-0.0853046489081799,-0.08751255260640389
FRA,1859-04-27,32.419090947360004,10.14248,480.70389,67440.87497889814,-0.025785883067176663,-0.025666177053081385
FRA,1860-04-26,33.432398143040004,10.23637,489.43371999999994,68308.32608558316,0.03803848761152273,0.017270629088967038
FRA,1861-05-09,32.6123060692,9.92756,473.35699826561125,68895.79363713242,0.028799915320169456,0.01203084080360739
FRA,1862-05-22,34.81184783804,9.82501,498.76931999999994,69795.48749718608,0.03310771194214501,0.023238584880383772
FRA,1863-05-14,38.16856292704,10.85041,475.05451,80345.64902255112,0.07910792001155964,0.13588460515909873
FRA,1864-05-20,38.4790829098,10.58825,480.90776999999997,80013.43565274481,0.0462908790217611,0.03872042046383006
FRA,1865-06-02,37.634501059479994,10.46283,489.25871397383,76921.47320955642,-0.03280026982750406,-0.037806463683857094
FRA,1866-06-01,37.07394838524,9.94792,490.4746400000001,75587.90070214435,-0.01991761855305052,-0.02927505975625866
FRA,1867-06-14,38.61036724844,10.32733,491.3225988838767,78584.5538881176,0.038454673618771196,0.04023581198506032
FRA,1868-06-27,41.69484855276,10.51815,501.55598,83130.99676881531,0.03054087586895249,0.021992471144346215
FRA,1869-06-19,41.13849997816,10.51759,507.94575999999995,80989.94660012519,-0.001089559717506683,-0.007575543413198549
FRA,1870-06-25,40.242181759000005,10.56595,515.51174,78062.59030880655,0.01702406918108501,0.00472085651625842
FRA,1871-07-08,41.856891699479995,10.58575,508.70782572194406,82280.80950018384,0.03977322883356371,0.028424255074842586
FRA,1872-07-07,43.822677970760004,10.57556,532.52132,82292.81406190462,0.025470675299752665,0.02007547930927056
FRA,1873-07-20,50.41660947388,10.49587,538.37401,93646.06860178856,0.08260095903353082,0.0724422627109591
FRA,1874-08-02,47.46255368348,10.39947,540.73032,87774.90724670295,-0.010261658768861648,-0.02348647325790776
FRA,1875-07-25,47.95153429976,10.45962,548.15324,87478.33780889446,0.019013565677902244,0.016937495563383198
FRA,1876-07-31,47.30558698944,10.18765,547.40804,86417.41357953018,-0.014011729270847595,-0.011949878591470453
FRA,1877-08-13,46.083000223,10.34267,547.40804,84184.00325833722,-0.003741946853254241,-0.004443125862461317
FRA,1878-08-12,46.77717943964,10.16633,545.8782396347792,85691.59941406778,-0.00583757745130109,-0.000419045363088677
FRA,1879-08-25,47.248253377,10.05988,555.58839,85041.8299363671,-0.001578173287170137,-0.01513528272639686
FRA,1880-09-07,48.792122129919996,10.09305,555.58839,87820.62945901371,0.03373989356370677,0.04858826661855864
FRA,1881-08-30,50.26693311848,10.09724,555.58839,90475.13235199172,0.011228686684326306,0.013508383443778138
FRA,1882-09-05,47.499745414159996,9.90956,502.0435516955435,94612.79853857277,0.04236961143005269,0.04459741050288102
FRA,1883-09-18,52.4217303376,9.8262,572.45402,91573.69588844883,0.03837144721520813,0.011892454073392456
FRA,1884-09-17,48.64945462,9.79853,572.45402,84984.03875301634,0.025701551617696605,0.02283455822378877
FRA,1885-09-30,45.869846882080004,9.74505,565.0984,81171.43294350154,-0.045538883952766174,-0.03676896751375369
FRA,1886-10-13,31.2638979848,9.15229,540.7126454241773,57819.80179190031,-0.34218583059638996,-0.3352613807736521
FRA,1887-10-05,44.21435270512,8.91338,562.04733,78666.60038242687,0.2790795175190721,0.28553152992469855
FRA,1888-10-11,46.124049711999994,9.3154,562.1704,82046.3861348801,0.025527889507621193,0.025321253003731448
FRA,1889-10-24,47.2831492718,9.54615,562.1704,84108.21571502164,-0.03486802848340975,-0.039502327521745206
FRA,1890-10-23,46.18246255012,9.74352,562.1704,82150.2920646836,-0.00857411697741961,0.0015855724726130394
FRA,1891-11-05,51.847692178879996,9.77383,570.3052,90912.1855786691,0.052268966679046125,0.034060377318266166
FRA,1892-11-18,53.99489573868,9.85892,576.76599,93616.64292771493,0.04256361774834949,0.02994802863241186
FRA,1893-11-10,54.31868787384,10.02652,576.76599,94178.0354868705,0.03057424797158692,0.03400539939211056
FRA,1894-11-16,60.39183596784,10.22154,576.76599,104707.69257362072,0.05083075765392975,0.045055074806925166
FRA,1895-11-29,60.63303130352,10.36208,574.14078,105606.55751281072,0.03178189800245779,0.03364896825908148
FRA,1896-11-28,64.4572897722,10.31653,574.14078,112267.39506676396,0.024538570369825763,0.025293329967548406
FRA,1897-12-11,60.09999262904,10.48714,538.0378405867739,111702.16682807308,-0.019821405189863972,-0.02016117283404184
FRA,1898-12-24,66.581756969,10.51097,574.14078,115967.64990112704,0.044357890809097356,0.035152428639625866
FRA,1899-12-16,69.34282519112,10.49308,574.14078,120776.69381213437,0.05170713633324775,0.05809252499325246
FRA,1900-12-22,63.7070684224,9.85985,574.14078,110960.70971025608,-0.08445654652335532,-0.08538349979227933
FRA,1902-01-04,60.82215795656,9.87706,562.1382256122673,108197.8687542801,-0.02148144249599704,-0.021024695887553402
FRA,1903-01-03,63.62335248308,9.86059,574.14078,110814.89888783028,0.015933639178166148,0.016313519458264647
FRA,1904-01-16,67.00377584524,10.21746,574.14078,116702.69414626845,0.03628092605616118,0.04266587818654566
FRA,1905-01-29,63.67732553936,10.44208,572.63564,111200.42325580714,-0.04080620028615067,-0.0339016710985619
FRA,1906-01-21,66.126303048,10.64955,572.63564,115477.09997233146,0.01500673741266878,0.012966976633269622
FRA,1907-01-27,64.34280929544,10.21058,572.63564,112362.56495568457,-0.008765893394050872,-0.010510506829849997
FRA,1908-02-09,62.485499902280004,10.24948,572.63564,109119.12486320273,0.017138645575812017,0.02228389057849367
FRA,1909-02-08,64.71463715236,10.88804,572.63564,113011.892086144,0.013194008148889491,0.0002613897856382774
FRA,1910-02-21,63.89169371728,11.1369,572.63564,111574.7767939837,0.06386943950187485,0.06556349896564351
FRA,1911-03-06,67.44839460008,11.09117,572.63564,117785.88318407846,0.04580350497635566,0.05090761837840874
FRA,1912-02-26,66.25177082836,11.17741,572.63564,115696.20575547831,-0.012235511398042354,-0.010670989512731932
FRA,1913-03-04,57.65477754504,10.7223,497.5212524500471,115884.04969861814,0.05110887718581347,0.06051734380297824
FRA,1914-03-17,40.38291611848,8.91237,572.63564,70521.13647428581,-0.258545461619757,-0.2636017573150016
FRA,1915-03-16,70.54117145036,10.55224,572.63564,123186.83386587675,0.4707248961059629,0.4490236719364522
FRA,1916-03-29,58.64418717092,10.85361,572.63564,102410.99763004623,0.08435214756853737,0.11694511194593415
BNY,1837-01-13,0.06844183944,7.16157,2.48964,27490.65705885188,0,0
BNY,1838-01-19,0.07644894764,7.20842,2.50711,30492.85736964074,0.04357672267333945,0.038220694490878504
BNY,1839-01-25,0.06484820784,9.5473,2.53852,25545.67536990057,-0.17627827216369674,-0.1843880509846828
BNY,1840-01-31,0.06605497496000001,8.80213,2.57686,25633.9013217637,0.022945632016912576,0.012023079923044078
BNY,1841-02-06,0.06540267188,8.74697,2.60866,25071.366862680457,0.09030089234118055,0.07996493545310712
BNY,1842-02-12,0.07126022228000001,8.7636,2.64037,26988.725928563043,0.062246627265741816,0.05237765701399111
BNY,1843-02-18,0.07110134252,8.04697,2.66627,26666.97015681083,0.0004415984780685722,-0.006590925610219567
BNY,1844-02-24,0.07108454652,7.31988,2.66227,26700.72776991064,0.0007973243193803992,0.0019741010803218106
BNY,1845-03-02,0.07079202468,8.081,2.6526,26687.78733318254,-0.004907468694767325,-0.0019435697095414595
BNY,1846-03-08,0.07704900892,8.15993,2.66634,28896.918217481638,0.061846404742642136,0.05765854245779778
BNY,1847-03-14,0.07496660964,8.10906,2.68457,27924.99716528159,-0.002774657070555131,-0.008041665109865925
BNY,1848-03-20,0.07686535895999999,6.44224,2.65674,28932.209760834707,-0.04516341969203708,-0.03647357163226972
BNY,1849-03-26,0.07380546576000001,8.10056,2.67351,27606.2052358136,-0.011050743650242834,-0.01658613058325642
BNY,1850-04-01,0.07411311075999999,8.10026,2.69622,27487.783177930585,0.0031937357571478753,-0.0033614839221388637
BNY,1851-04-07,0.07362549791999999,8.10407,2.70762,27191.961176235956,-0.007870734494096254,-0.010372900998241952
BNY,1852-04-13,0.0743072356,8.11509,2.72429,27275.81703856785,0.00723520957545043,0.002488465859549649
BNY,1853-04-19,0.0750772906,8.12355,2.74728,27327.862686002154,0.0029033451263007493,-0.0035462197758203695
BNY,1854-04-25,0.07567229436,8.13862,2.7724,27294.868835665846,0.007223762514176224,0.0006667393791803811
BNY,1855-05-01,0.07597256368000001,8.13294,2.80039,27129.279736036766,0.0030067276987117975,-0.004687998820833927
BNY,1856-05-07,0.07556271008,8.13045,2.81805,26813.828739731376,-0.006771723384743522,-0.01096248712406922
BNY,1857-05-13,0.08052904756000001,8.88153,2.85497,28206.617778820797,0.06252738190028473,0.05230201239100474
BNY,1858-05-19,0.08049708004,8.87061,2.89873,27769.775053212958,0.005341752225941798,-0.006453947490735135
BNY,1859-05-25,0.08138864604000001,8.87244,2.94663,27620.924934586295,0.009566127638199529,-0.0022758524951096426
BNY,1860-05-31,0.08314726627999999,8.87968,2.99197,27790.140369054505,0.01208914040359077,0.00013188427167709627
BNY,1861-06-06,0.08353942844000001,8.86938,3.03244,27548.584123675988,0.003382575575299418,-0.006721439314628097
BNY,1862-06-12,0.08407191572,8.86561,3.08144,27283.320694220885,0.0032206196879287496,-0.008457905710844149
BNY,1863-06-18,0.09065465240000001,9.68592,3.12462,29013.0167508369,0.07121786440918743,0.05977401857559528
BNY,1864-06-24,0.09116528875999999,9.67515,3.17319,28729.855054377455,0.004430051618959929,-0.0074689455365835045
BNY,1865-06-30,0.0889279898,9.65864,3.22586,27567.21922216091,-0.026443811397782624,-0.03797572277742334
BNY,1866-07-06,0.08881647216,9.63929,3.26037,27241.224818042127,0.0018019610830917188,-0.006089585318402202
BNY,1867-07-12,0.08920792036,9.63173,3.31137,26939.882997067678,0.0070220665239175695,-0.0049725220529776015
BNY,1868-07-18,0.09341987096,8.05756,3.28829,28409.863777221595,0.10027944544295808,0.09943869491781387
BNY,1869-07-24,0.08216441376,8.69509,3.10023,26502.68327188628,-0.13296448983451292,-0.08725697734114624
BNY,1870-07-30,0.09423128364,8.6823,3.0914,30481.75054667788,0.02516813020365327,0.020910594155665763
BNY,1871-08-05,0.06653001107999999,7.78743,2.86603,23213.298911735048,-0.18162493830500837,-0.1281732126792995
BNY,1872-08-11,0.06194596824,7.72292,2.74798,22542.36502449072,-0.053301158320071096,-0.021906506217521993
BNY,1873-08-17,0.059803491800000004,7.76043,2.66222,22463.767757736026,0.014077657006667188,0.032971922596239045
BNY,1874-08-23,0.059790868799999994,7.8365,2.52998,23632.94128807342,0.0032769574798783285,0.04303170561777958
BNY,1875-08-29,0.06148883156,7.10891,2.37393,25901.70374021138,-0.031910845715346636,0.019772002854358206
BNY,1876-09-04,0.0674135696,8.89741,2.76334,24395.68406348839,0.08801264595550795,-0.013338172614797528
BNY,1877-09-10,0.07189087724,8.94309,2.9895,24047.79302224452,0.05695339762677598,-0.015305681083303546
BNY,1878-09-16,0.07790783052,9.6344,3.23102,24112.456908344735,0.08328533548628103,0.007203639715084087
BNY,1879-09-22,0.08171154004,9.32747,3.47692,23501.127446130486,0.04587160250318334,-0.024188391962186473
BNY,1880-09-28,0.08991918623999999,8.49468,3.7053599999999998,24267.327935747133,0.14052099094894643,0.07268283029874945
BNY,1881-10-04,0.08840949468,7.96572,3.9083099999999997,22620.9012795812,0.0014781426808352371,-0.049417791077159934
BNY,1882-10-10,0.0924282944,7.65261,4.12202,22423.058209324554,0.0344847940514299,-0.0006933366612278391
BNY,1883-10-16,0.10756569719999999,7.63028,4.48548,23980.866529334653,0.10133784870302187,0.048125194455180376
BNY,1884-10-22,0.11206155844,7.98571,4.69161,23885.522973989737,0.04448638395188809,0.001074457643429616
BNY,1885-10-28,0.11740010099999999,7.83913,5.07227,23145.475497163992,0.028170725810846786,-0.020915584351128835
BNY,1886-11-03,0.1199981614,6.32438,5.27171,22762.663613893787,0.027600129322216782,-0.01115741594487274
BNY,1887-11-09,0.134045041,6.23876,5.61291,23881.558941796677,0.09097286595921705,0.0565102469120895
BNY,1888-11-15,0.1322543716,6.71014,5.61232,23565.009051515237,-0.007594815613594541,-0.007703335972483183
BNY,1889-11-21,0.13216065564,6.81673,5.62257,23505.3819943549,0.006184544845658113,0.004991962074025524
BNY,1890-11-27,0.13353418208,6.88534,5.63378,23702.41331397392,0.010804957230719392,0.009130635613437299
BNY,1891-12-03,0.13424165664,8.57547,5.73882,23391.85697408178,0.0052051646469779556,-0.000260444723629627
BNY,1892-12-09,0.12759199752,8.92844,5.79356,22023.07346778147,-0.05523784851315483,-0.06213468155594237
BNY,1893-12-15,0.12601114812,8.94228,5.84248,21568.09233750051,-0.004839067127545449,-0.011300551142611193
BNY,1894-12-21,0.12619572992,8.96404,5.92602,21295.191362837115,-0.000033788994988070975,-0.010967399807915057
BNY,1895-12-27,0.12926147468,8.97932,6.018679999999999,21476.71494081759,0.01191139947371167,0.0003740313494706715
BNY,1897-01-02,0.13682015203999998,10.66062,6.18834,22109.346293190094,0.04610597439227515,0.021632777601086506
BNY,1898-01-08,0.14018207268000002,10.66141,6.32637,22158.374024914763,0.012351924782434187,-0.004266423829285437
BNY,1899-01-14,0.1385358364,10.60771,6.452009999999999,21471.733056830355,0.013118868931863092,-0.001682506880287371
BNY,1900-01-20,0.13799439004,10.58941,6.57456,20989.14452678202,0.0002250701107004982,-0.014242549398774229
BNY,1901-01-26,0.14257013784,10.00507,6.75214,21114.80772614312,0.031114064672908004,0.009437730139913114
BNY,1902-02-01,0.14382281888,9.95857,6.86698,20944.11500834428,0.029130249365940886,0.01559857534365161
BNY,1903-02-07,0.17192517576000002,9.08364,6.96919,24669.31964259835,0.46089346974570256,0.4445757285774483
BNY,1904-02-13,0.18726613152,9.71576,7.12224,26293.150963741744,-0.012205691565766008,-0.024940492845889728
BNY,1905-02-19,0.19110037023999998,9.93529,7.24535,26375.588514012434,0.010217767753176066,-0.0030505060011243312
BNY,1906-02-25,0.18851835132,10.28617,7.3899,25510.27095359883,-0.027905783830081465,-0.04223091973744375
BNY,1907-03-03,0.23779873884,10.71307,7.54932,31499.35872899811,0.21733423732896773,0.19822133765667882
BNY,1908-03-09,0.24785716800000002,11.24249,7.7374,32033.65058029829,0.04409000347108005,0.023463957696642
BNY,1909-03-15,0.25169474512,11.29919,7.90661,31833.45898178866,0.011453512016990963,-0.00434256014956369
BNY,1910-03-21,0.25843255568,11.25161,8.03779,32152.190549889958,0.03051501483540031,0.017626652862404057
BNY,1911-03-27,0.25740432224,11.43992,8.20196,31383.26963798897,-0.008290344870789723,-0.02438206468525561
BNY,1912-04-02,0.25732244824,11.35145,8.36455,30763.453890526092,-0.010348529019627462,-0.024394650159037523
BNY,1913-04-08,0.26202520292000003,11.3033,8.51635,30767.31263041092,0.012294276717236263,-0.0017879657021281359
BNY,1914-04-14,0.27818885484,11.1355,8.74162,31823.489792509856,0.04526554685117534,0.022760793437062166
BNY,1915-04-20,0.29142452456,11.00054,8.89408,32766.123596819452,0.0384450316973306,0.025268897162893378
BNY,1916-04-26,0.3008486468,10.89685,9.03259,33307.01900562297,0.02456602029128785,0.012374380994547352
BNY,1917-05-02,0.30537066768000004,10.90597,9.17866,33269.63496632406,0.01131010837881452,-0.0014179578029963613
BNY,1918-05-08,0.30521359024,10.11728,9.31095,32780.06972865282,-0.0006865547654684168,-0.011187259813327133
BNY,1919-05-14,0.31832751391999997,10.13353,9.47207,33606.96383367099,0.008945271530054866,-0.004197615920945252
BNY,1920-05-20,0.3267464616,8.91928,9.585330000000003,34088.180751210435,0.07360122811737901,0.0646848530554962
BNY,1921-05-26,0.35788871612,9.69868,9.85192,36326.798849361345,0.0688839458349042,0.043928063785035
PER,1852-12-07,4.7642841584,7.75306,112.73203,42262.02755685319,-0.06610514048126492,-0.07224356941452448
PER,1853-12-20,5.10768157276,7.71879,114.59554,44571.38185971286,0.058878736219743155,0.04137906158847371
PER,1854-12-19,5.6186426894,7.73441,111.94781719601242,50189.83692698686,0.07056765909521245,0.0767884492818216
PER,1856-01-01,5.38223599472,7.54718,118.36791999999998,45470.394298725536,-0.05472645693945921,-0.05792772219147879
PER,1857-01-14,5.40160988224,7.65348,119.89255,45053.75757075815,0.014194540780040787,0.0032819255027232153
PER,1858-01-06,5.227160642079999,7.86071,121.93561000000001,42868.2043094712,-0.030676115582170205,-0.04050024453761958
PER,1859-01-12,5.274853004200001,7.93423,124.5620276369093,42347.199257030996,0.011901392612769346,-0.0003755419517212921
PER,1860-01-25,5.3966637868,7.75989,124.44834999999999,43364.68733253595,0.030794628077143393,0.021433522307173547
PER,1861-01-24,5.79786203412,7.49591,124.44835,46588.50064400211,0.06627055892394251,0.06678669410629245
PER,1862-02-06,5.81862138468,7.57878,132.25121,43996.734583222344,0.008417418909306251,-0.016795990463617017
PER,1863-02-19,6.22386323364,7.50583,137.13499836126036,45384.93679960693,0.020251992628140814,0.004515008970226608
PER,1864-02-11,6.32383069396,7.53524,136.52378,46320.36040871415,-0.0003586736544474167,-0.013905164823358351
PER,1865-02-17,6.2663007602,7.48478,138.31846,45303.430649820715,-0.0013016118168243107,-0.014031227324782236
PER,1866-03-02,6.3355192680000005,7.54886,138.31846,45803.85921011556,-0.03047382439614843,-0.031086475582509654
PER,1867-03-01,6.429263300200001,7.51892,138.31846,46481.59978212598,0.02112101375309061,0.021070534240995586
PER,1868-03-14,6.59897470804,7.56276,138.31846,47708.56115691282,0.01963099506075916,0.023598387289270883
PER,1869-03-27,6.703747549719999,7.43405,138.31846,48466.03663545705,0.02172116178483141,0.024368440894293242
PER,1870-03-19,6.6718283554,7.38277,138.31846,48235.270660185204,0.03407585613710706,0.03555057651925031
PER,1871-03-25,6.6851384262,7.59175,138.31846,48331.49838568186,0.0242482377931863,0.01999771221841473
PER,1872-04-07,6.655278850479999,7.67372,148.10737,44935.500849687625,-0.009772420322351594,-0.07460056959282813
PER,1873-04-06,7.000087172000001,7.69657,148.10737,47263.59783446293,0.016592328668790124,0.014173078309625886
PER,1874-04-19,6.99825327968,7.74649,148.5380483881756,47114.213197358105,-0.02124456947183695,-0.023920017592290788
PER,1875-05-02,7.1856739115199995,7.69161,148.10737,48516.653232853976,-0.0023218863252578714,-0.006813258719980064
PER,1876-04-24,7.49032812268,7.57533,148.10737,50573.63534765353,0.046146308363012034,0.0464924481855129
PER,1877-04-30,6.98721777104,7.59564,148.10737,47176.7054606398,-0.042829096357721474,-0.04177324314618236
PER,1878-05-13,7.54647844964,8.78727,147.1948137408752,51268.643628470345,0.03586491743644249,0.03652671774402183
PER,1879-05-12,8.01233684368,8.98875,148.10737,54098.1643498227,0.0209657777366572,0.02697764812651471
PER,1880-05-25,7.82147259712,8.80812,148.10737,52809.475970844665,-0.0384688951206541,-0.03403073410734414
PER,1881-06-07,7.82853742164,9.02243,148.10737,52857.17666609029,-0.003629924318748756,-0.005212201804480787
PER,1882-05-30,8.71307328164,8.74873,148.10737,58829.43760084323,0.1033255497207759,0.10222958904870527
PER,1883-06-05,8.40788165152,8.96092,148.10737,56768.82690928885,-0.03029964597695034,-0.029100346592675908
PTN,1837-01-13,0.02996965556,9.21933,1.51682,19758.21492332643,0,0
PTN,1838-01-19,0.07970428908,8.73004,1.55167,51366.778425825076,0.7219998867841424,0.6903144519355355
PTN,1839-01-25,0.09158344624,6.12849,1.56446,58539.973051404326,-0.0036792224783428473,-0.010089071398394878
PTN,1840-01-31,0.08282245868,6.2344,1.56573,52897.02482548076,-0.0384809313769513,-0.038805590642283616
PTN,1841-02-06,0.08270621528000001,6.39797,1.57485,52516.884325491315,-0.008804950434596726,-0.012839027382857249
PTN,1842-02-12,0.08315532628,6.45853,1.58446,52481.80848995872,-0.005077092647210568,-0.009861593460982365
PTN,1843-02-18,0.08412509352,6.68254,1.59438,52763.51529748241,0.029390794326086267,0.024470155639543467
PTN,1844-02-24,0.08183469475999999,6.39866,1.60179,51089.52781575612,-0.042246397829668325,-0.04601451955291003
PTN,1845-03-02,0.07477682576000001,6.40889,1.61139,46405.16930103824,-0.06636000901423966,-0.0706475867775288
PTN,1846-03-08,0.06822412428,7.12674,1.62375,42016.396785219404,-0.06430274932676205,-0.07006032137219398
PTN,1847-03-14,0.08210460907999999,7.13593,1.63891,50097.08225588958,0.08819304789535476,0.08087725336008567
PTN,1848-03-20,0.09210522464,7.12698,1.65416,55680.964743434735,0.023094948037949203,0.01586101395978945
PTN,1849-03-26,0.08815100216,6.79708,1.78662,49339.53619684096,-0.03757027929960732,-0.09078229943937466
PTN,1850-04-01,0.09857061396,6.84648,1.89928,51898.93747104166,0.09943592635567367,0.04542034651077609
PTN,1851-04-07,0.10966289464,6.9864,1.97468,55534.51427066664,0.06471720164503214,0.03147301667334568
PTN,1852-04-13,0.15262013468,8.05426,2.05691,74198.7421326164,0.4184573689262734,0.37165034294632293
PTN,1853-04-19,0.13311398152,6.66849,2.18344,60965.257355365844,-0.06766621409537033,-0.1149942938598032
PTN,1854-04-25,0.16257463560000002,7.69073,2.24017,72572.45459049984,0.10193276272396323,0.08206947339264237
PTN,1855-05-01,0.14750168108,7.60127,2.32136,63541.06260123377,-0.11870520743871871,-0.1431087589319675
PTN,1856-05-07,0.15363383776,7.59385,2.37496,64689.02118772526,0.043334541408635685,0.025936392136112207
PTN,1857-05-13,0.15481999883999997,7.65452,2.41733,64045.868309250276,0.03645079488289138,0.022286996434932593
PTN,1858-05-19,0.16577708836,7.91338,2.46341,67295.7763263119,0.045296103300074275,0.030310527069486337
PTN,1859-05-25,0.16153232472,7.74087,2.50932,64372.94753957247,-0.023500241223934015,-0.03777551527025291
PTN,1860-05-31,0.14793659556,8.17021,2.55519,57896.514764068415,-0.07875815893449023,-0.09065415319166337
PTN,1861-06-06,0.195241345,8.15147,2.6072500000000005,74884.01380765173,0.1453809071545904,0.12661048634887284
PTN,1862-06-12,0.20023976908,7.80687,2.6522299999999994,75498.64418998353,-0.004435379568419884,-0.017186721644099623
PTN,1863-06-18,0.17281545528,7.8788,2.6934,64162.56600579193,-0.13142156377946623,-0.14121566843888023
PTN,1864-06-24,0.17134235612,7.29928,2.73247,62706.03377896189,0.07387411736435356,0.06179491313197771
PTN,1865-06-30,0.2271962706,7.76744,2.77011,82017.05730097361,0.2526349989523251,0.23960577829002006
PTN,1866-07-06,0.23168665676000003,7.81895,2.79397,82923.8169200099,0.007697996758875503,0.002097169956728706
PTN,1867-07-12,0.24245929708,7.76739,2.79838,86642.73511102852,0.0446223164492725,0.04362855405243238
PTN,1868-07-18,0.24029089136,7.79978,2.80958,85525.55590515309,-0.008577896168939447,-0.011747132234472768
PTN,1869-07-24,0.23620353068,7.94082,2.82148,83716.18111062278,-0.012458201852441952,-0.013770733217348563
PTN,1870-07-30,0.28559325548,7.88161,2.84222,100482.45930293924,0.13275669548508207,0.1259528150160547
PTN,1871-08-05,0.26997582092000005,7.739,2.80794,96147.2897996396,-0.017784837642310092,-0.006680786307370901
PTN,1872-08-11,0.2314348842,7.75661,2.8025799999999994,82579.22492845879,-0.19937328015215494,-0.19761185387737934
PTN,1873-08-17,0.26709122075999997,8.05261,2.78331,95961.72210785,0.0900060190633063,0.09563748475429046
PTN,1874-08-23,0.30665252435999996,8.41878,2.80139,109464.41743563017,0.07500978814252313,0.06771110556308257
PTN,1875-08-29,0.34247209152,7.73871,2.79773,122410.7013614609,0.07402782178864453,0.07568872650159175
PTN,1876-09-04,0.37544716248,7.98965,2.80172,134005.95437088647,0.08819129802800751,0.08714590670639821
PTN,1877-09-10,0.34753822324,9.28673,2.84664,122087.17057302647,-0.0690399725545674,-0.07804660068326108
PTN,1878-09-16,0.36056653619999995,9.37311,2.96789,121489.18463959242,-0.0038046139527323497,-0.03194698846406163
PTN,1879-09-22,0.38778798916,9.63291,3.02101,128363.68934892635,0.05669453150749493,0.041696682801110496
PTN,1880-09-28,0.47441656132,9.70038,3.0413,155991.3725446355,0.18627897606815202,0.1802312882202055
PTN,1881-10-04,0.49674852915999995,10.03104,3.07093,161758.3367774583,0.095147472814753,0.08664450294099169
PTN,1882-10-10,0.54762203496,10.59103,3.12273,175366.43736730362,0.15145615095471676,0.13748137456598797
PTN,1883-10-16,0.5841839853199999,10.72315,3.1827600000000005,183546.35138056276,0.007925847244328654,-0.006851066432634112
PTN,1884-10-22,0.53504430148,10.49036,3.24792,164734.44588536664,-0.06373408033464523,-0.07825312971869347
PTN,1885-10-28,0.5852786258799999,10.55111,3.31204,176712.42674605377,0.08694586551118966,0.07127309550637961
PTN,1886-11-03,0.5156660012400001,10.60151,3.37738,152682.2570276368,-0.043540567975165256,-0.05772403148329519
PTN,1887-11-09,0.5839519088,10.64631,3.45264,169132.0000926827,0.07304013317904978,0.05527392781161189
PTN,1888-11-15,0.60718010548,10.74381,3.53514,171755.60387424543,0.020526813714424996,0.002426688744602057
PTN,1889-11-21,0.65040905956,11.08747,3.6012100000000005,180608.47869466094,0.02167655384899403,0.007615597568933596
PTN,1890-11-27,0.71479392712,11.01152,3.69288,193560.02012521392,0.1013054771203461,0.08002294346956162
PTN,1891-12-03,0.72454403892,11.15151,3.78006,191675.27470992523,0.00983343208425036,-0.007956010672702907
PTN,1892-12-09,0.71365951592,11.02456,3.87171,184326.69696852294,-0.027107958119939934,-0.04456408376715448
PTN,1893-12-15,0.7514610006800001,10.86253,3.9564200000000005,189934.58750082145,0.05899846772204542,0.04200572941737768
PTN,1894-12-21,0.77218818352,10.79,4.03029,191596.1837783385,0.0048863834625823,-0.009239830928490678
PTN,1895-12-27,0.77347607428,10.69794,4.0996,188671.10798126645,0.003940906417665424,-0.009079470244664822
PTN,1897-01-02,0.80747267796,10.68177,4.17149,193569.36681137912,0.023314426437921476,0.01035734967175439
PTN,1898-01-08,0.85402890664,10.68653,4.23795,201519.34464540638,0.020818817997615868,0.008461488184498211
PTN,1899-01-14,0.82098439696,10.64027,4.30207,190834.7369894028,-0.0033348039836442744,-0.014769338687712685
PTN,1900-01-20,0.81897190284,10.66801,4.36838,187477.257665313,-0.008587498048858722,-0.019623622294627774
PTN,1901-01-26,0.8291043893600001,10.57405,4.42963,187172.37994143978,-0.010342829945496512,-0.02083426335365357
PTN,1902-02-01,0.82211448332,10.61952,4.49096,183059.85431177297,-0.03217475356079591,-0.041960486414124976
PTN,1903-02-07,0.89416514668,10.70727,4.55267,196404.55967157733,0.07025273933019505,0.059158094481366996
PTN,1904-02-13,0.94668017444,10.73472,4.61513,205125.35387735558,0.034898050937292924,0.024171275905013445
PTN,1905-02-19,0.9288517394,10.74453,4.67807,198554.4763973177,-0.015623881400240736,-0.025377820489468572
PTN,1906-02-25,0.90941647524,10.6841,4.73941,191883.90015634857,-0.013216626739509296,-0.022915128816894392
PTN,1907-03-03,0.9777239263999999,10.64027,4.79678,203829.2201018183,0.07350910896634577,0.06361756950120956
PTN,1908-03-09,0.94431730172,10.58831,4.85756,194401.5723367287,-0.012116294784853099,-0.021139624894306652
PTN,1909-03-15,0.9714606304,10.62275,4.91485,197658.2460095425,0.03710412440157862,0.027728971346941078
PTN,1910-03-21,0.91264033692,10.6102,4.89138,186581.36086748526,-0.04934266323910064,-0.046040588468624355
PTN,1911-03-27,0.95325153196,10.54984,4.91975,193760.15691041213,0.059259718538414274,0.05485958564543636
PTN,1912-04-02,0.95252714284,10.62338,4.90099,194354.02701086923,-0.01377903907825151,-0.008685284863733767
PTN,1913-04-08,0.9206499338399999,10.49004,4.87403,188888.8525183472,-0.029252549549917295,-0.02434408251382658
PTN,1914-04-14,0.9651356416,10.44281,4.87478,197985.47659586687,0.031220903828162783,0.031601663604507335
PTN,1915-04-20,0.9169952620399999,10.39408,4.89653,187274.5111415635,-0.055479841206288905,-0.05862165442479217
PTN,1916-04-26,0.83985438056,10.38003,4.87172,172393.81174615945,-0.05222315910020736,-0.048669497777829585
PTN,1917-05-02,0.8753118602800001,10.13679,4.80887,182020.27925063478,0.032415819855290184,0.043254584238361815
PTN,1918-05-08,0.83545756632,10.29131,4.78416,174629.93844687467,-0.03608796996394015,-0.03272677910461608
PTN,1919-05-14,0.84563460696,10.19971,4.75464,177854.60244308718,0.009438305856661167,0.014167962958673508
PTN,1920-05-20,0.82340059464,10.20633,4.74223,173631.51821822222,-0.018796183025211022,-0.016190437187369455
PTN,1921-05-26,0.82763656404,10.26587,4.74236,174519.97824711748,0.007606963509485087,0.007433583982719982
KOT,1837-01-13,0.06365652384,9.25689,3.25892,19533.012114442823,0,0
KOT,1838-01-19,0.0597426778,8.40765,3.3316300000000005,17931.96657491978,-0.04746798027172161,-0.06379776003387005
KOT,1839-01-25,0.06407489295999999,8.35047,3.40303,18828.776989917806,0.06978357861541684,0.0534088033512945
KOT,1840-01-31,0.07000492824,8.37307,3.47093,20168.92540039701,0.05149249615742746,0.03572499001642826
KOT,1841-02-06,0.07311822075999999,9.18686,3.54763,20610.441551120042,0.04335377105345861,0.025748952010810733
KOT,1842-02-12,0.18570387576,8.16536,3.6071,51482.87426464473,1.4941320601053376,1.4649374440203968
KOT,1843-02-18,0.18866956472,8.28913,3.6507799999999997,51679.247919622656,0.04303190728686279,0.0326998201863673
KOT,1844-02-24,0.19319883492,7.48223,3.71322,52029.99954756249,0.03239777308227154,0.018953588749207384
KOT,1845-03-02,0.18452609968000003,7.4751,3.77207,48919.05496981764,-0.03410106326483553,-0.04506663930298471
KOT,1846-03-08,0.1913892812,8.33254,3.8100499999999995,50232.74791669401,0.04219153882389537,0.034146030333301436
KOT,1847-03-14,0.1834205256,8.32387,3.88636,47195.96887576035,-0.042916335033893915,-0.05663113087590599
KOT,1848-03-20,0.16932048483999998,8.5576,3.9626500000000004,42729.10422066041,-0.03678720994571427,-0.051022908990620675
KOT,1849-03-26,0.16334180148,7.59642,3.9955100000000003,40881.33967378382,-0.06946197655348851,-0.07488031006737383
KOT,1850-04-01,0.17149094508,8.35122,4.02021,42657.21071287322,0.02931946384064754,0.023690881930717334
KOT,1851-04-07,0.17772095224,8.36064,4.08334,43523.427449098046,0.029183488546184577,0.017024616101740442
KOT,1852-04-13,0.1590025814,8.41084,4.16957,38134.04773154066,-0.08893842086460035,-0.1040258878835264
KOT,1853-04-19,0.16282698431999998,8.40647,4.26725,38157.35762376238,-0.01404937634531267,-0.030931398185525816
KOT,1854-04-25,0.13962381004000002,9.30773,4.35624,32051.450342497203,-0.07429670834534907,-0.08904425532788107
KOT,1855-05-01,0.15351587004,9.29077,4.45931,34425.924647535154,0.06576675525884434,0.047782843701837274
KOT,1856-05-07,0.16427064004,8.44811,4.54773,36121.4584067216,0.025382692724289502,0.01017025658698012
KOT,1857-05-13,0.18409214668,8.35626,4.63408,39725.71614646273,0.09964620740174568,0.08372225837989755
KOT,1858-05-19,0.19538335440000001,8.35736,4.77837,40889.12210649239,0.052584619102971075,0.034652961391930415
KOT,1859-05-25,0.19010263688,8.3545,4.88468,38918.135247344755,-0.03903532516519104,-0.05247560036470267
KOT,1860-05-31,0.18028823800000002,8.34959,4.99729,36077.20144318221,-0.04064663789647627,-0.05285052724539441
KOT,1861-06-06,0.24980372196,8.39063,5.31254,47021.52303041483,0.3236419622511013,0.2586420050776399
KOT,1862-06-12,0.29797459016,8.53072,5.63724,52858.24094060214,0.09500155327932203,0.04520880700761931
KOT,1863-06-18,0.41483205972000003,8.60531,6.12129,67768.73170851242,0.19910919971031582,0.12205135308455861
KOT,1864-06-24,0.45235606624,8.56853,6.69405,67575.8421643101,0.0956823702588756,0.02738025045964476
KOT,1865-06-30,0.5174285537200001,8.38824,6.998130000000001,73938.11685693178,0.11984046259337511,0.08301645823380088
KOT,1866-07-06,0.55496339236,8.24485,7.12573,77881.61947758336,0.06423382547480583,0.05058351983671505
KOT,1867-07-12,0.5736608904,8.17641,7.23521,79287.38632327189,0.048899965939242396,0.036459472102065016
KOT,1868-07-18,0.74534972928,7.66227,7.3238,101770.90161937791,0.27181882336075724,0.25986268603493157
KOT,1869-07-24,0.7442088992,7.44132,7.37113,100962.6609759969,0.012540562852090487,0.007373495804652075
KOT,1870-07-30,1.03176356712,6.96494,7.318039999999999,140989.05815218284,0.2262282359434591,0.2316042393822355
KOT,1871-08-05,1.0046921877200001,6.94978,7.2577,138431.2092977114,-0.031710255162191614,-0.025866654285672697
KOT,1872-08-11,1.1398098581999998,7.08047,7.24952,157225.562271709,0.08478349312402544,0.08554013877884392
KOT,1873-08-17,1.0943255856,7.46563,7.18968,152207.82922188472,-0.02158853936666294,-0.014717221424126459
KOT,1874-08-23,1.11113202616,8.32934,7.13311,155771.0488356411,0.004581774402169447,0.011924231625259907
KOT,1875-08-29,1.11346592708,9.33061,7.14042,155938.4359855583,-0.003338232877565628,-0.0036836332458368704
KOT,1876-09-04,1.15938692428,9.65282,7.21206,160756.694242699,0.02900172319633998,0.020991409075946876
KOT,1877-09-10,1.17385813116,9.75566,7.300169999999999,160798.73909237733,0.02487886994263544,0.015477723531459153
KOT,1878-09-16,1.31044892472,10.3275,7.37597,177664.62237780253,0.10595073680590339,0.09722211461431929
KOT,1879-09-22,1.3770376365199999,10.30764,7.47993,184097.66355032733,0.0407340975459769,0.029620159070176344
KOT,1880-09-28,1.39768132192,10.65723,7.58773,184202.82771263606,0.017207393518094083,0.006627599689122743
KOT,1881-10-04,1.45129985052,10.85015,7.69585,188582.13849282407,0.038759579729544136,0.02754959610014751
KOT,1882-10-10,1.41817282048,10.93617,7.80095,181794.88658176246,0.010610829209442008,0.00013223857730348954
KOT,1883-10-16,1.47226593748,11.21287,7.91195,186081.29948748412,0.016774838616598453,0.006298790729165393
KOT,1884-10-22,1.08144706072,9.43416,7.83957,137947.24209618638,-0.34597993710311425,-0.2643330541045509
KOT,1885-10-28,1.16685381176,9.58429,7.90961,147523.5582740489,0.04472957144324541,0.037946678530426325
KOT,1886-11-03,1.25079257264,9.60059,7.9769,156801.83688400255,0.046360709194608996,0.039594173017674095
KOT,1887-11-09,1.1187857928,8.80068,8.00975,139677.9915478011,-0.09262392800508268,-0.09564506883723167
KOT,1888-11-15,1.2071946842799999,9.37839,8.05057,149951.45490070886,0.07026535345568896,0.06668871119638875
KOT,1889-11-21,1.2839539684399999,9.51297,8.10686,158378.70253587703,-0.00812475792274181,-0.013501451248575824
KOT,1890-11-27,1.35931281512,9.61614,8.16241,166533.26837539402,0.06111528135844413,0.05548502573236869
KOT,1891-12-03,1.38323954444,9.68438,8.22177,168241.089745882,0.013224201357066034,0.008010286209352957
KOT,1892-12-09,1.34365530364,9.96587,8.27651,162345.6388791894,-0.014772674358355609,-0.01991262773721736
KOT,1893-12-15,1.46512059824,10.25669,8.34373,175595.3989690462,0.06251872037092476,0.05593234637755029
KOT,1894-12-21,1.56216390668,10.32643,8.4139,185664.6628412508,0.028093215529923832,0.021812316370507512
KOT,1895-12-27,1.43198762096,10.38417,8.47142,169037.49559814055,-0.07434607323255171,-0.07947435931648195
KOT,1897-01-02,1.57388172656,10.3155,8.51993,184729.41990837952,0.07470220026509145,0.07032331053658702
KOT,1898-01-08,1.47537318188,10.39781,8.57108,172133.87133010075,-0.05286110061492799,-0.05713259416397054
KOT,1899-01-14,1.54226248696,10.31094,8.63244,178658.9292204753,0.043362518080013235,0.03762222329890341
KOT,1900-01-20,1.56338779012,10.22303,8.70325,179632.6418429897,-0.0025941075236489697,-0.008456559944484243
KOT,1901-01-26,1.7314287421599999,10.58325,8.75863,197682.59900920576,0.10441341027174111,0.09912987116233452
KOT,1902-02-01,1.76958512796,10.99902,8.83276,200343.3952649002,0.012180820054375596,0.005551689672377069
KOT,1903-02-07,1.7460433177199999,10.51884,8.9276,195578.1304852368,-0.012731075873376962,-0.020343245200906468
KOT,1904-02-13,1.99316690612,10.68742,9.03624,220574.80834063728,0.03355276509803495,0.023979893530215568
KOT,1905-02-19,2.14578444808,10.93607,9.15961,234265.91831748292,0.030070177628602535,0.01942261060033723
KOT,1906-02-25,2.3560487392000002,11.04611,9.29285,253533.49502036514,0.06037792322361368,0.04899553671653556
KOT,1907-03-03,2.3349780781600002,11.03584,9.42437,247759.59328421953,-0.010406029743754597,-0.02089870131579663
KOT,1908-03-09,2.46884628016,10.93003,9.56603,258084.73109116324,-0.009729551651953772,-0.02071248184340857
KOT,1909-03-15,2.45488431448,11.02452,9.71742,252627.17001837937,-0.005956928380391635,-0.01774460812305334
KOT,1910-03-21,2.37889031484,10.83009,9.87135,240989.35959519216,-0.020595419039740603,-0.03226410180559214
KOT,1911-03-27,2.51729404524,10.81304,10.02486,251105.15710344084,0.012255505964809288,0.00063098677097706
KOT,1912-04-02,2.7099656339599996,11.09185,10.18622,266042.32325239386,0.016117781206631765,0.004001020265907318
KOT,1913-04-08,2.81782458412,11.33801,10.35962,272000.76683507697,0.03540304930274596,0.022001667654320656
KOT,1914-04-14,2.97757223348,11.39265,10.539080000000002,282526.77021903236,0.024729557387046963,0.011765838501925918
KOT,1915-04-20,2.83364138252,11.41026,10.718330000000002,264373.4035544716,-0.055483157954617224,-0.06747925805599064
KOT,1916-04-26,3.03252322776,10.99278,10.890609999999999,278453.01849575003,0.04025825008845452,0.027740925509126324
KOT,1917-05-02,3.2350372672799996,11.47909,11.1062,291282.10074372875,0.14112486213126796,0.1256526270039402
KOT,1918-05-08,3.8093883386,11.41572,11.48733,331616.51476888015,0.11787247300524273,0.09110811750718795
KOT,1919-05-14,3.76041488888,11.42063,11.709540000000002,321141.1284200745,0.011751857015480205,-0.002296772535932967
KOT,1920-05-20,3.9357575124400004,11.67717,11.99755,328046.76891865424,-0.005378532406128178,-0.02386724350981395
KOT,1921-05-26,3.9060447946,11.48892,12.28386,317981.8717080787,0.016036189461260175,-0.002487029756476633
JOD,1905-02-19,1.24337410236,8.01412,10.278093971880136,120973.2179684045,0.04865781741371422,0.04633793908325767
JOD,1906-03-04,1.15240585772,7.99739,10.15271,113507.21706027257,-0.08345894106031237,-0.08290960641684952
JOD,1907-03-03,1.2438869248,8.04498,10.15271,122517.72431203096,0.05765725907600516,0.06264430870706161
JOD,1908-03-16,1.23791181228,8.07914,10.15271,121929.20040856085,-0.005019800227332061,-0.002666833044568828
JOD,1909-03-29,1.22992264408,8.11396,10.296788047553905,119447.21386900639,-0.01891047952953484,-0.018887867536908187
JOD,1910-03-21,1.22042328876,8.22285,10.15271,120206.65307686321,0.0049195417987211165,0.003701682457013966
JOD,1911-03-27,1.22850820456,7.99782,10.15271,121002.9838890306,-0.022778009847789438,-0.023238676758784882
JOD,1912-04-09,1.32387364408,7.9914,10.15271,130396.08578202272,0.05905352942958619,0.05879057946883126
JOD,1913-04-08,1.3172209965200001,8.24773,10.15271,129740.82747561981,0.0020724376705341108,0.0009861834342357323
JOD,1914-04-21,1.29286465828,8.01144,10.15271,127341.8287609909,-0.0381147935422006,-0.036382461207666306
JOD,1915-05-04,1.24044729172,8.00973,10.15271,122178.934660795,-0.0348918664519694,-0.03794386097376057
JOD,1916-04-26,1.22127929092,7.40585,10.15271,120290.9657539711,-0.014268624186042689,-0.013270505298497604
JOD,1917-05-02,0.88813426988,8.40967,10.15271,87477.55721181832,-0.22487076208222234,-0.21957152321849183
JOD,1918-05-15,0.81491690904,7.26108,10.15271,80265.94958784404,-0.0465580876837286,-0.044234567431076455
JOD,1919-05-14,0.7186952811999999,6.14342,10.15271,70788.51668175294,-0.0872436429704394,-0.0921263669019351
FIN,1837-01-13,0.88620145432,10.0704,14.63446,60555.80146585525,0,0
FIN,1838-01-19,0.7959169712,10.35081,14.808469999999998,53747.414229829286,-0.09445233218464699,-0.10246100652045753
FIN,1839-01-25,0.98185172956,9.80324,15.01532,65389.996987077204,0.06314344343125766,0.05216108685949905
FIN,1840-01-31,0.89968629504,10.00171,15.22268,59101.701871155405,-0.0848556499925105,-0.09422109465887174
FIN,1841-02-06,0.88601123624,10.02953,15.44646,57360.14829546705,0.1257020663339119,0.11344813370370277
FIN,1842-02-12,1.082826082,9.83256,15.66391,69128.72213898062,0.07180870075553991,0.060604378774171686
FIN,1843-02-18,1.1477594684399999,9.7,15.880880000000001,72273.03955700187,0.07532940567036106,0.0641146153817318
FIN,1844-02-24,1.18730100216,9.9664,16.09336,73775.83066308091,-0.021458227812061526,-0.031137850345152374
FIN,1845-03-02,1.4458561,9.9948,16.31506,88620.94898823542,0.11164809728124547,0.10038165790281428
FIN,1846-03-08,1.21165944744,9.88882,16.54773,73222.09435614431,-0.10057960695740165,-0.11028678626479949
FIN,1847-03-14,1.43374569676,9.90663,16.78562,85415.11703231694,0.19025232195217767,0.17765459670919515
FIN,1848-03-20,1.6585246106,9.82224,17.02343,97425.99526652384,0.1636721532480434,0.1512834737101152
FIN,1849-03-26,1.68374242764,9.86487,17.25962,97553.85272908672,0.11561349616395766,0.10403809174954026
FIN,1850-04-01,1.5849071040399998,9.86935,17.49972,90567.56931196613,0.03178187178133873,0.021194209488079707
FIN,1851-04-07,2.08446317976,10.08218,17.75022,117433.08982987254,0.1834675205583225,0.17085879693613215
FIN,1852-04-13,2.13610182292,10.12505,18.01073,118601.62374984247,-0.03529610239478442,-0.04592107821971281
FIN,1853-04-19,1.9053364288399999,10.1441,18.28518,104201.1305789716,-0.11375906446376305,-0.12354494064062949
FIN,1854-04-25,1.99711341128,10.2283,18.55534,107630.11679009923,0.03512823272936205,0.023609052598116964
FIN,1855-05-01,2.09379814436,10.3312,18.83517,111164.28173252483,-0.010459395480462819,-0.021501108131187774
FIN,1856-05-07,2.2422369944000002,10.37795,19.1214,117263.22311127846,0.05509192764482074,0.04316004357765002
FIN,1857-05-13,2.3756134022400004,10.42107,19.38385,122556.3240656526,0.06962909514359761,0.05860025026028981
FIN,1858-05-19,2.6839367687599998,10.19986,19.65085,136581.2048211655,0.06643953887561138,0.05566261448750587
FIN,1859-05-25,2.06229134904,10.18864,19.91621,103548.3834042722,-0.19094563608461534,-0.19905167652848288
FIN,1860-05-31,2.7762299344000003,10.41999,20.18637,137529.9241220685,0.3003911561927157,0.28729320425419713
FIN,1861-06-06,2.9899390378,10.62512,20.48371,145966.67487481516,0.16128642758370915,0.1485206326737889
FIN,1862-06-12,2.53198232456,10.48452,20.76496,121935.33358889207,-0.06362410795695417,-0.07338397133871999
FIN,1863-06-18,2.6243380430800003,10.53575,21.02553,124816.7367519392,0.16209874651631706,0.15125041165808106
FIN,1864-06-24,2.9913812656,10.35292,21.319810000000004,140309.9401730128,-0.0013246854520139184,-0.011710845328471331
FIN,1865-06-30,3.0886980358000002,10.40607,21.61163,142918.3285018298,0.034317318416844156,0.023718309471789878
FIN,1866-07-06,2.98637413724,10.49378,21.90846,136311.4585525409,-0.002666234634353004,-0.012745804727839705
FIN,1867-07-12,3.58916163736,10.55358,22.22156,161517.08689038933,0.17427553834469878,0.16183123130545862
FIN,1868-07-18,2.78773807364,10.48202,22.54073,123675.58963884489,-0.11798580311576234,-0.12741250464408338
FIN,1869-07-24,2.695246684,10.46398,22.82814,118066.85450501004,0.03410778085337074,0.024340801936076017
FIN,1870-07-30,1.2116966862,8.77791,22.52316,53797.81017406084,-0.5661836008284733,-0.5614310059173835
FIN,1871-08-05,1.80909957956,9.9738,21.93098,82490.59456348963,0.6410482774754209,0.6743056885012271
FIN,1872-08-11,2.31119232656,9.93808,21.26796,108670.1463873357,0.08205609182894924,0.10710334202155392
FIN,1873-08-17,2.5276830748,10.36657,21.14334,119549.8476021291,0.08061105530137591,0.08650522904127023
FIN,1874-08-23,2.95247363892,10.45048,21.45008,137643.9453335372,0.14186676408531862,0.1295415334537806
FIN,1875-08-29,2.84469067116,10.42693,21.77273,130653.83491918561,-0.04441345931768936,-0.05513915060483754
FIN,1876-09-04,2.92882188144,10.51362,22.09211,132573.20742292158,0.015963596014491488,0.0048290604705574225
FIN,1877-09-10,3.10346966436,10.39024,22.42577,138388.54426670744,0.05736059521001824,0.04548044127266326
FIN,1878-09-16,2.94979193964,10.42013,22.73922,129722.6527400676,-0.03786983259307786,-0.0479276122541632
FIN,1879-09-22,2.9740795219200002,9.96104,23.05372,129006.4910096939,0.020861246644475084,0.010218377280075686
FIN,1880-09-28,3.2662648876,9.9009,23.35384,139859.86405661766,0.0636125962150671,0.05338589159412188
FIN,1881-10-04,3.30265733408,9.45339,23.58816,140013.35136271757,0.014429007475965872,0.007040669913302322
FIN,1882-10-10,0.52931043412,9.99227,4.13544,127993.74047743408,-0.7342125365345079,-0.660347679248255
FIN,1883-10-16,0.77528789,9.96888,4.18116,185424.11436060804,0.1663852947180564,0.15641521317307916
FIN,1884-10-22,0.83036449288,9.91547,4.22665,196459.25091502725,-0.019905808314951257,-0.027909160961289703
FIN,1885-10-28,1.07410749576,10.76307,4.27376,251326.11465313917,0.3341730089840058,0.32332752544435994
FIN,1886-11-03,1.13047400804,10.86286,4.32434,261421.16670752066,-0.07940714249651704,-0.08771306133591583
FIN,1887-11-09,1.52116267836,10.70187,4.37198,347934.50069762446,0.26675239025002107,0.25654470646627425
FIN,1888-11-15,1.7278075713599998,10.84176,4.41923,390974.8013477461,0.034018209498797525,0.025790652816019
FIN,1889-11-21,1.82207716704,11.22113,4.46956,407663.65526808,0.06125661744163713,0.052284441908667656
FIN,1890-11-27,1.99367744628,11.4301,4.52689,440407.7515203595,0.014108084074719862,0.004573294171314801
FIN,1891-12-03,1.8138611379199998,11.9014,4.56324,397494.13528983784,-0.0786970258763372,-0.08408635672022569
FIN,1892-12-09,2.11666929656,12.3842,4.62336,457820.5669815892,0.06370504279580103,0.05327241115583292
FIN,1893-12-15,2.13395640484,12.89042,4.69317,454694.0351276429,-0.016825961392435862,-0.027707029611251377
FIN,1894-12-21,2.0959523494,13.21085,4.76538,439829.0061653005,-0.05742556513943453,-0.06838779389854122
FIN,1895-12-27,2.35335255896,12.79081,4.83804,486426.85032781865,0.07947083296928215,0.06744346212594032
FIN,1897-01-02,2.50648617908,14.31582,4.91203,510275.01441970025,0.1367096105180583,0.1237930535027214
FIN,1898-01-08,2.55598057,14.31558,4.9914,512076.8862443403,0.05734880459039138,0.04444079507585852
FIN,1899-01-14,2.482466688,14.53213,5.07637,489023.9852493022,-0.07310998826310233,-0.08461725599025416
FIN,1900-01-20,2.63612526632,13.03042,5.15621,511252.50257844426,-0.021924917314150805,-0.03346779374071962
FIN,1901-01-26,2.33916629804,13.39676,5.23506,446827.02739605657,-0.21132930369431913,-0.22029887043073804
FIN,1902-02-01,2.5957083001199996,13.17808,5.3168,488208.753408065,-0.052343122234382866,-0.0629476096849062
FIN,1903-02-07,2.4870347111999997,14.91328,5.40257,460342.89443727705,0.08023448845704673,0.06703782959965743
FIN,1904-02-13,2.61275677156,13.96293,5.49315,475639.0725831262,-0.05586520650166393,-0.0676295319170449
FIN,1905-02-19,2.4439399696399997,13.76715,5.58404,437665.1975344016,0.12198496970363415,0.10844857233263316
FIN,1906-02-25,2.68306722632,12.90128,5.66946,473249.16770203866,0.00928435892536772,-0.002305911262411753
FIN,1907-03-03,2.5659382642399997,12.28465,5.75471,445884.8950233808,-0.1768814532563212,-0.18614071681525102
FIN,1908-03-09,3.38967149248,12.71829,5.841780000000001,580246.3448606418,0.448136246832441,0.4316736975438835
FIN,1909-03-15,2.93209434492,13.14642,5.93233,494256.78357744764,0.11661789291206981,0.10343141272550671
FIN,1910-03-21,3.1026264859199997,14.14945,6.02965,514561.6223031187,0.077549752312424,0.06469399423468403
FIN,1911-03-27,2.42714600336,13.50779,6.12953,395975.8747179637,-0.21572063173050848,-0.22546606032573446
FIN,1912-04-02,2.93727000372,14.21181,6.22732,471674.8141608268,0.06838654476861539,0.05577647120398721
FIN,1913-04-08,2.17330408256,13.46143,6.29289,345358.66391435417,-0.24340959936825735,-0.20254286324110105
FIN,1914-04-14,3.81225152152,16.13941,6.397420000000001,595904.5242488377,0.17715815212690833,0.1632206104365963
FIN,1915-04-20,4.42736705684,16.18706,6.47814,683431.8271664397,0.14601672771943375,0.1326861936550121
FIN,1916-04-26,3.1145445499999997,12.63482,6.5485,475611.9034893487,-0.2807485256972727,-0.2873216877510363
FIN,1917-05-02,4.00075303732,12.85863,6.652200000000001,601418.032729022,0.017644146430159102,0.005358311311778552
FIN,1918-05-08,3.75725082824,15.34749,6.77142,554868.9681396221,-0.04080521743994081,-0.05363704944207637
FIN,1919-05-14,4.8187787986,17.11352,6.8888,699509.1741086983,0.1736637939758976,0.15849500927278415
FIN,1920-05-20,4.566463537480001,18.1781,7.00282,652089.2351195662,0.09278380876387837,0.07936931740656306
FIN,1921-05-26,4.66564541404,18.29251,7.114839999999999,655762.5208774899,-0.19046996727143484,-0.20012687363737014
D07,1918-04-17,0.9275413628,6.54997,20.58343,45062.52664400443,0.010864234677272933,0.02972676018618947
D07,1919-04-30,0.93898382604,8.17959,20.58343,45618.43317853244,0.038339768469279445,0.03683022777987022
D07,1920-04-29,0.9227020810800001,8.35582,20.58343,44827.420943934034,-0.0024489617813980846,-0.006247496505042305
D07,1921-05-12,0.92397688656,8.53135,20.58343,44889.35452254556,-0.004482750276759484,-0.003767725907790176
SAR,1837-01-13,2.21809276364,9.91213,36.80456,60266.7920398994,0,0
SAR,1838-01-19,2.30345027432,10.02657,37.35349,61666.26664121612,0.06482205599907509,0.05328580474692335
SAR,1839-01-25,2.4075598508000002,9.86532,37.86256,63586.82167291382,0.02319360219181399,0.012640335927882385
SAR,1840-01-31,2.6041752828,9.84686,38.36617,67876.86346591281,0.05375448094434643,0.04322333617045748
SAR,1841-02-06,2.66602054576,9.81061,38.89227,68548.8542005905,0.022423258175630956,0.012161363944832138
SAR,1842-02-12,2.7532531806000002,9.74001,39.40053,69878.58235917131,0.0067070716334172165,-0.0032831399840173026
SAR,1843-02-18,2.63388989812,9.61138,39.91092,65994.21657330876,-0.01895117539431912,-0.028210959033720506
SAR,1844-02-24,2.79098549184,9.4616,40.38692,69106.1732818447,0.05599161721895207,0.04655149345208831
SAR,1845-03-02,3.07208511584,9.76531,40.92568,75064.9742616372,0.10173977105839094,0.09061025256458421
SAR,1846-03-08,3.3567003506399997,10.26077,41.6929,80510.1192442838,0.08567103540089582,0.07077979947332036
SAR,1847-03-14,3.4039772806000004,9.89379,42.3759,80328.14124537769,0.008894477596505634,-0.003625867071091138
SAR,1848-03-20,3.16205607224,9.8292,43.080619999999996,73398.57393510122,0.019060147729129673,0.006299350286893324
SAR,1849-03-26,3.41766287928,9.74013,43.84233,77953.49561211733,0.019200286464500893,0.005701761321955656
SAR,1850-04-01,3.6076251562,9.83063,44.51329,81046.02369764177,0.03307161658018676,0.021109540268818394
SAR,1851-04-07,3.5061455052,9.79129,45.26544,77457.44888815838,0.027312317167570432,0.014108265606181059
SAR,1852-04-13,3.92449415176,9.80892,46.01495,85287.37185979774,0.10345728535317833,0.09015924206894121
SAR,1853-04-19,3.68206773428,10.20967,46.70777,78832.01733416089,-0.03713192231594531,-0.047872673015525447
SAR,1854-04-25,3.8698579088,10.32554,47.49034,81487.26475321085,0.011560632932932746,-0.0005450895989674853
SAR,1855-05-01,4.1551859018799995,10.35802,48.27891999999999,86066.25628493761,0.009231251489776549,-0.0035805728951374682
SAR,1856-05-07,4.51143597996,10.3939,49.10057,91881.53986725613,0.06946252683021314,0.05581002647825928
SAR,1857-05-13,4.6074056964,10.37655,49.99859,92150.7125780947,0.007915952372626878,-0.005389622950364936
SAR,1858-05-19,4.54514465028,10.45433,50.87562,89338.36384264211,-0.020294019916810235,-0.033273439688756845
SAR,1859-05-25,4.2776956014,10.41447,51.79601,82587.357624651,0.01101713944071503,-0.0027788837721229864
SAR,1860-05-31,4.65241775492,10.54305,52.76534,88171.85210822104,0.059638214342984996,0.04524643700234443
SAR,1861-06-06,5.13666375716,10.49076,53.717800000000004,95623.12226412845,0.04196299928218927,0.02779469595082107
SAR,1862-06-12,5.644475475599999,10.36538,61.87254000000001,91227.47305347411,0.04424513446272771,-0.0030461806730454066
SAR,1863-06-18,6.20420834488,10.48097,63.02178000000001,98445.46353467007,0.08424440983130554,0.06953978672747074
SAR,1864-06-24,6.55809135124,10.61974,64.17054,102197.85202430897,0.0287007746050838,0.014506186607368798
SAR,1865-06-30,6.9547249002400005,10.72725,65.40802,106328.32029222106,0.038283694394530166,0.023809087000780993
SAR,1866-07-06,7.82507445512,10.69868,66.67269,117365.51285271376,0.08652432914629737,0.07067742996683712
SAR,1867-07-12,6.8020325074,10.86985,67.89766,100180.6617105803,-0.13690176570543255,-0.14881054800634863
SAR,1868-07-18,7.08718757812,10.9268,69.01844,102685.42114426232,-0.00667784748101341,-0.019038726197359912
SAR,1869-07-24,9.91811667808,11.26684,69.58327,142535.93828056657,0.26328501121378656,0.2558650730651302
SAR,1870-07-30,10.9051203638,11.54352,70.23262,155271.44457660842,0.0734005218005056,0.06567000794500966
SAR,1871-08-05,11.951768731760001,11.74756,70.85468,168680.0184795133,0.08218317609542392,0.07539206260374542
SAR,1872-08-11,13.336431806879999,11.8634,71.43165,186701.9984401872,0.08952299796400953,0.08281298696025696
SAR,1873-08-17,14.292042309480001,12.0903,71.71911,199278.02101113636,0.06117830809816116,0.057703811582227704
SAR,1874-08-23,15.36297470812,12.52823,72.07115,213164.00124210588,0.06332090365351228,0.058571679749939376
SAR,1875-08-29,17.530372878199998,13.84917,72.33995,242333.21806553638,0.08213168613167476,0.07923843959918342
SAR,1876-09-04,17.2993843672,14.09243,73.12908,236559.57885973676,-0.008419181804544817,-0.016280336946888463
SAR,1877-09-10,17.13066638504,14.25824,74.60616,229614.6375184033,0.043130896216946546,0.027432144603731556
SAR,1878-09-16,18.684574096760002,14.15175,76.01768,245792.48007516147,0.0614330117536066,0.04649645872742969
SAR,1879-09-22,19.37253510348,14.24458,77.43418,250180.67090631038,0.034100155398991916,0.020020923897625442
SAR,1880-09-28,21.436454723839997,14.499,78.3049,273756.23650422896,0.03061642269077547,0.02189733848653308
SAR,1881-10-04,21.95030288048,14.7513,78.92095,278130.24146921694,0.024698955469588446,0.018046444119666383
SAR,1882-10-10,23.56676745176,14.79198,79.15235,297739.32740796707,0.05577171533567382,0.05307169955111535
SAR,1883-10-16,24.82666759924,14.89558,79.59551,311910.4029767508,0.024680574354847495,0.020768530150946152
SAR,1884-10-22,27.48076467812,14.92781,80.30501,342204.8596733877,0.10444699308242789,0.0971919841358222
SAR,1885-10-28,28.53407963328,15.27373,81.41663,350469.9179182435,0.04504204312549254,0.03432986695682727
SAR,1886-11-03,30.354560256280003,15.41973,82.65562,367241.3352689146,0.057210900273638066,0.04587562781946675
SAR,1887-11-09,36.67508152724,15.82924,83.82669,437510.7919355995,0.14884014296013626,0.13795072919534213
SAR,1888-11-15,34.96393180072,16.00682,84.61915,413191.7160680531,-0.03409904811172604,-0.0410134104071207
SAR,1889-11-21,33.78234807948,16.30298,86.89384,388777.2491062658,-0.041926764911421666,-0.06153180363930155
SAR,1890-11-27,38.563088463119996,16.66396,89.4896,430922.57047880423,0.09499980791956442,0.07157740896382725
SAR,1891-12-03,39.33771635456,16.51097,92.04813,427360.2989496908,0.03573542095688609,0.01421811434186604
SAR,1892-12-09,40.20075553,16.42481,94.45672,425599.7406007746,0.010703269839462681,-0.008551890193145617
SAR,1893-12-15,36.586646223399995,15.77313,96.36023,379686.16537548736,-0.09561579567511547,-0.10937031212336923
SAR,1894-12-21,38.86354384432,16.14108,102.53683,379020.33683233627,0.049410448842497345,-0.0033820762119913805
SAR,1895-12-27,41.55354716084,16.31715,106.00144,392009.2704480241,0.04235751528471532,0.019206730314250908
SAR,1897-01-02,42.535685476960005,16.87833,107.17497,396880.77801150776,0.018972091805349534,0.010752644739382644
SAR,1898-01-08,43.798914303560004,17.2858,109.33906,400578.84440894227,0.021212666073949782,0.0057347494718946734
SAR,1899-01-14,44.463327494039994,17.93438,110.79368,401316.46041579265,0.02413821048333209,0.01411797693165795
SAR,1900-01-20,43.9588433882,18.30573,114.9673,382359.5351739147,-0.021822297143019087,-0.048785171655283066
SAR,1901-01-26,46.955079786679995,17.87525,117.82921,398501.18477990304,0.0613875028190598,0.042538747711178715
SAR,1902-02-01,47.822044077600005,18.31413,117.30207,407682.86593407945,-0.01433691137585591,-0.010668019019814845
SAR,1903-02-07,46.4066693142,17.44776,118.74524,390808.67000816204,-0.019284127156163233,-0.030316280158967146
SAR,1904-02-13,45.60535382832,17.82601,119.52942,381540.82759139966,-0.011050810839066227,-0.013336402581531681
SAR,1905-02-19,46.39539900892,18.3929,120.58663,384747.4550778971,0.01556658346695139,0.008756605602875833
SAR,1906-02-25,49.561352629359995,17.71769,122.08401,405961.047883011,0.057509416686658765,0.04861671095655784
SAR,1907-03-03,50.35689371232,18.75807,126.16257,399142.89723425894,0.034704172251896814,0.009262880500471526
SAR,1908-03-09,51.31385110436,18.04342,128.88882,398124.9196350777,0.010661081848251763,-0.004515877782792166
SAR,1909-03-15,53.05475702488,17.92819,135.27882,392188.2008202023,0.02281210501730757,-0.013243538983516379
SAR,1910-03-21,56.0887011282,18.16144,138.87535,403878.0181522495,0.05189170272070576,0.031742119208190145
SAR,1911-03-27,59.2900503156,18.06976,142.45121,416213.03403179237,0.051678949300559385,0.031525099392681444
SAR,1912-04-02,60.774123111,18.16672,145.28937,418297.10673946765,0.028667150098610872,0.01367487481837748
SAR,1913-04-08,61.00279841396,18.02493,147.96086,412290.10438274016,0.0017532316781945223,-0.01132156159438158
SAR,1914-04-14,63.73266092804,18.5332,153.43124,415382.5578678762,0.03172384344928725,0.003151593131418773
SAR,1915-04-20,66.95126998456,18.22229,157.11321,426133.9322426166,0.017323246677720894,0.001521790957053959
SAR,1916-04-26,69.58311586251999,18.47705,159.78787,435471.8281338877,0.03957021801136307,0.026767067976920966
SAR,1917-05-02,79.12504603900001,18.37585,164.43214,481201.8261089347,0.09093031620999259,0.06692875842140444
SAR,1918-05-08,55.047621089239996,18.01776,166.59405,330429.69475344406,-0.164531249550687,-0.17268591503741515
SAR,1919-05-14,52.701094400239995,14.02585,252.42515,208779.09511092692,0.11830701029578772,-0.26543703771262417
SAR,1920-05-20,39.623063763400005,10.30085,238.02958,166462.7722462057,-0.18506691887913918,-0.14840894597590204
SAR,1921-05-26,45.82272099184,11.34055,222.17942,206241.96872887688,0.06365131849690653,0.1176137105411259
ETH,1904-09-04,7.75280944464,10.17759,96.82466960811817,80070.60056097494,-0.004661581981679097,-0.003142798791762824
ETH,1905-09-17,7.364059570919999,9.51591,96.03994,76677.05301481862,0.07122133366248029,0.0835070218977283
ETH,1906-09-16,8.197205590080001,10.07625,96.03994,85352.04822160448,0.0741942450464168,0.070387975901546
ETH,1907-09-29,7.539724576279999,9.32918,102.93520999999998,73247.28415359526,-0.08863072334945421,-0.12485289245188236
ETH,1908-10-12,7.41014229072,8.6915,102.98752008619827,71951.84702493928,-0.049683215984554385,-0.0461897462605394
ETH,1909-10-04,7.77182926312,8.82351,104.14682,74623.77884528783,0.0428058814235055,0.03169242630815705
ETH,1910-10-10,7.90436091016,9.04277,104.14682,75896.32511256705,-0.007992352348635379,-0.007706156750251214
ETH,1911-10-23,8.54968059608,9.10406,104.14682,82092.57465643213,0.057408193603440516,0.05845155474456942
ETH,1912-10-22,8.57021751508,9.56067,104.14682,82289.76664942817,0.0013526077434593553,-0.0008099737969945453
ETH,1913-11-04,8.997824336799999,9.56367,104.14682,86395.57440928105,0.04460849991742766,0.04155654521418328
ETH,1914-11-17,9.60366625244,10.12817,104.14682,92212.76513714004,0.07647917663911863,0.07424038980045422
ETH,1915-11-09,9.764399708440001,9.95858,110.47988,88381.70088924789,0.02939163462709593,-0.016125356581573547
ETH,1916-11-15,10.42971077356,9.52473,115.31335,90446.68959456994,0.0768983356816102,0.07055226230742573
ETH,1917-11-28,10.816748262840001,10.3546,115.31335,93803.08752490497,0.023214398009870907,0.022603282525192503
ETH,1918-11-27,10.5114340396,9.86991,119.76924,87764.05393905814,-0.027524392772536488,-0.06934018348750814
ETH,1919-12-10,11.77077754528,10.01279,121.9094972393032,96553.40897825589,0.09705018236262108,0.08818420729003229
ETH,1920-12-23,12.03831698108,9.95097,122.67923,98128.40348834924,0.03307028716147786,0.027374030210357114
GUA,1893-06-23,0.26492920948000004,5.78663,9.48985,27917.11243907965,-0.03837715811567144,-0.03854777642539342
GUA,1894-07-06,0.236508948,5.32478,9.354619796281249,25282.582633023703,-0.07473337879745756,-0.07206145935226393
GUA,1895-07-05,0.27759854304000003,7.62648,9.48985,29252.152883343784,0.08555487440462706,0.10373959441323422
GUA,1896-07-18,0.35372280631999997,9.05647,9.48985,37273.80372924756,0.15657607480742142,0.15484187177729147
GUA,1897-07-31,0.41031052556,9.2347,9.48985,43236.77672039073,0.18837617631140646,0.18487414776219158
GUA,1898-07-23,0.3916297632,9.00533,9.48985,41268.27749648308,-0.03594616352637936,-0.033622003831624836
GUA,1899-07-29,0.36683370724000003,9.69902,9.48985,38655.374662402464,-0.020176795416725124,-0.014938401653560085
GUA,1900-08-11,0.37340318132,8.6411,9.48985,39347.637878364774,0.0223080361174528,0.021662559750301513
GUA,1901-08-10,0.3796514748,8.55357,9.51545544700602,39898.40285779016,0.003135536590017418,0.0036451432261161987
GUA,1902-08-23,0.36513688692,8.33004,9.48985,38476.57095949883,-0.028106934817743068,-0.023700377589546018
GUA,1903-09-05,0.38299581944,9.12758,9.48985,40358.46925293866,0.031570744614353385,0.02872714181862901
GUA,1904-08-28,0.36836491796,8.26246,9.48985,38816.727130565814,-0.054755048076702506,-0.05441745858249558
GUA,1905-09-03,0.39921114168,8.51228,9.582988377439909,41658.314291585215,0.027753579167004272,0.02142747678375012
GUA,1906-09-16,0.43711182632,8.72896,9.48985,46060.98371628635,0.07436927833418827,0.07568486615754533
GUA,1907-09-15,0.45788393975999997,8.9811,9.517095387224552,48111.731692281755,0.028947829229216904,0.027069949279881156
GUA,1908-09-28,0.46289532172000003,8.92772,9.48985,48777.93871557506,0.004747892550011734,0.006691631317725655
GUA,1909-10-11,0.46703414056000003,8.83998,9.517134121253218,49072.98085849618,0.0024197990471028774,0.003927053160694527
GUA,1910-10-03,0.4594448716,9.03103,9.48985,48414.344968571684,-0.001989492342615584,-0.0018520165188722348
GUA,1911-10-09,0.48525868872,8.70397,9.48985,51134.495141651336,0.05246054477251061,0.052865785724761416
GUA,1912-10-22,0.48354604168000004,8.60523,9.48985,50954.02368635964,0.0024939573449644925,0.002043408805079805
GUA,1913-10-21,0.48668939748,8.56112,9.48985,51285.25714105069,-0.0006202477290342401,-0.000754069573437488
GUA,1914-11-03,0.48719177832,8.45621,9.48985,51338.19589561479,0.00012760880753037718,0.000719614720591677
GUA,1915-11-16,0.48717157163999997,8.47244,9.48985,51336.06660168495,-0.00791228762978069,-0.007785848883688051
GUA,1916-11-08,0.49039107936,8.49955,9.48985,51675.32462156936,0.0049229542647817315,0.005295190217380341
GUA,1917-11-14,0.49232162928,8.58379,9.48985,51878.757754864404,0.0025557952873669354,0.0021012815856247258
YUE,1896-07-18,37.332905113920006,7.89807,401.21473,93049.68716856434,0,0
YUE,1897-07-24,50.81887117996,9.12559,400.57904,126863.53030343274,0.5384651085940089,0.5405776787359573
YUE,1898-07-30,50.53060018552,9.24188,403.26695,125303.10303266856,-0.011520131749798712,-0.01638253319356353
YUE,1899-08-05,50.8466369736,9.45194,406.16395,125187.46918233388,0.026614909502533424,0.020971111591875813
YUE,1900-08-11,54.24475455204,9.36423,409.1174199999999,132589.69650336573,0.02209769082098223,0.016451164023498333
YUE,1901-08-17,51.92528338452,9.16358,411.67609,126131.40438765827,0.02211794693055169,0.017450708401504977
YUE,1902-08-23,55.97068011288,9.18878,413.65569000000005,135307.41016249527,0.03314253094365016,0.029368909833348056
YUE,1903-08-29,90.55642508691999,6.05756,1057.64803,85620.56801346283,0.04672348323388986,-0.08677929655537886
YUE,1904-09-04,97.24618658872,7.2468,1049.40709,92667.74306691601,0.053236006904581856,0.05961120440170964
YUE,1905-09-10,106.81073283971999,7.4404,1144.84067,93297.46543658341,0.04505115864828402,-0.042644179341856825
YUE,1906-09-16,105.73890963168,7.46552,1141.87777,92600.9003850561,0.06488209832340552,0.06697202245877532
YUE,1907-09-22,99.54027117112,7.84028,1140.04664,87312.45519141217,-0.07605789536139185,-0.07514367964035917
YUE,1908-09-28,112.85597079536,7.70598,1138.15448,99156.98859732995,0.09781143109956325,0.09929161178770918
YUE,1909-10-04,113.94584476652,7.66445,1135.54179,100344.91532585515,-0.0013138642548620183,0.00038960443757329877
YUE,1910-10-10,132.07696341892,7.84254,1227.51611,107596.92874329771,0.09357810791339083,0.05597617540240152
YUE,1911-10-16,135.70615312748,7.87985,1226.89878,110609.08637261829,-0.016700343492592973,-0.01623246289688607
YUE,1912-10-22,131.43690140568,8.06159,1229.17911,106930.63389734959,-0.03376723843442242,-0.035461332581032456
YUE,1913-10-28,134.73635913348002,8.20183,1231.22004,109433.20832682354,0.03197191065039884,0.030752911219201318
YUE,1914-11-03,141.46579670756,8.37398,1235.29482,114519.86555530119,0.04371546731427389,0.041058946008366126
YUE,1915-11-09,158.83128502228,8.7899,1495.13802,106231.85478373428,0.05485859637652646,-0.008958986113371314
YUE,1916-11-15,185.50852137584002,9.7972,1499.08032,123748.22009259652,0.10124743002038739,0.09906892857661376
YUE,1917-11-21,187.0537269484,9.97294,1506.30802,124180.26357477669,0.004292282807426551,0.0007737894931909572
YUE,1918-11-27,195.7263398558,10.05711,1515.68819,129133.64447063481,0.037725180171520156,0.032862345801961235
YUE,1919-12-03,208.74169548804,10.05078,1525.5518099999997,136830.2892892507,0.054417685241508806,0.04928191624641798
YUE,1920-12-09,241.11930900459998,9.19609,1858.00979,129772.89479438102,0.10812806699626143,-0.08913893363561998
YUE,1921-12-15,265.15635094728,8.80541,2177.10123,121793.30354210491,0.057250292451547447,-0.02782566632374084
HUN,1914-10-13,30.0003143128,9.61937,213.55291,140481.88017105457,0,0
HUN,1915-10-19,33.84812384096001,11.09911,213.03855000000001,158882.6240178597,0.16309170556583963,0.16503377243998774
HUN,1916-10-25,35.02191117516,11.10278,212.79762,164578.4909397013,0.0742128796110062,0.07506204777075864
HUN,1917-10-31,32.265996427080005,10.46125,211.83405000000002,152317.32777181006,-0.05284416439602713,-0.04953964013622103
HUN,1918-11-06,15.181864814999999,8.68883,124.80296,121646.6726029575,-0.4308817633988524,-0.040065152005878235
HUN,1919-11-12,14.24776683148,7.80086,202.4216,70386.59328589439,0.04684768740604062,-0.35979569577029813
HUN,1920-11-18,23.57921748,10.04734,202.02254,116715.77577432698,0.46367736336034726,0.46603496214847806
HUN,1921-11-24,23.8046027778,10.57916,202.83726,117358.13616196552,0.005016979147839384,0.0019487624848275598
WSG,1858-08-11,0.04229232124,6.98039,1.12077,37735.05825459282,0.0011128714713266596,0.02243619578724898
WSG,1859-08-24,0.04113203224,8.43006,1.12077,36699.79767481285,-0.02170155381762573,-0.021806036108211746
WSG,1860-08-23,0.049699301599999995,6.80404,1.7674076617823447,28119.885793569927,0.05898887477012016,-0.3761414258349185
WSG,1861-09-05,0.057770285559999995,7.41528,1.84508,31310.45025689943,0.06471666330488812,0.07853204300499739
WSG,1862-09-18,0.050944296,8.03869,1.84508,27610.88733279858,-0.00015943448353727963,0.004706452574289699
WSG,1863-09-10,0.055538380039999995,8.83255,1.84508,30100.797819064752,0.0548173505540015,0.05636944068636063
WSG,1864-09-16,0.06616614004,8.23116,1.8461988835550331,35839.11821709628,0.18719906280111953,0.18647097266015633
WSG,1865-09-29,0.06253507624,8.8562,1.84508,33892.88065558133,-0.023860842881488487,-0.02537782143543177
WSG,1866-09-28,0.06915196028,9.06383,1.8399291214259452,37584.03488195634,0.05719745995922998,0.06116989502288095
WSG,1867-10-11,0.08475017823999999,8.92128,1.84508,45933.064279055645,0.08680118055627939,0.10641953386337821
WSG,1868-10-24,0.08729813248,8.31664,1.9218388850058135,45424.27211828213,0.007692939962813172,0.014363301090211333
WSG,1869-10-16,0.08788758576,8.26279,1.84508,47633.48242894617,0.01473866662351253,0.017393247907036447
WSG,1870-10-22,0.10882076712000001,8.32108,2.1528561512574256,50547.16129381924,0.05231168035781808,0.0442254348504445
WSG,1871-11-04,0.10404038424,7.55851,1.84508,56388.007154161336,-0.010050307522710189,-0.009682159136435109
WSG,1872-11-03,0.11590659235999999,8.29574,1.84508,62819.277408025664,0.07764512428337333,0.07843826445613789
GBR,1853-05-10,46.410649654720004,10.88489,291.727359405531,159089.12262906556,-0.00951681879809918,-0.00933102184686685
GBR,1854-05-23,50.39444324616,11.42492,302.56784,166555.8482559151,0.046768766799623274,0.017040726956996988
GBR,1855-05-22,55.086928167960004,11.57905,308.5152400014681,178554.96593198398,0.05274560732649625,0.045364451380866866
GBR,1856-06-04,56.379739229840006,11.59497,310.45577,181603.12894116933,0.018857175566882267,0.009644102277097222
GBR,1857-06-17,60.44917426496,11.48818,316.66661772298323,190892.15876186965,0.059967093355084655,0.04690989669137302
GBR,1858-06-09,65.04289636416,10.5785,318.09387,204477.0506396744,0.04165341468123418,0.029998792853874967
GBR,1859-06-15,66.49620722264,10.86576,316.2404741437988,210271.02050322402,0.04408165728491875,0.036650043779986596
GBR,1860-06-28,67.75435839432,11.07372,325.19816,208347.9143741773,0.01708930256257024,0.011427428541832763
GBR,1861-06-27,73.96652723824,10.82231,330.34029,223910.0996074079,0.05694753791245666,0.039214822409421535
GBR,1862-07-10,75.10829646632,10.66588,337.70331,222409.12138622507,-0.0007885525241863034,-0.016809512144778105
GBR,1863-07-23,80.33603716372,10.92955,344.43382,233240.850633425,0.04381188795675661,0.03058191605285754
GBR,1864-07-15,83.82668340644001,10.95189,344.43382,243375.2974851308,0.038283807112776236,0.03713381104063629
GBR,1865-07-21,86.53360071148,11.1895,344.43382,251234.33207424288,0.03686194200979287,0.03720364445290758
GBR,1866-08-03,89.6490411856,11.35769,344.43382,260279.43825493092,0.031022786650888756,0.032245885349427406
GBR,1867-08-02,92.24547511035999,11.57412,344.43382,267817.70474908646,0.016467596389814654,0.014196002341475555
GBR,1868-08-15,95.53129813344,11.86455,321.5884,297060.77126364014,0.02971905024760546,0.0875403519246769
GBR,1869-08-28,96.19202947692,12.06691,321.5884,299115.35825583263,0.027740554807610618,0.026810414291233098
GBR,1870-08-20,101.04602906996,12.35267,321.5884,314209.18500157347,0.04734594634785183,0.04628562346336995
GBR,1871-08-26,102.83362158888,12.62031,331.26927,310423.06335531815,0.0245222711449975,0.014808413914736418
GBR,1872-09-08,108.28527048456,12.831,331.26927,326879.91398827906,0.05808752259751904,0.05812765435751466
GBR,1873-09-07,113.44964041735999,13.36293,331.26927,342469.5578233381,0.03616224528492018,0.03650824564109034
GBR,1874-09-20,115.29301576884,13.92199,327.2602373329398,352297.6598331623,0.022061200046226137,0.024003763876447648
GBR,1875-10-03,118.23176932268,14.21256,331.26927,356905.3336057401,0.013076439747556678,0.014274004053437706
GBR,1876-09-25,121.42779449788,14.72908,345.01165,351952.736952158,0.03189411556048416,0.022811086929666047
GBR,1877-10-01,124.86144621912,14.97079,345.01165,361905.01456724724,0.024497013337170692,0.023952274868668244
GBR,1878-10-14,127.47884533124,15.03127,360.54189198286537,353575.68195514544,0.009334655689508198,-0.02067707705133659
GBR,1879-10-13,131.6848181012,15.14271,355.38635,370539.8873682121,0.030049204849195155,0.029092841138604664
GBR,1880-10-26,133.4784695686,15.22174,364.93939,365755.1725742732,0.022702434112365166,-0.007992469637136401
GBR,1881-11-08,137.83855886476002,15.38357,364.93939,377702.6066294461,0.00918067002149181,0.006583929372800945
GBR,1882-10-31,140.74889819432,15.57047,364.93939,385677.46330238564,0.024117051977508686,0.025537117862470593
GBR,1883-11-06,142.09595727236,15.62275,364.93939,389368.64905802574,0.017120041270308528,0.016583392225049343
GBR,1884-11-19,149.11003479008002,15.81718,379.17614,393247.4094759233,0.009276316191457079,-0.004448936615641608
GBR,1885-11-18,151.31866499880002,16.08057,380.7836564161228,397387.4993033787,0.00015122459536121013,0.011073232748707973
GBR,1886-12-01,152.35935884884,16.17251,385.92206,394793.0803666419,0.007787932010614451,-0.02081152552780252
GBR,1887-12-14,151.595885597,16.11083,398.34161,380567.5374887399,-0.007358070597481392,-0.029918641479858343
GBR,1888-12-06,155.071376343,16.42986,405.40536,382509.43782045704,0.027018149953072612,0.014323152108536297
GBR,1889-12-12,154.86715328448,16.69163,409.89882288451986,377817.9995606147,0.0018801164756359068,-0.005103662742153348
GBR,1890-12-25,151.62117805952002,16.94382,418.2358,362525.5849918157,-0.006871485111847986,-0.02385685190846798
GBR,1891-12-24,145.08426576176,17.00647,421.5545,344164.9081240029,-0.03353655552047019,-0.039640939727057956
GBR,1893-01-06,137.95177341452,17.58192,412.9745,334044.2894525449,-0.03854711878283401,-0.027446867571027656
GBR,1894-01-19,148.7787998008,18.68462,431.3945426602872,344878.7248983808,-0.014295616567590819,-0.027856537605071674
GBR,1895-01-11,137.39371100676001,18.83891,427.53127,321365.2910271569,-0.03811979919473707,-0.047409834106935334
GBR,1896-01-17,132.80480673096,18.69478,433.14492000000007,306605.94318169536,0.004837032366355132,-0.013563887288621013
GBR,1897-01-30,135.14378127276,18.79164,443.53176,304699.2198997429,0.021979782273002124,0.0017527877814722537
GBR,1898-01-29,132.24569217964,18.90314,452.54066,292229.41465555824,-0.05012478428613343,-0.06683415943894322
GBR,1899-02-11,136.20360158548002,18.95177,458.309,297187.2723107772,0.03155977420795386,0.029818781864721977
GBR,1900-02-24,135.67277746568,18.9973,465.73711000000003,291307.63804859784,0.0044287117833348155,-0.008627957736864866
GBR,1901-02-16,136.44000642168,18.5753,472.7828,288589.19237688003,-0.01683814959308938,-0.024141817280624922
GBR,1902-02-22,96.33942384299999,20.0873,379.71261,253716.6828433746,-0.2848960142428424,-0.10782793804402013
GBR,1903-03-07,87.4350320714,20.23199,384.22334,227563.04203539534,-0.07457940101627758,-0.07796552470654317
GBR,1904-03-06,80.78712432076,20.16425,385.75104,209428.14391572346,-0.06524316748215342,-0.06276538480246818
GBR,1905-03-19,86.21827537128,20.60312,395.5130289345016,217990.98655118654,0.02550948716181134,0.03218855374115215
GBR,1906-04-01,91.84130237464001,20.79951,399.58033,229844.40293805255,0.03418769155764689,0.017633999378522835
GBR,1907-03-24,85.93253408116,20.89897,408.39174,210416.92488971492,-0.06160402523487263,-0.07622155850531087
GBR,1908-03-30,78.64845859416,20.70631,408.39174,192580.92387999815,-0.040828376824517676,-0.03936756680455178
GBR,1909-04-12,80.66155834151999,20.7909,412.5893633022536,195500.81877033066,0.022718030981656145,0.02159528134433608
GBR,1910-04-11,86.89423755064,20.8632,408.39174,212771.78022905163,0.04542642725967472,0.0410874258592846
GBR,1911-04-24,93.11225067248,20.97053,425.50164,218829.35791382613,0.07045092926706675,0.06874941220751762
GBR,1912-05-07,93.36672558876,21.45458,435.40679,214435.62143061665,0.012486611020764649,-0.00047711668954508735
GBR,1913-04-29,94.08313620108,21.59007,439.87003,213888.48929098443,-0.01963121187237904,-0.02894162719800919
GBR,1914-05-05,95.21137643991999,21.79407,449.92178,211617.62037819106,0.0227955745920978,0.010193697550901604
GBR,1915-05-18,93.94013837572,21.97088,457.79528,205201.1946818674,0.02290595575984944,0.015045332551773427
GBR,1916-05-17,81.48152121772,21.88346,457.3412363793029,178163.51279144673,-0.10616009864903309,-0.1120709040551301
GBR,1917-05-30,86.65402070104,21.77349,450.3126,192430.81517381483,0.07064656163412075,0.08639387128598175
GBR,1918-06-12,93.14075818892,21.9705,463.36912,201007.6937991034,0.06843828072025415,0.03468741389606267
GBR,1919-06-04,97.95397619747999,21.89552,477.30468,205223.16311141133,0.032990035628399195,0.011495710151907312
GBR,1920-06-10,103.13928923376,22.01564,481.88075691967725,214034.8784480553,0.01608973219977905,0.010590315664968264
GBR,1921-06-23,107.61157803188,22.83902,470.73305,228604.2546447079,0.033197181448763935,0.060860098028166165
MEW,1837-01-13,0.29826367064000003,8.69594,6.71665,44406.612022362344,0.13347827170132032,0.11931930808355928
MEW,1838-01-19,0.28833890644,7.7854,6.81906,42284.26006517027,-0.045206524368500145,-0.05660719788743063
MEW,1839-01-25,0.36588547268,7.65837,6.92917,52803.650751821646,0.26675476588909586,0.25117580950433527
MEW,1840-01-31,0.37302827848,8.34776,7.03261,53042.65108970922,-0.009898445914915954,-0.01984945551362316
MEW,1841-02-06,0.3958288724,8.38353,7.14054,55434.02493368849,0.035086647709096974,0.022262069154848962
MEW,1842-02-12,0.41405798512,8.40095,7.24285,57167.82552724412,0.02598016319562846,0.015264052618986002
MEW,1843-02-18,0.44736605212,8.41693,7.35094,60858.346295847885,0.09163754680670211,0.08015211856378857
MEW,1844-02-24,0.55044594332,8.21784,7.47826,73606.15214234327,0.2210970020367362,0.2047554246744927
MEW,1845-03-02,0.56356996644,8.19994,7.57905,74358.91918380272,-0.03821445020682068,-0.047026875551941516
MEW,1846-03-08,0.6076739578,8.39722,7.68288,79094.55279790911,0.039201302132091165,0.02823366870638866
MEW,1847-03-14,0.6713963599199999,8.21078,7.82056,85850.16417238662,0.032471797094207444,0.018007136876486474
MEW,1848-03-20,0.7222954102,8.29675,7.96073,90732.3084943215,0.05329779887008379,0.03975809522077345
MEW,1849-03-26,0.7270799276000001,7.46001,7.99047,90993.38682205178,-0.02684482746662986,-0.029439870158767367
MEW,1850-04-01,0.8701823816400001,7.31733,7.91896,109885.9423005041,0.1257709283461519,0.13485433068307473
MEW,1851-04-07,0.963006577,7.33279,7.9674,120868.36069483146,-0.01573938807989994,-0.020011972566942315
MEW,1852-04-13,1.05046557668,7.72268,8.07143,130146.15460705229,0.059322336621644656,0.04852320161430912
MEW,1853-04-19,1.1672249862,7.12208,8.13739,143439.72529275357,0.025040333291735495,0.018588550103480594
MEW,1854-04-25,1.1583062696400002,7.0638,8.17571,141676.53569414766,0.028849090281301004,0.02541012561113698
MEW,1855-05-01,1.16826734752,7.00447,8.18728,142692.97587477163,-0.029803477990587024,-0.03087596252258662
MEW,1856-05-07,1.25677452368,7.12235,8.20621,153149.20330822634,0.022262302174021142,0.02057825190757745
MEW,1857-05-13,1.2896021668400002,7.2155,8.21065,157064.56453995727,0.0485740899242717,0.04803412839326615
MEW,1858-05-19,1.28262554836,7.46015,8.20371,156347.01231028402,-0.005025779755133075,-0.005319085156897163
MEW,1859-05-25,1.23109210588,7.71866,7.85623,156702.65583874198,-0.04907978377875277,-0.020213121893963848
MEW,1860-05-31,1.11981137684,7.752,7.75812,144340.5589034457,-0.048787373507534704,-0.04114960981963778
MEW,1861-06-06,1.02181522404,7.8852,7.73873,132039.13614249366,-0.03661353750197749,-0.035501149682936384
MEW,1862-06-12,0.99015302152,7.76354,7.69292,128709.64750965823,-0.03731136760632259,-0.03219724394710566
MEW,1863-06-18,1.02350770808,7.82048,7.685170000000001,133179.57938210864,0.016108669666865083,0.0163401727343484
MEW,1864-06-24,0.92818585704,8.69035,7.66436,121104.15703855247,-0.021962039741558526,-0.02000579474456854
MEW,1865-06-30,0.9109518522,8.81465,7.66048,118915.76666214128,-0.056154697037294365,-0.0563670353093908
MEW,1866-07-06,1.0040778025200001,8.90814,7.67343,130851.23634671849,0.10774464906291503,0.10662160481436422
MEW,1867-07-12,1.07809607308,9.07564,7.72288,139597.67251077318,0.08997591026518093,0.08423590045263918
MEW,1868-07-18,1.0850300640400001,9.06235,7.793920000000001,139214.93472347676,0.0006885303649177832,-0.006183030751192753
MEW,1869-07-24,1.0872884027199998,9.0306,7.8048,139310.219700697,0.01037205338922731,0.009423641562317231
MEW,1870-07-30,1.13762326288,9.22383,7.680270000000001,148122.82157788723,0.010180940490821522,0.024278701544970582
MEW,1871-08-05,1.08182142016,9.74752,7.57584,142798.87380937295,0.023663086055109916,0.03235803579098562
MEW,1872-08-11,1.0645857913599999,9.77876,7.426520000000001,143349.2121962911,-0.008479010433095957,0.0073095227472959046
MEW,1873-08-17,1.1234680028,9.90996,7.342079999999999,153017.67384719316,0.024797878359442027,0.03378593217179304
MEW,1874-08-23,1.14509519696,9.47657,7.30074,156846.45624416156,0.014599416111742203,0.020291150405151503
MEW,1875-08-29,1.1865182165200001,9.5347,7.31849,162126.09657456662,0.012930087734772888,0.011301442706444398
MEW,1876-09-04,1.22716750364,9.67211,7.306980000000001,167944.55488313912,0.013569148605343528,0.014091434090007127
MEW,1877-09-10,1.18577747392,10.08394,7.29818,162475.77805973543,0.0015401750777119805,0.0012515940857520391
MEW,1878-09-16,1.19580116292,9.93968,7.368340000000001,162289.08586194448,0.018857648993600318,0.009631350223471946
MEW,1879-09-22,1.23403958808,9.95087,7.33891,168150.25502152226,0.03961117549392168,0.04210496976612488
MEW,1880-09-28,1.22259322224,9.8891,7.31167,167211.21470744713,-0.012525981403652353,-0.009893591380149669
MEW,1881-10-04,1.2757547816,9.86038,7.35953,173347.31723357335,0.046528335344400595,0.0422983100854466
MEW,1882-10-10,1.2640161455999999,9.84841,7.41007,170580.86436430423,0.02040191573429273,0.014751808657278653
MEW,1883-10-16,1.30645421452,9.97004,7.46512,175007.798202842,0.005526239913718145,-0.00012061117776995811
MEW,1884-10-22,1.1651130680800001,9.94615,7.4889,155578.6655022767,-0.10062620244520015,-0.10318706949886414
MEW,1885-10-28,1.3083258006,10.03163,7.51036,174202.8079346396,0.05981985207524798,0.057053374204411034
MEW,1886-11-03,1.35809930776,10.22803,7.428820000000001,182814.94339074037,0.016622815639626642,0.026097822545040117
MEW,1887-11-09,1.13489814776,9.43691,7.354889999999999,154305.2510316266,-0.1473867338334911,-0.1403111585547978
MEW,1888-11-15,1.2125910295200002,10.01901,7.464029999999999,162457.95227511146,0.05882594041924771,0.04668745423858778
MEW,1889-11-21,1.3399587775600001,9.97171,7.584609999999999,176668.11840819768,0.09044247645690495,0.07786475005363203
MEW,1890-11-27,1.38486031892,10.00532,7.691900000000001,180041.38365293358,0.03929017249015465,0.028096059566417475
MEW,1891-12-03,1.33208930192,9.93396,7.7942800000000005,170906.0108079258,-0.015044592877246687,-0.025146826089169738
MEW,1892-12-09,1.2153084814,9.79778,7.90139,153809.45395683544,-0.057334302871275944,-0.06653356969364765
MEW,1893-12-15,1.32982210972,9.83189,7.956,167147.07261437908,0.0865393203120659,0.07873823382269007
MEW,1894-12-21,1.25906678872,9.87435,7.900879999999999,159357.79162827434,-0.04630600472195534,-0.041944492238499165
MEW,1895-12-27,1.21257734416,9.8721,7.870940000000001,154057.5006492236,-0.052301962339440955,-0.048665784998317085
MEW,1897-01-02,1.3144164852,9.93427,7.79184,168691.41116860716,0.06893245481868915,0.07754528903484048
MEW,1898-01-08,1.28516429132,9.74696,7.79501,164870.1273404396,-0.0010623480693813248,0.0006537932455938922
MEW,1899-01-14,1.24111156208,9.83683,7.73417,160471.20273797965,-0.02166718638046372,-0.016920636020179125
MEW,1900-01-20,1.21003643124,9.8861,7.77345,155662.72777724176,-0.03371754769028534,-0.038484471994043146
MEW,1901-01-26,1.2209598101999999,10.39208,7.89252,154698.34858828358,-0.002900495325260488,-0.014016150727399146
MEW,1902-02-01,1.2629477718,10.63691,8.00596,157750.9470194705,0.01635503548793915,0.004986201743410357
MEW,1903-02-07,1.188338047,10.47787,8.12676,146225.31574698896,-0.05608859491224616,-0.06676785743007452
MEW,1904-02-13,1.19707328728,10.42428,8.24183,145243.62760212235,0.001250026091649703,-0.009036909371906932
MEW,1905-02-19,1.25386231776,10.46091,8.35595,150056.22553509774,0.015599304891265486,0.004798825996886968
MEW,1906-02-25,1.18935124516,10.47239,8.47828,140282.1380232783,-0.06297088709406184,-0.07270390827089235
MEW,1907-03-03,1.27390397368,10.39975,8.58495,148388.04811676248,0.07159212168129869,0.06111250160324788
MEW,1908-03-09,1.2343893619200001,10.28568,8.67665,142265.66266012806,-0.03201060709645531,-0.039724125206458516
MEW,1909-03-15,1.2689028679599998,9.88481,8.7629,144803.98817286515,0.03261682473129501,0.025316346011174717
MEW,1910-03-21,1.21624737728,9.27347,8.820069999999998,137895.4336280778,-0.020081348889643746,-0.025064885080184895
MEW,1911-03-27,1.0963208178000001,8.99595,8.83574,124077.9852960816,-0.13788549141800854,-0.08605753824315732
MEW,1912-04-02,1.2574287663600001,9.06468,8.91008,141124.2958940885,0.0886107293301357,0.08215865420228496
MEW,1913-04-08,1.2926359186,8.83691,8.96239,144228.92985018506,0.018838996786394446,0.013997305852365471
MEW,1914-04-14,1.32592570812,8.82837,9.01385,147098.7101094427,-0.01912841102334062,-0.023352299496813833
MEW,1915-04-20,1.32026791832,8.86364,9.06419,145657.57318855848,-0.015716091365054696,-0.019888976400490366
MEW,1916-04-26,1.36495414224,9.1685,9.10141,149971.723308806,0.019246092161537165,0.016076637885808154
MEW,1917-05-02,1.31821925456,9.07396,8.96575,147028.3305423417,-0.0452618119058007,-0.03464868542483479
MEW,1918-05-08,1.32356872336,9.13328,8.70768,152000.15656983262,-0.0007214874427712292,0.02269900551962989
MEW,1919-05-14,1.3234286691600001,9.24501,8.57057,154415.4786857817,0.0170720611647055,0.028539933069091417
MEW,1920-05-20,1.2929768488,9.29431,8.53269,151532.14857213845,-0.008671732003960098,-0.005963122502219975
MEW,1921-05-26,1.28014429036,9.32509,8.56071,149537.1634315378,-0.001180330170717614,-0.004074400691969515
PHI,1837-01-20,1.51094129264,7.33229,24.84540115896052,60813.720936644146,0,0
PHI,1838-01-19,1.64416194852,8.60295,25.75279,63844.03198721381,0.05229288186842296,0.04941050864501517
PHI,1839-02-01,1.6395017865200001,8.67672,25.75279,63663.07442882888,-0.001940870809047146,-0.007743047639052758
PHI,1840-02-14,1.72861427752,8.50611,25.752789999999997,67123.37876866934,0.06380341799079203,0.06334651950994874
PHI,1841-02-06,1.797190668,8.58243,25.752790000000005,69786.25104309086,0.015964700712398194,0.013840122409825018
PHI,1842-02-12,1.89970009372,8.55739,25.75279,73766.76832762586,0.037843350443307555,0.03457841979875065
PHI,1843-02-25,1.9245324358,8.08609,25.75279,74731.02664992803,0.021213864450556175,0.022339622608151366
PHI,1844-02-24,1.94680019508,8.34342,25.36257868461524,76758.76413390548,0.012081112269336725,0.015776757539028408
PHI,1845-03-09,1.98651405368,9.54249,25.75279,77137.81899669899,0.02244511441832686,0.020653052186289544
PHI,1846-03-22,2.2766591016,9.58077,25.752789999999997,88404.36712294086,0.10258568418203318,0.10402814888778167
PHI,1847-03-14,2.22039700636,9.62246,25.75279,86219.6680965441,-0.02537670589941221,-0.02550195576229275
PHI,1848-03-20,2.59026016756,9.76287,26.79265901776334,96677.98055589317,0.18931960941423465,0.18258907376951883
PHI,1849-04-02,2.796527136,9.63379,25.75279,108591.22976578459,-0.011332635538120805,-0.004340191332686372
PHI,1850-04-01,3.20304584964,9.81404,25.75279,124376.65393303017,0.16354303965311967,0.1608389293695789
PHI,1851-04-14,2.78065586968,9.71605,25.75279,107974.93668375349,-0.007025799704069802,-0.016900154919114563
PHI,1852-04-27,3.1678542708800004,9.59039,25.757850122082335,122985.9734358879,0.09031613722436393,0.08500579607914394
PHI,1853-04-19,3.53354444612,9.89534,25.75279,137210.16037951616,0.130139242740956,0.1297297412212166
PHI,1854-04-25,3.83116276608,10.29271,25.752790000000005,148766.90122041144,0.04501779548824025,0.04665398088129069
PHI,1855-05-08,4.18287328992,10.33527,25.75279,162424.0825914396,0.08821292573021555,0.08567685745935494
PHI,1856-05-07,4.31590956472,10.1411,25.75279,167589.98014273404,0.10812170738618065,0.1024453496169433
PHI,1857-05-20,4.8526503194,10.16849,25.75279,188432.02307012174,0.11457870926058478,0.11797004366124098
PHI,1858-06-02,4.62398930552,9.44347,25.75279,179552.94573985963,-0.081960210983955,-0.08575774577993289
D01,1864-09-02,0.90724256532,11.80468,34.51183,26287.8718781357,0.03957482398064882,0.027886910343451143
D01,1865-09-15,1.014357162,11.81051,34.9835,28995.30241399517,0.10473546529516287,0.08825969809398337
D01,1866-09-14,1.21967115452,11.62965,34.9835,34864.183244100794,0.08393390523055233,0.09267097320388795
D01,1867-09-27,1.2967750333199999,10.78499,35.41063202929736,36621.064324610175,0.052431099155194616,0.055800618242073385
D01,1868-10-10,1.3721662162,10.68686,35.67634,38461.51864793305,0.04063303099390492,0.03456144918085835
D01,1869-10-02,1.3949759028400002,11.15469,35.67634,39100.8691709968,0.0070277309655069065,0.008674421427024903
D01,1870-10-08,1.27148371844,10.70015,36.50766,34827.861288288535,-0.05133408664218786,-0.0710319566084775
D01,1871-10-21,1.01316790952,11.35597,36.237408473238055,27959.171259949282,-0.17260424507608296,-0.16868839935278557
D01,1872-10-20,0.87858791124,10.28712,36.50766,24065.85114575955,-0.1006551574267136,-0.08823763897893488
D01,1873-11-02,0.84862388728,10.54713,36.50766,23245.0912296214,-0.03864369896658093,-0.041277316583560264
D01,1874-11-15,0.8217300286,10.54086,36.50766,22508.427782005198,-0.014773615286522879,-0.01248103766081099
D01,1875-11-07,0.79142647116,10.59795,36.50766,21678.367530540163,-0.03446728644593777,-0.03435253516091208
D01,1876-11-13,1.4758397732,11.85351,36.50766,40425.48257543759,0.9270525744677236,0.9129045989799407
D01,1877-11-26,2.14199752104,11.86126,38.83867,55151.15530578158,0.13424835885532338,0.06729072970743566
D01,1878-11-25,3.37566518484,11.99184,40.61120157731687,83121.52937443389,0.42208510466976756,0.39219337845939295
D01,1879-12-08,4.17716412984,12.01174,39.42493,105952.35374774286,0.18710557287232366,0.17869335302558564
D01,1880-12-21,4.978902780279999,12.00823,39.42493,126288.18314401571,0.17107274133092143,0.16489104591363657
D01,1881-12-13,6.14801790616,11.39432,39.42493,155942.39244457756,0.06537906093777046,0.0712191569008207
D01,1882-12-19,6.81045780584,12.04059,39.64490710914275,171786.44881398647,0.08093767507269356,0.08040568654288016
D01,1884-01-01,7.29959960652,12.02889,39.42493,185151.87234371752,0.04896204331327403,0.04941218288716609
D01,1884-12-31,7.738182101,11.74768,39.42493,196276.36881029335,0.028441976032270944,0.02882892523664493
D01,1886-01-13,8.268593667360001,11.74577,39.42493,209730.07859138874,0.06243020135837485,0.0662611539888287
D01,1887-01-26,9.23414419668,11.68034,39.22228458132579,235431.06413226348,0.16110735330231996,0.16568935617238933
D01,1888-01-18,10.069628012599999,11.74423,39.42493,255412.70492046524,0.027279754318851213,0.02571043948200158
D01,1889-01-24,11.91844044404,11.94236,39.42493,302307.2062281404,0.13054727031288627,0.1273886052192299
D01,1890-02-06,13.72512496316,12.01851,39.42493,348133.1473045101,0.11041055915447173,0.11316728888480188
D01,1891-02-05,15.637144905200001,12.06469,39.42493,396630.88571622066,0.07784898563123521,0.0715657942963781
D01,1892-02-18,16.29381929604,12.09378,39.42493,413287.2092871186,0.01985736699391727,0.021560205822097167
D01,1893-03-03,16.40369479632,12.29584,39.42493,416074.1641474062,0.005099593746516362,0.009964236246525981
D01,1894-02-23,18.268778231600002,11.94717,39.42493,463381.37395805144,0.1113121904964236,0.11091171247554499
D01,1895-03-01,19.79134153932,12.05348,39.42493,502000.67671191803,0.0807515184252936,0.08030988006110862
D01,1896-03-14,19.926531212639997,12.07392,39.42493,505429.71699987794,0.013316725829084941,0.012756127376599258
D01,1897-03-13,20.37045786672,12.18704,39.42493,516689.76626515243,0.020697815955832866,0.020050002325850524
D01,1898-03-26,20.11262420648,12.0856,38.639016713150376,520526.29485353554,0.009196223669109438,0.009432330285182866
D01,1899-04-08,20.67186401176,12.01978,39.42493,524334.8310766816,0.020896234241623013,0.024550157343741663
D01,1900-03-31,20.785615869199997,12.18762,39.424929999999996,527220.1084237816,0.007375427127734202,0.007075639151989277
D01,1901-04-06,21.764759942639998,12.31362,39.42493,552055.766304214,0.05035416741483156,0.05081777357422235
D01,1902-04-19,21.70247867476,12.43586,40.170970807141806,540252.7805203458,-0.01892630454819777,-0.02144364807841259
D01,1903-04-18,23.6930209672,11.03751,39.42493,600965.4542747444,0.08214830544953222,0.08117633552647519
D01,1904-05-01,23.63183316,10.68611,39.42493,599413.4462635698,-0.012728541905691837,-0.01279620706172846
D01,1905-05-14,23.947311409839998,10.71752,39.42493,607415.445248476,-0.0025138360885899047,-0.0013273947774994355
D01,1906-05-06,24.605340893119998,10.00836,39.42493,624106.1402802743,0.043140918530221395,0.04380455985224008
D01,1907-05-12,8.369623925520001,9.3204,39.42493,212292.6768803394,-0.6445467731336745,-0.6491894604511321
D01,1908-05-25,19.27958962488,9.59951,39.42493,489020.2626835355,1.2570063157755915,1.2378902134044636
D01,1909-05-24,20.953157703400002,9.79837,39.85592922222004,525722.4737271569,0.05391088913105846,0.055463704564787886
D01,1910-06-06,21.07819147096,9.25406,39.42493000000001,534641.1894950732,-0.0066112852928509325,-0.0023089660704466164
D01,1911-06-19,23.200921354,9.34242,39.42493,588483.5142129611,0.051180228266502814,0.04880881392469161
D01,1912-06-11,21.58090882532,9.07004,39.42493,547392.4449661673,-0.07311984453729159,-0.07367124504604805
D01,1913-06-17,22.53923306128,10.08221,40.27183366126535,559677.3479663755,0.03537722029335755,0.03404661961630007
D01,1914-06-30,23.94290452996,10.2444,39.42493,607303.6662325081,0.042253439809825766,0.04144465545171516
D01,1915-06-29,24.81715033304,10.24406,39.70427253208134,625049.8687008448,0.0219588727065112,0.02425598302808596
D01,1916-07-12,27.00441266172,10.41054,39.42493,684957.7833548468,0.06572023214037648,0.06652263572897299
D01,1917-07-25,28.29157670664,10.58574,67.92007291671588,416542.20161588094,0.03493728242087757,-0.2280903661557241
BOR,1837-01-13,0.29619788172,6.31261,8.61894,34365.9291885081,0,0
BOR,1838-01-19,0.2004698826,8.19405,8.66702,23130.197299648553,-0.32667882519641767,-0.32941144151785484
BOR,1839-01-25,0.20162836979999998,8.35675,8.75611,23027.16272408638,0.004795884722021082,-0.002806992083997706
BOR,1840-01-31,0.21219557320000001,8.34192,8.8467,23985.844800886207,0.05081650030776608,0.042704195176966886
BOR,1841-02-06,0.25870658268,8.33133,8.93263,28961.972306028572,0.05240604583623898,0.04447879289473344
BOR,1842-02-12,0.2176800418,7.74823,8.9836,24230.825259361507,-0.16457861837369248,-0.16776434200616352
BOR,1843-02-18,0.21019864476,8.30501,9.06155,23196.764875766286,-0.026455834956167434,-0.03285609209686802
BOR,1844-02-24,0.20167186728,7.63618,9.1256,22099.573428596475,-0.042437548908967004,-0.04748028229989354
BOR,1845-03-02,0.30082751972,6.99096,9.17823,32776.20191692734,0.46443054812917217,0.45803811787357485
BOR,1846-03-08,0.22722548835999998,7.77808,9.23288,24610.46697888416,-0.20395355308165986,-0.20762718400359137
BOR,1847-03-14,0.21946173287999998,7.76793,9.27501,23661.616847852456,-0.09292059462339752,-0.09548276457478155
BOR,1848-03-20,0.222098331,7.80536,9.34449,23767.838694246555,-0.0012813077393947214,-0.006790622080188324
BOR,1849-03-26,0.21863110568000002,8.26007,9.42642,23193.43989340598,-0.014432377218865367,-0.021062861493647
BOR,1850-04-01,0.2240348552,8.28397,9.5176,23539.00722871312,0.005287355510916525,-0.001788751166393432
BOR,1851-04-07,0.21694898992,8.27891,9.60804,22579.94241489419,-0.024600730881167765,-0.031615397989364635
BOR,1852-04-13,0.2215269498,8.25971,9.69741,22843.929440953823,-0.002016885058395368,-0.009136898232812607
BOR,1853-04-19,0.22248486207999998,8.2848,9.79382,22716.862478583433,-0.01436335814130818,-0.02146422836186279
BOR,1854-04-25,0.221224991,8.21842,9.88648,22376.51732466965,-0.004132984404263573,-0.011254644942301217
BOR,1855-05-01,0.22201437596,8.22731,9.97894,22248.292500005013,-0.012908942874743756,-0.020004170279750877
BOR,1856-05-07,0.22221085848,8.23935,10.07849,22048.0308538283,0.0007115935476000868,-0.006520708140333231
BOR,1857-05-13,0.2230244536,8.25888,10.17487,21919.145266720854,-0.011997503787925301,-0.019174914462757098
BOR,1858-05-19,0.24623983124,8.07291,10.227,24077.42556370392,-0.06502420818751709,-0.06807846976389875
BOR,1859-05-25,0.22675798236,8.30646,10.32857,21954.441162716623,-0.06204334994315852,-0.06886287004902425
BOR,1860-05-31,0.23728017196,8.45587,10.42746,22755.3183574907,-0.012368731761544072,-0.01947634056146974
BOR,1861-06-06,0.2510384526,8.43837,10.53577,23827.25255012211,0.04066158718008284,0.032759427395792295
BOR,1862-06-12,0.28702132004,7.70573,10.6158,27037.18231692383,0.19208825827948783,0.1853872288604459
BOR,1863-06-18,0.27316594708,8.36093,10.71099,25503.33321943163,-0.132573337167174,-0.1386999640097265
BOR,1864-06-24,0.37649052688,8.3826,10.81791,34802.51979171578,0.06243334301388792,0.05462756559439996
BOR,1865-06-30,0.30545668556,7.5354,10.91361,27988.601897997087,0.015294682794559478,0.00831811921658554
BOR,1866-07-06,0.26918727004,8.30079,11.02597,24413.930932153813,-0.05461750219420913,-0.062215624512162226
BOR,1867-07-12,0.27370944796,8.28807,11.14942,24549.209551707627,0.016742488808655365,0.008490482630193696
BOR,1868-07-18,0.31728092811999997,6.96278,11.24676,28210.873897904818,0.010181141375232627,0.0032290384803916883
BOR,1869-07-24,0.29138715736000004,8.32693,11.36223,25645.243703040687,-0.019118048423389267,-0.026796964963166525
BOR,1870-07-30,0.35392406608000004,8.37366,11.48447,30817.622936017076,0.1402132725625309,0.13095025701485663
BOR,1871-08-05,0.37502863008,9.17874,11.62292,32266.30055786325,0.045880312254323874,0.036228431271655426
BOR,1872-08-11,0.39701698348,9.9039,11.7971,33653.77791830195,0.04441164952105758,0.03328420013369526
BOR,1873-08-17,0.39988009204,9.93746,11.991139999999998,33347.96291595295,0.016276695770868876,0.0036220288884538654
BOR,1874-08-23,0.40195887524,9.94924,12.18512,32987.68294772641,0.004273830997042927,-0.008118062112755231
BOR,1875-08-29,0.40661651836,9.97475,12.395419999999998,32803.77093797548,-0.00045851780414751797,-0.012790383363608715
BOR,1876-09-04,0.41530531692,10.01102,12.59718,32968.11801688949,0.01467546578237977,0.002158457467401398
BOR,1877-09-10,0.42024075235999997,10.02634,12.80252,32824.84638649266,0.015475354097009397,0.002882507131498846
BOR,1878-09-16,0.42337060792,9.99266,13.0246,32505.459508929256,0.004550595656819256,-0.007965903433057808
BOR,1879-09-22,0.42517477912,10.00244,13.2355,32123.816940803146,-0.0031575361882841824,-0.015451983311623119
BOR,1880-09-28,0.42840655103999997,9.32313,13.44674,31859.51026345419,0.025758251834908652,0.01379089197979666
BOR,1881-10-04,0.434459012,9.32429,13.63262,31869.07667051528,0.01991755954683061,0.009307139072773474
BOR,1882-10-10,0.43702379395999996,9.94153,13.84239,31571.41172586526,0.006670220649057201,-0.005293859658748179
BOR,1883-10-16,0.48875350056,9.98788,14.05559,34772.89111022732,0.13324990382622692,0.12107910214775308
BOR,1884-10-22,0.5032872962,10.03443,14.288329999999998,35223.66128161934,0.03332119037148229,0.02044753596757487
BOR,1885-10-28,0.51764356384,8.62465,14.47876,35751.92653514528,0.03151309786269341,0.021056137607516012
BOR,1886-11-03,0.5105516988000001,10.00082,14.68964,34755.90271783379,0.0538680879393445,0.042687430729424714
BOR,1887-11-09,0.51105127684,10.01741,14.931779999999998,34225.74380549406,-0.00637085747626942,-0.018773269914975632
BOR,1888-11-15,0.5232832202,10.05597,15.178369999999997,34475.587312735166,0.013316659597614633,0.000625392944489267
BOR,1889-11-21,0.57777744076,9.99726,15.440229999999998,37420.26127590069,0.0933233752653575,0.07975255696624539
BOR,1890-11-27,0.58231040556,9.95056,15.68337,37129.163283146416,0.012283387652398448,0.00010393148047915801
BOR,1891-12-03,0.57642237692,9.208,15.89684,36260.18610742764,-0.0016931315771226974,-0.011472139595382957
BOR,1892-12-09,0.58239940148,9.078,16.09621,36182.393338556096,0.006568961428221165,-0.002923657550886638
BOR,1893-12-15,0.58760473252,9.01366,16.28449,36083.70495606555,0.006624214648500271,-0.0023949685311386304
BOR,1894-12-21,0.5936110154,8.96004,16.4828,36013.96700803262,0.008254075570844899,-0.0006634733384476288
BOR,1895-12-27,0.60245674892,8.92612,16.66916,36141.998092285394,0.010677744032664416,0.002096142978786242
BOR,1897-01-02,0.74055008872,8.86767,16.84829,43954.02077718273,0.11941337824324494,0.11010853812932275
BOR,1898-01-08,0.64817981228,8.69462,17.00305,38121.38482683989,-0.10972781941034027,-0.11563685992427675
BOR,1899-01-14,0.6512271927200001,8.67549,17.17192,37923.95915657655,0.0014639869544426087,-0.0061649628727624695
BOR,1900-01-20,0.62971744732,8.56968,17.34714,36300.937636982235,-0.023662748531075528,-0.03091841284453034
BOR,1901-01-26,0.64209101892,8.69521,17.52223,36644.3665515177,0.012125250033705903,0.0043821505616505885
BOR,1902-02-01,0.6600857151199999,8.70493,17.69285,37308.04902093218,0.026161958467932678,0.0184682269100529
BOR,1903-02-07,0.6877676873599999,8.7081,17.87513,38476.23415102436,0.0396281760686541,0.03184356047129855
BOR,1904-02-13,0.6963649992,8.68544,18.04836,38583.28397704833,0.009450595095874537,0.0020357958745502724
BOR,1905-02-19,0.87145755372,8.04106,18.21982,47830.19556285408,0.15066087981390108,0.1420500512824443
BOR,1906-02-25,0.71422054808,8.62834,18.39061,38836.15323689644,-0.12480752650553073,-0.13080202525897555
BOR,1907-03-03,0.70622356324,8.60368,18.56911,38032.17080624759,0.00028809002127094807,-0.007131228201388562
BOR,1908-03-09,0.82122520272,7.45993,18.71475,43881.17408568108,0.17383381214325744,0.16672372913628886
BOR,1909-03-15,0.9302654062,7.64336,18.81734,49436.60507808223,0.09175801682871665,0.08734951087727771
BOR,1910-03-21,0.92868560512,7.61775,18.91759,49091.11599944813,-0.02201778735164084,-0.026011822984025046
BOR,1911-03-27,0.9316798841999999,8.20471,19.03873,48936.03114283358,0.0016515430045886959,-0.00292388802435517
BOR,1912-04-02,0.8661974505600001,8.45333,19.19515,45125.84952761504,-0.05256530452586283,-0.058475644662878024
BOR,1913-04-08,0.80572801972,7.89908,19.3508,41637.969475163816,-0.0030898013096362087,-0.009419186659088696
BOR,1914-04-14,0.9326121350000001,8.38598,19.51073,47799.961098328975,0.06860492248612982,0.062133590095714064
BOR,1915-04-20,0.87651948124,8.29992,19.66146,44580.58970391822,-0.05075943353221046,-0.05630701036555308
BOR,1916-04-26,0.95861250576,8.2639,19.81028,48389.64950318723,0.028434964735304602,0.022435131852656554
BOR,1917-05-02,0.9184527196,7.91144,19.95869,46017.6855094197,-0.01576799647866689,-0.021175084537848554
BOR,1918-05-08,0.9932851396,7.83613,20.06997,49491.11232353611,0.06097502690394019,0.05642758079799948
BOR,1919-05-14,0.98181277532,8.09723,20.199,48606.99912470914,-0.01629839070704764,-0.021245900076088953
BOR,1920-05-20,0.997426924,8.13996,20.34216,49032.498220444635,0.009922437019671104,0.004729895239303339
BOR,1921-05-26,1.14489629228,8.14648,20.47193,55925.1761939397,0.11887419803578703,0.11332761358463905
JAP,1846-04-12,8.44780366092,9.3551,372.87212,22656.03462366669,0,0
JAP,1847-04-18,14.96470461408,9.41073,376.87284,39707.569837295785,0.13427218013788833,0.12513212346264058
JAP,1848-04-24,16.71255179048,8.76726,381.01487,43863.25339606825,0.09697877168945102,0.0876856724017816
JAP,1849-04-30,16.75912307056,8.77957,384.22779,43617.67552149208,-0.012078258919477336,-0.018219874798885538
JAP,1850-05-06,17.1844685766,9.0233,387.88075,44303.48393571994,0.02764697069064148,0.020172527641056925
JAP,1851-05-12,18.3724155758,8.78368,391.44385,46934.996106849045,0.044345074449931854,0.03713335422841557
JAP,1852-05-18,18.132942866999997,8.67006,394.34796,45982.088678739456,0.05203466551244307,0.046186007234028104
JAP,1853-05-24,17.22896012344,8.13728,396.512,43451.295606286825,-0.05360798562144231,-0.057514956873256695
JAP,1854-05-30,9.8409353484,8.20759,254.73168,38632.553863736146,-0.2995250531690442,-0.12546367854059481
JAP,1855-06-05,17.38204665808,8.21613,398.02363,43670.89124351738,0.7215832618631428,0.10238687151778714
JAP,1856-06-11,18.090561222759998,8.3874,399.7802,45251.26862901164,0.03995957434746811,0.03649137952783166
JAP,1857-06-17,18.742727406,8.46092,402.05346,46617.50058313141,0.019531971940004444,0.015222489388813099
JAP,1858-06-23,19.3570587132,8.42384,404.22914,47886.35157079472,0.021028364758802542,0.016828889598611063
JAP,1859-06-29,20.25635366872,8.07125,406.01956,49890.09314900986,0.04835999126898449,0.044722525887127995
JAP,1860-07-05,20.57034620576,8.1137,407.28882,50505.55084168527,0.01852556847133391,0.01619687450642182
JAP,1861-07-11,22.61418169816,8.61946,409.74497,55190.87079497278,0.0767460777041129,0.07170829651126653
JAP,1862-07-17,22.93371400736,8.55249,412.05543,55656.866376836726,0.009010859604233978,0.004752670337901055
JAP,1863-07-23,22.084598335280003,7.64193,412.31365,53562.61752498371,-0.044672433446401816,-0.0448868008759149
JAP,1864-07-29,23.203710617880002,8.49371,413.54913,56108.715832336544,0.067274016843208,0.06471274512901726
JAP,1865-08-04,23.724759963319997,8.38316,415.23383,57135.903313369236,0.016412756794473626,0.013339134919623907
JAP,1866-08-10,25.000671453680003,8.35167,415.90672,60111.246708588886,0.02732673576119149,0.025978325673930103
JAP,1867-08-16,25.301096099240002,8.44061,416.37666,60764.92399751706,0.01314156155583901,0.012260261106063153
JAP,1868-08-22,25.97922092792,8.42504,416.75014,62337.641753209726,0.010016104891626076,0.009426659191390296
JAP,1869-08-28,27.5232122048,8.43298,416.96892,66007.82668597937,0.04582159449201728,0.04533926039803515
JAP,1870-09-03,27.72057288364,8.46432,417.22227999999996,66440.77800360997,-0.003569354520190804,-0.004010488714387139
JAP,1871-09-09,28.042988942279997,8.44878,417.30122,67200.8314336584,0.009238998321051684,0.009033358494942911
JAP,1872-09-15,27.99991713532,8.45182,417.38010999999995,67084.93400732489,0.015480877702784612,0.015266432672019103
JAP,1873-09-21,29.55352566764,8.48737,417.52373000000006,70782.86464733393,0.04360535363345508,0.04350949800339321
JAP,1874-09-27,31.82824254272,8.48104,417.87528,76166.8470619272,0.05742900133019058,0.05659079049048077
JAP,1875-10-03,32.39013685596,8.33792,418.03674,77481.55546318728,0.006924874231321487,0.006724010341738307
JAP,1876-10-09,33.28931210956,8.2682,417.75528,79686.15527626604,0.03973019273490497,0.04038603499505711
JAP,1877-10-15,34.29903629204,8.22441,417.1447,82223.35389144342,0.021755787244462033,0.0227320958626811
JAP,1878-10-21,36.36121968024,8.2119,414.99822,87617.77262620548,0.0288190711808749,0.03302452605991113
JAP,1879-10-27,35.8001644624,7.97176,411.51938,86995.08747899065,-0.003928980646575875,0.0023762655382544295
JAP,1880-11-02,36.65704816384,8.11801,408.66092,89700.40042938289,0.016517537623033984,0.021707336677355693
JAP,1881-11-08,36.25697424908,8.30257,406.66845,89156.1030836791,0.0007489560773032977,0.004336564386779651
JAP,1882-11-14,37.848564078,8.24148,404.48499,93572.23386212676,0.041047247962453515,0.04520891361781687
JAP,1883-11-20,37.22665018436,8.14524,402.72592000000003,92436.68792006235,-0.006117636141657279,-0.0028080863548471946
JAP,1884-11-26,39.82186337740001,8.25353,401.21386,99253.45893434489,0.03629983082000243,0.039464388733520206
JAP,1885-12-02,39.8878263888,8.18892,400.24927,99657.46193315981,0.0013122623757879648,0.0030846756955207333
JAP,1886-12-08,40.33598177128,8.20003,398.32881,101263.02883108053,-0.01572708480157603,-0.01195105052997647
JAP,1887-12-14,41.71461416044,8.23602,397.21637,105017.35907923432,0.03212073792945325,0.034502261831497405
JAP,1888-12-20,43.109238418480004,8.26886,396.60077,108696.80968718241,0.023085200491458124,0.024168172071276972
JAP,1889-12-26,45.13673755136001,8.34151,395.92147,114004.26845091276,0.03527223663385892,0.03658984463425696
JAP,1891-01-01,46.63653411352,8.44568,395.34312,117964.70396024597,0.030280138170099002,0.03130699083037758
JAP,1892-01-07,46.64631726404,8.2644,393.87962,118427.85179908521,0.0014856088559913605,0.00430860529014776
JAP,1893-01-13,48.76952458924,8.47193,393.50435,123936.43066268518,0.03473411760340772,0.03543240557151739
JAP,1894-01-19,50.46652012532,8.5644,393.38937,128286.43571462037,0.037633605793154334,0.037927299025611205
JAP,1895-01-25,53.3376903748,8.6056,393.63892,135499.02630258206,0.026260744840442607,0.025782932614297316
JAP,1896-01-31,57.5734893474,8.65787,394.24005000000005,146036.63262370223,0.09672452259248265,0.09545196081649077
JAP,1897-02-06,58.20926647380001,8.75571,395.01048,147361.32184087878,0.012808253952267368,0.011365770295958422
JAP,1898-02-12,65.69179093776,9.08479,396.50884,165675.47633429812,0.08104171768595858,0.07792139134213905
JAP,1899-02-18,67.18688035384,9.05966,397.78583999999995,168902.1418003215,0.02125108027983247,0.018793881124305356
JAP,1900-02-24,68.57430402055999,9.4125,399.54137,171632.5496420058,0.0038368334027916173,0.00036426880912654447
JAP,1901-03-02,74.48077693524,9.408,401.25563000000005,185619.26952960136,0.07828253299599752,0.07485426406890228
JAP,1902-03-08,80.49489347587999,9.41929,402.87418,199801.56950212095,0.029333115446022573,0.02631281394662688
JAP,1903-03-14,82.94819271544,9.33652,404.34831,205140.44615504885,0.025516550878463162,0.022632591359411647
JAP,1904-03-20,87.40220733244,9.41547,405.85693,215352.2605427484,0.05274136644717964,0.04970362237485304
JAP,1905-03-26,95.69093222,9.61269,407.58629,234774.65893173197,0.06798458049871847,0.06448273250644032
JAP,1906-04-01,101.00394327608,8.81652,408.32381,247362.36487428937,0.04515004601104167,0.0437706155728681
JAP,1907-04-07,96.87871484771999,8.99497,409.26547,236713.6295366428,-0.034910335376095114,-0.036556581434977975
JAP,1908-04-13,106.12581850728,9.42032,410.8746,258292.47781994802,0.042117152250998435,0.039052542488652975
JAP,1909-04-19,114.34755461324,9.81361,413.05109,276836.3463542488,0.044701269724320314,0.04047865879541157
JAP,1910-04-25,114.90372824268,9.6788,415.61437,276467.16893518384,0.03542333286686272,0.030670739426573945
JAP,1911-05-01,121.46469953332,9.72176,418.13929,290488.606161167,0.059336605646907126,0.05450958243822135
JAP,1912-05-07,128.65285219903998,10.07783,421.00394,305585.86268584564,0.04507540526374476,0.039634426731783634
JAP,1913-05-13,134.48419609716,10.08527,423.95776,317211.3092048604,0.026052415222808545,0.020707928687912824
JAP,1914-05-19,141.59178240428,10.54555,426.92206,331657.2172547842,0.021494343258096738,0.016158392815938782
JAP,1915-05-25,142.58081898268,10.52864,430.15286,331465.4678401534,0.02172275421287906,0.015973493569417574
JAP,1916-05-31,138.25781097232,10.05955,432.98284000000007,319314.7584609126,-0.003882349987149092,0.022062756354996882
JAP,1917-06-06,121.07748893344,9.69955,435.18282,278222.12497598137,-0.04564955948238503,-0.0493432350425449
JAP,1918-06-12,129.1109543152,9.7529,437.23726,295288.08755960094,-0.01775254401554549,-0.021145187485229866
JAP,1919-06-18,130.94824147443998,9.63004,439.54934,297914.77214921993,0.0020860507449018684,-0.0019513202427087206
JAP,1920-06-24,137.87255738412,9.7081,441.80181,312068.7925296639,0.03616296766403915,0.03218819425822583
JAP,1921-06-30,137.88000269264,9.87131,443.73943,310722.90035762655,-0.01584309521468308,-0.01884398767465656
EGY,1917-07-11,17.57404308452,13.97065,189.3721702148078,92801.61422127386,-0.6502047265102511,-0.6519511828814508
EGY,1918-07-24,20.05042871832,15.19872,55.11697000000001,363779.58944985544,0.10732703108994834,2.7132428736702625
EGY,1919-07-23,21.32498906512,14.94909,56.17022,379649.37764388317,0.05977752394302671,0.043560231774806946
EGY,1920-08-05,21.63375127628,15.1235,56.77745999999999,381027.1061135881,0.011003163427312446,-0.001378860008747762
CLM,1837-01-13,1.04309416224,9.54374,16.44622,63424.553620223975,0,0
CLM,1838-01-19,1.0826303040799998,9.86115,16.71638,64764.638281733234,0.09423363749230718,0.08050085895527692
CLM,1839-01-25,1.1089177008,9.68481,16.99431,65252.29331464473,0.034941233867418875,0.022163296536927835
CLM,1840-01-31,1.07287056396,9.70921,17.27137,62118.44016774581,-0.08233208361761835,-0.09329042543297339
CLM,1841-02-06,1.06111397444,9.77787,17.58293,60349.09849723567,0.006150082821294589,-0.007736840920735899
CLM,1842-02-12,1.037733749,9.77419,18.12076,57267.6724927652,0.01795130022028757,-0.0054870890169671505
CLM,1843-02-18,1.076514374,9.65707,18.4734,58273.754371149866,0.02396582971195582,0.009101656907310796
CLM,1844-02-24,1.14505565772,9.77965,18.81643,60854.033295370056,0.0519938037493084,0.037464820813106314
CLM,1845-03-02,1.21340617528,9.80802,19.72803,61506.70772905354,0.05765257787000233,0.021666938421258886
CLM,1846-03-08,1.2612055419600001,9.80325,20.06037,62870.50248624528,-0.011742374879924466,-0.02386390335150379
CLM,1847-03-14,1.30081555916,9.98082,20.87315,62320.04077774558,0.012344899033623014,-0.019208534903431995
CLM,1848-03-20,1.4905538388,9.45332,21.566649999999996,69113.83264438382,0.12656995312035169,0.10050411232134016
CLM,1849-03-26,1.2901269555200001,10.13851,21.91679,58864.77698239569,-0.052495414389914896,-0.06426707368332318
CLM,1850-04-01,1.2839372733199998,10.08313,22.31345,57540.95728450777,0.11054252439279111,0.09544349160961585
CLM,1851-04-07,1.3273264342,10.48023,22.71557,58432.45114254232,0.03826426935623384,0.024413375010946314
CLM,1852-04-13,1.37462273884,10.13241,23.1056,59493.05531299772,0.026977760185439736,0.013850656532707228
CLM,1853-04-19,1.4393392114399999,9.50877,23.47238,61320.548297190144,0.04695348015059908,0.034358149084270595
CLM,1854-04-25,1.42346042748,10.49506,23.86142,59655.31085241365,-0.008123573268773332,-0.020389752299503017
CLM,1855-05-01,1.43602178512,9.95728,24.25766,59198.69373715353,-0.0018144370513686336,-0.01415036142833248
CLM,1856-05-07,1.40226010912,8.84694,24.62146,56952.76027985343,0.13306081611852139,0.12033325296500808
CLM,1857-05-13,1.65095391916,9.70738,24.96986,66117.86846862578,0.14572071666440767,0.13344835575829173
CLM,1858-05-19,1.79184987384,9.64718,25.37238,70622.06516850213,0.13492218556910962,0.12111500068620407
CLM,1859-05-25,1.6763179966,10.17318,25.7746,65037.59501990332,-0.07976023711562064,-0.09051192640799921
CLM,1860-05-31,1.6958386952,10.30954,26.18639,64760.30851140612,-0.003060705473660774,-0.015045701171687798
CLM,1861-06-06,1.94298381836,10.734,33.13326,58641.492517186656,0.14648338626439794,-0.04585020955724739
CLM,1862-06-12,2.08501296692,10.79956,33.91772,61472.67466445268,-0.00033649124792989316,-0.018394052663705973
CLM,1863-06-18,2.132200642,10.90693,34.7614,61338.169406295485,0.037397514886149175,0.018864712248532367
CLM,1864-06-24,2.33871488032,10.52419,35.60209,65690.38166916606,0.039079961177931555,0.02013147761792844
CLM,1865-06-30,2.1027127217199997,10.87826,36.39579,57773.51506094523,-0.06807012499271226,-0.08331211568630326
CLM,1866-07-06,2.2697827198800002,10.4342,37.20291,61010.89188668306,0.009232923360695588,-0.006453341906800358
CLM,1867-07-12,2.4469867999200003,10.51503,37.97475,64437.20629944898,0.05915871621424884,0.042680102447178125
CLM,1868-07-18,2.54298212792,9.02648,38.69228,65723.24318752992,0.08462740202772423,0.06874045884572344
CLM,1869-07-24,2.60314243748,11.03545,39.22369,66366.58706715253,0.04450412158340611,0.033893062769281945
CLM,1870-07-30,2.68339423508,11.05412,40.020340000000004,67050.76056525257,0.034491639813527986,0.019308863296429557
CLM,1871-08-05,2.7441397151999998,10.99471,40.83147,67206.48840710364,0.006763063307680728,-0.008321599975339211
CLM,1872-08-11,2.95605442028,10.93895,41.59736000000001,71063.5102871913,0.056707608521912034,0.04188747862739395
CLM,1873-08-17,3.01367755364,10.87677,42.4482,70996.59240297586,0.01667961203881374,0.0013418415692840746
CLM,1874-08-23,3.15551862444,10.9207,43.2528,72955.2450810121,0.019460549588447673,0.00514051623827938
CLM,1875-08-29,3.3785853394800003,11.02199,44.00714,76773.57218578622,0.03511003894214659,0.021843384589149695
CLM,1876-09-04,3.5254093607200003,10.81405,44.781909999999996,78723.96154429323,0.06904387129923206,0.05502150683072893
CLM,1877-09-10,3.6713623206,10.78783,45.59011,80529.7973749131,0.02744618262684506,0.013764080583862803
CLM,1878-09-16,3.8106959696,10.77638,46.41658,82097.73252574833,0.02233650247889174,0.008482713018523658
CLM,1879-09-22,3.82046809768,10.69238,47.26267,80834.79197599289,0.000663942004107243,-0.013387339822497846
CLM,1880-09-28,3.82088038436,10.70169,48.17506,79312.41568479624,0.007543808728696533,-0.007138699887135114
CLM,1881-10-04,4.298952201960001,10.68883,49.12215,87515.55463187178,0.09184878397666463,0.07595764812137662
CLM,1882-10-10,4.23448828816,10.60876,50.04365,84615.89608591699,-0.031495861863296004,-0.04487854764381927
CLM,1883-10-16,4.36287946952,10.58936,50.956030000000005,85620.47454481834,0.012201988987488921,-0.001362441444211937
CLM,1884-10-22,4.323137119079999,10.89707,51.84934,83378.82640511914,-0.031789017805695985,-0.044320774158585596
CLM,1885-10-28,4.4539535586,10.78838,52.76916,84404.4809240852,0.037930499774878834,0.024188162179550332
CLM,1886-11-03,4.604710838000001,11.1382,57.83381,79619.70407967243,0.011848177213886313,-0.061532679642934185
CLM,1887-11-09,5.12495594312,11.09995,61.48852999999999,83348.16173227756,0.04673465376747732,0.003935929782196812
CLM,1888-11-15,5.28544187756,10.76947,62.59651,84436.68628746235,0.03606263332394688,0.02297456230902073
CLM,1889-11-21,5.39757127416,10.93516,64.35822,83867.62831787454,-0.00037093805388865864,-0.021569107582920077
CLM,1890-11-27,5.7100907567600006,10.87508,65.37924,87337.98001873378,0.05542429413521277,0.042730635716341725
CLM,1891-12-03,5.9581777444799995,10.87818,66.40995,89718.1483268697,0.040234242685583954,0.027934561498303978
CLM,1892-12-09,6.05738842072,10.70922,67.53565,89691.71720002693,0.06479560895419523,0.051485705288228045
CLM,1893-12-15,5.75728561876,10.47083,68.74455,83748.97528254967,-0.0076828581649117655,-0.020833674257219048
CLM,1894-12-21,6.75499055556,10.55721,69.76661,96822.68574551637,0.08086010761939022,0.0689866394139047
CLM,1895-12-27,6.75301196076,10.83379,70.86236,95297.5876157667,0.000660274263421412,-0.011013431029327503
CLM,1897-01-02,6.434802296,10.89525,71.99307,89380.85701859916,-0.048667435284242666,-0.059911860672655415
CLM,1898-01-08,6.631359611240001,10.96829,73.12766,90681.96098767553,-0.012005190381372266,-0.023549231541443727
CLM,1899-01-14,7.28808768532,11.10787,74.45491,97885.92431741575,0.09115066807710392,0.07611962448192511
CLM,1900-01-20,7.864236679519999,11.24653,75.88077,103639.38952543576,0.037154984012208736,0.022492047296390538
CLM,1901-01-26,7.991799907,10.81083,77.25252,103450.34578807266,0.02724469382661754,0.013451991962194265
CLM,1902-02-01,8.11904971696,11.0023,78.68234,103187.7002763263,0.03219643742196854,0.0181059660390408
CLM,1903-02-07,8.75456599784,11.45161,79.56804,110026.16123056444,0.031140716091557552,0.024494205255428447
CLM,1904-02-13,9.258010148399999,11.3679,83.19277,111283.83089540113,0.04462765480851094,0.012188436906440225
CLM,1905-02-19,9.81939515804,10.99239,86.53252,113476.35730520733,0.05779486625583852,0.025452348465252017
CLM,1906-02-25,11.9781553138,11.75141,88.36125,135558.91653637766,0.204542751356513,0.18541623056004464
CLM,1907-03-03,11.94911351348,12.3497,90.30535,132318.99896827817,0.04379703520244793,0.026891780469823878
CLM,1908-03-09,11.88571682844,11.93796,92.30716,128762.6748395249,0.029275526186528955,0.012957224096460829
CLM,1909-03-15,12.83247427228,11.96813,94.3855,135958.11085685831,0.054166316009506055,0.03629902126099327
CLM,1910-03-21,13.74553755068,12.47142,97.29849,141271.84862457783,0.04761692572130194,0.02746252664377158
CLM,1911-03-27,14.55510563104,12.37791,101.02693,144071.54241982807,0.017542644650537564,-0.012295424955195866
CLM,1912-04-02,15.0879162356,12.46792,102.96043,146540.92096934715,0.00946237059044952,-0.004925264642329674
CLM,1913-04-08,15.923621386919999,12.63384,104.91354,151778.51578471187,0.028703185007270315,0.014333312956019695
CLM,1914-04-14,16.025685626599998,12.50891,106.83898,149998.4895643893,0.004330523559508137,-0.009628792240276796
CLM,1915-04-20,17.12724114816,11.93026,108.74245,157502.80730441515,0.03306333873927536,0.019495763218880358
CLM,1916-04-26,17.597862724,11.76626,110.61347,159093.3068459022,0.05706530583898517,0.04346366700197146
CLM,1917-05-02,17.49167206228,11.83854,112.46802000000001,155525.74022624386,-0.014643868282727013,-0.027053177354486313
CLM,1918-05-08,18.784235882879997,11.83025,114.31256,164323.46439341397,0.053179587549893714,0.0403245487147581
CLM,1919-05-14,19.41992061516,12.03005,116.23765999999999,167070.81521737447,0.03219235686423527,0.019322368502103116
CLM,1920-05-20,20.04499722732,12.05519,118.15127999999999,169655.3539438591,0.01741320001174884,0.004856664385427756
CLM,1921-05-26,21.04789209692,12.5033,120.10594,175244.38921938415,0.03425372512772218,0.02152581083098193
TRN,1837-01-13,0.02607469748,9.09027,0.60904,42812.78319978983,0.12111588778189075,0.11069649329124975
TRN,1838-01-19,0.09929674196,9.11483,3.76002,26408.5674969814,0.565941306790245,-0.07995212059217183
TRN,1839-01-25,0.07634765788,13.57881,3.84409,19861.04848741835,-0.2557147448162371,-0.26851910298274295
TRN,1840-01-31,0.07554383719999999,13.55307,3.9416599999999997,19165.487941628653,-0.009738561645649013,-0.027460571582152538
TRN,1841-02-06,0.08087335256,11.64955,4.03218,20056.979738007725,-0.2053628655416715,-0.21911836586381772
TRN,1842-02-12,0.11863533084,12.22896,4.11639,28820.23589601568,0.0062127311307385025,-0.009765615246583925
TRN,1843-02-18,0.07870725668,12.24961,4.20596,18713.2680006467,-0.3303718688191819,-0.3408984006309971
TRN,1844-02-24,0.08843013088,12.31599,4.29255,20600.838867339924,0.11199600029299428,0.09475855563736912
TRN,1845-03-02,0.08885320236,11.79886,4.69878,18909.84518534598,-0.0016471814064301649,-0.025796924537290322
TRN,1846-03-08,0.14205018411999998,12.39808,4.9471,28713.829136261647,0.3645311339806456,0.302013272880705
TRN,1847-03-14,0.11104568176,12.4168,5.28618,21006.791626467508,-0.20507678059585743,-0.23435433548886464
TRN,1848-03-20,0.113451403,12.42295,5.63001,20151.190317601566,0.018186204665600725,-0.030251417029221184
TRN,1849-03-26,0.11729197324,12.45783,5.976430000000001,19625.758728873257,0.025913040554917277,-0.024477539148117122
TRN,1850-04-01,0.12195432496,12.42226,6.399420000000001,19057.090323810593,0.03360492677058091,-0.028523201325655
TRN,1851-04-07,0.15997864168,11.79092,6.92271,23109.250810737412,0.3106099390061938,0.24409213805411434
TRN,1852-04-13,0.14848088008000002,11.72543,7.23412,20525.07838963136,-0.049576405597491546,-0.08479731177440175
TRN,1853-04-19,0.15779517832,12.38519,7.7624,20328.143141296507,0.05752860488959444,0.006206107942697159
TRN,1854-04-25,0.1680567434,12.58195,8.10986,20722.52090664944,-0.0036672834483659766,-0.03906548742777727
TRN,1855-05-01,0.1788131644,11.60859,8.54927,20915.606174562276,0.0643392000654801,0.026672486174889265
TRN,1856-05-07,0.3321701968,10.85399,9.03707,36756.40410000143,0.37120603319768053,0.30356739611183636
TRN,1857-05-13,0.20177077544,11.4606,9.37706,21517.487937583846,-0.1993904068086858,-0.2224663139686469
TRN,1858-05-19,0.29754086855999995,10.93094,9.77415,30441.610632126576,0.11396016335741255,0.08483923272292682
TRN,1859-05-25,0.21714080179999998,10.9037,10.11657,21463.875780032165,-0.1699529567663043,-0.1905498525953131
TRN,1860-05-31,0.22555793884,10.84089,10.46657,21550.32057684609,0.03522273167963941,0.008990026092923431
TRN,1861-06-06,0.2315467102,10.79425,10.71707,21605.41175899756,0.01946380154342986,-0.00007527477323243659
TRN,1862-06-12,0.24621889812,10.81979,11.03047,22321.70506968425,0.009566988882693916,-0.014456687145831926
TRN,1863-06-18,0.31086238664,10.1839,11.24421,27646.44084733387,0.10474762773628377,0.08877812126356255
TRN,1864-06-24,0.2390374688,10.84697,11.47474,20831.62396707899,-0.1296479152973551,-0.14328143767694412
TRN,1865-06-30,0.28865278468,9.19454,11.70206,24666.835128174014,0.2482431959511071,0.2293400071538496
TRN,1866-07-06,0.23968018672,11.14529,11.91632,20113.607784953743,-0.17441209612283415,-0.1856563355844547
TRN,1867-07-12,0.24352150524,11.07119,12.13322,20070.64120159364,0.009094255880613744,-0.004186331397581844
TRN,1868-07-18,0.24917565815999998,10.98357,12.33687,20197.63993298138,0.015692379055361805,0.0029202931755945016
TRN,1869-07-24,0.25944108892,10.91996,12.54466,20681.39661975693,0.030436808179575392,0.01756086925268585
TRN,1870-07-30,0.26722844668,10.78258,12.74321,20970.261549484,0.025052711273300554,0.01296625061300194
TRN,1871-08-05,0.27280264492,10.32812,12.93724,21086.618546150494,0.013231051300037988,0.0018578660605648167
TRN,1872-08-11,0.28047425952000005,10.24905,13.121860000000002,21374.5810060464,0.02211360731235512,0.011097754233150958
TRN,1873-08-17,0.28792324756,10.1261,13.30587,21638.814114372075,0.02306526919867835,0.012443697158950107
TRN,1874-08-23,0.28906465744,9.82188,13.48481,21436.3166733532,0.002965475624850944,-0.006935585613367934
TRN,1875-08-29,0.39571856584,9.57728,13.65014,28990.073789719372,0.11462452502419884,0.1042008886108754
TRN,1876-09-04,0.30261049,9.53067,13.79942,21929.218039598767,-0.19894110953011435,-0.20562566989422515
TRN,1877-09-10,0.37692974644,9.70272,13.95234,27015.52187231676,0.34230082533937134,0.33137429477364666
TRN,1878-09-16,0.393161015,9.72256,14.09314,27897.332673910852,0.031432208188535427,0.023421615780414795
TRN,1879-09-22,0.39951695991999997,9.4618,14.22809,28079.451277016098,0.020001601299710403,0.012740261654313967
TRN,1880-09-28,0.40412329516,8.55272,14.34556,28170.618306988363,0.009167858527332262,0.0030018774837707873
TRN,1881-10-04,0.3987170798,8.37777,14.42096,27648.442253497687,0.043370896348366106,0.0390898365295389
TRN,1882-10-10,0.46008874548,8.25426,14.49561,31739.867827569866,0.042906134148950725,0.03903746789088225
TRN,1883-10-16,0.44105363224,8.2751,14.56203,30287.922236116807,0.037310550919558816,0.03378833664446712
TRN,1884-10-22,0.43691766924000003,7.95268,14.63419,29855.951661144212,0.006734454280125757,0.0027553030633906683
TRN,1885-10-28,0.43197048024,7.81132,14.67834,29429.10984757132,-0.005127546135127448,-0.0072254515690242105
TRN,1886-11-03,0.43204184244,7.71565,14.71507,29360.502018678806,0.0010711403438985467,-0.0007722771896017111
TRN,1887-11-09,0.42445801892,6.92181,14.64408,28984.956304527153,-0.00006267616134458809,0.0038978692706173046
TRN,1888-11-15,0.45474699452,8.63147,14.70429,30926.144310265914,0.05477919076948368,0.0514962657774507
TRN,1889-11-21,0.46061856464,8.61592,14.96639,30776.865004854208,0.010178046841065935,-0.005956744010411685
TRN,1890-11-27,0.46342984688000005,8.57178,15.07103,30749.712984447648,0.005411833355140949,0.0002739007982941466
TRN,1891-12-03,0.46921757844,8.5244,15.16485,30941.12888950435,0.009312058737663387,0.004524365314654499
TRN,1892-12-09,0.47200218676,8.4712,15.25051,30949.928019456398,0.004176738071751673,-0.00014711843825432336
TRN,1893-12-15,0.47370146304,8.44887,15.33549,30889.22903930686,0.002446588349249712,-0.001606868417708296
TRN,1894-12-21,0.47446532952000003,8.43929,15.41318,30783.091452899404,0.0011993263463987436,-0.0025942776222431796
TRN,1895-12-27,0.46163435395999997,8.22698,15.47329,29834.272734499253,-0.02672699204811213,-0.029851527482469442
TRN,1897-01-02,0.47585098808,8.19938,15.53583,30629.260752724505,0.019615448018606374,0.016639377750677475
TRN,1898-01-08,0.47784193704,8.16063,15.59038,30649.794106365593,0.003580386292226345,0.0009421341958470997
TRN,1899-01-14,0.48745892624,8.13995,15.63463,31178.15555852617,0.018540564913758883,0.016174832254729044
TRN,1900-01-20,0.4875607724,8.11673,15.67866,31097.094547620778,-0.0008596239134546213,-0.002847454202020705
TRN,1901-01-26,0.68079938056,8.45495,15.72067,43306.0028968231,0.29920105936607966,0.29675471336648473
TRN,1902-02-01,0.8448468678,7.76608,15.73638,53687.497874352295,0.300958099233986,0.30012235736312753
TRN,1903-02-07,1.15630703136,8.24863,15.866210000000002,72878.59112919845,0.16133278570186627,0.1589576573046747
TRN,1904-02-13,1.2173037786,7.92154,15.882199999999997,76645.79079724473,0.03032196334838355,0.029339556382659282
TRN,1905-02-19,1.47573773152,9.64229,15.90689,92773.4919597734,0.15086625793199016,0.14945240671907611
TRN,1906-02-25,2.2782012577999997,13.16667,15.529830000000002,146698.40286725608,0.20914552873729875,0.23770614653568467
TRN,1907-03-03,3.5952912762,14.2833,15.56722,230952.68623427948,0.3573147508228778,0.3534158193152157
TRN,1908-03-09,5.1924169845599994,15.55064,15.502760000000002,334935.0041257169,0.37647079708559184,0.380882062070967
TRN,1909-03-15,5.47647191416,15.6234,15.59738,351114.8612241287,0.05526343550427426,0.051527331665629506
TRN,1910-03-21,5.32783181632,14.5644,15.59716,341589.8674066304,-0.025941717426243405,-0.026553169060075765
TRN,1911-03-27,5.599770460439999,14.59442,15.64843,357848.70817328,0.032367010681892294,0.02775016901469196
TRN,1912-04-02,5.06337076752,14.3877,15.66098,323311.2338768072,-0.038577994941855875,-0.03907177254767069
TRN,1913-04-08,5.67360219868,14.09428,15.7486,360260.7342036753,0.09195597065282035,0.08644222896738762
TRN,1914-04-14,5.8844979101999995,14.18288,15.85656,371108.1035356975,0.015885418854102884,0.01109335800204736
TRN,1915-04-20,6.839261924560001,14.35711,15.94538,428918.08941273275,0.05091379413730324,0.04488886193864294
TRN,1916-04-26,6.90059134076,14.71908,15.87942,434561.9261131704,-0.012856368820564179,-0.010708619962820132
TRN,1917-05-02,7.67723575476,14.71744,16.07833,477489.6245294132,0.04987243276407183,0.03914868305716057
TRN,1918-05-08,8.1447993692,14.93247,16.36162,497799.0791376404,0.04111489492867082,0.0270834144671126
TRN,1919-05-14,9.095069400560002,13.69277,16.65003,546249.4302148405,0.11491453250574413,0.10009986572323126
TRN,1920-05-20,9.18219190356,14.12396,16.92614,542485.877084793,0.008982592050412075,-0.0035062940017803745
TRN,1921-05-26,9.379389683560001,14.24252,17.20763,545071.557417262,0.025470689565981974,0.012671165736948709
SAF,1846-04-12,0.9748953499999999,10.42166,10.195953077888882,95615.91177917193,0.12842287763761195,0.12865901601621177
SAF,1847-04-25,1.03910731756,10.52251,10.14545,102421.01804848478,0.04062215631333177,0.037496274006230124
SAF,1848-04-24,1.2008241627199998,10.02036,10.14545,118360.85759823368,0.09475500812926607,0.09144685237941275
SAF,1849-05-07,1.24164870076,10.07853,10.14545,122384.78340142625,0.04501630207148888,0.043732094604646
SAF,1850-05-20,1.35996927768,10.15106,10.08878647297098,134800.08535451852,0.057222959190185385,0.05564544585836351
SAF,1851-05-12,1.42455407068,10.23399,14.24315,100016.78495838349,0.04492954370373492,-0.2561449662767107
SAF,1852-05-18,1.46608513844,10.17638,14.24315,102932.64751406816,0.03321398901049699,0.03466704063606607
SAF,1853-05-31,1.57100018556,9.90637,14.24315,110298.64781035093,0.04380052669258738,0.043488080314591615
SAF,1854-05-30,1.75171263748,10.23489,14.24315,122986.3223711047,0.0944133878740836,0.09818325674986794
SAF,1855-06-12,1.80584370564,10.26849,14.24315,126786.82072715656,-0.009855876612988479,-0.0037938066397900094
SAF,1856-06-25,1.82519234456,10.33358,18.26483,99929.33657526514,0.02608101423193876,-0.19966855356277458
SAF,1857-06-17,1.80265135232,10.22853,19.36245,93100.37481413769,-0.04914684097983979,-0.10192258100339979
SAF,1858-06-23,1.82124960992,10.13263,19.36245,94060.90706083167,0.012809207901239628,0.014182343090757943
SAF,1859-07-06,1.83655656808,10.05104,19.36245,94851.45568251953,0.01450889687730128,0.015541692045117239
SAF,1860-07-05,2.0142869578,10.0037,19.36245,104030.58279298333,0.06291239273782989,0.06370884263378995
SAF,1861-07-18,2.41511688236,10.15134,19.541299363715645,123590.39373013229,0.1538524891912929,0.15285027820139718
SPA,1837-01-13,6.90935965148,9.02885,118.55818140951428,58278.21892454842,0,0
SPA,1838-01-26,7.117555757520001,9.19759,119.05901,59781.74820637263,0.019493007552950248,0.017587454812747483
SPA,1839-01-25,7.42971742812,9.2371,119.05901,62403.65536484807,0.04281418966623973,0.040413714686100555
BIC,1839-05-17,45.06550138532,8.84887,1203.414162140397,37448.03975479757,0.026067572557817886,0.025056782169476932
BIC,1840-05-30,46.37212763768,9.04012,1204.75321,38490.976618920984,0.004176180560601983,0.0031964005063109813
BIC,1841-05-29,51.83020777272,9.14089,1215.4373426927732,42643.2576589192,0.0868048404930879,0.08420889168320933
BIC,1842-06-11,52.98695926888,9.0965,1204.75321,43981.58795433299,0.007600443409679913,0.006510423508908847
BIC,1843-06-24,59.756968366680006,9.04588,1208.3998488465747,49451.32062348271,0.09954825526415623,0.10008911110449104
BIC,1844-06-16,58.398646148960005,8.33517,1204.75321,48473.53438382621,-0.02339082035324125,-0.023730507125705236
BIC,1845-06-22,60.97368561752,8.74142,1188.9015629784997,51285.73089328394,0.05733114519280513,0.05588804377191714
BIC,1846-07-05,61.767791548320005,8.83248,1204.75321,51270.07841574458,-0.014405579649057199,-0.014248687812649652
BIC,1847-07-04,64.45181357732,8.77662,1204.75321,53497.938866101875,0.027887963705221175,0.02547254244680386
BIC,1848-07-17,65.06278086932,8.11351,1204.75321,54005.069527326676,0.021326226570189455,0.02196859241156668
BIC,1849-07-30,67.05182098212,8.47055,1204.75321,55656.063354352875,0.022591665911686487,0.022130510749083898
BIC,1850-07-22,73.10341142104,8.6953,1204.75321,60679.158863614895,0.059054129696229696,0.057557764196722205
BIC,1851-07-28,79.36642785968,8.63316,1204.75321,65877.74757593714,0.07113798609610278,0.07150787638206402
BIC,1852-08-10,79.55868447643999,8.40339,1204.75321,66037.32931862451,0.004485860354652704,0.006570497414209786
CON,1837-01-13,0.47058480092,5.70265,14.88235,31620.328840539296,0.4040353476478429,0.39435468385119266
CON,1838-01-19,0.38375402052,7.38697,14.88235,25785.848372064895,-0.22009130617446782,-0.2199770558528754
CON,1839-02-01,0.38056538572000004,7.32239,14.88235,25571.592236441153,-0.007926707591722537,-0.0091532903989201
CON,1840-01-31,0.40307940451999996,6.52995,14.88235,27084.39221762692,0.029271455072040986,0.0263904774001249
CON,1841-02-13,0.37618227816,6.47347,14.885000804033465,25272.57358683272,-0.061572254537442306,-0.061578787674288704
CON,1842-02-26,0.36939712991999996,6.4695,14.88235,24821.15592765927,0.02525251857495947,0.020934735896767753
CON,1843-02-18,0.46622587856,6.47861,14.88235,31327.4367663709,0.13402581821084447,0.13848236282883342
CON,1844-02-24,0.49368541768,7.44428,14.882349999999999,33172.54450271631,-0.07877791213219554,-0.0786466258337879
CON,1845-03-09,0.42668191019999996,7.29766,14.88235,28670.331647891628,0.015061302818160094,0.01699364092524669
CON,1846-03-08,0.40840457424,7.32488,14.88235,27442.210016563244,0.014530959286717549,0.013418881557917484
CON,1847-03-21,0.4101592014,7.39613,14.88235,27560.109888559266,-0.016118281347186292,-0.014106032769887755
CON,1848-04-03,0.40902765592,5.63562,14.88235,27484.077173295882,0.18313276032771064,0.1766529507749499
CON,1849-03-26,0.42636985976,7.3663,14.88235,28649.36382762131,0.029528575536288182,0.02665520238055219
CON,1850-04-01,0.42574009399999996,6.58772,14.88235,28607.04754289477,-0.010486483030158755,-0.010187975612044542
CON,1851-04-14,0.51530763284,5.63635,14.88235,34625.42090731638,0.2545591288998581,0.25797413790310775
CON,1852-04-13,0.39587266368,7.84701,15.7073207038154,25203.067483293966,-0.253360691476864,-0.2526747773640289
CON,1853-04-26,0.48319835304000003,6.19002,14.88235,32467.87994100394,0.11432619863619609,0.09757774567756683
CON,1854-05-09,0.48947647268,5.3458,14.988900405677374,32655.92934986746,0.02106819756460454,0.018102149327371198
CON,1855-05-01,0.4662684702,6.22247,14.88235,31330.298655790244,-0.023204091510718117,-0.021304807900369038
CON,1856-05-07,0.47450154284,6.35808,14.284175372237868,33218.68644669692,0.07034686251351019,0.07375006567693476
SIH,1912-06-11,6.20376987204,7.84422,51.96058,119393.77643667565,0,0
SIH,1913-06-17,5.55234062708,8.31304,47.43808,117043.95766186152,-0.07723529914418181,-0.011373110339702563
SIH,1914-06-23,5.61783926236,7.74319,43.37647,129513.51878933441,-0.027654230721685935,0.040548939395752326
SIH,1915-06-29,2.89032641456,7.39241,39.56725,73048.45331833776,-0.39098069147014747,-0.3475658830468128
SIH,1916-07-05,4.77494145544,7.75505,48.02902,99417.84061885918,0.3442781142741538,0.3237451020690214
SIH,1917-07-11,4.442840959440001,7.9779,44.47471,99895.89498031579,-0.04213792438178243,0.01471816136766857
SIH,1918-07-17,3.56774760212,8.2497,39.90928,89396.44118159986,-0.16183099177484195,-0.08825103291067116
SIH,1919-07-23,2.6453774869599997,6.6469,28.54701,92667.41024576654,-0.2671262859376289,0.001686660395703088
SIH,1920-07-29,3.57938596808,7.60516,35.34048,101282.8905572307,0.35064612982309984,0.06941662972295481
SIH,1921-08-04,3.30643940276,7.53182,33.24142,99467.45363946547,-0.07911123251767938,-0.0361685377428127
AST,1838-12-28,0.42349106072000003,11.2545,2.6969,157028.83337164894,0.128656051002205,0.11078964137180392
AST,1840-01-10,0.41971934836,10.99915,2.6872372864125103,156189.9094219289,-0.006172878723538777,-0.006789337390765482
AST,1841-01-09,0.43580624619999997,11.49601,3.0548099999999994,142662.3083596034,0.039330567266739,-0.019649642369996112
AST,1842-01-22,0.53944306416,11.49301,3.1529184129412697,171093.25187287942,0.08648337356324265,0.07508210228253276
AST,1843-02-04,0.5531817543199999,11.48341,3.10351,178243.9090964746,0.006659715653397624,0.0064147837479091585
AST,1844-01-27,0.56839701984,10.66232,3.10351,183146.50825678022,0.03094241647636764,0.02916304734686781
AST,1845-02-02,0.5326958051999999,10.48568,3.20866,166018.1524997974,-0.020387617781010392,-0.0222500316830192
AST,1846-02-15,0.5084889997200001,10.63277,3.1787163257850604,159966.77513977798,-0.05330886737964269,-0.05201719305034347
AST,1847-02-14,0.50936330952,10.55495,3.3598199999999996,151604.34473275355,0.0070313711093796805,-0.018389394879553822
AST,1848-02-27,0.51635778324,10.46064,3.44391,149933.588055437,0.026212199514649148,0.014111151572159919
AST,1849-03-12,0.65791586432,11.57629,3.44391,191037.47319761553,0.1884509758774684,0.1712060496342478
AST,1850-03-04,0.67820522796,11.67417,3.54691,191210.15981798244,0.006466728293579305,-0.023800949293415696
AST,1851-03-10,0.71717818276,11.49252,3.5547667709964896,201751.12151140007,0.01742337124121973,0.016618874449873422
AST,1852-03-23,0.85843246892,11.19164,3.70688,231578.16517394682,0.11491478896085305,0.0655472808667068
AST,1853-03-22,0.91443097824,10.92304,3.692269817703927,247660.93037280996,0.08072192796553224,0.07358947079521316
AST,1854-04-04,0.9873943695199999,10.94617,3.74078,263954.1404519913,0.034915014961042656,0.03560850688911854
AST,1855-04-17,0.95233123544,10.66584,3.9579151829692485,240614.36170685096,-0.03229728785199715,-0.06330887814458086
AST,1856-04-09,1.09352886656,10.72577,3.9705999999999997,275406.4540774694,0.05765489163841231,0.04297279764295503
AST,1857-04-15,1.23117687368,11.62794,3.9910781884101763,308482.2736009671,0.08449490326569586,0.08333152403990507
AST,1858-04-28,1.2541832685199998,12.78421,4.64962,269738.8751166762,0.014881428895430204,-0.13383951381045567
AST,1859-04-27,1.27866517688,12.88347,4.64962,275004.23193293216,0.011865560129196817,0.011025086293487085
AST,1860-05-10,1.10134402768,12.46454,5.25588,209545.1242570226,-0.12233958069979123,-0.22431723665326175
AST,1861-05-23,1.25539976536,12.59099,5.16202,243199.32223431914,0.07239128003926809,0.08809049967362603
AST,1862-05-15,1.45360805512,12.52248,5.16202,281596.74993897736,0.07964398860682276,0.07755365803829717
AST,1863-05-21,1.48316614056,11.98864,5.16202,287322.8194698974,0.01323423058901585,0.012629049075844279
AST,1864-06-03,1.5581798918399998,12.16666,5.50441,283078.4574259548,0.04499516646139634,0.031244838331668134
AST,1865-06-02,1.54961675804,12.16955,5.652270000000001,274158.3041928287,0.0015311084216462767,-0.02412807112124682
AST,1866-06-15,1.5827377956000002,12.36661,5.76554,274516.83547421405,0.02109863320143357,0.004111964830483927
AST,1867-06-28,1.62211682776,12.44401,5.81636,278888.6567819048,0.018657855095334908,0.01111113324017543
AST,1868-06-20,1.5284463230399998,12.02147,5.81636,262783.996011251,-0.024589807779480388,-0.02129112347112072
AST,1869-06-26,3.0477305975999998,12.38949,12.79393,238216.91986746842,0.5004912123497336,-0.048213554815810244
AST,1870-07-09,3.33851234132,12.69204,12.940576482582964,257987.91466619627,0.06814707575639112,0.05787233692058602
AST,1871-07-08,3.56615203568,12.63721,12.92571,275896.0270406809,0.050765332877571456,0.046248266726478526
AST,1872-07-21,3.40318621084,12.46844,13.435294810544088,253301.93783088124,-0.07668530374643023,-0.08050079978966307
AST,1873-08-03,3.7257740025999997,13.45529,13.39983,278046.36346879025,0.037254660523619476,0.0040778081546593015
AST,1874-07-26,4.02417525692,13.46725,13.64635,294890.2275641472,0.024761386527858864,0.007379817097895369
AST,1875-08-01,4.37490680172,13.47588,13.91292,314449.21711042686,0.048478211997359244,0.03231846866325494
AST,1876-08-14,6.44690816484,13.31308,27.137765165608275,237562.23570724146,0.46584264346105075,-0.08685127550822513
AST,1877-08-13,6.588367896239999,12.82546,26.20553,251411.35845144134,0.0017519158572840698,0.015363958457681681
AST,1878-08-26,7.8937736306,13.7491,26.46478,298274.67413672054,0.15999816010165024,0.15201220842722973
AST,1879-09-08,8.593919078679999,14.20282,26.89344,319554.47420188715,0.054218540022053396,0.04058656597334176
AST,1880-08-31,9.0554033336,14.03391,28.90114,313323.3960182885,0.059249149040211835,-0.009485989572167397
AST,1881-09-06,9.54660784324,14.078,29.510619999999996,323497.3661427649,0.05534838948032772,0.044004434585432683
AST,1882-09-19,5.40072838812,14.13275,29.51062,183009.65510450138,-0.43085197397809216,-0.4304276471248868
AST,1883-09-18,6.98424007424,12.22911,29.999027809612862,232815.547175898,0.25264205556538766,0.25878599501940336
AST,1884-10-01,7.366954153,12.58431,29.19646,252323.54035386484,0.0350738352669242,0.03989180403402859
AST,1885-10-14,8.4999931328,13.40752,29.180300000000003,291292.17769522587,0.13231223154028315,0.13556912632761442
AST,1886-10-06,9.01901471744,13.809,29.05429,310419.38100845,0.018662309789310605,0.021683910375059234
AST,1887-10-12,9.745207518279999,13.93964,29.662444581295663,328536.8976104237,0.0596796979198555,0.05841130440758513
AST,1888-10-25,10.41885801164,14.41754,28.92814,360163.4260495144,0.027778252865247044,0.02785651063645167
AST,1889-10-24,10.61233932148,14.45574,29.33497,361764.11025748454,0.029495970415822415,0.015238810835501493
AST,1890-11-06,11.55128374348,14.70016,29.704470000000004,388873.5851365131,0.05924453298282373,0.05395964329477421
AST,1891-11-19,11.437582362439999,14.77496,29.616241851235866,386192.9011753636,0.00470585718051586,0.007071455932213366
AST,1892-11-11,10.77338548676,14.91418,26.73912,402907.2567369457,-0.0732031713975212,0.033081345977458376
AST,1893-11-17,11.71192181952,14.84938,30.01312,390226.7348253031,0.060559312476149874,-0.055807065215719764
AST,1894-11-30,12.11738617024,14.83289,30.345469999999995,399314.49966799,0.05009962263308165,0.0439803863134578
AST,1895-11-29,11.85512294928,14.76721,30.556319999999996,387976.13551893685,-0.03229485387581532,-0.03932683308609641
AST,1896-12-12,12.20928228728,14.97522,30.570930000000004,399375.55996104795,0.02215149786616788,0.021029077144833375
AST,1897-12-25,13.5651467978,14.77207,31.59875,429293.7789564461,0.08060068514911656,0.04409667040515197
AST,1898-12-17,13.79891080048,14.81583,35.01193,394120.2555951643,0.02410111623937361,-0.07567841356761729
AST,1899-12-23,14.34740916804,15.06712,35.41456,405127.4156177572,0.031994638837165024,0.021137548874227585
AST,1901-01-05,14.71487012216,15.30029,36.03221,408381.0047221639,0.01656010600015967,0.0080935767256749
AST,1902-01-04,16.31354818392,15.754,36.03221,452749.0316003376,0.10154863333941555,0.09830392985060454
AST,1903-01-17,16.73476970204,15.998,37.509050300547315,446152.8502574701,-0.01020744718286215,-0.03868224413368826
AST,1904-01-30,16.78256713276,16.27173,37.03537,453149.70885291544,0.0065649155010534255,0.0015048654194684818
AST,1905-01-22,17.101134693240002,16.33824,38.47185,444510.32880508737,0.022983115249529895,-0.01648090497449828
AST,1906-01-28,18.609841835,16.45072,38.47185,483726.2007155881,0.06548228109613352,0.06612947572053485
AST,1907-02-10,17.16323450816,17.63345,39.32757538983167,436417.30612758885,-0.09869927441982429,-0.11252780093743109
AST,1908-02-09,17.63442667792,17.82268,33.64658,524107.55202817044,0.04074612673464495,0.09093100590392988
AST,1909-02-22,16.868346584959998,17.87824,33.412116370506894,504857.17210807407,-0.02701596925208294,-0.026288116783182547
AST,1910-03-07,17.36999850976,18.08715,33.79506,513980.4015663828,0.04336439638177314,0.0342089009523745
ACE,1837-01-13,0.11799918416,6.17719,3.6296117197295708,32510.139726127978,0,0
ACE,1838-01-26,0.13319222904,6.94325,3.54107,37613.554388927645,0.07322998044010487,0.07034596900040602
ACE,1839-01-25,0.13448113952,7.22852,3.54107,37977.54337530746,-0.010152401149314372,-0.01794914152560112
ACE,1840-02-07,0.12999729028,7.84551,3.54107,36711.30203017732,-0.041899301323331084,-0.04044832875177584
ACE,1841-02-20,0.12851444788,7.85629,3.533084707653114,36374.57307536987,-0.014192411729638588,-0.014701593288604098
ACE,1842-02-12,0.13217679436,7.86932,3.54107,37326.79510995264,0.03290033915360535,0.033054558281474966
ACE,1843-02-18,0.12861318859999998,7.8386,3.54107,36320.43099966959,-0.022618744991247497,-0.023128905372472253
ACE,1844-03-03,0.12929286603999998,7.39506,3.5410699999999995,36512.37226036198,-0.0016663066559896578,-0.0010272786405288725
ACE,1845-03-02,0.13171634944,7.48211,3.5410699999999995,37196.765226329895,0.06921180025128582,0.0674222622629983
ACE,1846-03-15,0.16483964952000002,6.80732,3.54107,46550.80230551783,0.20857783041665923,0.2069613734921032
ACE,1847-03-28,0.17759311024000002,6.18936,3.54107,50152.386210947545,0.14177206221400862,0.14827014094472446
ACE,1848-03-20,0.13442864499999999,7.34382,3.54107,37962.718895701015,-0.11385086812803002,-0.11934511185020646
ACE,1849-03-26,0.14448760612,7.82932,3.54107,40803.37472007049,0.045496843614645455,0.04364949714352262
ACE,1850-04-08,0.16192309328,8.37545,3.54107,45727.165314438855,0.0939146600431171,0.09173351947908359
ACE,1851-04-07,0.14110037396,8.28361,3.5410700000000004,39846.81860567568,-0.11311716747522549,-0.11156440653041244
ACE,1852-04-20,0.13990433808,8.31506,3.540862494175304,39511.372811042995,-0.0035298642101726507,-0.003110079867733817
ACE,1853-05-03,0.1543001876,8.36085,3.54107,43574.45280663754,0.0804633158318604,0.08359864089495117
ACE,1854-04-25,0.15342904824,8.45076,3.5410700000000004,43328.44260068284,0.08213959355223288,0.0976823919145895
ACE,1855-05-01,0.1574393366,9.4431,3.54107,44460.9501083006,0.022088217537326038,0.02222596619906092
ACE,1856-05-14,0.15289509924,9.42671,3.538015586233397,43214.93094460149,-0.017177949773807488,-0.01617395516908826
ACE,1857-05-13,0.14989934023999998,9.26693,3.54107,42331.65123536106,-0.005337627233685138,-0.004333982018118965
ACE,1858-05-26,0.14292643664,9.97092,3.54107,40362.49965123536,-0.022967424653123514,-0.01932980277725216
ACE,1859-06-08,0.14358435208,9.94033,3.54107,40548.29531186901,0.0023216204049629763,0.0026575789614704526
ACE,1860-05-31,0.20024792112,9.97879,3.54107,56550.116524101475,0.12632002794808717,0.13536922745057134
ACE,1861-06-06,0.29253124056,8.76996,3.54107,82610.97367744778,0.3986127637020862,0.39505378016269055
ACE,1862-06-19,0.2987226398,8.45348,3.54107,84359.42802599215,0.07901163898157715,0.07566384763937783
ACE,1863-06-18,0.41037909899999997,8.55923,3.8071989358128318,107790.29567898969,0.14443914644186018,0.1623405395964035
ACE,1864-07-01,0.8639369575200001,9.38378,3.54107,243976.24376812662,0.9173281099510158,0.9345984565482455
ACE,1865-07-14,0.8516482062399999,9.92163,3.54107,240505.8940489739,-0.02321906993775036,-0.0076056080175253005
ACE,1866-07-06,1.04885932008,10.01736,3.54107,296198.4146260876,0.09316919339683305,0.08894832186762258
ACE,1867-07-12,1.10956215448,10.26821,3.535740433630382,313813.2380777562,0.04787035122713412,0.04915843469858694
ACE,1868-07-25,1.07697972252,10.21383,3.54107,304139.6308234517,-0.0222011138678746,-0.0221429960050169
ACE,1869-07-24,1.1777599251600002,10.3583,3.54107,332600.01218840637,0.08461190081730807,0.08653513169948868
ACE,1870-08-06,1.1904741237999998,10.99273,3.54107,336190.5084621315,-0.001461219717019624,-0.004140692559066239
ACE,1871-08-19,1.20500374176,10.998,3.6038850721816287,334362.4221153493,0.009657029376477944,0.01224704344347538
ACE,1872-08-11,1.22079746672,11.26455,3.54107,344753.8361907559,-0.001242778551797441,-0.0009416647649637122
SAT,1837-01-13,0.15105246676,9.18482,7.6147100000000005,19836.929674275187,0.17248492050962416,0.1516678382990364
SAT,1838-01-19,0.18023863936,9.17211,7.79267,23129.25343431712,0.17162655898891743,0.15127158851249245
SAT,1839-01-25,0.21955102468,8.3572,7.97957,27514.142325964935,0.1363955257272227,0.11670026067258354
SAT,1840-01-31,0.21876958272,8.33225,8.13514,26891.92598037649,-0.005108089622717915,-0.019902218306441566
SAT,1841-02-06,0.22600978296000002,8.31959,8.29501,27246.47504463527,0.003937340237141873,-0.010976211386613866
SAT,1842-02-12,0.23487810996,8.35911,8.46765,27738.28747763547,0.02964373302921497,0.014375829822961705
SAT,1843-02-18,0.27289834832,8.25826,8.63178,31615.535650815942,0.10901857696893025,0.09279371936266001
SAT,1844-02-24,0.28810522468,7.44827,8.78628,32790.35321888216,-0.013874971424088112,-0.02752203445562862
SAT,1845-03-02,0.34829545452000005,8.27049,9.23671,37707.73950031992,0.11522197563199121,0.07253520416003378
SAT,1846-03-08,0.4062304038,8.31205,9.76074,41618.81207777279,0.12251003719825904,0.0783539735830101
SAT,1847-03-14,0.526732232,8.26968,10.28484,51214.43133777481,0.2135596769134127,0.16789717652787628
SAT,1848-03-20,0.66262066728,8.35157,10.78545,61436.53415295607,0.20259627922782308,0.16073450769148345
SAT,1849-03-26,0.84598948564,8.31925,11.26849,75075.67434855957,0.198157392160077,0.1609990797739549
SAT,1850-04-01,0.95066211656,8.38798,11.74996,80907.68960575185,0.0962092692616876,0.06185281104922091
SAT,1851-04-07,1.15987294696,8.20733,12.178,95243.30324848086,0.1878174451195489,0.155089400889439
SAT,1852-04-13,1.49618066936,8.19653,12.43255,120343.82884927065,0.28507294877605127,0.26513104700658774
SAT,1853-04-19,1.6538435004,7.92703,12.59345,131325.68917969262,0.09049122850122981,0.08021238021323107
SAT,1854-04-25,1.72418655188,7.85863,12.77241,134993.04766132624,-0.0010287979801738567,-0.01186164207973428
SAT,1855-05-01,1.96796756,7.69008,12.98064,151607.89914827005,0.09736205847580948,0.08382656111933295
SAT,1856-05-07,2.02363811208,7.92661,13.04282,155153.41866866214,-0.028228209172484475,-0.031636183475459934
SAT,1857-05-13,2.0284373272800003,7.94872,13.077379999999998,155110.3758765135,0.020476043134346922,0.01881070966221965
SAT,1858-05-19,2.23375962992,8.13244,13.24954,168591.48543421132,0.06020049134630612,0.04933097350231552
SAT,1859-05-25,2.35434641884,8.69202,13.41967,175439.9637874851,0.026725706124495208,0.016686472837905697
SAT,1860-05-31,2.32453637468,8.8703,13.658829999999998,170185.614337392,0.008979709302738614,-0.0050669987802623995
SAT,1861-06-06,2.6105929772,8.99621,13.92209,187514.44482832678,0.10748563646034648,0.09169916777194453
SAT,1862-06-12,2.6156714896,9.03648,14.21482,184010.17315731046,-0.02083056567507746,-0.03717002196664576
SAT,1863-06-18,2.79417196136,8.9129,14.51715,192473.86445411117,0.037011123658668765,0.020665935836271965
SAT,1864-06-24,2.7812545592,9.04111,14.93872,186177.56803795774,0.03885481765189969,0.018131375091375412
SAT,1865-06-30,3.1525138314800003,9.03767,15.22047,207123.29063951375,0.10627707585381341,0.09161794209143626
SAT,1866-07-06,3.43567760692,9.42287,15.471549999999999,222064.21508640054,0.06108732052914023,0.04816580412073623
SAT,1867-07-12,3.68534990252,9.40956,15.71773,234470.87477135693,0.06191170140878577,0.04893530667561441
SAT,1868-07-18,3.89960903644,9.81814,15.96393,244276.2550600009,0.037858298773034926,0.025767531318853898
SAT,1869-07-24,3.9611799396,9.86856,16.18179,244792.44506324703,0.019448240680930207,0.009354877968675623
SAT,1870-07-30,3.82455074976,10.23676,16.44177,232611.86294176354,0.022387911271996908,0.010157387799458961
SAT,1871-08-05,3.98045658244,10.37219,16.68636,238545.52954868527,0.028537473289696358,0.017038629612579514
SAT,1872-08-11,4.0699429274400005,10.53285,17.03051,238979.50956489268,0.01717269323565218,0.0019645939333428064
SAT,1873-08-17,4.23149067744,10.92512,17.38872,243346.87529846936,0.031512940939870004,0.015631881689516014
SAT,1874-08-23,4.1266594434,11.34522,17.74636,232535.54212807587,-0.012354562585957019,-0.027035861498224012
SAT,1875-08-29,4.1866459128,11.49295,18.19206,230135.889657356,0.0012762339440715031,-0.017435265126673594
SAT,1876-09-04,4.39962307044,11.63411,18.60925,236421.2996461437,0.026008046642842286,0.008274953953403053
SAT,1877-09-10,4.71496645412,11.97161,19.08537,247046.1119758223,0.06059066580244554,0.03955376538083777
SAT,1878-09-16,4.70758556736,11.94884,19.45406,241984.7356983581,0.009445770850144974,-0.0049677142677637676
SAT,1879-09-22,4.8544911688,11.92909,19.81192,245028.80936325202,0.024614792053637924,0.0104629459976322
SAT,1880-09-28,4.82482067912,11.98837,20.19457,238916.73252364376,-0.002182654716678334,-0.016514655921549104
SAT,1881-10-04,4.91691853848,12.06795,20.57133,239018.01869300622,0.00929403347212765,-0.005155065833000183
SAT,1882-10-10,4.96530076224,12.10252,20.91731,237377.59598342233,0.02626997262708275,0.013514897612116439
SAT,1883-10-16,5.11265514292,12.07909,21.2462,240638.5679754497,0.01315886714184411,0.001511051556473797
SAT,1884-10-22,4.97627570856,12.03959,21.5508,230909.09425914584,-0.023500625117762852,-0.03409046666741633
SAT,1885-10-28,5.214098664320001,12.15531,21.87343,238375.90466241466,0.05022438232712023,0.038627235962057194
SAT,1886-11-03,5.40009751736,12.25002,22.15626,243727.84564542933,0.025511645569810337,0.015540408214259838
SAT,1887-11-09,5.298353603400001,12.22399,22.45382,235966.6908971391,-0.01576470742415148,-0.02573836747536906
SAT,1888-11-15,5.3625045864,12.37409,22.76037,235607.09190579943,0.0010533509245620465,-0.009003227163384087
SAT,1889-11-21,5.5299150909599994,12.48128,23.09485,239443.6461358268,0.019967632389325196,0.00863306790395768
SAT,1890-11-27,6.01209945544,12.65559,23.42773,256623.21767580553,0.08286401244526131,0.07130748428936284
SAT,1891-12-03,5.87045909892,12.62522,23.77672,246899.45034134228,-0.0074030106354547875,-0.018412692638531847
SAT,1892-12-09,6.1025016702,11.64257,24.10279,253186.5261324519,-0.019005864170852482,-0.0293164902002232
SAT,1893-12-15,5.80280173668,11.40354,24.40784,237743.3536388308,0.01609524065945611,0.0064226098033290935
SAT,1894-12-21,5.93129299776,11.53782,24.71032,240033.03064306735,-0.0114226553085649,-0.020448718896816986
SAT,1895-12-27,5.85041847052,11.5163,25.01354,233890.0639621581,-0.0024979518988572647,-0.011759265017819986
SAT,1897-01-02,6.02882782008,11.52374,25.32055,238100.19213958623,0.007976571476508099,-0.0012089125196844686
SAT,1898-01-08,6.34842181948,11.2819,25.60507,247936.12434881058,0.04782657803297807,0.03885574321964769
SAT,1899-01-14,6.209768449559999,11.19918,25.82592,240447.13410248308,-0.0004730598588140733,-0.007004412690712725
SAT,1900-01-20,6.444521176079999,11.26171,26.04958,247394.4369191365,0.018769328565277243,0.012261823902039337
SAT,1901-01-26,6.30735751308,11.31974,26.26432,240149.27906300256,-0.006005322962186144,-0.012183271035988708
SAT,1902-02-01,6.52944377176,11.30849,26.46098,246757.44329046016,0.01658559466116527,0.010896844794321181
SAT,1903-02-07,6.77760190744,11.64763,26.69757,253865.87271575656,0.03469616294270872,0.028353699134683774
SAT,1904-02-13,6.99318311952,12.67242,27.20173,257085.9691468153,0.03088518882419833,0.01605590830747694
SAT,1905-02-19,6.84583931356,12.73405,27.63543,247719.65963837,-0.036802442705997085,-0.0479665769349803
SAT,1906-02-25,7.8110507592000005,12.04649,27.997919999999997,278986.8232783007,0.0754561668732252,0.06513479400319744
SAT,1907-03-03,8.01348548988,12.0477,28.33762,282786.1157669557,0.02353532535007874,0.014159474075341683
SAT,1908-03-09,8.1245516716,12.17143,28.60523,284023.2947471494,0.008985024683167753,0.0021006326201047365
SAT,1909-03-15,8.815709811480001,12.42776,28.907329999999998,304964.51285815745,0.07057572749253138,0.06191019082995286
SAT,1910-03-21,9.201259793439998,12.40519,29.17824,315346.6348018249,0.035074982072311744,0.027865773272357508
SAT,1911-03-27,9.65584531236,12.47217,29.472910000000002,327617.6431970918,0.03694105585809271,0.029115559167119498
SAT,1912-04-02,11.14805474536,12.84861,29.77289,374436.4334587606,0.07288659180539026,0.06470490352821257
SAT,1913-04-08,11.44126228752,13.00235,30.30542,377531.8833238411,-0.011131076810572682,-0.023491122460348013
SAT,1914-04-14,12.50355678884,13.24936,30.79847,405979.8031798333,0.0713443234145581,0.05670498893241893
SAT,1915-04-20,11.48473310764,13.42053,31.39352,365831.3278549204,-0.028902590121162808,-0.04289495946199784
SAT,1916-04-26,13.70203100396,13.67659,32.35577,423480.29436357104,0.05989857810851529,0.03762450319414956
SAT,1917-05-02,12.25467809488,13.97894,33.27354,368301.0011823209,0.006504963870645364,-0.01425829636827336
SAT,1918-05-08,12.70040548192,13.59164,33.94794,374114.17252180836,0.037277157796681726,0.02136565918412825
SAT,1919-05-14,12.43487287744,12.77256,34.73126,358031.1476589102,-0.017252882381605494,-0.03383443732883362
SAT,1920-05-20,13.75223924048,12.2498,35.58217,386492.4269790179,0.032168317543389335,0.01353295059816384
SAT,1921-05-26,13.50007688848,12.63664,36.62784,368574.2017132324,0.05409358338272563,0.031139155420319975
POR,1837-01-20,3.45786696476,8.57314,61.19409986067808,56506.54185015549,0,0
POR,1838-02-02,3.53988023844,8.77724,61.20718,57834.39522029932,0.043116783310024775,0.04493783188402123
POR,1839-02-01,3.80611197824,8.69664,61.20718,62184.076741323486,0.06440591003896445,0.06530850016811507
POR,1840-02-14,4.33487324816,8.82717,61.20718,70822.95325744463,0.0721439184336865,0.06706835236624564
POR,1841-02-27,4.29621740704,8.81356,61.1063907798387,70307.17003920127,-0.0034611758701158513,-0.00041122805717430655
POR,1842-02-19,4.3789681624,8.58236,61.20718,71543.37387215029,0.03544706543796483,0.035539259767209064
POR,1843-02-25,4.20243885568,8.92686,61.207179999999994,68659.24644265592,-0.04741080387635399,-0.04624066979553232
POR,1844-03-10,5.55532355716,9.03979,61.20718,90762.61244448772,0.17573637841739576,0.18706852173834787
POR,1845-03-09,5.32201337096,9.0203,61.20718000000001,86950.80170267605,-0.043121731999010704,-0.039260685958237174
POR,1846-03-22,5.75831285432,9.14658,61.20718,94079.04194115788,0.08238442707054539,0.07967418503155543
POR,1847-04-04,6.01830709168,9.14289,75.05301,80187.41808862828,0.03693973793733707,-0.15518649187888278
POR,1848-03-27,6.41933621108,9.17633,75.05301,85530.69638486185,0.016922922790286732,0.015260158113426181
POR,1849-04-02,6.5980340555999994,9.18945,75.05301,87911.65145275318,-0.0030605041126369192,-0.005220017505555896
POR,1850-04-15,6.97774787112,9.28342,75.05301,92970.92643079872,0.03857102694545422,0.03734376337965162
POR,1851-04-14,6.78523327144,9.30957,75.05301,90405.87807790787,-0.03728075407219067,-0.03770713690555072
POR,1852-04-27,6.834547440240001,9.26931,74.53465961328055,91696.23200401956,0.010251585681397613,0.010841986222786426
POR,1853-05-10,6.81334373512,8.97392,75.05301,90780.41953440642,-0.016639671831645386,-0.016907321962123856
POR,1854-05-02,7.02075224916,9.08721,75.05301,93543.91315098488,0.021830055497085388,0.021040267554791603
POR,1855-05-08,7.350196555,9.238,75.05301,97933.40140522012,0.018318847725627085,0.019141534155951767
POR,1856-05-21,7.703248956,9.23159,75.42532983831342,102130.79574876477,0.012942374734363105,0.013764592587773405
POR,1857-05-20,7.98860139532,9.23335,75.05301,106439.45386494159,0.03926520492383201,0.039685170534958125
POR,1858-06-02,7.94289342132,9.2219,75.05301,105830.44465931479,0.002702187078461593,0.0021467692469372412
POR,1859-06-15,8.02068836296,9.14543,75.05301,106866.97792613514,0.010477687559430127,0.011068114255900596
POR,1860-06-07,8.240868943319999,9.19668,75.05301,109800.64548137377,0.041123017763167846,0.04080922022267175
POR,1861-06-13,8.894969082480001,9.17664,75.05301,118515.82078426969,0.07143930798771803,0.06862464909197596
POR,1862-06-26,8.7981202634,9.18196,75.05301,117225.4152551643,-0.005298223813826608,-0.004929379828536473
POR,1863-06-25,9.347785360160001,9.18366,76.16498028546353,122730.75270452179,0.04266333981585202,0.04398552412644707
POR,1864-07-08,9.497307668160001,9.08977,75.05301,126541.32949711145,0.03460520286305413,0.033424242773988144
POR,1865-07-21,9.48752102012,9.15492,75.05301,126410.93302080757,-0.011335966326866176,-0.013213216161319652
POR,1866-07-13,6.03250910184,10.1897,75.05301,80376.64447888233,-0.18195449551882026,-0.17509856914540534
POR,1867-07-19,6.89105249144,10.26761,95.03503856163744,72510.65076351423,0.11388920711516626,-0.1239484657199138
POR,1868-08-01,8.297800797,9.849,95.7546,86656.94177616533,0.17311791237349783,0.1766704201871332
POR,1869-07-31,8.55952009016,10.06729,95.7546,89390.17123104268,0.001151725515406321,0.0008638312543285398
POR,1870-08-13,9.07140433316,10.38426,95.7546,94735.96394491753,0.025566902172335704,0.030356656649144442
POR,1871-08-26,9.73251223204,10.33851,99.71738939783852,97600.95296127921,0.05956456840679403,-0.005862898804902095
POR,1872-08-18,9.65940499056,10.33995,103.04798,93736.965931404,0.0046195975808498435,0.006267669278611665
POR,1873-08-24,10.81627377428,10.24719,106.21119,101837.42197295785,0.07044304307795879,0.044249900728845715
POR,1874-09-06,11.34292664492,10.11787,106.21119,106795.96608342305,0.03321446952217544,0.03107065054240299
POR,1875-09-05,10.284640437759998,10.53107,106.21119,96831.98576119897,-0.03873653301349134,-0.04178698015787474
POR,1876-09-18,10.5958491054,10.5333,106.21119,99762.07879226285,0.011305168748467098,0.010550720363031507
POR,1877-10-01,11.327946623239999,10.20754,89.94313,125945.65725297751,0.05734792789424881,0.14315084939854406
POR,1878-09-23,11.49293035644,10.21743,92.28626,124535.66063290462,0.0090073629221894,-0.01693165756095394
POR,1879-09-29,11.35331894424,10.15675,94.62355,119984.07314289096,-0.011651598244602046,-0.016012243707809737
POR,1880-10-12,12.06280160332,10.23926,94.62355,127482.02327348743,0.031481084263981884,0.03327784566269454
POR,1881-10-11,11.97290742804,10.19405,96.61627,123922.26928280298,-0.016706427838088733,-0.02239541689517066
POR,1882-10-24,12.38797666912,10.17527,97.4979732654985,127058.81213946958,0.044426419696065755,0.01134025256157778
POR,1883-11-06,12.10832024064,10.32181,99.30681,121928.39786757826,-0.01671057647518237,-0.012988291823117781
POR,1884-10-29,13.30034331548,10.38332,103.14873,128943.3550512934,0.0561510057525747,0.015635150173830326
POR,1885-11-04,13.22351086732,10.64851,104.46525,126582.86719574212,0.0029592529741211404,-0.009119621046597026
POR,1886-11-17,14.2607793016,11.22993,99.22395082149056,143723.1553826751,0.07367107165988407,0.07347194910784682
POR,1887-11-16,13.8727117204,11.06567,104.46525,132797.38209978916,-0.014351392559707632,-0.017333119995609048
POR,1888-11-29,14.38298670224,10.86432,106.03598382344127,135642.50722838455,0.026334580858583756,0.017926827163275316
POR,1889-12-12,14.83757488148,10.6869,120.90663,122719.28248665933,0.03666022815228276,-0.08135267672427349
POR,1890-12-04,15.720044355599999,10.99991,120.90663,130018.05075205553,0.04416519061948865,0.041746289364055
POR,1891-12-10,16.4199736168,10.96338,106.09477,154767.04098420686,0.029259202654095873,0.15872915996284487
POR,1892-12-23,16.68261204012,11.15933,106.09477,157242.54871488953,0.00145556770579236,0.00019048312655400856
POR,1893-12-22,16.72849106032,11.20477,106.09477,157674.983039409,0.01197459714483462,0.004316620374726465
POR,1895-01-04,17.04022092968,11.3213,106.09477,160613.2039277714,0.00945469058596693,0.006959177151186546
POR,1896-01-17,16.514377334000002,11.48296,106.09477,155656.8465533221,-0.022728180837470524,-0.02137966730424945
POR,1897-01-09,17.66561549168,11.4556,106.09477,166507.882449625,0.034608797942189407,0.03497659453740254
POR,1898-01-15,17.93115581296,12.03575,106.09477,169010.74212197264,0.035757115614318824,0.03511753123938899
POR,1899-01-28,19.073011566959998,12.1375,106.09477,179773.34384117145,0.02036603621392641,0.01910485471605239
POR,1900-01-27,19.781714655560002,12.34073,106.39445308946642,185928.06373961698,0.009036346841800214,0.0007531951771171386
POR,1901-02-09,20.24858284956,12.61662,106.09477,190853.73246541747,0.004926452423136274,0.0007709978586547539
POR,1902-02-22,20.022995694,12.59378,106.09477,188727.4527669931,-0.0016110129866037104,-0.0029536507433920445
POR,1903-02-14,21.187750907439998,12.41366,106.09477,199705.89414954197,0.042570994722993305,0.0423957511917985
POR,1904-02-20,20.92891392696,12.19402,108.05801589960201,193682.1970376108,-0.036312722022717514,-0.037587100778383675
POR,1905-03-05,21.42102329692,12.56347,106.09477,201904.61129158395,0.0203482173680114,0.019793229305703264
POR,1906-03-04,22.89052454208,12.78579,122.47380000000001,186901.39884677375,0.04083255419975962,-0.08726336624884068
POR,1907-03-17,25.075637786159998,12.7987,122.4738,204742.8738731059,0.05487680590330357,0.05272700985365808
POR,1908-03-30,25.34269598224,13.06365,122.47380000000001,206923.40714699795,0.040967995205172913,0.04017406989044736
POR,1909-03-22,23.772047847600003,13.80867,122.4738,194099.04687859773,-0.02888329114351451,-0.024611041536812595
POR,1910-03-28,24.36413543148,13.85933,122.4738,198933.44888033197,0.03152909410495974,0.0317366328570714
POR,1911-04-10,25.73175375108,14.01636,122.4738,210100.06834996547,0.04789461722734156,0.045481895749516
POR,1912-04-09,25.7194843698,14.2582,122.4738,209999.88870925864,-0.000020140742349572527,0.0029376828729290594
POR,1913-04-22,26.329646507320003,14.24613,122.4738,214981.86965146833,0.011168318899217988,0.013387498308534918
POR,1914-05-05,27.74987485296,14.26773,122.9569,225687.82112236077,0.031326455087835825,0.02791976305909749
POR,1915-04-27,29.109725793200003,14.52343,125.67894,231619.7589922385,0.030004858635999776,0.007189182505711544
ASH,1837-01-20,0.32638150272,6.96925,12.029810546832861,27131.05925063199,0,0
ASH,1838-01-19,0.35955059868,6.72467,11.88308,30257.357409021904,0.11967978191882778,0.1266527480013664
ASH,1839-02-01,0.35755358600000003,6.72723,11.88308,30089.30226843546,-0.008897896501398272,-0.008925079356099763
ASH,1840-02-14,0.4437897568,6.63981,11.88308,37346.35774563497,0.24032352713722438,0.2430091512100414
ASH,1841-02-06,0.36156918979999997,7.07173,11.88308,30427.22844582381,-0.16084468105158112,-0.1502062515552739
ASH,1842-02-12,0.36092378972,7.0722,11.88308,30372.915920788215,-0.0010936300652699682,-0.000890149543763985
ASH,1843-02-25,0.45689299604,6.64554,11.88308,38449.03813152819,0.27526016919567176,0.27590077174522265
ASH,1844-02-24,0.4196396932,7.5494,11.838427399609103,35447.24979382449,-0.06715202587879288,-0.06610873013627383
ASH,1845-03-09,0.50529446032,6.79766,11.88308,42522.17946189035,0.2049307977036059,0.20441399170655972
ASH,1846-03-22,0.43966225575999995,7.58346,11.88308,36999.01504997021,0.005618559045322158,0.016799654530144315
ASH,1847-03-14,0.44233545876,7.57591,11.88308,37223.97381486955,0.004753654553855791,0.00463197787277525
ASH,1848-03-20,0.48192243112000005,7.47849,11.90370255081571,40485.08680914376,0.07512168591849866,0.07498269511716815
ASH,1849-04-02,0.55833208132,7.01639,11.88308,46985.4685249952,0.14583946355213784,0.14526201494164037
ASH,1850-04-01,0.5695123236399999,6.71166,11.88308,47926.32243829041,0.001493536197774592,0.003033653827253291
ASH,1851-04-14,0.57611428888,7.53004,11.88308,48481.89937962212,-0.07770004874361924,-0.07314095838255441
ASH,1852-04-27,0.53367668276,7.57066,11.88702278478353,44895.73986878822,-0.009074559864912568,-0.002399013584268639
ASH,1853-04-19,0.60938187232,6.80422,11.88308,51281.47520003231,0.13966586562874395,0.13964557209165274
ASH,1854-04-25,0.5161615576,7.57602,11.88308,43436.68119713071,-0.061929047835666995,-0.06649270344759262
ASH,1855-05-08,0.52079922492,7.59098,11.88308,43826.95605179802,0.00786645229807581,0.007969814695434119
ASH,1856-05-07,0.59429745596,7.17832,11.88308,50012.07228765607,0.035651460151271186,0.03374967350493119
ASH,1857-05-20,0.50010404028,7.88479,11.88308,42085.388660179015,-0.03271995941542172,-0.025864528250544305
ASH,1858-06-02,0.50289812768,8.15573,11.88308,42320.52024222676,0.002855989456277186,0.002997657990159608
ASH,1859-05-25,0.51690503696,8.28038,11.88308,43499.247413970115,-0.09214347629687558,-0.09104650799413316
ASH,1860-05-31,0.52934729276,8.27713,11.88308,44546.303884178174,0.022747387685080334,0.02338898827013436
ASH,1861-06-13,0.53572212304,8.29195,11.88308,45082.76667665286,0.01882910489846612,0.016485628093497295
ASH,1862-06-12,0.54096806712,8.29761,11.88308,45524.230007708444,0.006924211661162749,0.008094346315197676
ASH,1863-06-25,0.54221085828,8.31152,11.804607658376854,45932.13717655692,0.006915089857912671,0.0066484838203377805
ASH,1864-07-08,0.54560924548,8.64485,11.88308,45914.80032786113,-0.0010507259347898312,-0.001960815850547637
ASH,1865-06-30,0.62773585836,7.91871,11.88308,52826.02308155798,0.11659630409769184,0.11626293897026607
ASH,1866-07-06,0.71898760284,9.62961,11.88308,60505.155468110956,-0.03785583853688368,-0.03770088219132495
ASH,1867-07-19,0.78421318976,9.39479,14.328827504423643,54729.75297650105,-0.13838093918968608,-0.14770144213780012
ASH,1868-07-18,0.734877559,8.41377,11.88308,61842.34718608307,-0.01454666639474933,-0.00813569509360157
ASH,1869-07-31,0.86902234276,9.25074,11.883079999999998,73131.06894508832,0.12015228809669476,0.1233819574984214
ASH,1870-08-13,1.86068384268,8.82275,11.88308,156582.62358580437,0.6316082010455568,0.6752858419462622
ASH,1871-08-05,2.94265356996,9.61637,11.88308,247633.91056527433,0.6741879563812576,0.6724978327943962
ASH,1872-08-11,3.8991404550800004,9.5045,11.88308,328125.40646701027,0.36411082782343707,0.34118262434821833
ASH,1873-08-24,3.9111683941199997,10.30826,11.88308,329137.5968284317,-0.027910104728909202,-0.020672057130245003
ASH,1874-08-23,4.4193679842,10.65626,11.97932661880726,368916.22749994113,0.06324120411864986,0.05799746012796225
ASH,1875-09-05,4.54663531192,10.7486,11.88308,382614.21381661994,0.015387524436504929,0.013668879651909105
ASH,1876-09-18,4.75441866432,11.43659,11.88308,400099.8616789587,0.03255539704318089,0.03391976955927034
ASH,1877-09-10,4.83895605648,11.47402,11.88308,407213.9593842674,-0.028583305367535172,-0.026835681908147557
ASH,1878-09-16,4.77075176656,11.45907,11.782119480999894,404914.5634835413,-0.011920932904394776,-0.01076507323109388
ASH,1879-09-29,4.8239142718000005,11.46766,11.88308,405948.14406702644,0.020212831697823175,0.020745868943358836
ASH,1880-09-28,4.93010579724,11.60569,11.9393648073977,412928.6504576255,0.018432567086638763,0.02029405831316544
ASH,1881-10-11,4.71159350636,11.6715,11.88308,396495.9847413297,0.020578051085553994,0.027425972363793294
ASH,1882-10-24,4.916479484280001,11.64379,11.864314915717912,414392.1936669618,0.036867376734522006,0.037965474920229614
ASH,1883-10-16,5.05325447224,11.66482,11.88308,425247.8711108568,0.0166184192264045,0.01642910059561742
ASH,1884-10-22,5.2696462322399995,11.70169,11.865858110564067,444101.57134345645,0.04703467868224176,0.048540226052031565
ASH,1885-11-04,5.4768613588,11.63682,11.88308,460895.77439519047,0.03515298817452561,0.03614435027965257
ASH,1886-11-03,5.566285822239999,11.60051,11.88308,468421.1351131188,-0.005683784356053545,-0.0024198281808678335
ASH,1887-11-16,5.16422315396,11.61376,11.88308,434586.24817471567,-0.02275050085108976,-0.015337913319131813
ASH,1888-11-29,5.59756790112,11.80868,12.01382441493593,465927.22748311044,0.0659739014938634,0.06938667607486693
ASH,1889-11-21,6.09144762876,12.41956,11.88308,512615.2166576342,0.05298676407266356,0.05372930569868273
ASH,1890-11-27,6.355547476200001,12.63449,11.88308,534840.0815445154,0.06107482637391648,0.061637851806438215
ASH,1891-12-10,6.47422921912,12.72156,11.88308,544827.5379043143,0.01372392556105484,0.012231003559957765
ASH,1892-12-09,6.44763142036,12.92602,11.88308,542589.246252655,-0.0032531760616559824,-0.003266450238667118
ASH,1893-12-22,7.0080345810799995,12.7891,11.88308,589749.0028746756,0.05415573305046739,0.0602713663838248
ASH,1895-01-04,6.89893732112,12.7758,11.88308,580568.1120652222,0.0010255477527238988,0.00688458246939061
ASH,1895-12-27,7.47646721744,12.44903,11.88308,629169.1394352306,0.0769286514614167,0.07551191120455703
ASH,1897-01-02,7.65173618976,12.31988,11.88308,643918.5960003636,0.0012641161359645547,0.0028276351245759557
ASH,1898-01-15,7.2754012791200005,12.30966,11.88308,612248.7839112419,-0.05327455578804896,-0.05217373797523717
ASH,1899-01-14,8.08141303008,12.68506,11.88308,680077.3057220855,0.09292427745615961,0.0893339878152899
ASH,1900-01-27,8.47967568084,12.77059,11.863532453909219,714768.1952052835,0.022084217296157282,0.019965768831269992
ASH,1901-02-09,8.25446009492,12.61828,11.88308,694639.7815145568,-0.030606815554768185,-0.026430490909496673
ASH,1902-02-01,8.124815114,12.64003,11.88308,683729.7328638703,0.004964645381803967,0.004542311462334192
ASH,1903-02-07,8.31838991568,12.73544,11.88308,700019.6847685954,0.027266273000323915,0.031734887061332984
ASH,1904-02-20,8.677272345039999,12.86969,11.729466157157429,739784.0812853232,0.04438477258875029,0.04646042541253026
FTJ,1837-01-13,0.15169787308,6.65637,4.2406,35772.738074800734,0.5347746755677036,0.526833675078795
FTJ,1838-01-19,0.09796593248,9.51978,4.27993,22889.610923543143,-0.2996075053250772,-0.3043616986921147
FTJ,1839-01-25,0.0992260984,9.4955,4.35259,22797.023932876746,-0.0029229983138288063,-0.015077229989190477
FTJ,1840-01-31,0.1003958098,9.44563,4.42114,22708.127270342036,0.010253057455351211,-0.0018543042548969657
FTJ,1841-02-06,0.1003720276,9.35088,4.49114,22348.897518224774,0.004409555049741387,-0.007201678885050966
FTJ,1842-02-12,0.10547545059999999,8.83998,4.534,23263.222452580503,-0.17022536573902147,-0.17542935029215012
FTJ,1843-02-18,0.10524039604,9.25687,4.59035,22926.442654699535,0.00242370668185532,-0.007000232192016509
FTJ,1844-02-24,0.10947725879999999,9.18502,4.6565,23510.632191560184,0.03042397428821464,0.019789091853603225
FTJ,1845-03-02,0.11370778588,7.62758,4.68942,24247.729117886644,0.17858777663050018,0.17222543898759812
FTJ,1846-03-08,0.11587917432,8.33857,4.73128,24492.14046093235,0.00405520494118683,-0.0027653879589082386
FTJ,1847-03-14,0.11588889988,7.48112,4.76821,24304.48740302965,-0.003945316653668596,-0.00966736587764061
FTJ,1848-03-20,0.11370061872,7.41393,4.79183,23728.015960499433,-0.0012245279242030227,-0.005028650850258387
FTJ,1849-03-26,0.14966841136,5.93393,4.804,31154.956569525395,0.3124779876276078,0.30986502977289065
FTJ,1850-04-01,0.12858222624,6.71685,4.81022,26731.04894162845,-0.06997953700809312,-0.07119704548239614
FTJ,1851-04-07,0.12905622183999998,6.68483,4.81974,26776.59413993286,0.0009733290988971355,-0.0005495826675577797
FTJ,1852-04-13,0.12884059188,6.68579,4.82993,26675.45738344034,-0.0067084000893608,-0.008228164562001039
FTJ,1853-04-19,0.16278614612,5.85776,4.82411,33744.28570658629,0.14008288568337335,0.14135657871149543
FTJ,1854-04-25,0.12657629712000001,6.65787,4.82615,26227.17841757923,-0.21842183948101734,-0.21869405923596252
FTJ,1855-05-01,0.1277351946,7.32539,4.84969,26338.83703906848,0.00049962786378277,-0.002988390553652076
FTJ,1856-05-07,0.1286022218,6.58354,4.85673,26479.178747840626,-0.002410619547034032,-0.003435487626080258
FTJ,1857-05-13,0.13777432604,6.64723,4.85401,28383.609848352193,-0.0487829136528628,-0.04792042304936783
FTJ,1858-05-19,0.13916853236,6.66871,4.86182,28624.780917434215,0.0017472023119606828,0.0005690429101357086
FTJ,1859-05-25,0.13939088696000002,6.65735,4.86918,28627.17890075947,0.0006231704342183342,-0.0004897787080850868
FTJ,1860-05-31,0.14004978416000002,6.65901,4.88309,28680.5658220512,0.004687891011722067,0.0025539576153026378
FTJ,1861-06-06,0.16488765487999998,5.88681,4.89555,33681.12977704241,0.06247839362709562,0.060264204177929326
FTJ,1862-06-12,0.17776148728,5.9275,4.89411,36321.514489866386,0.010068760917397723,0.01036972230052613
FTJ,1863-06-18,0.16468660884,6.05541,4.901880000000001,33596.62187568851,-0.06466603903494628,-0.06611254777425657
FTJ,1864-06-24,0.16088249944000002,6.55216,4.905709999999999,32794.946998497675,-0.018977341908693157,-0.01944223536848999
FTJ,1865-06-30,0.1631121414,6.05908,4.91319,33198.82630225983,0.015894365264380594,0.014745122793518917
FTJ,1866-07-06,0.16292519047999998,6.06687,4.915400000000001,33145.866151279646,-0.001419456913870465,-0.0017518647061637305
FTJ,1867-07-12,0.16317489344000002,6.09874,4.91728,33183.97435980868,0.0015018878322059503,0.0011625709712870247
FTJ,1868-07-18,0.16287765208,6.08765,4.92009,33104.60826529596,-0.0016129874943635603,-0.00197042052170604
FTJ,1869-07-24,0.16332743804,6.08709,4.92218,33181.93118496276,0.0017691509387294246,0.0014093331814071242
FTJ,1870-07-30,0.16329961752,6.09135,4.92438,33161.457385498274,0.0005283004337737207,0.00017975473520448482
FTJ,1871-08-05,0.16332047056,6.10471,4.927009999999999,33147.98844735448,-0.0001713343926268429,-0.0005145863734593581
FTJ,1872-08-11,0.16337160372,6.09855,4.92845,33148.678330915405,0.00025380393637242094,-0.0000042430098419199425
FTJ,1873-08-17,0.1663453064,8.60327,4.952540000000001,33587.877412398484,0.022229850051255218,0.018543447090413112
FTJ,1874-08-23,0.17008767516,8.6007,5.00995,33949.97458258067,0.02130636217592219,0.012908370285673598
FTJ,1875-08-29,0.19046488032,8.38721,5.060740000000001,37635.77664926473,0.13088988704760052,0.1219147733414836
FTJ,1876-09-04,0.16831613916,8.46746,5.11045,32935.67868974356,-0.0028743248218329187,-0.010450374586204458
FTJ,1877-09-10,0.17794821616,8.48395,5.16348,34462.84601857662,0.03284933423219871,0.025295517509002607
FTJ,1878-09-16,0.14996999056000002,8.32572,5.21803,28740.729846321316,-0.14860811849917976,-0.15579542442305383
FTJ,1879-09-22,0.15901075424,9.0352,5.27943,30118.92462633277,0.06505646143387178,0.05537185477260431
FTJ,1880-09-28,0.15652385684,9.87896,5.34603,29278.5219761206,-0.007150216568377776,-0.01606886537111507
FTJ,1881-10-04,0.16292053128,9.85843,5.41438,30090.339296466074,0.03534039710637793,0.025141561001641888
FTJ,1882-10-10,0.16593007235999999,9.78258,5.48646,30243.558206931244,0.015006695890060318,0.005407002092597812
FTJ,1883-10-16,0.16244490756,9.74797,5.55213,29258.123920009075,-0.0254541149635108,-0.03447231443294174
FTJ,1884-10-22,0.16930754932,8.96216,5.61326,30162.071473617823,-0.005920779525310449,-0.014220073526401866
FTJ,1885-10-28,0.17628237951999998,7.99386,5.6733,31072.28236123596,0.047812064203193394,0.03949588868084941
FTJ,1886-11-03,0.17665182808000002,7.95083,5.71135,30929.96018104301,0.00367801294876835,-0.001532074165561892
FTJ,1887-11-09,0.18087313088,7.94662,5.74963,31458.220942912852,0.01628427018406109,0.011056773144944243
FTJ,1888-11-15,0.18558279844,7.94676,5.78972,32053.846894150323,0.015736132633175526,0.010636778981672368
FTJ,1889-11-21,0.19724651908,7.74496,5.82523,33860.726371319244,0.0643011673138898,0.0592023086632647
FTJ,1890-11-27,0.1978849002,7.75054,5.85698,33786.166283647886,0.009236815484827243,0.005083778866896038
FTJ,1891-12-03,0.19638775312,7.71458,5.890220000000001,33341.32733921653,0.0009808272918219174,-0.003198919642802611
FTJ,1892-12-09,0.19614622975999998,8.34019,5.92244,33119.158617056484,-0.02285713690931368,-0.02689563661203065
FTJ,1893-12-15,0.18220490808,8.32737,5.97227,30508.48472691288,-0.029728496919966485,-0.03552241426884284
FTJ,1894-12-21,0.19408271272000002,8.32731,6.01855,32247.420511585016,0.07321132092729288,0.06677238813973618
FTJ,1895-12-27,0.19511987143999998,8.23127,6.06295,32182.332270594346,-0.00020197661714183024,-0.005872739887766043
FTJ,1897-01-02,0.18444824892,7.59639,6.10411,30217.058493375775,-0.04915360928470447,-0.05385459017141425
FTJ,1898-01-08,0.18353580076,7.56619,6.13203,29930.675609871447,-0.0010188110791427007,-0.0045806330978075405
FTJ,1899-01-14,0.18589918100000002,7.54211,6.15953,30180.741225385704,0.005316463557754059,0.0018697681659078924
FTJ,1900-01-20,0.1869681164,7.51989,6.18803,30214.481248474876,0.003969456970689622,0.0006205612789618176
FTJ,1901-01-26,0.18804303907999997,7.17162,6.21055,30278.00099508095,0.003980710152378331,0.001086685916623198
FTJ,1902-02-01,0.20915724128,7.01134,6.227670000000001,33585.15163455995,0.052439494345692506,0.050608563534421114
FTJ,1903-02-07,0.21189008775999998,6.42004,6.234409999999999,33987.19169255792,0.02705612355435849,0.025867491681488275
FTJ,1904-02-13,0.21132364448,6.44997,6.23399,33898.61781619797,0.0017228887417894967,0.0018140919474491923
FTJ,1905-02-19,0.21107066188,6.51577,6.21847,33942.53922267053,-0.00022641878587459363,0.0015620219630092524
FTJ,1906-02-25,0.21007825904,6.69139,6.19295,33922.16294980583,0.004163290325122748,0.007330549560654376
FTJ,1907-03-03,0.1994030974,6.7055,6.17039,32316.125463706507,-0.029239505879869343,-0.02653041660993305
FTJ,1908-03-09,0.20129406596000002,7.5466,6.16068,32674.001240122845,0.01998287809320143,0.021193489869208104
FTJ,1909-03-15,0.20330927968,7.5583,6.15987,33005.44973838734,0.005339484304127229,0.0054381440344797305
FTJ,1910-03-21,0.20526205024000002,7.02607,6.15158,33367.370698259634,0.010016328170972422,0.011137483328877762
FTJ,1911-03-27,0.20563719956,7.02165,6.136739999999999,33509.19210525459,0.001098322447776745,0.0028346237339424984
FTJ,1912-04-02,0.20507395012,7.06282,6.12305,33492.12404275647,-0.00215798612876017,-0.00039180944081862457
FTJ,1913-04-08,0.20833533968,7.22383,6.10406,34130.617929705804,-0.07514949626977219,-0.07275800965604318
FTJ,1914-04-14,0.19767880131999999,7.10809,6.09375,32439.598165333333,-0.03454321474918143,-0.03330399172002496
FTJ,1915-04-20,0.19272049316,7.54592,6.10752,31554.623343026306,-0.017410765732839617,-0.01934599730260078
FTJ,1916-04-26,0.19449739712,7.4629,6.11835,31789.19105968112,-0.01860818776159978,-0.01933848627483059
FTJ,1917-05-02,0.19945523155999997,7.5385,6.13359,32518.513881756033,0.017581582513890748,0.014995642041665258
FTJ,1918-05-08,0.20186930608,7.5322,6.125399999999999,32956.101818656745,0.0031426291256655414,0.004140998815702179
FTJ,1919-05-14,0.21889351016,7.43661,6.1444,35624.87959117245,0.07962111582145082,0.07706583644422316
FTJ,1920-05-20,0.21794887192,7.39775,6.16244,35367.301250803255,-0.005602357211690001,-0.007847962894541372
FTJ,1921-05-26,0.21781299540000001,7.39841,6.17945,35247.95821634612,0.00385625635265896,0.0018171473307542207
MBS,1837-01-27,0.01635558288,8.43363,0.30001,54516.792373587545,-0.06752501866781935,-0.06408647118187827
MBS,1838-02-02,0.0185425214,8.58859,0.30001,61806.34445518483,0.08800507651142198,0.07547846459082219
MBS,1839-02-15,0.01684698444,8.32238,0.30001,56154.74297523416,-0.0916268373073067,-0.09270190888776964
MBS,1840-02-14,0.021324996159999998,9.29536,0.30001,71080.95116829438,0.11675446700053116,0.09768688329476838
MBS,1841-02-27,0.021792644639999997,8.12902,0.2993012642545185,72811.73600879971,0.0195544989690144,0.018954059503229814
MBS,1842-03-12,0.02159431352,7.97298,0.30001,71978.64577847405,-0.03568519848606333,-0.03659885030729926
MBS,1843-03-04,0.018135370760000002,7.7625,0.30001,60449.22089263692,-0.07497172849169342,-0.07560234215137429
MBS,1844-03-10,0.00829444824,6.3605,0.30001,27647.239225359153,-0.455748916255477,-0.45252334258327276
MBS,1845-03-23,0.0073169512,6.54129,0.30001,24389.02436585447,-0.06448511181205419,-0.06579190015857317
MBS,1846-03-22,0.008968589760000001,6.44593,0.30001,29894.302723242563,0.09699616571853764,0.10913260022131732
MBS,1847-04-04,0.00815996012,5.81613,0.30001,27198.960434652177,0.047285142994912155,0.02697163202602626
MBS,1848-04-17,0.007662071560000001,4.88601,0.30001,25539.387220425986,-0.09439664478781484,-0.08616500969811847
MBS,1849-04-09,0.00854527752,6.53317,0.30001,28483.30895636812,0.01666508325019067,0.011134886607554462
MBS,1850-04-15,0.006578481,8.49982,0.30001,21927.5390820306,-0.31099984436471506,-0.3104816545606677
MBS,1851-04-28,0.00772516004,5.8621,0.30001,25749.67514416186,0.21541962185234542,0.2174464762262709
MBS,1852-04-27,0.00611950768,5.71682,0.28703785105035473,21319.514682843906,-0.15154315686718645,-0.15271171203203204
MBS,1853-05-10,0.00885113632,5.69365,0.30001,29502.804306523114,0.39681033886296624,0.42246357805447476
MBS,1854-05-23,0.00858724828,5.69827,0.29720283203492665,28893.56141461951,-0.016970449447631597,-0.02329610874305743
MBS,1855-05-15,0.00888392596,5.86198,0.30001,29612.099463351224,0.04359089546013428,0.0435454720276327
MBS,1856-05-21,0.00875966,6.70889,0.2830099800161121,30951.770674310857,0.07236312742629059,0.07802956541058248
MBS,1857-06-03,0.0093570256,6.94247,0.30001,31189.04569847672,0.03928580505193824,0.03915665322455508
MBS,1858-06-02,0.008666239400000001,6.93981,0.30001,28886.501783273892,-0.06340228545637372,-0.061018544157985244
MBS,1859-06-15,0.00765992448,7.05028,0.30001,25532.230525649145,-0.059199568838438354,-0.04828031948015887
MBS,1860-06-28,0.0098483216,6.32915,0.30201775015458576,32608.419852671577,0.23811999246953275,0.23976330500336407
MBS,1861-06-20,0.00853081424,7.24936,0.30001,28435.099630012333,-0.1370375001150791,-0.12932463723190357
MBS,1862-06-26,0.00922817844,7.24522,0.30001,30759.569481017297,0.09907330934609915,0.09718956340416529
MBS,1863-07-09,0.00780923312,7.33774,0.30001,26029.909403019898,-0.1103443044577288,-0.12181434743019659
MBS,1864-07-08,0.00714674688,6.71622,0.30001,23821.695543481885,-0.05826665701410161,-0.05865824996843627
MBS,1865-07-21,0.0074301744399999994,6.62638,0.30001,24766.422585913802,0.03757614210704907,0.03263254195158183
MBS,1866-08-03,0.007595283279999999,7.27525,0.30001,25316.76704109863,0.03941786600955055,0.03137473495960519
MBS,1867-07-26,0.008724007760000001,7.30078,0.30001,29079.056564781175,0.1376952640979967,0.13575969747997774
MBS,1868-08-01,0.00816861396,7.19211,0.30001,27227.805606479782,-0.07005956273793845,-0.06875088495722947
MBS,1869-08-14,0.01017334812,7.27059,0.30000999999999994,33910.03006566448,0.17388760084719102,0.16727497935399205
MBS,1870-08-13,0.00887951116,6.61456,0.30001,29597.383953868204,-0.1038698752156888,-0.09631843954030517
MBS,1871-08-26,0.01018248244,9.07655,0.3050071669625601,33384.403853204894,-0.10219433737159034,-0.07364491647904381
MBS,1872-09-08,0.00922144808,6.33172,0.30001,30737.135695476816,-0.1111302292684937,-0.11264224709751391
MBS,1873-08-31,0.00915619796,6.3041,0.30001,30519.64254524849,0.02617029044111918,0.023906971888807638
MBS,1874-09-06,0.00999663392,6.6411,0.30001,33321.00236658778,0.06246957239126161,0.06296086375136989
MBS,1875-09-19,0.0099092058,6.61789,0.2993667974046122,33100.55051498284,-0.03651303073869572,-0.036268403270242056
MBS,1876-09-18,0.010035627679999999,6.63356,0.30000999999999994,33450.9772340922,0.013095480659738534,0.02212954962095348
MBS,1877-10-01,0.00985183784,6.9174,0.30001,32838.36485450485,-0.007328001945289042,-0.0010981535943219711
MBS,1878-10-14,0.03008297916,6.45157,0.54965,54731.15466205768,2.490441067350398,0.9077589090909719
MBS,1879-10-06,0.06019509132,5.74124,0.54965,109515.3121440917,1.177116883569739,1.1411729231190972
MBS,1880-10-12,0.041921883119999996,4.30825,1.29669,32329.919348495016,-0.21136507015003947,-0.6645871173246418
MBS,1881-10-25,0.06937937915999999,5.05093,1.29669,53504.98512366101,0.5705568767701577,0.5762067202732164
MBS,1882-10-24,0.07089047056,5.16239,1.7367399086610522,40818.12723164365,-0.22082306714243338,-0.23298777841148421
MBS,1883-11-06,0.12118551328,6.01011,1.69246,71603.17719768856,0.20422032619723107,0.16936478320739368
MBS,1884-11-19,0.14417152464,6.6386,1.69246,85184.59794618483,0.13848022845398344,0.14284537836361477
MBS,1885-11-11,0.1424885384,6.51422,2.2813,62459.36018936571,-0.03762094068885269,-0.28689996118027306
MBS,1886-11-17,0.19001746972,6.68569,2.5709294378940517,73910.02915881296,0.14186847247167944,0.13124463482296855
MBS,1887-11-30,0.15322039356,6.74444,2.2813,67163.63194669706,-0.03623180259760028,-0.042927407514239624
MBS,1888-11-29,0.18996275376,7.5849,2.2739930542127302,83537.0861877,0.06370709717217005,0.05038541621612702
MBS,1889-12-12,0.11529136632,6.86854,2.2813,50537.573453732526,-0.1863472050937438,-0.21973812986568875
MBS,1890-12-25,0.13066893944,6.4008,4.0200092791555075,32504.636274732657,0.00019689564406100146,-0.13091714814051747
MBS,1891-12-17,0.137090018,7.16099,3.78346,36234.03392661744,0.04095595675540098,0.04226778309894419
MBS,1892-12-23,0.17334871944,8.34777,3.78346,45817.510807567676,0.15491067646454892,0.14858336146238327
MBS,1894-01-05,0.19640545652,8.27957,4.15166,47307.69295173497,0.11137559100217675,0.015468259255035255
MBS,1895-01-04,0.19963194836,8.37069,4.15166,48084.85000216781,0.008244676422829667,0.008461425487417795
MBS,1896-01-17,0.20287514,8.50323,4.15166,48866.02949181774,0.008068085339753228,0.00742321181444483
MBS,1897-01-30,0.20767276712,8.60704,4.79686,43293.480968800424,-0.03195203901587007,-0.06708334830512686
MBS,1898-01-22,0.19575608,9.00728,4.79686,40809.21269330354,-0.09588122399970833,-0.09881355109996826
MBS,1899-01-28,0.226858242,9.0247,4.79686,47293.07130080928,0.15680471697512588,0.156830829994421
MON,1837-01-13,0.06725118712,2.91273,1.18448,56776.97143050115,0,0
MON,1838-01-19,0.07971769728,2.70727,1.16282,68555.49206240002,0.4189868506259651,0.43900409629541337
MON,1839-01-25,0.07146147736,2.33483,1.13902,62739.44036101211,-0.05575749384963691,-0.0404504397334583
MON,1840-01-31,0.07733465272,2.29025,1.03029,75061.0534121461,-0.015104629265248026,0.019107880937735855
MON,1841-02-06,0.06017168144,3.66914,0.96489,62361.182559670015,-0.003999370232691701,0.027612969518648223
MON,1842-02-12,0.05723024424,3.64601,0.89128,64211.296382730456,-0.10269875139105433,-0.03283503535226573
MON,1843-02-18,0.05752992024,3.69032,0.87989,65383.08224891748,0.01808439481706592,0.02822741554983965
MON,1844-02-24,0.05456385844,4.54148,0.87498,62360.12073418822,-0.06465242571732144,-0.06085666281151492
MON,1845-03-02,0.0557594648,5.03917,0.86926,64145.89973080551,0.027727311471661187,0.032657986959080176
MON,1846-03-08,0.05715169252,4.41999,0.86471,66093.4793398943,0.02720545775953309,0.031176477686366333
MON,1847-03-14,0.056110586479999995,4.43474,0.86001,65244.10934756572,-0.01265324955762892,-0.008424869689876768
MON,1848-03-20,0.05578038648,4.4582,0.85425,65297.49661106234,-0.01519894498819152,-0.010543509259147932
MON,1849-03-26,0.0569208952,4.49882,0.84705,67198.9790449206,0.0245021052364236,0.03109076710794567
MON,1850-04-01,0.054975285559999996,4.52573,0.84074,65389.163784285265,-0.009030192998497943,-0.0033650309910021603
MON,1851-04-07,0.05509479664,4.53674,0.83589,65911.53936522748,-0.007177067720979813,-0.002806363205736684
MON,1852-04-13,0.0546352482,4.54399,0.83129,65723.4517436755,-0.006779095078389585,-0.0024309365753560908
MON,1853-04-19,0.054158618799999995,4.57277,0.82411,65717.70613146303,-0.005384867124509918,0.0008138530943588851
MON,1854-04-25,0.0534714492,4.62839,0.8146499999999999,65637.32793224085,-0.006194551473757026,0.002775722932929048
MON,1855-05-01,0.051622573080000005,4.33684,0.80374,64227.95068056834,-0.029984208704274873,-0.02015664992054733
MON,1856-05-07,0.05180127472,4.74492,0.7927,65347.89292292167,0.008248434824310591,0.018651468602301158
MON,1857-05-13,0.05119224448,5.03187,0.78202,65461.55402675123,-0.008414943048431822,0.0017034976551781877
MON,1858-05-19,0.05081790064,5.21556,0.77187,65837.38277171027,-0.012903202072276354,-0.0031210780024919504
MON,1859-05-25,0.04953902876,5.32148,0.76241,64976.88744901038,-0.008478846712542287,0.0008988163135945637
MON,1860-05-31,0.05907019664,5.36849,0.75296,78450.64364640885,0.13215304921680504,0.14285656270191294
MON,1861-06-06,0.05834019568,5.48869,0.7442099999999999,78392.11469880813,-0.011072611273521993,-0.0023345353909840494
MON,1862-06-12,0.057511467,6.40922,0.73653,78084.35094293511,-0.006238836335646258,0.0019356129470220473
MON,1863-06-18,0.0571948416,6.38637,0.73292,78036.9502810675,-0.006573825845398562,-0.003089914964762963
MON,1864-06-24,0.03969863248,4.66999,0.72772,54552.07013686583,-0.27427778411088743,-0.2702691440738093
MON,1865-06-30,0.046833150000000004,4.95301,0.72102,64954.02346675543,0.113217792357861,0.120974034284838
MON,1866-07-06,0.04564355796,4.62006,0.71499,63838.036839676075,-0.04267773074156267,-0.036474567693051685
MON,1867-07-12,0.04139928676,4.65654,0.70885,58403.45173167808,-0.08721234033948777,-0.08138248387074942
MON,1868-07-18,0.0445685734,4.62848,0.70201,63487.0919217675,0.039957209476620736,0.047542624863284644
MON,1869-07-24,0.04538579344,4.8202,0.6957,65237.59298548225,0.0023917418657202205,0.009226601469056295
MON,1870-07-30,0.04231058728,4.86439,0.6899,61328.579910131906,-0.04062199616183593,-0.03447966282184545
MON,1871-08-05,0.042581095439999994,5.18019,0.6844,62216.679485680885,0.006882357158356056,0.012868365094871992
MON,1872-08-11,0.039345612280000004,4.85273,0.67925,57925.08248803828,-0.055445535883015595,-0.05009565177389952
MON,1873-08-17,0.04136399592,5.06593,0.67413,61359.07899069913,0.028429922713535616,0.03440428831039033
MON,1874-08-23,0.04311026512,5.27688,0.6692,64420.599402271364,0.001111352334459914,0.006536637698309589
MON,1875-08-29,0.0426041122,5.26005,0.66433,64130.947270182,-0.01198590025567714,-0.0064918611023769834
MON,1876-09-04,0.04351879324,5.2754,0.6597699999999999,65960.55176804039,0.017219988744563874,0.022404925744325732
MON,1877-09-10,0.04185186148,5.3267,0.65556,63841.38977362865,-0.011976551872178831,-0.007021349289524026
MON,1878-09-16,0.04203640168,5.34057,0.65112,64560.14510382111,-0.009118842877235078,-0.004090964178956491
MON,1879-09-22,0.04207438768,6.53172,0.64894,64835.55903473357,0.0004654354004887118,0.0028642777501604044
MON,1880-09-28,0.041281206720000005,6.51148,0.64737,63767.56216692155,-0.0015818384102185279,0.00017203968496803945
MON,1881-10-04,0.0439406136,6.50612,0.6457299999999999,68047.96679726821,0.020953796167642702,0.022965318341188645
MON,1882-10-10,0.04198934688,6.58795,0.64407,65193.762913968974,-0.030685011964366016,-0.028792401518633715
MON,1883-10-16,0.041075711040000004,6.5438,0.64233,63947.98785670917,-0.0223511611211078,-0.02050711877688094
MON,1884-10-22,0.04108140504,5.37453,0.6383,64360.653360488795,-0.0004529336580151311,0.004453777425645011
MON,1885-10-28,0.040232870080000004,5.30639,0.63363,63495.84154790651,-0.005804538359888145,-0.0002472152705482733
MON,1886-11-03,0.04079291788,5.33945,0.62899,64854.63660789519,0.003917466949243886,0.009478362991854672
MON,1887-11-09,0.03956869384,5.35658,0.62431,63379.88153321266,-0.019839390528716083,-0.014384113253838149
MON,1888-11-15,0.0395352854,5.4463,0.6198,63787.165859954825,0.037226594966191406,0.0429651402080764
MON,1889-11-21,0.039939347759999994,5.81191,0.61597,64839.761287075664,-0.012645683960836429,-0.008015091415534803
MON,1890-11-27,0.04029090363999999,5.73753,0.61207,65827.28060515954,-0.0016518403732220799,0.0031200465664869004
MON,1891-12-03,0.04140948916,5.84884,0.60822,68083.07711025616,0.043049312763146164,0.047991268746581106
MON,1892-12-09,0.0387491884,5.54045,0.60436,64116.07055397445,-0.07235426103554188,-0.06779918314981792
MON,1893-12-15,0.038680085079999996,5.56226,0.60006,64460.362430423615,-0.0012188080683837033,0.0041199233505111454
MON,1894-12-21,0.03821615356,5.59085,0.59588,64133.97590118816,-0.017839850634479126,-0.012644110853072044
MON,1895-12-27,0.042517220200000004,5.23749,0.59159,71869.40313392722,0.11717179241598497,0.12310434091868028
MON,1897-01-02,0.03392203204,5.46761,0.58686,57802.596939644885,-0.1779899518637964,-0.17271995271964702
MON,1898-01-08,0.034044769200000005,5.4857,0.58275,58420.88236808237,0.003327339591195022,0.008642093715588661
MON,1899-01-14,0.037526580520000005,5.62525,0.57871,64845.22562250524,0.04080227028105954,0.04616780734738124
MON,1900-01-20,0.0373850568,5.65097,0.57486,65033.32428765264,-0.003402946278915686,0.0017133011798509123
MON,1901-01-26,0.03708169452,5.75633,0.5712,64918.93298319327,-0.032986114417278944,-0.028291088653460084
MON,1902-02-01,0.0968746584,7.64223,0.56418,171708.77804955863,0.9362293122540535,0.9580894450338424
MON,1903-02-07,0.17850814748000002,9.49329,0.56676,314962.50172912696,0.4743620891826097,0.4688118065088358
MON,1904-02-13,0.19229418416,11.17326,0.57195,336208.03245038906,0.019223732755038858,0.011822804161966793
MON,1905-02-19,0.19475936116,11.14184,0.57826,336802.40922768303,0.011905573039673545,0.0038818553064430272
MON,1906-02-25,0.20102054492,11.03708,0.58404,344189.68721320457,0.014979080077337947,0.0072009660840450795
MON,1907-03-03,0.20715130124,10.96326,0.58959,351348.05753150495,0.02603719859951248,0.018821006825172182
MON,1908-03-09,0.19582592535999999,10.84572,0.595,329119.2022857143,-0.025235343009569755,-0.03191460859020634
MON,1909-03-15,0.1840785154,10.29275,0.59929,307160.99951609405,-0.07056124142348008,-0.07590338226531612
MON,1910-03-21,0.19851591916,10.32402,0.60344,328973.74910513056,0.09505936138994175,0.08970897286185675
MON,1911-03-27,0.20917446888,10.48167,0.60776,344172.8130841122,0.03766787757051593,0.03205143707532021
MON,1912-04-02,0.28033754891999996,11.46781,0.61313,457223.67021675664,0.3086965231822343,0.29992208006572896
MON,1913-04-08,0.32873389224,14.22445,0.62157,528876.7029296781,0.1387732974124063,0.1275062202776578
MON,1914-04-14,0.32478781296000003,14.68063,0.63063,515021.18985776126,0.012016475033876928,0.0007790361811745861
MON,1915-04-20,0.33250005932,14.23633,0.6399,519612.53214564774,0.04139704223779539,0.029871843198546744
MON,1916-04-26,0.31852305316,12.83905,0.64946,490442.9112801404,-0.0272920997364694,-0.037956130713101444
MON,1917-05-02,0.046581876640000006,5.16299,0.64669,72031.23079064158,-0.8035472808155513,-0.8030219004180859
MON,1918-05-08,0.07993819704,8.76469,0.64496,123942.87558918382,0.25801521178895204,0.2601913555726092
MON,1919-05-14,0.03806550384,8.89435,0.64454,59058.404195240015,-0.4852768496809796,-0.4850099560924811
MON,1920-05-20,0.0836691596,9.75207,0.64523,129673.38716426701,0.5099170489900924,0.5087200799009504
MON,1921-05-26,0.1692174198,9.77494,0.64801,261133.9636734001,0.9361221961007746,0.9305863134564838
KON,1901-06-29,0.73419279284,8.50739,16.47604,44561.24122301232,0.041090163112162514,0.04236210332520374
KON,1902-07-12,0.75483428436,8.25663,16.47604,45814.05995372675,0.006953175437899084,0.009885584006606773
D06,1906-02-18,8.26303431668,9.43416,13.293039637403641,621606.084241987,0.4671027499692042,0.4674685842271247
MEX,1839-05-24,3.8894434274800003,8.91086,73.27223,53082.094368903476,0.10112411537301691,0.09991431915386739
MEX,1840-06-06,4.04691077024,8.95905,74.64447,54215.81491890826,0.02628557065265591,0.009656738978254698
MEX,1841-06-05,4.459371696000001,9.02914,77.09676,57841.23348374173,0.06402514758883338,0.02347138438409857
MEX,1842-06-18,4.41981829328,8.54475,74.07998606695415,59662.78515880563,0.0043167074628935875,0.002001800601194814
MEX,1843-07-01,4.62674755296,9.43887,79.19643,58421.16308727552,0.029017518296001743,0.021128689634733577
MEX,1844-06-23,5.23381574976,9.43912,80.09332,65346.47021449479,0.07790037105703118,0.07172217424251204
MEX,1845-06-29,5.6160904332,9.12757,81.98311,68503.0176727865,0.030165379674941928,0.006665494195804644
MEX,1846-07-12,5.53641891868,8.59557,83.08527634877342,66635.37947974501,-0.003029707682109861,-0.014076549399254068
MEX,1847-07-11,5.978360037,8.99372,84.89255000000001,70422.67003406069,0.07206691144037847,0.0647818921352894
MEX,1848-07-24,5.8170900767200004,9.52239,84.89255,68522.97494562244,-0.03125967725180012,-0.02439570820038106
MEX,1849-08-06,6.01431427584,9.54946,88.10854,68260.28754806287,0.04037936958214572,0.008422576159521578
MEX,1850-07-29,5.99181449828,9.30158,88.4176,67767.21487893813,0.016273902315475652,0.015024551370171446
MEX,1851-08-04,6.29438509024,9.45778,90.2992,69705.87879228166,0.03677013915501437,0.016252824901275886
MEX,1852-08-17,6.55453812988,9.43728,93.15673,70360.32855468414,0.022888193005086155,0.006663559752342341
MEX,1853-08-16,6.670560819,8.87895,93.67716608676972,71207.96985704398,0.02351906863824782,0.011239853921214626
DEI,1837-01-13,6.738606111119999,7.68315,95.89992,70267.06707492561,0,0
DEI,1838-01-19,5.2398709521599995,8.14222,96.4589,54322.31709215013,-0.24952327314329814,-0.2528090848417939
DEI,1839-01-25,6.47896011256,7.72241,96.54903,67105.38793149967,0.18262713085791193,0.18195435101190283
DEI,1840-01-31,6.772508162159999,7.66508,96.88555000000001,69902.1491043814,0.029661135473366462,0.026973945255349907
DEI,1841-02-06,6.89309141924,7.84692,97.58131,70639.4638403604,0.014520201663931864,0.009083745397636456
DEI,1842-02-12,7.488361230480001,7.87225,99.1941,75492.00235175277,0.04540215906508971,0.032294912252230246
DEI,1843-02-18,7.4319061102,7.19195,100.44181,73992.15635600354,-0.04255976228582703,-0.05187201776838812
DEI,1844-02-24,7.416272864520001,7.50118,101.42647999999998,73119.69087875278,-0.041835454434312025,-0.04896311265895448
DEI,1845-03-02,8.24222423232,7.47523,102.36448,80518.40083904105,0.0775156106027175,0.07000222412650281
DEI,1846-03-08,8.54365535244,7.94117,103.40454,82623.6000125333,0.030044869472540814,0.022560271578414337
DEI,1847-03-14,8.599246646640001,8.65575,104.2076,82520.34061469606,-0.05092242671140301,-0.05604724945750583
DEI,1848-03-20,8.26757508928,8.12365,104.79528,78892.62845883898,0.40178254789540246,0.3951896194407505
DEI,1849-03-26,8.782286047080001,7.95144,105.71389999999998,83075.98193879898,0.05282048781412052,0.045757935063250654
DEI,1850-04-01,8.718601122920001,7.87239,106.87723,81575.85224579643,-0.009021629725463387,-0.017320070953637856
DEI,1851-04-07,8.900940184760001,7.83298,108.13028,82316.81435357423,0.0232924228578697,0.014528214156916075
DEI,1852-04-13,9.07999736956,7.25644,109.36738,83022.90289444622,0.047836402497825725,0.038776643394315746
DEI,1853-04-19,9.23135371236,7.15991,110.14759,83808.9486330114,0.045929805117648215,0.04019327654429383
DEI,1854-04-25,5.491826490799999,8.85652,110.81193,49559.8848499435,-0.3755522994623439,-0.3784260749210676
DEI,1855-05-01,9.686597505,7.19369,111.87101000000001,86587.19989209001,0.598329528558796,0.5851632762426273
DEI,1856-05-07,9.36960672284,7.22757,112.18709,83517.69105375672,-0.027067507924541823,-0.029217883151269497
DEI,1857-05-13,9.86374851436,7.18907,112.58239999999999,87613.59248301688,0.034433062187845476,0.031612276069721945
DEI,1858-05-19,9.49672176596,7.23243,113.1449,83934.15669605965,-0.02033146503797434,-0.024649158564771345
DEI,1859-05-25,9.25769372372,7.19407,113.89969000000002,81279.35838736697,-0.01921567546102032,-0.022954417732786614
DEI,1860-05-31,8.854996698079999,7.27576,114.58163999999998,77281.11325758648,-0.01992899142593718,-0.025005383292073247
DEI,1861-06-06,10.19582224596,7.2495,115.57778,88216.11079534492,0.12408932196006739,0.11645242811255496
DEI,1862-06-12,9.998206868519999,7.20491,116.65098999999998,85710.43304921802,-0.043983712209068604,-0.05134650981454636
DEI,1863-06-18,10.9908065982,7.22043,117.71929,93364.53352887195,0.08736374156536475,0.07904343306250539
DEI,1864-06-24,10.859360633680001,7.15604,118.91231999999998,91322.41834723267,0.055074498855128384,0.04545794541699477
DEI,1865-06-30,11.3985852916,7.23311,122.39464,93129.77505877709,0.036796023125206245,0.008966767210518478
DEI,1866-07-06,11.890242476840001,7.23571,123.86902,95990.44601176307,0.0345430560038944,0.02595432098984074
DEI,1867-07-12,11.98688920312,6.90937,125.17402000000001,95761.79788042279,0.05128043989781794,0.04251891194914026
DEI,1868-07-18,13.469022214439999,6.99357,127.19859,105889.71319917933,0.11369053096961079,0.10000757366099933
DEI,1869-07-24,14.503280591800001,7.32512,127.79451,113489.0739187466,0.06551070850829244,0.061689121696560045
DEI,1870-07-30,14.91483100172,7.03984,128.65699,115927.09421944349,-0.007640577445204966,-0.012707719831918984
DEI,1871-08-05,15.275162345039998,7.08769,129.36743,118075.79655126485,0.03871704336965465,0.03425733086151084
DEI,1872-08-11,18.2346124142,8.38845,133.40628,136684.81284539227,0.16474121609613634,0.13156291050275715
DEI,1873-08-17,21.8858352934,8.91987,134.98957,162129.82449977435,0.14541781170260748,0.13668924913658498
DEI,1874-08-23,23.59986454696,8.79484,137.09493,172142.5040806396,0.09526982827186448,0.0815434246969371
DEI,1875-08-29,29.612048448320003,8.48987,138.39483,213967.88050767503,0.17749873546061767,0.16914356594098723
DEI,1876-09-04,32.80791361744,8.07627,139.28604,235543.44439284797,0.07305235757893924,0.0686810477409705
DEI,1877-09-10,32.5546041548,8.26347,140.02658,232488.74717071574,-0.02211962910286125,-0.02597226822070564
DEI,1878-09-16,34.66685664312,8.43176,140.82989,246161.21366792233,0.06954944470294278,0.06500771316610643
DEI,1879-09-22,36.61101493348,8.76727,141.47009,258789.79036119932,0.060673342559668164,0.05709970878324899
DEI,1880-09-28,35.694865823760004,8.88493,142.31072,250823.45043128164,-0.007632199320185773,-0.012321551148165022
DEI,1881-10-04,36.646032733439995,8.96503,143.31634,255700.3111678682,0.014975033193009857,0.009861615056309558
DEI,1882-10-10,38.045001945079996,9.05221,144.31051,263632.9255927375,0.017343009946818144,0.011903863554600269
DEI,1883-10-16,40.00621750268,9.11964,145.33765,275263.9629351376,0.03033952615739932,0.024928710311583613
DEI,1884-10-22,41.24051495668,9.37964,146.50946,281487.04497771,0.02828632886279392,0.02232397155788779
DEI,1885-10-28,43.14417085056,9.55704,147.62052,292264.04872818495,0.041613466389588405,0.03569907746806189
DEI,1886-11-03,42.61815764544,9.68019,148.90424,286211.84759708657,-0.004695580349066586,-0.011384319740250892
DEI,1887-11-09,42.59720512528,9.70368,150.21879,283567.755573587,0.01832061439189081,0.01153690417942177
DEI,1888-11-15,43.79366521608,9.82926,151.54781,288975.9028261774,0.018672332030425176,0.011709754626091584
DEI,1889-11-21,42.86112869376,9.85525,152.96792,280196.84580767003,-0.04207451562772613,-0.04871318862140106
DEI,1890-11-27,47.210023009240004,10.01115,154.49748,305571.47604763525,0.09974571153075873,0.09188307941816576
DEI,1891-12-03,45.84890286392,9.48046,155.75708,294361.597327839,-0.03974678249526309,-0.04561170800555281
DEI,1892-12-09,52.61085388676,9.77018,166.76913,315471.17794978,0.07480844539272535,0.006198964660780071
DEI,1893-12-15,51.0953820624,9.8857,168.4454,303334.9801324346,0.04669176545060072,0.03910940475693825
DEI,1894-12-21,31.95384291996,9.71115,169.94295,188026.88149146523,-0.12037847459253781,-0.12604484777646408
DEI,1895-12-27,47.35125687968,9.93069,171.71262000000002,275758.7466761616,0.37347026154609075,0.36255718990224617
DEI,1897-01-02,48.29995833676,9.72709,172.39375,280172.3283863829,-0.003703180460291944,-0.005588390643884389
DEI,1898-01-08,51.4112087528,9.77018,174.14799,295215.6309860367,0.039875155150353336,0.03190704883808859
DEI,1899-01-14,54.55975464368,9.6535,175.94868,310089.0250707195,0.0513832707602182,0.043255468145199316
DEI,1900-01-20,56.55931092708,9.21527,177.56501,318527.34346186783,0.01546639685152984,0.00842493137325162
DEI,1901-01-26,56.47049606328,9.64233,179.14416,315223.7620432617,-0.004535569347226764,-0.011168350631575952
DEI,1902-02-01,58.14185100724,9.6975,180.9384,321335.05661175295,0.021509512043673018,0.014303287330187153
DEI,1903-02-07,61.040783185719995,9.79931,182.58519,334313.98891509214,0.035187811429290505,0.028019296212455025
DEI,1904-02-13,61.531303817879994,10.46125,184.50876,333487.1678606479,0.008302060680511536,0.0006752191354451043
DEI,1905-02-19,61.90201186416,10.54555,187.50291,330138.93951917865,0.011249029912974606,-0.0019460055134074006
DEI,1906-02-25,68.28133265408,10.52989,189.74714,359854.34433467616,0.06647583842678584,0.05691640703169898
DEI,1907-03-03,68.66948076716,10.32776,191.89193,357854.9695506215,0.0057767798995016495,-0.0027544261958152294
DEI,1908-03-09,75.4571478986,10.57777,194.17441,388605.0066978445,0.07026675941839033,0.0606819896652977
DEI,1909-03-15,69.86987134868001,10.19595,195.78965,356861.9247681377,-0.0005245001185419929,-0.007508727255012393
DEI,1910-03-21,70.92696146016,10.13487,194.93303,363852.9676584825,0.009959810053517648,0.013235575623099072
DEI,1911-03-27,73.25978010052,10.12777,194.5862,376490.1113260858,0.022156885159425155,0.0234829417069502
DEI,1912-04-02,76.56599224248,10.75241,196.07598,390491.4423606604,0.09337033474581569,0.08673681398567168
DEI,1913-04-08,77.72908065572,10.69546,197.84206,392884.5092682516,0.02822851711754626,0.02119407109788085
DEI,1914-04-14,81.54653022776,12.21575,199.90422,407928.007861765,0.03983188671821347,0.03170941687649331
DEI,1915-04-20,86.55654395336,12.95994,202.33883,427780.1940110062,0.0501702456119697,0.04064661234782441
DEI,1916-04-26,89.99780431356,14.32322,204.99953,439014.68609981687,0.03526017846944107,0.02508384573773692
DEI,1917-05-02,91.66791104848001,14.76704,207.79779,441139.97097120236,0.007144210962291231,-0.003126091883162485
DEI,1918-05-08,95.48676107152001,14.61214,209.44157,455911.217011599,0.04204735852136765,0.03557757327659328
DEI,1919-05-14,100.15326052575999,14.82109,212.7181,470826.22741440433,0.026877649258948644,0.014388200420058173
DEI,1920-05-20,100.1616126654,15.49214,215.34645,465118.4761364768,0.014908566609829865,0.005588162371199967
DEI,1921-05-26,103.88731300844,15.59645,217.66103,477289.4486828441,0.05388237245581173,0.04537272414290783
GER,1882-08-15,19.44746294192,10.94089,208.03240199035,93482.85534299657,0.0865806977892205,0.08431147419643326
GER,1883-08-28,23.33365622432,12.32537,205.24447,113687.13721894674,0.13897041269949417,0.13786224183167306
GER,1884-08-27,25.18054844396,12.66252,205.24447,122685.63651902533,0.061363584685760086,0.06307342716883513
GER,1885-09-09,29.3099326988,12.95932,205.24446999999998,142804.98129279685,0.16088667177672122,0.16168289618646803
GER,1886-09-22,36.44540803852,12.49804,206.41195263566763,176566.36436577316,0.18601897703298031,0.18502613349313424
GER,1887-09-14,39.3879644158,12.56835,205.24447,191907.5550040398,0.05381658376368703,0.05375457287391994
GER,1888-09-20,41.7269495318,12.57584,296.54735,140709.23085908542,0.04438324357324408,-0.2779651927860697
GER,1889-10-03,44.65830781724,12.7079,296.54735,150594.1894852205,0.032057210273124026,0.03157460986064131
GER,1890-10-02,50.14561038188,12.33447,296.54735,169098.15711345928,0.108653273258142,0.11083385953407343
GER,1891-10-15,50.52342668724,12.55814,296.54735,170372.20763308118,0.011169905608990005,0.012505653637048031
GER,1892-10-28,52.605585502080004,12.74905,296.54735,177393.54441063124,0.022665880421132822,0.02550269484515555
GER,1893-10-20,55.23109697976,12.97373,296.54735,186247.14393758704,0.044869737835564694,0.04521907049641394
GER,1894-10-26,56.93060134788,13.01401,296.54735,191978.11529214474,0.026254467741491094,0.025831043265272635
GER,1895-11-08,60.40588349848,12.97362,296.54735,203697.26284345484,0.030641640487095945,0.032457178737202996
GER,1896-11-07,62.006691042920004,12.96449,296.54735,209095.41441837198,0.0030782030811895567,0.0005587229014893946
GER,1897-11-20,65.54444185536,13.13116,299.6285644294288,218752.31415327097,0.04676191310295996,0.049473613714914544
GER,1898-12-03,66.26200743708,13.15894,296.54735,223444.94879849712,0.011826826623965836,0.010385909429968088
GER,1899-11-25,66.65328721376001,13.1702,296.54735,224764.40006548702,0.005173457406377757,0.004569412369469061
GER,1900-12-01,72.4229963938,13.32266,296.54735,244220.68311788997,0.06802021435615013,0.06916955761856003
GER,1901-12-14,80.80407564528001,13.3786,307.6275329198421,262668.54230611067,0.026802151783008155,0.02679122351119001
GER,1902-12-13,83.01693507432,13.53804,460.27381,180364.23813538294,0.044749070223983,-0.03480413868702692
GER,1903-12-26,82.6363689892,13.51691,460.27381,179537.41271787763,-0.012122738648428166,-0.014721410904282917
GER,1905-01-08,70.90571609992,13.25731,460.27381,154051.16380599627,-0.026746079540082124,-0.017937579785979763
GER,1905-12-31,73.55361455832,13.32859,460.27380999999997,159804.04046521787,0.01837540830203155,0.015565662748111775
GER,1907-01-06,85.74724272920001,13.67455,460.27381,186296.15864782748,0.16940961182098357,0.16394752206835128
GER,1908-01-19,94.53054484536,13.87532,460.27381,205378.9348678344,0.0474914996765019,0.04516990394820386
MJT,1837-01-13,0.11359168964,7.10215,3.66768,30970.992463900886,0.6182534673999567,0.6059608186584211
MJT,1838-01-19,0.09095654464,8.69678,3.69598,24609.58788738034,-0.17718261203269747,-0.18144065223034866
MJT,1839-01-25,0.09051271008,8.60369,3.73915,24206.76091625102,-0.00022808339202073924,-0.009105963800031147
MJT,1840-01-31,0.08802145612000001,8.63773,3.7808500000000005,23280.8643876377,-0.026885470987182858,-0.0351971853184857
MJT,1841-02-06,0.10508633096,9.1739,3.83487,27402.840503067902,0.04214660923345881,0.031411900354509914
MJT,1842-02-12,0.15746226287999998,7.81686,3.8662299999999994,40727.598430512415,0.20754180204843897,0.20037700643689438
MJT,1843-02-18,0.16913717548,8.05941,3.89454,43429.30756392283,0.06775179971201029,0.061741088134138256
MJT,1844-02-24,0.16213847728,8.03671,3.88849,41697.02822432358,-0.03289726862456055,-0.031231644135217174
MJT,1845-03-02,0.15279793724,7.87901,3.8681900000000002,39501.14581755291,0.035867802459973674,0.04036159927398453
MJT,1846-03-08,0.15314023972000002,7.99084,3.88562,39412.047426150784,0.01326147174508363,0.009717401096804412
MJT,1847-03-14,0.1498896672,7.9947,3.91773,38259.315266748854,-0.009147525747719487,-0.015169258891360449
MJT,1848-03-20,0.14905548996,7.97996,3.94859,37749.042052986006,-0.025035097463509515,-0.03092669955969818
MJT,1849-03-26,0.1824395586,7.24187,3.96057,46063.96518682916,0.17159170650699007,0.16923894721614152
MJT,1850-04-01,0.14911982644,8.5841,3.98742,37397.57197385778,-0.02780641718978516,-0.03268054254598396
MJT,1851-04-07,0.1489526974,8.59013,4.02889,36971.150217553724,0.004100500525343609,-0.003904960314898287
MJT,1852-04-13,0.14845680408,8.61011,4.07408,36439.3443624082,-0.0022004501845308555,-0.010228630940079753
MJT,1853-04-19,0.1448908032,7.47095,4.10562,35290.8460110775,-0.023250694202424427,-0.02896416355322473
MJT,1854-04-25,0.19343867296,6.10208,4.11641,46992.081196965315,0.3256829557554053,0.3230745610728536
MJT,1855-05-01,0.15356779828,7.58535,4.13318,37154.87790998698,-0.19599751224038264,-0.19859639215736336
MJT,1856-05-07,0.15050835852,7.48919,4.15891,36189.37618751067,-0.00046937911203981386,-0.005243139965853683
MJT,1857-05-13,0.146775837,7.48783,4.18588,35064.51140500922,-0.038782070079567355,-0.043452448065952276
MJT,1858-05-19,0.15356212924,7.8734,4.21757,36410.09615489488,0.02507778642605807,0.019298612943189353
MJT,1859-05-25,0.15318243875999998,7.86757,4.227,36239.04394606103,-0.004402493268392149,-0.005568412740798334
MJT,1860-05-31,0.1537178916,7.87471,4.25342,36139.83373379539,0.0029040755998546164,-0.0016417714973299136
MJT,1861-06-06,0.15464882784,8.0047,4.27944,36137.631989232235,0.0014379125839985019,-0.0029626734885700445
MJT,1862-06-12,0.17798970851999998,7.95697,4.31327,41265.607884505254,0.015589341391829326,0.00940049512312191
MJT,1863-06-18,0.34001400732,7.68065,4.34543,78246.3432433614,0.7545643823125923,0.7451883215773805
MJT,1864-06-24,0.4720395446,7.61026,4.37881,107800.8738903949,0.38698144073405305,0.37881499550505526
MJT,1865-06-30,0.53410000488,7.7196,4.4126,121039.75091329374,0.15196298645986261,0.1451155379038731
MJT,1866-07-06,0.5303622906400001,7.77256,4.44952,119195.39425376222,-0.01542012387487468,-0.021386527242604703
MJT,1867-07-12,0.52978856268,7.83288,4.48481,118129.54454703764,-0.010057896645598863,-0.016069695866400613
MJT,1868-07-18,0.78627809988,8.19539,4.52393,173804.2144507099,0.30068414173942304,0.29249938287245825
MJT,1869-07-24,0.81513758404,8.28318,4.54212,179461.92175459917,0.05427131387846007,0.05107177860830148
MJT,1870-07-30,0.89233659008,8.46528,4.579,194875.86592705833,0.08835358432422225,0.08157668316859557
MJT,1871-08-05,0.5903148238,8.59895,4.62485,127639.77724682962,-0.2726887737962458,-0.2779673702278087
MJT,1872-08-11,0.85025971888,8.2911,4.66347,182323.40271943423,0.4628989302429549,0.45382643913534393
MJT,1873-08-17,0.68037122088,8.35805,4.69828,144812.8295631593,-0.16911285547100963,-0.17406103688155083
MJT,1874-08-23,0.8130990410400001,8.54575,4.72836,171962.16892114814,0.10701497723585773,0.10184620901590469
MJT,1875-08-29,0.7331183059199999,8.68976,4.71345,155537.51623969703,-0.08510880489123518,-0.08833877571810356
MJT,1876-09-04,0.8370210316,8.51988,4.37964,191116.4003434072,0.17080895062667434,0.24421955853492228
MJT,1877-09-10,0.7305755241199999,7.27345,4.413,165550.7645864491,-0.09527389373367079,-0.10042099781542335
MJT,1878-09-16,0.66890979324,7.13923,4.43094,150963.4057874853,-0.008529243348169069,-0.012256724449395628
MJT,1879-09-22,0.68807259872,7.43501,4.43133,155274.51097526026,-0.0019348985732476898,-0.001980962952450316
MJT,1880-09-28,0.6292821646800001,7.47067,4.45402,141284.09048006072,-0.1033444384278438,-0.1069062349369877
MJT,1881-10-04,0.64650269112,7.59327,4.44517,145439.36252606762,0.07755664270374152,0.07426921769063854
MJT,1882-10-10,0.64885524392,8.14061,3.9479700000000006,164351.61460700055,0.019833630759390486,0.1230694622120696
MJT,1883-10-16,0.68164921916,8.36214,3.9558100000000005,172315.96541795484,0.006139305947065576,0.004617379454855186
MJT,1884-10-22,0.6761239368,8.76779,3.64602,185441.6423387694,0.03301541365166405,0.11935737130816904
MJT,1885-10-28,0.74399530088,9.01549,3.93302,189166.41687049647,0.04503046718803172,0.029012175397703732
MJT,1886-11-03,0.81666685464,9.20788,3.92418,208111.46650765257,0.15715384357540496,0.15960987004566385
MJT,1887-11-09,0.9381875906,9.74573,3.9517,237413.66768732443,0.17396788124865492,0.16773824272570836
MJT,1888-11-15,1.0513506146,9.80633,3.9839800000000003,263894.5513280689,0.0986475516949985,0.0919626497211421
MJT,1889-11-21,1.08667544648,10.05865,4.01549,270620.8822534734,0.04969772669968675,0.04351976277017444
MJT,1890-11-27,1.23966788868,10.5351,4.05232,305915.5961720694,0.11125161756926683,0.10380360662932842
MJT,1891-12-03,1.15806159716,10.60122,4.0889,283220.81664017215,-0.017175695954119274,-0.023909939855513707
MJT,1892-12-09,1.1458890482000001,10.35789,4.13016,277444.2269064637,-0.01332897209964612,-0.020773247674214956
MJT,1893-12-15,1.30936657436,11.12477,4.17642,313514.1040316826,0.06155149599914722,0.052748699507993546
MJT,1894-12-21,1.3105049635600001,12.34172,4.22786,309968.86452247715,0.017661862573486342,0.008166684227649545
MJT,1895-12-27,1.4241016322000002,11.76659,4.29439,331619.0733026111,0.0503251977616852,0.03790006775684285
MJT,1897-01-02,1.42698431252,12.03029,4.3614,327184.92055761913,0.0008503286148655587,-0.010688771152386534
MJT,1898-01-08,1.4426859324799999,12.42396,4.42937,325709.0585071918,0.025564755225383484,0.013627631755597447
MJT,1899-01-14,1.44489566832,12.51796,4.49873,321178.5700230954,-0.00660377690879399,-0.018035029334641517
MJT,1900-01-20,1.49155422312,12.65706,4.57153,326270.24718639057,-0.003968659654532525,-0.01608016693387737
MJT,1901-01-26,1.67427378508,12.62783,4.64445,360489.1397431343,0.05349994623242904,0.041114857858297826
MJT,1902-02-01,1.7228020352400002,13.57469,4.71795,365159.02780656854,0.025923037823243122,0.014188961538291522
MJT,1903-02-07,1.8315402190799999,13.9968,4.79173,382229.4284277286,0.04575700198469135,0.03355083799809466
MJT,1904-02-13,1.7898853824799998,14.16573,4.86611,367826.7409655762,-0.00924241455258168,-0.020673250621604633
MJT,1905-02-19,1.8711156848800001,14.37598,4.947,378232.40042045683,0.040877239768949414,0.028219900785139584
MJT,1906-02-25,2.04806371016,14.67894,5.03237,406977.96667574125,0.07008925559469814,0.05614271356389344
MJT,1907-03-03,1.6331533556,15.76216,5.12,318975.26476562495,-0.13849409187722161,-0.1495604169465028
MJT,1908-03-09,1.6426493153200001,15.5002,5.20106,315829.71842662845,0.00464094339847243,-0.007241232170005274
MJT,1909-03-15,1.74279153412,15.35815,5.28674,329653.34669758676,0.04236105161203363,0.029396903363604343
MJT,1910-03-21,1.84015935948,15.37773,5.37606,342287.72734679305,0.04727168469577547,0.034259944424194
MJT,1911-03-27,1.8941242034,14.10451,5.46295,346721.8633522181,0.0382675451379737,0.02574822539376398
MJT,1912-04-02,2.00995445248,14.47046,5.54597,362417.11593823985,0.021953973063295384,0.01025054193856234
MJT,1913-04-08,1.99944546464,14.80066,5.62998,355142.5519522272,0.011891563350943768,0.0006105882296882914
MJT,1914-04-14,2.18893627056,14.99999,5.70971,383370.83154135675,0.08160754779660695,0.06989337751517821
MJT,1915-04-20,2.0977183916000004,15.5515,5.79102,362236.42667440284,-0.013971250123828938,-0.02439331722375737
MJT,1916-04-26,2.2818692364,15.41269,5.88845,387516.10974025424,0.04576619283531058,0.03285651376018661
MJT,1917-05-02,2.2837155177199997,14.98641,5.983630000000001,381660.5501543377,-0.0021547894029426695,-0.01432317808780581
MJT,1918-05-08,2.58287557632,15.1617,6.08026,424796.89623798983,0.13382226211568482,0.12049103060416
MJT,1919-05-14,2.69679620236,15.29093,6.17809,436509.6983630863,0.045083996652077074,0.03243455771858805
MJT,1920-05-20,2.7094668769999997,15.42024,6.26349,432581.0174519317,0.002875602694198953,-0.007783509668825017
MJT,1921-05-26,2.75328027416,15.38947,6.36256,432731.5222426193,-0.00960631799749978,-0.02112173367788739
HDJ,1837-01-13,0.27226461288,5.99773,5.25901,51771.07723316745,0,0
HDJ,1838-01-19,0.27382403048000004,5.73243,5.24332,52223.40625405278,-0.00310236031454747,-0.0009017221437517264
HDJ,1839-01-25,0.26529563423999997,5.71539,5.2173,50849.21975734575,-0.013483722099389861,-0.009842097327107613
HDJ,1840-01-31,0.27835579979999997,5.76866,5.19349,53597.060897392694,-0.011904743912296345,-0.008382251492367265
HDJ,1841-02-06,0.2374047442,6.43458,5.18101,45822.09727446965,-0.16811277870257968,-0.16651967325022599
HDJ,1842-02-12,0.295566674,6.4797,5.18162,57041.36428375682,0.18583190715531095,0.1858533381717562
HDJ,1843-02-18,0.30969492112,6.58188,5.18203,59763.24357828882,0.0208656401342866,0.02081753248207141
HDJ,1844-02-24,0.30093188944,6.64774,5.18702,58016.334897494125,-0.019605863537936585,-0.020407280889736312
HDJ,1845-03-02,0.26871801372,5.98008,5.1866,51810.051617630044,-0.06936518096757827,-0.06943673580109233
HDJ,1846-03-08,0.26059955844,5.91293,5.17523,50355.16458978635,-0.02575674921872706,-0.024109497515091727
HDJ,1847-03-14,0.2741495068,6.04449,5.16587,53069.377820192916,0.046634922147775315,0.04811049649482535
HDJ,1848-03-20,0.28249808548,6.13178,5.15695,54780.07067743531,0.009963500572822026,0.01124067326553857
HDJ,1849-03-26,0.28369376776,6.64259,5.16415,54935.22995265436,0.04175827047914549,0.0405264275331334
HDJ,1850-04-01,0.35785514492,6.83101,5.17372,69167.86082741238,0.26137370318011555,0.25966365005250136
HDJ,1851-04-07,0.31614523304000003,6.70904,5.18283,60998.572795171756,-0.1141400396036073,-0.11539037710564881
HDJ,1852-04-13,0.31222701536,6.63144,5.18735,60190.080746431224,-0.002685496838710555,-0.003383420625201028
HDJ,1853-04-19,0.32149787436,6.77916,5.19815,61848.518099708555,-0.03650057356441416,-0.037978330354193734
HDJ,1854-04-25,0.34654875424,6.85158,5.20947,66522.8428688523,0.05295373839597617,0.051107269845149794
HDJ,1855-05-01,0.38851876335999996,6.84217,5.22221,74397.38412664371,0.1533361291167601,0.15129994294005344
HDJ,1856-05-07,0.39303901676,6.79955,5.23556,75071.05577244841,0.03633760838827094,0.034418045718265455
HDJ,1857-05-13,0.42052341291999995,6.59724,5.24499,80176.20870964482,0.006829735772814205,0.005340981733830796
HDJ,1858-05-19,0.47606244712,6.63761,5.27418,90262.83652055865,0.14223663221705984,0.1395485849878504
HDJ,1859-05-25,0.55744188916,6.78169,5.3407,104376.18461250399,0.12022084185660731,0.10972099591384299
HDJ,1860-05-31,0.69768207808,7.2938,5.40071,129183.39960486676,0.23862849029901478,0.22876450963626138
HDJ,1861-06-06,0.67608226712,7.25652,5.45964,123832.7558447077,-0.030081646276144847,-0.03715341288445839
HDJ,1862-06-12,0.6617289359199999,7.27675,5.49409,120443.77429565223,-0.01055493727288459,-0.015470667509226765
HDJ,1863-06-18,0.6411935680799999,6.91598,5.53588,115825.04824526544,-0.008651759515192703,-0.014749010315093902
HDJ,1864-06-24,0.71541904252,7.14365,5.55183,128861.84240511688,0.1303378455972739,0.12811022010909778
HDJ,1865-06-30,0.7240338586,7.03894,5.59421,129425.57726649518,-0.01091314007618538,-0.017118920803482096
HDJ,1866-07-06,0.7189518367200001,7.33045,5.63557,127573.93426396974,-0.04137920184477395,-0.04749355173739955
HDJ,1867-07-12,0.74859338632,7.58334,5.67977,131799.9472373001,0.011491883652611223,0.005588728210629945
HDJ,1868-07-18,0.81285248668,7.54987,5.73183,141813.78140663626,0.06261831377186455,0.053832165601702675
HDJ,1869-07-24,0.7178790398,7.59373,5.78645,124062.08293513294,-0.08851049228452312,-0.09375116443864207
HDJ,1870-07-30,0.7383324717599999,8.04059,5.81178,127040.67802979467,0.018766919209729283,0.015402800919994464
HDJ,1871-08-05,0.7686839908800001,7.99819,5.8393,131639.74977822686,0.0048771113647900766,0.0012298731437607735
HDJ,1872-08-11,0.82159862564,8.91481,5.87985,139731.22199375834,0.041963755711771134,0.03663514283713942
HDJ,1873-08-17,0.86346630396,8.94873,5.96075,144858.6677783836,0.04873968816783747,0.03655359672270264
HDJ,1874-08-23,0.80367837264,8.589,5.990450000000001,134159.93333388976,-0.05907345141693321,-0.06260143823379472
HDJ,1875-08-29,0.76564702604,8.3907,5.98628,127900.30303293532,-0.048330034664291976,-0.04747110054778103
HDJ,1876-09-04,0.7924332702,9.71973,5.998470000000001,132105.89870416955,0.03130057592429347,0.029536683437525024
HDJ,1877-09-10,0.79774783764,9.99175,6.033720000000001,132214.9250611563,0.01851490446143811,0.013471075417888612
HDJ,1878-09-16,1.0298306449599999,10.47871,6.08018,169375.0258972596,0.20419571366226874,0.1987954694147771
HDJ,1879-09-22,1.1338896634,10.85449,6.212889999999999,182505.99373238542,0.07671726254241729,0.059397074447419484
HDJ,1880-09-28,1.0514867038,10.7057,6.30964,166647.6540341446,-0.03497343184323465,-0.04594962056021579
HDJ,1881-10-04,1.2312137552,11.12809,6.43511,191327.5383326781,0.1479470251054995,0.1324792192122457
HDJ,1882-10-10,1.27864044048,11.51131,6.55863,194955.416067075,0.022214108024835477,0.006714006513652393
HDJ,1883-10-16,1.36547644064,11.44311,6.68439,204278.3919908922,0.06862843123634899,0.052699771589751476
HDJ,1884-10-22,1.412400366,11.54493,6.78838,208061.47652311742,0.048503476036569904,0.036356796510953915
HDJ,1885-10-28,1.3984152598000001,11.41466,6.90292,202583.1473926976,0.01929786795634536,0.0060417802868451
HDJ,1886-11-03,1.7493568435200002,11.58245,7.00936,249574.40387139484,0.1490251574930559,0.13568274568441852
HDJ,1887-11-09,2.00914399452,11.83913,7.120379999999999,282168.0857650856,0.098444923055097,0.08554928909571924
HDJ,1888-11-15,2.25301603696,12.06237,7.24518,310967.5725047549,0.030705495976869113,0.01697660562593617
HDJ,1889-11-21,2.18770526988,11.97949,7.43129,294391.0505282394,-0.03602624947530608,-0.0539972624540449
HDJ,1890-11-27,1.96418795716,12.10447,7.56108,259776.11097356465,0.01996136099868573,0.00638256305506002
HDJ,1891-12-03,2.14596645952,12.11565,7.69635,278829.1150376477,-0.02483643222934384,-0.03806431357278128
HDJ,1892-12-09,2.31623819544,12.07209,7.836920000000001,295554.65609448607,-0.026399119562031448,-0.03992213699689395
HDJ,1893-12-15,2.58650414828,12.9455,7.99619,323467.0697269574,0.0685349834197666,0.05220169643753514
HDJ,1894-12-21,2.7340269200400003,12.30919,8.13728,335987.81411479024,0.03199517003457064,0.018456477927023762
HDJ,1895-12-27,2.67489347372,12.95076,8.28401,322898.3878242542,-0.0539843547492459,-0.06667752044356878
HDJ,1897-01-02,2.95597490552,13.33533,8.45887,349452.69350634306,0.06949404476504162,0.05254915267903004
HDJ,1898-01-08,3.13004861,13.47949,8.65725,361552.29547489097,0.02405763491305679,0.007121910571131318
HDJ,1899-01-14,3.14437905236,13.31482,8.83579,355868.4681686641,0.024110596241031512,0.007868185050382559
HDJ,1900-01-20,3.2219075896800002,14.00137,8.99396,358230.14441691985,0.007870993440492802,-0.005559887122914664
HDJ,1901-01-26,3.32130920888,14.16075,9.18541,361585.29764920677,0.024211913621115855,0.008147032804644905
HDJ,1902-02-01,3.3229078308399997,14.30315,9.38895,353916.87364827807,0.0032723548499355992,-0.01318465514903755
HDJ,1903-02-07,3.5779420716,14.55314,9.59766,372793.1674595683,0.04832271356457962,0.031202497750731917
HDJ,1904-02-13,3.6843389232,14.64924,9.7774,376821.9489025712,0.013876049396377432,-0.000195143322751834
HDJ,1905-02-19,3.72859984276,14.8101,10.00196,372786.9180400641,-0.006947363308396737,-0.024030649973151297
HDJ,1906-02-25,3.8340066788400002,15.04888,10.20826,375578.8624937061,0.015267091256503829,-0.0007457403706717658
HDJ,1907-03-03,3.72400405832,15.01485,10.41349,357613.44739563775,-0.003554537143658054,-0.018871704778853693
HDJ,1908-03-09,3.6209548424399998,14.71111,10.60255,341517.3559605943,-0.05248344922964343,-0.0652573659794522
HDJ,1909-03-15,3.6636608658,14.17594,10.82166,338548.8793586196,0.042204685073537584,0.025995517201172325
HDJ,1910-03-21,3.92953068248,13.80773,11.04325,355830.99925112625,0.04421488774108662,0.027962520419842596
HDJ,1911-03-27,4.2915919467200005,14.02823,11.24386,381683.1538919909,0.06587723104503462,0.05147745682506866
HDJ,1912-04-02,4.393092215719999,13.98371,11.44999,383676.51113407087,-0.00003274367693872904,-0.013626210405960348
HDJ,1913-04-08,4.2958002978800005,14.16979,11.66291,368330.0563821551,0.0013930413472087455,-0.0124235081296582
HDJ,1914-04-14,4.2322228156,14.68358,11.88243,356174.8578026549,-0.02978293653062325,-0.043317963057023845
HDJ,1915-04-20,2.90436959696,14.69672,12.10581,239915.34618170946,-0.3402051835452733,-0.3495261577897454
HDJ,1916-04-26,3.49383085428,13.10408,12.321449999999999,283556.7935819242,0.1036611085946817,0.08932816449442416
HDJ,1917-05-02,4.65918457108,14.23102,12.543600000000001,371439.1858063076,0.36080248281143623,0.3425118731086514
HDJ,1918-05-08,5.0150414938,13.80578,12.78253,392335.59348579665,0.06795424804934047,0.05260313721087084
HDJ,1919-05-14,4.91860599984,14.21471,13.00538,378197.7919783966,-0.03951586342658031,-0.051838765523894104
HDJ,1920-05-20,5.1497069598000005,14.86573,13.23231,389176.7166730526,0.07029857723593569,0.05618579194177298
HDJ,1921-05-26,5.0377723005999995,15.18722,13.469449999999998,374014.69997661375,0.0013426120676889308,-0.011919253133905183
LUA,1837-01-13,0.12574064776000002,6.96246,3.17819,39563.60310742907,0,0
LUA,1838-01-19,0.15597529999999998,7.21024,3.2018,48714.8791304891,0.24332666185456597,0.23603269541076988
LUA,1839-01-25,0.17446761019999998,7.13134,3.22353,54123.15387168725,0.07076589014020529,0.06553105990721919
LUA,1840-01-31,0.20556906916,7.24067,3.2434,63380.732922242096,0.32136793343210557,0.3151483046579564
LUA,1841-02-06,0.27412032856,7.1557,3.26213,84031.08660905604,0.37931606249300653,0.3731791564443674
LUA,1842-02-12,0.21467799964,7.26067,3.2819,65412.718132788934,-0.03852265684457301,-0.04275851482270232
LUA,1843-02-18,0.19361746768,7.08317,3.29927,58684.94172347216,-0.05961181840829621,-0.06344430236347887
LUA,1844-02-24,0.190303048,7.10597,3.31615,57386.743060476765,-0.017414575514405395,-0.0212792186241606
LUA,1845-03-02,0.19396524212000002,7.12575,3.33449,58169.38785841313,0.09908895348168523,0.09472038147148343
LUA,1846-03-08,0.18818566467999998,7.14374,3.35127,56153.537220218,-0.09470192468169081,-0.09822343877728412
LUA,1847-03-14,0.23433545304,6.97379,3.3675400000000004,69586.53885031803,0.22232606993387427,0.21789313007897282
LUA,1848-03-20,0.24717698563999999,7.03764,3.38305,73063.35574112118,-0.04879287867806603,-0.052024766767838626
LUA,1849-03-26,0.28151247644,7.03225,3.39761,82856.03010351394,0.11951606699885065,0.11577899111949619
LUA,1850-04-01,0.24294242856,7.0939,3.40807,71284.45969713063,-0.138450428860724,-0.14022803946266538
LUA,1851-04-07,0.18594236752,7.06189,3.42265,54327.01781368238,-0.1438903954354026,-0.14671019397493112
LUA,1852-04-13,0.22505665468,8.45861,3.44455,65337.026514348756,0.03802777866584828,0.03308504913313781
LUA,1853-04-19,0.21996568152,8.46888,3.48157,63180.02554020169,0.08456086709276422,0.07606698945806012
LUA,1854-04-25,0.22144299944,9.10593,3.51697,62964.14227019281,0.01160714136864538,0.003847584755922284
LUA,1855-05-01,0.2205982402,9.13961,3.5599,61967.53847018175,-0.10564848828922369,-0.1139012985225879
LUA,1856-05-07,0.38726778947999996,8.60302,3.59972,107582.7535141622,0.3189763898469349,0.3086615595694344
LUA,1857-05-13,0.3829075146,8.88807,3.63491,105341.67685032092,0.055259828890026785,0.04710173282613961
LUA,1858-05-19,0.35694280544,9.67329,3.67581,97105.89106618678,-0.30053578700975825,-0.3063654939260072
LUA,1859-05-25,0.25439976848,9.45239,3.7225599999999996,68340.00485687269,-0.23785319654749293,-0.2450258514796263
LUA,1860-05-31,0.31259985588,8.29955,3.7566599999999997,83212.17674210602,0.3769900146073457,0.36755451605400635
LUA,1861-06-06,0.380199547,8.99369,3.78525,100442.38742487287,-0.09786104143712127,-0.10282229587605052
LUA,1862-06-12,0.31902489007999996,8.7659,3.80861,83764.12656585999,-0.0721687648149486,-0.07669590944882831
LUA,1863-06-18,0.5208326318,9.00138,3.84409,135489.18776615532,0.6096488433601577,0.598362096991645
LUA,1864-06-24,0.70498031552,9.82568,3.88957,181248.9081106652,0.2854146180799919,0.27440044627216786
LUA,1865-06-30,0.7213851138,9.98106,3.93693,183235.44330226854,0.007684116375445971,-0.0016179854794734494
LUA,1866-07-06,0.74362695992,10.00457,3.98478,186616.8169685654,0.04526152975811182,0.03578427480298352
LUA,1867-07-12,0.76985706044,10.14543,4.03541,190775.4256543945,0.04367889734416619,0.03395871486414581
LUA,1868-07-18,0.7875631296,10.1641,4.08406,192838.2858234208,0.006162653473668955,-0.0031023808060941516
LUA,1869-07-24,1.34270060392,11.96581,4.14069,324269.7724099123,0.6198710251067645,0.603592755196444
LUA,1870-07-30,1.33068386724,12.30883,4.19095,317513.65853565425,-0.027173041899194117,-0.03562257236076127
LUA,1871-08-05,1.39865272924,12.64053,4.25171,328962.4008316654,-0.014219742959140969,-0.024861563198892767
LUA,1872-08-11,1.36169637032,12.75625,4.30764,316111.92446908285,-0.0395460703826106,-0.04884070629176274
LUA,1873-08-17,1.47099342884,12.95699,4.36313,337141.78327026695,0.05149912827827219,0.0414113306449575
LUA,1874-08-23,1.3334722289199998,12.81725,4.4218,301567.7391379076,-0.10301285124808712,-0.11208657393509769
LUA,1875-08-29,1.3853227133200001,12.52284,4.48293,309021.71421815647,0.026018836775077325,0.015544512858885806
LUA,1876-09-04,1.4138787286,12.61747,4.5393,311475.0575198819,0.013370006041350413,0.0038462329350055224
LUA,1877-09-10,1.3876497544,13.17926,4.60301,301465.72664408723,-0.0032833897781517907,-0.013642065240068058
LUA,1878-09-16,1.4894772386000001,12.99917,4.67002,318944.50957383483,0.048278284050500275,0.03684755579517973
LUA,1879-09-22,1.40836873632,13.18744,4.73901,297186.27652610984,-0.1019066421909326,-0.11179854473848827
LUA,1880-09-28,1.43444660164,13.29732,4.81009,298216.1667744263,-0.02211404523521132,-0.032916655156702834
LUA,1881-10-04,1.4814079363200001,13.32268,4.87959,303592.7068298771,0.04608528805992873,0.03467178609757737
LUA,1882-10-10,1.57121496428,13.20109,4.94598,317675.1552331388,0.08514557160403124,0.07426343519853607
LUA,1883-10-16,1.70427885316,14.72769,5.02096,339432.86804913805,0.0885234869921061,0.07628092099088479
LUA,1884-10-22,1.71112446648,15,5.09591,335783.88677979005,0.017004134485786748,0.005546050183931728
LUA,1885-10-28,1.841115276,15.38893,5.17175,355994.6393387151,0.07919582249170443,0.06716719671057247
LUA,1886-11-03,1.98254481412,15.88362,5.25276,377429.1637386821,0.05349679723003575,0.04130453009710222
LUA,1887-11-09,2.04545945448,15.67482,5.33839,383160.3637950768,0.01846339291220933,0.005957783560836205
LUA,1888-11-15,2.18755760704,15.70141,5.42641,403131.64818729146,0.04614154378991531,0.03350256860888323
LUA,1889-11-21,2.22480591476,15.5552,5.51107,403697.6330839565,-0.004738737160994599,-0.01643285006652151
LUA,1890-11-27,2.37979919476,15.65106,5.59675,425210.916113816,0.06039920568001489,0.04813395442659818
LUA,1891-12-03,2.4684212644000003,15.75672,5.68107,434499.35740978376,0.05927947775864029,0.047469711087530175
LUA,1892-12-09,2.41490395224,15.68246,5.76574,418836.77589346725,-0.026539812986754674,-0.037490239899976685
LUA,1893-12-15,2.43932088816,15.77993,5.85248,416801.2343758544,0.021455793409926427,0.010038424613185049
LUA,1894-12-21,2.50975642528,16.15659,5.94557,422122.0884255,0.0027852224180853202,-0.008877587172225643
LUA,1895-12-27,2.48955436444,14.10932,6.03917,412234.5230288268,-0.008055487885674228,-0.019830673255634035
LUA,1897-01-02,2.47238769856,14.07145,6.12728,403504.93180660915,-0.008226474721978572,-0.019106733051757696
LUA,1898-01-08,2.55986579732,14.15177,6.21258,412045.5265477467,0.0809914575792896,0.024187936384889808
LUA,1899-01-14,2.6370611046000003,14.5511,6.30564,418206.733115116,0.08256135535938669,0.07041105910386425
LUA,1900-01-20,2.65729329528,14.96031,6.40669,414768.51467450435,0.0007253159191409342,-0.011157036587881475
LUA,1901-01-26,2.5901360331600003,16.63322,6.50794,397996.2988534006,-0.012287766771081565,-0.024058460660124736
LUA,1902-02-01,2.67357511876,16.62376,6.61636,404085.49697416706,-0.0013024107937650298,-0.013548816577382605
LUA,1903-02-07,2.75492511944,16.60848,6.72644,409566.5938356694,-0.002563079608104646,-0.014899183136258598
LUA,1904-02-13,2.8019680223599996,16.60678,6.83759,409788.8323751497,0.021637092578852712,0.00905980097676018
LUA,1905-02-19,2.813327465,16.58988,6.95236,404657.909688221,0.010994477243351675,-0.001635973660931933
LUA,1906-02-25,3.02373422364,16.01074,7.07432,427424.01017200237,0.048177935528037175,0.034586937922657324
LUA,1907-03-03,3.15010641816,16.06641,7.1961,437751.8959102847,0.03428083584697039,0.020999404697669588
LUA,1908-03-09,3.00546908168,16.0806,7.31994,410586.57334349735,-0.007617014738061201,-0.020351282139833393
LUA,1909-03-15,3.22615388056,16.15165,7.45273,432882.1627188963,0.05872490754627857,0.044488766300234905
LUA,1910-03-21,3.20689747248,16.1102,7.58803,422625.82942871866,0.010525609361334398,-0.003029142425168607
LUA,1911-03-27,3.40832851476,16.29057,7.72414,441256.6984492772,0.05923850697823174,0.04510434727365453
LUA,1912-04-02,3.3044085334,16.32127,7.86041,420386.2818097275,-0.03666715241856977,-0.049419555885936606
LUA,1913-04-08,3.5925841847999997,16.57843,8.00098,449018.01839274686,0.07328250899210365,0.05911352748552723
LUA,1914-04-14,3.99867240136,16.41832,8.14233,491096.8238035059,0.014795441579287694,0.0014964939083650375
LUA,1915-04-20,3.99403960696,16.47987,8.28518,482070.3481348625,-0.017868881257953606,-0.030696687802935108
LUA,1916-04-26,4.1987898056,17.00071,8.42641,498289.28400113445,0.004349257564298048,-0.008455290018869022
LUA,1917-05-02,4.60300817964,16.66327,8.5715,537013.1458484512,0.06294082431629944,0.04932249334527228
LUA,1918-05-08,4.6848324541199995,17.04127,8.71766,537395.6376045865,0.0299476658024298,0.016916290113204502
LUA,1919-05-14,5.00394822668,17.21437,8.86439,564500.0080862868,0.04733244162358918,0.034156948887565264
LUA,1920-05-20,5.10897541804,17.47894,9.01029,567015.6474475295,0.023484353330451846,0.010934363279968773
LUA,1921-05-26,5.13633346928,17.30509,9.16088,560681.2303272174,0.037736570689185456,0.024949867314651097
CIR,1837-01-13,0.26845510275999995,9.55058,6.7708900000000005,39648.42181160822,0.4535257673344322,0.4274222010392903
CIR,1838-01-19,0.17511808184,10.273,6.89817,25386.165003182003,-0.06782181210577021,-0.08103377151573354
CIR,1839-01-25,0.1681903756,11.10996,7.046789999999999,23867.658267097504,-0.08138899257807464,-0.09564441443480554
CIR,1840-01-31,0.16860470379999998,11.09204,7.18824,23455.63083592089,-0.00032265796104713473,-0.01560075872861888
CIR,1841-02-06,0.26879083296,11.07377,7.337700000000001,36631.48302056503,0.3453718000825552,0.3238783487940746
CIR,1842-02-12,0.16567494944,11.74635,7.49246,22112.223413938813,-0.3841699327495246,-0.3934610678759336
CIR,1843-02-18,0.29848260624,11.04627,7.642769999999999,39054.24423867263,0.7356789558338068,0.7090977907734637
CIR,1844-02-24,0.21481645692,11.20855,7.82242,27461.6367978196,-0.20112967174576935,-0.21415942910474284
CIR,1845-03-02,0.2215453188,11.1822,8.01143,27653.654690860432,0.05465675386111535,0.034807814011022176
CIR,1846-03-08,0.22047256764,11.11709,8.18849,26924.691565844252,-0.011548724139852085,-0.02819917971140906
CIR,1847-03-14,0.25401965368,11.14148,8.3844,30296.700262392063,0.1431590876156874,0.12430994444917887
CIR,1848-03-20,0.2292998604,10.3021,8.59721,26671.42717230357,-0.08089588856076146,-0.09913725391233141
CIR,1849-03-26,0.2277333552,11.16887,8.83433,25778.22598884126,-0.020209905415102813,-0.040281097226293916
CIR,1850-04-01,0.22859370404,11.08889,9.07622,25186.00298802806,-0.0012820542210878472,-0.02100952260789246
CIR,1851-04-07,0.24378444688,11.24648,9.33559,26113.448306962924,0.01132687416260536,-0.010810322408218997
CIR,1852-04-13,0.24733289672,11.03609,9.59398,25780.0096227009,0.05413861113596652,0.03299687259078499
CIR,1853-04-19,0.2477183826,11.05213,9.8226,25219.227353246595,0.008488714306534417,-0.009231264097678715
CIR,1854-04-25,0.34196731348000003,11.02945,10.05585,34006.80335128309,0.10658746718409096,0.08767191842366895
CIR,1855-05-01,0.29260551007999996,10.301,10.31753,28360.034822287893,0.128851563760346,0.10804544653262682
CIR,1856-05-07,0.27984227752,10.38366,10.56575,26485.793958781916,-0.02803800278768287,-0.04550134556743912
CIR,1857-05-13,0.38171358056,10.44007,10.82305,35268.577763199835,0.2670484659468979,0.2443993944317624
CIR,1858-05-19,0.34232782168,10.41851,11.07007,30923.726921329315,-0.17846884864441137,-0.19211121688616073
CIR,1859-05-25,0.5622108980799999,9.83682,11.25731,49941.85094662934,0.08261563022086982,0.06865976938528129
CIR,1860-05-31,0.0423828392,8.55891,1.58597,26723.607130021373,-0.9329044720966824,-0.5225007688217967
CIR,1861-06-06,0.03042069888,8.13,1.5981700000000003,19034.707746985612,-0.37835042248944606,-0.38206672718343315
CIR,1862-06-12,0.028085993,8.63737,1.34172,20932.827266493754,0.024309959706508177,0.06985433589418544
CIR,1863-06-18,0.05263287692,8.27942,1.61895,32510.501819080273,1.241088120083489,0.8578279212582776
CIR,1864-06-24,0.0576271618,8.44512,1.6316,35319.41762686933,0.09258818519304923,0.08582193637300262
CIR,1865-06-30,0.061470927439999996,9.01423,1.6489,37279.96084662502,0.0630892377058665,0.05487243123622387
CIR,1866-07-06,0.0624883948,8.5497,1.66208,37596.502454755486,0.06434453396263673,0.05811053776258679
CIR,1867-07-12,0.06227441844,8.76544,1.6793699999999998,37082.01196877401,-0.004008167523360084,-0.012002795263682309
CIR,1868-07-18,0.060681264799999995,10.2694,1.70032,35688.14387879928,-0.023439676209528804,-0.032367238654745334
CIR,1869-07-24,0.060744508759999996,10.10745,1.7201400000000002,35313.70048949504,-0.0008621397435601974,-0.009843487592900657
CIR,1870-07-30,0.1685048404,8.47221,1.73838,96932.10943522128,1.4189129067602835,1.3986732776103592
CIR,1871-08-05,0.07364280872,9.45029,1.45386,50653.30136326744,-0.525073574164457,-0.4692366812279476
CIR,1872-08-11,0.10560371588,8.44571,1.74586,60488.0780131282,0.22169652159466358,0.08424208696393087
CIR,1873-08-17,0.15825906824,10.17214,1.7603899999999997,89900.00411272503,0.13870749658430803,0.1313934374289587
CIR,1874-08-23,0.16757894036,9.41256,1.8130100000000002,92431.33813933734,0.05441688634423825,0.031761826245337854
CIR,1875-08-29,0.16815427772000002,9.30613,1.8265399999999998,92061.64536226966,0.006775285780103335,0.001212848895305596
CIR,1876-09-04,0.17078654735999999,9.47841,1.8423000000000003,92702.89711773326,0.0014762793641034389,-0.0047709839975028645
CIR,1877-09-10,0.16880508268,9.54999,1.85754,90875.61112008354,-0.0156204480013028,-0.021935924157099662
CIR,1878-09-16,0.17718140856,10.0708,1.90853,92836.58551869764,0.02777585913653402,0.004131710283302503
CIR,1879-09-22,0.20303963836000002,10.12051,1.93971,104675.25473395508,-0.10760952923304601,-0.11926964229828141
CIR,1880-09-28,0.19989461804,11.08514,1.9611200000000002,101928.80498898588,-0.01638580503299447,-0.02480229856844285
CIR,1881-10-04,0.201864689,11.11847,1.9879800000000003,101542.61561987545,0.007571599717556499,-0.0028696225434470257
CIR,1882-10-10,0.20233597852000001,10.93752,2.01648,100341.17795366183,0.00281191974894468,-0.007610519638827085
CIR,1883-10-16,0.19971069716,10.51179,2.04107,97846.07934073795,-0.008968362062928947,-0.018195278538359005
CIR,1884-10-22,0.19208876492,10.26692,2.06448,93044.6237890413,-0.03870676267470019,-0.047016896703062194
CIR,1885-10-28,0.19568439540000002,9.5915,2.08643,93789.10167127581,0.030161845866102377,0.022163916991101873
CIR,1886-11-03,0.1944316036,9.3775,2.10656,92298.15604587574,-0.00683872432344701,-0.014115637158471417
CIR,1887-11-09,0.13406940092,7.95891,2.11797,63300.89704764467,-0.19051469927873776,-0.19359421814356037
CIR,1888-11-15,0.14375056332,8.1785,2.1079199999999996,68195.45491289992,-0.016970989144289295,0.04672473567918889
CIR,1889-11-21,0.1381567694,7.8944,2.11099,65446.434800733296,-0.004940309722996861,-0.006036304759715616
CIR,1890-11-27,0.13797564768,8.00825,2.11614,65201.56874308883,0.003023476268313674,0.0013596212086399717
CIR,1891-12-03,0.14248390468,8.36574,2.12143,67164.08492384854,0.03139878632313575,0.029210614524767475
CIR,1892-12-09,0.14365179764,8.33377,2.12934,67463.06256398697,0.0057793675323816185,0.00307008159810529
CIR,1893-12-15,0.14751645168,8.38284,2.14047,68917.78519670913,0.009751520679394776,0.005832380181339358
CIR,1894-12-21,0.15158632996000002,8.38426,2.15177,70447.27362125134,-0.0030326462279492983,-0.0070934247294590635
CIR,1895-12-27,0.15182896352,8.31306,2.16311,70190.12603150093,0.006398518041915491,0.0025723308221052843
CIR,1897-01-02,0.1514198036,8.20676,2.17392,69652.88676676236,-0.013765681619053893,-0.017497118125546884
CIR,1898-01-08,0.15570277944000002,8.40933,2.18584,71232.46872598179,0.017231751337104084,0.012876496293398931
CIR,1899-01-14,0.15372376188,8.43493,2.19931,69896.35925813096,-0.005789557811583079,-0.010218669653866419
CIR,1900-01-20,0.15037614072,8.32873,2.21083,68017.95738252149,-0.015550417250615789,-0.019705510991198993
CIR,1901-01-26,0.14992141320000002,8.21915,2.22103,67500.85014610339,-0.000057281643929929515,-0.003378529526744556
CIR,1902-02-01,0.15084249283999998,8.19181,2.23161,67593.57273000211,0.0046932381786219945,0.001233754191642955
CIR,1903-02-07,0.15562634724,8.19918,2.24329,69374.15458545262,0.014930180165574347,0.010665632717286044
CIR,1904-02-13,0.15741137932000002,8.244,2.25602,69773.92900772157,-0.01980091903732839,-0.023947660935718762
CIR,1905-02-19,0.15858716016,8.28092,2.26973,69870.49568010292,0.00436495213598409,-0.00011617501158278642
CIR,1906-02-25,0.15950328888,8.25396,2.28217,69891.06371567413,0.004326378648615847,0.00007998300417000337
CIR,1907-03-03,0.15199504736,7.88697,2.29408,66255.33868042962,-0.03465145526525448,-0.03825899289434653
CIR,1908-03-09,0.1545522446,7.76468,2.30305,67107.63752415276,0.018416480751367592,0.015302793392397929
CIR,1909-03-15,0.15559738428,8.66296,2.30169,67601.3643366396,-0.02724142397105067,0.08443095801790257
CIR,1910-03-21,0.15623725208,8.43333,2.31985,67347.99753432334,0.01950858466708394,0.013685405567321896
CIR,1911-03-27,0.15637803688,8.27146,2.33348,67014.94629480432,-0.0038623582175768556,-0.008319437793737894
CIR,1912-04-02,0.15810732392,8.24862,2.34727,67357.962194379,0.013632249943362096,0.009139632912401163
CIR,1913-04-08,0.15273686376,7.96779,2.35993,64720.92975639109,0.004015315242925199,0.00007011059668915465
CIR,1914-04-14,0.16126200531999998,7.96447,2.37226,67978.21710942309,0.018673905094559906,0.014589599839842649
CIR,1915-04-20,0.16343340728000003,7.95605,2.3845099999999997,68539.61915865315,0.014519140364555927,0.010628246647882866
CIR,1916-04-26,0.16418136228,7.95294,2.39657,68506.80859728696,0.0026207977666516946,-0.0011247601543463714
CIR,1917-05-02,0.24102517452,7.92518,2.40807,100090.60140278314,0.009851672714707105,0.006078221848897947
CIR,1918-05-08,0.18101315596,8.47653,2.42142,74754.96029602466,-0.010009929636588977,-0.0137812012307309
CIR,1919-05-14,0.17845166248,8.33491,2.4394399999999994,73152.71639392649,-0.016309642342181685,-0.02196150772498895
CIR,1920-05-20,0.17962593376000002,8.27562,2.45656,73120.92265607191,0.005831596004679751,0.00047418359082018746
CIR,1921-05-26,0.1818836396,8.59927,2.47507,73486.26083302694,0.007830469569552356,0.002281282665102191
CHL,1838-05-11,0.73306098632,9.39407,9.83571,74530.56122232151,0.02485547020470591,0.024858193465257417
CHL,1839-05-24,0.7660579706,9.79537,10.64309,71977.02646505854,0.016202280488665455,-0.0599148639955408
CHL,1840-05-23,0.76655809724,9.51808,10.720038040055357,71507.03144669453,0.03332494509407913,0.02591459127470519
CHL,1841-06-05,0.76884578576,9.55688,11.2597,68282.97252679912,-0.02046192741388353,-0.024284934738786124
CHL,1842-06-18,0.79200664504,9.66247,11.60028,68274.78690514367,-0.016589436799097634,-0.05642212230537813
CHL,1843-06-10,0.94509662936,9.68214,11.77512,80262.16542676423,0.09291740653891778,0.08645156655222808
CHL,1844-06-16,1.07949263084,9.41213,12.087887862008786,89303.66025587931,0.16622121517385335,0.0911051196666699
CHL,1845-06-29,1.10766054412,9.88497,13.4313,82468.60275029222,-0.030204499240841343,-0.07757757972566204
CHL,1846-06-28,1.19475581784,9.81711,14.485994123770075,82476.61897636176,0.04091156307516819,-0.011233127996265302
CHL,1847-07-11,1.30691404376,9.96024,14.83085,88121.31764261657,0.09783781480584541,0.07825522830235854
CHL,1848-07-24,1.32194875488,9.61137,13.306128785771149,99348.86217948078,0.11487128627510801,0.09688842276726373
CHL,1849-07-16,1.28078618044,9.77482,15.33153,83539.35846194085,-0.02852056440714179,-0.04182942509890153
CHL,1850-07-22,1.3625880829600001,9.47559,15.456939616451741,88153.80772463628,0.04951445681365274,0.038739049681819404
CHL,1851-08-04,1.36275449388,9.82194,15.758669999999999,86476.49159986217,0.009180077389954855,0.000622001058829591
CHL,1852-08-03,1.4679764683999998,9.77783,16.04174,91509.80307622488,0.025310944678413883,0.02477636600654831
CHL,1853-08-16,1.7117688744000001,9.64123,18.54194,92318.75814504847,0.16375332978639512,0.006628447415291339
CHL,1854-08-29,1.909827283,9.59653,18.644073263707853,102436.1605957443,0.04932014305341026,0.007253821023549545
CHL,1855-08-21,1.96381360084,10.19899,20.42628,96141.51969129965,0.028821526676937603,-0.019887232328059445
CHL,1856-08-27,2.10562515124,10.00117,21.08485,99864.36475668549,0.03413150860243297,0.0016859513188172137
CHL,1857-09-09,1.9490647852,10.444,22.89936,85114.37809615639,-0.053326320496626,-0.1263420170623465
CHL,1858-09-08,1.9360502017999999,10.40132,25.81791,74988.64942204849,-0.051367312529218334,-0.10503436370111141
CHL,1859-09-21,2.1716075316,9.72977,29.06507,74715.37249351197,0.10288831745787785,-0.007260454764410396
CHL,1860-10-04,1.97357931836,9.94117,30.28782,65160.82433004422,-0.12271987748150082,-0.14929303816312767
CHL,1861-09-26,2.0962898502,9.96848,30.73596,68203.16821729337,0.049816041915341946,0.04127739530485486
CHL,1862-10-02,2.1835396455600002,9.98043,30.926570000000005,70604.00314551532,0.034369394226408057,0.027424463560079104
MKT,1837-01-20,0.01165308508,8.9981,0.62,18795.298516129034,0.027533370696859683,0.026622247562061885
MKT,1838-02-02,0.01216845656,9.85475,0.624287627968138,19491.747096774194,0.0336104510721964,0.032535846836225346
MKT,1839-02-01,0.012745112119999999,9.0024,0.62,20556.632451612903,0.06401408182362678,0.0636548139659483
MKT,1840-02-14,0.13018736536,9.3422,0.591310416039486,220167.54961290324,2.0524766281627294,1.6001115350857607
MKT,1841-02-27,0.13077277668,9.90926,0.62,210923.83335483872,-0.018860007973353077,-0.01997049793588357
MKT,1842-02-19,0.14275390324,9.91456,0.62,230248.2310322581,0.08186138293506673,0.079496296955341
MKT,1843-02-25,0.1432895438,11.98405,0.62,231112.16741935487,0.015362000340994442,0.011064526244138673
MKT,1844-03-10,0.14526257252,11.79867,0.62,234294.4718064516,0.03949767133695836,0.04035155413323066
MKT,1845-03-09,0.13159995264,9.96251,0.6170323488418341,213278.8546451613,-0.07388845400505206,-0.07479773340571638
MKT,1846-03-22,0.12929325552,9.90062,0.62,208537.50890322583,-0.002659392743912581,-0.003533367539211185
MKT,1847-04-04,0.12950863068000001,9.87579,0.62,208884.8881935484,0.0014166912920026142,-0.001814699125266328
MKT,1848-03-27,0.13050814192,11.71872,0.62,210497.0030967742,0.03770087008807588,0.03882988696707912
MKT,1849-04-02,0.1243254662,11.69021,0.6162835888819128,201734.18283870968,-0.05431503260268622,-0.048762017735563434
MKT,1850-04-15,0.12475893403999999,9.74322,0.62,201224.0871612903,0.0005018491110182488,0.0006017804904350221
MKT,1851-04-14,0.12540820552,9.76604,0.6241090933371098,200939.5582580645,0.004433857184904744,0.003385599413111118
MKT,1852-04-27,0.10441088944,9.71266,0.62,168404.66038709678,-0.07979662097754858,-0.08135904885664602
MKT,1853-05-10,0.1137395454,9.59146,0.617607154432303,184161.63832258066,0.009493864247431372,-0.006370232498845052
MKT,1854-05-02,0.11098750104,10.01068,0.62,179012.0984516129,-0.02595998882977557,-0.02520875998073957
MKT,1855-05-08,0.111345845,9.98706,0.645986482128371,172365.596,-0.026026739876887306,-0.027937418371234535
MKT,1856-05-21,0.1095618654,10.19578,0.62,176712.68612903226,0.009975802404034395,0.006860772675703286
MKT,1857-05-20,0.11307171616,10.24,0.62,182373.73574193547,0.03416528208953307,0.03453011556631913
MKT,1858-06-02,0.11557056732,10.22461,0.62,186404.1408387097,0.01911359804249413,0.019423043693697073
MKT,1859-06-15,0.09168098368000001,10.02178,0.5197381106587269,176398.42412903227,-0.0606654740813124,-0.0647299302607458
MKT,1860-06-07,0.15647263996,10.77836,0.84298,185618.44878882062,0.20947324461621175,-0.13521483829086212
MKT,1861-06-13,0.156340366,10.22025,0.84298,185461.53645400843,0.015533143338595234,0.015797430132884926
MKT,1862-06-26,0.15377640148,10.02974,0.84298,182419.98799497023,-0.02320332251564805,-0.022838895600281073
MKT,1863-06-25,0.15293109156,10.57775,0.84298,181417.2240859807,-0.013154284230749935,-0.006622189173576043
MKT,1864-07-08,0.2650324118,10.01686,0.84298,314399.4066288643,0.2739120374434034,0.32772546548451365
MKT,1865-07-21,0.24843212367999998,8.37872,0.84298,294707.0199530238,-0.3732303777166559,-0.35221505801967745
MKT,1866-07-13,0.07025561036000001,7.05892,0.84298,83341.9658354884,-0.8510285221416314,-0.8529878122855805
MKT,1867-07-19,0.31501033356,12.6312,0.84298,373686.60414244706,1.157298937740273,1.2056103306094053
MKT,1868-08-01,0.2843963148,9.57334,0.8429799999999998,337370.1805499538,-0.028872167948263305,-0.034373720775609407
MKT,1869-07-31,0.310374168,10.69211,0.84298,368186.8703883841,0.019783018631177374,0.06339919746153466
MKT,1870-08-13,0.23089772003999998,10.28535,1.0468764033694369,220558.72049158937,-0.48492503678357135,-0.448412132098309
MKT,1871-08-26,0.0243911122,8.72406,0.84298,28934.390139742343,-0.9026188044370067,-0.9008802061362262
MKT,1872-08-18,0.30487586219999996,9.59774,0.84298,361664.4074592517,4.375425280481176,4.381517404621049
MKT,1873-08-24,0.30137469128000005,12.79598,0.84298,357511.0812593419,0.019947198749977302,0.014941816945496678
MKT,1874-09-06,0.29689004696,9.55656,1.0298744276342071,288277.9094165935,0.7702015214450044,0.6732921671277867
MKT,1875-09-05,0.29473729896,12.5236,0.84298,349637.35671071673,0.01686898218442967,0.021783674432532374
MKT,1876-09-18,0.30809368668,12.554,0.84298,365481.60891124344,0.04408941397663657,0.029768074844891412
MKT,1877-10-01,0.035636930160000004,10.40557,0.8429800000000001,42274.94146954851,-0.3290129841307724,-0.3175158220293165
MKT,1878-09-23,0.0215647536,9.69668,0.84298,25581.57204204133,-0.5990406561343959,-0.6047381162522152
MKT,1879-09-29,0.0220185316,9.82272,0.84298,26119.87425561698,3.163552947819446,3.3555564524134605
MKT,1880-10-12,0.09474956972,9.81356,0.84298,112398.36024579468,5.669603138001812,5.73747003785169
MKT,1881-10-11,0.11449138012,9.49245,0.6239966630513244,183480.7570286365,0.5516077731162754,0.5446726800062827
MKT,1882-10-24,0.14840777744,10.57016,0.84298,176051.36235735132,0.8577105401459892,0.9542760359486098
MKT,1883-11-06,0.10568888616,10.75757,0.84298,125375.31870269758,-0.39478576402948684,-0.3923929664168503
MKT,1884-10-29,0.11014847012,9.98869,0.84298,130665.57939690148,-0.4119244059010233,-0.4089354597425614
MKT,1885-11-04,0.13384947003999997,10.92207,0.7146180813911228,187302.10377470404,0.07446447513309185,0.10066801496230271
MKT,1886-11-17,0.22255581088,9.704,0.84298,264010.78421789367,0.7653010666332873,0.7152255090382149
MKT,1887-11-16,0.28449205304,12.21573,0.84298,337483.7517378823,0.10855606663974049,0.09757099996424023
MKT,1888-11-29,0.15596293804,9.18303,1.00503,155182.37071530204,-0.3885971554475557,-0.44031642263576043
MKT,1889-12-12,0.08276481148,10.62127,0.5728762686492871,144472.4035700427,-0.0011105929161482342,-0.06475228353811946
MKT,1890-12-04,0.2475549882,10.16634,1.00503,246316.01862630964,1.9482703209722514,1.9518356394415348
MKT,1891-12-10,0.10040131243999999,9.6296,1.00503,99898.82136851635,-0.6906047889158127,-0.6912998099340163
MKT,1892-12-23,0.12322315252,9.8492,1.00503,122606.44211615573,0.1596344149478668,0.14462629642993985
MKT,1893-12-22,0.27781252148,12.10522,1.00503,276422.1182253266,1.13366821485217,1.0641731177662686
MKT,1895-01-04,0.29806436088,12.00337,1.00503,296572.60069848655,-0.07061318984005616,-0.059227788888873034
MKT,1896-01-17,0.31402450092,12.5164,1.00503,312452.86301901436,-0.0156099340302992,-0.019495097489704794
MKT,1897-01-09,0.3350508408,12.98899,1.00503,333373.96973224677,0.0272146443178638,0.02600512577300096
MKT,1898-01-15,0.33067940672,11.56176,1.00503,329024.4139179925,0.016057805572378125,0.01172022913485482
MKT,1899-01-28,0.27584457887999997,10.64368,1.00503,274464.0248350795,-0.20868313764238644,-0.20997153247033118
MKT,1900-01-27,0.30919546476,11.98366,1.00503,307647.9953434226,0.13032374466024876,0.14205973845678344
MKT,1901-02-09,0.29861347152,11.75666,1.0527691076947947,283645.738972966,0.012369562081876673,0.023980182230919578
MKT,1902-02-22,0.30397103516,12.30875,1.00503,302449.71310309146,0.021328171192189993,0.020503293835203662
MKT,1903-02-14,0.268481798,11.77094,1.00503,267138.093390247,-0.08237125946313284,-0.08077258633458051
MKT,1904-02-20,0.36796278532000004,12.26162,1.00503,366121.19570560084,0.4181402767391851,0.41556560214810134
MKT,1905-03-05,0.362170042,13.20169,0.988478111197175,366391.56486871035,-0.0022012533555066938,-0.002859993249307635
MAH,1883-01-23,0.00005354336,7.65455,0.0829,645.8788902291918,-0.014779002803328667,-0.0021360225760709284
MAH,1884-02-05,0.00003783728,5.80259,0.0829,456.4207478890229,-0.24324968274933312,-0.2383789138373087
MAH,1885-02-04,0.00003783728,5.86582,0.0829,456.4207478890229,0.04123255990294239,0.12163883249703167
MAH,1886-02-17,0.000043050800000000005,6.44583,0.0829,519.3100120627262,0.2540343141867518,0.27666589564815136
MAH,1887-03-02,0.000022840479999999998,4.08517,0.0829,275.51845597104943,-0.3893761652394053,-0.38507812614621695
MAH,1888-02-22,0.00002051088,4.17012,0.0829,247.41712907117008,-0.1321548067967051,-0.13036110511123777
MAH,1889-02-28,0.0000186368,4.26853,0.0829,224.810615199035,-0.07374812492290828,-0.0744706145867432
MAH,1890-03-13,0.00001501448,4.38424,0.0829,181.1155609167672,-0.047266797249784664,-0.04647221283951586
MAH,1891-03-12,0.00001291108,4.70071,0.0829,155.7428226779252,-0.06214733587861665,-0.040412758940533866
MAH,1892-03-25,0.0000099268,4.63314,0.0829,119.74427020506634,-0.18801041775730243,-0.18086247586354842
MAH,1893-04-07,0.00000911716,3.96236,0.0829,109.97780458383595,-0.17146253335175077,-0.1755384181322297
MAH,1894-03-30,0.0000072248799999999995,4.08655,0.0829,87.15174909529553,-0.06918382478754359,-0.062265442308789165
MAH,1895-04-05,0.00000551356,3.96821,0.0829,66.50856453558504,-0.2368648337411834,-0.23686483374118306
MAH,1896-04-18,0.00002052856,6.60504,0.02806,731.5951532430505,1.9970762991606148,7.000009928738278
MAH,1897-04-17,0.00001870856,8.46643,0.028059999999999998,666.7341411261582,-0.08865697350423007,-0.08865697350423007
MAH,1898-04-30,0.0000168168,8.61482,0.02806,599.3157519600855,-0.0808938795930848,-0.09100561454222023
MAH,1899-05-13,0.00001482208,8.79477,0.028060000000000005,528.2280826799714,-0.07526283240568965,-0.07959802102659252
MAH,1900-05-05,0.00001501448,8.69522,0.02806,535.0848182466144,0.00995528194972839,0.010067009748285782
MAH,1901-05-11,0.000013020799999999999,9.24881,0.02806,464.03421240199566,-0.09584307799992242,-0.09262211914770258
MAH,1902-05-24,0.000009308,11.10044,0.02806,331.71774768353526,-0.17854100106496285,-0.16884984025559113
MAH,1903-05-23,0.000009308,10.71221,0.02806,331.71774768353526,0,2.220446049250313e-16
MAH,1904-06-05,0.000007506719999999999,10.90712,0.028060000000000005,267.52387740555946,-0.19351955307262536,-0.1935195530726257
MAH,1905-06-18,0.000007506719999999999,13.50731,0.028060000000000005,267.52387740555946,0,2.220446049250313e-16
MAH,1906-06-10,0.00000551408,13.62347,0.02806,196.5103349964362,-0.2654474923801605,-0.26544749238016074
MAH,1907-06-16,0.00000551408,12.80012,0.02806,196.5103349964362,0.35814778325123187,0.31244842950657326
MAH,1908-06-29,0.00000551408,12.96034,0.02806,196.5103349964362,2.220446049250313e-16,-1.1102230246251565e-16
MAH,1909-06-28,0.0000036025599999999998,13.44248,0.02806,128.38774055595152,-0.18493021501320295,-0.2080347038853264
MAH,1910-07-11,0.00000341068,13.7205,0.026565464780600463,128.38774055595152,-0.0035508083140878277,-0.0053262124711316305
MAH,1911-07-24,0.0000036025599999999998,14.04955,0.02806,128.38774055595152,0.03388740931214995,0.030492339729287554
MAH,1912-07-16,0.0000036025599999999998,14.2807,0.02806,128.38774055595152,-1.1102230246251565e-16,0
MAH,1913-07-22,0.00000159016,14.50042,0.028059999999999998,56.66999287241625,-0.5586027713625863,-0.5586027713625866
ABU,1837-01-13,0.043144403639999995,6.92572,0.6040200000000001,71428.7666633555,0,0
ABU,1838-01-19,0.0485085458,7.33985,0.60646,79986.38953929361,0.10673289324193003,0.10316654215187904
ABU,1839-01-25,0.048886299279999997,7.351,0.60861,80324.50876587634,0.022419981925021037,0.019499620486599145
ABU,1840-01-31,0.044390228999999996,7.37061,0.60993,72779.21892676209,-0.040881222418395535,-0.04241825564858115
ABU,1841-02-06,0.04784581464,7.24989,0.61272,78087.5679592636,0.04113762797466203,0.03779425461921426
ABU,1842-02-12,0.04824780376,7.35355,0.61452,78512.99186356833,0.014844615135556571,0.01230460693570623
ABU,1843-02-18,0.0508176474,7.44277,0.61638,82445.32171712256,-0.026075778331943522,-0.028390881352117203
ABU,1844-02-24,0.05080331256,7.39064,0.61645,82412.7059128883,0.06058304520371682,0.06037898012282805
ABU,1845-03-02,0.050431280120000005,7.50191,0.61823,81573.65401226083,0.005007382099463609,0.0028513262405256423
ABU,1846-03-08,0.05823154688,7.74346,0.62067,93820.46317688949,0.14010152161265688,0.13681465002920312
ABU,1847-03-14,0.0643889246,7.45322,0.62439,103122.92733708098,0.04664812516789518,0.042235009864057815
ABU,1848-03-20,0.06587708816,7.3578,0.62772,104946.61339450712,0.009907648004738645,0.005791888456433636
ABU,1849-03-26,0.06824437724,7.3775,0.63081,108185.31291514085,0.016740374291812632,0.012918840784805319
ABU,1850-04-01,0.06840257476,7.38415,0.63422,107853.07111097097,-0.01210605130050868,-0.016043598336326403
ABU,1851-04-07,0.07115586504,7.38028,0.63745,111625.79816456194,0.014145004277408502,0.010193219358784145
ABU,1852-04-13,0.06992098256,7.40044,0.641,109081.0960374415,-0.014806868370666582,-0.018691261906689127
ABU,1853-04-19,0.07407761087999999,7.39765,0.64428,114977.35593220338,0.06876740249628699,0.06450470279311493
ABU,1854-04-25,0.07225744551999999,7.3893,0.64824,111467.11946192766,-0.005018825073538125,-0.009768526501654495
ABU,1855-05-01,0.07177770132,7.40041,0.6527,109970.43254174966,0.002154115698251635,-0.0028473486311078045
ABU,1856-05-07,0.0731356158,7.39135,0.657,111317.52785388127,-0.01793828769298733,-0.022844576627473856
ABU,1857-05-13,0.07599846176000001,7.43196,0.66123,114934.98746275881,0.03923560474863508,0.03412135975918207
ABU,1858-05-19,0.09187727432,7.55352,0.66571,138013.9615147737,0.2926955538141107,0.28634871521272265
ABU,1859-05-25,0.07357433616,7.70268,0.67007,109800.97028668647,-0.18521810528170113,-0.1893018754601289
ABU,1860-05-31,0.12402424944,6.87235,0.67388,184045.00718228763,0.5847633676634851,0.5779010198307206
ABU,1861-06-06,0.13616043583999998,6.58333,0.67635,201316.53114511716,0.06128106906254582,0.05844022667137416
ABU,1862-06-12,0.12872750228,6.96216,0.67855,189709.67840247587,-0.07543430887641656,-0.07764057834446503
ABU,1863-06-18,0.11339646084,6.9375,0.68067,166595.35581118605,-0.049301056320339764,-0.05111667250611174
ABU,1864-06-24,0.15553400148000002,6.90987,0.6843,227289.20280578695,0.18534152354221356,0.180247089364453
ABU,1865-06-30,0.15399349836,6.36491,0.68591,224509.77294397223,-0.03804375472842714,-0.039926522388424646
ABU,1866-07-06,0.15307716684,6.69154,0.68778,222567.05173165837,0.039286719511450796,0.037338502028459564
ABU,1867-07-12,0.16051534564,6.79727,0.68921,232897.58657013104,0.12304103094586472,0.1211242040646121
ABU,1868-07-18,0.13891254884,7.27176,0.69114,200990.4633504066,0.01679695299909878,0.014346351820291536
ABU,1869-07-24,0.15416102780000002,7.58397,0.69345,222310.2282788954,0.046089597282908956,0.04371721442188092
ABU,1870-07-30,0.14976789828,7.62386,0.69532,215394.20451015356,-0.01931711684891002,-0.02140035784700156
ABU,1871-08-05,0.15049545316000001,7.5562,0.69773,215692.9659897095,-0.020150204339955846,-0.02250520393793287
ABU,1872-08-11,0.14760987072,7.55054,0.69991,210898.3593890643,-0.02055385163288792,-0.022985766469538094
ABU,1873-08-17,0.1453942334,7.60657,0.7022,207055.3024779265,-0.010859300305517516,-0.013340969462501073
ABU,1874-08-23,0.1393590562,7.52366,0.70503,197664.00890742237,-0.03700702916549914,-0.03982560967912885
ABU,1875-08-29,0.13863974332,7.51444,0.7077,195901.8557580896,-0.004498788327454872,-0.007413974987839911
ABU,1876-09-04,0.132686307,7.71186,0.71053,186742.7230377324,-0.03917573372855765,-0.042257955806256464
ABU,1877-09-10,0.1337735672,8.24364,0.71465,187187.52844049534,0.0031444500369668393,-0.0009293263159889653
ABU,1878-09-16,0.17747381652,7.89128,0.71896,246847.97001223988,0.13524304753882266,0.13003141800530238
ABU,1879-09-22,0.17359058756,7.90769,0.72329,240001.3653721191,-0.01990113203692534,-0.024521825759627913
ABU,1880-09-28,0.09682383152,9.6747,0.7328299999999999,132123.18207496966,-0.42280397463942443,-0.4286353212366716
ABU,1881-10-04,0.2289226134,13.10766,0.74449,307489.17164770514,0.811893615042093,0.7902720710636799
ABU,1882-10-10,0.23616314436,14.50086,0.75752,311758.2959657831,0.001460524805848351,-0.0109985115190534
ABU,1883-10-16,0.23669914164,14.81227,0.76965,307541.274137595,0.008163198427378004,-0.0042260493448181835
ABU,1884-10-22,0.23875271992,14.99413,0.78203,305298.6713041699,0.002137697804907024,-0.00999160880442762
ABU,1885-10-28,0.22758216936,15.72153,0.795,286266.8796981132,-0.0436015542254059,-0.05499154305459386
ABU,1886-11-03,0.19669206128,15.53515,0.80785,243475.9686575478,-0.04934981212776901,-0.060959806877288636
ABU,1887-11-09,0.23830201668,15.58413,0.82127,290162.81695422943,0.1440012644658093,0.12971633231149626
ABU,1888-11-15,0.23310529112,15.53727,0.83546,279014.3048380533,0.07064740020375071,0.057075504348659045
ABU,1889-11-21,0.22886778044,15.53558,0.84876,269649.5834393704,-0.04628761197884079,-0.057862591796100205
ABU,1890-11-27,0.2599201176,14.67982,0.86207,301506.97460763046,0.14403811175303316,0.13061811247025634
ABU,1891-12-03,0.24695484216,14.58501,0.87543,282095.4755491587,-0.0228319640443293,-0.03393779183251322
ABU,1892-12-09,0.22972867788,14.39154,0.88846,258569.5224095626,-0.03805140205453095,-0.04886683961413041
ABU,1893-12-15,0.24251899932,14.03564,0.90283,268620.8913305938,0.10441807009182824,0.09152807519047124
ABU,1894-12-21,0.24999752492,13.47295,0.9163099999999998,272830.72859621746,0.017521764811021745,0.005896265278534374
ABU,1895-12-27,0.25245422748,14.10417,0.93045,271324.8723520877,0.0009466391847083866,-0.010584796234515026
ABU,1897-01-02,0.39765645503999997,15.02853,0.94836,419309.60293559404,0.37244442172287373,0.3529911005739548
ABU,1898-01-08,0.38884138072,15.19718,0.96615,402464.8146975108,-0.02294041163928673,-0.036897957700165684
ABU,1899-01-14,0.37030686836000004,14.90107,0.98492,375976.5954189173,-0.054531130478075895,-0.0677858848032068
ABU,1900-01-20,0.37510703568,14.77943,1.00403,373601.4219495433,-0.020755115355838738,-0.03474752370886158
ABU,1901-01-26,0.36920353028,14.00976,1.02281,360969.8089381215,0.014908851508642407,0.0005424017904296363
ABU,1902-02-01,0.36954462428,13.94787,1.04286,354356.888057841,0.020311574437024582,0.005895767457357204
ABU,1903-02-07,0.33761732888,13.3955,1.06197,317916.07002081035,-0.048316602832231825,-0.0615283202618474
ABU,1904-02-13,0.32754005908,13.27051,1.08172,302795.60244795325,0.007418466076714703,-0.006516925254464567
ABU,1905-02-19,0.35024479255999996,13.11722,1.10285,317581.53199437814,0.01791608470632111,0.0035268938980215214
ABU,1906-02-25,0.35651118152,13.05532,1.12317,317415.1566726319,-0.04194754526551048,-0.05551323937138963
ABU,1907-03-03,0.32962630272,13.10746,1.14451,288006.4855003451,-0.061843823210808946,-0.07492002723110558
ABU,1908-03-09,0.368276857,13.41252,1.16708,315554.08112554415,0.09579220166926494,0.08004834003870531
ABU,1909-03-15,0.37116484236,13.34794,1.18963,312000.23735110916,0.03480967319761308,0.019544151583858138
ABU,1910-03-21,0.29368892956000003,13.28333,1.21353,242012.08833732994,-0.17965557883234773,-0.1916829152600007
ABU,1911-03-27,0.36944079327999996,11.9062,1.23128,300046.12539795984,0.0650226467226922,0.05399763588422424
ABU,1912-04-02,0.4613033022,13.58164,1.25238,368341.31988693523,0.22484101964802194,0.20881815094280065
ABU,1913-04-08,0.43733339468000004,13.87251,1.27644,342619.6254269688,-0.02349535175935613,-0.037147413522673034
ABU,1914-04-14,0.44541446664,14.12259,1.29987,342660.77887788776,0.016765527007587266,0.00261435666748544
ABU,1915-04-20,0.54187587324,13.91143,1.32462,409080.24432667485,0.008716935799388148,-0.005275912158427265
ABU,1916-04-26,0.603782478,14.24901,1.34827,447820.15323340276,0.06163611721839746,0.047578053706686774
ABU,1917-05-02,0.6273091136000001,14.55451,1.37257,457032.51098304644,-0.0035869638032521856,-0.016988453047870666
ABU,1918-05-08,0.5250238188,14.99342,1.39776,375618.0022321429,-0.15399203188684474,-0.16542231823914433
ABU,1919-05-14,0.5922918377999999,14.39249,1.42355,416066.7611253556,0.1416441834804052,0.1257931611460379
ABU,1920-05-20,0.6012146862800001,14.61537,1.45153,414193.77228166146,0.049307990358807396,0.034053810702955545
ABU,1921-05-26,0.77155617708,15.01556,1.48016,521265.3882553238,0.11161639575230842,0.09506889340193792
BNJ,1837-01-13,0.16681461212,6.61583,1.60053,104224.60817354251,0,0
BNJ,1838-01-19,0.14416399972,7.28543,1.60584,89774.82172570119,-0.12707285303998594,-0.12915568149468692
BNJ,1839-01-25,0.18376264920000002,6.60836,1.61099,114068.15014370048,0.06063791164024601,0.0581052296936182
BNJ,1840-01-31,0.20335229668,6.65878,1.61533,125889.01133514514,0.07150243398702005,0.06944322976843376
BNJ,1841-02-06,0.1926443454,6.7157,1.61973,118936.0852734715,-0.03849555784940828,-0.04039293903087238
BNJ,1842-02-12,0.22214928839999998,7.68005,1.62738,136507.3236736349,0.1407810077690943,0.1368277538970144
BNJ,1843-02-18,0.22466842216,8.02015,1.6372599999999997,137222.20182500032,0.013632826830121791,0.008982835839785208
BNJ,1844-02-24,0.20802643836,8.08474,1.64504,126456.7660117687,-0.0427248732009885,-0.04590582022986678
BNJ,1845-03-02,0.21154337568,8.09873,1.65586,127754.384839298,0.007078370017863156,0.0020720083059504457
BNJ,1846-03-08,0.21931348192,8.33676,1.66749,131523.11673233422,0.026909892109142408,0.021460284923837225
BNJ,1847-03-14,0.204831211,9.04052,1.68199,121779.0896497601,-0.16147009315388128,-0.1667717896981986
BNJ,1848-03-20,0.28550252016,8.91507,1.70017,167925.86633101397,0.3442176150567249,0.33310596306504436
BNJ,1849-03-26,0.27681569968,8.21456,1.71763,161161.4257319679,0.002630443870434096,-0.005220429561170636
BNJ,1850-04-01,0.31186252915999996,8.35344,1.73208,180050.88053669574,0.06396987678033161,0.0573506226030136
BNJ,1851-04-07,0.32525832924,8.53021,1.74799,186075.62356764055,0.01035302189466658,0.0032576293754087438
BNJ,1852-04-13,0.35646512096,8.2736,1.76372,202109.81389336174,0.10445756015362107,0.09692758200928164
BNJ,1853-04-19,0.3878648722,8.40404,1.77777,218174.94512788492,0.06236818034268343,0.056204984249366374
BNJ,1854-04-25,0.26400082332,9.7119,1.79661,146943.86835206306,-0.34444833057202273,-0.3495779744916131
BNJ,1855-05-01,0.43089541352,9.09257,1.81851,236949.70801370352,0.894786368302041,0.87714541868539
BNJ,1856-05-07,0.41812928768,9.23013,1.8371099999999998,227601.66113079785,-0.048338407120808835,-0.055475452838699035
BNJ,1857-05-13,0.6837406638400001,10.63488,1.8585900000000002,367881.38526517415,0.677914649087727,0.6632278369884439
BNJ,1858-05-19,0.6558628029200001,10.87079,1.8834499999999998,348224.1646552869,-0.016051565838823167,-0.026120777528458428
BNJ,1859-05-25,0.68221421164,10.7627,1.90364,358373.5431279023,0.01072715380159206,0.002567028817785255
BNJ,1860-05-31,0.69958648552,10.99381,1.92992,362495.0700132648,0.027270604795409437,0.016424113997637546
BNJ,1861-06-06,0.6975521358000001,11.44289,1.9608999999999999,355730.60115253204,0.014443289594902486,0.002823780001958598
BNJ,1862-06-12,0.64909597844,11.58485,1.9932300000000003,325650.3155380964,-0.10276607963361628,-0.1138635560563318
BNJ,1863-06-18,0.6811258012,11.83829,2.02696,336033.17342226784,0.04105551033474031,0.028014104652682503
BNJ,1864-06-24,0.53840030244,10.93893,2.05887,261502.8158358711,-0.055247563599611915,-0.06632739207623828
BNJ,1865-06-30,0.57689372936,11.27117,2.08908,276147.2654757118,0.08792301092310595,0.07580518024795202
BNJ,1866-07-06,0.65591596564,11.16072,2.11451,310197.61819050275,0.128288353199288,0.11746781466543199
BNJ,1867-07-12,0.7333374984000001,10.17765,2.12079,345785.0604727484,-0.01398340819967192,-0.015979486842231605
BNJ,1868-07-18,0.7727860010000001,10.32226,2.1361,361774.26197275415,0.020062945247874886,0.014530893829178382
BNJ,1869-07-24,0.74475886004,10.34719,2.16107,344625.05149763776,-0.058911667929196,-0.06703071401627658
BNJ,1870-07-30,0.7602221822,12.61626,2.19408,346487.9048165974,-0.03007530756812349,-0.04129777125350731
BNJ,1871-08-05,0.7871183912799999,12.6539,2.23059,352874.52704441425,0.08302875140254029,0.06932441347211604
BNJ,1872-08-11,0.6977468445999999,12.68965,2.26715,307763.8641466158,-0.12218454351745212,-0.13269471365128171
BNJ,1873-08-17,0.69977153064,12.84888,2.30478,303617.49522297137,0.02283025245165482,0.010035031547867224
BNJ,1874-08-23,0.7724913482,13.20685,2.34757,329059.984664994,0.13383036830705142,0.11840796315291313
BNJ,1875-08-29,0.6861799926800001,13.25284,2.39092,286994.1247218644,-0.0776048850902411,-0.09030423807417709
BNJ,1876-09-04,0.8000871736,13.31545,2.43441,328657.5283538927,0.10211258028635029,0.086957675064808
BNJ,1877-09-10,0.70787983812,13.27453,2.48083,285339.9217681179,-0.06922758165679721,-0.0819909290940195
BNJ,1878-09-16,0.7820922434,13.37795,2.52668,309533.5552582836,0.08593997347631044,0.07080619546649092
BNJ,1879-09-22,0.8063733652,13.70812,2.5739,313288.5369283966,0.028861736733282628,0.014300813249113142
BNJ,1880-09-28,0.74155827148,13.82237,2.62405,282600.6636611345,-0.052797139248062175,-0.06609427091601505
BNJ,1881-10-04,0.6479299881599999,13.70703,2.66998,242672.22532003984,-0.09881652940684948,-0.11063393215728956
BNJ,1882-10-10,0.78114025704,13.83381,2.71855,287337.09405381547,0.19443389809601452,0.17803926314595353
BNJ,1883-10-16,0.7709865722000001,13.35565,2.7684400000000005,278491.3424889107,-0.07981474854907555,-0.09209961247294096
BNJ,1884-10-22,0.64886756688,12.86126,2.81614,230410.26613733696,-0.15713953528255775,-0.16805831587917874
BNJ,1885-10-28,0.811090007,13.36018,2.86633,282971.6072468976,0.21265012264669103,0.19685386330876864
BNJ,1886-11-03,0.78494385684,13.11834,2.91614,269172.21287043835,-0.009250184948970341,-0.022092461564220178
BNJ,1887-11-09,0.75236872984,13.32256,2.96637,253632.8003047496,-0.006528811793797162,-0.01952157093848017
BNJ,1888-11-15,0.81688129796,13.54658,3.0197100000000003,270516.4727606293,0.005885197453447288,-0.007158772374294076
BNJ,1889-11-21,0.82993545232,13.64549,3.0715199999999996,270203.4993488566,-0.014357601799107389,-0.027027670580722085
BNJ,1890-11-27,0.97054332596,13.41993,3.12277,310795.6480816711,0.1571699668159774,0.1425514738725402
BNJ,1891-12-03,0.93283824192,13.56749,3.1779800000000002,293531.81641168287,-0.013940096488871845,-0.026549338521022703
BNJ,1892-12-09,0.9921671448,13.86191,3.2232800000000004,307812.8939465389,0.00481739628998179,-0.005741661061286485
BNJ,1893-12-15,1.0086389378,13.50885,3.27718,307776.48398928344,0.003510529434840537,-0.008777285235630816
BNJ,1894-12-21,0.6097349538800001,13.38234,3.33471,182844.97119089818,-0.213145114019633,-0.22314854219160818
BNJ,1895-12-27,0.8702250835199999,13.28731,4.02334,216294.19425651323,0.3546802435544669,0.3088687833886843
BNJ,1897-01-02,0.92193800296,11.69233,4.02565,229015.93605007886,0.048417794306609085,0.047942328255817346
BNJ,1898-01-08,0.87541652328,11.98883,4.07763,214687.5815804769,0.0350671468900301,0.024442560378023614
BNJ,1899-01-14,0.8922088354400001,12.29962,4.13581,215727.71366189452,0.04333978255959492,0.03198696564274539
BNJ,1900-01-20,0.87022106184,12.69164,4.20124,207134.3369671811,-0.051380047804397866,-0.0621744042535497
BNJ,1901-01-26,0.8115282786,13.09576,4.26419,190312.41070402582,-0.02296095730704517,-0.034023154098256736
BNJ,1902-02-01,0.86939545784,13.06279,4.33287,200651.1752810493,0.06996574079292595,0.05690588249419637
BNJ,1903-02-07,1.09284039072,13.13896,4.4062,248023.32865507694,0.012340142703775703,-0.00005350141570958922
BNJ,1904-02-13,1.11224373624,13.01881,4.67893,237713.26697343195,0.027500837859463445,-0.028692277861945725
BNJ,1905-02-19,1.1028534145200002,13.33265,4.75908,231736.68324970375,-0.04918888779573738,-0.06124755885481392
BNJ,1906-02-25,1.12508269276,12.90578,4.83713,232593.02370620595,0.05756238204192221,0.044573906827963805
BNJ,1907-03-03,1.2225699985199998,13.15181,4.9114,248924.94981471673,0.053441323378947025,0.041247908755710716
BNJ,1908-03-09,1.2652619148,13.21709,4.99592,253259.04233854823,0.05500954348729015,0.04183606498362957
BNJ,1909-03-15,1.30453151608,13.51502,5.07834,256881.48412276452,0.010679901271571257,-0.0018479726450046918
BNJ,1910-03-21,1.28495814772,13.59174,5.16315,248870.96979944414,0.006243597079190755,-0.006465494997623833
BNJ,1911-03-27,1.36535842612,13.94396,5.25145,259996.4630949547,0.06266313983686089,0.04947555520504898
BNJ,1912-04-02,1.4240871819199998,14.23959,5.33632,266866.90114535857,0.02935114966891561,0.01685505181143565
BNJ,1913-04-08,1.4337890439599998,14.11915,5.42303,264388.91984001565,0.0013915379681321838,-0.01089404489610657
BNJ,1914-04-14,1.4442604514,14.05477,5.51434,261909.93870526663,0.007725709683232607,-0.00465751871187059
BNJ,1915-04-20,1.4669481736,14.22774,5.60255,261835.80219721378,0.007640263566907279,-0.004720577219306854
BNJ,1916-04-26,1.59740197656,14.14327,5.68796,280839.1719632346,0.07196512076017925,0.05992445076265951
BNJ,1917-05-02,1.58649861396,13.79697,5.77456,274739.30723033444,0.00913572129585094,-0.002224626622578052
BNJ,1918-05-08,1.8807404012800002,14.20959,5.8711899999999995,320333.76560458785,0.14827257780024294,0.1338526137343723
BNJ,1919-05-14,1.8910329781200002,14.34138,5.971750000000001,316663.1185364424,0.01640396053447213,0.0037108198458759567
BNJ,1920-05-20,1.98037320624,15.04164,6.077049999999999,325877.39219522633,0.049949117784779506,0.03606376514512277
BNJ,1921-05-26,1.90967534004,15.29655,6.18355,308831.55146153906,-0.010237896819503045,-0.023346967391356555
GNG,1906-02-18,9.54005915304,7.83487,174.25109,54748.92095676417,0,0
GNG,1907-02-24,10.33814742948,8.32746,174.515,59239.3056727502,0.1148455870475027,0.1135573461108601
GNG,1908-03-02,6.7108689518,6.21735,174.31206,38499.16610359604,-0.28907815718306906,-0.2885363273224012
GNG,1909-03-08,6.3641010264,6.07813,173.15633,36753.499143808374,-0.014389630294254885,-0.00943001839946811
GNG,1910-03-14,11.50232236192,8.234,172.52662,66669.84122171986,0.5059032507297365,0.5108173600287036
GNG,1911-03-20,11.95627072224,8.38233,173.20424,69029.8962787516,0.0295394436988754,0.02633245866882583
GNG,1912-03-26,11.92455717336,8.37538,174.02741,68521.14372879536,-0.0013372747843591881,-0.004971817668609657
GNG,1913-04-01,11.98091630476,8.19574,174.86137,68516.65582146589,0.007579400097563083,0.00418925218258881
GNG,1914-04-07,12.18512889048,8.26781,175.5445,69413.33331707914,0.015823615221842058,0.012651726376059047
GNG,1915-04-13,12.30080193732,8.24495,176.33520000000001,69758.06269718127,0.010334735490723279,0.007021352165909711
GNG,1916-04-19,11.81856026832,8.61411,177.2968,66659.749461468,-0.02647759835750596,-0.030534461937012147
GNG,1917-04-25,11.893157933800001,8.60004,178.28893,66707.21470929238,0.009567458060627532,0.005189081499585191
GNG,1918-05-01,11.935589942639998,8.60276,179.35597000000004,66546.93424835536,0.00089736134022389,-0.003490902210147806
GNG,1919-05-07,11.989447276040002,8.31081,180.23205999999996,66522.2784228289,0.0022971048374478276,-0.0013340437944054928
GNG,1920-05-13,12.035863553479999,8.346,180.99648,66497.77693731945,0.009141523296404497,0.005755084886732265
GNG,1921-05-19,12.16529053272,8.32282,181.84276,66900.05438060882,0.008377681790243896,0.005051981570293851
JAS,1837-01-13,0.0095257526,8.61629,0.50974,18687.473221642405,0,0
JAS,1838-01-19,0.0089984336,7.89647,0.52401,17172.25549130742,-0.04372359326817643,-0.06392977218311235
JAS,1839-01-25,0.00973285508,7.6846,0.53788,18094.8447237302,0.07696312680215,0.0566208610354213
JAS,1840-01-31,0.0106313194,8.50889,0.55127,19285.140493768933,0.023094676354554977,0.004180617127013786
JAS,1841-02-06,0.011172429840000001,8.19668,0.58157,19210.808397957255,0.04743073066709913,0.011270851822617
JAS,1842-02-12,0.08571046536,6.26566,0.6146000000000001,139457.31428571427,4.654996359084018,4.490341558707117
JAS,1843-02-18,0.08669336676,6.29073,0.61976,139882.15883567833,0.04321040820890887,0.036308556438035655
JAS,1844-02-24,0.08565188372,6.03397,0.62417,137225.24908278193,0.00115447539771929,-0.004114292093212124
JAS,1845-03-02,0.11753475968,6.11401,0.62879,186922.1197538129,0.38370359695759015,0.37636209313667734
JAS,1846-03-08,0.11070023536000001,8.32663,0.63718,173734.63598983022,-0.05262930364785223,-0.062398154923379745
JAS,1847-03-14,0.11129664728000001,8.86492,0.64898,171494.72600080125,0.0011234743552697157,-0.012588119978375945
JAS,1848-03-20,0.09677702164,8.86461,0.66105,146398.9435594887,-0.06682163433759747,-0.07976709041366148
JAS,1849-03-26,0.0928402696,8.75263,0.66751,139084.46255486808,-0.07454059374169086,-0.08108105760264595
JAS,1850-04-01,0.09664306392,8.55853,0.67308,143583.32430023176,0.04483591366071038,0.038359852335990485
JAS,1851-04-07,0.10226121567999999,8.54694,0.68216,149907.96247214728,0.040461495991445995,0.03013589185315735
JAS,1852-04-13,0.10053938388,8.51043,0.70015,143596.92048846674,-0.005638757191248622,-0.0277053413087488
JAS,1853-04-19,0.10516828036,8.41202,0.72032,146002.16620390938,0.02920607759591154,0.005236685164027977
JAS,1854-04-25,0.09934504892,8.08933,0.73064,135969.9016204971,-0.052855736349262994,-0.06310906044242781
JAS,1855-05-01,0.10004936135999999,8.23247,0.7416,134910.1420711974,-0.002898583693314971,-0.013972859586327657
JAS,1856-05-07,0.10004142928,8.00617,0.75228,132984.30010102622,-0.023729857231914897,-0.034126911438850493
JAS,1857-05-13,0.10478994604,7.9772,0.86759,120782.7960672668,0.03467495305283608,-0.05487100027764047
JAS,1858-05-19,0.10895387983999999,7.82494,1.16306,93678.64068921638,0.04712515529286798,-0.1639887946411398
JAS,1859-05-25,0.12678393936000001,8.023,1.5093,84001.8149870801,0.022380003321832653,-0.18395476110984477
JAS,1860-05-31,0.13667618171999998,8.3919,1.6788799999999997,81409.14283331746,0.032644078213804884,-0.052020794692501426
JAS,1861-06-06,0.137492719,8.22995,1.82995,75134.68619361185,-0.011995986018765725,-0.07520041908826136
JAS,1862-06-12,0.13725944492,8.23731,1.90406,72087.77292732372,-0.0007379092654883346,-0.02824395443215999
JAS,1863-06-18,0.14383819320000002,8.25846,2.12263,67764.13845088404,0.03871141973911785,-0.04838283139777355
JAS,1864-06-24,0.1523027168,8.26606,2.31365,65827.89825600242,0.06895840250953,0.003992927382050038
JAS,1865-06-30,0.14915807296,8.26264,2.56003,58264.18946652969,-0.026481084463690907,-0.09643659141038119
JAS,1866-07-06,0.16689898888,8.27777,2.93719,56822.67367109379,0.07916401128269235,-0.02382866829822028
JAS,1867-07-12,0.180053406,8.38873,3.33779,53943.898807294645,0.06289367329199846,-0.03677305992174562
JAS,1868-07-18,0.18545898124,8.41689,3.7311800000000006,49705.18207108742,0.0239926916136457,-0.06060035452419221
JAS,1869-07-24,0.19194362252,8.11477,4.12626,46517.57827184908,0.0521975426158221,-0.02487370838323899
JAS,1870-07-30,0.1931957794,8.19558,4.24873,45471.418376785536,-0.0012132071660978516,-0.022072069957697615
JAS,1871-08-05,0.19597730100000002,8.21125,4.32121,45352.413097257486,0.005500610878758971,-0.007061970830155806
JAS,1872-08-11,0.19641840868,8.47648,4.42008,44437.749696838066,-0.0008869427639646155,-0.018085798154059862
JAS,1873-08-17,0.19985139356,8.46385,4.60245,43422.82774609175,0.01287220681537371,-0.015308714140874313
JAS,1874-08-23,0.33789349776,7.73047,4.69735,71932.79141643693,0.6591969559397706,0.6307217976715145
JAS,1875-08-29,0.42429750688,7.68809,4.68747,90517.38077897031,0.20185837419157626,0.20639473605503267
JAS,1876-09-04,0.43626911952,7.78676,4.74988,91848.45080717829,-0.041766130660066736,-0.05198890523018529
JAS,1877-09-10,0.6943031763199999,8.63076,4.84317,143357.1764608717,0.3260625172276379,0.3094115901322412
JAS,1878-09-16,0.6634170608,8.59453,4.937390000000001,134365.94249188335,-0.04543963122466277,-0.05546103714749395
JAS,1879-09-22,0.69688845772,8.57942,5.069750000000001,137460.1228305143,0.07517256770205294,0.05521304205699673
JAS,1880-09-28,0.7593508540799999,8.66021,5.16887,146908.48368792405,-0.007432018521679407,-0.022174761208599847
JAS,1881-10-04,0.81644404244,8.81743,5.24375,155698.50630560188,0.047669152112391755,0.03622939822907689
JAS,1882-10-10,0.8386294799999999,8.84591,5.31795,157697.8873438073,0.005764355195976734,-0.0037783238581931
JAS,1883-10-16,0.84799773396,9.65255,5.3971,157120.9971947898,-0.008150305119825063,-0.02007384865354267
JAS,1884-10-22,0.8226773594,9.29329,5.49482,149718.70951186755,-0.030793276141764414,-0.04430344890639071
JAS,1885-10-28,0.90700820028,9.25194,5.56391,163016.33209020275,0.10156658897694659,0.09132874075482067
JAS,1886-11-03,0.9242219298000001,9.37369,5.64152,163824.98507494436,0.002477082240887496,-0.007672376304608264
JAS,1887-11-09,0.8468514782000001,9.11437,5.73624,147631.8072814248,-0.04515256261988043,-0.05713083613612768
JAS,1888-11-15,0.8268912808,9.16414,5.785949999999999,142913.65822380077,0.001641482441155917,-0.004760408917474868
JAS,1889-11-21,0.9469757101999999,9.22259,5.8342,162314.57786843096,0.07883361428292956,0.0720040401326505
JAS,1890-11-27,1.0195507322,9.62159,5.88175,173341.39196667657,0.08499838541090954,0.07831463204122535
JAS,1891-12-03,1.0422736324,9.60501,5.93252,175688.17844693316,0.024534278969387646,0.01807196599154892
JAS,1892-12-09,1.04807335464,9.76279,5.97995,175264.56820541978,-0.013105018975298477,-0.019073007584127444
JAS,1893-12-15,1.02135382804,10.10614,6.00919,169965.30781020405,-0.004844837665035517,-0.01042876460492137
JAS,1894-12-21,0.85341954048,10.02294,5.98863,142506.64016310908,-0.13417636869463945,-0.1316365073726532
JAS,1895-12-27,0.75783856772,10.01368,5.98414,126641.18281323633,-0.0355279984685577,-0.03560368713231776
JAS,1897-01-02,0.81184187188,9.89989,5.99271,135471.57661225056,0.03402996966368654,0.03323287803737385
JAS,1898-01-08,0.83551118352,9.91887,5.984030000000001,139623.49512285198,0.008804768959579823,0.010177686090788063
JAS,1899-01-14,0.84850052144,9.6732,5.96305,142293.04155423818,0.014542576103501625,0.017361216661023526
JAS,1900-01-20,0.8421087724399999,9.64873,5.88454,143105.28476992252,-0.018101220041176203,-0.007817281775134965
JAS,1901-01-26,0.75261011176,9.68124,5.76968,130442.26226757809,-0.08230008859981675,-0.06778107727742755
JAS,1902-02-01,0.7241878695999999,9.91166,5.68792,127320.33319737267,-0.04346695132098999,-0.033333122978554286
JAS,1903-02-07,0.76709805016,10.0111,5.62184,136449.6410712507,0.010300883659515092,0.02031852363211284
JAS,1904-02-13,0.80729950756,10.06121,5.63899,143163.84805789692,0.02331751865085785,0.020785119318142975
JAS,1905-02-19,0.7938070524799999,10.09717,5.686029999999999,139606.55369036042,-0.01961396399588,-0.02582122867291925
JAS,1906-02-25,0.81631352504,10.14519,5.73378,142369.17444338638,-0.011927376965615966,-0.018487876128603475
JAS,1907-03-03,0.94603925572,10.38232,5.76653,164056.93817945974,0.1626025554058459,0.15777876528525092
JAS,1908-03-09,0.92549548416,10.35552,5.82141,158981.32654460002,-0.03603398919790046,-0.04282606272463907
JAS,1909-03-15,0.92718849496,10.32706,5.87503,157818.51240929836,-0.001894127901275744,-0.00880331171102533
JAS,1910-03-21,0.85625405892,9.81731,5.92099,144613.32630522936,-0.05436568195869074,-0.05999804675765619
JAS,1911-03-27,0.80460287856,9.64511,5.9585099999999995,135034.24154025083,-0.058215069271416287,-0.0626070473896907
JAS,1912-04-02,0.86801689052,9.39217,5.929490000000001,146389.80595633012,0.00805753409412202,0.008805361543915202
JAS,1913-04-08,0.8746247114800001,9.64082,5.83066,150004.4097031897,0.001972498748877838,0.016134588447976883
JAS,1914-04-14,0.89809191628,9.69394,5.77936,155396.43079510535,0.01949489474262478,0.0287470237266938
JAS,1915-04-20,1.03939769336,9.87016,5.71927,181736.07704479768,0.13235845953575986,0.13966528805450662
JAS,1916-04-26,0.9486834734,10.06467,5.51175,172120.19293327892,-0.08596966069216194,-0.0586823243865886
JAS,1917-05-02,0.91714772292,10.15621,5.33435,171932.4234292838,-0.042924604549173906,-0.01932056428059048
JAS,1918-05-08,0.957589828,10.27338,5.1788,184905.73646404574,0.05565626512603439,0.07955882584496754
JAS,1919-05-14,0.9575568490799999,10.3688,5.08174,188430.9014392708,0.03154664436850951,0.045011519793728416
JAS,1920-05-20,1.0420442375199999,10.58255,4.90593,212405.0358484528,0.07972387145268778,0.10780680780802587
JAS,1921-05-26,0.92775663812,10.47145,5.1155,181361.86846251588,-0.1115035349277883,-0.14067410215598852
LAH,1837-01-13,0.11302793268,8.32939,0.73951,152841.65552866086,0,0
LAH,1838-01-19,0.14086927036,8.06006,0.71417,197248.93283111864,0.08077955466602504,0.10086729727481969
LAH,1839-01-25,0.12773586643999998,8.02305,0.74072,172448.24824495084,-0.05904243429170064,-0.08053519817121646
LAH,1840-01-31,0.14691430051999999,7.9903,0.71539,205362.53025622386,0.09446659619655118,0.11688086031068412
LAH,1841-02-06,0.11493337648,8.04793,0.68589,167568.23467319834,-0.18584985308190394,-0.1519327724431262
LAH,1842-02-12,0.10939156852,7.99003,0.69125,158251.81702712478,-0.04971887496810057,-0.07205174400946546
LAH,1843-02-18,0.13071736444,8.16338,0.68555,190675.17240172127,0.19034872119591761,0.2075382230195404
LAH,1844-02-24,0.12866953684,8.21077,0.69182,185987.01517735826,-0.008620968161601628,-0.012314867691538112
LAH,1845-03-02,0.12657003996,8.23711,0.68129,185779.9761628675,-0.029833806156184917,-0.00884306630362508
LAH,1846-03-08,0.08289242,8.18662,0.67645,122540.35035848917,-0.3532473516927932,-0.3477756297352794
LAH,1847-03-14,0.08500118536000001,8.69398,0.69811,121759.01413817306,0.15299751303885056,0.1326183228104736
LAH,1848-03-20,0.0695250036,7.95169,0.68862,100962.80038337543,-0.19219153043347958,-0.18398354021541918
LAH,1849-03-26,0.06440710068000001,8.0144,0.67255,95765.52030332318,-0.05198662008980315,-0.038673642902190886
LAH,1850-04-01,0.0615185298,8.46107,0.6678,92121.18867924529,-0.037807956298358314,-0.032174670305442854
LAH,1851-04-07,0.06342133668,5.80588,0.61743,102718.26228074437,-0.014209851061062762,0.04094775593891531
LAH,1852-04-13,0.0593764756,6.3089,0.60108,98782.98329673255,0.15305387575953788,0.177388436606577
LAH,1853-04-19,0.06432372908,6.5893,0.55583,115725.54392530088,0.05291290297287676,0.1203517887697696
LAH,1854-04-25,0.04681449812,7.09538,0.54549,85821.00152156776,-0.2748952283076218,-0.2680422195457617
LAH,1855-05-01,0.04268288336,6.92823,0.54402,78458.29815080328,-0.08443873157922355,-0.07808394476420855
LAH,1856-05-07,0.042299711479999995,7.32953,0.52561,80477.37196780882,0.003993117695626935,0.02568357634638807
LAH,1857-05-13,0.04033577236,7.56387,0.51115,78911.811327399,-0.03211013130931151,-0.0013053343665885286
LAH,1858-05-19,0.03957233956,7.54582,0.48849,81009.51822964646,-0.021357605627930765,0.009804763516872761
LAH,1859-05-25,0.045026554559999994,5.89686,0.50138,89805.24663927559,0.12376213583496676,0.0970387460912927
LAH,1860-05-31,0.04270414044,6.12018,0.49102,86970.2668730398,-0.032471718264875715,-0.020869797291775183
LAH,1861-06-06,0.03886968956,6.95106,0.47602999999999995,81653.86542864946,-0.08494077053357962,-0.06152193266914807
LAH,1862-06-12,0.030506788,5.53712,0.42845999999999995,71201.0175979088,-0.13221915949580643,-0.06001726603710544
LAH,1863-06-18,0.03662028136,6.58201,0.52121,70260.1280865678,0.17339800827544294,0.03965573257408317
LAH,1864-06-24,0.035950856760000004,6.92432,0.51562,69723.54982351344,-0.01477655469679462,-0.00705599987008898
LAH,1865-06-30,0.0644621588,6.83247,0.5097,126470.78438297036,0.7641900255945724,0.7801505208505761
LAH,1866-07-06,0.0685831536,6.68112,0.50155,136742.4057421992,0.11948249706686864,0.13370397585744676
LAH,1867-07-12,0.07156642948000001,6.62684,0.50271,142361.26092578226,0.04744559425060846,0.03961125569870405
LAH,1868-07-18,0.08593877396,6.21286,0.52752,162910.93031543828,0.27553588190053757,0.2407189641690577
LAH,1869-07-24,0.08927275500000001,6.25995,0.57132,156257.01008191556,0.09526382751471307,0.03556704411697398
LAH,1870-07-30,0.10443934644,6.45852,0.58456,178663.17647461337,0.18320636634409415,0.16227290043672737
LAH,1871-08-05,0.05267607696,6.39519,0.59152,89052.0641060319,-0.2911168620354909,-0.29712047200921077
LAH,1872-08-11,0.055576111239999997,6.0149,0.59936,92725.75954351308,0.038156318226411745,0.034783926416847244
LAH,1873-08-17,0.059160364119999996,6.2736,0.60759,97368.89040306787,-0.05668184922376884,-0.05766541546162429
LAH,1874-08-23,0.05790513716,5.62036,0.54626,106002.88719657307,-0.07348184128334101,-0.016652011569539327
LAH,1875-08-29,0.06578981084,6.19415,0.61501,106973.56277133706,0.3271564977053556,0.20529413877553648
LAH,1876-09-04,0.06547830328,6.57937,0.61053,107248.297839582,-0.0017985875893540282,0.004394398033999103
LAH,1877-09-10,0.08745917856,6.24352,0.60626,144260.18302378518,0.11664390007730518,0.12285691722798875
LAH,1878-09-16,0.06486437152,5.97738,0.59951,108195.64564394255,-0.05352631808503516,-0.04570032727024553
LAH,1879-09-22,0.06411166891999999,6.36555,0.59056,108560.8048631807,0.0039826313684672154,0.015586796553403337
LAH,1880-09-28,0.11197448911999999,6.80388,0.57518,194677.29948885564,0.37152267570851927,0.4034779543919784
LAH,1881-10-04,0.06524631255999999,7.12592,0.55928,116661.26548419397,-0.4174946925714934,-0.4045141398330869
LAH,1882-10-10,0.03595706712,6.42526,0.55097,65261.38831515328,-0.6479639845264484,-0.6411341672878756
LAH,1883-10-16,0.034970613080000004,6.13541,0.59803,58476.35249067773,-0.19071391881036015,-0.22526219629981925
LAH,1884-10-22,0.038720300840000006,5.68644,0.65631,58996.96917615152,0.08349903156208893,0.0050814727731811615
LAH,1885-10-28,0.051277373679999995,6.09218,0.78742,65120.740748266486,0.6449593292139242,0.42110959015784455
LAH,1886-11-03,0.061043321559999995,5.85875,0.9239900000000001,66064.91581077717,-0.09780781525466153,-0.19347686955852106
LAH,1887-11-09,0.04459576108,4.68345,0.94273,47304.91347469583,-0.469360194229165,-0.47431615634843427
LAH,1888-11-15,0.05903842516,6.03116,0.98805,59752.467142351095,0.3419014292173741,0.3083539050798023
LAH,1889-11-21,0.0946269948,7.23395,1.07654,87899.19074070633,0.19852964069668677,0.1262485826743247
LAH,1890-11-27,0.09848141887999999,7.67211,1.16242,84721.02930094114,0.15187875933879647,0.08873435825802134
LAH,1891-12-03,0.08195583084,6.8023,1.19596,68527.23405465066,0.13901147825057025,0.11076373605299317
LAH,1892-12-09,0.11660172835999999,6.95981,1.11421,104649.68754543578,0.3036717187468154,0.3772324899312429
LAH,1893-12-15,0.09248993312,6.39593,1.05675,87523.00271587414,-0.05024185511871215,-0.011875852811953247
LAH,1894-12-21,0.11067721391999999,9.37779,0.99526,111204.32240821492,-0.07910825758135387,-0.02813512815542485
LAH,1895-12-27,0.12435282859999999,9.89507,0.9854,126195.27968337729,0.3339103902807403,0.3420961523888155
LAH,1897-01-02,0.16018651688000002,8.6693,0.96966,165198.64373079225,0.009541547861119826,0.01944200215291203
LAH,1898-01-08,0.23331641996,11.69042,0.97808,238545.3336741371,0.3236091934602874,0.3142672277016507
LAH,1899-01-14,0.14487524531999998,10.7875,0.98813,146615.57216155768,-0.3071945890641842,-0.31257685113185874
LAH,1900-01-20,0.13779626379999999,10.02393,0.9936,138683.84037842188,0.030513000454345462,0.06684812757496905
LAH,1901-01-26,0.16762694104,8.80728,0.99532,168415.12381947515,0.024166099759224124,0.022750465648601947
LAH,1902-02-01,0.15129950836,9.45906,0.9942200000000001,152179.1035786848,-0.1575373428186717,-0.15664504322502293
LAH,1903-02-07,0.14422681520000002,10.00066,1.00013,144208.06815114038,0.0985304084061649,0.09276279442304802
LAH,1904-02-13,0.13017244708,9.87156,0.99979,130199.7890356975,-0.1490501569556517,-0.1501082591529015
LAH,1905-02-19,0.06726028296,9.24116,0.9982099999999999,67380.8947616233,-0.29922468792265766,-0.2983125460440762
LAH,1906-02-25,0.16800560504,10.47708,0.98348,170827.6782852727,-0.4521606249400101,-0.4441300900841664
LAH,1907-03-03,0.12972389248,9.87098,0.9753900000000001,132996.94735439157,-0.276691052746437,-0.27113821726874565
LAH,1908-03-09,0.17586308896,11.81627,0.9777800000000001,179859.56857370777,0.3515319497516134,0.35016353321158
LAH,1909-03-15,0.14727087492,11.15693,0.9856200000000002,149419.52772873925,-0.10521937032986861,-0.11082990476652843
LAH,1910-03-21,0.14066468624,10.53823,0.99093,141952.19262712807,-0.13254394733842623,-0.13666417100781092
LAH,1911-03-27,0.14281422064000002,11.65936,0.98477,145022.91970713975,0.24600830336038237,0.25764798794132315
LAH,1912-04-02,0.13973048648,11.26954,0.98457,141920.31697086038,-0.02498733367964412,-0.025193848135123598
LAH,1913-04-08,0.13263322124000002,9.44017,0.94555,140270.97587647403,0.10737498614857266,0.1479023356483804
LAH,1914-04-14,0.06662003868,10.33404,0.8908500000000001,74782.55450412526,-0.42134512608974595,-0.3963970076452432
LAH,1915-04-20,0.39486441696,12.40318,0.88333,447018.0079471998,6.150091825671544,6.161986611317453
LAH,1916-04-26,0.01027850928,3.83986,0.80645,12745.376997953996,-0.9592915465622309,-0.956359695093617
LAH,1917-05-02,0.16060674552,6.40834,0.72347,221995.03161153884,3.08679822652414,3.470835857818037
LAH,1918-05-08,0.32407814815999997,11.14022,0.74976,432242.51515151514,0.48666780495541717,0.43653819027066
LAH,1919-05-14,0.36018705943999996,13.85907,0.78299,460014.8909181471,0.06650207255191742,0.031809590661382
LAH,1920-05-20,0.30475195971999997,14.50927,0.79406,383789.58733596955,-0.03964008598545987,-0.09834965413545638
LAH,1921-05-26,0.41155417108,12.59963,0.80658,510245.94098539517,0.2778720775485555,0.26296874238188983
ASM,1837-01-13,0.5800128464000001,8.78332,12.38431,46834.49028649962,0.1405503049568002,0.12263668936624983
ASM,1838-01-19,0.5814112465200001,8.73812,12.64223,45989.611525814675,0.014962832989128039,-0.0007012583466815547
ASM,1839-01-25,0.64849642104,7.94156,12.89139,50304.61579705525,0.09940911496372773,0.08269367374323222
ASM,1840-01-31,0.6686121936,8.35416,13.06257,51185.348181866204,0.05163435583703402,0.04260314938595
ASM,1841-02-06,0.7113413923199999,8.56424,13.2869,53537.04719084211,0.035409571486306746,0.021824262701315877
ASM,1842-02-12,0.91616938712,8.4986,13.531439999999998,67706.71762354931,0.29883997764490045,0.28065794551796874
ASM,1843-02-18,1.36151603068,8.54395,13.78896,98739.5735922071,0.36795369620409746,0.34948881494429984
ASM,1844-02-24,1.5227972812000001,8.22958,14.01526,108652.80281635874,0.12344985484093884,0.10934471709281546
ASM,1845-03-02,1.75007303484,8.2156,14.23792,122916.34135042196,0.06315255724666691,0.05043076849058825
ASM,1846-03-08,1.77631669228,7.82226,14.44289,122989.0065132394,0.02148167332354256,0.010833891636143456
ASM,1847-03-14,2.3073621116,7.95593,14.598969999999998,158049.65087263007,0.2106445242289252,0.20054920811196508
ASM,1848-03-20,2.57524324564,7.71847,14.7324,174801.3389291629,0.10433070455513849,0.09727084747688464
ASM,1849-03-26,2.51483731876,7.44061,14.82023,169689.49326427458,0.0005491163101545293,-0.004058448852670593
ASM,1850-04-01,3.0994394443999997,7.98123,14.92692,207640.9228695538,0.13239720120600618,0.12608747223597794
ASM,1851-04-07,3.23652423484,8.90752,15.06751,214801.53222662536,0.01142036579595751,0.004662669885935999
ASM,1852-04-13,3.18540737736,9.0059,15.22341,209244.01151647363,0.003986335460066437,-0.003998710100893921
ASM,1853-04-19,3.46649572204,9.07616,15.39451,225177.3990883763,0.08502257334969898,0.07588033873651212
ASM,1854-04-25,3.72378252636,9.74606,15.60747,238589.76031092805,0.0411769740974699,0.030583142609505787
ASM,1855-05-01,3.7865194276,9.89968,15.83508,239122.2164712777,0.014234876043387468,0.0030115228122145066
ASM,1856-05-07,3.8170713994399996,9.8584,16.05394,237765.3958741592,0.094513697653541,0.0835204638623086
ASM,1857-05-13,3.9154933698399996,9.98276,16.29264,240322.83103536323,0.04520102289695349,0.033703997436573374
ASM,1858-05-19,3.66966730156,10.24005,16.52362,222086.1591806154,-0.06781828497780151,-0.07778029757293037
ASM,1859-05-25,3.8567064073200004,10.40251,16.69081,231067.6598271744,0.08507562734643037,0.07763200467820441
ASM,1860-05-31,3.7633063930799997,10.70915,16.69934,225356.59451690904,-0.011880270971556528,-0.011405910623490056
ASM,1861-06-06,4.36512604684,11.38249,16.88772,258479.30015656343,0.10855828587822591,0.0982261372111417
ASM,1862-06-12,4.062763653,11.10523,17.19472,236279.72150753255,-0.0971933946810779,-0.10917803185288022
ASM,1863-06-18,4.12631738532,10.70627,17.4876,235956.75709188223,0.014856790535464182,0.0016009842507738181
ASM,1864-06-24,4.26259292992,10.3112,17.72385,240500.3952256423,0.08166828384873748,0.0709285845466121
ASM,1865-06-30,4.20421066,10.57615,17.94416,234294.09122522315,-0.03321056949500678,-0.04200820470011213
ASM,1866-07-06,4.31791410336,10.92334,18.18491,237444.89817986454,0.02066370065114609,0.01013954809041584
ASM,1867-07-12,4.6161796798,11.07019,18.4441,250279.47581069288,0.08134857279336871,0.0701140594241052
ASM,1868-07-18,4.66860569344,11.25428,18.70862,249543.0284777819,-0.0017730649945318921,-0.012669685917660267
ASM,1869-07-24,4.74344551096,11.28742,18.98142,249899.40220278566,0.016462932931661234,0.005301613721766962
ASM,1870-07-30,4.978976180359999,11.514,19.25688,258555.70478499113,0.019020500150274566,0.007910142297080647
ASM,1871-08-05,5.253802848319999,11.30322,19.57283,268423.2606281258,0.05532248876631796,0.04211470324255018
ASM,1872-08-11,5.370712162399999,11.44824,19.89337,269974.9797244006,0.01240890757564439,0.00003880499471908827
ASM,1873-08-17,5.38399275128,11.40225,20.21929,266280.010390078,-0.0015372359308490902,-0.01355972513264403
ASM,1874-08-23,5.2919741862,11.71542,20.63241,256488.41731043538,-0.015272208833298051,-0.030159682986018232
ASM,1875-08-29,5.329743322800001,11.74932,21.07707,252869.27086165204,0.006363806060811994,-0.010340586124481188
ASM,1876-09-04,5.48954365908,12.26824,21.40368,256476.62734071896,0.01666218694664101,0.005131224571127246
ASM,1877-09-10,5.57864067436,12.35667,21.70799,256985.59260253943,0.02000139264604006,0.0089263830474966
ASM,1878-09-16,5.60488450392,12.2421,22.02553,254472.17405982967,0.012659923646111793,0.0019246072929641755
ASM,1879-09-22,5.76560078848,12.06538,22.32927,258208.20781333197,0.04253486100251713,0.031456891047671354
ASM,1880-09-28,5.37811998932,12.27203,22.63267,237626.40419004913,-0.052195651066485826,-0.061818558951199254
ASM,1881-10-04,5.6191880082,12.22674,22.95415,244800.526623726,0.0477810283027198,0.03697195480140447
ASM,1882-10-10,5.62339752832,12.27055,23.29482,241401.20113913732,0.020172124585194018,0.008701094385492159
ASM,1883-10-16,6.041890737479999,11.59608,23.64318,255544.7591009331,0.051010882178119,0.03933918661664415
ASM,1884-10-22,6.07919775684,11.50781,24.0029,253269.30316086806,0.0065876340541168865,-0.00474406163501806
ASM,1885-10-28,6.272619483,11.70503,24.33429,257768.74866700446,0.038118688055888805,0.02700263725342711
ASM,1886-11-03,6.01063920236,11.80974,24.66621,243679.07361366018,-0.02311288998467942,-0.033018148744929365
ASM,1887-11-09,5.60625758888,11.10169,24.9791,224437.93366774623,-0.06233520015786287,-0.07101372070742329
ASM,1888-11-15,6.00761013164,11.59274,25.33454,237131.2102623533,0.05656785627889738,0.04527436320666922
ASM,1889-11-21,6.299355885680001,11.4561,25.68774,245228.10826020507,0.013174490159487906,0.0028491867693076767
ASM,1890-11-27,6.89416136916,11.69232,25.99917,265168.5176549867,0.08698102102979788,0.07697158880949084
ASM,1891-12-03,6.93528842292,11.81807,26.30164,263682.73700499284,0.008841486026164747,0.00004760069988596349
ASM,1892-12-09,7.03721307172,11.83941,26.61604,264397.4487459442,0.0074448843009990995,-0.0014557484355760542
ASM,1893-12-15,7.58349556432,12.01537,26.934790000000003,281550.20196259185,0.046617164669861655,0.03720759502764892
ASM,1894-12-21,8.0001661272,12.09168,27.27434,293322.07955169585,0.004210874417259536,-0.005159628290714369
ASM,1895-12-27,7.98509711012,11.95141,27.62784,289023.57586116035,0.009618989513047183,-0.00004710140407349073
ASM,1897-01-02,8.091190015479999,12.0042,28.01114,288856.1484994898,-0.0016416685866220693,-0.012111532789856327
ASM,1898-01-08,7.9413207796,12.01437,28.38455,279776.17329145607,-0.011868740948487222,-0.021563016350249042
ASM,1899-01-14,8.08641779296,12.12552,28.71783,281581.7836152662,0.027545709637583737,0.018238589662653792
ASM,1900-01-20,8.57073138272,12.29377,29.09919,294535.05003816256,0.032379872401982146,0.022116982960432408
ASM,1901-01-26,9.04566018876,12.48026,29.50305,306600.84936167614,0.0406015873433796,0.02993463532112295
ASM,1902-02-01,9.41321937036,12.72952,29.9015,314807.5972897681,0.03748641165379163,0.026929973943951024
ASM,1903-02-07,9.79618957564,12.88625,30.31406,323156.6334446788,0.021910910442096476,0.011515999612143224
ASM,1904-02-13,10.137676554719999,13.10567,30.7413,329773.8402318705,0.03670902521798691,0.025849275412786366
ASM,1905-02-19,10.912221006440001,13.63562,31.13547,350475.55108177266,0.04592505834478233,0.03616185108873182
ASM,1906-02-25,11.168208902760002,14.07505,31.63365,353048.38053022657,0.027529302671133404,0.015423407062535865
ASM,1907-03-03,11.93065359564,14.21734,32.16371,370935.2433422637,0.02610857933874655,0.013104161570343775
ASM,1908-03-09,12.49293440772,14.30336,32.69466,382109.3232876561,0.03639082832256757,0.023535789920750227
ASM,1909-03-15,13.16406248456,14.55693,33.2672,395706.95713976526,0.05369703047932184,0.040178716208315146
ASM,1910-03-21,13.1727419876,14.40976,33.84284,389232.7590592279,0.004505613013451093,-0.008485704650563197
ASM,1911-03-27,13.96785945984,14.46527,34.42479,405750.0266476571,0.052269432697801266,0.03883218191842808
ASM,1912-04-02,14.91853388428,14.50807,35.02624,425924.503580173,0.05240737525853589,0.038669136583231456
ASM,1913-04-08,15.29152455168,14.57158,35.63227,429148.2005406897,-0.01182740792484338,-0.0245825640153724
ASM,1914-04-14,13.678867634640001,14.59075,36.26427,377199.58611161896,-0.1136563235719612,-0.12528709850166053
ASM,1915-04-20,14.62253709904,14.35828,36.91031,396164.0283985694,0.08397948444088454,0.06948864679718314
ASM,1916-04-26,16.968239839200002,14.47838,37.55946,451770.0690904502,0.12265080475139567,0.1079513000492176
ASM,1917-05-02,17.00886577624,14.58854,38.2211,445012.4610814445,0.006700409748195968,-0.006298516875408278
ASM,1918-05-08,18.23415035624,14.63791,38.88005,468984.7455504816,0.04769985183799519,0.0341857532395915
ASM,1919-05-14,18.479732116039997,14.77708,39.56161,467112.74177264265,0.022037175932017483,0.008745787780690462
ASM,1920-05-20,19.482763345240002,14.81525,40.25457,483988.8575443732,0.025860838939862685,0.012583068733674763
ASM,1921-05-26,18.211507784600002,14.94095,40.95341,444688.43460410263,-0.05907055829829955,-0.0712885501444922
D00,1867-11-08,1.02739692016,11.24206,37.32985,27522.128274289877,0.036219686402247264,0.03534366564927405
D00,1868-11-21,1.43131812928,11.09298,37.32985,38342.45595093471,0.19749727674392514,0.1898195473694022
D00,1869-11-20,1.6293653344799999,11.31158,39.832830791653706,40905.08512946074,0.06526512965665332,0.06665419595018451
D00,1870-12-03,1.82450156096,11.43435,41.09284,44399.50027693388,0.11500153080569753,0.056418953088686274
D00,1871-12-16,3.13404578864,10.73429,41.418002689427496,75668.68475384032,0.5779846761011311,0.5760135251296361
D00,1872-12-08,3.61580234912,10.62603,41.09284,87991.05511130406,0.09187696744521201,0.08956185050069054
D00,1873-12-14,3.75708047,10.4752,41.705467344290845,90086.04169290805,0.04010461634419871,0.039643965266564773
D00,1874-12-27,3.6598058312400004,10.33545,63.52141999999999,57615.302542669866,-0.044444853799845196,-0.37970356587798026
D00,1875-12-26,4.27980145892,10.36738,63.52142,67375.720802841,0.0942260877329022,0.10539053109610719
D00,1877-01-08,4.39531742572,10.4728,63.52141999999999,69194.25645270525,0.020622029181776025,0.0198803589840042
D00,1878-01-21,4.5525755652,10.68183,73.28216647894601,62123.92160250826,-0.08040387355481848,-0.08819980052895726
D00,1879-01-13,5.58499561984,10.29274,79.14193999999999,70569.35450205037,0.13874492758018175,-0.08477634422509417
D00,1880-01-19,4.82115134228,9.94089,79.14194,60917.780664461854,-0.07543530615163407,-0.0738512138697428
D00,1881-02-01,4.67502790352,9.93831,79.14194,59071.43422968908,-0.03537836366933378,-0.031992519382319284
D00,1882-01-31,5.1587755336,9.8942,79.14194,65183.83973908144,0.0719469344318906,0.07099375674714348
D00,1883-02-13,5.1073902672,9.76593,79.14194,64534.55989580239,0.012804226207889569,0.009706009368762647
D00,1884-02-26,5.412221568520001,9.81809,79.14194,68386.2635730183,0.0404295583879144,0.03902343362834859
D00,1885-02-18,5.53666402328,9.766,89.11344,62130.51615199683,0.03599867303585569,-0.02885532043523331
D00,1886-02-24,5.79210763768,9.40372,89.11344,64997.01546343626,-0.025579809930977082,-0.02965795875974253
D00,1887-03-09,5.49721232944,9.16892,94.21454739242195,58347.80807833252,-0.008725305032343367,-0.009251215307033545
D00,1888-03-08,5.50591660424,9.0822,89.11344,61785.47931984222,0.014519997317161915,0.012361344638434524
D00,1889-03-21,6.5022554428,9.29777,96.7935555996639,67176.5325957566,0.06749667015471794,0.0676547453257712
D00,1890-04-03,6.29722244112,9.3069,96.30985,65385.0300994135,-0.023736776532864434,-0.09032355389572921
D00,1891-03-26,6.32381714224,9.27683,96.30984999999998,65661.1669755482,-0.03029292756489732,-0.029858522041395608
D00,1892-04-01,6.50520699712,9.24093,96.30985,67544.56576476862,0.01628677548776314,0.01678623668674928
D00,1893-04-14,6.47853008712,9.06544,95.75538132459073,67657.08618671923,-0.009632444178744315,-0.01089993410727852
D00,1894-04-13,6.57721862148,9.24213,96.30985000000001,68292.27354709824,0.008833903609001048,0.013340391065171708
D00,1895-04-26,7.45122917604,9.2587,96.30985,77367.25969399807,0.11535244537762934,0.105348475479077
D00,1896-05-09,7.99416103096,9.35812,106.11049,75338.08420788558,0.032021174775809236,-0.06430745917863379
D00,1897-05-01,8.58585475748,9.4602,106.53454,80592.21692307488,0.06545276165838088,0.06404935475533158
D00,1898-05-07,8.854029371200001,9.79069,109.58763,80794.05833669366,0.000646946637286927,-0.02374134431416597
D00,1899-05-20,9.55903688688,9.76342,110.08247,86835.23259316401,0.06628044539779743,0.06336104645424667
D00,1900-05-19,10.4526633978,9.86129,110.32172078503153,94747.10259612103,0.08997921267429287,0.08478221072668113
D00,1901-06-01,11.53461053576,9.84323,119.59369999999998,96448.3123756519,0.0754851224930897,0.03280691136956104
XIN,1896-07-18,0.35000636788,8.34103,14.19201,24662.212602725052,0,0
XIN,1897-07-24,0.37663084055999996,8.36987,14.34383,26257.341348858707,0.047879227375422495,0.039499326868640106
XIN,1898-07-30,0.29026350028,9.12257,14.5026,20014.58361121454,-0.23153350261332883,-0.23768732387919567
XIN,1899-08-05,0.30134576679999997,9.08578,14.689740000000002,20514.02998283155,0.021070603828341694,0.011145775412651826
XIN,1900-08-11,0.29607705296,9.00108,14.87438,19905.169355630285,-0.0063742258702930155,-0.015661323013157702
XIN,1901-08-17,0.30973339176000003,8.76207,15.04887,20581.837158537484,0.03514375847476936,0.026133413663201432
XIN,1902-08-23,0.31639329436,8.07829,15.16891,20858.011179445326,0.00950285246502891,0.003619988401174501
XIN,1903-08-29,0.37929838439999997,7.59076,15.27686,24828.29484593038,0.12345020236763737,0.11726724943748956
XIN,1904-09-04,0.45946286776,7.21569,15.3405,29950.97081320687,0.11230510824356132,0.10883069320079652
XIN,1905-09-10,0.3844284184,8.0099,15.41565,24937.5419395225,-0.16493014873240341,-0.16827216803003142
XIN,1906-09-16,0.38551171724000005,8.14729,15.50068,24870.632594182967,-0.010830778784515993,-0.01516427297054146
XIN,1907-09-22,0.37838079292,7.93774,15.59051,24269.94324880969,0.028211435962506082,0.02380307142824134
XIN,1908-09-28,0.4013928828,8.09272,15.66834,25618.086076763717,0.045020173431521426,0.04118754485972631
XIN,1909-10-04,0.39449742436,7.96392,15.7663,25021.56018596627,-0.016798401140982855,-0.02130430674721251
XIN,1910-10-10,0.40487800547999997,7.95958,15.855050000000002,25536.217513032123,0.016301280829446263,0.011933270592445533
XIN,1911-10-16,0.41245289852,7.82503,15.922580000000002,25903.647431509213,0.006768283905848271,0.003416642028249539
XIN,1912-10-22,0.4029236692,7.7445,15.986009999999998,25204.767743795983,-0.020343650939805613,-0.02318491941251477
XIN,1913-10-28,0.47312069948,7.51385,16.04713,29483.19727452822,0.14659360650969977,0.1430222452811778
XIN,1914-11-03,0.48278621404,6.8536,16.05191,30076.558742230674,0.02017240759813288,0.019603086575220807
XIN,1915-11-09,0.41739822436,7.33755,16.0498,26006.44396565689,-0.1347603082898946,-0.1346272233754946
XIN,1916-11-15,0.42373548464,7.24774,16.06969,26368.615986991656,0.018142731550596203,0.017121600106712043
XIN,1917-11-21,0.45112929784,7.11797,16.05499,28099.00833572615,0.04497868438721153,0.04549225993250916
XIN,1918-11-27,0.43177126043999997,7.01879,15.994419999999998,26995.11832501585,-0.038043036031348176,-0.035133935184420206
XIN,1919-12-03,0.43831791379999996,7.89594,15.97799,27432.60659194304,0.013922888596866745,0.01487945444456451
XIN,1920-12-09,0.45019229372,7.15861,15.97796,28175.830564102052,0.008167198890735694,0.008561792602474583
XIN,1921-12-15,0.44657135327999997,6.80244,15.92849,28036.013035761705,-0.006165930494484995,-0.0038229056184083676
USA,1837-01-13,18.59725023988,11.23034,158.90128853383393,117036.49738447649,0,0
USA,1838-01-26,18.82709553972,11.25826,166.33367,113188.72204118384,0.017223193154473737,-0.0023525179881178637
USA,1839-01-25,18.418241429120002,11.22185,168.64205,109214.99963455141,-0.009181227954609739,-0.014737730475466004
USA,1840-02-07,18.696054067600002,11.29568,168.64205,110862.35056796332,-0.00039892118791318154,-0.0034841405988003116
USA,1841-02-20,19.60401808196,11.2845,169.61580483513956,115578.9585823939,0.03874604164302964,0.03608899767215745
USA,1842-02-12,19.29402051512,11.05484,168.64205,114408.12368635224,-0.008677111910457502,-0.008823223820684123
USA,1843-02-18,20.17690229984,10.92075,184.96007,109087.88204848755,0.018711974271025777,-0.06968797478045208
USA,1844-03-03,20.660448206319998,10.94976,191.17693,108069.77707153263,0.02116463807409308,0.002999023365514608
USA,1845-03-02,21.89906519476,11.01094,195.37702,112086.18697715832,0.06225178637362694,0.046923267132598756
USA,1846-03-15,21.65099271452,11.03549,199.70218,108416.40644343491,0.019980916303461882,0.0014041136328359904
USA,1847-03-28,24.28811507876,10.87412,204.25092,118913.12449784804,0.06506834198195821,0.04374519653466158
USA,1848-03-20,25.51245625708,11.20327,207.7924,122778.58216700901,0.05207518806197253,0.03640276313075752
USA,1849-03-26,25.89493381384,11.05261,212.65907,121767.36131611974,0.0138268533592536,-0.003094687072726754
USA,1850-04-08,25.31545666468,10.75951,216.4644,116949.74630784553,-0.004131850554170424,-0.019340824240414722
USA,1851-04-07,22.530994717920002,10.63021,220.66865,102103.28797461715,-0.036873119719295966,-0.06186549958996446
USA,1852-04-20,23.88177523316,10.74982,231.26954829726785,103263.81233063589,0.01733312353586447,-0.001601674533936115
USA,1853-05-03,23.97645807024,10.75607,231.2968,103661.00209877525,0.006799424478883376,-0.01815184305911155
USA,1854-04-25,24.96174658848,10.77974,236.16959,105694.16066005788,0.014270834458338655,-0.0038427149375842573
USA,1855-05-01,24.639629375920002,10.73568,236.91969,103999.92240374787,0.001231119876445641,-0.0024093008498525803
USA,1856-05-14,25.68300893652,10.65896,239.19761699592277,107371.50837484212,0.026955718698156383,0.02615685268971557
USA,1857-05-13,27.4562018978,10.75573,236.91969,115888.2231265793,0.05363975998167003,0.05586043436706434
USA,1858-05-26,27.116876813,10.6925,236.91969,114455.98638509109,-0.028670070947783843,-0.02840311656539629
USA,1859-06-08,27.09473990288,10.7364,236.91969,114362.5500391293,-0.004167111547745184,-0.002306686144812664
USA,1860-05-31,27.428840364640003,10.85888,236.91969,115772.7344850063,0.01707803321812351,0.01584116528558499
USA,1861-06-06,30.285339324760002,10.97446,236.91969,127829.55829783501,0.057768606191566985,0.05947830185283376
USA,1862-06-19,30.484040576079998,10.94237,236.91969,128668.24439994835,0.026739316291254145,0.0259754360009381
USA,1863-06-18,31.37870319636,11.21142,240.96127501382998,130223.01278310806,0.009067160999545631,0.010253438312095353
USA,1864-07-01,31.96192203568,11.20357,236.91969,134906.14492902637,0.015018571755186061,0.01588334779042677
USA,1865-07-14,33.4302317856,11.16209,236.91969000000003,141103.64480723403,0.04035148215394768,0.04328777134140993
USA,1866-07-06,21.40245069768,10.79708,236.91969,90336.31057714114,-0.3864994789397108,-0.3876603035710797
USA,1867-07-12,20.49047242112,10.70469,235.32079737503238,87074.63449762238,-0.0228999438311982,-0.02478881665526589
USA,1868-07-25,20.54345680972,10.70058,236.91969,86710.63519338556,0.015781849112381563,0.015176208935736568
USA,1869-07-24,21.34733879096,10.57021,236.91969,90103.69206105241,0.02077350345974316,0.02269402398573961
USA,1870-08-06,22.141270723519998,10.79842,236.91969,93454.75136963077,0.028537229458976965,0.031113581666666112
USA,1871-08-19,22.05830705572,10.83775,237.1574900639969,93011.21819836924,-0.01930178524750592,-0.020047492318232774
USA,1872-08-11,22.67588498812,10.92123,236.91969,95711.27240678054,0.05772362797265296,0.05481822077185061
USA,1873-08-17,26.61720455576,10.55503,236.91969,112346.94995489821,0.12774753458014554,0.12676130196405033
USA,1874-08-30,29.14982794204,10.50841,236.91969,123036.74693327515,0.07625343830793785,0.07670655399984017
USA,1875-08-29,27.22540763384,10.9756,236.91969,114914.07756712833,-0.07734051424096833,-0.07833936976784639
USA,1876-09-11,28.411657959880003,11.04143,236.91969,119921.04987086554,0.016652493316509753,0.019315168402446625
USA,1877-09-24,29.39002180764,11.11902,236.91969,124050.5667031727,0.014740515503091745,0.015551210000213311
USA,1878-09-16,30.74725522388,11.0817,236.91969,129779.23119804858,0.025597846007391567,0.025440608772615336
USA,1879-09-22,30.57861570296,10.98308,236.91969,129067.43083683758,0.004226078768172492,0.00354960341524313
USA,1880-10-05,32.96590369904,10.98984,236.91969,139143.79045084855,0.06302923828818607,0.0609655670030107
USA,1881-10-04,32.17137218048,10.97226,236.91969,135790.200385962,0.0025878292048577833,-0.0009255823115879025
USA,1882-10-17,30.92575219396,10.69737,242.33630815075102,127615.01745220079,-0.08758865453337694,-0.08899880614277833
USA,1883-10-30,34.63118337432,10.7848,236.91968999999997,146172.66878206705,0.11435981285451469,0.11088972608466485
USA,1884-10-22,36.607041410680004,10.73406,236.91969,154512.44854608751,0.02989377933600168,0.028997733314677587
USA,1885-10-28,38.167525418880004,10.84411,236.91969000000003,161099.0011800201,0.039159048425443155,0.03881357459783352
USA,1886-11-10,40.03673346608,10.93015,238.74676262111808,167695.39836490582,0.03894884729314674,0.04001536933754446
USA,1887-11-09,45.65248522432,11.01476,236.91969000000003,192691.81562883186,0.10736862268829994,0.10673669986838963
USA,1888-11-22,46.81979138772,11.0568,239.51605427176628,195476.63111799615,0.011296582372089636,0.015273273630563189
USA,1889-12-05,51.07614658536,11.05945,236.91969,215584.22005937962,0.050131090695295866,0.04849263773707024
USA,1890-11-27,55.0735874078,11.22443,236.91969,232456.77641989145,0.05742616984243232,0.05669089326585097
USA,1891-12-03,55.8302155294,10.94924,236.91969,235650.38232744604,0.01954090154766286,0.02237486423001167
USA,1892-12-16,56.97720219152,10.84569,236.91969,240491.6290052549,-0.008754005997506087,-0.010621659237752157
USA,1893-12-15,60.82700411008,11.12814,236.91969,256741.02523973418,0.06708307203539676,0.06667798066206898
USA,1894-12-28,68.09911603456,11.24143,236.91969,287435.4429324131,0.05627024586651763,0.05832267992505158
USA,1896-01-10,70.59767088763999,11.24904,236.91969000000003,297981.4420981219,0.03846189391630528,0.036792284089983474
USA,1897-01-02,68.18211528284,11.37851,236.91969000000003,287785.7694429703,0.043794449155250215,0.04186965402080389
USA,1898-01-08,72.0603180778,11.18423,236.91969,304155.04122008604,0.02526327112008464,0.02523131059816075
USA,1899-01-21,84.39022617532,11.44535,236.91969,356197.60508432204,0.081282286483352,0.08143739348027479
USA,1900-01-20,91.47337299828,11.76844,238.7789641846517,383088.07189372904,0.06651201020041442,0.06531392099098587
USA,1901-02-02,94.69468499296,11.91432,236.91969,399691.07250207866,0.020387067679263016,0.01838685690085562
USA,1902-02-15,104.41456505168,12.00803,236.91969,440717.1267684843,0.08989744213496387,0.09511743220537938
USA,1903-02-07,113.39792837412,12.09292,236.91969,478634.46205809235,0.054901513070017005,0.05446361770608066
USA,1904-02-13,120.16792048559999,12.24521,243.40746292932346,493690.3702105975,0.04216391524755769,0.039594274043730504
USA,1905-02-26,126.62345428408,12.30505,236.91969000000003,534457.2850153568,0.04792188958677124,0.04807826766844214
USA,1906-02-25,130.20961180084,12.41386,236.91969,549593.8805290519,0.038186537086848604,0.0383825754193019
USA,1907-03-10,130.4471692264,12.58598,236.91969,550596.5723085321,0.019555393325021875,0.015135059924032968
USA,1908-03-23,132.5343208566,12.54618,236.91969,559406.1044761623,0.0175226026643871,0.015684760771094597
USA,1909-03-15,124.32981798588,12.67721,236.91969,524776.2141925815,0.007814788183886145,0.011634857623073369
USA,1910-03-21,146.79894471736,12.90465,236.91969000000003,619614.793170462,0.1295508761806372,0.12765149844322465
USA,1911-04-03,157.12577713456,12.79433,236.91969,663202.6959623322,0.05245355513356942,0.052188389559757686
USA,1912-04-02,159.42749272007998,13.65457,236.91969000000003,672917.8681606412,0.008379774292657238,0.0028173353009393054
USA,1913-04-15,172.48594873016,13.40396,236.91969,728035.515875274,0.07045592456288241,0.06847842380853675
USA,1914-04-28,190.59822348528002,12.88897,236.91969,804484.521676016,0.029900850950593805,0.03276108027212077
USA,1915-04-20,204.01130693579998,13.29322,609.42565,334759.96117951383,0.05939517759304591,-0.4594907532928276
ARG,1838-05-11,0.59747187136,9.74014,8.75747,68224.25556239416,-0.06500759083904828,-0.0706708939842875
ARG,1839-05-24,0.55372364632,9.45761,8.50130459903603,65133.96148430998,-0.004426441862127484,-0.00504963183885665
ARG,1840-05-23,0.56548703744,7.9715,9.09226,62194.33204065876,0.21990988786766996,0.12436105581335255
ARG,1841-06-05,0.35949323176,7.82687,9.239555620649694,38908.0651191233,-0.1074459520407518,-0.05429782354733792
ARG,1842-06-18,0.30527581552,8.10745,7.78002,39238.435829213806,-0.06936526382759534,0.08222866605391999
ARG,1843-06-10,0.2637144718,8.52588,7.7800199999999995,33896.37453374156,-0.07710126194422562,-0.0737440554928247
ARG,1844-06-16,0.27274730808,8.87587,8.75876,31139.94538953002,-0.003753186230771477,-0.07376523388852585
ARG,1845-06-29,0.33807411404000004,8.51012,8.730956107475505,38721.3164146523,0.13397340050265183,0.12689856547551304
ARG,1846-06-28,0.43672697796,8.2339,8.75876,49861.73590325571,0.28711221034383616,0.28766075049536544
ARG,1847-07-11,0.3338206638,9.84917,9.36515,35644.98847322253,-0.20783321119284792,-0.24239841901362102
ARG,1848-07-24,0.42588582867999997,9.41266,9.36515,45475.60142442993,0.2503795204091752,0.2401426800301838
ARG,1849-07-16,0.4468432748,9.29202,8.91747,50108.74999299129,-0.01858539876685017,0.0292352738792363
ARG,1850-07-22,0.47869099356,9.68197,8.91747,53680.135011387756,-0.023710856261743518,-0.015006960719238238
ARG,1851-08-04,0.5427191385200001,9.1699,10.21921,53107.7391031205,0.07564585554547554,-0.011573715199807322
ARG,1852-08-03,0.5020930917599999,10.21993,10.391205411300636,48319.0421020803,-0.10244448710981202,-0.09200706599726027
ARG,1853-08-16,0.55000254764,9.74153,10.21921,53820.45653626846,0.08692113462657991,0.07947654964126305
ARG,1854-08-29,0.55785816008,10.26294,13.68866,40753.306757564285,0.04731740830700293,-0.148176366627233
ARG,1855-08-21,0.5989557355599999,9.44261,13.68866,43755.61490752199,0.09804165110580843,0.10122674667336606
ARG,1856-08-27,0.51498554016,9.83668,13.022469842007197,39545.91920027234,-0.08245610031717021,-0.08156935215279537
ARG,1857-09-09,0.59786792312,10.11549,15.58468,38362.54084909026,0.11751799136490004,-0.022455147696345046
ARG,1858-09-08,0.6792066866,9.78571,19.84714,34221.89225248575,0.1312948263040692,0.08702518084401056
ARG,1859-09-21,0.68880570824,9.51444,20.13134,34215.591621819505,0.012111135827404418,-0.00016564301191823727
ARG,1860-10-04,0.75123510904,9.82161,20.525167447092198,36600.68113823976,0.05013716478156871,0.027470148579150644
ARG,1861-09-26,0.7039796602799999,9.76238,20.92077,33649.796842085634,-0.03283502915373715,-0.04780812913993149
ARG,1862-10-02,0.6988025278000001,10.33028,22.13564,31569.113330357744,-0.010707327248254406,-0.030552133287696126
ARG,1863-10-15,0.7201253196799999,10.64628,22.95771,31367.471741737307,0.018374701498189427,-0.007007714061816106
ARG,1864-10-14,0.96859124284,10.1443,23.74573,40790.1228069215,0.3039156490776891,0.2535886916091208
ARG,1865-10-27,0.9549542906799999,9.91755,24.33671,39239.25175917369,0.005350942140566195,-0.017138195140485868
ARG,1866-11-09,1.08829218056,10.54745,25.228480000000005,43137.44548066312,0.13745718856500688,0.14551158657069352
ARG,1867-11-01,1.27606702184,10.19982,26.59736,47977.20607759568,0.13834055144248558,0.07757826307198434
ARG,1868-11-07,1.2360588718399999,9.65744,26.59736,46472.99099760277,-0.041204018734183,-0.04497286371925879
ARG,1869-11-20,1.18580528196,10.09285,28.64458,41397.19562863201,-0.05100485131762067,-0.0716977856681692
ARG,1870-11-19,1.3195305032,10.1762,28.64458,46065.625790289116,0.08254895560330522,0.08875956822718734
ARG,1871-12-02,1.22675054684,10.30291,28.19624189887194,43507.590523582476,-0.06936700024856413,-0.07309291546284169
ARG,1872-12-15,1.36252334088,9.96955,30.969500000000004,43995.65187942976,0.1364012985508678,0.05548304360484302
ARG,1873-12-07,1.40767660228,9.8776,31.95666,44049.55343518378,-0.0051127847187063535,-0.034338500434229036
ARG,1874-12-13,1.3542214264799999,10.08021,31.95666,42376.813674520425,-0.05713854521673989,-0.05983659750434012
ARG,1875-12-26,1.48598627944,9.98995,30.818066894663342,48218.023684584936,0.1180085975755023,0.10447893000150832
ARG,1876-12-25,1.41619634936,9.6466,33.45636,42329.660171040734,0.02154448122614161,0.022250799700416213
ARG,1878-01-07,1.37952509604,10.14971,36.36328,37937.311926756876,-0.029241271873841734,-0.046031056704059936
ARG,1879-01-20,1.53175870848,10.31018,36.36328,42123.7772962175,0.09299817921110387,0.08826821732218049
ARG,1880-01-12,1.42989898532,10.36534,38.25039,37382.59885245614,-0.04723501082198822,-0.0694923143558076
ARG,1881-01-18,1.6858544279199998,10.13289,38.25039,44074.176182778785,0.11671703786009124,0.11595161160438483
ARG,1882-01-31,1.62394021192,10.12278,38.25039,42455.520372994884,-0.043516077946715526,-0.04144415130617052
ARG,1883-01-30,1.84832629592,9.81868,40.220939339108945,45954.3294187258,0.18160973919241674,0.139697273164624
ARG,1884-02-12,2.0520883676799997,10.36968,40.42636,50761.14613534337,0.04649123463355709,0.05445983923002551
ARG,1885-02-25,2.18743903976,10.48605,40.42636,54109.22575665976,0.03912420975125097,0.040988038137355964
NET,1878-05-20,15.37928081924,15.94615,51.97036,295924.07709394355,0.00890057193552618,0.009377736184674523
NET,1879-06-02,16.92489560476,16.05879,51.97036,325664.3903324895,0.08308339454241676,0.0827469048428151
NET,1880-06-01,16.844387079,16.32857,51.97035999999999,324115.2664518776,-0.009280863805450457,-0.008212127618127063
NET,1881-06-14,17.13324548624,16.49431,51.97036,329673.40396025736,0.00820563859277268,0.00841030757023331
NET,1882-06-27,15.41315930908,15.32154,51.97036,296575.9580861091,-0.026904914829322224,0.03264991645520321
NET,1883-06-19,16.48851734296,15.9741,51.97036,317267.7145773091,0.026507574975525694,0.02640202953949422
NET,1884-06-25,17.11988941832,16.19147,51.97036,329416.4100137078,0.027678822864966035,0.028699120130955436
NET,1885-07-08,18.11072083444,16.6307,51.97036,348481.7275547062,0.06568309817547258,0.06459839195764405
NET,1886-07-07,18.28016886696,17.13264,51.97036,351742.20203516004,0.009833957994076936,0.009668595917523337
NET,1887-07-20,18.18512071792,16.92218,52.06891518593088,349251.0003902224,0.014915019822470565,0.017327620192614024
NET,1888-08-02,18.13110609492,17.05007,51.97036,348873.97537596425,-0.023114351666199795,-0.01940370308976347
NET,1889-07-25,19.01778891948,17.10948,51.97036,365935.293107071,0.041670905606197906,0.041198888677179024
NET,1890-07-31,17.79006403928,16.81491,51.97036,342311.73382828216,-0.06446288261895528,-0.06495822195686662
NET,1891-08-13,18.515004940639997,16.90888,52.596280473206086,352021.1842750368,0.010388095725131885,0.008900753438478404
NET,1892-08-12,18.29151242412,16.63027,51.97035999999999,351960.47177891404,-0.01177560864386662,-0.008494499885271733
NET,1893-08-25,19.43998673084,17.07284,51.97036,374059.11236404756,0.02911764572973352,0.02993707597116324
NET,1894-09-07,19.103633987360002,17.26595,51.97036,367587.1013277568,-0.012590274601878115,-0.013522467163949226
NET,1895-08-30,14.9319976988,16.85963,51.97036,287317.57291656244,-0.1796576293927541,-0.16407631072965423
NET,1896-09-05,15.27410117064,16.21071,51.97036,293900.2379556347,0.04549144110944203,0.05164466761387532
NET,1897-09-18,17.02312764672,16.40049,51.97036,327554.545450907,0.04886889228428082,0.050328480824997524
NET,1898-09-17,16.52268270276,16.51922,52.3094634458317,315864.1212190949,-0.03458716278515561,-0.034087082530211754
NET,1899-09-30,15.9031891018,16.55216,72.17797,220333.00606542412,-0.05089253078712852,-0.3157852384430795
NET,1900-10-13,17.35385385708,16.38582,73.30424,236737.3818633138,0.04980104381020811,0.05232623629163036
NET,1901-10-05,18.18487642296,16.8886,73.30424,248074.0053093791,0.05138515222080575,0.05182230243116903
NET,1902-10-11,17.25390827004,16.6554,71.01723117672236,242953.8294319674,-0.01707804584586159,-0.015331597841558908
NET,1903-10-24,18.5787644146,17.18351,79.01437,235131.4629807211,0.05979908865698902,0.02738905707197148
NEP,1884-11-26,2.88708437576,8.25568,58.10340348600691,49688.730823751124,0.016280723640789807,0.017349563619509567
NEP,1885-12-09,2.76880517524,8.0746,57.755430000000004,47940.17073788559,-0.05412774980439572,-0.05605173257929397
NEP,1886-12-08,2.91754206068,8.7133,57.75543,50515.45907770058,0.06311715097011206,0.05908193870360412
NEP,1887-12-21,3.23154720616,8.76681,57.75543,55952.266413045494,0.06873522339109273,0.06416744364322935
NEP,1889-01-03,3.3936336667999996,8.76066,58.369055454626896,58140.97282142995,0.03450495439996448,0.03437602715580135
NEP,1889-12-26,3.51935603656,8.8042,57.75543,60935.50055051101,0.02997993381880648,0.02984650379519249
NEP,1891-01-01,3.58742598552,8.88703,57.75543,62114.09014736797,0.01868901024777192,0.018675416925790334
NEP,1892-01-14,3.60816779908,8.87212,57.75543,62473.22198241793,0.002381423472082478,0.0023590433829672186
NEP,1893-01-13,3.8113415766400003,8.90013,57.75542999999999,65991.05186542634,0.04256990732926691,0.04326208880492621
NEP,1894-01-26,3.90366201108,8.79084,57.75542999999999,67589.52380893019,0.018854941612321374,0.018105633685814082
NEP,1895-02-08,3.9043877366,8.78696,57.755430000000004,67602.08930311834,-0.0018211448423193222,-0.0027260829075381743
NEP,1896-01-31,4.0764586148,8.8901,57.755430000000004,70581.39147782295,0.027451739801238384,0.02829475852777419
NEP,1897-02-06,4.28530079952,8.93877,57.75542999999999,74197.36636918815,0.045161052670310786,0.04475776267780973
NEP,1898-02-19,4.34539968616,8.86728,57.75542999999999,75237.94188979288,0.008728524646194114,0.008468570470807624
NEP,1899-02-18,4.43513316896,8.52268,57.755430000000004,76791.62234546605,0.019735988141268868,0.0193820030401477
NEP,1900-03-03,4.4929805081200005,8.51253,57.755714288407795,77792.83077833548,0.011084997515479422,0.011865061557778445
NEP,1901-03-16,4.785183052,9.07272,57.75543,82852.52229963486,0.0633236803086441,0.05827046958365645
NEP,1902-03-08,4.57907623836,8.53922,57.75542999999999,79283.90868806622,-0.04398993409812435,-0.04383361485878301
NEP,1903-03-14,4.54201086716,8.42475,57.75543,78642.14442105271,-0.005485188629840709,-0.005558440921709318
NEP,1904-03-27,4.28062206832,8.47927,56.702916023968704,75492.09755827287,-0.03190931681249232,-0.029999990441044733
NEP,1905-03-26,4.53621516712,8.64923,57.75542999999999,78541.79541421475,0.04345047834254512,0.044242751610251485
NEP,1906-04-08,4.58832884952,8.78863,57.75543,79444.11199985871,0.013722363579500074,0.02156839435945601
NEP,1907-04-21,5.01893268604,9.57175,57.75543,86899.75446533773,0.09240512121126421,0.09233484937405967
NEP,1908-04-13,4.7504515957599995,9.4333,57.75543,82251.16834486385,-0.07047579758554434,-0.06670504096984664
BCE,1837-01-13,1.52978797712,5.667,11.8176,129449.97098564851,0,0
BCE,1838-01-19,1.6963355843199999,5.89638,11.70991,144863.24696944724,0.037798699144492076,0.04497638428178341
BCE,1839-01-25,2.35805906544,5.32585,11.57456,203727.74994816218,0.38694399187267714,0.39807142549271846
BCE,1840-01-31,2.27881682756,5.36561,11.39316,200016.22267746614,-0.09619270754725051,-0.08499048466689085
BCE,1841-02-06,1.79836896408,5.61971,11.248470000000001,159876.76226900192,-0.1781533117164117,-0.17029765473731961
BCE,1842-02-12,1.68836328856,5.70337,11.10376,152053.2944299949,-0.05086370128101525,-0.04156609620110541
BCE,1843-02-18,1.53720705632,5.78093,10.96658,140171.96394135637,-0.048733693253891874,-0.03978653417195599
BCE,1844-02-24,1.41136135556,5.61814,10.79834,130701.69633110275,-0.16016324049879904,-0.150383526238127
BCE,1845-03-02,0.73610449276,5.69059,10.64492,69150.77734355918,-0.4564218257561591,-0.45036005592234507
BCE,1846-03-08,0.80392804544,5.83224,10.501120000000002,76556.40973915163,0.09992517939982504,0.11179016714333412
BCE,1847-03-14,1.03337946348,5.98616,10.38248,99531.08154121174,0.033049104601258206,0.04153791685306274
BCE,1848-03-20,0.95235838672,6.3176,10.29016,92550.3963709019,-0.04467343405069624,-0.03803682591615798
BCE,1849-03-26,1.0558639759200001,6.44167,10.17211,103799.89755517784,0.09191762621213817,0.10182739101080984
BCE,1850-04-01,1.10056966656,6.62444,10.05978,109402.95578630945,0.03419317070841399,0.042480583848022224
BCE,1851-04-07,0.9814861971200001,6.86347,9.96649,98478.62157289076,-0.19091908623015186,-0.1849211081074097
BCE,1852-04-13,1.22253889524,6.98927,9.89047,123607.76537818728,-0.15286786060654556,-0.1479236191706379
BCE,1853-04-19,1.24874211488,7.04002,9.050459999999998,137975.54100896532,0.011759886450441792,0.02426993974887459
BCE,1854-04-25,1.2522856007999998,7.22851,9.69303,129194.44186183266,0.025872379307426252,-0.015143722853989017
BCE,1855-05-01,1.1706215731599998,7.73722,9.68121,120916.86609008584,-0.0931386188261013,-0.09265122269654447
BCE,1856-05-07,1.1760489733200001,7.65887,9.66987,121619.93628869882,-0.06336018212801542,-0.06234152243194202
BCE,1857-05-13,1.2283032268,8.11074,9.67034,127017.58436621672,0.06460869579345774,0.06468380588877332
BCE,1858-05-19,1.35037599164,7.16696,9.64802,139964.05393438236,0.07226131380921363,0.07423334873096521
BCE,1859-05-25,1.3244229356800001,7.12497,9.63409,137472.55170753025,-0.05021964497937803,-0.04909375856557319
BCE,1860-05-31,1.2076010959999999,7.33007,9.6289,125414.23173986643,-0.02811603995298939,-0.02758942366457684
BCE,1861-06-06,1.4578006144,9.1933,9.63881,151242.80013819135,0.14328585737580135,0.14263032846223966
BCE,1862-06-12,1.4077000771600001,9.22956,9.65854,145746.67363390326,-0.08260578659148887,-0.014909805480419536
BCE,1863-06-18,1.51129948268,10.10448,9.71235,155605.95352103247,0.04985354595340019,0.04537187608862969
BCE,1864-06-24,1.4964643902,9.68754,9.76809,153199.28360610927,0.06552539045533856,0.0607221045719748
BCE,1865-06-30,1.57788428824,9.65377,9.83119,160497.79205162346,0.028438757566661144,0.02371662750144643
BCE,1866-07-06,1.54098744748,9.23729,9.87129,156108.0109570279,-0.01587344963388959,-0.01884417722714371
BCE,1867-07-12,1.8855595382,8.62314,9.92234,190031.74031528854,0.14223794132470235,0.13795311406667854
BCE,1868-07-18,2.10750119684,8.95438,9.99112,210937.43212372586,0.05261385309847899,0.04724903303228212
BCE,1869-07-24,2.10361226972,8.38235,10.07519,208791.32499933007,0.0016520227804825982,-0.004756307209716204
BCE,1870-07-30,2.1519974902400003,8.26324,10.1435,212155.32017942527,0.0077677616595484,0.0026487760052222864
BCE,1871-08-05,2.4001636828,8.24747,10.20556,235181.96775091224,0.11745147922832588,0.11222835927252062
BCE,1872-08-11,2.46810982132,8.24563,10.2687,240352.70494999367,0.011165612561352622,0.006498548395009518
BCE,1873-08-17,2.70245659216,8.45937,10.3296,261622.579011772,0.07327444487407919,0.06846731257480676
BCE,1874-08-23,2.8215828186,8.43552,10.39362,271472.57823549444,0.03703960760604241,0.03212569136343868
BCE,1875-08-29,2.8102206922399997,8.43829,10.46199,268612.44297117466,0.0006181009490613398,-0.004187584293789848
BCE,1876-09-04,2.8281573533200004,8.55525,10.53242,268519.2342614518,0.01446199415062921,0.009173524802801314
BCE,1877-09-10,3.03357467244,9.2502,10.59772,286247.86014727695,0.03630478803201509,0.031568912240495184
BCE,1878-09-16,3.2991582156000003,10.78362,10.734359999999999,307345.5907571574,0.06600773449537978,0.05568217478488391
BCE,1879-09-22,3.37954240468,8.61478,10.84109,311734.55848812254,0.026545456507509835,0.018487153720289973
BCE,1880-09-28,2.91134035036,9.76139,11.04429,263605.93124229804,-0.1276394218246263,-0.07555336400989732
BCE,1881-10-04,3.25779879672,10.27148,11.57851,281365.97858619114,0.09248330766819635,0.054481660921347874
BCE,1882-10-10,3.5689765576399997,10.33141,12.15372,293653.0179763891,0.07972497982626936,0.04242636299365965
BCE,1883-10-16,3.471988156,10.51816,12.32569,281687.1230738401,-0.060520989822490656,-0.06741419148379613
BCE,1884-10-22,3.94015674364,10.76583,12.4733,315887.2747099805,0.0827396843819106,0.07326082772947862
BCE,1885-10-28,4.0917732284,11.31185,12.61236,324425.6608913795,0.033406400690100035,0.02475510805045844
BCE,1886-11-03,4.30354757352,11.32244,12.853190000000001,334823.3063947549,0.03676265048617866,0.020385475168592793
BCE,1887-11-09,4.2381998864399995,11.55918,13.00059,326000.5804690402,-0.02184092445276009,-0.02985726114432219
BCE,1888-11-15,4.450528921799999,11.94947,13.15065,338426.5357073604,0.04730062768136123,0.037413498681322155
BCE,1889-11-21,4.598446196759999,12.09011,13.33457,344851.4797822502,0.0356668418350683,0.02482603872014577
BCE,1890-11-27,4.74654526008,12.25907,13.48867,351891.2732003971,0.06588213612064098,0.05766907010320654
BCE,1891-12-03,4.99981946984,12.21913,13.69529,365075.83773983613,0.030350860216358688,0.01858274117002945
BCE,1892-12-09,4.83424544876,12.43225,13.88602,348137.5836099905,-0.02921634703815923,-0.03910548160258298
BCE,1893-12-15,4.941761033560001,12.82106,14.143699999999999,349396.62419027556,0.05255447634466681,0.03764863666110285
BCE,1894-12-21,5.1250392835200005,13.01576,14.396280000000003,355997.4718135518,0.030895614508653635,0.01711522002838617
BCE,1895-12-27,5.14822245496,13.18888,14.604969999999998,352497.9821909939,-0.0005357737207658531,-0.01253741201705405
BCE,1897-01-02,5.33946680592,13.05388,14.66699,364046.5293778751,0.035248622675308816,0.03219393496649414
BCE,1898-01-08,5.27611899568,13.05371,14.87108,354790.57309085823,0.007552072105201146,-0.0037623190622041447
BCE,1899-01-14,5.4243221188,12.87047,15.024780000000002,361025.06118558807,-0.01573219559856387,-0.02326277160417034
BCE,1900-01-20,5.33725854324,13.22306,15.202600000000002,351075.3781090076,0.006094125526366678,-0.002632799204592362
BCE,1901-01-26,4.99527737852,13.44461,15.40022,324364.0271710404,-0.09836579042161919,-0.10642242252902878
BCE,1902-02-01,5.2054236426400005,13.19571,15.50162,335798.6870172279,0.04996486382589915,0.04220480145358119
BCE,1903-02-07,4.66382090772,12.64274,15.539850000000001,300120.07244085363,-0.06244624693464085,-0.06327998779813415
BCE,1904-02-13,6.4735872916,12.97499,15.59808,415024.6242870918,0.253284035209808,0.24892432577051715
BCE,1905-02-19,6.81566676856,13.41486,15.81125,431064.38571017474,0.01120353326670509,0.0003247372816008731
BCE,1906-02-25,6.071028039440001,13.29388,15.974670000000001,380040.9047222885,-0.03716440838877699,-0.04417041246539177
BCE,1907-03-03,5.37630882308,13.05096,16.19182,332038.57398859423,-0.01622693665924313,-0.026224514735195603
BCE,1908-03-09,5.66903136072,12.97126,15.15363,374103.8523918032,-0.07649499564462625,-0.009821551698669717
BCE,1909-03-15,6.696745261439999,12.80686,16.55029,404630.08572296915,0.1438604014587772,0.11040748667805245
BCE,1910-03-21,8.10952630332,13.01076,16.74226,484374.6485432671,0.13508252640372143,0.12479056064425498
BCE,1911-03-27,7.55249222676,13.29894,16.96547,445168.4643431629,-0.017069691574074675,-0.026777507632685493
BCE,1912-04-02,7.18989923548,13.49343,17.19506,418137.49038851855,-0.06557471607618703,-0.07518214882577157
BCE,1913-04-08,6.9279448305599995,13.38064,17.4493,397032.822552194,-0.021012830513131298,-0.03229004865210916
BCE,1914-04-14,6.97654538828,13.99159,17.61525,396051.4547497197,-0.039490326388130215,-0.04593297053482359
BCE,1915-04-20,7.18673109492,16.08951,17.85905,402413.96350421774,0.0018571648533562968,-0.008328542029561903
BCE,1916-04-26,7.18101566936,17.28817,18.77284,382521.5401271198,0.02881858816392202,-0.00852132374419523
BCE,1917-05-02,7.9839333542799995,17.75743,20.05167,398168.0006842322,0.18041373238898983,0.12295365617899612
BCE,1918-05-08,8.29982288772,19.13319,21.29835,389693.23387586366,0.0023028507096487516,-0.04228272936057198
BCE,1919-05-14,10.33296317768,19.43129,22.41188,461048.4786497162,0.15256041576248913,0.1090882666386308
BCE,1920-05-20,11.0877785694,21.24973,23.43834,473061.597766736,0.050583116918082593,0.01489094393243895
BCE,1921-05-26,10.79016663972,21.65066,24.29072,444209.4198821608,-0.050314391504130085,-0.07539985755087086
KRG,1897-12-18,0.00879087404,7.29811,0.40209,21862.951180084063,0.15756200922828234,0.159232183050384
KRG,1898-12-31,0.01172882984,7.31462,0.40209,29169.66311024895,0.2359006346279422,0.23502317143171259
KRG,1899-12-30,0.01569152572,7.60588,0.59556,26347.514473772586,0.22475345255515333,-0.15569379477565704
KRG,1901-01-12,0.017483547119999998,7.3234,0.59556,29356.48317549869,0.10076114675692982,0.09334413503443995
KRG,1902-01-25,0.02090585328,7.15028,0.59556,35102.84988917993,0.07400631456725226,0.0571555038637197
KRG,1903-01-17,0.0225061564,7.15968,0.76371,29469.505964305823,0.05962674357061881,-0.003466489582319099
KRG,1904-01-23,0.02922037196,7.55971,0.7637100000000001,38261.08334315381,0.18958196803720084,0.18115998389843102
KRG,1905-02-05,0.03075889128,7.20307,1.1636,26434.248264008253,0.034026158799868034,-0.32063177894127304
KRG,1906-02-04,0.03242108064,7.33349,1.1636,27862.736885527673,0.03795116545036126,0.04038382435661125
KRG,1907-02-17,0.04544453524,8.06021,1.4752410758724048,30804.819621176644,0.15075667694732897,-0.010918563555789018
KRG,1908-03-02,0.03711992128,10.44829,1.47351,25191.49600613501,0.0689727693744635,0.1276248541089311
KRG,1909-02-22,0.04231830512,9.67159,1.47351,28719.387801915153,0.25584608892847416,0.2690991958337545
KRG,1910-02-28,0.04472158028,10.54192,1.90806,23438.246323490876,0.041194953294606096,-0.10500361679635806
KRG,1911-03-13,0.06568349944,6.42299,1.8858663206847674,34829.35069127805,0.17309140498492814,0.16336110418303518
KRG,1912-03-12,0.060966005360000006,7.36984,2.32429,26229.94779481046,-0.09580482707778548,-0.14223511892632557
KRG,1913-03-25,0.06579479347999999,7.96657,2.32429,28307.480340232927,0.055578983109790814,0.05358254383474903
KRG,1914-04-07,0.0681864612,8.66794,2.32429,29336.468857156382,-0.09815296615349178,-0.11896173206657501
KRG,1915-03-30,0.07135949652,9.14845,2.32429,30701.63211991619,0.056385162192516436,0.053601949613797606
KRG,1916-04-05,0.0761727408,9.42172,2.32429,32772.47710053393,-0.001348565375006161,-0.0029648321540882705
KRG,1917-04-18,0.08203696696,9.55921,3.9030400000000003,21018.735898171682,0.08437916283600022,0.037192800365584366
KRG,1918-04-17,0.08750252732,9.6018,3.9035828509032555,22415.952385832585,0.051451970954066395,0.053325596381414764
KRG,1919-04-30,0.10685754248,10.13393,3.90304,27378.029044027222,0.11579485910264387,0.11310394539155388
D03,1901-04-27,4.58150692064,12.67554,13.39686,341983.6380047265,-0.05096117796959365,-0.05166496186034841
D03,1902-05-10,4.2889257762,13.0522,13.473575122177676,318321.28720909223,-0.06056191336828609,-0.06023454417662566
D03,1903-05-09,4.56291716452,13.05112,13.39686,340596.0176130825,0.044319588540002064,0.049348606308786236
D03,1904-05-22,4.752033684840001,13.4953,13.54886737658266,350732.9101953741,0.014573496149612453,0.014619777679133916
D03,1905-06-04,4.83087476248,14.10758,13.396860000000002,360597.54020568996,0.0035207943328712243,0.009249294980525624
D03,1906-05-27,4.53428235,14.52571,13.39686,338458.59029653214,-0.06669778997080511,-0.06321623772367524
D03,1907-06-02,4.67504728548,14.92469,13.39686,348965.8983881298,0.04464188475418829,0.0433980491024617
D03,1908-06-15,3.85261797908,14.9994,13.81090946441336,278954.6907831856,-0.12012893481058307,-0.17236798775239492
D03,1909-06-14,2.86638335776,14.62522,14.30223,200415.13510550454,-0.250498730545867,-0.2439526297172364
D03,1910-06-27,2.2803278212,11.7633,14.302230000000002,159438.6204948459,0.15314300291630478,0.09499410121497887
D03,1911-07-10,4.29993427188,12.0297,14.30223,300647.82008679764,0.7638871383289003,0.7979814833339813
D03,1912-07-02,5.23481939708,13.47577,14.28622,366424.3863723224,0.11198564883865014,0.10766469667989464
D03,1913-07-08,5.338482211400001,14.16132,14.43389,369857.48203706695,0.001975317411576416,-0.008423017006606082
D03,1914-07-21,5.65114777968,14.15673,14.433890000000002,391519.38802914525,0.03777562303661308,0.03965667720278088
D03,1915-07-20,5.86384540144,14.36295,14.562445243284417,402669.0094607674,0.009304729686579583,-0.00985915220913025
D03,1916-08-02,6.65537150512,14.81474,14.7747,450457.3023560546,0.0835851189572121,0.08973262492621914
D03,1917-08-15,7.03765364224,14.40603,14.7747,476331.40721909754,0.07789132546800759,0.07149922595823766
D03,1918-08-07,6.961235214959999,13.90753,14.7747,471159.15822047147,-0.00793252398273514,-0.006942960667186249
PNI,1853-03-23,1.0734919083199999,8.63159,8.976995714200001,119582.5354602685,0,0
PNI,1854-03-28,1.02796903872,9.21883,9.25302,111095.51678479026,0.09591684181884408,0.07843150457584525
PNI,1855-03-27,1.17278133128,9.16597,9.45577,124028.11524391986,0.03149973169659637,0.014307179550124172
PNI,1856-03-26,1.20841035692,9.02988,9.64971,125227.63450093317,0.04187343910473107,0.025650534262857017
PNI,1857-03-25,1.38113894048,10.29142,9.86368,140022.683266286,0.09281468948762917,0.07430331683445912
PNI,1858-03-24,1.53914692256,10.05679,12.82409,120019.97198709617,-0.005994896262128124,-0.21694361340951496
PNI,1859-03-23,1.81356459076,10.08558,13.43821,134955.81560044084,0.13906686083389408,0.10785933705344886
PNI,1860-03-29,2.03585361616,10.55236,14.07293,144664.51664010267,0.06631653591634268,0.03459207027701838
PNI,1861-03-28,2.2258106889200002,10.69286,15.00279,148359.78434144583,0.0675203480706914,0.011406668469603698
PNI,1862-03-27,2.4896478146799996,11.03035,15.347059999999999,162223.11078994934,0.045328154363876605,0.027290852573920166
PNI,1863-03-26,2.81394164532,11.27439,15.70293,179198.50915211366,0.1108357802342379,0.09152000812247363
PNI,1864-03-25,3.02146919568,11.55038,16.06481,188079.98324785664,0.06168332006915933,0.04326910263022188
PNI,1865-03-24,4.1103464584,11.44819,20.516,200348.3358549425,0.2671034896499602,0.0580966297957648
PNI,1866-03-23,3.9575396728400003,11.47792,21.11965,187386.6126020081,-0.019030733558777713,-0.041470143997363484
PNI,1867-03-29,4.23744922068,11.63985,21.70043,195270.28822378174,0.0473281633906153,0.026097859733371642
PNI,1868-03-28,4.57404687896,11.88285,22.78095,200783.85137406475,0.0719343619966768,0.03295847004068175
PNI,1869-03-27,4.6323165158399995,12.83121,23.94452,193460.40412754146,0.07431133159450853,0.033469736486896995
PNI,1870-03-26,5.18520468336,13.05041,25.02728,207182.1102157326,0.13910522894283117,0.10079059819763048
PNI,1871-03-25,5.69329112768,13.26551,25.98387,219108.66732630666,0.1275366565427345,0.09476974474361333
PNI,1872-03-24,6.0660083406,13.84324,26.89626,225533.52550131502,0.039004828663152136,0.01193320513125018
PNI,1873-03-23,6.57180587024,14.11471,28.1504,233453.37438331248,0.044849956389021894,0.010640084045144382
PNI,1874-03-29,7.0091683168,14.17395,29.30075,239214.63842393112,0.03159199193881834,0.001978843517042028
PNI,1875-03-28,7.9141875727199995,14.21578,32.77212,241491.47423846854,0.0801177371671371,-0.003899702135025551
PNI,1876-03-27,8.363845467640001,14.23188,37.67854,221979.02221370576,0.05183815643197942,-0.055759484247909996
PNI,1877-03-26,9.51567315608,14.29277,39.3046,242100.750448548,0.061853602856878576,0.027555592373141424
PNI,1878-03-25,9.65023272252,14.37882,40.54322,238023.3420660717,0.032137277164052236,0.007856830474747722
PNI,1879-03-24,10.7612143652,14.52527,42.40418,253777.20699232953,0.10382212502297028,0.06512525564922056
PNI,1880-03-23,11.244781093,14.88273,44.24766,254132.7856207537,0.032244197094880356,0.000048207363545271775
PNI,1881-03-29,12.2587411102,14.93295,47.00163,260815.2336461523,0.08454195760731875,0.03240252274127298
PNI,1882-03-28,12.84877749324,15.08351,48.75641,263530.01570952416,0.0574694777790381,0.02924859960065418
PNI,1883-03-27,14.13617371816,16.25569,52.578140000000005,268860.28524706274,0.07168023222579523,0.015924910834035133
PNI,1884-03-26,15.473864648840001,16.65995,56.579499999999996,273488.8899484796,0.08782324902491578,0.024539890712054424
PNI,1885-03-25,16.31962077928,16.69384,58.19312,280439.0068667911,0.04571315629307726,0.023204926920304514
PNI,1886-03-24,15.73376966564,15.88834,60.72829,259084.68138391513,0.021892963875335125,-0.013066687431036561
PNI,1887-03-23,17.25715158284,15.48627,65.37456,263973.50258020853,0.052689345026136536,-0.005161809031693387
PNI,1888-03-29,17.878497552760003,15.57589,69.4792,257321.5804551578,0.017850433252152076,-0.028086858465665387
PNI,1889-03-28,18.71347629996,15.83376,71.14226,263043.0393968367,0.04022030395215115,0.021493233182720006
PNI,1890-03-27,19.644450684560002,16.08104,72.85432,269640.16251280636,0.0419349197047203,0.02290119483296893
PNI,1891-03-26,19.76306798492,16.11385,74.57637,265004.4241214744,0.013940559021777155,-0.004079944206480612
PNI,1892-03-25,20.716530209440002,16.16368,76.26108,271652.72520976624,0.027685842481657064,0.009799689155640667
PNI,1893-03-24,21.939270789280002,16.25809,77.83409,281872.25917692366,0.046005587633832334,0.02966994486490737
PNI,1894-03-23,23.04077106552,16.3149,79.42702,290087.31619944953,0.03787262729596552,0.02179840544760725
PNI,1895-03-29,23.2127666212,16.29867,81.13072,286115.62452792237,-0.007901892641041242,-0.023699766616220974
PNI,1896-03-28,23.39635471576,16.3271,82.85274,282384.80363787606,0.012514616690679103,-0.0037305143627666126
PNI,1897-03-27,25.44649222648,16.36894,84.64576999999998,300623.31793402083,0.04121749515568651,0.024174969215524866
PNI,1898-03-26,26.591063257720002,16.54373,86.58294999999998,307116.62351213495,0.012439513608491826,-0.005134491987294876
PNI,1899-03-25,28.37701157564,16.74839,88.55593,320441.68669043394,0.034285002422405286,0.016650132976380627
PNI,1900-03-24,29.66927030964,16.77499,90.58319000000002,327536.16106520424,0.04800505839837266,0.030276655839617028
PNI,1901-03-23,32.60800212904,16.86768,93.21659,349808.9999756481,0.05843823321525621,0.03592368912837962
PNI,1902-03-29,33.4104800666,16.92938,96.89226,344820.9389129741,-0.006176373767723176,-0.03590606520673634
PNI,1903-03-28,35.01525956032,16.80093,101.43316,345205.2520134441,0.025329270057846687,-0.014499270467989933
PNI,1904-03-27,35.951185874240004,17.60927,103.86152,346145.3854540161,0.04700408525143329,0.029695594198038133
PNI,1905-03-26,41.31277715396,17.95763,105.82016,390405.5442172833,0.11802604696356411,0.10229951567663664
PNI,1906-03-25,45.814137046599996,18.69094,108.17295,423526.74163550127,0.08189907801410401,0.06381249401509659
PNI,1907-03-24,45.75297051156,19.27344,114.81991,398475.93079945806,0.002612240167569224,-0.04567857269094511
PNI,1908-03-23,50.84712914996,19.85148,118.81987,427934.56304875604,0.04700953191054813,0.022423288473411462
PNI,1909-03-29,50.44114762076,19.63139,120.61710999999998,418192.30804618023,0.014614195876907266,0.0036177256609695174
PNI,1910-03-28,52.26408888012,19.3162,122.8682,425367.0915673869,0.02320568786869681,0.008084432119642937
PNI,1911-03-27,55.4841162044,19.40819,125.0866,443565.6273685591,0.05471853643159985,0.03965192852268151
PNI,1912-03-26,61.2013447734,19.78734,126.64394,483255.2175287661,0.08047623158812134,0.07057496755376524
PNI,1913-03-25,63.56047872252,20.3889,128.1452,496003.5859518734,0.05220027005434069,0.04271841850653546
PNI,1914-03-24,64.0835764166,20.79876,134.27249,477265.12271128653,0.0293961803636984,-0.006376165260983169
PNI,1915-03-23,70.96332124232,21.61596,136.69242,519145.9866049632,0.03756106827426109,0.024275550693094283
PNI,1916-03-29,79.36926942724,22.37995,138.56171,572808.09703662,0.10462741709717638,0.09349811216440096
PNI,1917-03-28,85.91987428648,23.74059,141.93563,605343.9456074559,0.032971819465939856,0.013455025505835438
PNI,1918-03-27,90.19454930512,22.61844,147.24413,612551.0694729902,0.04257877318720471,0.014424985059747986
PNI,1919-03-26,88.3227887984,22.77072,151.6122,582557.2664891084,0.004078467585292067,-0.01935256482456027
PNI,1920-03-25,92.7729327018,22.54132,157.42375999999996,589319.7615264686,0.03686881875849002,0.00587674228173829
PNI,1921-03-24,87.75161884736,22.37729,159.6466,549661.6830384111,-0.04444209789747933,-0.05321499851571121
