country,date,gdp,sol,pop,gdpc,gdpGrowth,gdpcGrowth
CIR,1837-01-13,0.30915115919999997,8.13034,6.70827,46085.0799386429,0.5147256199996002,0.49679057819181405
CIR,1838-01-19,0.22429371328,9.74292,6.806119999999999,32954.710360675395,-0.27888496763369863,-0.2864694881745026
CIR,1839-01-25,0.23072507016,9.69558,6.92083,33337.77453860303,0.012403493206852856,-0.0006517735772278987
CIR,1840-01-31,0.23538662368,9.65383,7.092310000000001,33188.992539807194,0.017082263446214663,-0.0013732732751329246
CIR,1841-02-06,0.24756168580000001,9.62337,7.28214,33995.73282029733,0.046361042490410176,0.026649079408924692
CIR,1842-02-12,0.21837430368000002,10.11901,7.56067,28882.930174177687,-0.08736205509356587,-0.11307611025032493
CIR,1843-02-18,0.29358805476000005,10.06534,7.839500000000001,37449.84434721602,0.08152255984489831,0.05242443151678766
CIR,1844-02-24,0.29306078412000003,7.61734,8.02625,36512.790421429694,0.035473275230341716,0.01754257361727829
CIR,1845-03-02,0.25815774192,10.05377,8.28127,31173.68977463602,-0.10916341009155517,-0.12908052097002343
CIR,1846-03-08,0.26113803248,10.09691,8.53998,30578.295555727298,0.008064301740020818,-0.015060540264982603
CIR,1847-03-14,0.27041382731999997,10.20786,8.79914,30731.847353264067,0.023927285390068054,0.0016781275940589424
CIR,1848-03-20,0.2727489648,10.17491,9.08783,30012.55137915212,0.009221107112581617,-0.014962821757677158
CIR,1849-03-26,0.28406877096,9.88844,9.35436,30367.52604774672,0.061898688078051434,0.03926829055239511
CIR,1850-04-01,0.2826193656,10.02872,9.64272,29309.091791527702,0.03885236090640731,0.014869712734902674
CIR,1851-04-07,0.28080550888,9.02017,9.98025,28136.1197244558,0.219425120368532,0.18786069725160237
CIR,1852-04-13,0.31404287616,8.90799,10.1847,30834.769424725324,0.07447691036789572,0.05939770685754309
CIR,1853-04-19,0.32928882844,9.79849,10.39899,31665.46255357492,0.02730035296947686,0.010481582656550303
CIR,1854-04-25,0.31857080528,9.71749,10.62597,29980.3975806444,-0.015406540542374447,-0.03131638342309262
CIR,1855-05-01,0.35269147108,8.962,10.80498,32641.56630368589,0.06772904850659933,0.054624209771132914
CIR,1856-05-07,0.32591395044,9.45522,11.02511,29561.06110868735,-0.06974735126020315,-0.08296083795081999
CIR,1857-05-13,0.40041248572,9.51109,11.2262,35667.67790703889,0.09425088788046465,0.07942291161393289
CIR,1858-05-19,0.34766215536,9.44106,11.37084,30574.88763890794,-0.009072783740989854,-0.018627352952436782
CIR,1859-05-25,0.33949374472,8.75433,11.53303,29436.648020511522,0.1343107849174252,0.12262568613972835
CIR,1860-05-31,0.46523541168000004,8.2837,11.65826,39906.07617946417,0.3730341507371835,0.3624094204482615
CIR,1861-06-06,0.48551481731999996,8.97983,11.76389,41271.62165916206,-0.12588144518974176,-0.13179542493580299
CIR,1862-06-12,0.4462068026,9.13819,11.90916,37467.52941433317,0.05419094657793555,0.0457086221286398
CIR,1863-06-18,0.49915315476,8.64492,12.06672,41366.10071005211,0.2076246476235022,0.19531177888270168
CIR,1864-06-24,0.51694566404,9.07608,12.26137,42160.51420355148,0.018182059051667254,0.005274138987672261
CIR,1865-06-30,0.50584360892,8.44548,12.39506,40810.09764535226,-0.027648177413796993,-0.03456017177376702
CIR,1866-07-06,0.52219139336,8.91368,12.53246,41667.110316729515,0.024681300515633442,0.01576020924567234
CIR,1867-07-12,0.49664786756,8.98542,12.67222,39191.859639431765,-0.027512107571556754,-0.03582070528704617
CIR,1868-07-18,0.45194241092,8.58982,12.815269999999998,35265.92970105195,-0.06543397583959687,-0.0729141045684154
CIR,1869-07-24,0.44909716384,8.58282,12.93157,34728.74243730653,-0.002268995142925667,-0.008806456050787892
CIR,1870-07-30,0.45925358439999997,7.48232,13.01689,35281.36017128515,0.018863716460327806,0.013606278714072717
CIR,1871-08-05,0.4662111922,8.15257,13.07614,35653.57912962082,0.0380206912435217,0.034771114921913426
CIR,1872-08-11,0.43909883264,7.88771,13.1649,33353.75374214768,-0.060540084353403745,-0.06563609610504484
CIR,1873-08-17,0.38228567052,7.90506,13.24274,28867.565965955684,-0.1219953992084396,-0.12577401540837396
CIR,1874-08-23,0.37638793608000004,7.94824,13.30029,28299.2277672141,-0.0084114472136263,-0.011827733034127097
CIR,1875-08-29,0.33643181832,8.34291,11.1838,30082.066768003722,-0.11846976245502483,0.049321994544201386
CIR,1876-09-04,0.37528641852,8.21092,13.34653,28118.650954218065,0.08719590001792787,-0.03924380245563508
CIR,1877-09-10,0.40360085896,8.94923,13.47029,29962.299175444623,0.07960166108544287,0.07180337729168729
CIR,1878-09-16,0.43135133756,9.0045,13.61206,31688.909508186127,0.07167785000134352,0.06315824096923217
CIR,1879-09-22,0.42487342508000003,8.94869,13.74014,30922.05938804117,0.0003665479028065466,-0.006214789164575629
CIR,1880-09-28,0.43152539351999997,9.2291,13.9024,31039.632978478534,0.014231875727917398,0.00497290224178637
CIR,1881-10-04,0.44545396064,9.16504,14.07144,31656.600933522084,0.02428033745587177,0.015418700829626042
CIR,1882-10-10,0.45833190936,9.08945,14.22217,32226.58070885104,0.014290503034127156,0.005895186922657114
CIR,1883-10-16,0.4542671978,9.02315,14.36786,31616.900345632544,0.00018516425176828832,-0.00762339272958612
CIR,1884-10-22,0.43812792764,7.56858,14.43067,30360.88606003741,-0.0343450598446865,-0.036947825866282424
CIR,1885-10-28,0.43630190916,8.24304,14.50969,30069.691989284398,0.21491485903583252,0.2095761372957341
CIR,1886-11-03,0.50443759236,9.62286,14.64953,34433.70486015592,0.08149688399875199,0.07362305020050086
CIR,1887-11-09,0.5203488201600001,9.56298,14.810700000000002,35133.30363588486,0.016601410676110095,0.00861950514975307
CIR,1888-11-15,0.51509283904,8.94713,14.941550000000001,34473.85572715013,-0.007300704364469279,-0.014070319738062942
CIR,1889-11-21,0.52188505096,8.92189,15.02516,34734.076107009845,0.011451062915134091,0.005173385950107745
CIR,1890-11-27,0.50787194224,9.01994,14.505700000000001,35011.887895103304,-0.02788031919132894,0.0026238637727196146
CIR,1891-12-03,0.50350607216,9.60821,14.63496,34404.33538321936,-0.0025499379071451944,-0.009314150776712049
CIR,1892-12-09,0.5153072886000001,9.49647,14.787849999999999,34846.66727076621,0.013341752563908793,0.005821142688632541
CIR,1893-12-15,0.52053514188,8.82534,14.913419999999999,34903.807569289944,0.0006149139546558491,-0.006051222138930612
CIR,1894-12-21,0.48433157448,8.47345,15.00085,32286.942038617814,-0.050368247898595064,-0.0545310187366439
CIR,1895-12-27,0.47407364056,7.76783,14.99174,31622.3227297165,-0.005288244991101698,-0.0045773693351172096
CIR,1897-01-02,0.5248556544399999,9.07689,15.06776,34833.02457963227,0.07085535034339463,0.06631693929440141
CIR,1898-01-08,0.5181523906,9.22652,15.1576,34184.32935293186,-0.009316090624191142,-0.013788664272885942
CIR,1899-01-14,0.54635821136,9.05395,15.28753,35738.81531941392,0.04539498994146007,0.03902225036099516
CIR,1900-01-20,0.4996186104,8.31419,15.40793,32426.06958884159,-0.0779652616417511,-0.08353506767712093
CIR,1901-01-26,0.59416971068,8.19993,15.48563,38369.1015916046,0.04272646937994029,0.0386397480571572
CIR,1902-02-01,0.4491648876,8.25141,14.89634,30152.701106446282,-0.0821713925645492,-0.05137057197836303
CIR,1903-02-07,0.45799991691999997,8.55408,14.87254,30795.003201874057,-0.08506781285847498,-0.0873671110137395
CIR,1904-02-13,0.44866407195999997,7.7467,14.98451,29941.858089453708,-0.16517033335136388,-0.1699677399203312
CIR,1905-02-19,0.47710469924,8.50565,15.02604,31751.858722590914,-0.017772162746796494,-0.019732805025072797
CIR,1906-02-25,0.489532537,8.5101,15.15055,32311.20566580091,0.027132987699215683,0.020694154379955698
CIR,1907-03-03,0.4916569554,8.43987,15.27863,32179.38751052941,0.002130740312606072,-0.00400558251872174
CIR,1908-03-09,0.48448256376,8.3913,15.39327,31473.66113632776,-0.021626732319207642,-0.0273198884422724
CIR,1909-03-15,0.4881795282,8.23485,15.4924,31510.903939996384,0.027672669954033502,0.022391789837111764
CIR,1910-03-21,0.479392329,8.14539,15.57158,30786.363939947005,-0.010760339003534236,-0.014178258536628463
CIR,1911-03-27,0.49605087272,8.21133,15.66196,31672.336841621353,0.025542057961104758,0.020829152149776764
CIR,1912-04-02,0.50382297212,8.28606,15.74523,31998.45109407738,0.004589145679052553,0.0009280217990714767
MJT,1837-01-13,0.14145268852,6.66934,3.6560000000000006,38690.56031728665,0.6160835257616344,0.6086679122711693
MJT,1838-01-19,0.10861196268,8.19165,3.67789,29531.052500210717,-0.2513723464235643,-0.254568802171243
MJT,1839-01-25,0.10914620288,8.19143,3.71224,29401.709717044156,0.0035474697592561277,-0.0036472125277320355
MJT,1840-01-31,0.10929720308,8.17862,3.74848,29157.739425046955,0.00026098541814301157,-0.0068015693514327236
MJT,1841-02-06,0.11398657608,8.29143,3.78358,30126.64621337463,0.04103120045777153,0.033647382302155915
MJT,1842-02-12,0.11503397152,8.24703,3.81849,30125.513362611924,-0.0061556518462391185,-0.013187911023440524
MJT,1843-02-18,0.11823426472000001,8.26807,3.85495,30670.76478812955,0.025584053315703903,0.018536156836660878
MJT,1844-02-24,0.12158299348,8.28247,3.88861,31266.44057388116,0.024141649073245786,0.017249986626970415
MJT,1845-03-02,0.11214857316,8.16797,3.92376,28581.914581931615,-0.012886776215874418,-0.019520082932407812
MJT,1846-03-08,0.10091474536,8.00469,3.9204499999999998,25740.602573684144,-0.06615351697355143,-0.06502997043515257
MJT,1847-03-14,0.10342829068,8.08752,3.9188,26392.847473716443,0.027575603142782956,0.02794276430485354
MJT,1848-03-20,0.10327772208000001,8.11455,3.94125,26204.30626831589,0.0007178120906989882,-0.0034268343657297695
MJT,1849-03-26,0.10704460156,8.15813,3.97548,26926.208045317795,0.023392957278107085,0.01662764878253542
MJT,1850-04-01,0.108114656,8.16234,4.01043,26958.370050094378,0.009204894997033586,0.002418781830328509
MJT,1851-04-07,0.1052119952,8.0185,4.03928,26047.21514725397,-0.025739876258329963,-0.030574517664191725
MJT,1852-04-13,0.1052105574,8.01239,4.07333,25829.126881445893,0.0002270634432754992,-0.006209287227730509
MJT,1853-04-19,0.10538381983999999,8.00797,4.10812,25652.56609836129,0.001379593007390545,-0.00506148619635971
MJT,1854-04-25,0.10558130388,8.00308,4.14412,25477.37610879994,0.0013172801950045443,-0.0050689363785073605
MJT,1855-05-01,0.10731103707999999,8.01523,4.17799,25684.84775693575,0.01499275559263391,0.008565446745053329
MJT,1856-05-07,0.10760067448,8.02776,4.20683,25577.61413701053,0.003270967100208244,-0.0014096779413518279
MJT,1857-05-13,0.10765181336,8.02274,4.24207,25377.18928730549,0.00037805132829249466,-0.00600531914667779
MJT,1858-05-19,0.10825589632,8.02362,4.27719,25310.050832439054,0.004478435611510179,-0.0019077424757372174
MJT,1859-05-25,0.11185291727999999,8.08112,4.31511,25921.22038140395,0.032807436294647774,0.02615450176774292
MJT,1860-05-31,0.11241409399999999,8.07515,4.35177,25831.80958552497,0.0024319328133997065,-0.004047258831922584
MJT,1861-06-06,0.10987464124,7.96968,4.36497,25171.912118525444,-0.02929186234503245,-0.031006638773886208
MJT,1862-06-12,0.11552319636,8.06601,4.39547,26282.330754162806,0.033768383110542866,0.02844972077362562
MJT,1863-06-18,0.11751721384,8.06889,4.43185,26516.51428635897,0.005025245818986779,-0.0012779793697493824
MJT,1864-06-24,0.11775894468,7.98882,4.4688,26351.357116004296,0.001483491368207579,-0.004733298839242117
MJT,1865-06-30,0.1179901632,7.67081,4.50766,26175.479783302202,0.0016586188384704048,-0.0046341357691791485
MJT,1866-07-06,0.11690331744,7.71138,4.54445,25724.41493250008,0.005155263433744173,-0.0011488846924064822
MJT,1867-07-12,0.1180092836,7.6999,4.57479,25795.562987590685,0.009474456498832273,0.004811135907647923
MJT,1868-07-18,0.1182286378,7.7093,4.61255,25631.9471442044,0.0014337917416686885,-0.0048667358906022695
MJT,1869-07-24,0.13902509868,7.96788,4.65104,29891.185343493067,0.12229255184381294,0.11502904612289644
MJT,1870-07-30,0.13758717908,8.15474,4.69812,29285.582122210584,0.008293752880393912,0.0009033594857241756
MJT,1871-08-05,0.13956955428,8.0681,4.74329,29424.630220796116,0.010145850264618117,0.0027748677241317132
MJT,1872-08-11,0.1382273698,7.33671,4.78528,28885.95229537247,0.044146585422225604,0.036907439749866544
MJT,1873-08-17,0.14261705588,7.37815,4.80883,29657.32951258414,0.02103385819848258,0.017335856262537197
MJT,1874-08-23,0.14279513508,7.38743,4.8399,29503.73666398066,0.0012316083257291055,-0.003751974032268568
MJT,1875-08-29,0.14249814176,7.38064,4.87233,29246.406084973718,-0.0016527556053879122,-0.006638198326839095
MJT,1876-09-04,0.14410365684,8.1328,4.90755,29363.66554390684,0.005819142004394262,0.0006505233716158632
MJT,1877-09-10,0.14020783348,8.0754,4.94045,28379.567343055794,-0.011888722340807512,-0.0180223570403083
MJT,1878-09-16,0.13857764908,7.4173,4.90917,28228.325578458276,-0.004890285346629719,-0.00013755441674856428
MJT,1879-09-22,0.13810875779999998,8.06707,4.91669,28089.78353323069,-0.004007240848481253,-0.004798871837855989
MJT,1880-09-28,0.18852675816,5.95731,4.92116,38309.414479512954,0.287698147009686,0.2864086917549322
MJT,1881-10-04,0.1417742144,8.15281,4.9198,28817.068661327692,-0.25793526241678544,-0.2575613176716339
MJT,1882-10-10,0.13932105043999998,8.10328,4.96743,28046.90764439559,-0.003914374797514997,-0.011224845657734295
MJT,1883-10-16,0.14244015395999998,8.11888,5.01555,28399.707701049734,-0.051616832070953134,-0.05856152407584614
MJT,1884-10-22,0.1463660224,7.4375,5.06109,28919.86161083877,0.030739486033355412,0.023777044861832186
MJT,1885-10-28,0.14764785308,7.41903,5.0884,29016.557872808742,0.00795248483521438,0.0035098625107463644
MJT,1886-11-03,0.19320546804,8.2014,5.12793,37677.08764355208,0.1555882850936392,0.1487348827213224
MJT,1887-11-09,0.19685099564,8.19691,5.17376,38047.95654224394,0.015494117738169777,0.00855277609883287
MJT,1888-11-15,0.19859005296,8.17474,5.217320000000001,38063.61368672038,0.00778719594232169,0.0012903918995244013
MJT,1889-11-21,0.19954200760000002,8.11856,5.26137,37925.86486029304,0.0037533851742939106,-0.0023851151020125583
MJT,1890-11-27,0.1999544274,8.17971,5.30153,37716.36252176259,0.015169774980922979,0.009248949813342788
MJT,1891-12-03,0.1859876486,8.17688,5.34216,34815.065179627716,-0.006098200519565444,-0.011973231790038952
MJT,1892-12-09,0.18730779184,8.12325,5.38397,34789.90258861026,0.005315953875412838,-0.00037656707119437804
MJT,1893-12-15,0.18018835016,8.09609,5.40577,33332.59649596635,-0.03845474360144341,-0.04159751731839745
MJT,1894-12-21,0.18304070928000002,8.08106,5.42357,33749.11898989043,0.004262819277454755,0.0017743491235779896
MJT,1895-12-27,0.18300769292,7.99235,5.4619,33506.23279811055,-0.0012505946271866852,-0.006456510400504767
MJT,1897-01-02,0.1821198652,8.61974,5.50137,33104.45674441094,0.023462719528363873,0.017896634223701247
MJT,1898-01-08,0.19180842564,8.58454,5.55435,34533.01027843042,0.049092669202739136,0.041892845663366485
MJT,1899-01-14,0.1868685052,8.5579,5.60298,33351.62809790505,-0.031713512020040135,-0.03821179949582498
MJT,1900-01-20,0.18735277132,8.52985,5.64185,33207.68388383243,-0.02778654087893062,-0.03294571566286575
MJT,1901-01-26,0.18707674232,8.49101,5.689889999999999,32878.79771313681,-0.02065970186340238,-0.026675470043410976
MJT,1902-02-01,0.18013095776,8.45798,5.73561,31405.719314946444,-0.010877865545841026,-0.016951984719377866
MJT,1903-02-07,0.18878982356,8.39748,5.7707,32715.23793647218,0.04645450973016341,0.041539157089871104
MJT,1904-02-13,0.21804860116,8.3235,5.79934,37598.86489841947,0.07420380466742604,0.07048423895683742
MJT,1905-02-19,0.22194947892,6.0463,5.784860000000001,38367.30342998793,0.04337960751842229,0.045655527715645405
MJT,1906-02-25,0.21366493304,6.01706,5.72416,37326.86246366279,-0.037167003361067485,-0.028992843891217257
MJT,1907-03-03,0.21537338784,6.07186,5.67255,37967.649089034036,0.006034741663156984,0.012728090029266781
MJT,1908-03-09,0.25610684268,5.3321,5.63522,45447.53224896277,0.13957355802370786,0.14535671590434474
MJT,1909-03-15,0.25616202768,5.36537,5.59277,45802.35333832788,0.00007994040315439932,0.005655976950640795
MJT,1910-03-21,0.26648499124,5.27833,5.54925,48021.80316979772,0.008738545822501775,0.014903224947551807
MJT,1911-03-27,0.23561638152,6.12353,5.509,42769.35587583953,-0.08487665487527118,-0.07997730163296224
MJT,1912-04-02,0.23552818900000003,5.44472,5.47762,42998.27096439695,0.02393505932155282,0.02802888830832506
GBR,1851-09-22,40.37860818108,10.85436,286.27214,141049.7304455823,0.024818041041189343,0.02604401439180637
GBR,1852-10-05,40.90943588524,10.95509,286.27214,142904.0069538028,0.011413913432270384,0.010048268189962295
GBR,1853-10-04,43.45368198548,10.713,286.27214,151791.51553301697,0.05286196851718783,0.05173601553614304
GBR,1854-10-17,45.073449061679995,10.76955,288.0745588583091,156464.52515735553,0.029300259390248717,0.03096321855364792
GBR,1855-10-30,46.510092330519996,10.90956,286.27214,162468.10580491697,0.02818225813773112,0.02944261946544602
GBR,1856-10-22,48.39763352944,11.10451,286.27214,169061.62621846472,0.031400395248851964,0.03108461783058747
GBR,1857-10-28,50.13749324064,11.32701,286.27214,175139.2686715515,0.0191994010020915,0.019301572291937408
GBR,1858-11-10,52.48300532176,11.47221,287.02535877474213,182851.4579540992,0.022192045705683228,0.023389409069914713
GBR,1859-11-09,54.18251210164,11.41103,304.65078,177851.21738943193,0.027796484602871097,-0.005223805449938279
GBR,1860-11-22,55.976245676,11.4512,306.7690438450519,182470.3202591505,0.024121613316021584,0.02418209944511518
GBR,1861-12-05,58.64056504332,11.14327,304.65078,192484.53932505933,0.036229903380916806,0.03318146424538626
GBR,1862-11-27,59.691949180239995,10.90723,310.79319,192063.24688208257,0.013831762627608102,-0.002744516047414436
GBR,1863-12-03,61.6820729174,10.82935,312.31605,197498.88908174908,0.03313363025038929,0.029032362147636936
GBR,1864-12-16,63.68701596452,10.82562,313.47378,203165.36829498148,0.02035684098529833,0.015490257281882247
GBR,1865-12-15,66.06070983772,10.96855,314.66257,209941.4297598853,0.028763426351039678,0.025096350727807026
GBR,1866-12-28,67.88834635959999,11.22749,316.04539,214805.68458726763,0.022215522713937785,0.01631621752781709
GBR,1868-01-10,72.05586850384,11.3178,319.54146,225497.71320391414,0.027366058249832292,0.01405347115844724
GBR,1869-01-02,75.07880534387999,11.01981,321.71559,233370.11844492832,0.033025443040792135,0.025935556163401596
GBR,1870-01-08,79.59342774864,11.55174,324.10797,245576.8913940623,0.054182599985578284,0.0455581657930999
GBR,1871-01-21,81.94393150788001,11.75298,324.10797,252829.11588962158,0.02525981060706295,0.024978395078419036
GBR,1872-01-20,88.66536956056001,11.9687,329.1130113815256,269407.0622986531,0.054140945985902356,0.05681558273078702
GBR,1873-02-02,92.73797498836001,12.57826,324.10797,286132.966703534,0.051715989996255596,0.05220599377344182
GBR,1874-02-15,96.58671239256,12.66871,324.10797,298007.82866450335,0.05273133271039798,0.056654753403410085
GBR,1875-02-07,100.97114220336,12.95536,324.10797,311535.511463541,0.039262200771588374,0.03920638624498163
GBR,1876-02-13,105.04981920836,13.10435,321.3157396044145,326936.42501824314,0.034539091009086365,0.03546800681923323
GBR,1877-02-26,107.34179488864,13.48085,324.10797,331191.4695853977,0.0044714074612501875,0.004521040876365401
GBR,1878-02-25,110.21838752599999,13.73137,324.10797,340066.8842731636,0.033409522441809614,0.036925066078801194
GBR,1879-03-10,110.34498424819999,14.34267,324.10797,340457.48473325104,0.022914849125724723,0.020000604892415064
GBR,1880-03-23,119.31481176264,14.64657,324.10797,368132.9149747227,0.02383257583856291,0.030030404657901633
GBR,1881-03-15,126.8263250592,14.60647,358.13809,354126.8817823874,0.032264434530188124,-0.008974186931318795
GBR,1882-03-21,135.93994840764,15.17224,358.13809,379574.114575861,0.05890793264122829,0.05939674607185008
GBR,1883-04-03,140.8465876324,15.43201,358.13809,393274.5261259421,0.029797314831520483,0.030750197594342943
GBR,1884-04-02,142.33512761468,15.91641,358.13809,397430.8558318385,0.013395816080924439,0.01150793888511581
GBR,1885-04-15,145.38278960712,16.26813,374.23181,388483.2494787656,0.01858222946430943,-0.0253293052871143
GBR,1886-04-28,156.70692457108,16.61089,374.23181,418742.9298730111,0.07631687965425926,0.0738512813891028
GBR,1887-04-20,159.32119397428,16.7446,374.23181,425728.6251916426,0.013667003109568476,0.013489688021991908
GBR,1888-04-26,161.78344789412,16.76553,374.23181,432308.1137707669,0.010276186215127492,0.008594148282283331
GBR,1889-05-09,166.04426615764,16.75729,374.8488763044311,442963.2223914905,0.025248665233998935,0.025722672848266903
GBR,1890-05-08,173.05194819484,16.87927,374.23181,462419.13052458054,0.0325992344218895,0.02970781839432779
GBR,1891-05-21,169.92909454352,16.4452,379.9590718307236,447229.996969846,-0.037982402318517794,-0.036398741834754667
GBR,1892-06-03,148.14983396564,15.3068,374.23181,395877.18095273623,-0.1532816226714655,-0.15652132051263568
GBR,1893-05-26,156.751918154,15.94989,374.23181,418863.1590510706,0.03392686441976078,0.0324542826061569
GBR,1894-06-01,163.55360707556,16.76025,374.23181,437038.22792498587,0.04046233424208068,0.04537205663239874
GBR,1895-06-14,175.8494320336,17.29987,376.66905402558456,466853.94022747554,0.040559441625345416,0.0394807395992145
GBR,1896-06-13,194.35568444656,17.12539,374.23181,519345.708336659,0.0981316768558087,0.09897356429550008
GBR,1897-06-26,200.33840903492,17.6384,374.23181000000005,535332.3893950116,0.0184492218413832,0.018263892154147143
GBR,1898-07-09,203.2380586132,17.66622,374.23181,543080.6606557578,0.01962983592072609,0.020019641920268283
GBR,1899-07-01,210.47149318312,17.90315,473.50797000000006,444494.0877829786,0.03023391301509304,-0.18573208024106136
GBR,1900-07-07,213.31633666304,17.93184,484.11362,440632.7933162467,0.02677357862703711,0.0099810888647891
GBR,1901-07-20,214.05063386824,17.55159,493.8736,433411.7755398142,0.000716502933314711,-0.011286173306316427
GBR,1902-07-19,219.27097163036,17.74868,492.11222881742515,445571.06852898403,0.03201442440913227,0.01672091637862949
GBR,1903-08-01,218.40989786304,17.79837,508.01207,429930.52874322457,0.0016892474812024716,-0.00821749937758054
GBR,1904-08-14,222.20919617156,17.72857,508.58822999999995,436913.7606105434,0.009555333242011299,-0.0027681201045933745
GBR,1905-08-06,227.48235594032,17.80791,517.23552,439804.2035866369,0.013083057349612348,-0.0007430938329855419
GBR,1906-08-12,228.01414869843998,17.93694,523.7969827251171,435310.1606507331,0.007191083240615459,0.001244840593606522
GBR,1907-08-25,228.51588123364,17.93604,535.21151,426963.6899879825,-0.0018985434528762113,-0.015025346240663873
GBR,1908-08-24,236.94541474968003,18.3131,545.58107,434299.186277999,0.027369422850625158,0.014647785654976708
GBR,1909-09-06,238.20449905875998,18.19154,550.00818,433092.64792890893,0.007281175848577792,-0.0006751913206489712
GBR,1910-09-19,248.79519049008,18.06121,565.6859622979534,439811.49802518287,0.058049067534947874,0.02695519924427936
GBR,1911-09-11,255.90270399252,18.34573,575.53744,444632.5924383304,0.024918079315580766,0.010414071018672644
MON,1837-01-13,0.05479260592,2.93231,1.18396,46279.10226696848,0,0
MON,1838-01-19,0.05557494384,3.14218,1.16531,47691.12411289699,0.03201064954416899,0.044933392657062976
MON,1839-01-25,0.060200948600000005,3.3292,1.14653,52507.08537936208,0.06722295161039904,0.08061006505693857
MON,1840-01-31,0.0458975478,4.7376,1.12957,40632.76096213604,0.0966170934577959,0.10863633466608524
MON,1841-02-06,0.06598689396,4.65159,1.1168,59085.685852435534,0.2209681219389945,0.23184469661561424
MON,1842-02-12,0.1177006038,4.77724,1.10443,106571.35698957833,0.1606566015725226,0.17067497833199785
MON,1843-02-18,0.08003600332000001,5.38793,1.09583,73036.87918746521,-0.19127106774225,-0.18645341200885834
MON,1844-02-24,0.07994967811999999,5.2705,1.09151,73246.85813231212,-0.12191222102149812,-0.11932307569527512
MON,1845-03-02,0.06446112712,5.31319,1.08751,59274.054601796764,-0.19013154247638997,-0.18793953246226958
MON,1846-03-08,0.06625341372,5.35028,1.08358,61143.07547204636,0.032030260172946745,0.03490316809300942
MON,1847-03-14,0.04939794964,5.56282,0.95976,51469.064807868635,-0.1990382662336756,-0.1581895362627278
MON,1848-03-20,0.045862379159999994,5.90528,0.95967,47789.73934790084,-0.07121318221933826,-0.07127644359096208
MON,1849-03-26,0.0681832814,6.03168,0.95793,71177.7284352719,0.25837706860179677,0.2603651232172053
MON,1850-04-01,0.06702916324,6.37317,0.9592600000000001,69875.90772053457,0.0027938572809087514,0.0015456451296997908
MON,1851-04-07,0.0646100182,6.83092,0.9599099999999999,67308.41245533436,-0.007014822725657455,-0.007357008708450907
MON,1852-04-13,0.06421256504,6.2499,0.9597499999999999,66905.51189372233,0.012442390904439993,0.012313108587579169
MON,1853-04-19,0.06416501728,6.33303,0.95849,66943.85677471857,0.033173513002833444,0.03414389119822259
MON,1854-04-25,0.06485040276,7.05306,0.9568399999999999,67775.59755026964,0.020347317885358818,0.02162258835471853
MON,1855-05-01,0.061693147360000006,7.12494,0.95572,64551.48721382832,-0.020420139806388016,-0.019698129484980953
MON,1856-05-07,0.06182948616,6.64216,0.95364,64835.24826978734,0.027853278937387538,0.029588793874451458
MON,1857-05-13,0.05939590124,6.74276,0.95144,62427.37454805348,-0.03256442444151442,-0.030764937041015128
MON,1858-05-19,0.06231025164,6.85093,0.94932,65636.72064214385,0.05245985433665479,0.054257120543208526
MON,1859-05-25,0.05981491984,6.79257,0.94751,63128.53673312155,-0.0469830526427405,-0.04560748611395904
MON,1860-05-31,0.060906937,6.90829,0.94473,64470.205243826276,0.02432583807887778,0.02658157324740018
MON,1861-06-06,0.05834355228,6.86346,0.93873,62151.579559617785,-0.027139320952512258,-0.022327213259725864
MON,1862-06-12,0.05839575144,6.87891,0.93177,62671.8518947809,-0.006311446545782751,-0.0005659516326291802
MON,1863-06-18,0.057899856039999996,6.88626,0.92418,62649.97732043541,-0.0038601275301488602,0.002262912636853409
MON,1864-06-24,0.05805965828,6.89719,0.91659,63343.10681984312,-0.01011593750356854,-0.003975581517961846
MON,1865-06-30,0.05681062816,6.77789,0.90916,62486.94196841041,-0.0247971480547432,-0.018601240220156634
MON,1866-07-06,0.05827487276,6.79117,0.90189,64614.16886760026,-0.030737518238263428,-0.024863392893027636
MON,1867-07-12,0.0553459998,6.74019,0.89416,61897.19938266082,-0.055167234906139506,-0.04919575730176651
MON,1868-07-18,0.0557948846,6.41319,0.8857,62995.24060065484,-0.04311418269947165,-0.036023942071929604
MON,1869-07-24,0.05694366808,6.48572,0.87683,64942.65488179009,-0.031504616557140985,-0.024244361252933277
MON,1870-07-30,0.05588098048,6.63556,0.86839,64350.09670770045,-0.05735666638935155,-0.05039408897260966
MON,1871-08-05,0.05583772688,6.42867,0.8636,64656.932468735526,-0.03611947778144964,-0.032354601040975206
MON,1872-08-11,0.05652984272,6.47453,0.85939,65779.03247652405,-0.005273595706079881,-0.0016610168157096261
MON,1873-08-17,0.05602164308,6.39131,0.85534,65496.34423737929,-0.03529250861887756,-0.031826445555581784
MON,1874-08-23,0.05855416996,6.58856,0.85092,68812.77906266159,-0.0011612580860507205,0.0027569232384405673
MON,1875-08-29,0.05735902224,6.52823,0.8470399999999999,67717.01718927087,-0.046696887146793875,-0.0434471673420086
MON,1876-09-04,0.057240431040000005,6.57912,0.8433700000000001,67871.07798475165,-0.03024928856087683,-0.02697310449069723
MON,1877-09-10,0.057408488279999996,6.56327,0.8389899999999999,68425.7122015757,-0.03187306146748026,-0.028043618393804315
MON,1878-09-16,0.057543068440000004,6.74459,0.8351800000000001,68899.00193970161,-0.03710422046020034,-0.0338071896840908
MON,1879-09-22,0.05676146112,6.49775,0.83113,68294.32353542767,-0.02081358945937062,-0.017257873164353676
MON,1880-09-28,0.05599991124,6.38612,0.82689,67723.53183615717,-0.05358374604662286,-0.04993612737103181
MON,1881-10-04,0.06687324904,6.55709,0.82265,81290.03712392876,0.15394481081328193,0.15850064164854527
MON,1882-10-10,0.06785349896,7.20339,0.81861,82888.67587740194,-0.008212659847170345,-0.004720310403445005
MON,1883-10-16,0.06982925767999999,6.41245,0.81613,85561.43957457757,0.010317182722707319,0.012510137631328133
MON,1884-10-22,0.06959361656,6.42452,0.81255,85648.41124853854,-0.008931715535214102,-0.005706428830238863
MON,1885-10-28,0.06793437404,6.58395,0.80866,84008.5747285633,-0.035543606697921004,-0.032507005958861024
MON,1886-11-03,0.06492764564,7.15091,0.80544,80611.39953317441,-0.059899448898877106,-0.057242622374711116
MON,1887-11-09,0.0674590618,7.37096,0.8030099999999999,84007.7480977821,0.034505150402759366,0.03689960863849984
MON,1888-11-15,0.06843734248000001,6.64517,0.8005499999999999,85487.90516519894,0.00678021108668414,0.008810764716789654
MON,1889-11-21,0.06673354064,6.53997,0.7968999999999999,83741.42381729202,-0.027907573767605443,-0.024849708372313484
MON,1890-11-27,0.06824396435999999,6.39785,0.78466,86972.65613131801,-0.0010785587292837517,0.01162806202702571
MON,1891-12-03,0.06783228867999999,5.54495,0.77801,87186.91106798113,-0.0011831690425510022,0.005210513932145666
MON,1892-12-09,0.06837544947999999,6.48159,0.7723,88534.83035089991,0.011309617313016274,0.01734691371823094
MON,1893-12-15,0.06751997668000001,6.37407,0.76779,87940.68258247699,-0.002548350735120608,0.0014766873832616767
MON,1894-12-21,0.0665047916,6.46617,0.76346,87109.72624629973,-0.015480417191882978,-0.01154998353240233
MON,1895-12-27,0.0663600808,7.3591,0.76056,87251.60513305984,0.010321114899197736,0.013067870673714621
MON,1897-01-02,0.06495989448,7.25926,0.7585,85642.57676994069,-0.02064262873991307,-0.01891081706302955
MON,1898-01-08,0.06676445048,6.62825,0.75623,88285.90571651483,0.006642871232966696,0.008622740597753698
MON,1899-01-14,0.06659358680000001,6.6378,0.75366,88360.25104158375,0.01885436732112744,0.0211664083414973
MON,1900-01-20,0.06632530319999999,6.53382,0.75153,88253.70005189412,0.003487084550098052,0.004855452343605293
MON,1901-01-26,0.06576844456,6.49013,0.74992,87700.61414550885,-0.010797926697810212,-0.009690950165391676
MON,1902-02-01,0.0648904438,7.35859,0.7481900000000001,86729.89989173872,-0.018216976019056474,-0.017123387926758715
MON,1903-02-07,0.06453594888,7.28812,0.74725,86364.60204750753,0.010388528720747692,0.010955187225190732
MON,1904-02-13,0.06488743872,7.37607,0.74608,86971.15419257988,0.019435723226378876,0.020117860309797342
MON,1905-02-19,0.06600936004,7.34253,0.74504,88598.41087726832,0.015636758166216014,0.016138940658530165
MON,1906-02-25,0.0642576584,7.41869,0.74421,86343.4492952258,-0.012303189905684686,-0.011970295946340803
MON,1907-03-03,0.06436938923999999,7.35549,0.7438,86541.26006991127,0.007574870370099296,0.007820941477625354
MON,1908-03-09,0.06552809328,6.6456,0.73987,88567.03647938151,0.01944531123153226,0.02327290092856993
MON,1909-03-15,0.06412044339999999,6.71068,0.72887,87972.40029086119,-0.053955992626686156,-0.04337891056304477
MON,1910-03-21,0.062370350639999995,6.75576,0.71754,86922.47211305294,-0.07081187192944682,-0.06014212057181356
MON,1911-03-27,0.0654695626,7.46019,0.71403,91690.21273615953,-0.0523489589407492,-0.0495596294582602
MON,1912-04-02,0.06681933440000001,6.79403,0.71184,93868.47381434031,-0.044184068102118945,-0.04183573578822064
HAW,1837-01-13,0.1081259452,8.39482,2.0123854221545705,53730.23676758422,0,0
HAW,1838-01-26,0.11277268652,9.34216,1.92104,58703.97624203556,0.05248843745122622,0.051229867985176814
HAW,1839-01-25,0.11231342200000001,9.6555,1.92104,58464.90546787157,-0.007299290264504932,-0.007618573156054409
HAW,1840-02-07,0.11204331944000001,9.86086,1.92104,58324.30321076084,-0.003825866112180276,-0.003827460586099618
HAW,1841-02-20,0.11295121812,9.86223,1.9219579151590163,58768.83007121142,0.005847023245270311,0.0057703886799977955
HAW,1842-02-12,0.11359631088000001,9.857,1.92104,59132.7150293591,0.004475940505643594,0.004467414122322433
HAW,1843-02-18,0.11323033435999999,9.857,1.92104,58942.20545121392,0.0019000844387169202,0.0015139251800613263
HAW,1844-03-03,0.11371412364000001,9.32409,1.92104,59194.04262274601,0.003141933523839402,0.003136101015592141
HAW,1845-03-02,0.1213187664,9.35754,1.92104,63152.649814683704,0.04429753507431444,0.040939816081234426
HAW,1846-03-15,0.1216329816,9.28708,1.92104,63316.21496689293,0.0030494263381726228,0.0031558560410334113
HAW,1847-03-28,0.12214318584,9.28908,1.92104,63581.802481988925,0.0029917494829108104,0.002981143334125802
HAW,1848-03-20,0.12272929188000001,9.2996,1.92104,63886.90078290926,0.003739546506593472,0.003699586789977838
HAW,1849-03-26,0.12322851632,9.23142,1.92104,64146.77274809478,0.01273382139243795,0.012747577675777721
HAW,1850-04-08,0.13062657555999999,9.25866,1.92104,67997.84260608836,0.05066436357262294,0.0471803923114853
HAW,1851-04-07,0.13104077324,8.73709,1.9210399999999999,68213.45377503852,0.002427047899022705,0.002405985830951529
HAW,1852-04-20,0.1314977846,8.74671,1.9215723602064059,68432.38762337067,0.002420764872819392,0.0024108314714843537
HAW,1853-05-03,0.12817579476000002,9.27183,1.92104,66722.08530795819,-0.003246318391715297,-0.006121758573018998
HAW,1854-04-25,0.12469271204,9.26842,1.92104,64908.96183317369,0.00564084208447424,0.005440863850014743
HAW,1855-05-01,0.13075681684,9.37613,1.9210399999999999,68065.63988256361,0.046433681550433814,0.04653553657685294
HAW,1856-05-14,0.13207797408000002,9.37403,1.922768080253641,68691.5782701037,0.0070605943365413815,0.006981871274791551
HAW,1857-05-13,0.12545040144,9.42649,1.92104,65303.37808686961,-0.040112610110382474,-0.03535800061905037
HAW,1858-05-26,0.126174425,9.42697,1.9210399999999999,65680.26954149836,0.004249537946939386,0.004199919756352033
HAW,1859-06-08,0.12748974576,8.94371,1.9210399999999999,66364.96156248699,0.00936697624731786,0.00931094875439853
HAW,1860-05-31,0.12385154756000001,9.45787,1.92104,64471.09251238912,-0.014881419108730753,-0.013734132367897
HAW,1861-06-06,0.12679286568,9.45838,1.9210400000000003,66002.19968350476,0.018070818347856177,0.018051678955306905
HAW,1862-06-19,0.12843153492,9.46044,1.9210400000000003,66855.21119810102,0.008750205028295266,0.008717325790902342
HAW,1863-06-18,0.12903153224,9.46129,1.9215093937204466,67151.13267813268,0.003643034003262935,0.0036302308585300924
HAW,1864-07-01,0.13006947304,9.46841,1.92104,67707.84212718111,0.006705533807037423,0.006672733750086479
HAW,1865-07-14,0.13079477684000002,9.46838,1.92104,68085.40001249324,0.005236383432418945,0.0057024989318081865
HAW,1866-07-06,0.1315070744,9.46881,1.9210399999999999,68456.18748178071,0.004162969506411374,0.004134883795073874
HAW,1867-07-12,0.13149983964,9.55831,1.9218178107445465,68424.71690334403,0.0004897370325522843,0.0002678722650879539
HAW,1868-07-25,0.13280294352,9.63058,1.9210399999999999,69130.75392495732,0.006912548868424739,0.006701583108591036
HAW,1869-07-24,0.128385218,10.61971,1.9210400000000003,66831.10086203305,-0.026177189016373004,-0.027092345865568412
HAW,1870-08-06,0.12675259168,10.23794,1.92104,65981.23499770957,-0.008941694181511473,-0.00811645319057197
HAW,1871-08-19,0.13033750184,10.42488,1.9221575396863708,67807.91852329989,0.025853941777453482,0.026239033879795315
HAW,1872-08-11,0.14089968204,10.48968,1.92104,73345.52223795444,0.10437419299412865,0.10588701728869032
HAW,1873-08-17,0.1424746778,10.54788,1.92104,74165.38843543081,0.006493931998635016,0.0066492488131160155
HAW,1874-08-30,0.14714232572,10.5417,1.9210399999999999,76595.13894557115,0.031113651176046142,0.03111209842447482
HAW,1875-08-29,0.14850260516,10.54506,1.9210400000000003,77303.23426893765,0.007638561957973078,0.007606817355399809
HAW,1876-09-11,0.1501243302,10.07712,1.92104,78147.4254570441,0.00962976568448859,0.009620094451945116
HAW,1877-09-24,0.15092390612,10.09927,1.92104,78563.64579602715,0.005758547473157405,0.005398240950318156
HAW,1878-09-16,0.15166723936,10.10554,1.92104,78950.58893099571,0.002403057149448662,0.002511629532652826
HAW,1879-09-22,0.1495434824,10.11846,1.9210400000000003,77845.06434014908,-0.017759578732441827,-0.01799911303546864
HAW,1880-10-05,0.13643539363999999,10.24216,1.92104,71021.63080414775,-0.09238368057387436,-0.09242366018365922
HAW,1881-10-04,0.1527990256,10.54847,1.92104,79539.74180652146,0.11358958056900192,0.11374289985213615
HAW,1882-10-17,0.15322705476,10.0082,1.921364927198693,79749.06411110648,0.0014405384056406234,0.0013384346462514962
HAW,1883-10-30,0.15348138156000002,9.95799,1.92104,79894.94313496856,0.0013363435125262058,0.0013238418935634932
HAW,1884-10-22,0.15375792744,9.90982,1.92104,80038.8994711198,0.0013577206172246115,0.001343619453070266
HAW,1885-10-28,0.1546303746,9.93988,1.9210399999999999,80493.05303377338,0.010361168787216712,0.0115577974924439
HAW,1886-11-10,0.16969791748000002,10.52228,1.9213747870780786,88321.09103402324,0.026863187399786215,0.029739834340890337
HAW,1887-11-09,0.15604786704,10.45947,1.92104,81230.93066255779,-0.07382749594052451,-0.07345411911999655
HAW,1888-11-22,0.153445058,10.33083,1.8206221606248294,84281.66003831258,0.03489782954477305,0.03319644515555553
HAW,1889-12-05,0.14885159536,10.38712,1.9210400000000003,77484.90159496939,0.004875266719359894,-0.00961451189371243
HAW,1890-11-27,0.14983576036,10.29539,1.92104,77997.21003206595,0.002461149281008268,0.0026345026764038604
HAW,1891-12-03,0.14644933264,9.77024,1.9210399999999999,76234.40044975639,-0.015916867310145077,-0.015869643362272923
HAW,1892-12-16,0.15276564784,9.881,1.9210400000000003,79522.36696789238,0.041087775087151446,0.04081116574441146
HAW,1893-12-15,0.14704950571999997,9.80747,1.9210399999999999,76546.82136759255,-0.03770774480471284,-0.03748849364871676
HAW,1894-12-28,0.14352279032,8.295,1.9210399999999999,74710.98484154417,-0.011814578448551383,-0.009216343119914594
HAW,1896-01-10,0.12823789836000002,8.94293,1.92104,66754.41342189648,-0.09151692272515422,-0.09350761439499311
HAW,1897-01-02,0.11453577928,8.98268,1.92104,59621.75659018032,-0.08238201179521343,-0.0831147837916747
HAW,1898-01-08,0.12189111168,8.74735,1.92104,63450.584933161204,0.055122930964061956,0.05212604799541931
HAW,1899-01-21,0.13506607088000003,8.49192,1.92104,70308.8279681839,0.13185022121834433,0.12449692612400076
HAW,1900-01-20,0.11427714064,7.40678,1.9036348139744528,60031.02055136801,-0.14840523457524113,-0.14365031539345197
HAW,1901-02-02,0.117258349,8.56418,1.92104,61038.99398242618,0.0884702360285139,0.08171135588851186
HAW,1902-02-15,0.11684306763999999,8.26301,1.92104,60822.81870236954,-0.015057481016900076,-0.025756461924654972
HAW,1903-02-07,0.0923252356,7.76874,1.92104,48060.02769333278,-0.09129976095307635,-0.0868283228203528
HAW,1904-02-13,0.08222927388,7.8526,1.889229807284967,43525.28928080623,-0.09708378679150187,-0.09572595961098518
HAW,1905-02-26,0.08424349856,7.90619,1.92104,43853.06842127181,-0.003800441200695004,-0.0032088105333543115
OMA,1837-01-13,0.6202136340400001,10.21638,15.755890000000003,39363.922573716874,-0.005190953035017265,-0.017537639885259027
OMA,1838-01-19,0.59908391556,10.22456,16.03484,37361.390295132354,-0.025954809092168407,-0.038779978856322894
OMA,1839-01-25,0.62766445872,10.18945,16.32549,38446.89860579989,0.05445499223423811,0.04040363945550518
OMA,1840-01-31,0.60028961252,10.1728,16.61189,36136.14179482286,-0.0624025463224791,-0.07479332843923403
OMA,1841-02-06,0.61158285812,10.18328,16.92755,36129.43740352266,0.02627749765066234,0.012577455146675076
OMA,1842-02-12,0.64777264032,10.24999,17.29353,37457.51389797225,0.019613957400529847,0.003855525674629323
OMA,1843-02-18,0.64422603232,10.17215,17.61158,36579.684066960486,-0.0041865973721096905,-0.017465992243460238
OMA,1844-02-24,0.69105006516,10.59508,18.04192,38302.468094304815,0.05353361933243517,0.03519892897386501
OMA,1845-03-02,0.78440181248,10.1209,18.44366,42529.617900134785,0.11354500771956832,0.09420202482880846
OMA,1846-03-08,0.8196587817600001,10.24681,18.82922,43531.21275124514,0.03238511516394982,0.016981318818380275
OMA,1847-03-14,0.845307619,10.24319,19.20299,44019.5833565502,0.00624267829266123,-0.008761495104022687
OMA,1848-03-20,0.7989872306,10.2345,19.59874,40767.275375866004,-0.04823444446193348,-0.06268353752467426
OMA,1849-03-26,0.81628538888,10.26127,19.99732,40819.73928906474,-0.01269262004400129,-0.028197269760634858
OMA,1850-04-01,0.83576393108,10.85611,20.49641,40776.113040283635,0.014412689278070268,-0.004030891744916554
OMA,1851-04-07,0.8603274342,10.60238,21.09735,40778.9335722259,0.03495382164291305,0.011320382798230888
OMA,1852-04-13,0.900842475,10.88312,21.68852,41535.45170440399,0.028351820191389265,0.007164073775501656
OMA,1853-04-19,0.86805753684,10.82688,22.23881,39033.45263707905,-0.04437383858599231,-0.06268146233494698
OMA,1854-04-25,0.89468318524,9.75492,22.79223,39253.867885678585,0.0032402059343881184,-0.015479386740299472
OMA,1855-05-01,0.8768454083999999,10.26846,23.22226,37758.831758838285,-0.008441670068859763,-0.02217537295770311
OMA,1856-05-07,1.06895669452,9.79046,23.64281,45212.7600111831,0.19081251179076197,0.17423852325692457
OMA,1857-05-13,1.1545159418,9.60015,24.05606,47992.727894759155,0.0222622251426543,0.008424442533325971
OMA,1858-05-19,1.1135133802000001,9.66135,24.50606,45438.2867013302,-0.022663019565406062,-0.036005230971838054
OMA,1859-05-25,1.1539377356,10.26588,24.889610000000005,46362.22647120625,0.03359108350493334,0.02175652132179584
OMA,1860-05-31,1.43612915004,9.74257,25.30505,56752.66992319714,0.14722839672543797,0.1328189457261677
OMA,1861-06-06,0.31863286416,9.27834,5.4201,58787.26668511651,-0.749963294500013,-0.28372823714609374
OMA,1862-06-12,0.43685839704,9.40241,5.50307,79384.48848370092,0.31685372026906156,0.30145223833714474
OMA,1863-06-18,0.53027640796,9.79755,5.593,94810.72911854103,0.193785214318698,0.17971250274456319
OMA,1864-06-24,0.54589465476,10.20475,5.72047,95428.28731904895,-0.016782453504964434,-0.033402763835640004
OMA,1865-06-30,0.48742772052,9.53747,5.87055,83029.31080052124,-0.06566093642863491,-0.08372443758213033
OMA,1866-07-06,0.5597512388,9.66959,6.01427,93070.52041228612,0.11534577906848908,0.09402087732187914
OMA,1867-07-12,0.43318973672,9.17091,6.15507,70379.33552664713,-0.21271125936367996,-0.2263873960018451
OMA,1868-07-18,0.48279162568,9.01883,6.307309999999999,76544.77513868829,0.05049100487098657,0.03032040132735525
OMA,1869-07-24,0.45677775156,9.08862,6.46441,70660.39306912773,-0.016803037017242728,-0.034193388904400934
OMA,1870-07-30,0.45380121279999996,9.15206,6.5603,69173.85070804688,0.0014344335775289263,-0.010367288220452076
OMA,1871-08-05,0.50787237852,9.34648,6.68891,75927.52459219814,0.1270421435254776,0.11090106163277857
OMA,1872-08-11,0.49043679463999995,9.18411,6.84568,71641.79375021912,-0.023585038108425493,-0.04048135750978943
OMA,1873-08-17,0.5435310738,9.18363,6.9673,78011.7224462848,0.10847482864448055,0.09495351352347159
OMA,1874-08-23,0.5545725026399999,9.14049,7.065410000000001,78491.19904435835,-0.012464142040891524,-0.024218106855678934
OMA,1875-08-29,0.46284152772000003,8.95365,7.05692,65586.9030285167,-0.11276322004322537,-0.1120087731665591
OMA,1876-09-04,0.0029530982,8.40198,0.27287,10822.363030014292,-0.9732579950006751,-0.8890683625971969
OMA,1877-09-10,0.03002816024,2.56776,0.28778,104344.15261658213,9.310103540424736,8.867297615855868
OMA,1878-09-16,0.03145948,3.99407,0.32816,95866.28473915163,0.02184782140308772,-0.05822640802163925
OMA,1879-09-22,0.030055701,3.06069,0.33454,89841.87541101214,-0.034349368578525,-0.04376570284625447
OMA,1880-09-28,0.00231607324,1.37595,0.34734,6668.029135717165,-0.8725917361217432,-0.8769358017882234
OMA,1881-10-04,0.000244283,1.02904,0.33813,722.4529027297193,-0.8835803190936254,-0.8820029292045213
OMA,1882-10-10,0.00022352824,1,0.33066,676.0062904494042,-0.06920044846180062,-0.06137543177182103
OMA,1883-10-16,0.000205322,1,0.3473,591.194932335157,-0.06471728113904485,-0.08334240005540472
OMA,1884-10-22,0.00021520823999999998,1,0.35705,602.7397843439294,0.016359942443570974,0.0201049058703624
OMA,1885-10-28,0.00017419324,1.14795,7.07424,24.623597729226038,-0.1650790050653963,-0.2669175305165701
OMA,1886-11-03,0.87062862952,8.70177,6.67481,130434.9681144482,0.9278169586352174,1.0186342902509815
OMA,1887-11-09,1.46804777756,10.36101,6.7817,216471.94325316662,0.4411209891700827,0.41950773085679827
OMA,1888-11-15,1.69192983024,10.36178,6.86427,246483.57804107355,0.14792609906719734,0.13943159333077548
OMA,1889-11-21,1.6662165858,10.36938,7.02631,237139.6345734817,0.021934116294246353,0.0029176520240437043
OMA,1890-11-27,1.6448212502800001,10.6086,6.91229,237956.05367830343,0.0677110949171782,0.08431319274059468
OMA,1891-12-03,1.79686385372,9.89865,6.71674,267520.2335835539,0.04183586228339364,0.06933237137696802
OMA,1892-12-09,1.82847178124,9.67128,6.5756499999999996,278067.07796795754,0.05203447779324466,0.06735265202648866
OMA,1893-12-15,1.88515956044,10.21912,6.52597,288870.39941035584,-0.0066492466629808344,0.00021758232562296698
OMA,1894-12-21,1.8497387422799998,10.41419,6.56508,281754.1815606207,-0.022924706829712038,-0.025910556838117382
OMA,1895-12-27,1.8563326308800001,10.69917,6.72646,275974.6777472846,0.020374445479034664,0.0020047510172387373
OMA,1897-01-02,1.8965240190000001,10.90147,6.849700000000001,276876.9462896185,0.02167493508958973,0.00854364338163216
OMA,1898-01-08,1.88681803908,11.10962,6.99663,269675.26353115716,-0.009595165281856999,-0.027054843130012274
OMA,1899-01-14,2.0415507164,10.93935,7.17775,284427.6711225663,0.055786170873979746,0.035751104393138
OMA,1900-01-20,2.07737261212,10.93502,7.3688,281914.64174899575,0.013029257364866487,-0.008178364124101889
OMA,1901-01-26,2.0522235052799997,10.93115,7.542589999999999,272084.72226118617,0.0394409947984129,0.01973689911241494
OMA,1902-02-01,2.28239584508,10.8494,8.38806,272100.5625949266,0.14343380208338874,0.046446686409187476
OMA,1903-02-07,2.14403934004,11.078,8.63475,248303.5803051623,-0.030267215129193614,-0.043865874300637264
OMA,1904-02-13,2.3065049358,10.29669,8.98257,256775.6149743336,0.05348401957507032,0.022627204721710203
OMA,1905-02-19,2.3543481057199998,10.21961,9.09127,258968.0105991792,0.0044144462590851585,-0.004852442995244011
OMA,1906-02-25,2.57782032508,10.67492,9.08788,283654.7495213405,0.05373431443825272,0.05518970477869356
OMA,1907-03-03,2.61609539152,11.0039,9.74941,268333.71368318703,0.01038449748635828,-0.045423778608999266
OMA,1908-03-09,2.7896404390400003,11.05898,10.12507,275518.138545215,0.06899175021631998,0.040588359090315995
OMA,1909-03-15,3.04504018,11.16675,10.05035,302978.52114602976,0.05464338778085476,0.06050749731258387
OMA,1910-03-21,3.5959932782800004,11.52321,10.09857,356089.3550552207,0.1520612412312614,0.1460202240616857
OMA,1911-03-27,3.45200268504,11.6789,9.98423,345745.5091719642,-0.08265488742267502,-0.07772298596538363
OMA,1912-04-02,3.19101075956,12.20382,9.9349,321192.0361110831,-0.053644514561548506,-0.04944394391831708
FTJ,1837-01-13,0.14301656928,6.55344,4.24184,33715.691605529675,0.4937203978378679,0.48587767080265465
FTJ,1838-01-19,0.11826720568,8.07622,4.28326,27611.493507281833,-0.08257609838980551,-0.08954145972671079
FTJ,1839-01-25,0.13016495024,8.09665,4.32784,30076.19279825502,0.09559491997402914,0.08703686672960109
FTJ,1840-01-31,0.12818742248,7.91984,4.3693,29338.20577209164,-0.014289890086619295,-0.021554021992410966
FTJ,1841-02-06,0.12929515612,7.88513,4.41206,29304.940576510744,0.00705748155439756,-0.00006483566762160997
FTJ,1842-02-12,0.13455538876,7.88989,4.45178,30225.075983089908,0.04129494053581162,0.03413991972863939
FTJ,1843-02-18,0.13408891548,7.8955,4.49098,29857.38424130145,-0.004229010943516465,-0.010960539237563682
FTJ,1844-02-24,0.13524812392000002,7.9292,4.53296,29836.602114291767,0.008298001678679334,0.0015172432704124716
FTJ,1845-03-02,0.13606141744,7.92076,4.57308,29752.686906854895,0.004756930481298882,-0.0020345165136924637
FTJ,1846-03-08,0.1365289276,7.87237,4.61225,29601.37191175673,0.002742570629538532,-0.003724103792367872
FTJ,1847-03-14,0.13741522028,7.83313,4.66182,29476.732323427335,0.004571223940560198,-0.0031294080353534426
FTJ,1848-03-20,0.14101499412,7.74227,4.71703,29894.869042596714,0.009063472632675484,0.0006219197651320396
FTJ,1849-03-26,0.14352279344000002,7.65019,4.80421,29874.379646185324,0.015853095699316144,0.0017490752541313714
FTJ,1850-04-01,0.14448423808000002,7.58059,4.86623,29691.206145208922,0.00634007638838896,-0.004803483186695323
FTJ,1851-04-07,0.14556213568,7.50155,4.9356,29492.28780290137,0.004661875405965743,-0.0053110272817482596
FTJ,1852-04-13,0.13965258268,7.50086,4.96478,28128.654780272234,-0.043047242443418954,-0.04707394213832594
FTJ,1853-04-19,0.14001282984,7.47874,4.99052,28055.759688369144,0.001926989071962204,-0.0020679926960121
FTJ,1854-04-25,0.12776819484,7.3803,5.01444,25480.05257616005,-0.0868309746314343,-0.09022796552190704
FTJ,1855-05-01,0.12798293092,7.35509,5.03918,25397.57081906183,0.0011236794022855268,-0.0023634066073734417
FTJ,1856-05-07,0.1626145586,6.59338,5.06093,32131.358979476103,0.1275646223749054,0.1237354266875772
FTJ,1857-05-13,0.17449605992,7.44263,5.078790000000001,34357.801744116216,0.0006308788179509861,-0.0015246289858286133
FTJ,1858-05-19,0.18241639104,7.44013,5.12444,35597.331813817706,0.04590356787146321,0.03958402531931604
FTJ,1859-05-25,0.18287341436,7.42193,5.15034,35507.0566914029,0.0032868509284178504,-0.0011547409668817288
FTJ,1860-05-31,0.18335502067999998,7.40691,5.17787,35411.28314924862,0.0010370396929488823,-0.0018914292284875067
FTJ,1861-06-06,0.183847586,7.3922,5.2025,35338.31542527631,0.0032356963610495892,-0.0010064502163541489
FTJ,1862-06-12,0.18304051740000002,7.34656,5.217630000000001,35081.16087189011,0.0039756536299850875,0.0017173673868349226
FTJ,1863-06-18,0.18688967492,7.42603,5.23639,35690.556837821474,0.02707951260477337,0.024503531467705786
FTJ,1864-06-24,0.18654763244,7.3673,5.251780000000001,35520.839113595765,-0.0008901838667346729,-0.0032593702557056625
FTJ,1865-06-30,0.18533602308000002,7.37897,5.26671,35190.09459036097,0.0052946185089803866,0.0030887586732986083
FTJ,1866-07-06,0.21634438279999998,7.33969,5.27032,41049.57247377768,-0.07050699444411468,-0.07049663740667356
FTJ,1867-07-12,0.21352502703999998,7.70497,5.275999999999999,40471.005883244885,-0.037090467814354655,-0.03803938076609237
FTJ,1868-07-18,0.21316100988,7.63687,5.2975,40238.038674846626,-0.0009699076332764234,-0.002773065006806519
FTJ,1869-07-24,0.21315554,7.64753,5.30826,40155.444533613656,-0.000028067231484407706,-0.0015811610912629392
FTJ,1870-07-30,0.22572007483999998,7.65937,5.31785,42445.73931946181,0.01974993645295453,0.018237817309151305
FTJ,1871-08-05,0.20339382388000002,7.97469,5.34404,38059.93665466576,-0.10420851595960845,-0.10663308453565912
FTJ,1872-08-11,0.20329233444,7.97506,5.36729,37876.15993173464,0.0005733358572825864,-0.0028497470517825363
FTJ,1873-08-17,0.2047475534,8.01119,5.39736,37934.7594750026,0.0041895729033991636,-0.0002271417446978452
FTJ,1874-08-23,0.20315830859999998,7.95455,5.43092,37407.71519374249,-0.0035684482030317044,-0.008029142731184491
FTJ,1875-08-29,0.20494469424,7.95608,5.46191,37522.53227167786,0.006238349739402738,0.0018261928457048437
FTJ,1876-09-04,0.19506113536,7.89845,5.49298,35510.98590564684,-0.04543878697008197,-0.049516312121389516
FTJ,1877-09-10,0.19600856496,7.78141,5.52312,35488.739147438406,0.005095748801490885,0.0010198624983033255
FTJ,1878-09-16,0.19175726388,7.72226,5.54948,34554.09585762991,-0.021821254530432932,-0.025436303360698576
FTJ,1879-09-22,0.23590141068,7.66205,5.5765,42302.77247018739,0.21170525286825326,0.2074604994540521
FTJ,1880-09-28,0.24812385052,9.01262,5.61304,44204.89619172498,0.032727734182535384,0.02776282625304871
FTJ,1881-10-04,0.25127126128,8.95496,5.66758,44334.84155142053,0.004346450049230066,-0.003164011605369943
FTJ,1882-10-10,0.25275433664,8.91399,5.72537,44146.37597919436,0.0046714821746485224,-0.0026600567160860455
FTJ,1883-10-16,0.2542318428,8.84404,5.77777,44001.724333090446,0.004830684823599496,-0.002212743625865876
FTJ,1884-10-22,0.25520544816,8.80662,5.82943,43778.799669950575,0.002992210988050914,-0.0038622453724623806
FTJ,1885-10-28,0.25417956928,8.73056,5.881960000000001,43213.41343361736,0.0010523142889569126,-0.005480988864580483
FTJ,1886-11-03,0.24253999692,8.6448,5.92741,40918.37698421402,-0.05428817606600933,-0.059759275258801536
FTJ,1887-11-09,0.24385405044,8.68111,5.97749,40795.39245402334,0.004078839484859653,-0.002289355056345199
FTJ,1888-11-15,0.29973716759999997,8.0173,6.01403,49839.65287835278,0.1296018530675389,0.12475248671098838
FTJ,1889-11-21,0.2936259274,9.48949,6.05587,48486.16753662149,-0.05263771482281843,-0.05750547608912471
FTJ,1890-11-27,0.3061905626,9.5208,6.12918,49956.20337467655,0.0308772215115638,0.02190168575347884
FTJ,1891-12-03,0.31793856744,10.12691,6.2007,51274.625032657605,0.037704202833440226,0.028645594240483074
FTJ,1892-12-09,0.32512884872000003,9.75908,6.27291,51830.62545453386,0.003315622367199955,-0.005525302695970402
FTJ,1893-12-15,0.32537671815999997,9.60835,6.34608,51272.07948213701,0.0010348203739662942,-0.007390564323954685
FTJ,1894-12-21,0.32638536164000004,9.57606,6.41409,50885.68474093753,0.004960782280381659,-0.0032471115004264473
FTJ,1895-12-27,0.32775355444,9.51598,6.48159,50566.84462300145,0.0034104491433257778,-0.00452880882452511
FTJ,1897-01-02,0.38603455488,9.20517,6.54396,58990.97104505529,0.1784640073888084,0.17019025736128346
FTJ,1898-01-08,0.31764057104,9.95528,6.60844,48065.89316691988,-0.18030818549264038,-0.18636793177971478
FTJ,1899-01-14,0.341724864,9.92908,6.68581,51111.961602259114,0.046625045511522245,0.03775942069641913
FTJ,1900-01-20,0.34447700715999996,9.80974,6.7588,50967.18458306208,0.005426303679437305,-0.002908494201872114
FTJ,1901-01-26,0.34599929415999997,9.76332,6.8292,50664.68900603292,0.0030357533334071096,-0.0049862639882989335
FTJ,1902-02-01,0.42629231944,8.77822,6.89126,61859.851382766,0.2282700987730295,0.2201140831895274
FTJ,1903-02-07,0.34196142968,10.36957,6.94665,49226.811438607096,0.04515683078629462,0.06204940744739318
FTJ,1904-02-13,0.332693647,9.50154,7.03038,47322.285139636835,-0.022267930511588152,-0.031239338412597184
FTJ,1905-02-19,0.3465955844,9.81674,7.10744,48765.17907995002,0.04116283521973152,0.03277591608500252
FTJ,1906-02-25,0.34582166996,9.911,7.183300000000001,48142.45123550457,-0.0071686045588889025,-0.015258545238176824
FTJ,1907-03-03,0.35100064324,9.8489,7.25882,48355.05540018901,0.0074639949728991795,-0.00041215236073388617
FTJ,1908-03-09,0.35142523416,10.55221,7.339179999999999,47883.4466738791,0.0008357159188239205,-0.0072985858572681694
FTJ,1909-03-15,0.36101818012,10.56619,7.42322,48633.63609323178,0.024713546166293288,0.015720038099100053
FTJ,1910-03-21,0.36188187464,10.67246,7.48684,48335.729712402026,-0.2157836828284566,-0.22034444352546279
FTJ,1911-03-27,0.34065950151999996,10.35528,7.55176,45109.94808097715,-0.03743863333781405,-0.04391513499833344
FTJ,1912-04-02,0.34940830132,10.26954,7.615300000000001,45882.407957664174,0.01847613836121509,0.011917734763162269
BNY,1837-01-13,0.05980312364,7.90276,2.49272,23991.111572900285,0,0
BNY,1838-01-19,0.07589145564,7.01093,2.51565,30167.732252101843,0.13654082790906785,0.12824018626584466
BNY,1839-01-25,0.07680202608,7.04486,2.53044,30351.253568549342,0.012619280762468765,0.008248953784720126
BNY,1840-01-31,0.07671351896,7.08814,2.54617,30128.985480152543,-0.007397157716766745,-0.01216948464058043
BNY,1841-02-06,0.07668216555999999,7.09021,2.56135,29938.183208073864,-0.00018317366344122732,-0.004753499121022742
BNY,1842-02-12,0.07730936772,7.10305,2.57731,29996.146261024085,0.0036774160548176393,-0.0008198803498830065
BNY,1843-02-18,0.07805652972,7.1459,2.58715,30170.855852965622,0.008244999882727866,0.00539175909557299
BNY,1844-02-24,0.07840608723999999,7.15145,2.60109,30143.550296221965,0.003592395932058068,-0.0006030796218525758
BNY,1845-03-02,0.07840873768,7.1515,2.61686,29962.90886023708,-0.000017400936541900336,-0.004413412367848202
BNY,1846-03-08,0.07841155452000001,7.15014,2.63169,29795.133362972087,0.000025831839752799013,-0.004357172993806113
BNY,1847-03-14,0.07950934940000001,7.17292,2.65434,29954.47056518758,0.004185169883924145,-0.002191138065288034
BNY,1848-03-20,0.07881264872,7.189,2.66513,29571.78401053607,-0.009045018085818368,-0.011793979951212341
BNY,1849-03-26,0.08011135184,7.21845,2.67937,29899.32403512766,0.015977870362019253,0.011743936383805886
BNY,1850-04-01,0.08020201124000001,7.22006,2.69771,29729.663766676185,0.0008120817987959938,-0.0039014716838967622
BNY,1851-04-07,0.08035142751999999,7.2191,2.71986,29542.486569161647,0.0014504291034036498,-0.004884913944380065
BNY,1852-04-13,0.08052126056,7.21832,2.74212,29364.60131577028,0.001466577776513045,-0.004837505704662348
BNY,1853-04-19,0.07999598204,7.22046,2.74978,29091.775356573984,-0.007919865368511081,-0.009535879345452858
BNY,1854-04-25,0.083871593,6.42341,2.75607,30431.590271654928,0.04719790787678524,0.04515751392257372
BNY,1855-05-01,0.08202324728,7.96858,2.77018,29609.356532788483,-0.02246317381495666,-0.02625656070356941
BNY,1856-05-07,0.0822390972,7.96724,2.79466,29427.22807067765,0.0019826256612602844,-0.004482377709225549
BNY,1857-05-13,0.08106954232,7.9474,2.81794,28769.080363669913,-0.015113908741585913,-0.021445088790883804
BNY,1858-05-19,0.08148166884,7.9578,2.8287,28805.341266306077,0.003066031879435993,0.0009363507785424829
BNY,1859-05-25,0.0821466568,7.95597,2.84778,28845.85775586597,0.006553778290396606,0.0014251490434287195
BNY,1860-05-31,0.08286152992,7.97314,2.87154,28856.12943577314,0.007567444919368116,0.0011050575990125822
BNY,1861-06-06,0.08308717508,7.97058,2.89734,28677.053807975593,0.0020596758923898673,-0.0043867881572020595
BNY,1862-06-12,0.08332659244,7.96866,2.92147,28522.145508938993,0.0021365714215855203,-0.004294802221087135
BNY,1863-06-18,0.08442152784,7.97665,2.9378,28736.30874804275,-0.024744440192768336,-0.028488388298457457
BNY,1864-06-24,0.08470916896,7.97413,2.96412,28578.184742857913,0.002489337986185003,-0.003968123217502506
BNY,1865-06-30,0.09149288564,8.201,3.32634,27505.572382859234,0.06397862275672428,0.013989277650023668
BNY,1866-07-06,0.09434591504,8.733,3.51896,26810.73812717394,0.008623372507193139,-0.01484813110674632
BNY,1867-07-12,0.09704773988,8.72359,3.70169,26217.14402880846,0.012511470343929298,-0.014458402101224732
BNY,1868-07-18,0.10073328512,9.0284,3.8647,26064.968851398557,0.014490343119217153,-0.017242862430883354
BNY,1869-07-24,0.09993354696000001,8.55545,4.02603,24821.858495838333,0.006902668665727196,-0.030269180243051363
BNY,1870-07-30,0.10440374828,8.77988,4.18111,24970.342392331222,0.040758079639794165,0.0045805276420742835
BNY,1871-08-05,0.10661138696,8.65866,4.45738,23917.948875796996,0.025894211805633338,-0.01795653331384317
BNY,1872-08-11,0.10855572988,7.17666,4.60779,23559.174762738756,0.01435248316505433,-0.016711207402711703
BNY,1873-08-17,0.10864826284,6.46765,4.83485,22471.899405359007,0.00008395973866215378,-0.031689565650456775
BNY,1874-08-23,0.11067779216,6.78561,4.97766,22234.903982996024,0.013429910772396525,-0.014647082033486969
BNY,1875-08-29,0.11887437172,6.80772,5.41203,21964.83975883356,0.05851416081491201,-0.013928801699480076
BNY,1876-09-04,0.11763826672,9.19021,5.45906,21549.180027330713,0.004786682088527172,-0.0016429186596618184
BNY,1877-09-10,0.11664524715999999,8.45567,5.55073,21014.397594550628,-0.01618420034639978,-0.028320233866905742
BNY,1878-09-16,0.17083240408,6.95738,5.6111,30445.439232948975,0.4646993889489055,0.4513557128640917
BNY,1879-09-22,0.11961066988,7.81152,5.63556,21224.274052622986,-0.2902520467209584,-0.2926332511351667
BNY,1880-09-28,0.14464693464,8.17173,5.69834,25384.04774723867,0.2104312905097292,0.2007553978312353
BNY,1881-10-04,0.14541686848000002,8.18828,5.76497,25224.21946341438,0.004442077117548626,-0.00454770291591533
BNY,1882-10-10,0.14461904392,8.82072,5.8349,24785.17950950316,0.004241819779427836,-0.004904075176668687
BNY,1883-10-16,0.1572113998,8.95416,5.99922,26205.30665653202,0.047689187100812935,0.02393159173747983
BNY,1884-10-22,0.14947868728000002,9.56611,6.07239,24616.121046243738,-0.02496894835602803,-0.033923654019503036
BNY,1885-10-28,0.16613323532000002,10.34627,6.17514,26903.55770395489,0.08587583940840737,0.07188486644772163
BNY,1886-11-03,0.16733201056,11.17879,6.29314,26589.589705615956,-0.009736033038950986,-0.02310690598441667
BNY,1887-11-09,0.16735626128,11.80065,6.40787,26117.2997080153,0.006557444769949461,-0.00770520303856137
BNY,1888-11-15,0.16895768292,11.78256,6.51782,25922.422362078116,0.008106768734021275,-0.004416004439156351
BNY,1889-11-21,0.17116755708,10.35791,6.63806,25785.78034546238,0.27955166325935377,0.2616814080387049
BNY,1890-11-27,0.18041139532,11.35198,6.85208,26329.435050378866,0.10911672820842178,0.07889581629208364
BNY,1891-12-03,0.17915357928,11.28469,6.986210000000001,25643.886925815284,-0.00745980363848886,-0.021562451433334573
BNY,1892-12-09,0.17970672512,10.41313,7.12507,25221.748715451216,-0.0022620502097600026,-0.017164724549926014
BNY,1893-12-15,0.17585204000000002,10.40493,7.250839999999999,24252.643831611236,-0.02221847699517554,-0.03542605532490317
BNY,1894-12-21,0.17709370692,11.02137,7.38003,23996.339705936156,0.01094757659769896,-0.0017793224461086776
BNY,1895-12-27,0.17712561984,11.02458,7.50949,23586.90401611827,0.004380516661292022,-0.009149035011376982
BNY,1897-01-02,0.17972559748,10.42161,7.64151,23519.64434777943,0.013492164061522427,0.00041424576906057275
BNY,1898-01-08,0.23698708799999998,7.78718,7.85567,30167.648080940264,0.3433784815068701,0.32271846391484216
BNY,1899-01-14,0.17265097356,9.58847,7.88447,21897.600417022324,-0.2379962118241794,-0.2400294593657728
BNY,1900-01-20,0.16594592456,9.58263,7.94205,20894.59579831404,-0.008924117233665485,-0.014239255189754996
BNY,1901-01-26,0.1698918572,9.53822,8.02984,21157.56443465872,0.017381877364671672,0.008918408586562343
BNY,1902-02-01,0.178318738,10.05666,8.14346,21897.17122697232,0.037170191295885946,0.025944887221427626
BNY,1903-02-07,0.19282599960000002,10.03842,8.27429,23304.23511866275,0.05545378475560625,0.04313237498116651
BNY,1904-02-13,0.19916277368000002,9.26994,8.34347,23870.496769329788,0.02914007665419094,0.02261315800386199
BNY,1905-02-19,0.18109346059999998,10.20903,8.49793,21310.302697245093,-0.08249136407324531,-0.0903496542757104
BNY,1906-02-25,0.19144047832,10.24304,8.58826,22290.95047425206,0.042846139067239886,0.03489401334070119
BNY,1907-03-03,0.20830025632,9.48984,8.69338,23960.79043133971,0.04396928963761404,0.034148500073982735
BNY,1908-03-09,0.21345623832,9.47158,8.80598,24239.918591684287,0.01900219289535765,0.009420207033732364
BNY,1909-03-15,0.2413107554,9.05542,8.88962,27145.227287555597,-0.1345199213351691,-0.14055858159181656
BNY,1910-03-21,0.25603839300000003,8.88085,8.9763,28523.82306741085,0.01600959316272199,0.008424034234936206
BNY,1911-03-27,0.24505860392,9.05506,9.17565,26707.492539493116,-0.028327495979497685,-0.04533038416901447
BNY,1912-04-02,0.25003579484,9.02246,9.40252,26592.423609840764,0.07966818892186667,0.05621569723632924
BNJ,1837-01-13,0.22012986944000001,7.61466,1.60417,137223.52957604243,0,0
BNJ,1838-01-19,0.23059726715999998,7.5574,1.61127,143115.224115139,0.029117812052180003,0.025757765122480958
BNJ,1839-01-25,0.23117125615999998,7.57934,1.6179600000000003,142878.2270019036,-0.0017472893895725816,-0.004830197354324217
BNJ,1840-01-31,0.22495996016,7.59789,1.62197,138695.51234609765,-0.0007532606187513613,-0.0024147271860098796
BNJ,1841-02-06,0.2214766164,7.63403,1.62816,136028.77874410377,-0.015008546837080416,-0.0178897361493755
BNJ,1842-02-12,0.23933415428,7.70317,1.6345799999999997,146419.3580491625,0.0696362139472888,0.06647505200068071
BNJ,1843-02-18,0.24322996100000002,7.75883,1.64114,148207.9292443058,-0.0061241249252338426,-0.009028149851008416
BNJ,1844-02-24,0.23257839904,7.77322,1.64747,141173.0708540975,-0.04186771095143682,-0.044709567499018776
BNJ,1845-03-02,0.23500995752,7.78405,1.6541,142077.2368780606,0.0073888194570606025,0.004243655081106024
BNJ,1846-03-08,0.22860242704,7.79563,1.66082,137644.31247215232,0.00900319260243121,0.005939139449613773
BNJ,1847-03-14,0.2253295902,7.80511,1.66773,135111.5529492184,0.00010870709328458794,-0.0029658921179511744
BNJ,1848-03-20,0.24191278748,7.73172,1.6709299999999998,144777.3320725584,0.03612046529730217,0.03455019948590898
BNJ,1849-03-26,0.24609378872,7.83846,1.6782999999999997,146632.77645236254,0.06919123027632246,0.06562207003598086
BNJ,1850-04-01,0.2752078134,8.00989,1.6857699999999998,163253.4766901772,0.11974524917569251,0.1160412218101996
BNJ,1851-04-07,0.30563889564,8.49304,1.6965599999999998,180152.12880181073,0.08624652408263023,0.080937051625388
BNJ,1852-04-13,0.29840825456,8.31078,1.70775,174737.66919045526,-0.011753221877738418,-0.016499117213510717
BNJ,1853-04-19,0.23057646976,8.59527,1.7205200000000003,134015.57073442911,-0.015030311875924074,-0.02078324802816167
BNJ,1854-04-25,0.2402443394,9.05958,1.73734,138282.85735664866,-0.015233796940635203,-0.022218952344564613
BNJ,1855-05-01,0.263087474,9.10939,1.75194,150169.2261150496,0.1346143787614491,0.12708928774862294
BNJ,1856-05-07,0.35390186624000003,9.14449,1.76151,200908.23568415735,0.38407275726551826,0.37695757671469776
BNJ,1857-05-13,0.33181288868,9.28755,1.75762,188785.3396524846,-0.028165191639323184,-0.026536867998071978
BNJ,1858-05-19,0.35488971856,9.76757,1.76688,200856.71837363037,0.013687734267115559,0.009723167368823837
BNJ,1859-05-25,0.38042889976,10.29509,1.78757,212819.02233758676,0.08662354644424397,0.07667765505978097
BNJ,1860-05-31,0.40708866276,10.09229,1.81099,224787.91310829986,-0.06857913946011596,-0.07734594433149022
BNJ,1861-06-06,0.41059655208,10.21507,1.8329,224014.70461018058,0.10580445948161099,0.09550030487398531
BNJ,1862-06-12,0.41758600572000004,10.21914,1.85452,225172.01524922892,-0.04244740660095525,-0.05090418871613456
BNJ,1863-06-18,0.41849879759999997,10.2147,1.87614,223063.73596853114,0.03305657183629518,0.024044663553676626
BNJ,1864-06-24,0.41510747616000004,10.31432,1.89925,218563.8942529946,-0.012955020854462318,-0.02228218440215468
BNJ,1865-06-30,0.39321339772,10.29639,1.92458,204311.27712020287,-0.032462414633479875,-0.04172132557638408
BNJ,1866-07-06,0.41175440228,10.35857,1.94863,211304.55873100588,0.030323982858008858,0.020499478637908686
BNJ,1867-07-12,0.38553491704,10.29954,1.9732200000000002,195383.64553369617,-0.09896481537848789,-0.10763174091899774
BNJ,1868-07-18,0.39264646304,10.27359,1.9998,196342.86580658067,0.006069989544020826,-0.0036079226916553297
BNJ,1869-07-24,0.39842395112,10.23855,2.01976,197263.01695250918,-0.006035953112784487,-0.013801165618100297
BNJ,1870-07-30,0.43177223908,10.16053,2.0392,211736.09213417026,0.030234375895396237,0.022832023100579857
BNJ,1871-08-05,0.43720629004,10.2456,2.06507,211714.9975739321,0.0442649458022053,0.03449649900511287
BNJ,1872-08-11,0.49327993364,10.3605,2.09104,235901.72050271634,0.0400427642781902,0.02999242310828909
BNJ,1873-08-17,0.44842290896,10.30952,2.11916,211604.08320277845,-0.08814940665704829,-0.09709512333822345
BNJ,1874-08-23,0.43855464796,10.09682,2.13997,204934.95140586083,-0.05673899972488905,-0.06346862477356119
BNJ,1875-08-29,0.420533867,10.66638,2.16544,194202.50249371954,0.0011412174545859521,-0.007913309761467757
BNJ,1876-09-04,0.45309534139999996,10.07102,2.19786,206152.95851419106,0.10783175768855746,0.09578095904945139
BNJ,1877-09-10,0.40027745004000004,10.48615,2.22751,179697.2628809747,-0.22897366449046808,-0.2368074135674204
BNJ,1878-09-16,0.40455355355999995,11.06939,2.26107,178921.28662978145,0.05890681777119933,0.0467709437349213
BNJ,1879-09-22,0.46605438256,10.85692,2.29568,203013.6528436019,0.08770435533148246,0.07586569667276066
BNJ,1880-09-28,0.33784842,10.20918,2.30902,146316.80106711938,-0.262370686029454,-0.26596867091060883
BNJ,1881-10-04,0.37976078764,10.28093,2.31042,164368.72414539347,0.06967597048587248,0.07003357034230406
BNJ,1882-10-10,0.44244789628,11.39285,2.34476,188696.453487777,0.0948499259897877,0.08277531006159777
BNJ,1883-10-16,0.45854814564,14.28863,2.38455,192299.65638799773,0.037114789200751286,0.02373390213503157
BNJ,1884-10-22,0.41907447868,13.19678,2.42835,172575.81431012828,-0.026763798530731853,-0.03967727044735847
BNJ,1885-10-28,0.42768243699999997,12.88974,2.47222,172995.29855757172,0.054748553889582,0.04026219753905558
BNJ,1886-11-03,0.50692153148,13.39525,2.51475,201579.29475295756,0.10176022996058465,0.08740915751352762
BNJ,1887-11-09,0.47625226896,14.76888,2.55849,186145.83952253088,-0.08259251908438747,-0.09390251450932274
BNJ,1888-11-15,0.63249114604,13.45663,2.60199,243079.77587923093,0.32745828468478777,0.3105009003846957
BNJ,1889-11-21,0.67819400064,13.56934,2.64875,256043.03941104293,0.10809839737359939,0.09311421835645106
BNJ,1890-11-27,0.69725984068,13.71018,2.69839,258398.4674861677,-0.009359757300594018,-0.022808615407036825
BNJ,1891-12-03,0.73069155172,13.91299,2.7462199999999997,266071.7465170307,0.04186553205166521,0.027912325313599107
BNJ,1892-12-09,0.79690438048,14.41464,2.7968,284934.34656750574,0.03020563644985441,0.016277749916875583
BNJ,1893-12-15,0.7060795877199999,11.03179,2.84507,248176.5256109691,-0.055858494158263716,-0.06821931964702022
BNJ,1894-12-21,0.7486261848000001,11.03523,2.87625,260278.5518644068,0.05481990935314052,0.04643445799536128
BNJ,1895-12-27,0.68279574688,10.70068,2.9168,234090.6976412507,-0.10473305991337867,-0.11391944599442327
BNJ,1897-01-02,0.7206837092,10.92582,2.95921,243539.22472551797,0.01296515965186118,0.0017557116395221506
BNJ,1898-01-08,0.82713774572,11.68684,3.0028900000000003,275447.2344041906,0.06655571414459183,0.05468426401310822
BNJ,1899-01-14,0.89314391244,12.0136,3.0500000000000003,292834.069652459,0.06528389170222648,0.05320433909899114
BNJ,1900-01-20,0.88305563216,12.19438,3.09731,285104.0522776216,0.022125104437769494,0.010086975027318701
BNJ,1901-01-26,0.8914374196,11.78922,3.1468700000000003,283277.48512013524,0.0007282829095425214,-0.01108583396402052
BNJ,1902-02-01,0.92504756812,11.73375,3.19558,289477.2054274967,-0.005762009006983093,-0.017146780212634494
BNJ,1903-02-07,0.95384678428,11.45058,3.24135,294274.5412497879,0.07952889149125775,0.06790136091877086
BNJ,1904-02-13,0.92346688772,11.67658,3.2914199999999996,280567.92743557494,-0.0092077606037122,-0.02035426838644394
BNJ,1905-02-19,1.09148088608,11.71629,3.33926,326863.10322646337,0.10900878926368662,0.09682989346774917
BNJ,1906-02-25,1.2856445498,11.75502,3.3875,379526.0663616236,0.1575568686027864,0.1450023612683331
BNJ,1907-03-03,1.1580538892,12.18401,3.44136,336510.5333937746,-0.0688790146558238,-0.07963879476928193
BNJ,1908-03-09,1.2222428389600002,12.16989,3.4828700000000006,350929.7903625458,0.034032405824146794,0.02467465905855648
BNJ,1909-03-15,1.2530179433200002,11.92956,3.5350100000000007,354459.5187340347,0.00862252709407274,-0.0028033227083502643
BNJ,1910-03-21,1.2644180707600001,11.85707,3.5912499999999996,352082.99916742084,0.009197497155889467,-0.0024990623498231113
BNJ,1911-03-27,1.25992989564,11.56962,3.64469,345689.17950223474,-0.01998257238196599,-0.030990582836113
BNJ,1912-04-02,1.31119754532,12.26808,3.70172,354213.05374798743,0.0016228533729383265,-0.009998503377506629
FRA,1839-12-20,26.31523442496,11.10514,359.58595,73182.0429161929,0.035574121120689695,0.03517455480361087
FRA,1841-01-02,26.29530515768,10.7649,359.3121929807634,73182.33466986126,-0.005943985518494177,-0.006275041151584504
FRA,1842-01-01,26.29214275896,10.74136,359.5859500000001,73117.82554062526,-0.004924278057828579,-0.004121421350414933
FRA,1843-01-14,27.188259625799997,10.17767,362.1442292187042,75075.7776382531,0.043508930110936817,0.04630664635915527
FRA,1844-01-27,27.38351440084,10.82107,359.58595,76152.90419672959,0.013031891278746599,0.013101472845992168
FRA,1845-01-19,27.407013890360002,10.81923,359.58595,76218.25571983555,0.007211227795188346,0.006643222355578349
FRA,1846-01-25,28.503069981880003,10.92824,359.58595,79266.36171930522,0.03072153414736012,0.029038827469938466
FRA,1847-02-07,28.22684358364,10.40925,358.58787311161785,78716.67086425373,-0.0237575056424022,-0.023353803759564862
FRA,1848-02-06,28.4404732872,10.45911,390.74999,72784.32249531215,0.008358167643398362,-0.07096337660096574
FRA,1849-02-19,28.36156470316,10.62003,391.77425,72392.6207584087,0.001667022019628206,-0.0007452744574298897
FRA,1850-03-04,29.51933044996,10.93439,396.52544,74444.98504297732,0.023963148611649165,0.012884294054599232
FRA,1851-02-24,30.689352068959998,11.22594,400.37679,76651.17668024662,0.06345512292163158,0.05336444995334677
FRA,1852-03-02,29.28975630152,10.62373,407.1175209504985,71944.22935455374,-0.015252959888289563,-0.01491050311216291
FRA,1853-03-15,28.417273301559998,10.61374,407.68326,69704.29274324386,-0.01714416260297691,-0.03539615555560438
FRA,1854-03-14,29.171285131039998,10.55991,405.43983320212806,71949.72654918428,0.0242422269715048,0.02339268484681889
FRA,1855-03-27,30.35175040872,10.58758,412.26107,73622.64501161849,0.03263209586993421,0.02426610324463474
FRA,1856-04-09,29.62622212836,10.38687,413.5991334004989,71630.28095533303,-0.0052926305091832715,-0.0181618352256544
FRA,1857-04-01,33.17513620772,11.08079,425.46298999999993,77974.19984220015,0.09253789159616321,0.07219301067326
FRA,1858-04-07,32.808587632599995,11.04256,426.53293481654094,76919.236369664,0.005791915634704603,-0.00338748238606168
FRA,1859-04-20,31.467444431279997,11.37895,439.17657,71651.00914031001,-0.04382176440665464,-0.0540718036891078
FRA,1860-04-19,31.417505983759998,11.287,446.65245,70339.93876840931,0.014809328082015849,0.00024848395310694826
FRA,1861-05-02,31.89613477388,10.46294,450.81653000000006,70751.91935371136,0.02037581313100878,0.010044742975519494
FRA,1862-05-15,31.99202386744,10.4613,454.4159473500756,70402.51129829693,-0.004724934711688666,-0.010925046994899823
FRA,1863-05-07,32.524850500999996,11.19823,450.58979999999997,72182.83791821297,0.047999737260589814,0.05033145995469024
FRA,1864-05-13,33.70289076752,10.54518,455.03789,74066.1195653839,0.02802445030807932,0.01844611964549081
FRA,1865-05-26,35.36212015076,11.13383,461.05455,76698.34328879305,0.01909002553762207,0.006886123481196105
FRA,1866-05-25,36.31575303928,11.137,464.83202,78126.61666311197,0.03608712943598502,0.03188227297330393
FRA,1867-06-07,37.86797092676,10.78859,471.80384,80262.10835155561,0.025209178587149106,0.01226005240638961
FRA,1868-06-20,38.47598321996,10.62501,479.06517,80314.71630458962,0.023588323570757463,0.009464460380457007
FRA,1869-06-12,34.81043711184,10.84761,487.35553,71427.19220163564,0.006589423825818397,0.0009103671384906864
FRA,1870-06-18,32.58403818956,10.80743,487.35553,66858.86623582583,-0.06090283447641054,-0.06345255086734136
FRA,1871-07-01,32.71225700548,11.07698,487.35553,67121.95715821671,0.002160061958399906,0.0017792639279750055
FRA,1872-06-30,32.48691966364,10.83263,487.35553000000004,66659.5896914107,0.002728615376868415,0.0031147087955645247
FRA,1873-07-13,32.855420006239996,10.73411,490.18536398848806,67026.52184248326,0.023058928240603294,0.023494245593820073
FRA,1874-07-26,33.51567997024,10.13805,487.35553,68770.49280684268,0.023316176127552657,0.023631639625688372
FRA,1875-07-18,36.18012597576,10.27082,487.35553000000004,74237.64325760292,0.07590693444025431,0.07690957964140188
FRA,1876-07-24,35.45848508956,10.16539,487.35552999999993,72756.91544848174,-0.0221608860906638,-0.022091547626581498
FRA,1877-08-06,34.64221701408,10.53205,513.8382201443819,67418.52913227433,-0.0512400091046058,-0.052596465390774116
FRA,1878-08-05,35.15557148480001,10.4176,487.35553,72135.37001375567,0.03221071309110335,0.030808611790743123
FRA,1879-08-18,34.8403418272,10.39387,487.35553000000004,71488.55339181234,0.011014546485181409,0.008286481852047833
FRA,1880-08-31,16.43763422184,9.69637,487.35552999999993,33728.219359365845,-0.5431410559241812,-0.544208736821918
FRA,1881-08-23,16.8352487784,9.83423,487.35553000000004,34544.08074204062,0.03469093350299812,0.03514293157847681
FRA,1882-08-29,33.975681068680004,10.66304,487.35553000000004,69714.36451881443,0.38645425255811383,0.3716405438551249
FRA,1883-09-11,37.81276386732,10.3007,487.35553000000004,77587.63682710238,0.0923874338023225,0.09387422948124202
FRA,1884-09-10,39.93868899644,10.64698,490.86489625402515,81363.91357627562,0.04625856356248437,0.0514858271205334
FRA,1885-09-23,41.87855816508,10.74032,487.35553,85930.20000220374,0.028219746549603464,0.02939835865903717
FRA,1886-10-06,43.24198538244,11.18633,487.35553,88727.80284742024,0.031043656486789084,0.015891373506955464
FRA,1887-09-28,30.42408656352,9.85476,474.50739,64117.20281852723,-0.1332058739562001,-0.11670597234646884
PCO,1862-02-13,0.2791548136,8.75382,2.41586,115550.90675784193,0.5607184604470059,0.5613549718352138
PCO,1863-02-26,0.43539198352,8.98599,2.400224156919108,181396.3842772346,0.37623696478130686,0.3796295054459704
PCO,1864-02-25,0.48216088024000003,8.62984,2.41586,199581.46591275986,0.06084512469784231,0.06196023105552384
PCO,1865-03-10,0.48078086940000003,10.46415,2.41586,199010.23627196942,0.001204081623082498,-0.001317398555947591
PCO,1866-03-23,0.50189993308,10.49076,2.41586,207752.07714023165,0.0718504440504748,0.0768646193432998
PCO,1867-03-15,0.5412205214,10.72737,2.41586,224028.09823416919,0.023166080089420893,0.02081790874181033
PCO,1868-03-21,0.4877389504,9.80054,2.41586,201890.40358298906,-0.07764524057313582,-0.08146168425859734
PCO,1869-04-03,0.20824681488,10.02573,2.41586,86199.86873411539,-0.6803492882222177,-0.684043035795847
PER,1864-06-24,4.12672121732,6.05804,83.22801,49583.321976820065,-0.06020276703333971,-0.061517209021034414
PER,1865-07-07,4.32792865492,5.03957,83.54157,51805.68972931679,-0.06268008708223116,-0.06864402324893892
PER,1866-07-06,4.32901593852,5.98106,83.55464,51810.59889097721,0.011715778032071356,0.007480482413818379
PER,1867-07-19,4.36226743628,5.81909,82.1024723832246,53131.986280736055,0.02254985807696741,0.0252333016700359
PER,1868-08-01,4.2910806016,6.08417,83.87622,51159.68031940399,-0.04618585013373022,-0.04053810914162559
PER,1869-07-24,4.27626134,5.96888,85.46055,50037.84014963629,0.03275555353052373,0.015508660263389817
PER,1870-07-30,4.5941193807600005,5.85584,85.46055,53757.19417626028,0.14915653969637166,0.14704741267988108
PER,1871-08-12,4.66280801584,5.95075,85.52214813893039,54521.64284116538,-0.025076122422498903,-0.02798172544269739
PER,1872-08-11,4.7681009973999995,6.04112,86.1928,55319.0173355547,0.014641151962654364,0.01863812953311661
PER,1873-08-24,5.02815087424,6.04332,86.1928,58336.089258499545,0.043960145753604296,0.04150693398734884
PER,1874-09-06,5.215283861840001,6.07997,86.1928,60507.18693255121,-0.022114751322344417,-0.01092341326112689
PER,1875-08-29,5.29902386728,5.97431,86.1928,61478.72986235509,0.19677753977045165,0.19776981916259628
PER,1876-09-04,4.862833291159999,5.74374,86.1928,56418.09166380486,-0.05216004020762777,-0.0529071596473657
PER,1877-09-17,5.13315845016,5.63508,89.56378,57312.88306679329,0.006695701700215828,0.0022758923794405916
PER,1878-09-16,4.92818783808,5.63906,87.1019935750842,56579.506803501274,-0.04004025183021864,-0.0507854473903403
PER,1879-09-29,4.6502652726400004,5.74162,89.80964,51779.13275946769,0.023240498539727206,0.016363579420450858
PER,1880-10-12,2.81761525292,4.9312,89.80964,31373.19393463775,-0.31583161576404617,-0.31538102632459075
PER,1881-10-04,4.60984761692,5.03124,90.55079,50908.971825867004,0.14402987265836287,0.16356964165669496
PER,1882-10-10,4.88507744556,6.00221,86.48962973673802,56481.655204554256,0.08694303235995227,0.09186467765314199
PER,1883-10-23,2.40508819148,4.86264,90.55079,26560.653877012006,-0.3584092520533808,-0.3596087794656503
PER,1884-10-22,3.9293855577600003,5.63163,93.13927093837742,42188.279102589826,0.6075745816519367,0.6169065530239108
PER,1885-11-04,3.87504536796,5.694,90.55079,42794.16411452622,0.055258915158212574,0.0575085201047465
PER,1886-11-17,2.78946397548,5.54945,84.18137357749204,33136.3561431104,-0.27779504465800875,-0.28394700858610367
PER,1887-11-09,4.183846008160001,5.61395,91.24125,45854.7642449002,0.16785690421102584,0.1490508444238321
HON,1840-03-14,0.11890541832,9.45485,4.14035,28718.68762785755,0,0
HON,1841-03-20,0.07904205452,11.32457,4.22223,18720.452111798742,-0.09103572767489321,-0.10504067672132433
HON,1842-03-26,0.0843590358,12.2676,4.31662,19542.845050062315,0.0810721126228362,0.06388491771034799
HON,1843-04-01,0.08500473956,12.2388,4.39785,19328.70369839808,0.002409267787416791,-0.011934504421982073
HON,1844-04-07,0.08588317504,12.24105,4.48833,19134.772853154736,0.00806839692628114,-0.006530146755133082
HON,1845-04-13,0.08556196844,12.23125,4.58711,18652.69601993412,-0.005462492307856337,-0.022270688777689118
HON,1846-04-19,0.08602159592000001,12.22741,4.69228,18332.57945391153,0.00416078241360851,-0.013278106942934187
HON,1847-04-25,0.08541102856,12.23789,4.80782,17765.022101492985,-0.008478332296504187,-0.025625553484809216
HON,1848-05-01,0.12031608472,12.00056,4.90259,24541.331157612607,0.34987002149874113,0.3294236736744365
HON,1849-05-07,0.17121076336000002,10.20892,4.99131,34301.7691467771,0.42490118896405615,0.40512613825792165
HON,1850-05-13,0.12470875612,11.14647,5.08446,24527.433812046904,-0.26447682334066336,-0.2742342340708954
HON,1851-05-19,0.12032818148,11.9171,5.17844,23236.376491761996,-0.019038473384603072,-0.032869493921373505
HON,1852-05-25,0.11791415064,11.90834,5.27439,22355.97872739786,-0.021267745837775354,-0.03496951081461974
HON,1853-05-31,0.1191269222,11.92125,5.37945,22144.81446988075,0.004862573198795905,-0.009453533959621674
HON,1854-06-06,0.16225991184,10.21948,5.4694,29666.857761363215,0.3869582690810225,0.3691947124664743
HON,1855-06-12,0.12770788004,11.2308,5.57345,22913.613657608843,-0.10317754172300098,-0.11550658371383604
HON,1856-06-18,0.13427903216,11.25865,5.66718,23694.153381399567,-0.030265857888588044,-0.04249106463880126
HON,1857-06-24,0.12715976467999998,11.21429,5.77022,22037.247224542563,-0.042321200602219555,-0.055524971108073085
HON,1858-06-30,0.12820076308,11.21269,5.88325,21790.806625589597,-0.008507102172658043,-0.022337117105315385
HON,1859-07-06,0.14236998412000001,10.32299,5.98753,23777.748774536416,0.42294779662098336,0.4037280827179033
HON,1860-07-12,0.14618928064,11.13618,6.09365,23990.4294864326,-0.033324773987523426,-0.04630679559423645
HON,1861-07-18,0.14944872227999997,11.13347,6.20869,24070.894549413802,-0.005233973128872971,-0.018557060982834828
HON,1862-07-24,0.13767280644,11.10601,6.31758,21792.016316374305,-0.06698655416907551,-0.07951418863471338
HON,1863-07-30,0.14733010084,11.10721,6.43716,22887.43806896209,0.06753079746642632,0.05322565600316942
HON,1864-08-05,0.146883516,11.11736,6.54053,22457.43326611146,-0.002670225518516145,-0.014787857017282358
HON,1865-08-11,0.206647038,10.27641,6.65137,31068.34201074365,0.3938693848490762,0.3759005884880584
HON,1866-08-17,0.15251287688,11.09386,6.7764999999999995,22506.14282889397,-0.14935216896607117,-0.16093186324884778
HON,1867-08-23,0.15285048636,11.10935,6.89512,22167.922582928215,0.008395044150315778,-0.005204318190542456
HON,1868-08-29,0.16268957068,12.10109,7.02209,23168.25484720361,0.0651128027989718,0.05017900535415509
HON,1869-09-04,0.16817212568,11.07818,7.153910000000001,23507.721746569357,0.010756981164649071,-0.0026420708090976186
HON,1870-09-10,0.14921851724,10.75982,7.26824,20530.213262082703,-0.11099465259964525,-0.1218824070374308
HON,1871-09-16,0.14927103151999999,10.61478,7.37652,20235.969199568357,0.01102058038965148,-0.000528089394128517
HON,1872-09-22,0.15326356032,10.53093,7.489579999999999,20463.572098835983,0.01793918030832553,0.006855926549251823
HON,1873-09-28,0.15456288692,9.63576,7.5841,20379.858772959215,0.00619034258389739,-0.0035263139674390764
HON,1874-10-04,0.19560450572,9.75091,7.68377,25456.840290638578,0.2926236194009755,0.28070505472696405
HON,1875-10-10,0.2272271794,10.44547,7.79179,29162.3849462062,0.20375003692247118,0.19051729662879824
HON,1876-10-16,0.22955363080000002,10.26594,7.88949,29096.13052301226,0.01274160371460642,0.003048763493894935
HON,1877-10-22,0.23603017412000002,10.16765,7.99181,29534.007204875994,0.025901412082136366,0.01648344944619473
HON,1878-10-28,0.29574248704,10.1731,8.08267,36589.702046477214,0.09635853340461731,0.08664215172649947
HON,1879-11-03,0.27578720624,9.34632,8.16259,33786.7277714549,-0.0557989991161284,-0.06329823196520734
HON,1880-11-09,0.26161251584,9.12155,8.2039,31888.798722558782,-0.02616760616272551,-0.029580257832064083
HON,1881-11-15,0.2639998842,9.07162,8.26947,31924.64380425831,0.014035004088257974,0.007631749909338126
HON,1882-11-21,0.267725302,9.02455,8.33949,32103.318308433732,0.011290578835632337,0.004753995510156761
HON,1883-11-27,0.29024311784,8.9199,8.4126,34501.00062287522,0.051490379080882276,0.04488728031548961
HON,1884-12-03,0.30104874696,8.74707,8.47345,35528.473875458054,0.011296172430550921,0.005471085051978797
HON,1885-12-09,0.3112612698,8.82193,8.53565,36466.0300972978,0.034431278673937804,0.028884891704337834
HON,1886-12-15,0.31413113628,8.74641,8.58601,36586.39301375144,0.005822993827415024,0.001032022601282545
HON,1887-12-21,0.29423117152,7.68103,8.26523,35598.66712965035,-0.061546946939018965,-0.029677203956831488
HON,1888-12-27,0.37842321296,8.65706,8.67332,43630.72191041031,0.26936234290309113,0.23716009655750248
HON,1890-01-02,0.37325797963999996,8.63273,8.7351,42730.819296859794,0.006206180457158261,0.0005706791871218364
HON,1891-01-08,0.36937250324,9.26557,8.80821,41935.024623618185,-0.011354663610087745,-0.01765733404586045
HON,1892-01-14,0.38622956319999996,8.47115,8.8786,43501.17847408375,0.19228139666756494,0.1855943506988733
HON,1893-01-20,0.5152473736800001,9.48788,8.94911,57575.264320139104,0.09056563978670029,0.08382871502876021
HON,1894-01-26,0.44523445564,9.53928,9.04182,49241.68537307755,-0.14125271234935388,-0.14754591372021608
HON,1895-02-01,0.4446903318,9.08225,9.11295,48797.62665218179,0.004321342868872868,-0.0018773105867838646
HON,1896-02-07,0.45042964096,9.10251,9.16465,49148.59170399306,0.009718643760940004,0.005199831282884704
HON,1897-02-13,0.46104308744,9.31632,9.22328,49986.89050316156,0.0069388651035766635,0.0024621479603677
HON,1898-02-19,0.56421750684,9.34036,9.29387,60708.56455276435,0.029385362224405576,0.02305135210162823
HON,1899-02-25,0.5126266782000001,8.82191,9.35324,54807.39061544449,0.01668453794251068,0.01186512264507611
HON,1900-03-03,0.5062101985199999,9.43504,9.4427,53608.628731189165,-0.06403571263492758,-0.07053677239396516
HON,1901-03-09,0.48343049872,9.13095,9.48568,50964.24280810653,-0.025251816075914757,-0.028794890275414042
HON,1902-03-15,0.48439973348,8.95948,9.5265,50847.60756626253,0.016344513815611972,0.012812372483006484
HON,1903-03-21,0.45120671492,8.77903,9.56225,47186.24956678606,-0.033742561749339095,-0.03624532632102917
HON,1904-03-27,0.455214526,9.15317,9.62602,47290.00417618081,0.01305670114096924,0.0076953564334694136
HON,1905-04-02,0.46796148568,9.16113,9.70536,48216.80861709405,0.008364981812679195,0.0024960198081980245
HON,1906-04-08,0.4701906092,8.92725,9.77217,48115.27114243817,0.003497613742432293,-0.0020676017741705355
HON,1907-04-14,0.46934241484,9.33229,9.83733,47710.34567712987,0.0028492233919326093,-0.0022153357651771843
HON,1908-04-20,0.4622780838,8.97851,9.88761,46753.268363133255,-0.02148216801444902,-0.02489560474316843
HON,1909-04-26,0.40647234732,9.00882,9.36301,43412.57216642939,-0.08736374359101562,-0.050808835545555264
HON,1910-05-02,0.50108936072,9.63474,9.20172,54456.0539464361,0.2867047898574189,0.30157189175453647
HON,1911-05-08,0.43400009328,9.76591,9.29888,46672.29744657421,-0.059895968713088,-0.06701319536435879
HON,1912-05-14,0.44871608704,9.72322,9.38795,47797.02565948903,0.027197945472855256,0.01956284638442929
D05,1885-11-25,0.56852272048,10.13518,11.4799,49523.316447007375,0,0
D05,1886-12-01,0.51987811668,10.23801,12.08534,43017.252032627955,-0.06338384421907117,-0.09942334608881542
D05,1887-12-07,0.72656679784,10.27426,12.74564,57005.12472029651,0.3077137795135054,0.2547224554316243
D05,1888-12-13,0.91633309664,10.3312,13.388680000000003,68440.88413794339,0.22586865332305783,0.179919652087422
D05,1889-12-19,1.03346168952,10.4077,14.06052,73500.95796741515,0.19659494923607213,0.15289775643171688
D05,1890-12-25,1.21968881112,10.52705,14.74823,82700.69093850584,0.11941226246288461,0.07987390527255722
D05,1891-12-31,1.45881056568,10.65598,15.487590000000003,94192.22523840054,0.08095534085453138,0.04303318751563001
D05,1893-01-06,1.71153829288,10.96795,16.25933,105264.99510619443,0.11568531937671866,0.07509397978245791
D05,1894-01-12,2.1094264744799998,11.50231,17.06811,123588.7555493842,0.17260156052324693,0.13024954366906671
D05,1895-01-18,2.29801581204,10.78971,17.93548,128126.80854039035,0.10253999404379632,0.0605935587324784
D05,1896-01-24,2.42015156708,10.00726,19.00484,127343.9590693739,0.025149654778293673,-0.021946565417528707
D05,1897-01-30,2.75707100344,10.04628,20.27741,135967.611417829,0.08868620408528871,0.03900350303438471
D05,1898-02-05,2.6622397048,10.30856,21.36733,124593.93404791334,0.000308074864103558,-0.03936881006847648
D05,1899-02-11,2.80683073476,10.37724,22.50639,124712.6142735463,0.07052710665926987,0.027685364220560116
D05,1900-02-17,3.57451547284,10.92174,23.75527,150472.52558442822,0.19645901865700122,0.1520622581133797
D05,1901-02-23,4.122149208320001,12.24028,24.93094,165342.71103777076,0.13938929702573133,0.09847759664223243
D05,1902-03-01,4.47387499364,12.45497,26.31656,170002.27209179316,0.08136083601579136,0.03951241442450493
D05,1903-03-07,5.152092092679999,12.70546,28.04579,183702.86922493536,0.1445027144245592,0.09165806735753623
D05,1904-03-13,5.81002524596,12.88614,29.632129999999997,196071.80604161767,0.10039595057985773,0.052622839708116764
D05,1905-03-19,6.23428695032,13.22641,30.93639,201519.5357415652,0.08190249918783366,0.04585501855925278
D05,1906-03-25,6.21177870248,13.38352,31.76059,195581.33846002232,-0.01866722705216961,-0.038278456341165
D05,1907-03-31,6.86765409304,13.46752,33.1566,207127.8144634854,0.06748601130800469,0.034378473910302354
D05,1908-04-06,7.3771232782,13.32459,34.6295,213030.02579303773,0.0478263748525567,0.017006120472374597
D05,1909-04-12,7.60462391156,13.46155,35.89056,211883.67948452182,0.03870180644985943,0.00749210556396207
D05,1910-04-18,7.49364564624,13.59217,37.18583,201518.84861088212,-0.04815653009508447,-0.07294595246532887
D05,1911-04-24,7.84833041512,13.39289,38.05405,206241.65930091543,0.06388688733115377,0.04499674461863434
D05,1912-04-30,7.9326829244,13.43011,38.99475,203429.51100853318,-0.005793675376015939,-0.02467478239175014
SAF,1847-10-31,1.286077078,10.56951,11.22311,114591.86250513449,0.028607346107005105,0.01245004726374832
SAF,1848-11-13,1.24368735556,9.90918,11.144830944726193,111593.2006262079,-0.10270197313121432,-0.098809412134099
SAF,1849-11-12,1.3900791996,9.92846,11.22311,123858.64520618616,0.09836610935363033,0.09837387439799428
SAF,1850-11-25,1.4055991118,9.92074,11.22311,125241.49828345263,-0.04506478665626412,-0.0448751668544668
SAF,1851-12-08,1.4777996500800001,9.88187,11.223109999999998,131674.70069169777,0.0523868196680477,0.0519207440072329
SAF,1852-11-30,1.660073675,10.04708,11.223110000000002,147915.65573178913,0.09592301849420815,0.09722174852230903
SAF,1853-12-06,1.6156392423600001,9.6866,11.223110000000002,143956.46504043887,-0.019801435520291788,-0.014963308572333522
SAF,1854-12-19,1.55740788372,9.5065,17.11788,90981.35304839151,0.0172252793711698,-0.3328754112610214
SAF,1855-12-18,1.5963054000399999,9.83293,17.02594845623905,93757.20854217929,0.02849652457659868,0.031407317060442086
SAF,1856-12-31,1.66909487472,9.94222,17.11788,97505.93383760139,0.03150980198929609,0.03336734871683267
SAF,1858-01-13,1.61451217824,9.90308,19.02891,84845.22646015983,-0.004979044400712396,-0.09959190413082519
SAF,1859-01-05,1.6077445103199999,9.85388,19.02891,84489.57456417629,-0.03025298832377843,-0.029565495503088846
SAF,1860-01-11,1.6102796564400002,9.91345,19.121874584376403,84211.39095618193,-0.007092926742562011,-0.00726680268253066
SAF,1861-01-24,1.59776473636,9.72804,19.02891,83965.12130016906,-0.008690078749091557,-0.008308651218856267
SAF,1862-01-23,1.5047218331599999,9.47637,21.94886,68555.80805381236,-0.05013916378589389,-0.16264145599406898
SAF,1863-02-05,1.51711171092,9.36102,21.94886,69120.29649466988,-0.003180789551772256,-0.005208591717401845
SAF,1864-02-18,1.5457437138,9.20812,21.861411692867414,70706.49121457788,0.030586715089971905,0.029026783833926872
SAF,1865-02-10,1.51264835176,9.05656,21.948859999999996,68916.94383034017,-0.019171364998979645,-0.018454418824192298
SAF,1866-02-16,1.43552387056,9.1194,21.94886,65403.11754505701,0.002624690794249984,0.00382982740077642
SAF,1867-03-01,1.43253710184,9.15028,23.18624,61783.93313620491,-0.011171554845405884,-0.039523417878053135
SAF,1868-02-28,1.50229800552,8.93965,23.18624,64792.653121851574,0.050629557326697494,0.05376289513737986
SAF,1869-03-13,1.503874476,9.29602,23.18624,64860.644761720745,0.006393253516860931,-0.004596692973024452
SAF,1870-03-26,1.36278693044,9.17954,23.18624,58775.67602336558,0.02111708072516083,0.019307411648316952
SAF,1871-03-18,1.3672660924,9.31102,23.18624,58968.85792608029,-0.005611924413772118,-0.005429465577491244
SAF,1872-03-24,1.35961616648,9.33455,23.18624,58638.924054956726,-0.009612400327047577,-0.010354362328546363
SAF,1873-04-06,1.3710601111999998,9.37997,23.18624,59132.49027009122,0.004303735072388015,0.004016546508256669
SAF,1874-04-05,1.40572468868,9.35908,23.18624,60627.53981154339,0.02611779003111092,0.024642557807154963
SAF,1875-04-18,1.0718069518,9.29464,21.92524071733559,48884.61502511834,-0.12905637441955975,-0.13538442480301394
SAF,1876-05-01,0.7732431122,8.56918,23.18624,33349.224031149504,-0.24364897057548351,-0.23384256559972694
SAF,1877-04-23,0.7695437630399999,8.36712,23.18624,33189.67469671667,0.026470030648194198,0.026316386117239743
SAF,1878-04-29,1.98764273708,9.35885,38.30227,51893.6015301443,0.15834112863380234,0.0811280471638236
SAF,1879-05-12,1.97982155228,10.42001,38.051200331005454,52030.46250992434,0.01257413064364754,0.015183649242712649
SAF,1880-05-11,1.6247373142,10.25096,38.30227,42418.8256779559,-0.16231418618983484,-0.17133401865571052
SAF,1881-05-24,2.15524542012,9.84312,38.30227,56269.391347301345,0.2588646483935406,0.27573918820675325
SAF,1882-06-06,2.3830401795199996,10.70492,38.30227,62216.682706273015,0.08090508018643261,0.08313127944588672
SAF,1883-05-29,2.62199602756,10.65734,38.30227,68455.36903060836,0.051435556088051504,0.05190628402108488
SAF,1884-06-04,3.4409367886399997,10.56459,38.30227,89836.36710409069,0.3283270999684471,0.3265679473895484
SAF,1885-06-17,3.62146340296,10.66086,38.30227,94549.57638176536,0.08287302292504983,0.08255343817899385
SAF,1886-06-16,3.6536780004400002,10.60545,38.47709849764271,94957.21203260277,0.011051350361819923,0.013696580001057779
SAF,1887-06-29,3.5978839696800002,10.55663,38.30227,93933.9618691007,0.02131709538576132,0.01317747184603646
SAF,1888-07-12,3.5461327902,10.66288,38.30227,92582.83621832335,-0.028630444387296894,-0.02599042361294468
SAF,1889-07-04,3.88155691352,10.83441,38.30227,101340.12719141711,0.06449788051950511,0.062488196731741885
SAF,1890-07-10,4.0666782910000006,10.78716,38.12888969140396,106656.09001241963,0.04032507181030143,0.040503204077332766
SAF,1891-07-23,5.84632192456,10.87025,38.30227,152636.43446093405,0.4078291158279377,0.40891977304784355
SAF,1892-07-22,5.7891489297200005,11.28747,38.76722935067802,149330.99493267632,-0.03837181297977643,-0.036431053747418174
SAF,1893-08-04,5.99690381888,11.38776,38.30227,156567.8435998702,0.026927673431093924,0.02476556090238491
SAF,1894-08-17,6.60128266044,11.49282,38.38371672694591,171981.33019270137,0.0010873323033175897,-0.003397953962139044
SAF,1895-08-09,6.8045462576,10.57334,38.30227,177653.86379449573,0.0026440371820408703,0.0022165777366596195
SAF,1896-08-15,7.09615146292,11.97352,38.32690785098841,185148.0294342868,0.03748486872847501,0.03696910325668101
SAF,1897-08-28,7.851281568,11.95668,38.30227,204982.1477421573,0.10575904884085463,0.10774304547781766
SAF,1898-08-27,9.13530549672,12.43442,38.30227,238505.5897919366,0.13230015462745692,0.1350827293698631
SAF,1899-09-09,9.34360059464,12.83284,38.30227,243943.78178212413,0.02141472958578805,0.024443653969294488
SAF,1900-09-22,10.379129366319999,13.02893,40.32447910146125,257390.28990814384,0.04275991391949452,0.044078400643034144
SAF,1901-09-14,10.60058999636,13.18398,38.30227,276761.40334136854,0.007751789246758456,0.009084533721343657
SAF,1902-09-20,10.79800485088,12.94427,38.30227,281915.5327055029,0.01242627333444557,0.013361631859404088
SAF,1903-10-03,16.77539603948,13.00398,38.30227,437973.9383456908,0.4829828182099343,0.474634088788225
SAF,1904-10-02,17.75603466,13.2186,38.30227,463576.5624335059,0.029452477258269383,0.028942559224488518
SAF,1905-10-15,17.657063518119998,12.83355,38.30227,460992.612660294,-0.023455471250700466,-0.02284752817603586
SAF,1906-10-28,17.301266519680002,12.8661,38.30227,451703.4243578775,0.013794989427454274,0.007918283278748328
SAF,1907-10-20,16.47821741956,12.87113,59.85489,275302.77675825654,0.0802270681969115,-0.21519570564592228
SAF,1908-10-26,10.30465548736,12.01066,59.854890000000005,172160.6286029429,-0.32891176378872355,-0.32786055193722674
SAF,1909-11-08,18.153790739239998,11.96789,63.28401,286862.2064126467,0.2713335332554738,0.19282771957355194
SAF,1910-11-07,8.165252277,12.63774,63.87959,127822.55297818912,-0.5399549749813474,-0.5445218645076577
SAF,1911-11-20,17.85171226956,13.27341,68.22336813379201,261665.65442138872,0.9588941387462544,0.9816439843497224
HDJ,1837-01-13,0.31979926263999997,5.85756,5.27531,60621.89001973343,0,0
HDJ,1838-01-19,0.31847735920000003,6.62944,5.29782,60114.794236119764,0.020754395013792726,0.018441872529978198
HDJ,1839-01-25,0.31421567372000003,6.01542,5.32922,58960.91242620871,-0.0020708363595983714,-0.007422726822657988
HDJ,1840-01-31,0.26515447296,5.99903,5.34968,49564.54833933992,-0.10093119770127479,-0.10331332310682706
HDJ,1841-02-06,0.24560768752,6.72511,5.37391,45703.721781719454,-0.12242756827275847,-0.12388680262634555
HDJ,1842-02-12,0.22728144244,6.46729,5.439159999999999,41786.12918906596,0.06815133766858827,0.059923136009795375
HDJ,1843-02-18,0.23357863203999998,6.01744,5.44455,42901.36596045587,-0.006757753219859941,-0.006598502000129902
HDJ,1844-02-24,0.21771408256000002,5.7959,5.45489,39911.72737855392,0.013034078065758958,0.012324524238278123
HDJ,1845-03-02,0.21341022768,5.87309,5.49676,38824.730874187706,-0.027442696897099217,-0.032339321499836426
HDJ,1846-03-08,0.19296887168000001,6.15461,5.53285,34876.9389518964,-0.046298007594103296,-0.05038637160991488
HDJ,1847-03-14,0.22512474400000002,5.7501,5.537,40658.25248329421,0.04274539710026781,0.04159903444192925
HDJ,1848-03-20,0.22124482380000002,5.67428,5.56571,39751.410655603686,0.0005905765901108584,-0.004746273279201074
HDJ,1849-03-26,0.19245040048,5.41245,5.53722,34755.780062919664,-0.09975262012836339,-0.09614622566001563
HDJ,1850-04-01,0.1808123278,5.84158,5.514009999999999,32791.43995023586,-0.02811638805127048,-0.025189418514255713
HDJ,1851-04-07,0.17467756435999998,5.63835,5.4871,31834.22287911647,-0.032998365496675564,-0.029212575688750242
HDJ,1852-04-13,0.16244079071999998,5.98589,5.47129,29689.669295540905,-0.09684674816639749,-0.09484025856935185
HDJ,1853-04-19,0.14910503816,6.1647,5.45673,27324.980008173392,-0.06138857007219556,-0.05947540167135312
HDJ,1854-04-25,0.17239885364,6.16373,5.4442,31666.517328533115,0.07478777995992147,0.07671387364063231
HDJ,1855-05-01,0.16429243688,6.19885,5.41551,30337.389623507293,-0.03836960067155348,-0.03427191999519652
HDJ,1856-05-07,0.16858557872,6.32313,5.46367,30855.739588957607,-0.021974198504886022,-0.028146085454440528
HDJ,1857-05-13,0.16841985784000002,6.23144,5.52038,30508.74357200048,0.002953019903476628,-0.005805631536317413
HDJ,1858-05-19,0.18978260132,5.62751,5.53289,34300.80867683977,0.09876643593465273,0.09656391500586148
HDJ,1859-05-25,0.18533322132000002,5.51772,5.57437,33247.38424611212,-0.009698978549017911,-0.016654281560488315
HDJ,1860-05-31,0.20128178668,6.85981,5.55636,36225.47615345298,0.025643883184411242,0.028389578226755363
HDJ,1861-06-06,0.21205858596,6.83463,5.58311,37982.161547954456,0.08985296717116786,0.08583931756023788
HDJ,1862-06-12,0.20910180720000002,6.68347,5.60242,37323.47935356507,-0.08346986632873565,-0.08545004054875815
HDJ,1863-06-18,0.20059331916,6.75707,5.62532,35659.00591610788,-0.0366456645512514,-0.038651536744445214
HDJ,1864-06-24,0.35504094028,7.32006,5.69122,62383.97747407409,0.6844935110101809,0.667570035111519
HDJ,1865-06-30,0.35827744627999997,7.26826,5.77783,62008.99754406066,-0.0006361081138730462,-0.012853167864164572
HDJ,1866-07-06,0.32228238796,7.02958,5.86687,54932.59403395678,-0.14975568501733716,-0.15928208447425596
HDJ,1867-07-12,0.30225160836000003,7.02979,5.9365,50914.10904741852,-0.05490048911073164,-0.06170809541575173
HDJ,1868-07-18,0.41047381024,7.40603,5.99671,68449.83503287636,0.37348769388590153,0.361921356694747
HDJ,1869-07-24,0.38236096964000005,7.30463,6.02524,63459.87373780962,-0.04029846701186024,-0.04366231054669212
HDJ,1870-07-30,0.39674947988,7.28142,6.048910000000001,65590.24351164093,0.017070860970036517,0.014060674975945542
HDJ,1871-08-05,0.37282710036,7.25531,6.06985,61422.78645436049,-0.06063742171877473,-0.06317191311852444
HDJ,1872-08-11,0.17378998,5.95361,5.94194,29248.020006933766,-0.6750398331665334,0.5121950235681556
HDJ,1873-08-17,0.3228537936,7.03467,6.0018,53792.82775167449,0.736718608623548,0.7223006845133935
HDJ,1874-08-23,0.43537117104,7.68222,6.04903,71973.71661902817,0.3642705649069651,0.35756633449995734
HDJ,1875-08-29,0.26312644436000004,6.56316,6.09652,43160.10516819432,-0.2644949536383865,-0.2686706146104798
HDJ,1876-09-04,0.33980760164,6.32306,6.12359,55491.56648959189,0.183191044662792,0.1797732065395159
HDJ,1877-09-10,0.53292755984,7.21512,6.17046,86367.55766020685,0.335425362526095,0.3294548954857881
HDJ,1878-09-16,0.55694584088,7.69193,6.2062,89740.23410138249,0.07805095240587523,0.0733637105116145
HDJ,1879-09-22,0.58212859172,7.7739,6.25002,93140.2766263148,0.04461859600346951,0.039084840896218775
HDJ,1880-09-28,0.59387304392,7.79104,6.29675,94314.21668638583,0.01113499974689236,0.005506972831881729
HDJ,1881-10-04,0.51123310732,7.95091,6.34884,80523.86062965833,-0.17725282074607596,-0.18242416765163172
HDJ,1882-10-10,0.48044494004,8.41545,6.408939999999999,74964.80541868079,-0.009848571730914024,-0.016806667413476806
HDJ,1883-10-16,0.51454907868,8.63199,6.476589999999999,79447.53005516792,0.03434616689565706,0.026302867705639388
HDJ,1884-10-22,0.5311359279200001,8.62988,6.545050000000001,81150.78233474153,0.04617866761617373,0.03772227945891449
HDJ,1885-10-28,0.5658142022,8.98243,6.620889999999999,85458.93410100456,0.10088648284536994,0.09171863970592842
HDJ,1886-11-03,0.07525901708,5.41061,6.55424,11482.493329508838,-0.8786675518095097,0.2602533045128319
HDJ,1887-11-09,0.50862181188,8.33565,6.570950000000001,77404.60844778913,3.1884648951697923,3.1796126769124333
HDJ,1888-11-15,0.64245384216,8.5538,6.63931,96765.152125748,0.18442191210898407,0.1754395700979694
HDJ,1889-11-21,0.70989112168,8.82807,6.70847,105820.12316966461,0.10785303205157892,0.09909999632191879
HDJ,1890-11-27,0.46779356364,9.02403,6.78272,68968.43208034534,-0.2845647935795449,-0.29048702125903414
HDJ,1891-12-03,0.7636786976,9.5026,6.85527,111400.23625619414,0.6699467397463963,0.6571128055130346
HDJ,1892-12-09,0.7955210967599999,9.71156,6.94231,114590.25839526036,0.019516136058375766,0.009679804314217222
HDJ,1893-12-15,0.7617179856,8.63085,7.02486,108431.76740888786,-0.03126793299639807,-0.039957010923793335
HDJ,1894-12-21,0.70538872768,8.20874,7.08041,99625.40695807165,-0.07252964718563859,-0.0780134233986387
HDJ,1895-12-27,0.8059367269200001,8.25277,7.15707,112607.07620856022,0.12170756516417969,0.11226178572295598
HDJ,1897-01-02,0.83950569976,8.3869,7.24185,115924.20441737953,-0.008830416245223072,-0.01727609105530703
HDJ,1898-01-08,0.8633087996000001,8.29005,7.304620000000001,118186.6817986425,0.010070813053893568,0.003271026069908478
HDJ,1899-01-14,0.47258655287999995,6.78245,7.30024,64735.75565734825,-0.6269297177857327,-0.8706595941736761
HDJ,1900-01-20,0.79525872608,9.66816,7.381819999999999,107732.06689949092,0.3462968105448869,0.33468762529454854
HDJ,1901-01-26,0.82864222168,9.69351,7.47953,110788.00695765643,0.039167860496218454,0.0287026776678172
HDJ,1902-02-01,0.85257782844,9.44733,7.58162,112453.25252914285,0.05306200768919478,0.042265775912223136
HDJ,1903-02-07,0.71922994156,7.76032,7.63917,94150.27307416905,-0.2279607482189583,-0.23240011665029525
HDJ,1904-02-13,0.71363532656,7.43096,7.65845,93182.73626647689,0.006980202467046004,0.0050988200135007045
HDJ,1905-02-19,1.0353201482,8.51272,7.69555,134534.9128002547,0.38542585853088207,0.3804060764358519
HDJ,1906-02-25,1.0951966786799998,8.629,7.76015,141130.86456833952,-0.013704107722578351,-0.01999684486911879
HDJ,1907-03-03,1.06323437376,8.50487,7.81651,136024.18134947694,-0.0007908022889763222,-0.006138493928861011
HDJ,1908-03-09,0.014474960240000001,7.32868,0.5972,24238.04460817147,-0.5761786336203911,2.08395694426078
HDJ,1909-03-15,0.8821923203600001,8.43731,7.65884,115186.15356372506,88.03764282139275,6.561838227304737
HDJ,1910-03-21,0.95852769376,9.75108,7.75425,123613.2048566915,0.06094849893832155,0.05119690680770139
HDJ,1911-03-27,1.15434474532,10.02334,7.8677,146719.466339591,0.1938853650900363,0.18083020128737637
HDJ,1912-04-02,1.1531475014800001,10.14425,7.975459999999999,144586.95817921477,0.04923808561576104,0.03858963670719584
ABU,1837-01-13,0.04431265384,6.91323,0.60338,73440.70708343001,0,0
ABU,1838-01-19,0.04888260208,7.01288,0.60535,80750.97394895514,0.06763358329103442,0.0651702512617125
ABU,1839-01-25,0.04190090528,6.96149,0.608,68915.96263157895,-0.06304536017679241,-0.0662322342869115
ABU,1840-01-31,0.04341609116,6.95046,0.6108399999999999,71076.04472529632,-0.007708319269759456,-0.011289641387510208
ABU,1841-02-06,0.04637764456,6.91092,0.62368,74361.28232426886,0.12402314868517528,0.11347931576780113
ABU,1842-02-12,0.04503436652,6.94194,0.62648,71884.76331247606,-0.02116918651397859,-0.02466771232240772
ABU,1843-02-18,0.057005133119999996,6.83623,0.63975,89105.32726846423,0.02998101715040291,0.00966231327711542
ABU,1844-02-24,0.057410128879999994,6.76575,0.64275,89319.53151302994,-0.002112085989570467,-0.005612951526899113
ABU,1845-03-02,0.059953144160000006,6.77411,0.6451,92936.20238722679,0.033975923894699944,0.031064797393695276
ABU,1846-03-08,0.057774826200000004,7.29103,0.64764,89208.24254215305,-0.07582488018997402,-0.07856818120949005
ABU,1847-03-14,0.0568372636,7.41352,0.65191,87185.7520209845,0.023470422063496477,0.018642657633360704
ABU,1848-03-20,0.06558748768,7.7552,0.65568,100029.72132747681,0.11462430890900999,0.10968115800590006
ABU,1849-03-26,0.06596437016000001,7.48276,0.65975,99983.88807881775,0.004531935305764234,-0.00023273240266408202
ABU,1850-04-01,0.06617755924,7.48324,0.66388,99683.01385792613,-0.01738288401954824,-0.021856344378567094
ABU,1851-04-07,0.08167910764,7.60666,0.66773,122323.5553891543,0.16311252096452078,0.1578664521070796
ABU,1852-04-13,0.10447536632,8.09578,0.67234,155390.67483713597,0.26664103834720665,0.260564538242541
ABU,1853-04-19,0.10359977472,7.92694,0.67699,153029.99264390906,-0.012387543072993168,-0.017693017665478705
ABU,1854-04-25,0.11311890668,7.98528,0.6817,165936.4921226346,0.04167331855378542,0.03615827806306848
ABU,1855-05-01,0.11962962076,8.25729,0.68717,174090.28444198673,0.01544920499543756,0.009532134063126252
ABU,1856-05-07,0.12067565016000001,8.261,0.69243,174278.48325462503,0.01937417660040719,0.013338900687154931
ABU,1857-05-13,0.12576555004,8.27061,0.69785,180218.6000429892,0.019004442026738788,0.012984759765096943
ABU,1858-05-19,0.13120282188000001,8.38739,0.70365,186460.3451716052,0.03646274181857523,0.030157940084124535
ABU,1859-05-25,0.14059326372,8.4141,0.70942,198180.57528685403,0.06630822651424806,0.059628352913085214
ABU,1860-05-31,0.13013389792,8.55142,0.71633,181667.52463250177,-0.06020970658684455,-0.06709999390615995
ABU,1861-06-06,0.12453868128000001,8.39438,0.72332,172176.46585190512,-0.02053590640816516,-0.02763166726886923
ABU,1862-06-12,0.12109380296,8.36598,0.72998,165886.46669771775,-0.0005987769253932296,-0.00765197334701706
ABU,1863-06-18,0.13013567684,8.60893,0.73716,176536.54137500678,0.07732332824349109,0.06972043932912109
ABU,1864-06-24,0.13846738204,8.64426,0.7438999999999999,186137.09106062644,0.04472881149865793,0.03744784008164315
ABU,1865-06-30,0.13777594063999998,8.71888,0.75037,183610.67292135878,-0.002335134070200584,-0.008898001375270304
ABU,1866-07-06,0.15238617992,8.84658,0.75718,201254.8930505296,0.03649147179683565,0.02965143942031534
ABU,1867-07-12,0.14941617027999998,8.8533,0.76483,195358.66830537503,0.0822943617604408,0.07394677497746849
ABU,1868-07-18,0.15624492052000002,8.65452,0.77282,202175.04790248701,-0.03710010226052729,-0.044592270259312894
ABU,1869-07-24,0.15420784703999998,8.86024,0.7814,197348.15336575377,0.09005673860913599,0.08112344538133986
ABU,1870-07-30,0.17002968840000002,9.06487,0.79036,215129.4200111342,0.06538683853564509,0.05597511821338719
ABU,1871-08-05,0.14297415028,9.09275,0.80025,178661.85601999375,-0.10195398217932594,-0.10995894366974013
ABU,1872-08-11,0.16284996728,9.07101,0.80943,201190.9211173295,0.03457215814759018,0.025489991739993556
ABU,1873-08-17,0.14689654876,9.10429,0.81887,179389.33989522146,-0.0402450584518832,-0.04877712363465003
ABU,1874-08-23,0.1551426708,9.04592,0.82874,187203.068272317,0.013771656971486745,0.004869285198849438
ABU,1875-08-29,0.15394389452,9.02622,0.83825,183649.14347748284,-0.014188091622265087,-0.02286130843481793
ABU,1876-09-04,0.16170382124,8.5743,0.84733,190839.2494541678,0.09343783012790574,0.08458466745354598
ABU,1877-09-10,0.15746568396,8.99197,0.85608,183938.0477992711,0.006319285901485783,-0.0011365304203307947
ABU,1878-09-16,0.16524910532,9.08324,0.8653,190973.19463769792,0.05744482375374571,0.04868047813551546
ABU,1879-09-22,0.17900948468,10.24833,0.87805,203871.62995273617,0.1250534600181985,0.112654658248863
ABU,1880-09-28,0.19450910492,11.064,0.89296,217825.1040584125,0.09187024371970565,0.07830949992742564
ABU,1881-10-04,0.20303063456,11.40247,0.90827,223535.55061820825,-0.02082724213284981,-0.033477092165766664
ABU,1882-10-10,0.22629638355999998,11.38618,0.95612,236681.98924821152,0.06421217588446204,0.020405101994067865
ABU,1883-10-16,0.24680747883999998,11.23413,1.04632,235881.45007263555,0.06735875447195516,-0.0002543250801010366
ABU,1884-10-22,0.26186784468,11.29455,1.09733,238640.92358725274,0.001947684949966666,-0.02752474728610632
ABU,1885-10-28,0.27144741936,11.15617,1.14908,236230.2184008076,0.006903478430324128,-0.024939544288568705
ABU,1886-11-03,0.28320041204,10.42463,1.17937,240128.55341411094,0.030827870714468908,0.014506561778730553
ABU,1887-11-09,0.27303606667999997,10.34645,1.25013,218406.13910553302,-0.038048992611078414,-0.08492094850545706
ABU,1888-11-15,0.26961874680000003,10.4211,1.28752,209409.36591276253,-0.006873157783413242,-0.030591464252622935
ABU,1889-11-21,0.3388716864,11.30909,1.32312,256115.61037547613,0.08295395906437841,0.058950183546251145
ABU,1890-11-27,0.34795881172,11.38483,1.3578,256266.61637943736,0.01582367500546611,-0.005550943281132481
ABU,1891-12-03,0.31480036692,11.12816,1.38197,227791.02796732204,-0.06772689885505567,-0.07986864404776628
ABU,1892-12-09,0.37114527632,11.19556,1.40592,263987.47888926824,0.16434682781800136,0.14897474928405163
ABU,1893-12-15,0.43208243468,10.72131,1.45065,297854.36506393686,0.22368980365903623,0.19140292258611624
ABU,1894-12-21,0.43704102936,11.1255,1.48479,294345.3480694239,-0.01458229596740801,-0.029966859190750927
ABU,1895-12-27,0.5000836516,11.43326,1.53808,325135.0070217414,0.11504731224931608,0.08130568760856338
ABU,1897-01-02,0.53119487148,11.58049,1.6059,330777.05428731546,0.08139739010627012,0.04359314309515927
ABU,1898-01-08,0.5160384164,11.48272,1.65314,312156.5120921398,-0.040957381505462465,-0.061670112918375763
ABU,1899-01-14,0.5169614892,10.75974,1.68061,307603.4827830371,0.005752375949875432,-0.006611492087484794
ABU,1900-01-20,0.6113860948,12.94408,1.7095,357640.3011406844,0.07930920577100165,0.06554885378952258
ABU,1901-01-26,0.61840606516,12.52189,1.73895,355620.3830817447,0.004859461865600823,-0.008095844930346208
ABU,1902-02-01,0.6836411556,12.89713,1.77197,385808.53829353774,0.10762066460294273,0.09217099143435381
ABU,1903-02-07,0.68937218116,13.59645,1.8110700000000002,380643.5870286626,-0.008847286935736443,-0.02521467952240941
ABU,1904-02-13,0.72988006988,13.98888,1.85383,393714.6717228656,0.0029701025769559575,-0.014588136044242694
ABU,1905-02-19,0.7147981022,13.84467,1.8922600000000003,377748.3549829304,-0.015013669096504034,-0.030030995437371755
ABU,1906-02-25,0.6975667764,13.89996,1.92996,361441.053907853,-0.014955636963233432,-0.029572175238640752
ABU,1907-03-03,0.72891436696,13.98561,1.97982,368172.0393571133,0.025197494323136782,0.004732442677825244
ABU,1908-03-09,0.70917491008,14.69587,2.02546,350130.29636724497,-0.04775568299965427,-0.06502448731613863
ABU,1909-03-15,0.682191419,15.35138,2.0671,330023.42363697937,-0.04251253677522304,-0.05783823367182561
ABU,1910-03-21,0.4246667386,12.79096,2.12455,199885.49979995762,-0.01732716684472324,-0.03987232481461189
ABU,1911-03-27,0.12487069972,8.03975,2.12252,58831.34185779168,-0.39378821564742283,-0.3935886757263177
ABU,1912-04-02,0.1144908622,6.54565,2.07497,55177.11687397891,-0.1479862778948292,-0.13323976212473332
PRG,1850-03-11,0.5597818506800001,11.3578,4.39073,127491.74981836736,0.0922343551288165,0.08397864614337469
PRG,1851-03-24,0.5694479856,11.13236,4.39073,129693.2367966147,0.01922080817651084,0.019139782159175
PRG,1852-03-23,0.6040256378000001,10.99558,4.379974632013543,137906.1954800227,0.03261225252994282,0.037650942941767074
PRG,1853-04-05,0.7303520473599999,10.87146,4.78378,152672.5826354891,0.14650159797327,0.04339852329205862
PRG,1854-04-18,0.72737280512,10.68705,4.78378,152049.80269159534,-0.015045621576596724,-0.01627269158921596
PRG,1855-04-10,0.73850118212,10.86641,4.78378,154376.07542989016,0.017913471729912978,0.01940164069280237
PRG,1856-04-16,0.78606386456,10.81776,5.179428141337881,151766.53543782045,0.054023247393740315,-0.02597147516084397
PRG,1857-04-29,0.84173240424,10.57284,5.17244,162734.10696692468,0.16841131092287798,0.17296842007232116
PRG,1858-04-28,0.77719598632,10.56866,5.169075628963148,150354.9265105057,-0.15566957168427775,-0.15488039862450875
PRG,1859-05-11,0.78158940652,10.35195,5.654839999999999,138216.00726457336,0.014563061686078349,-0.07106651378292317
PRG,1860-05-24,0.77910508676,10.87286,5.515886500155241,141247.48338060846,-0.018054337933433473,-0.02180459196686979
PRG,1861-05-16,0.76916350368,10.5016,5.654840000000001,136018.61479369883,-0.07921014234397106,-0.08374885294736245
PRG,1862-05-22,0.82440038356,10.11625,6.287175472387796,131124.1251625036,0.04821016157537672,-0.0018888442119892046
PRG,1863-06-04,0.8047481213200001,10.49076,6.11525,131596.92920485671,-0.015692086323095378,-0.015217300537882061
SIA,1837-01-13,1.37069875592,7.14999,42.08554,32569.351751694285,0.15185014463326763,0
SIA,1838-01-12,1.47261343892,7.15785,42.35571,34767.76658731491,0.03789325184900605,0.03283473389988134
SIA,1839-01-11,1.58257518276,7.11496,42.58762,37160.45138845514,0.07793077221245515,0.07355426337988824
SIA,1840-01-10,1.56826171268,7.96735,42.80572,36636.73248995695,-0.02091331642974159,-0.024595760141867817
SIA,1841-01-09,1.88661927532,7.98596,44.56753,42331.699228563935,0.14708107799189185,0.10363404682895938
SIA,1842-01-08,1.4276699918,8.59861,44.82768,31847.956258276135,-0.13885061544331834,-0.14231286179869074
SIA,1843-01-14,1.89396537876,8.52238,45.37723,41738.23256201403,0.27221883032712824,0.2605077105474025
SIA,1844-01-13,1.89642470524,8.62992,45.86077,41351.78509301087,-0.012796044196726086,-0.020580036057804674
SIA,1845-01-12,2.06395719556,8.65158,46.24528,44630.656265028556,0.07907794217441544,0.07238382610282912
SIA,1846-01-11,2.4503005545199996,8.51709,55.72241,43973.34132748385,0.1583978229962677,-0.024565240484512696
SIA,1847-01-10,2.80629323884,9.14464,56.36116,49791.261195475745,0.09962134743799878,0.08985855550433053
SIA,1848-01-09,2.75940290028,8.22622,57.059569999999994,48360.03671741656,0.013186737613088306,0.0034138322805217225
SIA,1849-01-08,2.79261548852,9.04405,57.64153,48447.976459334095,-0.010591307358594149,-0.01832007741870123
SIA,1850-01-14,3.47776436904,9.37219,68.84371,50516.80638710493,0.24324817842744118,0.04470734011508681
SIA,1851-01-13,3.64764062728,9.30087,69.77896,52274.21886597336,0.03231689720574571,0.02174877369946726
SIA,1852-01-12,3.93323797256,9.20725,78.18312,50308.02010152575,0.009476415326331589,-0.02283752457537802
SIA,1853-01-11,4.16728129948,9.01151,79.19622,52619.69951949727,0.05996030597564728,0.04937372223072867
SIA,1854-01-10,4.61251506352,9.14504,80.18498,57523.42974357543,0.08032797855282858,0.07020258268150492
SIA,1855-01-09,3.9641752441199998,8.79961,81.13782,48857.30531236851,-0.13801745920576602,-0.1458843321692198
SIA,1856-01-08,4.503354862239999,9.7885,82.2537,54749.57190059535,0.14936616311617712,0.13735884384340502
SIA,1857-01-14,4.8668181405999995,9.61277,83.5024,58283.57197637433,0.06535217249410841,0.053359754234991286
SIA,1858-01-13,4.75864865372,9.78706,84.67326,56200.13512790224,0.006051090831179495,-0.004707661455384038
SIA,1859-01-12,5.11252355172,9.63528,85.88513,59527.45896431663,0.08028819775496054,0.06839005422793454
SIA,1860-01-11,5.32863556576,9.6035,87.077,61194.523993247356,0.03299610315126289,0.022176406404568416
SIA,1861-01-10,5.8252537798,9.56471,89.43578,65133.370333439256,0.08444384224378942,0.07097625836971022
SIA,1862-01-09,6.70959427996,9.41468,90.60446,74053.68653993412,0.12792364382969268,0.11659517501126326
SIA,1863-01-08,7.15394836208,9.85806,91.78981,77938.37204892351,0.05161413039579754,0.041365173110940345
SIA,1864-01-14,8.42872665856,9.91875,93.12588,90508.9611884473,0.1138557220934795,0.1016009637730535
SIA,1865-01-13,8.8135555716,8.92418,94.1706,93591.37110308313,0.05789459086269555,0.04906480555778714
SIA,1866-01-12,8.689632255200001,9.16734,95.18222,91294.70036735853,0.004106981420425315,-0.004033207073820155
SIA,1867-01-11,9.751147127800001,9.44788,96.33517,101221.05071076327,0.043703382718409456,0.034120905168721904
SIA,1868-01-10,10.7517067138,9.35163,97.49673,110277.6135548341,0.043266916630417374,0.03362296802567588
SIA,1869-01-09,11.845029950519999,9.31679,98.63779,120086.12470453768,0.0675710256298474,0.05813175453867103
SIA,1870-01-08,12.52083432704,9.20098,99.72647,125551.76501324071,0.04717695845419101,0.038393905855820254
SIA,1871-01-14,12.56254153648,9.06179,100.74509,124696.31558699287,0.007416005937579184,-0.0003964851888192955
SIA,1872-01-13,13.076835219760001,9.14619,101.72518,128550.62256719527,0.03099758398290242,0.023415351867167367
SIA,1873-01-12,12.74144247896,9.16283,102.7191,124041.60938871154,0.019854008126390266,0.012210110017191855
SIA,1874-01-11,14.37654765768,9.21887,103.69831999999998,138638.19257322588,0.0545090363734293,0.04681335002530229
SIA,1875-01-10,14.90598103124,9.37597,104.76993,142273.46559494693,0.022967070362589714,0.014941371204242992
SIA,1876-01-09,15.21919594208,9.46903,105.87937,143740.90006466795,0.0009580574496743655,-0.007061687560410923
SIA,1877-01-08,16.49880589188,9.62983,107.02561999999999,154157.53622244843,0.0652252626128198,0.0563421846955825
SIA,1878-01-14,16.957064418839998,10.27899,108.23341000000002,156671.25722861357,0.01952278270126584,0.010999247374538612
SIA,1879-01-13,16.63000254708,10.98484,109.53839000000002,151818.94262897235,-0.028998915314849327,-0.0378476829998835
SIA,1880-01-12,18.00006283452,10.84061,111.01656000000001,162138.53892176086,0.061834402466849125,0.05090869055336755
SIA,1881-01-11,16.37707158932,9.44922,111.33267000000001,147100.32184910323,-0.08442178691410784,-0.08579201045406115
SIA,1882-01-10,18.58140075376,10.96719,112.20599,165600.79148858273,0.09500216637477199,0.0884169547178204
SIA,1883-01-09,19.43557373368,11.56336,113.94779,170565.60494661634,0.036944648292434046,0.024509984602059998
SIA,1884-01-08,19.685963486280002,11.5644,115.83825,169943.55047905163,0.011650496163658097,-0.001050995044645675
SIA,1885-01-14,21.29414299064,11.46834,117.78031,180795.44017705505,0.07520682454645566,0.061730550512671734
SIA,1886-01-13,21.0799194268,11.32311,127.64901,165139.70164594305,-0.01591867991704432,-0.08864051551913865
SIA,1887-01-12,19.29207661316,11.86055,129.79447,148635.58218743835,-0.09627098705167003,-0.10782350647420946
SIA,1888-01-11,21.106805728319998,11.92078,132.11694,159758.5118783405,0.08625020794266836,0.07148730621431532
SIA,1889-01-10,22.0093982966,12.02952,134.48458,163657.41185048874,0.025192726775680407,0.011286711362460844
SIA,1890-01-09,23.00560167308,11.66759,136.90095,168045.5955424707,0.03958377142342773,0.025428536570440308
SIA,1891-01-08,25.19080840536,11.71527,139.32962,180800.0940888233,0.05647566947349847,0.04234235705925693
SIA,1892-01-14,25.84308952056,11.34138,141.82315,182220.52972705796,0.00473745603022202,-0.008680233090224032
SIA,1893-01-13,26.85290208432,11.09317,144.1789,186247.10054189622,0.07529350715482552,0.061787973313485844
SIA,1894-01-12,28.0542897102,11.40269,146.55792,191421.17812670924,0.02963626318172774,0.016673335123970068
SIA,1895-01-11,29.74512825908,11.70582,149.08433,199518.81099160455,0.05125665656132439,0.0375332744933905
SIA,1896-01-10,30.31410080556,11.51356,151.63846,199910.37105995405,0.013680371538333125,0.0005287658104753401
SIA,1897-01-09,35.29095021088,10.81219,155.03433,227633.13268022632,0.1398975599643837,0.11906514880755537
SIA,1898-01-08,27.9099843854,12.08441,132.11869,211249.32729351165,-0.10158504212853048,-0.1243986200001439
SIA,1899-01-14,27.34956151356,11.79886,134.50276,203338.29219236842,-0.01841601171287388,-0.03146040832242658
SIA,1900-01-13,40.9225545794,12.04691,191.21381,214014.63931606198,0.23586733486730016,0.02732303033463479
SIA,1901-01-12,43.30384375564,12.91457,197.33463,219443.71221432346,0.03323819484953905,0.005663970969657539
SIA,1902-01-11,43.76085121772,12.7292,201.35697,217329.7066285811,0.016183536211826555,0.0005753609428444939
SIA,1903-01-10,50.42930268272,12.97537,204.83925,246189.64716342205,0.05518006896068095,0.041607107594807013
SIA,1904-01-09,52.10578868196,13.02957,210.00491,248117.00203561908,0.045660761450859955,0.026692282210056373
SIA,1905-01-08,55.323697462800006,13.23556,216.60205,255416.31514013835,0.03867081609520251,0.014066536115298067
SIA,1906-01-14,55.53587880152,13.28704,220.93811,251363.9625210879,-0.005793702471673434,-0.020597507509326207
SIA,1907-01-13,56.124786631679996,13.56201,225.36947,249034.55925809292,0.004441362037195473,-0.010751963824129018
SIA,1908-01-12,55.246488254359996,13.28225,245.60617,224939.3337893751,0.0011539420331845296,-0.039566164067109
SIA,1909-01-11,60.626060308839996,13.35025,250.24764,242264.2639460656,0.06859144220229063,0.05327403073294734
SIA,1910-01-10,58.94525641472,13.21162,254.84271,231300.53990840074,-0.03133099346947632,-0.044801467159445885
SIA,1911-01-09,62.88530264328,13.04438,259.21183,242601.97786219863,0.06730897690315785,0.053452191047611564
SIA,1912-01-08,66.13514570312,13.08503,263.71312,250784.43462775004,0.04824967743116537,0.03444085512309103
MYB,1856-07-23,0.7619984777600001,4.84414,2.48209,306998.7300057613,0.04735158533935868,0.05161941885974386
MYB,1857-08-05,0.7169646000400001,6.53243,2.48209,288855.1986591945,-0.043080308673098644,-0.04284406846717359
MYB,1858-08-04,0.7588880884,6.55199,2.48209,305745.5968155869,0.0455454709306522,0.04397260322799368
MYB,1859-08-17,0.76293869808,6.38542,2.48209,307377.531870319,0.01003540412855708,0.01015111501593502
MYB,1860-08-30,0.7237377149600001,7.14344,2.48209,291583.9937149741,-0.02582362955581119,-0.025626568644612102
MYB,1861-08-22,0.7127515564,6.8124,2.4820899999999995,287157.82119101245,-0.00509264587935343,-0.004802925911883138
MYB,1862-08-28,0.70600531404,6.46921,2.48209,284439.85272089246,-0.005632564935850626,-0.005937002387059298
MYB,1863-09-10,0.72892869816,8.00423,2.48209,293675.36961189966,0.03205828609576633,0.03142952985085379
MYB,1864-09-09,0.64733362512,5.67982,2.48209,260801.83438956685,-0.10516581800949054,-0.10644823717050289
MYB,1865-09-22,0.69887718316,6.17506,2.48209,281568.02660660975,0.0036961695516968263,-0.00313696613589165
MYB,1866-10-05,0.6569120823200001,6.33544,2.48209,264660.8633530614,-0.027049714029576566,-0.02240980218518318
MYB,1867-09-27,0.6851030742399999,6.77715,2.48209,276018.62714083696,0.06076256704470473,0.06162677303511965
MYB,1868-10-03,0.68737947252,6.85854,2.48209,276935.75676949666,0.0229222919662746,0.023370479643278985
MYB,1869-10-16,0.6994424340800001,6.79509,2.5037837953929114,279354.1660294349,-0.0016944036201144153,-0.001933953369895769
MYB,1870-10-15,0.64645899344,6.80642,2.48209,260449.45728801133,-0.06789262067242907,-0.06686338063119956
MYB,1871-10-28,0.6651567806,6.79528,2.4866874457114077,267487.086785733,0.019603361688961485,0.020767054600982382
MYB,1872-11-10,0.6878100522799999,5.16036,2.4820900000000004,277109.2314460797,0.03337342929013132,0.033106885256348306
MYB,1873-11-02,0.67415182692,4.60583,2.4820899999999995,271606.51987639454,0.17422346681684853,0.17774634353175833
MYB,1874-11-08,0.53796605096,6.35384,2.48209,216739.13957995077,-0.2430449705853367,-0.24680876611923208
MYB,1875-11-21,0.6577027490799999,6.33413,2.4627887126777086,267056.1001414131,0.11356694780778831,0.11791078115440823
MYB,1876-11-20,0.68788153148,6.34796,2.48209,277138.02943487145,0.025883116597487765,0.030215493627993917
MYB,1877-12-03,0.60493579016,7.4521,2.48209,243720.32849735505,-0.26850810262116087,-0.22774245657117642
MYB,1878-12-16,0.7191837744,7.63187,2.48209,289749.2735557534,0.13402074947251963,0.12538466489768818
MYB,1879-12-08,0.691379559,7.66088,2.48209,278547.336720264,-0.0373359034442966,-0.03873245082554666
MYB,1880-12-14,0.6420998064,5.45048,2.48209,258693.2006494527,-0.011187393838852033,-0.016739062684892003
MYB,1881-12-27,0.6419829046800001,7.87141,2.48209,258646.10255067304,0.012680163163081293,0.012360631563349989
MYB,1882-12-26,0.66862249636,8.04669,2.473681229646726,270294.5263709213,0.044091007648285885,0.044317142693147904
MYB,1884-01-08,0.6716872333599999,8.06838,2.4820899999999995,270613.56895197195,-0.03321665129855267,-0.03876930236383902
MYB,1885-01-21,0.64944594104,8.12289,2.48209,261652.8574870371,-0.03200214465916951,-0.03182262839479155
MYB,1886-01-13,0.63228749428,8.30305,2.48209,254739.95474781335,-0.04310376523973647,-0.04434402097373169
MYB,1887-01-19,0.66661006568,8.06286,2.4786329580234523,268942.6296548473,0.0739355000903561,0.07353697487971034
MYB,1888-02-01,0.58592393496,8.34553,2.48209,236060.71293144085,-0.07201196515324326,-0.06781768873767269
MYB,1889-01-31,0.58274125208,8.31632,2.48209,234778.4536741214,0.0007958488973478506,-0.00046656916214637967
MYB,1890-02-13,0.58266498784,8.52667,2.48209,234747.72785837742,0.011866680010727437,0.012178378080907715
MYB,1891-02-26,0.18008471884,8.57167,2.3842080914454775,75532.29916723407,-0.46387832357220804,-0.48492774343350586
MYB,1892-02-18,0.18694766324,9.23928,2.48209,75318.64809092338,0.06839511688670097,0.06931361129821179
MYB,1893-02-24,0.19100572712,8.71137,2.48209,76953.58634054365,0.0439793539800295,0.04379311549124809
MYB,1894-03-09,0.19218402163999998,8.66042,2.48209,77428.30503325826,0.0060223798033560705,0.005916233717889963
MYB,1895-03-08,0.1924620074,8.72548,2.48209,77540.30168124444,0.0007751216311633335,0.0006970554189413836
MYB,1896-03-21,0.1888980626,8.50095,2.48209,76104.43722830358,-0.02017770825374976,-0.019935280773032193
MYB,1897-04-03,0.16514385732,9.13236,2.48209,66534.19389304981,-0.1136523027992491,-0.11455431953087258
MYB,1898-03-26,0.153494913,9.22048,2.15433,71249.48963250755,0.1986558456535259,0.383606009729486
MYB,1899-04-01,0.15972374288,8.78268,2.15433,74140.79685099312,0.036169329423275,0.03511814736529084
MYB,1900-04-14,0.16623633051999998,8.80238,2.15433,77163.81915491127,0.03362394301921445,0.031928546695553894
MYB,1901-04-13,0.15065615083999997,7.06489,2.15433,69931.78892741595,-0.09071462652058315,-0.09176274265299322
MYB,1902-04-26,0.18342045696,6.73272,2.1544768968539203,85134.56664485014,0.18270805355981845,0.17883955944019347
MYB,1903-05-09,0.18801911595999998,6.6696,2.15433,87274.98385112773,0.0182628115363197,0.017270283162241107
MYB,1904-05-01,0.17636588164,6.67053,2.15433,81865.76877265786,-0.028891630415201708,-0.030780536410261017
MYB,1905-05-07,0.16988467027999998,6.86978,2.15433,78857.31075554813,-0.01147054205989273,-0.009138947270534437
MYB,1906-05-20,0.1827021118,7.42771,2.219096861803959,82331.74267637734,-0.018305793504185153,-0.020933801766559235
MYB,1907-05-19,0.17657431844000002,6.65982,2.15433,81962.52126647264,-0.02041339618173721,-0.011974834373984389
SIN,1837-01-13,0.5192742136399999,6.7806,19.67567,26391.691547987946,0,0
SIN,1838-01-19,0.5036075616,7.45919,19.74202,25509.42414200776,-0.028792356351719395,-0.03059393788366438
SIN,1839-01-25,0.51283471824,7.44097,19.86917,25810.57579355353,0.014095871822815464,0.009008951474781757
SIN,1840-01-31,0.6186558742,8.27976,19.98906,30949.723208595104,0.19712463259961832,0.19272623549320067
SIN,1841-02-06,0.6222980004800001,7.55308,20.02009,31083.676470984898,-0.0015077704379513612,-0.0032595994926268856
SIN,1842-02-12,0.61359358268,7.53892,20.04994,30603.26278682131,-0.0036034258236555816,-0.004732693906738139
SIN,1843-02-18,0.62802685556,7.5509,20.07534,31283.49784163058,0.02552779062397592,0.024943000752243538
SIN,1844-02-24,0.6345687259599999,7.56251,20.08479,31594.491451491398,0.006297214280949648,0.005606427346475762
SIN,1845-03-02,0.6425649645999999,7.5814,20.10414,31961.823017547624,0.011902376683708082,0.011229304376612514
SIN,1846-03-08,0.64706015296,7.56736,20.09914,32193.424841062853,0.004281184831771867,0.004270651385031243
SIN,1847-03-14,0.6253846253199999,7.53194,20.06511,31167.764608317622,-0.0087211672407016,-0.0075768957775113055
SIN,1848-03-20,0.60165370512,7.55112,20.0181,30055.48504203696,-0.025719745847090802,-0.023619842930486024
SIN,1849-03-26,0.6019379953599999,7.58,19.95925,30158.347400829185,-0.0011875151248437188,0.0005716832818805084
SIN,1850-04-01,0.61560485688,7.57701,19.88023,30965.680823612198,0.004693773361799547,0.00827349928265253
SIN,1851-04-07,0.61868235364,8.32144,19.82997,31199.359032817498,-0.010140049977203636,-0.006936827859410077
SIN,1852-04-13,0.6092603410399999,7.60921,19.80099,30769.185835657714,-0.0258519510060502,-0.024774332513642694
SIN,1853-04-19,0.70344228032,6.9882,19.89477,35358.15092710295,0.14227010315309552,0.13764033156835764
SIN,1854-04-25,0.79895284404,7.74184,20.05306,39841.94153111795,0.12583873327841677,0.1194773812488068
SIN,1855-05-01,0.7954126387999999,7.60549,20.20941,39358.52846767916,0.016571190709709915,0.010290400398618393
SIN,1856-05-07,0.79594448856,7.70611,20.28993,39228.54778503425,0.007139834520454302,0.0041478529417786625
SIN,1857-05-13,0.7687863144,8.34472,20.42791,37634.11501225529,-0.031851876302264825,-0.036798536677304705
SIN,1858-05-19,0.8285002284,8.28135,20.56549,40285.94642772917,0.036195730383594915,0.030854539372399126
SIN,1859-05-25,0.80462146544,8.32421,20.72216,38829.034494473555,-0.006708072309165258,-0.012034785795476344
SIN,1860-05-31,0.77860738748,8.21877,20.85209,37339.53706702781,-0.021895450754839563,-0.026827691787680075
SIN,1861-06-06,0.83902876096,8.23058,20.982750000000003,39986.59665487126,0.03448336705520072,0.029538468019986608
SIN,1862-06-12,0.88215324028,8.23033,21.11723,41774.09822595104,0.051547302538055284,0.046701527698402856
SIN,1863-06-18,0.8823441920799999,8.32538,21.193929999999998,41631.92914575069,-0.02789864199532177,-0.030557277926154147
SIN,1864-06-24,0.9565880875199999,7.77392,21.32524,44857.084258840696,0.05211091133393997,0.047015682178782825
SIN,1865-06-30,0.9186123351600001,7.64078,21.40128,42923.24268268066,-0.02196867528325719,-0.024590397790434038
SIN,1866-07-06,0.94018063724,7.68102,21.47028,43789.86381360653,0.013414742500726495,0.010943091255000148
SIN,1867-07-12,1.0136428047200001,7.76246,20.15756,50285.98722861299,0.08179511147767471,0.15289389012686105
SIN,1868-07-18,0.9978015907600001,7.88368,20.21019,49371.21277731679,-0.022710020241160644,-0.024700942234977652
SIN,1869-07-24,0.95693604292,8.1311,21.44306,44626.841641071755,-0.0023944923463187218,-0.044055436731362696
SIN,1870-07-30,0.90073106604,8.45194,21.60593,41689.06712370169,-0.05609912989917076,-0.061298570328213065
SIN,1871-08-05,0.9462601746,7.72124,21.7384,43529.430620468855,0.055046015576505125,0.04966480520786187
SIN,1872-08-11,0.97913452572,8.41407,21.8478,44816.161156729744,0.010131186271284509,0.006246886795223228
SIN,1873-08-17,1.00523433868,8.46607,21.98091,45732.15297637814,0.04230267370230245,0.03783093762689593
SIN,1874-08-23,0.9925034407600001,8.304,22.10947,44890.42210238418,0.005332097825179405,0.0006675976309993281
SIN,1875-08-29,0.9597392454,8.16878,22.22163,43189.41704096414,-0.027672006417551964,-0.03133731745696544
SIN,1876-09-04,0.97527369888,8.14083,22.32682,43681.71100407492,0.011484390140825473,0.0079343542829724
SIN,1877-09-10,0.99495110312,8.14579,22.42001,44377.81709820825,0.01906203088004177,0.015768267994337837
SIN,1878-09-16,1.0400173576,8.1575,22.5202,46181.53291711441,0.022217386547110474,0.01908868852414769
SIN,1879-09-22,1.0686131794,8.2421,22.60265,47278.22531428837,0.028866422545155146,0.025788508800038246
SIN,1880-09-28,1.14698951484,7.9364,21.24084,53999.25402385217,0.04339376270136319,0.08422157279134534
SIN,1881-10-04,1.08097759744,7.36925,22.51731,48006.51576231797,-0.09266756123407571,-0.1160359027660377
SIN,1882-10-10,0.9782071286,8.35895,22.63472,43217.10754981727,-0.07536033998803326,-0.07920336450893717
SIN,1883-10-16,1.02351261688,8.32346,22.77044,44949.18046730761,0.0236722302643515,0.019052694596021214
SIN,1884-10-22,1.0093155202,8.30556,22.91164,44052.52178368725,-0.006272307210600903,-0.010710737071527587
SIN,1885-10-28,1.15117749552,7.83316,23.02076,50006.05955320329,0.12450364151801385,0.12029977218777477
SIN,1886-11-03,1.19027416092,8.01486,23.13384,51451.64663194696,-0.0034910136587787965,-0.0073848998813332845
SIN,1887-11-09,1.2196198326,7.97643,23.22687,52509.004984313426,0.017763129004876976,0.014700571070950907
SIN,1888-11-15,1.17080116712,8.80427,23.33154,50181.049648673004,-0.0270338405425965,-0.030137982292750554
SIN,1889-11-21,1.21687443176,7.94019,23.4965,51789.6040584768,0.11912613207241929,0.1136989838879292
SIN,1890-11-27,1.7246681108800002,9.61763,23.51491,73343.59820556405,0.25910649907304495,0.25905818298147176
SIN,1891-12-03,3.0009891288,10.10379,21.4988,139588.68070776045,0.42561301574902344,0.4950589552240865
SIN,1892-12-09,4.1009013006,10.64431,23.923420000000004,171417.85332531887,0.25760696069116973,0.14820136525481709
SIN,1893-12-15,6.1187435218,10.38761,24.1643,253214.18463601262,0.2579769452573759,0.24836386890173112
SIN,1894-12-21,5.82392674448,10.55275,24.44971,238200.23814106587,-0.10056376970441316,-0.10862555745907954
SIN,1895-12-27,6.28142626176,9.7997,24.6471,254854.5776890588,0.04628451930980049,0.039810456292193486
SIN,1897-01-02,5.852472268760001,10.16528,24.8451,235558.41066286716,-0.0765407696680328,-0.08215864761935276
SIN,1898-01-08,6.18449829868,10.33859,25.0447,246938.4060771341,0.06307509242801568,0.056843509107926904
SIN,1899-01-14,6.4552023286399995,10.34224,25.23431,255810.534492126,0.06874019343049431,0.06255531853321661
SIN,1900-01-20,6.32083021284,10.29391,25.41421,248712.4413011461,0.008028724228132944,0.002775509389622677
SIN,1901-01-26,6.56594724916,10.28514,25.61556,256326.5159598307,0.024850930109048486,0.018787577971770775
SIN,1902-02-01,6.52386692204,9.4445,25.68108,254033.97840121985,0.004764635384086668,0.002562049581675385
SIN,1903-02-07,5.5217495548799995,9.91715,25.55685,216057.51706020106,-0.13370001578473767,-0.12992840771519198
SIN,1904-02-13,5.66901208744,10.50767,25.58284,221594.32210966412,-0.014563529471407488,-0.015288218453801128
SIN,1905-02-19,5.781327528599999,10.59211,25.71929,224785.65810331466,0.021170882211769326,0.016922049041470766
SIN,1906-02-25,5.89301440468,11.04344,25.94486,227136.10343937104,0.050452401630304955,0.04364069675553739
SIN,1907-03-03,6.44049633448,11.3929,26.21068,245720.306931373,-0.10719128360819608,-0.11418220426425973
SIN,1908-03-09,4.4103015918,11.19588,26.5081,166375.6207272494,-0.2856848606197233,-0.2917377215611411
SIN,1909-03-15,5.510796822440001,11.56524,26.69545,206432.0632332476,0.32126927083681434,0.3850420051466359
SIN,1910-03-21,4.91525469916,12.1382,26.92002,182587.33459930564,-0.1457963399340657,-0.1515254490151028
SIN,1911-03-27,4.695785966040001,12.10449,27.27466,172166.61788047955,-0.06214063536786152,-0.07133274953664237
SIN,1912-04-02,6.52940656004,11.7008,27.58391,236710.6969258528,0.36213862601180424,0.35043993048325706
LIB,1837-01-13,0.27567423312,6.79921,3.7784999999999997,72958.6431441048,0,0
LIB,1838-01-19,0.2671006052,6.88765,3.7880800000000003,70510.81423834765,0.003711455871328706,0.001820218804979623
LIB,1839-01-25,0.30247590931999996,6.64275,3.7968299999999995,79665.3812048472,0.12148556403020128,0.11945335413535063
LIB,1840-01-31,0.29698512948,6.7728,3.7996100000000004,78162.0033319209,-0.01750296543334262,-0.01780860880992008
LIB,1841-02-06,0.30205929051999997,6.71057,3.80469,79391.30139906274,0.010267823064673776,0.009227787960471856
LIB,1842-02-12,0.32401952128,5.99247,3.7768800000000002,85790.26108322213,0.03792057475229882,0.043935118568031006
LIB,1843-02-18,0.33484142015999996,6.88268,3.7817,88542.5655551736,-0.003621058037075131,-0.004506141394085339
LIB,1844-02-24,0.33683460200000004,6.9281,3.78957,88884.64970959767,0.0021228573084040026,0.000512123246915408
LIB,1845-03-02,0.31659937868000004,6.93988,3.7971199999999996,83378.81833600203,-0.049730037691096296,-0.05121885436046225
LIB,1846-03-08,0.33621953612,7.64531,3.8106799999999996,88230.85016847387,0.04721264385064727,0.044529338199795765
LIB,1847-03-14,0.36391745779999995,7.66792,3.82922,95036.96778978486,0.03475193661724596,0.030868907569272963
LIB,1848-03-20,0.35303554051999997,7.0983,3.84432,91833.0265222458,-0.006633676564721469,-0.009570561371339048
LIB,1849-03-26,0.32494459296,6.14776,3.8472200000000005,84462.18125295667,-0.03079342437542676,-0.03142150136871358
LIB,1850-04-01,0.4168681348,6.3205,3.84345,108461.96380855743,0.11738036474510705,0.11791331853706488
LIB,1851-04-07,0.46294615588,3.45246,3.82103,121157.42506078204,0.11695968687608849,0.1218490508237473
LIB,1852-04-13,0.2523357356,3.21581,2.8221,89414.17228305164,-0.2999383770709989,-0.05671726297933399
LIB,1853-04-19,0.3080047438,4.9261,3.6919100000000005,83426.93722219663,-0.22588890365637626,-0.4125616404187703
LIB,1854-04-25,0.48507613075999995,5.09796,3.73241,129963.249150013,0.42923246367839973,0.4195103443727055
LIB,1855-05-01,0.48894561144,5.02595,3.73058,131064.23436570186,0.06468872044135976,0.0669630287570886
LIB,1856-05-07,0.52433581044,7.99989,3.7251499999999997,140755.6233816088,0.08363424993895197,0.08495089094345731
LIB,1857-05-13,0.52023827024,8.19771,3.74193,139029.39665894338,0.0582409389842482,0.05477205442273725
LIB,1858-05-19,0.5515007316,8.28969,3.76376,146529.19729206964,-0.009616791899291655,-0.013984052927024648
LIB,1859-05-25,0.59909042128,7.83842,3.7795099999999997,158510.07704173293,0.08572775129753318,0.08245638144795531
LIB,1860-05-31,0.5092216578800001,8.10892,3.7944399999999994,134202.05824311363,0.017478188323639676,0.014528295956273585
LIB,1861-06-06,0.55309121868,8.20711,3.8820199999999994,142475.10797986618,0.040256459441978976,0.022963380642585962
LIB,1862-06-12,0.5544641804,8.12335,4.00384,138483.10132273016,0.037399823552017875,0.011522808900202408
LIB,1863-06-18,0.5687161989599999,8.38953,4.02635,141248.57475380928,0.023753609205107162,0.01928394494934249
LIB,1864-06-24,0.59893548312,8.98488,4.05572,147676.7338770921,0.05554278931409673,0.049600076165840834
LIB,1865-06-30,0.7063958974800001,9.57083,4.09281,172594.35387423311,0.08198119379878044,0.07471841332198603
LIB,1866-07-06,0.78941895708,10.33183,4.13474,190923.48178603733,0.16442639084198207,0.15542423539389305
LIB,1867-07-12,0.81831839076,10.71046,4.17751,195886.63839464178,0.04694167372141078,0.0388895900445303
LIB,1868-07-18,0.91927789356,10.43536,4.21809,217937.00313649068,0.08462514670062582,0.07682131565985673
LIB,1869-07-24,0.8686050984,9.66866,4.25608,204085.70759948122,-0.049381709500156634,-0.05592994289022979
LIB,1870-07-30,0.67514753124,9.62394,4.29338,157253.1504874947,-0.11627584006088865,-0.12201565604822018
LIB,1871-08-05,0.74960869984,9.65546,4.33218,173032.67635232146,-0.035477149667611396,-0.04192828398228188
LIB,1872-08-11,0.7517334567599999,9.34489,4.37304,171901.80212392294,-0.004492271876506915,-0.011569492601130271
LIB,1873-08-17,0.53358247488,9.03216,4.36901,122128.92048313003,-0.26580946477083767,-0.26634399873034065
LIB,1874-08-23,0.60312252052,10.57271,4.36052,138314.357122545,0.11566564785811684,0.11692295442235157
LIB,1875-08-29,0.31372033264,10.18097,4.32444,72545.88632054091,-0.3491471805603614,-0.3451313198431495
LIB,1876-09-04,0.72669227488,10.37217,4.29256,169291.11646197143,1.0050761820279934,1.0164549512630665
LIB,1877-09-10,0.95373119296,10.80846,4.29807,221897.5477272357,0.22782398361870304,0.22664808030640837
LIB,1878-09-16,0.9412705057599999,10.92316,4.32849,217459.32317274614,-0.012102447231919888,-0.01733884560624699
LIB,1879-09-22,0.96449761356,11.03502,4.37847,220281.88238357235,0.05406959858912597,0.04503868028714497
LIB,1880-09-28,1.0740449158399998,11.70297,4.44394,241687.53759951756,0.08897409494091901,0.07675313684810914
LIB,1881-10-04,1.03335564696,11.93951,4.51676,228782.5005003587,-0.0867240292058662,-0.09778184832148584
LIB,1882-10-10,1.03539783828,11.17176,4.59497,225332.88319183805,0.006537902603075629,-0.006557644666938978
LIB,1883-10-16,1.04477108424,11.15719,4.66492,223963.34433173557,-0.013874182826402959,-0.02504756368072547
LIB,1884-10-22,1.02843582504,11.09268,4.73812,217055.67293356857,-0.023112428897683945,-0.034382450299294764
LIB,1885-10-28,1.08559008324,11.24575,4.8114,225628.7324354658,0.03590313359416841,0.02388796530313808
LIB,1886-11-03,1.09645773276,11.30042,4.88777,224326.7855811546,0.0020558013209608372,-0.009785909741387488
LIB,1887-11-09,1.1521473870399999,11.96628,4.96703,231959.01515392496,0.03522625468527596,0.022881737918276635
LIB,1888-11-15,1.30377708812,12.01985,5.38918,241924.9474168612,0.08794651636917106,0.022175788809761565
LIB,1889-11-21,1.348953502,12.16986,5.48338,246007.66352140467,0.0025008324190995967,-0.010473170619939798
LIB,1890-11-27,1.2916518082000001,12.28059,5.58011,231474.25556127029,-0.02069182540305714,-0.03356968746581923
LIB,1891-12-03,1.4416330656,12.27162,5.67889,253858.2479322544,0.07367497975224713,0.05950495226105068
LIB,1892-12-09,1.49793556588,12.52703,5.78152,259090.26793645957,0.025151513048081053,0.011579889057196091
LIB,1893-12-15,1.6385133492000001,13.07798,5.88409,278465.0386380902,0.0904793662539114,0.07603262125428856
LIB,1894-12-21,0.41982130216,11.13346,5.97451,70268.74206587653,-0.6880386976027036,-0.6916115757464372
LIB,1895-12-27,1.42346072232,11.76272,6.05968,234906.91295910013,1.9584948322021138,1.9272439304589133
LIB,1897-01-02,1.5289045356000002,12.78187,6.16899,247837.09093384817,0.029135941946354382,0.015255485932436974
LIB,1898-01-08,1.6400566098799998,12.81945,6.28647,260886.73132616555,0.07442177415272133,0.059244920809632395
LIB,1899-01-14,1.69279997484,13.02963,6.40429,264322.8171803588,0.03894138489992449,0.024418060210661396
LIB,1900-01-20,1.81027901704,13.20361,6.51668,277791.60815630044,0.0438977038227637,0.0302999815279954
LIB,1901-01-26,1.89229703468,13.1476,6.62305,285713.83798703016,0.031429128002690376,0.018790621632297277
LIB,1902-02-01,1.8266102634,13.27979,6.72072,271787.88335178373,-0.027983551006520058,-0.03864540869524746
LIB,1903-02-07,1.8605197473200001,13.49351,6.81883,272850.2906393032,-0.05260917763942996,-0.06293656873370246
LIB,1904-02-13,1.76172069372,13.81133,6.92363,254450.43910780907,-0.0387096523813909,-0.04967265979045854
LIB,1905-02-19,1.87977409724,13.80391,7.031310000000001,267343.36805517034,0.0676016492057101,0.05521217058927208
LIB,1906-02-25,1.7926823480799998,13.28526,7.1343,251276.5580477412,-0.03858109434724444,-0.049236799812356624
LIB,1907-03-03,1.70022430656,13.2716,7.23313,235060.65929410918,-0.08234778937598652,-0.09178279958933144
LIB,1908-03-09,2.10762639672,13.39321,7.33024,287524.88277600735,0.18226411200656134,0.17038665401834052
LIB,1909-03-15,2.16975279092,13.78814,7.43116,291980.3625436675,0.0039467084036937106,-0.006345104804134749
LIB,1910-03-21,2.17404786664,13.85845,7.80293,278619.42458025384,0.020479627197381278,-0.019356314588510504
LIB,1911-03-27,2.39631314988,13.69947,7.9742,300508.2829475057,0.05565004733743595,0.0417010328819849
LIB,1912-04-02,2.5277190666,14.06048,8.10741,311778.8623740504,0.023775859501577123,0.01099161137277127
D08,1893-09-01,1.13172593352,8.94441,18.3886,61544.97533906877,0.1054619647812407,0.1076342939184094
D08,1894-09-14,1.35068279528,8.88797,18.3886,73452.18207367609,0.15949589039090095,0.1593534124457623
D08,1895-09-13,1.55389555984,8.81406,21.993167015442133,70653.56066040686,0.04212186016203456,-0.0386619928302363
D08,1896-09-26,1.81626639012,8.94749,19.91439,91203.71701668995,0.0825158362636853,0.07371513794491813
D08,1897-10-09,2.07398771476,8.92437,19.979757103459825,103804.4508759746,0.09008546245672733,0.08055645387255961
D08,1898-10-01,2.74507197796,8.88152,19.91439,137843.6385929973,0.23446500229446143,0.23150596394755807
D08,1899-10-07,3.0606867272800002,8.6735,20.658583015709088,148155.69513904265,0.04299277915724553,0.039420732679390946
D08,1900-10-20,3.7134628882,9.63432,19.91439,186471.33495929325,0.13138823268156985,0.13007051381651968
D08,1901-10-19,4.31680561624,9.40648,19.91439,216768.15690764316,0.13515557755625918,0.13295390568231613
D08,1902-11-01,4.4122714074400005,9.53437,24.18782,182417.07634007532,0.045258043006283666,-0.14078203010542867
D08,1903-11-14,4.30722343792,8.85374,24.124740981746235,178539.67597741346,-0.05832112416054169,-0.05723875502870901
D08,1904-11-06,4.40248017612,9.01652,24.18782,182012.27626631918,0.018344085665099152,0.014552398275566203
D08,1905-11-12,4.81145159664,9.02798,24.18782,198920.43171480525,0.08540891387043881,0.08599217465005915
D08,1906-11-25,5.0080691856,10.40034,24.18782,207049.21673801114,0.023570317608682334,0.03131508508111924
D08,1907-11-24,5.16906954096,10.39671,24.18782,213705.4741171383,-0.01881013130571285,-0.021634441371757518
D08,1908-12-07,5.0247684942,10.30523,24.18782,207739.6182954892,-0.034670947002925945,-0.03685305854641774
D08,1909-12-20,4.81784592796,10.81177,24.18782,199184.79333648094,-0.03201980115819847,-0.04209739736432572
KON,1889-04-18,0.42997769464,8.28561,17.63186,24386.40589478365,-0.0009394355232196228,-0.0011380968134436786
KON,1890-05-01,0.44474211444,8.30168,17.63186,25223.777550411585,0.06263428499069423,0.0805780753799854
KON,1891-04-30,0.47798225696,7.5336,17.63186,27109.009313821687,0.08250291842043,0.09310419280780269
KON,1892-05-13,0.47575273928,7.9708,19.381475649478787,24546.775894888793,-0.010659628191610815,-0.053264009326243866
KON,1893-05-26,0.4626292762,8.64454,18.39195,25153.90027702337,-0.033450080865442655,-0.033863098906638855
KON,1894-05-18,0.47363542876,8.56445,18.39195,25752.322551986057,0.021972550552406878,0.021919751152251532
KON,1895-05-24,0.4797939822,8.35504,18.39195,26087.17304037908,0.01038717390722943,0.01048131840563582
KON,1896-06-06,0.45783769928,8.15594,19.470578743032245,23514.334387407056,-0.028448435366227875,-0.07488523506184341
KON,1897-06-05,0.4861980474,8.30521,19.30605,25183.714296813694,0.0538647495429494,0.04998416805713379
KON,1898-06-18,0.4870181914,7.47436,19.30605,25226.1954879429,0.2457241851412122,0.22907092863147138
KON,1899-07-01,0.46047656668,8.79132,19.30605,23851.4127270985,0.021492152971120948,0.03361008406911914
KON,1900-06-23,0.45079987628,9.2932,20.08012,22450.058878134194,-0.004288543088477814,-0.041868817042349016
KON,1901-06-29,0.44527781376,9.24488,20.08012,22175.05740802346,-0.03157025423021009,-0.020167460270409165
KON,1902-07-12,0.43111526588000004,8.42176,20.08012,21469.755453652666,-0.021223234844643835,-0.020717217740120364
KON,1903-07-11,0.43559551308,8.36012,20.07699310977672,21696.252556259624,0.00743772111565888,0.00737535076196183
KON,1904-07-24,0.44230876924,8.31321,21.25482,20809.810162589005,0.014639486059028428,0.00153532818703761
KON,1905-08-06,0.4945715372,5.72779,21.99726,22483.324614065572,0.10100685646095786,0.06121738269093879
KON,1906-07-29,0.4075628518,9.24098,21.99726,18527.891737425478,-0.22904466458619166,-0.22446782864503068
KON,1907-08-04,0.4634911918,10.70159,22.26262478262745,20819.251832411217,0.10262258940923563,0.1032960711956512
KON,1908-08-17,0.46646114216,10.40496,21.99288,21209.643400955218,0.01509592255498804,0.015838034968250314
KON,1909-08-16,0.49208155776,9.91872,21.99288,22374.584763796283,0.13451211704578991,0.12864595078034324
KON,1910-08-29,0.51800221616,9.48899,21.99288,23553.177944862156,0.024871000851375502,0.027347782624706607
KON,1911-09-11,0.5332723136,9.72456,22.21192725744539,24008.376554594033,0.034331470814726206,0.03448235452132997
D00,1883-03-06,2.858842675,10.21746,83.97071379214314,34045.711247335996,0.05463367303418365,0.04824418982641632
D00,1884-03-19,2.77789533632,9.86325,81.51716999999998,34077.42609710323,-0.039636173273222775,-0.03597296792822602
D00,1885-03-18,3.36055034536,9.72978,81.51717,41225.0614853288,0.038805816249554814,0.035393715103015255
D00,1886-03-31,4.02355468528,9.83699,81.51717,49358.37057738879,0.27313444646908236,0.2718415914809851
D00,1887-04-13,4.383785913,9.86931,89.72911327806288,48855.781059766196,0.07972689421753221,-0.0003788859545162948
D00,1888-04-05,3.78529312408,9.88354,88.94811,42556.1951128585,-0.09466204439332226,-0.08851850470767009
D00,1889-04-11,3.40128500556,9.81126,88.94811,38238.98007006557,-0.07796964932728401,-0.07973847904238607
D00,1890-04-24,3.61347921428,9.78268,88.94811,40624.575545000334,0.048350898181996005,0.043128931661781555
D00,1891-04-23,3.36538667816,9.76756,94.84358,35483.54752277381,-0.016492837406316685,-0.05303615718400878
D00,1892-05-06,3.5715259190000004,10.08373,94.84358,37657.012936458115,0.01911622266405777,0.017237240703030565
D00,1893-05-19,3.8468156142,10.06169,98.38788,39098.470403061845,0.08294436045646947,0.06280652884814053
D00,1894-05-11,4.10643785604,10.00789,98.97971,41487.67314068712,0.05815170983157336,0.051497937776370906
D00,1895-05-17,4.18680531984,9.94319,101.75264999999999,41146.89219239008,0.00476623755012473,-0.010436816165646401
D00,1896-05-30,4.77817444104,9.85843,103.36251,46227.345301889436,0.12025425044080018,0.10129816595846863
BUK,1855-06-05,0.64501634132,6.77098,15.940269999999998,40464.5806702145,0.07756041549010084,0.07121162226344468
BUK,1856-06-18,0.6426880579600001,6.78733,15.94027,40318.517688847176,-0.004758673762065513,-0.0046964947146083125
BUK,1857-06-17,0.7616543142000001,6.78998,15.94027,47781.76995747249,0.04249213482904235,0.05964090847738612
BUK,1858-06-30,0.6462122274400001,6.79116,15.957756278219986,40495.18091224301,-0.13371719020569295,-0.11817664821984819
BUK,1859-07-13,0.8575540849200001,6.80064,16.56279,51775.94384279461,0.0937252928693455,0.06958214251421602
BUK,1860-07-05,0.66957202364,6.78635,16.6688,40169.17976339028,-0.20236487460403274,-0.19948330503466527
BUK,1861-07-11,0.66441680084,6.76348,16.6688,39859.90598243425,-0.003235818062535145,-0.0030165238456784094
BUK,1862-07-24,0.6748896450399999,6.05068,16.67678947747924,40468.79922249952,0.1335675395204785,0.13155574731329067
BUK,1863-07-23,0.6498397958,6.68906,16.6688,38985.39761710501,-0.027497139701372575,-0.026546563522206634
BUK,1864-08-05,0.70233573124,7.94965,16.877085955630665,41614.751094259926,0.08713137399620718,0.08500948387377116
BUK,1865-08-18,1.04656267612,6.79436,16.6688,62785.72399452869,0.43028318466291426,0.4385650982484568
BUK,1866-08-10,0.70540563912,7.97545,17.60422,40070.25810402278,-0.12562304542790537,-0.1695950647065756
BUK,1867-08-16,0.68877749408,7.57521,17.60422,39125.70361424703,-0.1822713400686652,-0.17937177549402794
BUK,1868-08-29,0.7003846553599999,7.45307,17.411408714754685,40225.61682596559,0.1542509028266268,0.18156225864402065
D03,1882-10-03,1.5098484221600001,8.34211,19.44672,77640.26129650656,0.034459956535082714,0.029802966799880037
D03,1883-10-09,1.54187369388,8.22087,19.65636,78441.46596216186,0.025995131720843556,0.017941976504900925
D03,1884-10-15,0.46681970088,11.7893,2.45539,190120.38856556395,-0.6819079759413464,1.5507475360817828
D03,1885-10-21,0.04887491544,7.68129,2.33344,20945.43482583653,-0.8906430111880945,-0.8860957680839615
D03,1886-10-27,1.36175920972,8.18639,18.60829,73180.24438140205,25.092150631177894,2.2477971903215694
D03,1887-11-02,1.3625790427600002,9.91141,18.93269,71969.64841023648,-0.022610475365544724,-0.0358538350991775
D03,1888-11-08,1.2008920804399998,9.3883,19.42442,61823.832085591224,-0.0830820000034127,-0.1008616534777077
D03,1889-11-14,1.29493232336,9.50352,19.83323,65291.045551329764,0.10231833465574014,0.08459932054641328
D03,1890-11-20,1.31453682984,9.69074,20.39302,64460.13537180859,0.010601712871484592,-0.010784639224628356
D03,1891-11-26,1.21116396284,9.85812,20.98539,57714.627311667784,-0.01717359433736587,-0.03856743190856193
D03,1892-12-02,1.33596027292,9.78482,21.57267,61928.36922457906,0.08613922087285619,0.06303804351792719
D03,1893-12-08,1.32913983748,9.99966,21.93932,60582.544831836174,0.030365212233711025,0.017244148084696986
D03,1894-12-14,1.42846036424,9.92504,22.29768,64063.18344509384,0.04541413615416756,0.03205980290510535
D03,1895-12-20,1.52285132012,9.95954,22.60713,67361.55010034445,0.061073831491698094,0.04985601511602744
D03,1896-12-26,1.7687492622799998,10.05563,22.92468,77154.80705859362,0.12356565010140796,0.111729775010313
D03,1898-01-01,1.9452456457199998,9.96483,23.25456,83650.07317790574,0.026104630062498524,0.014894880825542245
D03,1899-01-07,1.7525678513199998,10.5148,24.02787,72938.9601042456,-0.06714689747093538,-0.09125236124401037
D03,1900-01-13,1.84102992944,10.33447,24.58871,74872.97745347358,0.03248580813721902,0.014072585492204803
D03,1901-01-19,1.87246356024,10.61625,24.9602,75017.97101946299,-0.01831761622247774,-0.029823234588182257
D03,1902-01-25,2.01385310672,10.73559,25.29394,79618.00758284396,0.026520630169627024,0.016421747737392245
D03,1903-01-31,2.06878141652,10.93834,25.79844,80190.17492995701,0.011583566697141112,-0.005269094961205423
D03,1904-02-06,2.305248478,11.40355,26.540160000000004,86858.87643480672,0.09388567436616446,0.07015522739884195
D03,1905-02-12,2.5635995075599998,11.54878,27.053830000000005,94759.20812542991,0.07839505283235781,0.06293269194762408
D03,1906-02-18,3.05885832876,11.51973,27.56674,110961.9174686597,0.1394691303774369,0.12328929084543194
D03,1907-02-24,3.20573806176,11.40945,28.4294,112761.36892653379,0.026743429018276865,0.000695227185802505
D03,1908-03-02,3.36328439512,11.24427,29.17076,115296.42680272985,0.025697551995016,0.00307367814912074
D03,1909-03-08,3.4205988258000004,11.22243,29.74868,114983.21356779529,-0.014895712393780403,-0.026896645821541276
D03,1910-03-14,3.5039097912,11.59974,30.1628,116166.59564761892,0.017267791869360005,0.006712699486821627
D03,1911-03-20,1.04464101508,12.72228,15.22782,68600.8250084385,-0.6841092003307592,-0.370137296637996
D03,1912-03-26,0.91039581152,13.52076,15.40743,59088.10304638736,-0.09126787157044303,-0.09909705411474112
PEU,1837-01-13,0.64012462956,8.16695,8.515833881388161,75168.75487191322,0,0
PEU,1838-01-26,0.43387712004,8.10736,8.666,50066.59589660743,-0.1422046475579054,-0.11608000022631937
PEU,1839-01-25,0.43704673688,8.30898,8.666,50432.34905146549,-0.005062209092340342,-0.005609569898412103
DEI,1837-01-13,6.93749371796,7.77605,96.06979,72213.06217032431,0,0
DEI,1838-01-19,7.09161609884,7.99857,97.06334999999999,73061.72823048041,0.05128130178404611,0.043144172739803865
DEI,1839-01-25,7.3092468956,8.20044,98.01964,74569.20771796347,0.03078748956055799,0.023076875618216253
DEI,1840-01-31,7.6862758414000005,7.99015,99.17908,77498.96290024066,0.04290839142747771,0.033761883058538666
DEI,1841-02-06,7.76050664688,7.58517,100.01048,77596.9343100843,-0.004478996295378845,-0.010860277457676482
DEI,1842-02-12,7.56921223136,7.50616,100.68617,75176.28519746057,0.05015572266202284,0.044924710672974655
DEI,1843-02-18,8.21646088536,7.61213,101.50346,80947.59415452438,0.10968711943141973,0.10290546499387476
DEI,1844-02-24,7.86813312012,7.69507,102.28250999999999,76925.49899410956,-0.07836497357945549,-0.08374961600907582
DEI,1845-03-02,8.0332749172,8.00195,103.33901999999999,77737.09211873695,0.03825035786007258,0.029616009894695594
DEI,1846-03-08,7.79933941124,7.89687,104.19378000000002,74854.17470447852,0.004842725518355628,-0.0013652773244540173
DEI,1847-03-14,7.73991675132,7.91835,105.00946,73706.85223331307,-0.026350514981950846,-0.03216837340399237
DEI,1848-03-20,7.988818874920001,7.36966,105.78856,75516.85054527635,0.019605762398962945,0.014130559813685384
DEI,1849-03-26,7.6692066334,7.4047,106.69882,71877.14572101172,-0.007794144501914735,-0.01483357747084535
DEI,1850-04-01,7.8151645026,7.33165,107.32704000000001,72816.36112017996,-0.009780280317120638,-0.014219611612317773
DEI,1851-04-07,8.293547716479999,7.48178,107.98448,76803.14538237346,0.014997782573015428,0.010519683622579601
DEI,1852-04-13,6.99381288892,7.24256,108.78026,64293.03339521343,-0.1222200598739509,-0.12762857477157052
DEI,1853-04-19,5.19175446868,7.76143,109.69981,47326.92307014934,0.0669577760241864,0.06034468527175507
DEI,1854-04-25,6.400651577840001,8.77459,111.30186,57507.139394076614,0.060767701766153204,0.04957336555658909
DEI,1855-05-01,7.30856009364,9.48912,112.91534,64726.015912806884,0.10350350335203862,0.09129760569431844
DEI,1856-05-07,7.59178260204,9.35471,114.80368,66128.39067562991,0.01866687936115108,0.006050782965065116
DEI,1857-05-13,7.45878681912,9.31097,117.1981,63642.557508355516,0.015098934487548954,-0.0008049925051206719
DEI,1858-05-19,8.11738031416,9.70157,119.08727,68163.29162772813,0.00783146903161458,-0.004486443363125203
DEI,1859-05-25,8.46501236256,9.84039,120.90588000000001,70013.23974119373,0.026127489970863005,0.014876911384350988
DEI,1860-05-31,8.11779131748,9.65399,123.14505000000001,65920.56536157969,-0.08096444178429385,-0.09309377377709893
DEI,1861-06-06,8.71858205244,9.52281,124.90714,69800.50982225676,0.10171047496125474,0.08977462086998522
DEI,1862-06-12,9.35517588668,9.51337,126.64985999999999,73866.45264890147,0.010238300583029325,0.00042027094925023434
DEI,1863-06-18,9.89591479604,9.38669,128.1743,77206.70053232201,0.04903391492679554,0.039431190435244456
DEI,1864-06-24,10.364577928640001,9.214,129.69756,79913.4380680716,0.01893452501912729,0.009780085015438367
DEI,1865-06-30,10.16072139888,8.96314,131.46661,77287.46788922297,0.003928623302850376,-0.006752777995309267
DEI,1866-07-06,10.86482912944,9.16258,133.64277,81297.5451604303,0.061795183717188396,0.05262156908724136
DEI,1867-07-12,11.385527720319999,9.12353,134.83658,84439.45790022262,0.020201043271592667,0.013431938039330849
DEI,1868-07-18,11.1417448246,8.89763,136.15017,81834.23365978904,-0.023395477883343396,-0.030302472402927272
DEI,1869-07-24,12.63340473044,9.14678,137.66331,91770.31069818095,0.10697246497907886,0.09701894895637198
DEI,1870-07-30,13.09143974424,8.56531,138.83513,94294.8643058857,0.02711576776630764,0.02103834081196232
DEI,1871-08-05,14.003558607999999,8.38294,143.49321,97590.39196349429,0.04875179935470597,0.01615064615777384
DEI,1872-08-11,14.91392498336,8.29476,144.44204,103251.96863295478,0.04259007101960521,0.03730418393343604
DEI,1873-08-17,15.164434134199999,8.29678,145.72592,104061.33743537182,0.001511408097752076,-0.0034668057343115732
DEI,1874-08-23,16.50198197856,8.36591,147.55361,111837.19584061686,0.06910907854646675,0.059376202763150365
DEI,1875-08-29,18.22773397588,8.504,148.41898,122812.6886189354,0.10714937407753644,0.10238631937234333
DEI,1876-09-04,18.562818569359997,8.58212,149.77275,123939.89273322416,0.025532280997297097,0.0186100523148216
DEI,1877-09-10,18.10608882264,8.50343,150.56906,120251.05836909656,0.020885023318233387,0.016594285696992506
DEI,1878-09-16,19.62598330472,8.58254,151.31632,129701.69579011702,0.03135670944931568,0.027793350777119308
DEI,1879-09-22,21.00981302888,8.33094,153.22592,137116.5728936723,0.047022087612536456,0.03518313937254258
DEI,1880-09-28,18.31635643864,7.30452,152.08303,120436.55652205244,-0.12945742337555166,-0.1249216868617471
DEI,1881-10-04,18.57130986984,8.27828,155.96133,119076.37534150292,0.0702639660562916,0.04589086534575815
DEI,1882-10-10,21.63822050468,8.405,156.37235,138376.2570856037,0.06627514116449329,0.06587518506777124
DEI,1883-10-16,21.39660734952,8.39492,167.69633,127591.38705969298,0.0006678904816685982,-0.014870897131898153
DEI,1884-10-22,21.809698124759997,8.45259,169.13431,128948.98808384886,0.033524565605913326,0.026280710398945306
DEI,1885-10-28,23.35100472848,8.57501,170.43382,137009.21993346157,0.039225241260626875,0.03263795746466602
DEI,1886-11-03,23.38961207336,8.51921,171.97470999999996,136006.11434879003,0.016986744887472982,0.009454551954385382
DEI,1887-11-09,24.901989194680002,8.54297,173.73233,143335.37801904805,0.04579965028933253,0.03835851917043254
DEI,1888-11-15,26.578442260760003,8.63835,176.04726,150973.33670947223,0.04978471760077019,0.04031659328308401
DEI,1889-11-21,26.68031968056,8.24993,178.51824,149454.30607292565,0.028695594286417103,0.01764483059485067
DEI,1890-11-27,29.95327035948,8.35591,179.81444,166578.78176791588,0.12577495023687635,0.12015954714753962
DEI,1891-12-03,21.140468481600003,7.95158,94.89519,222777.02886310677,-0.19139861660780833,0.3343752367440209
DEI,1892-12-09,21.35487648112,7.82506,95.07492,224611.03812782594,0.00475947518165265,0.003483060820909323
DEI,1893-12-15,37.05439271092,7.52039,180.09365,205750.68977123845,0.4533175666974263,0.07872909834607889
DEI,1894-12-21,40.99676449284,7.45494,181.38966,226014.89243014183,0.07282523386402295,0.06534404559595064
DEI,1895-12-27,41.257821995,7.65213,181.58091,227214.534804347,0.03824427785429885,0.037451866595743954
DEI,1897-01-02,44.13011481424,7.80202,181.95814,242528.93997619455,0.06215086346808674,0.06056757212412678
DEI,1898-01-08,46.023116152,7.97847,182.38537,252339.95551287915,0.03606098749610909,0.03443889947088752
DEI,1899-01-14,50.486151128399996,8.13143,182.87511000000003,276069.0130461165,0.0818517899831126,0.07967021675331809
DEI,1900-01-20,49.91677519816,8.211,183.25457,272390.3431066412,-0.0032093478022249267,-0.0047359352651697995
DEI,1901-01-26,50.8913703428,8.22803,183.91355999999996,276713.52967557154,0.027553006298587812,0.024846928664392642
DEI,1902-02-01,53.670858766719995,8.32558,184.34012999999996,291151.2472445365,0.05206346474357715,0.05018137007463053
DEI,1903-02-07,56.39034696568,9.63344,185.18417,304509.5429359864,0.06161700061863118,0.05795996188922725
DEI,1904-02-13,54.65661693908,9.86567,186.62721,292865.2094144257,-0.03799872359838541,-0.043547084320178064
DEI,1905-02-19,57.6671430712,9.79772,187.90238000000002,306899.48190757347,0.03516812451127094,0.029806672057604233
DEI,1906-02-25,51.20833088904,10.2923,189.22942,270615.0602218196,-0.1349952170566302,-0.13967323769743512
DEI,1907-03-03,50.05052250328,11.01184,191.67029,261128.22442789646,-0.015217838979863951,-0.025287967277055845
DEI,1908-03-09,55.49597339,11.67423,198.71523,279273.8804670382,0.09925252958197328,0.06339384864072395
DEI,1909-03-15,59.697120930720004,11.85735,201.29876,296559.8045945241,0.049852055833743414,0.039707981855054975
DEI,1910-03-21,62.81772386604,12.0455,203.96510000000004,307982.70814977656,0.06585772798140144,0.05532613178321588
DEI,1911-03-27,64.28504347616,12.5362,206.92667000000003,310665.81932701083,-0.001692395463864238,-0.0119828779808836
DEI,1912-04-02,68.58915316292,12.88947,213.31603,321537.73517592653,0.030374654498656728,0.00469261771619367
BIK,1837-01-13,0.08269948803999999,6.76209,3.8380799999999997,21547.098559696515,0,0
BIK,1838-01-19,0.07787766012,5.8871,3.89626,19987.79858633664,-0.04752427974672624,-0.05765367171992941
BIK,1839-01-25,0.08069736896,5.86957,3.9354700000000005,20505.141434187022,0.03099168743598346,0.02279388738504884
BIK,1840-01-31,0.08459092668,5.86732,3.9727300000000003,21292.895988400924,0.05057531114421043,0.04292326450941686
BIK,1841-02-06,0.08904853307999999,5.86501,4.03004,22096.190876517354,0.04575190746537161,0.0348620076537971
BIK,1842-02-12,0.082264793,5.86111,4.0853,20136.78138692385,-0.01965101735546748,-0.029921546211517325
BIK,1843-02-18,0.09215419408,6.61428,4.15116,22199.624702492798,0.016959702453286596,0.005271149763051763
BIK,1844-02-24,0.09553980436,5.81125,4.20999,22693.594132052567,0.019056293917809386,0.008102567731822052
BIK,1845-03-02,0.09699300988,5.80726,4.23185,22919.765558798164,0.03910198553268729,0.03561185209330264
BIK,1846-03-08,0.09837208264,5.80773,4.24802,23157.160898489175,0.004902182074281836,0.0021705301971122193
BIK,1847-03-14,0.09819305496,5.80795,4.26295,23034.06208376828,0.014874851004546219,0.012073916764204329
BIK,1848-03-20,0.10398275732000001,5.03407,4.27511,24322.82615418083,0.0759621077571222,0.07335334153593243
BIK,1849-03-26,0.10017606924,5.11611,4.27688,23422.69814444174,-0.03608761335389832,-0.03636024888702405
BIK,1850-04-01,0.10293519704,5.11433,4.31227,23870.304280576125,0.018326435811811592,0.011432009139702881
BIK,1851-04-07,0.10025177032,5.80065,4.34467,23074.657067165055,-0.04208187536167629,-0.04789580710352226
BIK,1852-04-13,0.10357146696000001,5.21879,4.35675,23772.644048889655,0.03765601065362234,0.03536861931133717
BIK,1853-04-19,0.09181795011999999,4.657,4.3608,21055.299513850667,-0.05237477941825974,-0.05314934228198065
BIK,1854-04-25,0.096800366,6.26164,4.37977,22101.70077424157,0.01610355187477297,0.012750995939428744
BIK,1855-05-01,0.0940476342,6.26098,4.39866,21380.97379656532,-0.024080150523168142,-0.02735533512889521
BIK,1856-05-07,0.09505240992000001,6.25872,4.41737,21517.873739351697,0.008175018895989039,0.004923065615055844
BIK,1857-05-13,0.11587277675999999,6.33787,4.43756,26111.821983252055,0.04939694630985003,0.04590096873776739
BIK,1858-05-19,0.1196779142,6.24513,4.45573,26859.328146005257,-0.0346855684716495,-0.0377322904766334
BIK,1859-05-25,0.11368479824000001,6.23152,4.46979,25434.035657156157,0.012200162484685695,0.009729393275228926
BIK,1860-05-31,0.118623011,7.10084,4.47089,26532.30363529409,0.05633057855675161,0.05673117439440856
BIK,1861-06-06,0.11493197715999999,6.2798,4.42944,25947.29292190435,-0.014023057306804088,-0.006015242236174334
BIK,1862-06-12,0.11269752208,6.18253,4.34145,25958.49821603381,0.02024137003815185,0.077029981873451
BIK,1863-06-18,0.12069495411999999,6.23622,4.28135,28190.863657491213,0.01948705512180271,0.029164837907788455
BIK,1864-06-24,0.15106504036,5.5437,4.51205,33480.35601555834,0.2830572381270111,0.22687130381710663
BIK,1865-06-30,0.1526624164,6.34467,4.46397,34198.799812722755,0.051771384531661635,0.06943761114574354
BIK,1866-07-06,0.22820648188,7.22657,4.70975,48454.054223684914,0.30253321749809703,0.24625492772031743
BIK,1867-07-12,0.22923760236,6.53382,4.74005,48361.85322095758,-0.014635954849035016,-0.019615904967966613
BIK,1868-07-18,0.20814664624,6.43932,4.68831,44396.946072252045,-0.05353092297838191,-0.048099737774938256
BIK,1869-07-24,0.1885608322,7.29945,4.65836,40477.943353454866,-0.06851813927372463,-0.06368362458630372
BIK,1870-07-30,0.16561058695999997,7.22058,4.61594,35877.976524824844,-0.12078276688621281,-0.11404416216610624
BIK,1871-08-05,0.14314170052000003,6.43489,4.62173,30971.454524604425,-0.09615248165125001,-0.09836149706691222
BIK,1872-08-11,0.1590584632,6.48583,4.64061,34275.3351822282,0.10272367677824512,0.09827275975979721
BIK,1873-08-17,0.16086650632,6.49639,4.68783,34315.772184571535,-0.00036225922693011725,-0.007988059562963223
BIK,1874-08-23,0.15776017088,6.48759,4.71672,33447.007852914736,-0.020915608867691726,-0.024924206129079196
BIK,1875-08-29,0.16587441208,6.4901,4.7386,35004.94071666737,0.006778975757241401,0.002817550407419711
BIK,1876-09-04,0.16545441484,7.24882,4.78506,34577.29157837102,-0.0070086012493114636,-0.013620788705421716
BIK,1877-09-10,0.1625011206,7.30709,4.83865,33583.97912640922,-0.049519137790371315,-0.05716173323301532
BIK,1878-09-16,0.16488672408000002,7.31387,4.89608,33677.29368801163,0.009102748275759076,-0.000006326953657098677
BIK,1879-09-22,0.16264462083999998,8.03809,4.932179999999999,32976.213528297834,-0.025971741485644628,-0.029037859388747922
BIK,1880-09-28,0.15754823708,8.04942,4.97378,31675.755075616533,-0.02856966200399258,-0.03371777027006062
BIK,1881-10-04,0.14850653584,8.03596,5.01974,29584.50753226263,-0.050005818154982284,-0.05737941805204749
BIK,1882-10-10,0.1591207254,8.00387,5.07142,31375.9707143167,0.05060973623578513,0.042807558756280395
BIK,1883-10-16,0.16649499359999997,8.00818,5.13181,32443.71744082497,0.03614000433777598,0.027538644889042674
BIK,1884-10-22,0.14580655439999998,7.99534,5.16745,28216.345470202905,-0.07300636287639906,-0.0786820602613213
BIK,1885-10-28,0.13311199095999998,7.987,5.18355,25679.69653229929,-0.057558545868347855,-0.06189032215391288
BIK,1886-11-03,0.15229689852,8.00775,5.20728,29246.919412822048,0.1221066967049782,0.11358300119466769
BIK,1887-11-09,0.1443288652,8.01682,5.2241,27627.508125801574,-0.044941036063210316,-0.047365532162943924
BIK,1888-11-15,0.15060362096,7.99438,5.26634,28597.39799557188,0.020746032259392644,0.013093052616468093
BIK,1889-11-21,0.14249942928,8.00822,5.33007,26735.00146902386,0.0006449355247473143,-0.010267103978676362
BIK,1890-11-27,0.15020334836000002,8.09565,5.38608,27887.322200932776,0.045778410517620216,0.03810606972201991
BIK,1891-12-03,0.11739432432,7.2548,5.42735,21630.137050310004,0.1642701756370306,0.15715384098073404
BIK,1892-12-09,0.11166358892,8.02979,5.46487,20432.981739730312,-0.035939315930045734,-0.04053440815045517
BIK,1893-12-15,0.11379759975999999,8.09839,5.53164,20572.126848457236,0.012563203292658809,0.0035836975088647804
BIK,1894-12-21,0.11041314544,6.39428,5.55684,19869.77228784705,-0.10863509067682431,-0.11135526582337618
BIK,1895-12-27,0.11442311972000001,8.02354,5.621380000000001,20354.987515521098,0.005928141810541909,-0.0018656147057772854
BIK,1897-01-02,0.13630261892,7.21603,5.689,23958.976783265953,0.16768397631083065,0.15769091904103183
BIK,1898-01-08,0.14089433956,5.53201,5.70987,24675.57747549419,0.04885888975281083,0.04463344155932347
BIK,1899-01-14,0.1400076288,7.21298,5.71588,24494.5010742003,0.0014408698518140195,-0.0000389502508391093
BIK,1900-01-20,0.11325895048,7.25854,5.76668,19640.235019109783,-0.12104480570406428,-0.12731673394648546
BIK,1901-01-26,0.12155372632,7.28332,5.81276,20911.533646666987,0.06287767267440181,0.056381534869173855
BIK,1902-02-01,0.12682938112,8.10377,5.8869,21544.341014795566,0.03259552739793081,0.023500878594022945
BIK,1903-02-07,0.12740650624,8.11989,6.00377,21221.083792350473,0.0034449943509045067,-0.011718783631805785
BIK,1904-02-13,0.12363300508,9.76186,6.16118,20066.44913474367,-0.023657060176519362,-0.042078889218293725
BIK,1905-02-19,0.15696707052,8.85543,6.30604,24891.54374536159,0.2580885471524996,0.23482104747630306
BIK,1906-02-25,0.15710617884,8.84358,6.42023,24470.490751888952,0.0022424651614860736,-0.011541216331700244
BIK,1907-03-03,0.2009140744,8.0303,6.52993,30768.181956008717,0.23215711019221175,0.21726928659665545
BIK,1908-03-09,0.17692809212,6.98402,6.09118,29046.603797622134,-0.11985135335685271,-0.10503649223639433
BIK,1909-03-15,0.14475450808,6.95967,6.14967,23538.58143282485,-0.1724404445907881,-0.17740929381252835
BIK,1910-03-21,0.1605881186,7.10555,7.00642,22920.13875845296,0.03752267548053134,-0.06884450283588583
BIK,1911-03-27,0.16385154759999998,7.08138,7.08168,23137.3837281549,0.018974537994904672,0.010581982443750082
BIK,1912-04-02,0.17044640184,7.05355,7.1562,23818.00422570638,0.03079558845277619,0.02246343098006065
CLM,1837-01-13,1.09384671656,8.95072,16.40313,66685.24339927807,0,0
CLM,1838-01-19,0.94657049864,8.82557,16.56882,57129.62652983134,0.009368653707942709,0.00170340666944635
CLM,1839-01-25,0.9463010284,9.39469,16.82799,56233.75271794195,0.025105886428613777,0.013120830442736597
CLM,1840-01-31,0.91258537032,9.4352,17.09749,53375.40015054841,0.14871517143874313,0.13511702157924965
CLM,1841-02-06,1.12093358832,9.6879,17.38239,64486.73561690884,0.1330347800089995,0.11895711587960145
CLM,1842-02-12,1.17671208304,9.54059,17.65132,66664.25417702472,-0.03913859507655082,-0.05035163643480989
CLM,1843-02-18,1.17797486768,9.51818,17.923,65724.2017340847,0.04634047549107034,0.034350279505904746
CLM,1844-02-24,1.38285183764,9.845,18.20397,75964.29996533722,0.13046122026585683,0.11715799828414442
CLM,1845-03-02,1.3441515048,9.89342,18.52913,72542.61289116112,0.0034483096668984636,-0.009853110840874812
CLM,1846-03-08,1.31534035048,10.23032,18.90019,69594.02791612149,0.07598741798611153,0.059744165749450406
CLM,1847-03-14,1.46087642792,9.40074,19.2525,75879.8300438904,0.04354418437620833,0.02921965073224575
CLM,1848-03-20,1.47486042392,9.3667,19.57747,75334.57713994708,-0.01868048568543179,-0.030827561974731466
CLM,1849-03-26,1.5760127208799999,9.83247,19.92504,79097.09194460839,0.04022503923056964,0.026573100581549713
CLM,1850-04-01,1.38981474736,9.92893,20.25669,68610.16026606518,-0.03388396910567082,-0.0459912761296708
CLM,1851-04-07,1.3138688186,9.79607,20.64925,63627.9195902999,-0.04239019791178633,-0.055519752493749186
CLM,1852-04-13,1.3469185454400001,9.52896,21.03164,64042.48767285861,0.02277492609494769,0.00864997209504681
CLM,1853-04-19,1.4996360106,10.33566,21.4328,69969.2065712366,0.005002013920172743,-0.008761366643168511
CLM,1854-04-25,0.91378105624,9.10151,20.58519,44390.217250363,-0.3406124778499061,-0.3211565456873373
CLM,1855-05-01,0.8522639891999999,9.60355,19.66565,43337.697416561365,-0.0014284635534437262,0.034522055077170766
CLM,1856-05-07,0.9424467452399999,9.10752,19.97265,47186.86530029815,0.27987153311473745,0.29703228334702203
CLM,1857-05-13,1.04154459604,9.50304,20.31572,51267.91450364546,0.07239691134883697,0.05857493878800746
CLM,1858-05-19,1.02151680384,9.59539,20.67209,49415.26492193097,0.014297687900913347,0.0008967592654911538
CLM,1859-05-25,0.96505593964,9.41746,20.65454,46723.67138846956,-0.04367438203860963,-0.048070259510015645
CLM,1860-05-31,0.87242323532,9.73339,19.79525,44072.35247445726,-0.09398180575946424,-0.05779151904983426
CLM,1861-06-06,0.9122903478,9.86451,20.14261,45291.56587949625,-0.008152803763963212,-0.02121949718168381
CLM,1862-06-12,0.9207431168,9.91999,20.51305,44885.72478495396,0.033606833379814516,0.01977051861174628
CLM,1863-06-18,0.9980456044,9.63393,20.88046,47798.06596214834,0.1791934763629306,0.16329570868856247
CLM,1864-06-24,0.978929562,9.99409,21.26588,46032.8734103644,-0.01991901099605753,-0.03311760294024513
CLM,1865-06-30,0.95779909108,9.67518,20.79326,46062.95939549643,-0.04312464954327533,-0.027829356796615357
CLM,1866-07-06,0.932709817,9.69553,20.45452,45599.20335456418,-0.03105912154731194,-0.021002181644832918
CLM,1867-07-12,0.9185558824,10.32516,15.37547,59741.645777332335,-0.059634350718628215,0.25751620566245825
CLM,1868-07-18,1.35814438916,9.49258,21.0676,64466.02314264559,0.5929537476545221,0.16684911103994549
CLM,1869-07-24,1.42486463912,9.67504,21.1125,67489.14809330965,0.011372211562727053,0.00889233592889438
CLM,1870-07-30,1.54962323568,9.72248,21.19267,73120.71747826017,0.02427962416619933,0.022165414304890163
CLM,1871-08-05,1.66507025152,10.21386,21.56235,77221.18653671794,0.06962682713013346,0.05589625647422669
CLM,1872-08-11,1.7488747983200001,10.18237,21.20746,82465.07588933328,0.02010677318047649,0.027254737039441812
CLM,1873-08-17,1.72907716436,10.13691,20.35549,84944.02072168246,-0.0158103969241421,0.019731482531488265
CLM,1874-08-23,1.7514566222399999,10.19804,20.58124,85099.66465771741,-0.005433579447295167,-0.01390835004831159
CLM,1875-08-29,1.03701553644,9.9021,20.70706,50080.288386666194,-0.3271795892289865,-0.3304119710949526
CLM,1876-09-04,1.5719551806399998,10.19871,18.35983,85619.26666205515,0.5513989361549296,0.7499412533997407
CLM,1877-09-10,1.59589683812,10.24954,20.53854,77702.54546428323,0.026773766983122504,-0.01598029565931658
CLM,1878-09-16,1.64025044196,10.30286,20.52416,79918.0303583679,0.017303091490870504,0.018634666077742335
CLM,1879-09-22,1.52899225856,10.87209,20.15676,75855.06096019401,-0.1001365320237888,-0.08614133895918263
CLM,1880-09-28,1.70069706352,10.88176,19.89494,85483.90010324234,0.05026177077764671,0.06054277365460092
CLM,1881-10-04,1.5672261254,11.05938,19.99912,78364.75431919003,-0.06598624444224,-0.06897923695517749
CLM,1882-10-10,1.6655879297199998,11.09815,20.10906,82827.73683702768,0.06495298611824207,0.06027965648142519
CLM,1883-10-16,0.57430513712,9.70555,20.04597,28649.406195858817,-0.5618736108585215,-0.5607026168127582
CLM,1884-10-22,0.97374697628,10.5417,19.83732,49086.61937600442,0.7837894253689697,0.797275819211096
CLM,1885-10-28,0.57687885736,9.67203,8.67467,66501.53347159027,-0.3451226165086526,0.4923195742712998
CLM,1886-11-03,1.16181838864,9.57137,17.43472,66638.20173997633,0.8800182916593022,-0.13046512694370038
CLM,1887-11-09,1.2976859454,9.59762,18.53548,70010.91665281936,0.10838464733408992,0.03401379617160827
CLM,1888-11-15,1.63285173168,9.62905,18.22301,89603.84325531292,0.20038185091199656,0.21324095296841117
CLM,1889-11-21,1.64062112136,9.67961,17.98393,91227.06334822255,-0.028639969334392168,-0.019086949605666814
CLM,1890-11-27,0.91643907212,8.95897,15.68646,58422.300003952456,-0.2096934360227375,-0.09946647180679813
CLM,1891-12-03,1.80984992344,9.55457,17.2281,105052.20676917362,0.7386120947814263,0.6926739228235477
CLM,1892-12-09,2.24574477452,9.96021,17.08956,131410.33323970894,0.19097540958796477,0.19878698761355573
CLM,1893-12-15,2.10614030328,10.02637,16.97383,124081.6187790263,0.03926361700918113,0.04336249466141329
CLM,1894-12-21,2.10538440164,9.66192,16.88142,124716.07256024671,0.014253117509039237,0.018134553947036114
CLM,1895-12-27,2.3628768935199997,10.28057,16.93919,139491.72856081076,0.033096957174925334,0.031465614537451225
CLM,1897-01-02,1.9179651987600002,9.65004,16.67061,115050.69093212546,-0.17728379970538855,-0.33076851696748966
CLM,1898-01-08,3.18756337172,10.64931,16.8284,189415.71223170357,0.5241845846385282,0.5124080609368393
CLM,1899-01-14,2.8592165784,11.55643,17.0476,167719.59562636382,-0.11529002187146542,-0.12401631541121072
CLM,1900-01-20,3.21848571512,12.06091,17.2956,186086.96518883415,-0.003307863996723004,-0.013951377497670392
CLM,1901-01-26,2.16595429284,12.17928,17.56011,123345.14378554573,-0.008839030853622254,-0.01960982524668553
CLM,1902-02-01,0.5577242236800001,9.43085,17.83212,31276.383496746323,-0.6566811839305033,-0.6602828765155477
CLM,1903-02-07,0.35313341752,9.58563,18.1047,19505.068712544256,-0.2457248063765427,-0.25457526260902286
CLM,1904-02-13,1.3445182795200001,10.47015,18.16683,74009.51511738703,2.589589799216198,2.5856589964167433
CLM,1905-02-19,1.4160971489599998,10.2579,18.13814,78072.89771498069,0.023999092029394653,0.025816742345389
CLM,1906-02-25,1.4377363785200001,10.54344,17.9613,80046.342888321,0.05083364670630797,0.05880722990938936
CLM,1907-03-03,0.84078466264,10.34753,17.54363,47925.353113352256,-0.357853908499837,-0.3467022754014465
CLM,1908-03-09,0.35882373436,10.1759,17.2507,20800.531825375205,-0.4936609193694833,-0.48814197758936706
CLM,1909-03-15,0.69673946004,10.00072,17.14708,40633.1258756593,1.060882554581204,1.0700737088915733
CLM,1910-03-21,1.27995662288,10.48795,16.99641,75307.46921732294,0.11034192715284008,0.11652028899149847
CLM,1911-03-27,0.789406215,9.91417,16.55694,47678.26754219076,-0.23895985474072567,-0.29101006543450625
CLM,1912-04-02,1.49962498608,10.55631,16.42015,91328.33659132225,0.7358230587738319,0.7488484391491261
JHN,1898-08-20,0.43214221752,6.62495,6.77722,63763.935289100846,0,0
JHN,1899-08-26,0.59513129052,7.84815,6.81089,87379.37193523902,0.21778718709830902,0.21283202248795696
JHN,1900-09-01,0.58557732688,7.83588,6.84885,85500.09518094278,-0.009821723674245497,-0.013945609390595415
JHN,1901-09-07,0.604217432,7.87183,6.88862,87712.40567777,0.013548627372315547,0.009161742594772981
JHN,1902-09-13,0.6256515288400001,8.42202,6.93062,90273.5294735536,0.09575307286281887,0.09086512863962959
JHN,1903-09-19,0.64472228392,8.36595,6.98723,92271.5130201811,0.00044292385827437997,-0.005513151550628925
JHN,1904-09-25,0.7208468217599999,7.24152,7.03071,102528.31104682172,0.01712958342722226,0.0119963962233125
JHN,1905-10-01,0.7859878395200001,8.02173,7.06102,111313.6401709668,0.08148208813056557,0.0778306048047459
JHN,1906-10-07,0.73303587344,7.0964,7.06578,103744.50852418275,-0.09776040552705856,-0.09855829999719612
JHN,1907-10-13,0.7475051500800001,7.12323,7.04633,106084.32333995144,0.058225954061558616,0.06088057002656133
JHN,1908-10-19,0.72229676272,6.7989,7.03269,102705.6165876784,-0.034126361455035226,-0.03260491043677094
JHN,1909-10-25,0.68158255568,7.6411,6.99584,97426.83590247919,-0.07460906888702334,-0.0703868235681614
JHN,1910-10-31,0.58428533072,6.72562,6.987140000000001,83622.96028417921,-0.09347086519540282,-0.09281109464552095
JHN,1911-11-06,0.57174971204,7.22851,6.91246,82712.91436623142,-0.018217877874192268,-0.011235099816991223
BCE,1837-01-13,1.7725984406000002,5.83351,11.816329999999999,150012.60464120418,0,0
BCE,1838-01-19,1.9535218274000001,5.60733,11.67338,167348.4309942793,0.07297666067788944,0.08343025794192238
BCE,1839-01-25,2.10071874272,5.91967,11.54968,181885.44987566755,0.10115686856224326,0.10943994128938428
BCE,1840-01-31,2.05347053496,6.10727,11.45523,179260.5242286711,-0.013673656088258435,-0.007284658463707294
BCE,1841-02-06,2.05807341428,5.30456,11.33293,181601.17589008316,0.00559403338665132,0.013577450628063259
BCE,1842-02-12,1.90116611724,4.78764,11.09663,171328.24265024607,-0.08983525366322165,-0.025346215687604534
BCE,1843-02-18,2.06169096588,4.99661,10.93258,188582.2894394553,0.10944421503264579,0.12200694335352269
BCE,1844-02-24,2.0719792964,5.08331,10.79235,191985.9248819766,0.0058798903015233606,0.015506889077230968
BCE,1845-03-02,1.99330417364,5.1226,10.64662,187224.13062925133,0.03306488992910661,0.0441139153957566
BCE,1846-03-08,1.0954736010400001,5.07338,10.50433,104287.81283908637,-0.3969272648125727,-0.3909116747540087
BCE,1847-03-14,1.3422218576,4.91969,10.33901,129821.11997183482,0.18009056548989677,0.1944469188900957
BCE,1848-03-20,1.21177280276,5.06876,10.20408,118753.7536710806,-0.06390400683120268,-0.054595783577583434
BCE,1849-03-26,0.7530268142800001,5.12083,10.06115,74845.00422715097,-0.31903603184688656,-0.3116571280088666
BCE,1850-04-01,0.934374194,4.92999,9.87731,94598.04278695313,-0.02295703826877049,0.04179655307724772
BCE,1851-04-07,1.62244060004,6.02344,9.80007,165553.98074095388,0.2275047154982901,0.2348599810677734
BCE,1852-04-13,1.5235089537200002,5.98524,8.96912,169861.5866127335,-0.07122320999825116,-0.0240100726280279
BCE,1853-04-19,1.51787665744,6.05785,9.62164,157756.5422776159,0.023165599265448478,-0.03703810236346017
BCE,1854-04-25,1.55021716252,6.06907,9.53931,162508.3116619546,0.018698294428806106,0.025163226685076312
BCE,1855-05-01,0.97334576872,5.90205,9.45271,102970.02327586482,-0.2962827992242526,-0.29137951871067913
BCE,1856-05-07,0.91722219212,5.80765,9.36969,97892.4801268772,0.01854563345058091,0.025339885244137772
BCE,1857-05-13,1.3797635384,5.77271,9.28869,148542.31742043278,0.4805381118440215,0.4906016453587021
BCE,1858-05-19,1.30744053024,5.4734,9.21314,141910.41601886004,-0.012962609519965085,-0.006932681458867385
BCE,1859-05-25,1.41987368016,5.47046,9.12447,155611.633350759,-0.006563955269635158,0.000509122966444675
BCE,1860-05-31,1.46378416912,6.02306,9.04951,161752.8649750097,-0.040164548236855446,-0.0342161615377099
BCE,1861-06-06,1.42028461484,9.70448,8.34335,170229.53787627272,-0.022220953215593697,0.05990455903759817
BCE,1862-06-12,1.51895224936,9.28137,9.04201,167988.3399111481,0.11519527866204382,0.10380925118706896
BCE,1863-06-18,1.46448858036,10.33217,9.11345,160695.2998436377,-0.033932838758349404,-0.0397884721701679
BCE,1864-06-24,1.65976642312,10.80369,9.1873,180658.7814831343,0.1255985907580548,0.11863086637840636
BCE,1865-06-30,1.5834706352399999,10.79014,9.25905,171018.693628396,-0.03841621235674797,-0.043597149489954745
BCE,1866-07-06,1.7122894672,7.30668,9.29689,184178.73796506145,0.038330774885062535,0.0349598661420627
BCE,1867-07-12,1.79738288808,7.34302,9.30929,193074.1107087651,-0.022888718366293137,-0.02385324032593028
BCE,1868-07-18,1.88938243,7.33532,9.33253,202451.25705462505,0.04801687870038984,0.04572866860174307
BCE,1869-07-24,1.60579004612,7.49121,9.34895,171761.53965097686,-0.13768031030646577,-0.1388824280320229
BCE,1870-07-30,1.58961128352,7.48683,9.38465,169384.1841219438,-0.0227073531827906,-0.02550530299938636
BCE,1871-08-05,1.4413893176800001,6.96661,9.41128,153155.50251187937,-0.05094114878415834,-0.05306719398505377
BCE,1872-08-11,1.6679470833999999,7.42427,9.42092,177047.15499123227,0.11358785321145581,0.1128170489490028
BCE,1873-08-17,1.6583350966000001,7.86555,9.38476,176705.11516543844,-0.023258120608555366,-0.0188659780431647
BCE,1874-08-23,1.51236290296,7.15108,9.37129,161382.57411306235,-0.06412611980913252,-0.06293099633187371
BCE,1875-08-29,1.08482238124,7.84297,9.36795,115801.47003773504,-0.23901154403697267,-0.23875587025041467
BCE,1876-09-04,1.0184086509999999,7.98164,9.38635,108498.90010493962,-0.040673761647731954,-0.04217485463580839
BCE,1877-09-10,1.7495813348,8.97501,9.42385,185654.62468099556,0.1479830469834047,0.14424044589294582
BCE,1878-09-16,1.8242786177199999,9.27531,9.49832,192063.2930581408,0.0396655239708128,0.033469046818558335
BCE,1879-09-22,1.89653578296,9.64772,9.58791,197804.92129775934,-0.060936354495180645,-0.06762338055758554
BCE,1880-09-28,1.62237887344,8.88937,9.53719,170110.7845644262,-0.14693399164727416,-0.1422196792501601
BCE,1881-10-04,2.06008740704,10.22942,9.55746,215547.58346255173,0.17532528290632077,0.17374170321702875
BCE,1882-10-10,1.7884142614,12.12289,9.6218,185871.07000769087,-0.07371443458078708,-0.07886045544576081
BCE,1883-10-16,1.3612603113200001,12.33431,9.63511,141281.24238540092,-0.21196694275527617,-0.21273732409717327
BCE,1884-10-22,2.0030216102,12.74289,8.85296,226254.45164103305,0.4999930753089947,0.5951638105162778
BCE,1885-10-28,2.38269575284,13.64633,9.4773,251410.81878172056,0.08294250073310105,0.008946607596689304
BCE,1886-11-03,2.8305379793600003,14.3121,9.43578,299979.22581493005,0.12832760905829832,0.13249887096480473
BCE,1887-11-09,2.6630637176,14.84608,9.39252,283530.268511539,-0.06366085469604676,-0.05981080223603863
BCE,1888-11-15,2.74037920676,15.141,9.39234,291767.4622894827,0.0319518720923182,0.032719792876564346
BCE,1889-11-21,2.56221132596,15.13143,9.41439,272159.0380215819,-0.017816559671564702,-0.0194043261903164
BCE,1890-11-27,2.74030460496,14.79897,9.44624,290094.7472179407,0.034294660191209525,0.0310642024518204
BCE,1891-12-03,2.6628601558,14.736,8.59817,309700.8032872111,-0.1949628061076073,-0.11703892323552967
BCE,1892-12-09,2.9631549688,15.27268,9.43619,314020.27394531056,0.0830904800722716,0.021366412105859434
BCE,1893-12-15,3.53958250828,13.60451,9.33331,379241.93113482784,0.13447078219255593,0.14682041485925157
BCE,1894-12-21,3.28934402888,13.69937,9.4659,347494.06066829356,-0.04886759746989677,-0.059020205956725524
BCE,1895-12-27,3.3577351376399998,14.19556,9.60962,349413.9349568453,0.03623648894320053,0.024643077850546424
BCE,1897-01-02,3.40796436656,14.27334,9.69146,351646.1262348501,0.013073264639805515,0.0038516563759596334
BCE,1898-01-08,3.42788970264,14.28274,9.61652,356458.4384621464,0.004713709854032633,0.01023410031441907
BCE,1899-01-14,3.3688639186800002,14.50117,9.64348,349341.1007934895,-0.014680452930579624,-0.017066320468464458
BCE,1900-01-20,3.48758232368,14.89837,9.74465,357897.1357288358,0.03619654664833627,0.027133385623380857
BCE,1901-01-26,3.6614782074,15.55583,9.87082,370939.6187348164,0.039257925760569856,0.029303986713431263
BCE,1902-02-01,3.33326587776,15.57149,9.94075,335313.3191922139,-0.05215566945087591,-0.05658913628074469
BCE,1903-02-07,2.26374476744,15.36472,9.91218,228380.11087772824,-0.25801749314763534,-0.25649099582422474
BCE,1904-02-13,3.1894957952,14.17961,10.02846,318044.42508620466,0.42057095282518575,0.4082089152062711
BCE,1905-02-19,3.48526873396,15.05068,10.00686,348287.94786376547,0.06655073412741874,0.07132409018323504
BCE,1906-02-25,3.626797317,14.9959,10.09945,359108.3986751754,0.03722797787418619,0.029747213823773544
BCE,1907-03-03,3.67522077156,15.46728,10.095,364063.4741515601,0.0025760078712431245,0.0012903957494687646
BCE,1908-03-09,3.5267735984,15.15805,10.22322,344976.7879787386,-0.03440249263775286,-0.04363008178035688
BCE,1909-03-15,4.02461722312,15.33452,10.31329,390236.0181009164,0.13304927228700913,0.12344440655898703
BCE,1910-03-21,3.40396720976,15.97421,10.1873,334138.31042179966,-0.1126597165442822,-0.10238782896861465
BCE,1911-03-27,2.29456341868,14.63035,9.43072,243307.3422474636,-0.29730194442416025,-0.23980454075261226
BCE,1912-04-02,4.07829367036,14.7423,9.99207,408153.0323906858,0.7422811506760516,0.6395879835891962
AST,1869-12-11,1.03990275428,10.7877,5.13917,202348.38588332356,-0.11276878453808015,-0.11343703166844232
AST,1870-12-24,1.0871451999200001,11.16659,5.13917,211541.00757904488,0.027575537713208753,0.026567065626919906
AST,1871-12-23,1.79321879984,11.21822,5.174255590583253,346565.5626103048,0.5546397463067056,0.5924891741112803
AST,1873-01-05,2.15798424452,11.37929,5.13917,419909.09904128494,0.07291340179528394,0.08255113987954821
AST,1874-01-18,2.3479000797199996,11.53898,5.13917,456863.67248407815,0.03747923526914598,0.034190670281986524
AST,1875-01-10,4.41800917428,11.82329,32.11592,137564.45944192162,0.8518093823497985,-0.7037311714434829
AST,1876-01-16,4.6866948850800005,11.83644,32.44587760690006,144446.54392961497,0.069348703141201,0.06787037509054361
AST,1877-01-29,4.9042453798,12.55437,35.51568,138086.76561451168,0.03738869840964565,-0.05788523210711061
AST,1878-01-28,4.37218418936,12.63343,34.728116166271185,125897.5341025372,-0.08073276025399923,-0.09103031549042051
AST,1879-02-10,4.83464696676,12.98066,37.23386,129845.44086377292,0.0916187332094811,0.0782288331847858
AST,1880-02-23,2.8609289649200003,13.21028,38.34602982950802,74608.21831204178,-0.4439388293363571,-0.4428329347156694
AST,1881-02-15,2.65494631896,10.53598,38.34679,69235.16463724864,-0.062303378692820766,-0.08992536886146318
AST,1882-02-21,4.60681437528,12.32924,39.12114207017062,117757.66584259916,0.3707944989833203,0.3642427651524318
AST,1883-03-06,5.732835075240001,12.52334,39.583119999999994,144830.2982493548,0.178624942101683,0.16966633424138378
AST,1884-03-05,6.641933847640001,12.13207,39.58312,167797.1278575312,0.10395122185515593,0.10326688232448178
AST,1885-03-18,6.7126171996,12.11189,39.58312,169582.82216257838,0.00667446281003703,0.006283704600653639
AST,1886-03-31,7.47932999944,12.35459,39.94211,187254.2537046741,0.10817840988230687,0.09783561529289275
AST,1887-03-23,7.86897532252,12.84979,39.94211,197009.50506921142,0.04966563027053694,0.04877421724478248
AST,1888-03-29,7.72179877248,12.80531,42.39239,182150.58817113165,-0.004522873257715276,-0.05673590328691469
AST,1889-04-11,8.19903548984,12.74396,43.32542,189243.07000001383,0.043694419120810846,0.021409606149305427
AST,1890-04-10,8.66989938724,12.77918,43.34094,200039.48662027172,0.04060044287624631,0.04599694988400427
AST,1891-04-23,9.67134445524,12.69337,44.994900900965945,214943.12158897048,0.03547933528041791,0.030919030485399235
AST,1892-05-06,10.56007797676,12.71537,43.70528,241620.18815026467,0.05064382982169091,0.052936327449307985
AST,1893-04-28,12.60358588372,12.59728,43.70528,288376.73351412,0.11417490602706626,0.11450412508922758
AST,1894-05-04,12.610718933280001,12.66636,48.82421,258288.23309747357,0.03519920251046904,-0.05805673420519952
AST,1895-05-17,14.87542492176,12.97218,49.827896049970704,298536.0832181624,0.14799526207668445,0.11791105119459244
AST,1896-05-16,16.070077179,13.49546,52.26335,307482.7231511183,0.06809760351436212,0.030586240202571835
AST,1897-05-29,17.15869726064,13.85638,53.217030843604014,322428.6847394127,0.06239803907804342,0.053387763866963756
AST,1898-06-11,18.80505822364,14.13461,54.30706,346272.8091640387,0.04724583965253659,0.026025595049238515
AST,1899-06-03,18.46391330836,14.46719,54.75544,337206.9205974785,0.00040588107894379277,-0.007266733431413819
AST,1900-06-09,20.319469118,14.72576,56.09639,362224.18444395444,0.10855341439996757,0.09738404306381732
AST,1901-06-22,20.63731819396,14.82586,56.94085455480271,362434.29002453096,-0.010002852542153051,-0.03485279978199074
AST,1902-06-21,22.60730244552,14.6557,59.13683,382288.03345596977,0.07575668409463465,0.049800375945147746
AST,1903-07-04,22.59569967408,14.80503,62.61135,360888.2363034817,0.03774978928856987,0.008654205550860716
AST,1904-07-17,24.440827457279998,14.74661,64.20305,380680.1617256501,0.049309488885982855,0.03865940799815659
AST,1905-07-09,24.529281333439997,14.83146,64.20305,382057.8825062049,-0.00852727710096668,-0.009060305814719949
AST,1906-07-15,24.61046966404,14.74575,64.20305,383322.4381713952,0.03827837692832481,0.03575166677704078
BOR,1837-01-13,0.22041951723999997,6.34969,8.62115,25567.298706089092,0,0
BOR,1838-01-19,0.23069176311999998,7.31369,8.67428,26594.91774764015,0.01077574766533762,0.005998758188338504
BOR,1839-01-25,0.23353131932,7.34385,8.72737,26758.49875964924,0.009126434704795017,0.00440473219353521
BOR,1840-01-31,0.24051702948,7.30476,8.77982,27394.300735094796,0.015557337935854454,0.010937695302383865
BOR,1841-02-06,0.24741424708,7.31405,8.83203,28013.293328940235,0.024788349185667302,0.020318062728237996
BOR,1842-02-12,0.27769871896000003,7.34807,8.88068,31269.98371295892,0.09553889830498408,0.09094348172846933
BOR,1843-02-18,0.28004796976,7.2354,8.92492,31378.205043854734,0.01059596895742021,0.006779372638640924
BOR,1844-02-24,0.28242471296,7.23541,8.9661,31499.17053791503,0.0011035492648721057,-0.0022901166658917393
BOR,1845-03-02,0.28696292092000003,7.2446,9.00542,31865.578831414856,0.011882381315874824,0.008474770242454133
BOR,1846-03-08,0.28519618244,7.32367,9.04963,31514.678770292267,0.006383832455188365,0.0027376367944131896
BOR,1847-03-14,0.30514207672,7.62807,9.08276,33595.74366382025,-0.018014015549250306,-0.0202533991892081
BOR,1848-03-20,0.31142003932,7.52863,9.13511,34090.45313302193,0.018505728346634776,0.013968183650626909
BOR,1849-03-26,0.31361969808,7.53754,9.18909,34129.5708367205,0.005260135801141708,0.0009603187101023813
BOR,1850-04-01,0.31388837428,7.54474,9.24018,33969.94152494865,0.0012675257239869175,-0.0029928382074169146
BOR,1851-04-07,0.31513452412000004,7.52714,9.29134,33917.01564252304,0.003847212024251867,-0.00037491722358629076
BOR,1852-04-13,0.33287917468,7.61729,9.32394,35701.55692550574,0.16541753332237308,0.1627145753935677
BOR,1853-04-19,0.37699895636,7.90263,9.38698,40161.90045786824,0.0911738461919196,0.08550550164596848
BOR,1854-04-25,0.37965717296,7.90878,9.45153,40168.858688487475,0.007035545938221643,0.0017859559078357012
BOR,1855-05-01,0.37698721216,7.90862,9.51984,39600.16262458192,-0.004055633110373491,-0.009302862191461592
BOR,1856-05-07,0.37956204676,7.94355,9.58633,39594.09354361888,0.0108714548465354,0.0054317947942457145
BOR,1857-05-13,0.42916662672,7.2691,9.63354,44549.21313660399,0.049093786053965305,0.04553177993220037
BOR,1858-05-19,0.43769757876,7.01287,9.67304,45249.22658853886,0.004326232202497504,0.0012643073741940292
BOR,1859-05-25,0.43854743556000003,7.03376,9.72026,45116.84209681634,0.0007318571046697198,-0.003020461122244189
BOR,1860-05-31,0.45320638116,7.10946,9.7673,46400.3748384917,0.0358011998007568,0.03227923042549996
BOR,1861-06-06,0.44001016383999997,6.40532,9.81123,44847.6046163427,0.022066986201117578,0.018549090038092686
BOR,1862-06-12,0.45200578228,7.07674,9.86333,45826.894393678405,0.015381910413921451,0.011285384868741977
BOR,1863-06-18,0.45290798332,7.10439,9.91895,45660.879762474855,0.001398232925259535,-0.0027165965674671444
BOR,1864-06-24,0.51848390412,6.51864,9.96826,52013.48120133303,0.13930206362898212,0.1346943023078362
BOR,1865-06-30,0.52132988388,7.30346,10.01337,52063.37964940874,0.0022595350719247786,-0.0011366724375265758
BOR,1866-07-06,0.55467270924,7.59257,10.07643,55046.55014127027,0.04713776287020277,0.04224640140847424
BOR,1867-07-12,0.56549349688,7.69428,10.13878,55775.30007357887,0.0013102687581902916,-0.0034521970602999774
BOR,1868-07-18,0.56006755896,7.68741,10.20516,54880.82097291959,-0.009771469759610407,-0.014499537441717836
BOR,1869-07-24,0.5808924347200001,7.75957,10.27053,56559.1488189996,0.02980608795518358,0.02479637126609413
BOR,1870-07-30,0.5786971652799999,7.71967,10.33733,55981.29935679716,-0.002071867137490857,-0.0070261633272146184
BOR,1871-08-05,0.58138288936,7.73633,10.40571,55871.52528371443,0.0035701185379848344,-0.0013066222625697232
BOR,1872-08-11,0.5835380959199999,8.06991,10.47531,55706.045541372994,0.0022222206607140915,-0.0027627018291558336
BOR,1873-08-17,0.7005672102,9.57788,10.59914,66096.60880033663,0.09714973122333115,0.08721956535798925
BOR,1874-08-23,0.55449977336,10.15174,10.77866,51444.22157856356,-0.12375940634980365,-0.1346713314407001
BOR,1875-08-29,0.5223973939600001,9.6842,10.9526,47696.19943757646,0.05612122006172493,0.04304689757073965
BOR,1876-09-04,0.5475922909600001,10.08362,11.1328,49187.29259126186,0.008738709857302629,-0.0036732949571579576
BOR,1877-09-10,0.7055914528,9.57377,11.32963,62278.419754219685,0.09027034020140534,0.0759672539663685
BOR,1878-09-16,0.55373520228,10.15683,11.51937,48069.92068837098,-0.10039832266579274,-0.11213115460673517
BOR,1879-09-22,0.49099599432,9.86008,11.68212,42029.699602469416,-0.11049871256802102,-0.11902615304791042
BOR,1880-09-28,0.60009592708,9.18411,11.78177,50934.2761809134,0.3258227597154719,0.31752004693673896
BOR,1881-10-04,0.5516625977199999,9.43112,11.86958,46477.01078892429,-0.12562328727854621,-0.13052389256224683
BOR,1882-10-10,0.54906362004,9.48695,12.02317,45667.126060764334,0.07798085791592713,0.0678531890841998
BOR,1883-10-16,0.5722311977200001,9.81368,12.19763,46913.31002170094,0.04481767457199837,0.03330416392943891
BOR,1884-10-22,0.5769280467600001,9.82183,12.37396,46624.366553633605,0.005185516128164647,-0.005864765939181393
BOR,1885-10-28,0.59841318316,9.62747,12.56334,47631.695326242865,0.14538137871384027,0.13274485981151263
BOR,1886-11-03,0.44040168900000004,10.11148,12.753809999999998,34530.99026879027,-0.22914089776907465,-0.23806541307116458
BOR,1887-11-09,0.52462798128,9.84665,12.97247,40441.64151314283,0.1652772536071201,0.15079331684724373
BOR,1888-11-15,0.49619387636,9.92684,13.18442,37634.865724847965,-0.06417187483745035,-0.0754317996582421
BOR,1889-11-21,0.39674202204000003,10.12659,13.3981,29611.8122748748,0.03401042944684485,0.021138038264401082
BOR,1890-11-27,0.4762646304,10.00768,13.63285,34935.07450019622,0.1258629416692656,0.11166585791268169
BOR,1891-12-03,0.36517812968,9.85599,13.854950000000002,26357.231868754487,-0.3229888407747026,-0.3312787028469576
BOR,1892-12-09,0.41086344936,9.80946,14.07394,29193.207400344185,0.10416354449463383,0.09080991491837942
BOR,1893-12-15,0.50317167368,9.93347,14.31631,35146.74337730882,0.16701833870460714,0.15272240789510727
BOR,1894-12-21,0.54233040108,9.92429,14.55148,37269.7760695132,0.135510453618243,0.1212284686631877
BOR,1895-12-27,0.48692974668,9.96122,14.791899999999998,32918.67486124163,-0.09547837121354807,-0.10685218062906476
BOR,1897-01-02,0.6267225671200001,10.08509,15.0569,41623.61223890708,0.15079658920017303,0.1359381304017151
BOR,1898-01-08,0.46737683668,9.80489,15.30124,30545.030120434683,-0.07874543399167244,-0.09019918544095462
BOR,1899-01-14,0.44585405592,10.0889,15.57049,28634.555233650324,-0.05882544733418338,-0.07079666745570323
BOR,1900-01-20,0.45874551059999996,9.31822,15.80118,29032.357747965656,-0.040883961161693017,-0.05225071414735316
BOR,1901-01-26,0.43879463056,10.07471,16.02112,27388.511574721368,0.048923411178622755,0.03725226750399058
BOR,1902-02-01,0.5262351790800001,9.38818,16.29142,32301.3696215554,0.16026473795520646,0.14592868353276556
BOR,1903-02-07,0.55052633532,9.33533,16.51465,33335.63444093577,0.04476282685763566,0.03404549806238033
BOR,1904-02-13,0.7594984488000001,9.88734,16.75854,45320.08449423398,0.33020591113278086,0.31504883807294215
BOR,1905-02-19,0.7342959884,9.83843,17.02749,43124.14738754802,-0.0680391859624574,-0.07873686050655404
BOR,1906-02-25,0.7491517815600001,9.76614,17.2814,43350.1788952284,-0.09650324888686435,-0.10672374442340482
BOR,1907-03-03,0.7861867847599999,9.8001,17.53778,44828.18148933331,-0.07716292478689413,-0.08751298428877297
BOR,1908-03-09,0.7738213480399999,9.88151,17.81186,43444.16293638059,0.0101776292928768,-0.0010286003075160588
BOR,1909-03-15,0.9076949653199999,9.84926,18.07328,50223.03451946741,0.1178889477886329,0.10524683411251567
BOR,1910-03-21,1.1186532822400002,9.57622,18.34232,60987.556767082904,0.09203771018856433,0.08007588734541238
BOR,1911-03-27,0.96450496168,9.62574,18.56839,51943.381288307704,-0.11427371522675445,-0.12228720213479094
BOR,1912-04-02,0.8510199942400001,8.90096,18.81098,45240.59853553616,-0.07098750105697926,-0.08038253891916158
ECU,1884-10-29,1.03816313276,11.55403,17.76537,58437.461913824474,0,0
ECU,1885-11-04,0.9284806720800001,10.39713,18.03499,51482.183914712456,0.1057442315972561,0.09295779631404666
ECU,1886-11-10,0.9271833142,10.78592,18.27614,50731.900401288236,-0.01259165940757323,-0.02291268789130063
ECU,1887-11-16,0.8778846388,10.61217,18.55338,47316.695868892886,-0.07385044674246855,-0.08414024813926513
ECU,1888-11-22,0.89888391632,10.35099,18.81673,47770.46364166356,0.0435391325749086,0.03246427457762979
ECU,1889-11-28,1.1179874524,10.39243,19.01651,58790.35913529875,0.22421093844142703,0.21226552457018943
ECU,1890-12-04,1.04988072332,11.09318,18.15105,57841.32175934726,-0.011685308873988887,0.03092158460536165
ECU,1891-12-10,1.03473508892,10.68002,18.42536,56158.202006365136,0.02857813548658461,0.016973005645318784
ECU,1892-12-16,1.08581587764,10.78329,18.68914,58098.760972415,0.0007350308308788911,-0.009927051510352669
ECU,1893-12-22,1.340964326,10.54522,18.96366,70712.31639883861,0.1811202287657092,0.16845030437922603
ECU,1894-12-28,1.22651510644,10.50832,19.14018,64080.64639099527,-0.02924019525901944,-0.038512559962258885
ECU,1896-01-03,1.33798428712,10.53203,18.90526,70773.1227774704,0.056574425605351086,0.06775775350504953
ECU,1897-01-09,1.36602348116,10.48127,19.16458,71278.55038618117,0.003347996498735961,-0.006775099380677441
ECU,1898-01-15,1.45534530908,10.39235,19.4113,74974.12893932915,0.04372476598145414,0.033503428149350034
ECU,1899-01-21,1.39256055276,10.01883,19.65438,70852.42845411558,-0.009560195569207175,-0.018687092530320748
ECU,1900-01-27,1.52182443556,10.10707,19.87882,76555.06894071176,0.08951993669065739,0.08006120698272157
ECU,1901-02-02,1.5873065467999998,10.36488,20.06423,79111.26152361691,0.12938031833301777,0.12036493615917188
ECU,1902-02-08,1.42492561328,10.468,19.73016,72220.68210698747,-0.07500490333889553,-0.0652895704658073
ECU,1903-02-14,1.1054778883199998,11.19626,12.8935,85739.16223833714,-0.20496591973074774,0.20937011363407998
ECU,1904-02-20,1.39492938832,10.76543,18.47377,75508.64757545428,0.10829406571825895,-0.22426870594217885
ECU,1905-02-26,1.6268885713599999,10.89266,18.7519,86758.59893450797,0.15506596887459123,0.14223480838281288
ECU,1906-03-04,1.5607609446000001,9.69405,19.01781,82068.38456162934,0.016751697930211362,0.0055756740027979035
ECU,1907-03-10,1.6027645348,9.27692,19.23796,83312.60356087651,-0.01689446947382811,-0.025452723094492535
ECU,1908-03-16,1.58942815408,8.74964,19.42949,81804.93435905935,0.02245966505810615,0.014708264708565677
ECU,1909-03-22,1.52511894236,7.52343,19.09541,79868.352780066,-0.014353972595012365,-0.006354762235439959
ECU,1910-03-28,1.4391896927199999,7.67748,18.2384,78909.86559785946,-0.012764693576793218,0.027254431250327782
ECU,1911-04-03,1.62979365588,7.79473,18.28801,89118.15205044179,0.17857847334655896,0.17624720922100856
ECU,1912-04-09,1.68960779572,8.32013,18.37409,91955.99867639704,0.02260587980030304,0.01903254244233543
LAN,1859-02-23,0.0301276612,6.20648,0.71845,41934.24900828172,0.18184622127152372,0.19187358096073792
LAN,1860-03-08,0.02450343532,6.04461,0.7220598247942283,33935.46417983158,-0.20696993260362506,-0.2083056137779581
LAN,1861-03-07,0.01750090888,5.62873,0.71845,24359.25795810425,-0.18469385466241517,-0.21335720032995864
LAN,1862-03-20,0.01104484836,4.70919,0.71845,15373.16216855731,-0.16915543308427383,-0.13932669206671233
LAN,1863-04-02,0.009445142200000001,4.47629,0.71845,13146.554666295497,-0.5205989083513771,-0.5447507641341889
LAN,1864-03-25,0.0084826612,4.89314,0.71845,11806.891502540191,-0.18710330042469503,-0.18597047166205571
LAN,1865-03-31,0.03223208508,7.57538,0.71845,44863.36569002714,2.190646318934719,2.223574263451056
LAN,1866-04-13,0.0373572654,7.82345,0.71845,51997.02888162015,0.04129652968391562,0.04084568062542315
LAN,1867-04-12,0.0043633356000000005,4.58148,0.569969016927654,7655.390855313522,-0.8241296446802493,-0.8337598286685587
KFA,1837-01-13,0.15968847232,6.10608,4.54225,35156.24906599152,0,0
KFA,1838-01-19,0.18042835616,6.28892,4.60868,39149.68193929715,0.21093724473934117,0.19690258253370319
KFA,1839-01-25,0.18121301016,6.14951,4.65788,38904.61114498442,0.005284575260443569,-0.0032258896830925643
KFA,1840-01-31,0.18517267288,6.17911,4.70185,39382.9392430639,0.018833695798598615,0.009573592717820656
KFA,1841-02-06,0.16209935924,6.2241,4.74532,34159.837321824445,-0.1252764816414662,-0.13180783969667553
KFA,1842-02-12,0.16265317744,6.1596,4.779510000000001,34031.34995846854,0.004600668759800142,-0.0003436078543223031
KFA,1843-02-18,0.16418620035999998,6.15335,4.80073,34200.257119229784,0.0037814108179370365,0.0003090819293325442
KFA,1844-02-24,0.1650214566,6.11767,4.821579999999999,34225.59754271422,0.004572099534098317,0.0014181459890161285
KFA,1845-03-02,0.1653705092,6.11399,4.83119,34229.76724161128,0.0027366043511884985,0.0006896456781808613
KFA,1846-03-08,0.16525924896,6.12514,4.83022,34213.6070323919,-0.00027940172812990216,-0.00015075073606796163
KFA,1847-03-14,0.16707664168,6.20817,4.84208,34505.13863463635,0.007612984553840185,0.005393381613372439
KFA,1848-03-20,0.17457667240000002,6.27968,4.863360000000001,35896.30880707988,0.04216017032309427,0.03833801481831678
KFA,1849-03-26,0.1749892638,6.27244,4.87521,35893.68741038847,0.0013966008367729543,0.00015908423063915045
KFA,1850-04-01,0.17480745048,6.25072,4.89716,35695.678817927124,-0.0001676156586601918,-0.0035464924348437288
KFA,1851-04-07,0.17486054248,6.25737,4.89801,35700.32369880829,0.00011208954490560252,-0.00005699960714589114
KFA,1852-04-13,0.17411132336000001,6.26702,4.88912,35611.996301993,-0.0046208304376197384,-0.002886693399901552
KFA,1853-04-19,0.1753802102,6.20371,4.91032,35716.65598168755,0.007729043821472326,0.0033936596713974865
KFA,1854-04-25,0.17583943988,6.19372,4.92028,35737.68970058615,0.003088616611776507,0.0010276389140047026
KFA,1855-05-01,0.17028773944,6.10081,4.927320000000001,34559.91075067176,0.08269273130298438,0.08203458155440879
KFA,1856-05-07,0.17837093924,6.99131,4.940860000000001,36101.192755916985,0.01771082269507951,0.01564590550085132
KFA,1857-05-13,0.17697175964,7.00442,4.9275,35915.121185185184,-0.006521390996596876,-0.003944804273252944
KFA,1858-05-19,0.17118129808000002,6.88041,4.93417,34693.028022950166,-0.028716345688758582,-0.02960107914609822
KFA,1859-05-25,0.17951515088,7.68781,4.95671,36216.59344202102,0.052927498073948254,0.04919906885854952
KFA,1860-05-31,0.18802784364,7.74226,4.98323,37732.122266080434,0.019161614017188633,0.014887591241657283
KFA,1861-06-06,0.19084631487999998,7.71813,5.01325,38068.381764324535,0.013161182302482421,0.008970508874933891
KFA,1862-06-12,0.19590653523999998,7.05015,5.02157,39013.004944668704,-0.03648376974028977,-0.03753186066108738
KFA,1863-06-18,0.23811748428,8.11572,5.56618,42779.33596829423,0.10104976278245936,0.02681900832803863
KFA,1864-06-24,0.2386533864,8.26652,6.01923,39648.49098638862,-0.0004754047766770686,-0.06382405546032344
KFA,1865-06-30,0.26033409896,8.76286,6.48456,40146.76384519535,0.09024008706706788,0.01568419404813426
KFA,1866-07-06,0.25913587648,8.86956,7.00255,37005.93019400076,-0.02242283112337895,-0.06780101455658605
KFA,1867-07-12,0.26716311544000004,8.70205,7.389939999999999,36152.271255247004,0.03689840238205733,-0.014642773876010762
KFA,1868-07-18,0.31408211952,8.536,7.786720000000001,40335.61236566873,0.029696814666633875,0.0019823855813181357
KFA,1869-07-24,0.29640914368,6.95762,7.88672,37583.32281100381,0.04195404455316565,0.032408741397795815
KFA,1870-07-30,0.32801030235999995,7.23658,7.94104,41305.71088421667,0.06840805868997113,0.0629225506578579
KFA,1871-08-05,0.3487531502,7.67502,8.10951,43005.45288186339,0.027716968732387715,0.010043236412002665
KFA,1872-08-11,0.36590315528,7.60091,8.17795,44742.65008712453,0.05286177865749475,0.04535561598387461
KFA,1873-08-17,0.44288656828,9.12025,8.33162,53157.31733804471,0.09399637331130961,0.08061624126916822
KFA,1874-08-23,0.4201704156,9.46866,8.45814,49676.45553277671,-0.10144408793066795,-0.11154366225517642
KFA,1875-08-29,0.47941633896,9.75927,8.64585,55450.45761376846,0.10623295771140318,0.08774520925966156
KFA,1876-09-04,0.48552324444,9.29947,8.84832,54871.79989421721,0.010017572030583732,-0.009965071123275715
KFA,1877-09-10,0.47629936276,9.21948,9.0115,52854.614965322085,-0.02320763151872951,-0.03737084924031697
KFA,1878-09-16,0.5045889570800001,9.29731,9.16656,55046.70858860903,0.04623355616089375,0.03380528162262131
KFA,1879-09-22,0.5074119154,9.1594,9.40299,53962.82622867832,0.00877217798066865,-0.007131600115868553
KFA,1880-09-28,0.540462741,8.83635,9.49304,56932.525408088455,0.06702167346224752,0.059338763464974464
KFA,1881-10-04,0.54573835992,8.32663,9.65419,56528.65335362159,0.050868503340230964,0.035609648854954656
KFA,1882-10-10,0.6197165364,7.76587,9.67965,64022.618214501555,0.14269066638335937,0.13935975260848066
KFA,1883-10-16,0.94898368136,8.22671,15.42159,61536.04663073004,0.16239892178608817,0.08213609934711563
KFA,1884-10-22,0.99102823976,8.12614,15.52227,63845.574117703145,0.015982407382171493,0.011075016287697581
KFA,1885-10-28,0.9461103438799999,8.7068,15.4948,61059.86162325425,-0.061845338720946,-0.059764421123033595
KFA,1886-11-03,0.95185652848,8.71331,15.68999,60666.48407551566,-0.014567653170026285,-0.025108162352300734
KFA,1887-11-09,0.9509188587599999,8.71299,15.80488,60166.154931894445,-0.000026207870879702,-0.005196133783639478
KFA,1888-11-15,0.93458514032,8.94731,15.93016,58667.655586635665,-0.019546444618729453,-0.02515285856886995
KFA,1889-11-21,1.0294571742,8.98534,16.04872,64145.749580028816,0.03791706059826794,0.03521494529999858
KFA,1890-11-27,1.6076029372,7.8022,25.1168,64005.08572748121,0.282391582048247,-0.017431680726589738
KFA,1891-12-03,1.83676058956,7.92806,24.998689999999996,73474.27363433845,0.10632767616319172,0.11046446689314227
KFA,1892-12-09,1.9356187006,8.23824,24.851729999999996,77886.67833587441,0.04814114196166841,0.05266290080728431
KFA,1893-12-15,1.97858923964,9.05104,24.81789,79724.31337394114,0.05120135130110803,0.051763029267763105
KFA,1894-12-21,1.7546798614799999,9.72706,25.12159,69847.48423487526,0.08772665288270498,0.0770331038471288
KFA,1895-12-27,1.62442322328,9.48616,25.38519,63990.98148487366,-0.07865773234266893,-0.0860885615494309
KFA,1897-01-02,1.6153642944400002,9.59012,25.69749,62860.781128429284,-0.001643329562984297,-0.011267197708561882
KFA,1898-01-08,1.63597865184,9.587,26.19354,62457.33306151059,0.010759580142792435,-0.004949329339987818
KFA,1899-01-14,1.6582274436000002,9.73343,26.60126,62336.42480093049,0.015214971719456516,0.0035199582001830265
KFA,1900-01-20,1.74468409492,10.20374,27.07327,64443.05009775324,0.05130683189386831,0.038602584840149
KFA,1901-01-26,1.85221960456,10.08398,27.594120000000004,67123.70623016787,0.04967847601563169,0.02853766889745235
KFA,1902-02-01,1.85515289336,10.02137,28.00421,66245.49999303676,-0.06602197453663172,-0.07645316224690268
KFA,1903-02-07,1.7114344494,10.21183,28.3937,60275.14728267187,-0.016494893006190336,-0.026372050303346883
KFA,1904-02-13,1.6799915885999999,10.1259,28.86599,58199.68719590078,-0.012292754430773933,-0.025130471160403234
KFA,1905-02-19,1.8764971836000002,10.51837,29.25249,64148.28903795882,0.10974031436681986,0.0985385959591063
KFA,1906-02-25,1.93634841244,10.25709,29.79195,64995.69220678741,-0.013370435036687,-0.026655406907827972
KFA,1907-03-03,2.0203731719599998,10.18437,30.42908,66396.13067368451,-0.008801822318782793,-0.024829948327849682
KFA,1908-03-09,2.2020022944399997,9.9621,31.052900000000005,70911.32533322168,0.08245526875025089,0.06500236218935118
KFA,1909-03-15,2.2265514232,10.16497,31.648590000000002,70352.31026721885,0.09496769978082797,0.07958292529040878
KFA,1910-03-21,1.9866028067600001,10.1432,32.26859,61564.59909652079,-0.07040362224378782,-0.08491384760654574
KFA,1911-03-27,2.25483448164,10.23196,32.98057,68368.57221206304,0.05777097859678482,0.03983540095899696
KFA,1912-04-02,2.3692098560000003,10.53377,33.62767,70454.17824071665,0.02944852686342503,0.015394277522593702
WBL,1837-01-13,0.01991870348,9.80822,0.64,31122.9741875,0.17340428528787966,0.1789295113172218
WBL,1838-01-19,0.020123230920000002,9.80684,0.64,31442.548312500003,0.007628088523762955,0.007527198483028741
WBL,1839-02-01,0.02031328572,9.80763,0.64,31739.5089375,0.007288944464751701,0.0073189740540360315
WBL,1840-01-31,0.02074038252,9.873,0.64,32406.847687499998,0.012386842274899834,0.013165184628298299
WBL,1841-02-13,0.020808563880000002,10.09537,0.6407693112750878,32474.345312499998,-0.0007662905752640059,-0.0006780486367232719
WBL,1842-02-26,0.02149293276,10.0588,0.64,33582.7074375,0.03629202465397574,0.0371378176101016
WBL,1843-02-18,0.02099083792,9.32791,0.6400000000000001,32798.18425,-0.0010234114612728273,-0.0008535745751031554
WBL,1844-02-24,0.021916549719999998,9.57161,0.6399999999999999,34244.6089375,0.012961547446979749,0.015170227652361756
WBL,1845-03-09,0.08640743331999999,10.15392,0.6400000000000001,135011.61456249998,1.4869262184023047,1.403187426844092
WBL,1846-03-08,0.0889574712,11.07758,0.64,138996.04875,0.027283914867090253,0.01303214476664194
WBL,1847-03-21,0.0888346836,11.07476,0.6400000000000001,138804.193125,-0.002185395623744091,-0.002202698590895502
WBL,1848-04-03,0.08781557563999999,10.64026,0.64,137211.8369375,-0.01214773612006581,-0.012145924161099386
WBL,1849-03-26,0.08931937404,10.64759,0.64,139561.5219375,0.01638785037584456,0.01636925235321307
WBL,1850-04-01,0.08958481948000001,10.62893,0.64,139976.2804375,0.002250004793592275,0.0022341573709363516
WBL,1851-04-14,0.08935669028,10.59949,0.64,139619.82856249998,-0.00021355288253732674,0.00017751789998610157
WBL,1852-04-13,0.08963646016,10.57281,0.6402415886047862,140004.11993749999,0.002402690937528096,0.0023897148860343442
WBL,1853-04-26,0.08991395660000001,10.54927,0.64,140490.5571875,0.0023653044349840613,0.0023322013410265185
WBL,1854-05-09,0.08904608232,10.2704,0.639200361560695,139308.56062499998,-0.009158053564399915,-0.00922169228699432
WBL,1855-05-01,0.02631428748,10.42839,0.64,41116.074187499995,-0.7046176263430559,-0.7046160682832983
WBL,1856-05-07,0.0267160556,10.3109,0.642759534451713,41564.619687499995,0.010076946995007718,0.009743522410875505
WBL,1857-05-20,0.02501608096,9.73235,0.64,39087.6265,-0.07041616912541393,-0.07073566491619898
WBL,1858-05-19,0.025896951079999998,8.9645,0.64,40463.9860625,0.02754683791081125,0.02706916483194366
WBL,1859-06-01,0.02676138556,8.85235,0.64,41814.6649375,0.025400899037203217,0.025134784982405067
WBL,1860-06-14,0.02876079232,8.77013,0.6701006550944645,42920.107749999996,0.02266530878931472,0.024064128325514078
WBL,1861-06-06,0.0284961248,6.86696,0.64,44525.195,-0.009867676866042507,-0.008560411636078569
WBL,1862-06-12,0.02840145672,4.09808,0.64,44377.276125,-0.0029227392727573243,-0.002877771236967086
WBL,1863-06-25,0.028245732319999998,4.17384,0.64,44133.95675,-0.004253055184618937,-0.0042190857263849635
WBL,1864-06-24,0.02811993704,4.29525,0.64,43937.401625,-0.0031987564951461156,-0.003150642931012304
WBL,1865-07-07,0.02783049516,4.39814,0.64,43485.1486875,-0.008878996684377971,-0.00935107668209234
WBL,1866-07-20,0.02744135628,4.85626,0.64,42877.1191875,-0.007813915696279872,-0.007694872257932639
WBL,1867-07-12,0.02753925824,7.70482,0.64,43030.091,0.00365442636547475,0.0036357022240229853
WBL,1868-07-18,0.02852739188,8.42758,0.64,44574.0498125,0.03770112836688244,0.039562323741458405
WBL,1869-07-31,0.028996599839999998,8.4044,0.64,45307.187249999995,0.011843175854551413,0.011762027529798491
WBL,1870-07-30,0.02935383724,8.37736,0.64,45865.3706875,0.009769435174173946,0.009790617699817039
WBL,1871-08-12,0.02955585932,8.25998,0.6404135779196618,46151.206562499996,0.011129074869394628,0.00996526765951189
WBL,1872-08-25,0.03008365412,9.41419,0.64,47005.7095625,0.011895713436970823,0.011464332855305681
WBL,1873-08-17,0.03059311164,9.36542,0.64,47801.7369375,0.013205782226369811,0.013109728050131997
WBL,1874-08-23,0.0291061706,8.99458,0.64,45478.3915625,-0.022814027382246693,-0.02356016719978049
WBL,1875-09-05,0.02900221844,8.58652,0.6406152254236339,45272.446375,-0.013863405649789717,-0.013463340984577354
WBL,1876-09-04,0.02938732212,8.5488,0.64,45917.6908125,0.010925910176930342,0.010909461983181101
WBL,1877-09-17,0.030859719799999998,8.90256,0.64,48218.3121875,0.045204600718034005,0.04506361483069021
WBL,1878-09-30,0.031448965599999996,8.84635,0.64,49139.00875,0.014693884848492988,0.014548950689382556
WBL,1879-09-22,0.030820689119999998,8.42855,0.64,48157.32675,-0.003572323068132488,-0.0035152185380050716
WBL,1880-09-28,0.03104133344,8.31638,0.64,48502.08349999999,0.004793223243905853,0.005297669297843699
WBL,1881-10-11,0.0313570062,8.23429,0.64,48995.3221875,0.00722065974565167,0.007146990867764824
WBL,1882-10-10,0.03183882728,8.17542,0.6405302522431862,49706.984437499996,0.0115962694763867,0.011560160749161108
WBL,1883-10-23,0.03320558228,8.50934,0.64,51883.7223125,0.042061584486060344,0.041787271684155636
WBL,1884-11-05,0.033743973639999994,8.46092,0.64,52724.958812499994,0.012216588308678888,0.012244739334805743
WBL,1885-10-28,0.03421100956,8.40447,0.64,53454.7024375,0.010197930514352693,0.010141214401101939
WBL,1886-11-03,0.0346490976,8.3619,0.6433642255968666,53856.1148125,0.006468433060104362,0.006059976409855894
WBL,1887-11-16,0.03411112068,7.92545,0.64,53298.6260625,-0.022020200891877173,-0.022239197905763564
WBL,1888-11-15,0.03382345304,7.40474,0.6402868760268537,52825.4666875,-0.009058722832702482,-0.009196820924435523
WBL,1889-11-28,0.03440138416,7.57668,0.64,53752.16275,0.014515256432194423,0.014507707592229746
WBL,1890-12-11,0.03477506968,7.55745,0.64060189156787,54284.99375,0.00807946483864841,0.008035224647042094
WBL,1891-12-03,0.035098054680000004,7.54006,0.64,54840.7104375,0.007419940921571833,0.0074369224210717455
WBL,1892-12-09,0.03543478848,7.46274,0.64,55366.857,0.007383667169227337,0.007357711221950725
WBL,1893-12-22,0.0357313684,7.45055,0.64,55830.263125,0.006393668787196161,0.006431303873356775
WBL,1894-12-21,0.03786546868,8.08716,0.64,59164.7948125,0.059962478574133504,0.05975794090314568
WBL,1896-01-03,0.03821375428,8.04822,0.64,59708.9910625,0.007264025721433587,0.007273843103389854
WBL,1897-01-16,0.0380741764,7.92584,0.64,59490.900624999995,-0.004164361835500396,-0.0044409323054886984
FIN,1837-01-13,0.7609866705999999,10.34169,14.68287,51828.19643571046,0,0
FIN,1838-01-19,0.6581235492,9.7364,14.811210000000003,44434.15151091639,-0.16414547778226685,-0.16950707901800544
FIN,1839-01-25,0.75477623104,10.501,15.02627,50230.44514972778,0.09145439007776957,0.08023638805010536
FIN,1840-01-31,0.6499229261199999,10.41547,15.28971,42507.210805175506,-0.09701520265537955,-0.1088272622301436
FIN,1841-02-06,0.70818043608,9.38461,15.51316,45650.30181342809,0.07520218913363963,0.0639955520221076
FIN,1842-02-12,0.79421067804,9.68557,15.67444,50669.158071356935,0.026909802130927307,0.019103385618340907
FIN,1843-02-18,0.80076371596,9.68662,15.90022,50361.80102916815,0.05126713173026576,0.039916065860018834
FIN,1844-02-24,0.71965076768,10.28101,16.12367,44633.18634529236,-0.09286575238230421,-0.10233594701461168
FIN,1845-03-02,0.86973263,9.71134,16.37388,53117.07609925076,0.15936010127859035,0.14611644843868588
FIN,1846-03-08,0.771538287,10.30815,16.64806,46344.035701457105,-0.050568038033101725,-0.06253805138277013
FIN,1847-03-14,0.91468278564,10.39584,16.95535,53946.558793537144,0.2701914578564004,0.2528692366995964
FIN,1848-03-20,0.89916276372,9.71274,17.23147,52181.4310514425,0.08200841981456408,0.06878966059321678
FIN,1849-03-26,0.8241897045200001,10.17937,17.51051,47068.28667583069,-0.07402382625307657,-0.08513376438737386
FIN,1850-04-01,0.89725213864,10.20908,17.80263,50399.976780958765,0.07914463941203342,0.06580155178805969
FIN,1851-04-07,1.09085696044,10.02327,18.10193,60261.91463783144,0.16282549792593182,0.14837315495056358
FIN,1852-04-13,0.4452342336,10.08212,12.498519999999997,35622.956446043216,-0.550933997931278,-0.3464975775025022
FIN,1853-04-19,0.9542046883199999,9.93894,18.63877,51194.616829329396,0.8711070029332926,0.2599767021261723
FIN,1854-04-25,1.08222193456,9.95062,18.92626,57180.971547468966,0.08106622905016825,0.06887063072163757
FIN,1855-05-01,1.21670526172,9.82723,19.42048,62650.62767346636,0.07696190045667639,0.05739838636559269
FIN,1856-05-07,1.46336238672,9.52608,20.08871,72845.01527076653,0.12886304383064462,0.0991457159161655
FIN,1857-05-13,1.29232432628,9.81768,20.36876,63446.391743041786,-0.09569688416362698,-0.10455793909542843
FIN,1858-05-19,1.35007767284,9.76822,21.14126,63859.849074274665,0.025640744145201122,-0.003491768696921471
FIN,1859-05-25,1.40261345744,9.55105,21.64335,64805.74668154421,0.0450220426145691,0.02769063259647231
FIN,1860-05-31,1.47806270664,9.60629,21.865129999999997,67599.08158058059,0.1366760297023688,0.12765069596671585
FIN,1861-06-06,1.61667322492,9.53003,22.09142,73181.04607671214,0.055832585798601064,0.04789530869827541
FIN,1862-06-12,1.9019135122,9.50571,22.316400000000005,85224.9248176229,0.05401736960790382,0.046383832477219666
FIN,1863-06-18,1.96372425548,9.46541,22.49062,87313.03341037287,-0.034551124312133696,-0.04018655513448699
FIN,1864-06-24,2.04638739968,9.44233,22.67303,90256.45887117866,0.05242336296943817,0.04594002088602145
FIN,1865-06-30,2.05361808444,9.60521,22.759190000000004,90232.47683419312,0.0439267864383579,0.04217066567384675
FIN,1866-07-06,1.92349264432,9.34261,23.03309,83509.96954034391,-0.07161808792118607,-0.0802570618805819
FIN,1867-07-12,2.01402056388,9.59135,20.98757,95962.54182261214,0.09610512370927182,0.20608019809457656
FIN,1868-07-18,2.30183374824,9.40041,23.71197,97074.75794883344,0.050125084858780644,-0.019162011260565714
FIN,1869-07-24,2.13214361204,9.11184,24.11781,88405.35737034168,-0.049838730846878954,-0.062055102420494834
FIN,1870-07-30,2.00663899124,8.99026,24.28188,82639.35870039716,0.007238419646108385,0.002255974726159904
FIN,1871-08-05,2.22263269904,8.81705,24.42685,90991.37625358978,0.03086263960076807,0.02662427536636236
FIN,1872-08-11,2.1045441014,8.87227,24.57874,85624.57234992518,-0.045044163079812294,-0.049536866907536226
FIN,1873-08-17,2.27612248708,8.86176,24.88655,91459.94471230444,0.05217645004916993,0.042340654032555713
FIN,1874-08-23,2.02616872172,8.96912,25.67059,78929.5735594702,-0.10264794862576332,-0.12320249563531194
FIN,1875-08-29,2.46320381164,8.86544,26.313570000000002,93609.63987934742,0.15446988567784237,0.13359620733405686
FIN,1876-09-04,2.46400267412,8.89503,26.59449,92650.87144442326,0.025552460093946072,-0.062656504673686
FIN,1877-09-10,2.8481903684,9.12233,26.91006,105841.10062928138,0.14980079168496618,0.13954762386794228
FIN,1878-09-16,2.8832137126000004,9.18075,27.25212,105797.77692891416,0.012163851598384401,0.002489025910776821
FIN,1879-09-22,3.16927477204,9.23432,27.58545,114889.36276334082,0.05025506177388661,0.040970381706568526
FIN,1880-09-28,3.47500819848,9.29187,27.97423,124221.76404783974,0.1173405370715841,0.10495320840970801
FIN,1881-10-04,3.93815289244,9.76419,28.39352,138699.00218218807,0.08602109633508204,0.07438700710093782
FIN,1882-10-10,4.31498424604,10.0691,28.853689999999997,149547.0508638583,0.10986019210650477,0.09661668699248227
FIN,1883-10-16,4.7965043932,10.15398,29.349770000000003,163425.62116159682,0.10528587695220937,0.09071418607737125
FIN,1884-10-22,4.69237453412,10.37754,29.7563,157693.48118280835,-0.04494818822596125,-0.05479532972338541
FIN,1885-10-28,5.12951162464,10.29278,30.2966,169309.8111550471,0.08469683669188832,0.07006758972714189
FIN,1886-11-03,5.62856325148,10.38672,30.85418,182424.65855452974,0.07333775650328422,0.058452168811212735
FIN,1887-11-09,6.25549021396,10.75325,31.38436,199318.71205785303,0.041862589418527385,0.028750013169795086
FIN,1888-11-15,6.68986442332,10.8013,31.9082,209659.7245635918,0.053372534843590946,0.04042867338449696
FIN,1889-11-21,6.758121623239999,11.03521,32.50407,207916.16629055992,-0.0026605723342177923,-0.016317494966419877
FIN,1890-11-27,6.519612090680001,11.1142,33.07345,197125.24972991933,-0.018323503802916807,-0.031070593933706148
FIN,1891-12-03,7.33475834884,11.16582,33.6949,217681.55859907586,0.09540197408251783,0.08036035431315014
FIN,1892-12-09,7.88189257128,11.30149,34.29247,229843.2446330054,0.04896043755555102,0.03518212258325826
FIN,1893-12-15,7.7637702636000006,11.32294,34.92477,222299.82512698008,-0.0291281179887658,-0.042173084740513955
FIN,1894-12-21,8.524804827239999,11.05132,35.56002,239730.03466364753,0.06600351065127619,0.05130982672849527
FIN,1895-12-27,8.80040618392,10.95616,37.28506,236030.36132756658,0.02844877558635739,-0.011135434329897498
FIN,1897-01-02,9.464705584359999,10.9183,38.4189,246355.45485060738,0.06681454236591877,0.04645169067394184
FIN,1898-01-08,9.07083275332,10.976,39.04061,232343.52007614632,-0.027102861026646385,-0.03877146596226577
FIN,1899-01-14,10.85210444396,11.08794,39.67450000000001,273528.4488515293,0.11785027190344377,0.10423833318012199
FIN,1900-01-20,11.09766835372,11.49552,40.35878,274975.3177306152,0.025775453998552855,0.01242264131510984
FIN,1901-01-26,11.526869757,11.74843,41.0418,280856.827843808,-0.022305016068898564,-0.034683459005391715
FIN,1902-02-01,12.3270336696,11.59955,41.70775,295557.3884853535,0.04497418474393178,0.03245227659931138
FIN,1903-02-07,10.411086964199999,12.13838,42.43395,245348.0518358531,-0.08816230507795231,-0.1000504670939365
FIN,1904-02-13,12.02489679456,11.81486,43.29093,277769.426403175,0.0919673192890591,0.07498276838721951
FIN,1905-02-19,11.8868615762,11.35666,44.06887,269733.7502913054,-0.014487638131063352,-0.02815931688710316
FIN,1906-02-25,12.32805536976,11.51779,44.75854,275434.7074270072,0.06215648482701708,0.049611268776343476
FIN,1907-03-03,13.115299240159999,11.56506,45.53891,288002.04572661046,0.048500925152623164,0.03492915806563368
FIN,1908-03-09,13.22326226052,11.59117,46.28044,285720.32289494225,-0.0118017106284527,-0.023776165502993107
FIN,1909-03-15,13.17337069256,11.85781,47.06665,279887.578414015,0.010269334548812514,-0.002743440263116903
FIN,1910-03-21,13.067365890280001,11.88295,47.85122,273083.23362037586,0.015991073904585207,0.003506124126249288
FIN,1911-03-27,13.64216759568,12.10733,48.64123,280465.10328131093,0.03167940159517113,0.01861810674386577
FIN,1912-04-02,15.59591434128,12.38695,49.39536,315736.4242568533,0.11172215556862586,0.09892162797337178
PHI,1837-01-20,1.52765984384,8.46505,26.267221117376778,58158.41108633277,0,0
PHI,1838-01-19,1.61665152064,8.54639,25.75279,62775.78160036252,0.05681876342479586,0.05581697759395965
PHI,1839-02-01,1.6466031166000001,8.73733,25.75279,63938.82436038969,0.03452424960614686,0.033481558481059714
PHI,1840-02-14,1.86560799568,8.80076,25.75279,72442.94679061958,0.12536118180041922,0.12202286578813948
PHI,1841-02-06,2.30457238804,8.39499,25.75279,89488.2608074698,0.16216789816179178,0.1609424973232172
PHI,1842-02-12,2.3893780112800003,8.66602,25.75279,92781.32626717338,0.02331603405397442,0.014936630007440721
PHI,1843-02-25,2.77207109556,8.73974,25.75279,107641.58351619377,0.026306793735511702,0.02471166832674143
PHI,1844-02-24,2.39630209988,8.77641,26.267005051691797,91228.60010740584,-0.09270365450981177,-0.09648647769284291
PHI,1845-03-09,2.4251995539199998,9.76394,25.75279,94172.30342498812,0.03999596443625886,0.028988822048433782
PHI,1846-03-22,2.53990955504,9.90138,25.75279,98626.57813153448,0.02933193136159873,0.022724929555911988
PHI,1847-03-14,3.0779267428000003,9.83087,25.75279,119518.18590529414,0.1247727635875846,0.12654028544560147
PHI,1848-03-20,3.18266050908,9.03611,25.841264289422284,123161.95033780806,-0.05370303256476183,-0.052357151882234776
PHI,1849-04-02,3.56701531732,9.05994,25.75279,138509.85921603057,0.11890941271148314,0.118657248801457
PHI,1850-04-01,3.43628190412,9.19334,25.75279,133433.3834943709,0.04606795649041029,0.045446621222708705
PHI,1851-04-14,3.4100184149199997,9.25539,25.75279,132413.5526643909,-0.01236057044205141,-0.01613927493116918
PHI,1852-04-27,3.4377434894400003,9.12859,24.93407998611555,137873.2839292364,-0.039167754758813955,-0.05430207955412569
PHI,1853-04-19,4.52598398512,9.32282,25.75279,175747.32621669341,0.20611434813515306,0.20477961463273786
PHI,1854-04-25,4.49620963272,9.42483,25.752789999999997,174591.16595599934,0.06240777439099343,0.05942518324171475
PHI,1855-05-08,5.573133163,9.44181,25.75279,216408.9080445264,0.1620355058796168,0.15800285709370976
PHI,1856-05-07,5.86211140996,9.45814,25.75279,227630.14842120017,0.023314534906684115,0.02529805719935263
PHI,1857-05-20,5.96792945528,9.43904,25.75279,231739.14186695887,0.031022790010905243,0.029509346208810072
PHI,1858-06-02,6.44545631912,9.65521,25.75279,250281.8653481817,0.03989770089016598,0.04194293860927867
PHI,1859-05-25,6.7973856683200005,9.53123,25.75279,263947.5438707806,0.06364957581908115,0.06465469777767674
PHI,1860-05-31,7.71495044008,9.54945,25.752790000000005,299577.26677692006,0.13241484717955254,0.13103301664003442
PHI,1861-06-13,7.996583803519999,9.74885,49.05134,163024.77778425624,0.017737754778148318,-0.46684519947568903
PHI,1862-06-12,8.658789261719999,9.85968,49.051339999999996,176525.02993231174,0.06132602953160071,0.06359550439651485
PHI,1863-06-25,9.824686565719999,9.87427,49.53775886989475,198327.23138572767,0.105217707401976,0.10902928078774798
PHI,1864-07-08,10.743413026839999,9.9035,49.05134,219023.84372863205,0.07206433886165375,0.07190829017275369
PHI,1865-06-30,11.691366612120001,9.87057,49.05134,238349.58661924425,0.06492001063575903,0.06487154113107585
PHI,1866-07-06,12.51202101812,9.88025,49.05134,255080.1062339989,0.06121518542750515,0.061111957712803644
PHI,1867-07-19,13.14115204116,10.59804,47.634952912383625,275872.0485214063,0.0656166445720392,0.06962598163435274
PHI,1868-07-18,14.231264196760002,10.75254,49.05134,290129.9780344431,0.05636742059114597,0.05474969380188832
PHI,1869-07-31,14.4482152854,10.79644,49.05134,294552.9171150064,-0.019366096997642246,-0.020659898944518806
PHI,1870-08-13,14.20801256316,10.93685,49.05134000000001,289655.9515634027,-0.02722156017743438,-0.021883089956660107
PHI,1871-08-05,14.428420531199999,10.89523,49.05134,294149.3653629034,0.01524245327703877,0.015122945454218772
PHI,1872-08-11,14.3136798896,10.87723,49.05134000000001,291810.17051929666,-0.020739258313474673,-0.02178232737472985
PHI,1873-08-24,16.062037062759998,11.00427,49.05134,327453.5835873189,0.11484881056456508,0.11531198831344325
PHI,1874-08-23,16.82309096884,10.88039,48.94953014711153,343682.37893766,0.04204398899124806,0.043272572258089115
PHI,1875-09-05,16.35059103964,10.86617,49.05134,333336.2766366831,-0.026451100515939907,-0.02745715226186851
PHI,1876-09-18,16.6947842568,10.86466,49.05134,340353.27591050515,0.017574945003243192,0.01581298390684549
PHI,1877-09-10,17.052839544,11.80076,49.05134,347652.8784738602,0.015045661357361961,0.01390025496361802
PHI,1878-09-16,18.1163147854,11.84437,49.02292182321079,369547.8382690463,0.0561566402806295,0.0567909339405992
PHI,1879-09-29,20.45275760788,11.98875,49.05134,416966.3378794544,0.07257978531546683,0.07412589350520027
PHI,1880-09-28,18.59265855148,11.27539,49.670462494736704,374320.2220726283,-0.12675546888467293,-0.1275554576791076
PHI,1881-10-11,19.01849950104,11.43583,49.05134,387726.4005639805,-0.01605649151336641,-0.0048321667544145575
PHI,1882-10-24,20.5207929004,11.51376,50.30446024689008,407931.8772070243,0.04145645381132934,0.03499989292625849
PHI,1883-10-16,21.76348583968,11.32511,49.05134,443687.8959816388,0.0771456110521862,0.07535804422607972
PHI,1884-10-22,21.7985581814,12.16993,50.78530039603324,429229.678891545,-0.04068707453470555,-0.04471734780391157
PHI,1885-11-04,22.4805937772,11.93745,49.05134,458307.43415368465,0.03878603084254606,0.03737295048640421
PHI,1886-11-03,23.10747358556,11.44057,49.05134,471087.5092415416,0.027445533596594185,0.03014824170144559
PHI,1887-11-16,23.19799157832,11.80328,49.05134,472932.8817178083,0.0031414574281161123,0.005426997021809266
PHI,1888-11-29,24.758893532880002,11.96085,48.221228378303174,513443.8579341563,0.042722343212390435,0.04044305799178982
PHI,1889-11-21,23.61629562656,11.91577,49.05134,481460.76389676606,-0.021622673078278365,-0.024159930304603394
PHI,1890-11-27,26.2732959216,12.01041,49.05134,535628.5051866064,0.09623644220495153,0.09547898456477055
PHI,1891-12-10,28.691009732319998,12.10687,49.05134,584917.9600867173,0.06644485457650862,0.07040541321957083
PHI,1892-12-09,31.5366715898,12.35536,49.05134,642931.9074626707,0.06978619659395124,0.06771336497630709
PHI,1893-12-22,29.049762889679997,11.80462,49.05134,592231.789991466,-0.07136212096117611,-0.062121384753570874
PHI,1895-01-04,31.60449946576,12.00063,49.05134000000001,644314.7010002172,0.07697737723549358,0.07400800707549071
PHI,1895-12-27,33.28122814692,12.2707,49.05134,678497.8381206302,0.05148013132219953,0.0502053993812237
PHI,1897-01-02,32.20366670352,12.17244,49.05134,656529.8053737165,-0.04107526667761974,-0.04163688306414148
PHI,1898-01-15,33.80894837008,12.30243,49.05134,689256.366290503,0.047654059495613854,0.048010530225710335
PHI,1899-01-14,34.20902706156,12.36938,49.05134,697412.6917136208,0.014806538798951996,0.01490553902198788
ARG,1838-05-11,0.6598693218,9.14473,9.39572,70230.84146824299,-0.05149225662842749,-0.1378634453826484
ARG,1839-05-24,0.6468325947200001,9.71647,9.190148058655659,70383.26157441898,-0.00023838140946053077,-0.00021098898347837736
ARG,1840-05-23,0.5121605340800001,8.6724,9.39572,54509.98263890367,-0.1728509609073272,-0.1806665192194863
ARG,1841-06-05,0.6355356451599999,9.45016,9.52003428397352,66757.70550846556,0.24106904041025268,0.2500881483989663
ARG,1842-06-18,0.6621046104399999,9.15849,10.49383,63094.65756925735,0.046598168189172506,-0.05593096222559624
ARG,1843-06-10,0.73773233508,9.28732,10.49383,70301.53290838521,0.06803056648209593,0.07179393533497946
ARG,1844-06-16,0.55027007412,9.17485,11.08512,49640.425554256515,-0.21656612506341688,-0.2527435627655703
ARG,1845-06-29,0.50911341832,9.59016,9.905150299290737,51398.858466231984,-0.0593423206257957,0.017823564181627116
ARG,1846-06-28,0.58174417496,9.62639,10.24653,56774.749594252884,0.12072728066948968,0.11469158570525928
ARG,1847-07-11,0.6272079023599999,9.54088,10.24653,61211.737276912274,0.08715373706507368,0.09469396547359454
ARG,1848-07-24,0.67505826648,9.52138,10.246530000000002,65881.64641883642,0.07059737212650541,0.07061973265360755
ARG,1849-07-16,0.66556997988,9.57655,10.24653,64955.646436403345,-0.011778282105737059,-0.012052511471812077
ARG,1850-07-22,0.70230781556,9.7047,10.24653,68541.03931379697,0.04156222183642155,0.04122738898623335
ARG,1851-08-04,0.69344622516,9.61757,10.24653,67676.20112955313,0.007344675869120465,0.009119614767537199
ARG,1852-08-03,0.7522788150799999,10.10036,10.278190283971542,73191.75791609453,0.06121444950906185,0.06976837636478361
ARG,1853-08-16,0.7595492216,10.16062,10.24653,74127.4579394195,0.013031099200458751,0.01246910911596899
ARG,1854-08-29,0.80638952628,10.32743,14.32648,56286.647262970386,0.03220811725029149,-0.06651310485900763
ARG,1855-08-21,0.81200429492,10.5966,14.32648,56678.56269788532,-0.008404459238130824,-0.008555863355502735
ARG,1856-08-27,0.96430908756,10.10118,14.210867906531405,67857.15650180644,0.14138644204812234,0.14457063357215083
ARG,1857-09-09,0.9296745712800001,10.08836,14.32648,64892.04405269124,-0.021158402904859708,-0.018678274307100895
ARG,1858-09-08,1.0564577093199998,10.42975,20.77076,50862.73729608353,0.11181151514165855,-0.23834822826035407
ARG,1859-09-21,1.11012421364,10.73186,20.77076,53446.489855932086,0.05445889175967378,0.05134593211796168
ARG,1860-10-04,1.25343019776,10.71621,21.337742600473568,58742.39938259361,0.09111228577711339,0.09271106580097666
ARG,1861-09-26,1.13053821556,10.74201,20.77076,54429.313879703965,-0.12279660909773471,-0.12016187882711327
ARG,1862-10-02,1.2153895561599999,10.89968,20.77076,58514.4480105687,0.021253277747632637,0.018303606479603385
ARG,1863-10-15,1.2582639477200002,10.47041,30.802580000000003,40849.3037829948,0.05838780221019846,-0.29207431655705185
ARG,1864-10-14,1.2403928284799999,10.79639,30.80258,40269.1212385456,-0.005666024629190081,0.0005912471193207924
ARG,1865-10-27,1.2404782728,10.96889,30.80258,40271.895172417375,0.0003834827091726556,0.01376441316639987
ARG,1866-11-09,1.48965767756,10.93165,30.80258,48361.45795449602,0.07375295735246978,0.08345156513844754
ARG,1867-11-01,1.44949284532,10.63606,30.80258,47057.51418614935,0.010130596036396433,0.008927112983601937
ARG,1868-11-07,1.52222371444,10.89577,30.80258,49418.70825236068,0.0778451021261859,0.07601511483307255
ARG,1869-11-20,1.5400508510400002,11.04121,30.80258,49997.46290862649,0.037337232622672856,0.033246558738369014
ARG,1870-11-19,1.77642432968,10.57734,30.802579999999995,57671.28369376851,0.09332508312129728,0.09808058338095482
ARG,1871-12-02,2.13442736416,10.68161,52.56236098396202,40607.524551860646,0.05770499357281911,-0.28244835254981404
ARG,1872-12-15,2.118639029,9.96585,45.67943,46380.592511771705,0.06500587626132948,0.06435432526888496
ARG,1873-12-07,2.11432500916,11.26394,58.82547000000001,35942.339417942596,0.056179417025249645,-0.09507469533002366
ARG,1874-12-13,2.17423968892,11.08235,58.82547,36960.855373021244,0.00965417218318465,0.009398272894672433
ARG,1875-12-26,2.3014425709600004,11.34302,58.97641962787335,39023.097459654804,0.022541081732313506,0.022853023324766575
ARG,1876-12-25,2.15404276152,10.33785,58.82547,36617.51893389037,-0.03754111856969977,-0.040983649692266755
ARG,1878-01-07,2.2963730732800003,10.82392,71.067,32312.79037077688,0.052841585085189324,-0.09526311192607739
ARG,1879-01-20,3.0364560298799996,10.83259,71.067,42726.66680569041,0.21352159299205908,0.20502439552533103
ARG,1880-01-12,3.78057594356,10.75699,71.067,53197.348186359355,0.25409273318656855,0.251646810517957
ARG,1881-01-18,3.93024081476,10.69041,71.067,55303.31679626269,0.04513674127285561,0.0434299429226126
ARG,1882-01-31,4.00212678684,10.19931,71.067,56314.84073958378,0.03272110133964512,0.03426782891170732
ARG,1883-01-30,4.438125309279999,11.02851,90.95879164273157,48792.70303756994,0.08713128202720855,-0.1049476097853439
ARG,1884-02-12,4.94263760588,11.07112,93.71325,52742.142715998,0.10558344902487216,0.0816152977058211
ASH,1837-01-20,0.32840871856000003,6.96844,11.97651214038751,27421.06505720739,0,0
ASH,1838-01-19,0.31155946172000004,7.03661,11.88308,26218.746463038206,-0.03713106074977712,-0.029152012460427756
ASH,1839-02-01,0.35876784528,6.68668,11.88308,30191.486153421505,0.14858747991095278,0.14833685148603282
ASH,1840-02-14,0.43093371724,6.52546,11.883080000000001,36264.48002033143,0.20671191234621378,0.20561163286886264
ASH,1841-02-06,0.35481611047999995,7.29329,11.88308,29858.934761021552,-0.16211994700217403,-0.16182144776277996
ASH,1842-02-12,0.36225678788000004,7.40216,11.88308,30485.09207040599,0.01175561496426325,0.011261473361770857
ASH,1843-02-25,0.37395894484000003,6.69706,11.88308,31469.86680557566,0.2328059719908313,0.2406882082918813
ASH,1844-02-24,0.426067772,7.35137,11.880477611088493,35862.84877994594,0.08527845940828471,0.0968973948129781
ASH,1845-03-09,0.50795398056,6.71198,11.88308,42745.98677783874,0.19117794153406842,0.1885089059969789
ASH,1846-03-22,0.444310997,7.76849,11.88308,37390.221811180265,-0.09528222248380569,-0.0891539103228639
ASH,1847-03-14,0.45378921068,7.47162,11.88308,38187.84445446804,-0.09920211248963484,-0.10433880330577217
ASH,1848-03-20,0.5311799038,6.40448,11.976957366897238,44350.154010576385,0.15065966788267704,0.14426717284456814
ASH,1849-04-02,0.46400366064000004,7.45909,11.883080000000001,39047.423785752515,-0.12357694889167126,-0.12316537498388602
ASH,1850-04-01,0.45431614072000004,6.85188,11.883080000000001,38232.18733863611,0.029038342959395225,-0.0046578594789637995
ASH,1851-04-14,0.53174285372,6.43393,11.88308,44747.89816444895,0.0924551864463663,0.0807007871459513
ASH,1852-04-27,0.48544630576000003,7.2459,11.898645108062775,40798.45237430027,0.020753398128588785,0.029991527981846122
ASH,1853-04-19,0.48973615288,7.25827,11.88308,41212.89706709035,0.007402030658577363,0.007381747877144962
ASH,1854-04-25,0.604883708,6.62312,11.88308,50902.93997852409,0.22895409013021029,0.22843020096443345
ASH,1855-05-08,0.61213711364,6.66064,11.88308,51513.337757551075,0.011604942310173394,0.011599206457103328
ASH,1856-05-07,0.57046759796,7.1027,11.88308,48006.711892876265,-0.08186148583783714,-0.08384051056407127
ASH,1857-05-20,0.57194140692,7.35909,11.88308,48130.73773129525,0.004480122070480208,0.004298676301582649
ASH,1858-06-02,0.5871826558,7.449,11.88308,49413.33861254826,0.01374215298056991,0.014456781879469416
ASH,1859-05-25,0.7027907582799999,7.51715,11.88308,59142.13808877833,0.06811541793426357,0.06741666218485887
ASH,1860-05-31,0.6736372812,7.25465,11.88308,56688.77775795501,-0.05039043559194856,-0.05196839714657775
ASH,1861-06-13,0.7638246023199999,6.92202,11.88308,64278.33544165317,0.12806771841090048,0.12832704909419057
ASH,1862-06-12,0.6873659676,7.64216,11.88308,57844.091565486386,-0.08587521131826992,-0.09680503769883841
ASH,1863-06-25,0.7050903012399999,7.44977,11.9467090639679,59019.62602961522,0.010729950083369522,0.010040961574216745
ASH,1864-07-08,0.81399290908,7.13955,11.88308,68500.16233838366,0.14829296276151238,0.14869263134406863
ASH,1865-06-30,0.85777170024,7.42437,11.88308,72184.29062498949,0.03852053476303108,0.03781265894534669
BGL,1853-01-04,62.01649137268,8.41015,1506.85087,41156.35635043301,0.027594358406448638,0.0278164993751151
BGL,1854-01-17,65.3937610586,7.93836,1505.0531891706087,43449.46845010615,0.0464527249557376,0.04679340757684547
BGL,1855-01-16,64.92179760872,8.03099,1506.85087,43084.42122658097,0.003777519844727184,0.003392464129142736
BGL,1856-01-29,69.62410199212,8.37722,1513.7266869064454,45995.16054936479,0.05674572311229542,0.05396707062204076
BGL,1857-02-11,70.71005550596,8.07687,1506.85087,46925.71568542811,0.023316963548074776,0.020990071628304685
BGL,1858-02-03,77.58090115984,8.08133,1506.85087,51485.45400504033,0.08009365106955646,0.08036550565550038
BGL,1859-02-09,81.14754354148,8.04377,1506.85087,53852.40514310484,0.0335987688367545,0.03236094204154116
BGL,1860-02-22,79.28206840892001,8.27381,1524.3347197675673,52010.9313137006,-0.02381518841328678,-0.020431429158301206
BGL,1861-02-21,96.19099949992,7.5922,1339.1334,71830.78213113047,0.17347836825773322,0.3307396593462524
BGL,1862-03-06,100.59747575436,7.78952,1339.1334,75121.32529467191,0.0008349263021218967,0.00470068660568157
BGL,1863-03-19,104.43209374832,7.73732,1339.1334,77984.83239109711,0.019128499516012587,0.0186562482669137
BGL,1864-03-11,108.64518848352,8.2838,1339.1334,81130.96759704448,0.04474998693719745,0.04487130186400501
BGL,1865-03-17,110.28871642204,8.09417,1342.9499765930552,82124.21783708778,-0.0034696278840039563,-0.004458125728586948
BGL,1866-03-30,105.29314043768001,8.22989,1339.1334,78627.82037822371,-0.03154488744429307,-0.028750344973979658
BGL,1867-03-29,115.81313105232,8.75144,1322.2724180745308,87586.43791493813,0.10347291853844598,0.10298146113141748
BGL,1868-04-11,71.81499609804,9.16182,1339.1334,53627.962754151304,-0.36340569519296295,-0.32336631773029945
BGL,1869-04-24,115.55577929636,8.9474,1378.9139850492195,83802.02140906948,0.19396034992722289,0.23277167908798746
BGL,1870-04-16,122.90141263036001,8.90377,1339.1334,91776.8256921678,0.05307158947350499,0.05434619590169132
BGL,1871-04-22,125.70140047244,8.7947,1358.4347016889096,92534.00278729513,0.013014781449230517,0.011458274311429761
BGL,1872-05-05,127.29137059288,8.67105,1339.1334,95055.03379490049,0.02324778666913163,0.023146712000071235
BGL,1873-05-04,123.98760814596001,8.47566,1339.1334,92587.9439240034,-0.007889951511811155,-0.003159304890301917
BGL,1874-05-17,137.5318799842,8.39621,1339.1334,102702.15049837455,0.06788542024395561,0.0719260596576059
BGL,1875-05-30,149.03958199416,8.37824,1339.1334,111295.54530874967,0.060182708821634234,0.05898677446346112
BGL,1876-05-22,151.28859830344,8.29983,1339.1334,112975.00182090896,0.01102303859462217,0.01131479496115495
BGL,1877-05-28,144.27594384008,8.15713,1339.1334,107738.29092761035,-0.021142055026000084,-0.01845493233443185
BGL,1878-06-10,152.24288254136,8.51476,1339.1334,113687.61509597176,0.043187925521870785,0.042028361944493664
BGL,1879-06-09,95.85423920904,8.76332,1339.1334000000002,71579.30584737861,-0.3761533705860791,-0.377671906201023
BGL,1880-06-22,161.38411701308,9.16936,1339.1334,120513.8465018347,0.6674142314832388,0.669483243176187
BGL,1881-07-05,169.13847683252,8.65158,1339.1334,126304.42705149465,0.04237994957682556,0.04254636225746311
BGL,1882-06-27,190.6011432234,8.60333,1339.1334,142331.70737388823,0.1061027183881138,0.10529832533890682
BGL,1883-07-03,205.04007381104,8.4305,1339.1334,153114.00179477266,0.059385591719446795,0.058796852349519035
BGL,1884-07-16,216.26578334868,7.64317,1347.7863077323243,160459.9943685073,0.045366065153999546,0.045226855786561604
BGL,1885-07-15,224.53670073796002,8.38377,1339.1334,167673.1390150974,0.030418595807924165,0.031859553822310094
BGL,1886-07-28,253.47730202443998,8.45933,1349.9872157166358,187762.74254558957,0.08328752509978732,0.08328206541069916
BGL,1887-08-10,253.23784433012,8.23848,1339.1334,189105.7637201193,-0.008934351271793761,-0.011031584350728596
BGL,1888-08-02,267.28453654604,8.28619,1339.1334,199595.15351199516,0.04607034235995289,0.045819779300835695
BGL,1889-08-08,277.74698007264,8.23445,1339.1334,207407.9998845821,0.024356737833256314,0.02497117045387731
BGL,1890-08-21,295.76987387428,8.3261,1345.3528921467996,219845.57033382935,0.044028199385548916,0.04310078523066019
BGL,1891-08-20,2.3436172156799997,5.95927,1339.1334,1750.0998897346597,-0.992009911827964,-0.9920262679824954
BGL,1892-09-02,2.5630608796,6.3302,1339.1334,1913.9697953915572,0.10117081176665987,0.1016533587674151
BGL,1893-09-15,2.80603810344,7.35733,1339.1334,2095.413424413132,0.06403420100021351,0.06483076878116134
BGL,1894-09-07,2.92412710876,7.3688,1339.1334,2183.5965772790078,0.05231409048364388,0.05239611081170659
BGL,1895-09-13,2.66712962724,7.92698,1339.1334,1991.6832984973714,-0.0342499659119333,-0.03347275293824159
BGL,1896-09-26,2.60214519188,7.6868,1339.1334,1943.1560678570186,-0.012217929738221667,-0.010794940964687805
BGL,1897-09-25,2.52027999236,7.85941,1267.8210955666486,1987.8829916720772,-0.0015452407503787624,-0.0010187909516981009
BGL,1898-10-08,197.99521657448,8.4206,1339.1334,147853.24342928047,1.599159322435034,1.2767701599654009
BGL,1899-10-21,214.72023658851998,8.4645,1339.1334,160342.6787715996,0.06157375610523763,0.062339805859581876
BGL,1900-10-13,221.67482484419997,8.50846,1339.1334,165536.02863180023,0.015881617759074818,0.015455422788678952
BGL,1901-10-19,236.27560637096,8.46809,1356.690695847895,174155.83897941757,0.03012451158304219,0.03104767188261759
BGL,1902-11-01,193.53327232824,8.2362,1339.1334,144521.279454489,-0.14376864912855836,-0.1407446041532303
BGL,1903-10-31,227.5627452098,8.56205,1339.1334,169932.84254563437,0.20608141002708624,0.1859367776502583
BGL,1904-11-13,234.48631132732,8.60898,1339.1334,175103.0265747386,0.02028390335796293,0.02006376130657639
BGL,1905-11-26,245.54767500276,7.99397,1327.644430767138,184949.87762715798,0.04031069718928526,0.043489578990696165
BGL,1906-11-18,222.59031003404002,8.75029,1339.1334,166219.66865589345,-0.08683446927666683,-0.0852602695093736
BGL,1907-11-24,233.03844482152,8.88375,1339.1334,174021.82995474536,0.0689002912630281,0.0684462325073385
BGL,1908-12-07,245.24446741600002,8.99906,1339.1334,183136.69677419742,0.048896468335693166,0.05008315232904392
BGL,1909-12-06,253.23186076708,9.24078,1339.1334,189101.29548488598,0.015745116041010032,0.014062322783781944
BGL,1910-12-19,230.37346886423998,9.24416,1339.1334,172031.75491272192,-0.09890772871153652,-0.10342378547400666
JAP,1873-10-12,17.450762759040003,7.46498,420.97351,41453.351207395455,0.14257981526928032,-0.12497468632427466
JAP,1874-10-18,18.98409891092,8.04411,421.89456,44997.259293696516,0.07649177973410692,0.07474004067948248
JAP,1875-10-24,19.71739137212,8.12254,423.33318999999995,46576.53082225847,0.033134189509551604,0.030518318838342884
JAP,1876-10-30,20.8784636996,8.13261,425.62305,49053.88394636992,0.049576630695002954,0.04547276449320781
JAP,1877-11-05,21.86379948896,7.96736,427.86024,51100.33007264242,0.046060854377175,0.04183068081971375
JAP,1878-11-11,20.45713424664,7.86925,401.2114,50988.417195124566,-0.005995954375734858,0.004463306752042984
JAP,1879-11-17,20.60891048528,7.12038,427.13809,48248.82389973697,0.020955322895146455,-0.019635678690194447
JAP,1880-11-23,17.78227622964,7.12491,424.51438,41888.51324574682,-0.11732109579880245,-0.11325832666757873
JAP,1881-11-29,17.81709448844,8.23344,424.38626999999997,41983.20197408837,0.00462167171034622,0.004720281447094576
JAP,1882-12-05,18.96788737116,8.30075,426.41227,44482.50837425481,0.0483624004633576,0.04457913165937932
JAP,1883-12-11,19.62866902984,8.30502,428.33841,45825.14332497055,0.026171344066777458,0.022665585629348284
JAP,1884-12-17,20.67745008732,8.17464,430.70957,48007.872421594904,0.044011670703107075,0.0397289682751949
JAP,1885-12-23,21.03888798596,8.22739,432.12355,48687.20528182275,0.014992567513638422,0.012607532132466792
JAP,1886-12-29,22.00885331216,8.26812,433.59297,50759.248500177484,0.03403381737329725,0.031192710181375816
JAP,1888-01-04,23.09127779088,8.29447,435.09305,53072.04468303963,0.02674464635447782,0.024262054901761587
JAP,1889-01-10,22.521539907359998,7.6798,434.35615,51850.39951053991,-0.009690569664929982,-0.008295542893286711
JAP,1890-01-16,19.801833501839997,8.11209,434.82339,45539.94554395981,-0.08662998272256783,-0.08731426091120187
JAP,1891-01-22,20.069325354,8.0721,439.67586,45645.729456240784,0.029746964831874,0.019319934206750933
JAP,1892-01-28,22.06562667504,8.16492,440.50041,50092.1819233721,0.08179567124299769,0.08010198020314263
JAP,1893-02-03,22.45628124168,7.95221,440.81112999999993,50943.09039265865,0.03953637578702329,0.039047450771804826
JAP,1894-02-09,20.61328443928,8.04938,401.20395,51378.56803074845,-0.012485891072213873,0.04383991677429533
JAP,1895-02-15,22.64273504792,7.58464,437.97801,51698.337658367825,0.043704020281643,-0.044352019646857754
JAP,1896-02-21,24.3030659352,8.02038,438.3334,55444.24845380252,0.05745210683580382,0.05689739134343452
JAP,1897-02-27,25.8840510526,8.24126,439.52568,58890.873117129355,0.04064300271061505,0.03847296628870356
JAP,1898-03-05,28.026805036880003,8.26782,440.88464,63569.47485600769,0.05376185632841879,0.05117959368920433
JAP,1899-03-11,28.27405727432,8.08592,440.68858,64158.815448133464,0.023155404658600665,0.023420438356904105
JAP,1900-03-17,29.058387142719997,8.48624,441.98347,65745.41609603635,0.044145514335812486,0.04152714941117752
JAP,1901-03-23,22.71488321804,7.89088,442.52287,51330.41647777436,-0.17783772976402612,-0.17876192845123717
JAP,1902-03-29,17.853775994600003,6.82494,436.3966,40911.812774435006,-0.17092576027620532,-0.16181393868351557
JAP,1903-04-04,21.90933431752,9.36174,430.94135,50840.640652190836,0.12808755851448095,0.14071466170032165
JAP,1904-04-10,22.20243732824,8.86103,433.97899,51160.166367132195,0.02182853167328802,0.016095630455393195
JAP,1905-04-16,24.79161209512,8.76158,436.75671,56762.97931431895,0.08781111114894413,0.08260247213595973
JAP,1906-04-22,16.7813888866,8.71459,337.10003,49781.629763129946,-0.3514861631363798,-0.15887296099432358
JAP,1907-04-28,26.457060267560003,8.41097,475.90474000000006,55593.18503018062,0.4648721164139735,0.05604145999032406
JAP,1908-05-04,29.07227546808,7.74995,477.09151,60936.476249766,0.0578692269723331,0.05600276788497549
JAP,1909-05-10,30.96706787304,7.71102,478.25741,64749.792110988936,0.0475913898266731,0.04566831498493773
JAP,1910-05-16,33.5102767506,8.49101,480.43047,69750.52342246319,0.06758290007285139,0.0638175500004945
JAP,1911-05-22,35.93383366144,8.23698,481.98335999999995,74554.09593692198,0.04563395654429536,0.043108223347478436
JAP,1912-05-28,36.97617160952,8.2355,483.06474,76544.96084628327,0.012444490750769033,0.010819370063106293
BOL,1851-12-22,1.1862070714,8.9252,16.03168,73991.43891345136,0.0203774047805243,0.019825825017776744
BOL,1853-01-04,1.20623063496,8.81896,16.037132215248416,75214.85878959659,0.00818868281654539,0.007357521353801522
BOL,1854-01-03,1.22695026896,9.03616,16.85733,72784.37741682697,0.001803873930892097,-0.02998944028250694
BOL,1855-01-16,1.23513472368,9.38925,16.85733,73269.89052714754,0.016388853908344103,0.013446791580218775
BOL,1856-01-29,1.21032477332,9.43065,16.85733,71798.13014991104,-0.007495525496548527,-0.00654153837018967
JAS,1837-01-13,0.00598289068,9.01694,0.5011,11939.514428257833,0,0
JAS,1838-01-19,0.00599568996,8.12167,0.51313,11684.54379981681,-0.011405481055275168,-0.02961162263687367
JAS,1839-01-25,0.00612650064,8.06317,0.52112,11756.410500460546,-0.032375240111358394,-0.043411326284746754
JAS,1840-01-31,0.0066110408,8.49768,0.52844,12510.485201725834,0.07277488357115591,0.061407128747338335
JAS,1841-02-06,0.00704871232,8.02914,0.53849,13089.773849096546,0.03670612662444417,0.02219737228040919
JAS,1842-02-12,0.00655334004,8.36261,0.54626,11996.741551642075,0.0026950185611698263,-0.008287549209929024
JAS,1843-02-18,0.00742960816,8.62155,0.55391,13413.024065281363,0.07799693025890697,0.06655968390633582
JAS,1844-02-24,0.00783308136,8.80257,0.56404,13887.457201616908,0.03349222805963792,0.020066082026624965
JAS,1845-03-02,0.00813562828,8.68284,0.57318,14193.84535399002,0.019190085332528417,0.00651087841881659
JAS,1846-03-08,0.00844354992,8.17274,0.58334,14474.491582953338,0.02603659622013299,0.010869183858875475
JAS,1847-03-14,0.0084894368,8.1597,0.58822,14432.417802862874,0.02209747032531384,0.01597107940533493
JAS,1848-03-20,0.00903088524,8.64911,0.59247,15242.77219099701,0.05742469950765483,0.05169292084769972
JAS,1849-03-26,0.00882362156,9.07063,0.59921,14725.424408804925,-0.022341294897854302,-0.03102747777620163
JAS,1850-04-01,0.00913479372,9.16281,0.60719,15044.37444621947,0.028141537096091795,0.018403238268711153
JAS,1851-04-07,0.00734982612,8.18918,0.60759,12096.687108082753,-0.14113594187666878,-0.22143752550622542
JAS,1852-04-13,0.00798955248,7.85563,0.61421,13007.851516582276,0.06217068398013148,0.05460062555001821
JAS,1853-04-19,0.00815946716,7.89396,0.61971,13166.589469267885,-0.008536091205370577,-0.015065843053144068
JAS,1854-04-25,0.00885547312,7.18855,0.62511,14166.263729583592,0.05085305123889139,0.04387380194780688
JAS,1855-05-01,0.00871879476,7.89034,0.62949,13850.56912738884,-0.012879003710914105,-0.017411029879565776
JAS,1856-05-07,0.008954820680000001,7.8871,0.63692,14059.568988255982,0.02760592795229022,0.01822276563209413
JAS,1857-05-13,0.00907776688,7.91555,0.64512,14071.43923611111,-0.004801091387152456,-0.014594643990065714
JAS,1858-05-19,0.00945039212,8.39905,0.65295,14473.377930928862,0.036753945438574576,0.028072695576589757
JAS,1859-05-25,0.007328709439999999,7.06723,0.65875,11125.175620493359,-0.07784110658519061,-0.0842258697416246
JAS,1860-05-31,0.00796250208,7.87595,0.66038,12057.454919894608,0.08989700717016746,0.08863304856323428
JAS,1861-06-06,0.00830422528,8.21507,0.66805,12430.544540079336,0.04286444608305029,0.03377393782464
JAS,1862-06-12,0.00831834484,7.27755,0.6729,12361.93318472284,0.020084071026888806,0.014523225966810438
JAS,1863-06-18,0.008564888279999999,7.25932,0.67756,12640.782041442822,0.03305429426364337,0.0278258596502019
JAS,1864-06-24,0.01032184504,6.88031,0.60632,17023.758147512865,0.19864677270351327,0.23193971864944385
JAS,1865-06-30,0.009761456120000001,6.99226,0.6772,14414.436089781453,-0.07613674879563814,-0.17293637890317048
JAS,1866-07-06,0.00969489768,7.38264,0.68078,14240.867358030493,-0.0291250552983352,-0.032756311336362365
JAS,1867-07-12,0.010183968600000001,7.20304,0.68577,14850.414278839844,0.0032954357366623555,-0.002384704433137319
JAS,1868-07-18,0.01032066776,7.17977,0.69048,14947.091530529487,-0.0036860878984762424,-0.008959320075568988
JAS,1869-07-24,0.0105732354,7.89668,0.69724,15164.413114566003,0.015377678151832441,0.008465665883016893
JAS,1870-07-30,0.01018539756,7.88602,0.7056,14435.087244897959,-0.018385778286775456,-0.02702881413911451
JAS,1871-08-05,0.009894169480000001,7.93685,0.71614,13815.971011254784,-0.019529720718974297,-0.030109324163833717
JAS,1872-08-11,0.011281510239999999,7.83929,0.72294,15605.043627410296,0.11727225413101294,0.1090345332506577
JAS,1873-08-17,0.01146458092,7.85865,0.72924,15721.272722286216,0.012291936664890368,0.005492316231240579
JAS,1874-08-23,0.011398051079999999,7.86789,0.73631,15479.962352813352,0.015689963293541,0.008707473133950261
JAS,1875-08-29,0.011981184800000001,7.94545,0.74329,16119.125509558855,0.03012412159910549,0.022554477947910323
JAS,1876-09-04,0.01040184808,7.89485,0.74323,13995.463154070745,-0.12145097825148055,-0.09195627184092758
JAS,1877-09-10,0.01075958,7.95036,0.75014,14343.429226544378,-0.02776856046866294,-0.034031939833474634
JAS,1878-09-16,0.01067391208,7.45071,0.7582,14077.963703508309,0.013348946066538137,0.00484707675490248
JAS,1879-09-22,0.01167704876,8.53644,0.76711,15222.13080262283,0.041510983443398874,0.032128279214591826
JAS,1880-09-28,0.0118506258,8.50417,0.77681,15255.501087782082,0.007064710188771528,-0.0020921338330047723
JAS,1881-10-04,0.01105391404,8.48307,0.7862,14059.926278300687,-0.014759606908210432,-0.02391122906464882
JAS,1882-10-10,0.012605590920000001,9.20066,0.79796,15797.271692816683,0.06214022347655801,0.05076918129758057
JAS,1883-10-16,0.013202641400000001,9.20284,0.8096,16307.610424901186,0.040603068363007866,0.028947749719612448
JAS,1884-10-22,0.012328911400000002,9.1842,0.82129,15011.641929160225,-0.01617384718765913,-0.0270500804355156
JAS,1885-10-28,0.012109220240000001,9.17464,0.83402,14519.100549147503,-0.034377733901820307,-0.04493606565041808
JAS,1886-11-03,0.01414450648,9.27231,0.8459499999999999,16720.262994266803,0.13685453972710993,0.1243464543990298
JAS,1887-11-09,0.01452436752,9.25412,0.85782,16931.719381688465,-0.014399399309421801,-0.02495150076911623
JAS,1888-11-15,0.0115676028,9.07891,0.7685,15052.183214053352,-0.15319632878754907,-0.05137904830331952
JAS,1889-11-21,0.01098735924,8.11342,0.85457,12857.178744865838,-0.3001718976616399,-0.32058950263040986
JAS,1890-11-27,0.01462284408,8.22217,0.86557,16893.889668079995,0.3603364992890603,0.3474429151809384
JAS,1891-12-03,0.01387661288,4.44225,0.7853599999999998,17669.110828155244,-0.03350808057496846,0.04342357509497585
JAS,1892-12-09,0.01197258296,4.11817,0.70599,16958.573010949163,-0.10531483388490126,-0.027785089384070094
JAS,1893-12-15,0.01013677756,4.04377,0.63093,16066.406035534847,-0.13317895552967274,-0.05994019480194179
JAS,1894-12-21,0.00861093376,4.00015,0.56942,15122.28892557339,-0.11542253241463085,-0.04185709187816711
JAS,1895-12-27,0.00713883976,3.63027,0.51455,13873.947643572053,-0.11653015324459215,-0.044427779110276844
JAS,1897-01-02,0.0057696464800000005,4.07186,0.46270999999999995,12469.249594778588,-0.10534184844324768,-0.0340156362548335
JAS,1898-01-08,0.00408591508,3.95731,0.41874,9757.642164589006,-0.18359606458252387,-0.11779871191419033
JAS,1899-01-14,0.0028889608800000003,3.35464,0.37762,7650.44457391028,-0.15299627703979168,-0.08195194409813789
JAS,1900-01-20,0.00197345148,3.17603,0.33992,5805.635090609555,-0.22675578315195744,-0.16592314375688932
JAS,1901-01-26,0.0011112639200000001,3.80247,0.27388,4057.4847378413906,-0.21472886851487494,-0.04792007578611446
JAS,1902-02-01,0.0000280254,1.30227,0.24324,115.21706956092748,-0.9654900963355122,-0.9624063280955761
JAS,1903-02-07,0.000019737120000000003,1.16132,0.21823,90.44182742977593,-0.2542709589634162,-0.18862709362983687
JAS,1904-02-13,0.00002109432,1.08533,0.2223,94.89122807017544,0.2647214190935121,0.21185037359333303
JAS,1905-02-19,0.00001398644,1.0641,0.19957999999999998,70.07936667000702,-0.24670013676528746,-0.18536198721452968
JAS,1906-02-25,0.0000069914,1.06447,0.18062,38.707784298527294,-0.3726045461774802,-0.3231254623525641
JAS,1907-03-03,0.00000172432,1,0.16379,10.527626839245377,-0.587779079880782,-0.555801760177963
JAS,1908-03-09,0,1.06457,NaN,0,-1,-1
JAS,1909-03-15,0,1,NaN,0,NaN,NaN
JAS,1910-03-21,0,1,NaN,0,NaN,NaN
JAS,1911-03-27,0,1,NaN,0,NaN,NaN
JAS,1912-04-02,0,1,NaN,0,NaN,NaN
BHW,1837-01-20,0.08423872756,8.01122,2.269697800760112,37114.51257158059,0,0
BHW,1838-02-02,0.07809136348,7.90351,2.29287,34058.34760801964,-0.06400622007093781,-0.0628555195442505
BHW,1839-02-01,0.08730280624,8.00407,2.29287,38075.776751407626,0.039927725780104506,0.04558576055938768
BHW,1840-02-14,0.08770871252,8.00619,2.29287,38252.806535041236,0.015172116034489092,0.01441756909978964
BHW,1841-02-27,0.18886279879999998,8.04622,2.3349068974047853,80886.65077392089,1.0855128296891037,1.098639216621156
BHW,1842-02-19,0.18267191696,8.05909,2.29287,79669.5481906955,-0.003678277134443242,-0.0019092129762767751
BHW,1843-02-25,0.18557674044,8.07331,2.29287,80936.44229284694,0.001006936149421156,0.0010279562919537355
BHW,1844-03-10,0.18371901027999998,8.09115,2.29287,80126.22184423887,-0.020805118572860715,-0.01974394387193701
BHW,1845-03-09,0.18188543776,8.09749,2.29287,79326.53737891812,0.015598905811252228,0.012194729959827288
BHW,1846-03-22,0.18363811752,8.11119,2.29287,80090.94171060722,-0.016073757629866847,-0.01709189746164219
BHW,1847-04-04,0.19385785016,8.09381,2.29287,84548.12098374526,0.05964779029427625,0.0603085836231676
BHW,1848-03-27,0.20436153504,8.52935,2.29287,89129.14166088786,0.06283550867153087,0.06198349333117581
BHW,1849-04-02,0.19250405772,8.53302,2.29287,83957.685224195,-0.05979557952638881,-0.06035680396510201
BHW,1850-04-15,0.19964191364,7.89083,2.29287,87070.75134656565,0.047833368990358505,0.04772188628865659
BHW,1851-04-14,0.10750511616000001,7.80153,2.29287,46886.703633437566,-0.39630034132349323,-0.39712253795162866
BHW,1852-04-27,0.11052465164,7.73059,2.359309418862548,46846.18759894804,-0.1240280333557422,-0.14783293251328455
BHW,1853-05-10,0.11371360000000001,7.79968,2.29287,49594.43841124878,0.07070510351659953,0.05599062598559956
BHW,1854-05-02,0.12354439396,7.53205,2.29287,53881.988058633935,0.014847881479129077,0.004452937261185452
BHW,1855-05-08,0.117106821,7.52124,2.29287,51074.339583142515,-0.04675406256179415,-0.048975879581228066
BHW,1856-05-21,0.10473059636,7.64946,1.9176553144755537,54613.87954833898,-0.019781070370837206,-0.009915421243052336
BHW,1857-05-20,0.11434174596,7.63239,2.29287,49868.394614609635,0.03752780775526565,0.041591159463260086
BHW,1858-06-02,0.12389730236,7.85192,2.29287,54035.90363169303,0.02352321122812584,0.049545279418910626
BHW,1859-06-15,0.11297222612,7.72644,2.29287,49271.09959134185,-0.1281470482215059,-0.14040726532599013
BHW,1860-06-07,0.07098323648,7.4003,2.29287,30958.247297055656,-0.3290769209561787,-0.32632020726915256
BHW,1861-06-13,0.15295395856,7.31882,2.29287,66708.51751734725,0.4753549803408623,0.5322413446301559
BHW,1862-06-26,0.08527011427999999,7.91176,2.29287,37189.24940358589,-0.18663833875192115,-0.1841715100465352
BHW,1863-06-25,0.08725131376,7.92224,2.2040469577342776,39586.8669920231,0.06442556995958504,0.04933875272884314
BHW,1864-07-08,0.08447022064,7.10377,2.29287,36840.38809003563,-0.04933972776343454,-0.07518519777332644
BHW,1865-07-21,0.08184201324,7.27804,2.29287,35694.13583849062,-0.08076586495008142,-0.10414634228391384
BHW,1866-07-13,0.08173669816,7.18282,2.2928700000000006,35648.20428545883,0.2077925446210096,0.19809283022796298
BHW,1867-07-19,0.091705744,7.84169,2.4670270674207755,37172.573098630986,0.04958676462928491,-0.03627752637052273
BHW,1868-08-01,0.09450163787999999,6.85397,2.53541,37272.72428522408,0.13149552582598445,0.1417883560898725
BHW,1869-07-31,0.08544046056,6.71328,2.53541,33698.87338142549,0.045965755407390896,0.05374773214965356
BHW,1870-08-13,0.05701604636,6.79274,2.53541,22487.899929399977,-0.16812453378486636,-0.12953945820795976
BHW,1871-08-26,0.06644056016,7.93731,2.48929747782872,26690.4862724372,0.016053100336224757,0.029680344411273207
BHW,1872-08-18,0.06387395196,7.70113,2.53541,25192.750663600757,-0.15762821153692008,-0.15683061396848408
BHW,1873-08-24,0.05757885744,7.6751,2.53541,22709.88023238845,-0.22130788284227987,-0.20603853215082835
BHW,1874-09-06,0.0414860264,8.04649,2.53541,16362.649985603906,-0.16392893287442956,-0.16030755556760223
BHW,1875-09-05,0.044523352120000005,7.74491,2.5354100000000006,17560.612334888636,0.11549876295194172,0.08992142801740477
BHW,1876-09-18,0.04556639412,7.77942,2.53541,17972.00220871575,0.0817809766470996,0.08531289034697864
BHW,1877-10-01,0.034887463,7.74193,2.53541,13760.087323154836,-0.28803537986168903,-0.2586249323826574
BHW,1878-09-23,0.034348885999999995,7.6988,2.53541,13547.665269128069,0.05241205205535504,0.05512910651059766
BHW,1879-09-29,0.03012614644,7.13538,2.53541,11882.159666483922,-0.1278058980252812,-0.12397166426727191
BHW,1880-10-12,0.022544570360000002,7.61927,2.53541,8891.883506020722,-0.11535893587682533,-0.14660564480585603
BHW,1881-10-11,0.02523105728,7.88114,2.53541,9951.470286856958,0.03621802827293008,0.03396595316949913
BHW,1882-10-24,0.02626280176,8.26029,2.796313605879349,9391.93719358999,0.01566243928837663,0.016796166593142425
BHW,1883-11-06,0.02927946736,8.27235,2.53541,11548.217984467994,0.05808778072232035,0.0527133105722859
BHW,1884-10-29,0.021250347559999997,8.70858,2.53541,8381.424526999577,-0.13435817667566485,-0.12303455390298046
BHW,1885-11-04,0.02083133364,8.72732,2.5354099999999997,8216.15976903144,-0.06833966255018431,-0.07425392681183896
BHW,1886-11-17,0.01675835824,8.55042,2.376020444974477,7053.1203868407865,0.015470583705001317,0.031441225597526934
BHW,1887-11-16,0.02039520132,8.52538,2.53541,8044.143282546018,0.12021209271349043,0.07217127040371363
BHW,1888-11-29,0.01878846008,8.74621,2.4123583811443035,7788.419924193719,0.06604099051080525,0.08335057253149758
BHW,1889-12-12,0.02366476112,8.45965,2.53541,9333.701894368169,-0.13681537701827107,-0.026069205546809138
BHW,1890-12-04,0.015690653159999998,8.30373,2.53541,6188.605850730256,-0.3316345632861949,-0.33001852682602273
BHW,1891-12-10,0.0152855196,5.70735,2.53541,6028.815694503058,-0.3092593524752386,-0.3138859804861128
BHW,1892-12-23,0.01224352896,5.53894,2.53541,4829.0134376688575,-0.2055616755444557,-0.20303723381755046
BHW,1893-12-22,0.00974573028,5.66224,2.53541,3843.8478510378986,-0.23617412003576066,-0.23271766781373737
BHW,1895-01-04,0.00760313684,5.81796,2.53541,2998.7800158554237,-0.2751788591223133,-0.2639092695968128
BHW,1896-01-17,0.00677010308,5.86262,2.53541,2670.220232625098,-0.12758880617176926,-0.12269358611181425
BHW,1897-01-09,0.0040816386000000005,5.3161,2.53541,1609.8534753747915,-0.34134595831362924,-0.34117799400051374
BHW,1898-01-15,0.00256966944,4.73135,2.53541,1013.5123865568094,-0.30823604560567797,-0.3085639635700479
BHW,1899-01-28,0.00197708784,4.1725,2.53541,779.79018778028,-0.1732979262342561,-0.17268536990644012
BHW,1900-01-27,0.00189330024,3.40318,0.4554219876147961,4157.243812306635,0.009333703201873877,4.4912960962991715
BHW,1901-02-09,0.00156170352,3.36636,0.46544,3355.327260226882,-0.14026084926200977,-0.13854487127402737
BHW,1902-02-22,0.0009520238,3.30725,0.46544,2045.4275524235134,-0.29077754119472365,-0.3061942389898008
BHW,1903-02-14,0.00046685912000000003,3.1063,0.46544,1003.0489859058096,-0.38150829090224203,-0.37553945656706345
BHW,1904-02-20,0.0002554552,3.00835,0.4392863402675848,581.5232038501202,-0.36281826926893157,-0.35813284825115144
BHW,1905-03-05,0.00007683104,2.95726,0.46544,165.07184599518735,-0.5538442448233521,-0.5455975239196491
BHW,1906-03-04,0.0005635058,1.48723,0.27291,2064.8045143087465,8.137315976497938,14.485659357317488
BHW,1907-03-17,0.00014020292,1.61201,0.27291,513.733172108021,-0.6539230942756052,-0.6628872963276218
BHW,1908-03-30,0.00002470572,1.28096,0.27291,90.52698691876444,-0.7368379499889912,-0.7313341519888645
BHW,1909-03-22,0.00001777152,1.33227,0.27291,65.11861053094427,-0.19846869649773846,-0.1907622122070769
BHW,1910-03-28,0.00001382212,1.35756,0.27291,50.64717306071599,-0.18752292456290443,-0.19232872827452085
BHW,1911-04-10,0.0000118482,1.36233,0.27291,43.41431241068484,-0.14280877318385343,-0.14280877318385332
BHW,1912-04-09,0.0000078988,1.37411,0.27291,28.942874940456562,-0.18965958290869545,-0.18657395919318143
GWA,1837-01-13,0.66168111516,8.69012,14.50619,45613.70802119647,0.22878430678290274,0.2189995549116439
GWA,1838-01-19,0.6046056562,8.17401,14.50619,41679.149121857634,-0.10016576735337135,-0.09998235935673105
GWA,1839-02-01,0.6637559734,9.00105,14.50619,45756.74063279193,0.10709872109094576,0.1048549883981873
GWA,1840-01-31,0.6997955847999999,8.90351,14.50619,48241.17047963662,0.06803920571046573,0.06787173321473294
GWA,1841-02-13,0.6942939582800001,8.97049,14.463906834686624,48001.827321991506,0.02200838524101245,0.014858505766842667
GWA,1842-02-26,0.62496605912,8.95944,14.50619,43082.7156627619,-0.03992887399256373,-0.0411473652771529
GWA,1843-02-18,0.67855979152,8.75528,14.50619,46777.257951260806,0.03434511418924702,0.033969087842516066
GWA,1844-02-24,0.7206179380400001,8.75319,14.50619,49676.58206875824,0.019115492891067065,0.017846312222983052
GWA,1845-03-09,0.7067979105200001,8.70921,14.50619,48723.88342631663,0.009567423092947669,0.008559565778635259
GWA,1846-03-08,0.72374356236,8.53338,14.50619,49892.05038400848,0.003532041392336316,0.0018738743351638387
GWA,1847-03-21,0.7415000158799999,8.50287,14.50619,51116.110838200795,-0.019707768824981042,-0.015588352035954434
GWA,1848-04-03,0.7699074708,7.99466,14.50619,53074.40966925154,0.021154336598173007,0.021435835591538055
GWA,1849-03-26,0.6835412589200001,8.1252,14.50619,47120.66082961825,-0.09610957102829099,-0.09559906133101437
GWA,1850-04-01,0.6800659434399999,8.10486,14.506190000000002,46881.086173557625,-0.010313739221670448,-0.014495114759698224
GWA,1851-04-14,0.6580026892399999,8.42924,14.50619,45360.13172583566,0.0022907554061519786,0.003418453874884264
GWA,1852-04-13,0.6981351884,8.51416,14.724022996581109,47414.703750605775,0.029000009306079377,0.03472455783857309
GWA,1853-04-26,0.76129172132,8.06552,14.50619,52480.47359920145,0.08681321990825475,0.08704810717647105
GWA,1854-05-09,0.8054836093200001,7.85177,14.451097411136029,55738.57724461075,0.054368931164735734,0.05088073734824716
GWA,1855-05-01,0.76851711196,7.93661,14.50619,52978.56376898414,-0.06459801460046888,-0.06786866726101226
GWA,1856-05-07,0.76125652252,8.43894,15.494992784341234,49129.19503191396,-0.028885650184713896,-0.0326683039522534
GWA,1857-05-20,0.031808068759999995,8.31019,14.50619,2192.7238482330645,-0.9237333417750487,-0.9236913433989217
GWA,1858-05-19,0.67038066212,7.98252,14.50619,46213.42076175757,2.1873154737260347,1.3783798354492367
GWA,1859-06-01,0.43902000636,8.00145,14.50619,30264.32208319345,-0.255120197063495,-0.26388500500222856
GWA,1860-06-14,0.33151903044000003,6.75855,14.560659820312281,22768.13238762211,-0.08847608477293922,-0.07281681906876802
GWA,1861-06-06,0.56625214776,7.28747,14.506190000000002,39035.208263506815,0.6861597240558808,0.6809133839260642
GWA,1862-06-12,0.60881742064,8.02602,14.506189999999998,41969.491688720474,0.08515481700327343,0.08339992823436293
GWA,1863-06-25,0.6450237846,7.46249,14.50619,44465.416804826076,0.05816978452810351,0.05542319364921244
GWA,1864-06-24,0.70850791128,6.74215,14.50619,48841.76419032151,0.10790531911217172,0.10068712651033462
GWA,1865-07-07,0.7456296198,7.26638,14.50619,51400.78958017233,0.0607990657738795,0.0618507116602145
GWA,1866-07-20,0.6882941624000001,7.45838,14.50619,47448.30740532145,-0.06737178365203311,-0.06551295087916831
GWA,1867-07-12,0.72736430936,8.25251,14.50619,50141.65052022619,-0.014443162488107508,-0.014435073806461807
GWA,1868-07-18,0.47793887024000004,6.81697,14.50619,32947.236334282126,-0.30212106047526643,-0.29925468928501564
GWA,1869-07-31,0.7468322310800001,7.45845,14.50619,51483.69289799734,0.5988984967589841,0.5889542438114741
GWA,1870-07-30,0.74397507184,7.47067,14.50619,51286.73151530485,0.012203142836923142,0.022645950240125057
GWA,1871-08-12,0.60599101264,7.38002,13.7556598753753,44053.93984223287,0.018115539233702904,0.024782627113883793
GWA,1872-08-25,0.6915798921199999,7.6449,14.50619,47674.8127606215,0.11727238451110233,0.09425291050381279
GWA,1873-08-17,0.55387799064,7.84133,14.506189999999998,38182.18227115459,-0.01829178763525141,-0.018385891312661995
GWA,1874-08-23,0.6879440973600001,7.92189,14.50619,47424.17529068625,0.10420168383012585,0.1153911835082071
GWA,1875-09-05,0.7653053990400001,7.62525,14.475773813974667,52868.01305925263,0.056930728756849236,0.05942429495910484
GWA,1876-09-04,0.71753016816,7.80022,14.506190000000002,49463.7232905401,-0.058694685987047746,-0.05331823646829992
GWA,1877-09-17,0.68640474032,7.87835,14.50619,47318.05803729304,-0.060784264500233776,-0.05576076939083441
GWA,1878-09-30,0.70262733268,7.93997,14.50619,48436.38010256311,0.05365822390960395,0.060565506656812707
GWA,1879-09-22,0.5520919352,8.48613,14.506190000000002,38059.058594985996,-0.2244830181082038,-0.22228572114768097
GWA,1880-09-28,0.71420592828,8.57162,14.50619,49234.563195435876,0.34369843479780005,0.33316002619752294
GWA,1881-10-11,0.71644693952,8.48367,14.506189999999998,49389.049744970944,-0.023108994885678524,-0.024235708492337693
GWA,1882-10-10,0.7992956259599999,8.70593,14.57702653568248,54832.55614603146,0.08040357833303813,0.07656322634736834
GWA,1883-10-23,0.78988365716,8.83375,14.50619,54451.48982330991,0.011790000459760197,0.0045389839596297055
GWA,1884-11-05,0.5741531094,8.67824,14.50619,39579.86965564355,-0.2255887265151213,-0.14832290454100328
GWA,1885-10-28,0.59766002556,8.53425,14.506189999999998,41200.34451223926,0.13763981971341255,0.131136241520023
GWA,1886-11-03,0.67892238596,8.52095,16.01790735339801,42385.211187775705,-0.010875988190946262,-0.008620305179726118
GWA,1887-11-16,0.76992304948,8.76685,14.50619,53075.48360251727,0.08415682477091702,0.09146542402521995
GWA,1888-11-15,0.83489603912,8.59462,14.241129963958375,58625.68779534805,0.12537782007484255,0.1296982531555264
GWA,1889-11-28,0.8904029867200001,8.66115,14.50619,61380.89923818729,0.08367858808122342,0.08580595623508103
GWA,1890-12-11,0.351520039,8.2099,5.685340391513895,61829.198393237646,-0.052936884651271665,-0.07110860037502453
GWA,1891-12-03,0.33795704175999997,6.98586,14.50619,23297.43659499841,-0.23281048564832663,-0.27439193660057415
GWA,1892-12-09,0.2548460096,8.09005,14.112679999999997,18057.94573390738,-0.2532645465553448,-0.23588305431870182
GWA,1893-12-22,0.27583313212000005,6.11585,14.112679999999997,19545.05679431547,0.028396546692872615,0.02807235229573979
GWA,1894-12-21,0.25360607532,5.98189,14.11268,17970.086143808265,0.0008377800692909165,0.006714996096178094
GWA,1896-01-03,0.26742886352,5.2701,14.112680000000001,18949.544914218986,0.10724606159433825,0.10594037479342955
GWA,1897-01-16,0.23762706084,4.65681,14.11268,16837.840923198146,-0.058723349514072876,-0.06066769579200815
GWA,1898-01-08,0.21583687528,4.81339,9.38092,23008.071199839676,-0.020887205902231587,0.47536128807442246
GWA,1899-01-14,0.21202666264,4.76048,9.38092,22601.90499865685,0.040863410261839705,0.04157679532698455
GWA,1900-01-27,0.1750222526,5.18082,9.38092,18657.258840284325,-0.06237136404011345,-0.05609047066075756
GWA,1901-01-26,0.18247127184,6.50176,9.38092,19451.31946973218,0.015505719136257978,0.005581486340393571
GWA,1902-02-08,0.14924184288,5.3513,9.38092,15909.083851050858,-0.14129689735324058,-0.13869032553164218
GWA,1903-02-21,0.13316860855999998,5.151,9.38092,14195.687476281644,-0.03313371443917357,-0.03328158209129273
GWA,1904-02-13,0.13118772524,6.18277,9.38092,13984.526596538506,0.0004095934855770089,0.0012072455116867165
GWA,1905-02-19,0.104232518,6.03319,9.38092,11111.118952085722,-0.08185095494759675,-0.07740801060543512
GWA,1906-03-04,0.061037919280000005,5.57569,8.152925287487685,7486.628066330381,-0.18104922320258343,-0.17770000452077916
GWA,1907-03-03,0.03228719468,2.75619,9.38092,3441.7940543145023,-0.4418052199219511,-0.4178977578539329
SIH,1910-12-26,4.43237325388,10.18923,115.6318,38331.78462914181,0,0
SIH,1912-01-01,4.5972657146,10.32484,116.85822,39340.54202263221,0.03139212936762159,0.023032618886882128
LAH,1837-01-13,0.17099350944,7.71136,0.7366,232138.89416236762,0,0
LAH,1838-01-19,0.18398571048,7.46766,0.807,227987.24966542752,0.15422254143771097,0.06514166713809266
LAH,1839-01-25,0.18771626796,8.01416,0.87479,214584.37791927205,-0.060936098232883706,-0.11804414439518718
LAH,1840-01-31,0.17181834176000002,7.3518,0.8856699999999998,193998.15028170767,-0.08848855503123798,-0.09798020769054161
LAH,1841-02-06,0.17449548636,7.38809,0.9366,186307.3738629084,0.01371988671704849,-0.02936885012979129
LAH,1842-02-12,0.19086654964000002,7.15235,0.9827999999999999,194206.9084656085,0.024685318648097976,-0.006431887525350066
LAH,1843-02-18,0.19035872024,7.54034,1.00168,190039.45395735165,-0.007381736386229187,-0.02917715776843044
LAH,1844-02-24,0.18926896508,6.99352,1.01623,186246.18942562214,-0.00357956764784384,-0.015490497386336788
LAH,1845-03-02,0.18977872784,6.98113,1.0245,185240.33952171792,0.0017815806285750302,-0.0009886548294952835
LAH,1846-03-08,0.1896183588,6.75532,1.04245,181896.83802580458,-0.0006922464280867402,-0.02183358993718776
LAH,1847-03-14,0.19035009032,6.71053,1.04708,181791.3534018413,0.0024575017706063296,-0.001150252275764596
LAH,1848-03-20,0.17318358668,6.22294,1.05887,163555.09805736304,-0.09125650393474605,-0.10512552438767797
LAH,1849-03-26,0.17486749384,6.16848,1.06412,164330.6148178777,0.007698577888480829,0.0034824016590184748
LAH,1850-04-01,0.15857910796,6.68916,1.05111,150868.23259221204,-0.10442146720052181,-0.09956585722436118
LAH,1851-04-07,0.15556550828000001,6.80632,1.05434,147547.76284689948,-0.01648765201902158,-0.017415733700079206
LAH,1852-04-13,0.15591081792,6.79165,1.04848,148701.75675263238,-0.001862894212570243,0.005846385816598687
LAH,1853-04-19,0.14270476895999998,6.70004,1.07351,132932.8734338758,-0.08712215648880861,-0.09706352325188639
LAH,1854-04-25,0.14314568164,6.64498,1.08812,131553.21255008638,0.0026183391714380555,-0.014524310886495528
LAH,1855-05-01,0.12235997280000001,6.5577,1.10412,110821.26290620585,-0.09881353995785647,-0.11057375500777467
LAH,1856-05-07,0.11679055232,5.91769,1.11689,104567.64078826027,-0.02485695384586828,-0.031722485613335016
LAH,1857-05-13,0.11755702244,6.13013,1.12336,104647.68412619286,0.0034277340877293394,-0.00531925007660472
LAH,1858-05-19,0.11832566408,6.1124,1.12553,105128.84070615622,0.005281199676094195,0.007149898029673141
LAH,1859-05-25,0.12330016504,6.48914,1.11891,110196.67805274777,0.013781911703602434,0.014520332522432344
LAH,1860-05-31,0.12461917988,6.98907,1.11703,111562.96597226574,0.009783695007042459,0.013050116994658856
LAH,1861-06-06,0.12492573964,6.333,1.11597,111943.63615509379,0.002778785168425113,0.008148791113442577
LAH,1862-06-12,0.1151367672,6.35354,1.12216,102602.80815569972,-0.07445040730434105,-0.08426583558389455
LAH,1863-06-18,0.07436416727999999,6.9115,1.11125,66919.38562879639,-0.08187931435848483,-0.07515777755757258
LAH,1864-06-24,0.0742680328,6.96649,1.10172,67410.98718367644,0.0014272778082764503,0.007822968644276562
LAH,1865-06-30,0.07086501188000001,6.09471,1.07811,65730.78060680265,-0.03288079476030559,-0.015405037984192682
LAH,1866-07-06,0.06927807484,6.13061,1.05558,65630.34051421967,0.025842282883316026,0.042765600624823374
LAH,1867-07-12,0.0629174936,6.05617,1.01893,61748.59273944236,-0.29461546088102863,-0.27441575302916543
LAH,1868-07-18,0.05496620116,6.10359,0.86393,63623.443056729135,0.20470617002329528,0.31770668098549604
LAH,1869-07-24,0.08680622704,6.06309,0.9512199999999998,91257.7816278043,0.5044981234564512,0.38081511359073805
LAH,1870-07-30,0.05475744872,5.99581,0.93209,58746.954392816144,-0.034807651689442665,-0.0205652163742005
LAH,1871-08-05,0.060453533920000004,6.18056,0.9183499999999999,65828.42480535744,0.08720468220792532,0.0995060700655086
LAH,1872-08-11,0.08777148952000001,6.46607,0.90646,96828.8611963021,0.18542342635209796,0.1972078532729773
LAH,1873-08-17,0.054364969879999996,6.21926,0.8967,60627.82411062785,-0.24427197395446598,-0.23792979641002154
LAH,1874-08-23,0.08856672396,6.67793,0.88974,99542.2527479938,0.38076997262302137,0.38894322709217577
LAH,1875-08-29,0.17292549976000002,8.1302,0.88306,195825.3117115485,0.571046908298376,0.5808172033419436
LAH,1876-09-04,0.195632931,7.92845,0.88325,221492.13812623834,0.16368574447270423,0.16352615155544803
LAH,1877-09-10,0.15648758059999998,8.32982,0.8854,176742.24147278065,-0.10754924859096915,-0.10948808613956351
LAH,1878-09-16,0.17963722140000002,8.33207,0.8878500000000001,202328.3453286028,0.3621945023007165,0.3593865511553611
LAH,1879-09-22,0.2055517854,8.19572,0.88871,231292.306151613,-0.03236941680076588,-0.03308314717562644
LAH,1880-09-28,0.08915240152,8.08222,0.8878,100419.46555530524,-0.03684463813586336,-0.035998047270183964
LAH,1881-10-04,0.06100752736,8.07646,0.8877499999999999,68721.51772458463,-0.1741940769845235,-0.17402920325004856
LAH,1882-10-10,0.1982414304,8.69735,0.88921,222941.07173783475,2.1549576862301865,2.1522418612023104
LAH,1883-10-16,0.2030862028,9.37867,0.89681,226453.9900313333,0.0002730307372951213,-0.0060751340400238
LAH,1884-10-22,0.14814240012000002,9.3936,0.90453,163778.3159430865,-0.24871266605177067,-0.2536134302463172
LAH,1885-10-28,0.22026528836,9.73199,0.91207,241500.42031861588,0.28644635582867406,0.2780956643215624
LAH,1886-11-03,0.2400317738,9.17377,0.91855,261315.95863045016,0.11953186304859731,0.11415135269000487
LAH,1887-11-09,0.17344398708,8.64845,0.92397,187716.03740381182,-0.18764197812950567,-0.1912548006937982
LAH,1888-11-15,0.25004532696,8.82484,0.92938,269045.3065054122,0.39286534825827424,0.3865644494677163
LAH,1889-11-21,0.30959253311999996,9.77412,0.93637,330630.5553573907,0.2277131805424384,0.22119674078211982
LAH,1890-11-27,0.22688556280000002,10.39221,0.9461,239811.39710390024,-0.19054348971155688,-0.196953479869863
LAH,1891-12-03,0.29000916464,10.18892,0.95532,303572.79721977975,-0.030292993831663062,-0.037479576351993615
LAH,1892-12-09,0.41374776040000005,10.50522,0.96538,428585.3864799354,0.32011086152090407,0.3099843075502797
LAH,1893-12-15,0.25973393576,10.03669,0.9749100000000002,266418.37273184187,-0.22603976182453878,-0.23171837862571854
LAH,1894-12-21,0.3938871482,10.08308,0.98504,399869.19130187604,0.35893760073325365,0.3484406691640167
LAH,1895-12-27,0.39599858844,10.37405,0.99518,397916.5461926486,-0.05023993553828476,-0.0575356241772742
LAH,1897-01-02,0.39172698656,10.4231,1.00498,389785.8530120002,0.05713681530385095,0.049149641256898136
LAH,1898-01-08,0.40355752268,10.42572,1.01539,397440.90711943194,-0.007792718802793419,-0.015314095852991594
LAH,1899-01-14,0.4619918914,10.44585,1.02591,450323.99664687936,0.08331405928922053,0.07493629106887667
LAH,1900-01-20,0.40210955876,10.51996,1.03648,387956.891363075,-0.0330870013452319,-0.04067551896237531
LAH,1901-01-26,0.41099925412,10.50117,1.04758,392332.0931289257,0.03098113676497949,0.022853129552698137
LAH,1902-02-01,0.41906369128000004,10.37639,1.05832,395970.68115503824,0.06644103742337326,0.058251149702241545
LAH,1903-02-07,0.19555670316,10.75676,1.06964,182824.78512396695,-0.2437430146455305,-0.24957402956287855
LAH,1904-02-13,0.32242948920000003,10.55295,1.08311,297688.59044787695,0.7261824215287886,0.7101878712403109
LAH,1905-02-19,0.3597614202,10.6108,1.09732,327854.6095942842,0.10152698241420643,0.09060861746821192
LAH,1906-02-25,0.38281089079999997,11.42203,1.11204,344242.0153951297,0.0856771067590496,0.07485551460292972
LAH,1907-03-03,0.38658619896,11.95501,1.12792,342742.5694730123,-0.03987106901716697,-0.04997569058465623
LAH,1908-03-09,0.3653066196,11.75007,1.14447,319192.83126687456,-0.0663799302137894,-0.07674505406113652
LAH,1909-03-15,0.33419435348,12.34173,1.16232,287523.53351916856,-0.15348059337754472,-0.1630111372519809
LAH,1910-03-21,0.3829914452,12.04272,1.18008,324547.01816825976,0.050358770397753716,0.03828230665353338
LAH,1911-03-27,0.36314004376,12.09709,1.19839,303023.25933961396,-0.11761066075108073,-0.12794360040543062
LAH,1912-04-02,0.32222124271999997,12.557,1.21863,264412.6951740889,-0.02627854273732322,-0.03847048683358045
POR,1877-06-04,10.98950110232,10.40218,95.28517,115332.75432388904,0.042995294382248916,0.03327062920108914
POR,1878-06-17,11.03644393592,10.53456,95.28517,115825.41056409934,0.018918117493426756,0.019194155148287928
POR,1879-06-16,11.977154609160001,10.46391,99.37494744351275,120524.88999773428,0.0414413264442719,0.0030613009934099544
POR,1880-06-29,13.086349979040001,10.43484,99.35059,131718.8954694683,0.08100882339668147,0.08219190049043812
POR,1881-07-12,12.3575786646,10.50132,99.35059,124383.54583098098,-0.048113906034674914,-0.046221293322978196
POR,1882-07-04,13.03991175032,10.63067,99.35059,131251.47772469194,0.03652365901709653,0.03660398082924554
POR,1883-07-10,13.57741291972,10.57634,106.56059525039474,127414.9500367933,0.010738900686215747,-0.044615640259375144
POR,1884-07-23,14.3036604802,10.58048,107.73935,132761.71129861096,0.050355412999882,0.04587735056776254
POR,1885-07-22,13.68090146748,10.82226,108.6305643614193,125939.70718924886,-0.05114489781039344,-0.05215610847102525
POR,1886-08-04,14.8873088572,10.82118,107.73935000000002,138178.93701047945,0.07621743261870262,0.06973313407647996
POR,1887-08-17,15.80659267876,11.49629,107.45260098063082,147102.9322185441,0.05998386394322619,0.06199859718663814
POR,1888-08-09,16.535530989119998,11.32467,104.22829999999999,158647.2291030363,0.00671320972300582,0.040296274698473855
POR,1889-08-15,16.07727155892,11.46495,103.48823025604034,155353.62349074098,-0.01762711326933719,-0.01843487161493851
POR,1890-08-28,17.6123814438,11.35686,109.16858000000002,161331.96423183297,0.06785268656426213,0.03105426782276255
POR,1891-08-27,18.557447781599997,11.27385,109.16858,169988.90872813403,0.03881139686180202,0.04121759413211201
POR,1892-09-09,18.42041221852,11.29792,113.02776,162972.4610884972,-0.0013194844681428952,-0.03247517737649419
POR,1893-09-22,19.46627161024,11.66798,115.08600239533328,169145.43215578192,0.028866573095001735,0.027498659006644388
POR,1894-09-14,19.33475396788,11.74559,113.02776,171061.9936896918,0.02111384437573194,0.021076837506408985
POR,1895-09-20,20.76487151492,11.54361,113.02776,183714.7928519507,0.04732497117769663,0.04530460873276243
POR,1896-10-03,21.767546834279997,11.73808,113.02776000000001,192585.84647063693,0.03409587530812175,0.03608323100468169
POR,1897-10-02,22.68193402696,11.73141,113.02776,200675.7811263357,0.018928365060400187,0.019881648855093914
POR,1898-10-15,23.22643406044,11.86151,97.82746,237422.43803978965,0.010288012560151438,0.08628241649208901
POR,1899-10-28,24.47384440748,11.9622,98.18997,249249.94281472947,0.03299793860397737,0.030837208745799094
POR,1900-10-20,26.455553900880002,12.94615,98.18997,269432.3452882204,0.05649208019313656,0.056088872711503424
POR,1901-10-26,26.55105336884,13.24106,98.18997,270404.94430174486,0.011177834200237768,0.01252782693771004
POR,1902-11-08,26.941053560199997,13.54894,101.37720000000002,265750.61808966903,0.02022257355253143,-0.01201839651349057
POR,1903-11-07,26.85084112256,13.64785,103.58057,259226.62061581627,-0.0180964458502193,-0.03403474868716394
POR,1904-11-20,27.190158405280002,14.18837,104.25533818381525,260803.5125965477,0.002083403346422541,0.00037511400542333817
POR,1905-12-03,27.31183316836,14.54413,105.94398,257795.0457247311,0.013627464089315922,-0.008769168888654533
POR,1906-11-25,29.65886779648,14.90375,105.94398000000001,279948.58977810724,0.055000843182904546,0.053362366148568485
POR,1907-12-01,31.187922543960003,14.93262,105.94398,294381.2620968176,0.03581126140199342,0.03765078744884387
POR,1908-12-14,29.91273920024,16.3838,98.89883080571406,302457.9659490953,-0.0546425617886066,0.03967274739279847
POR,1909-12-13,30.47798667108,16.18538,96.83026,314756.84017661423,0.018734225268922877,0.0033124556385244475
POR,1910-12-26,31.613563076680002,16.5064,99.28278,318419.39837583114,0.038668957278237714,0.002553091121731521
POR,1912-01-08,34.91370867452,16.89709,100.4219,347670.2658933958,0.08812806960390418,0.08274550387037483
GUA,1837-02-10,0.14222513084,9.31248,4.83669,29405.467549088324,0,0
GUA,1838-02-16,0.1502119918,9.21896,4.91203,30580.430453397068,0.04157457326616343,0.029989275530199366
GUA,1839-02-22,0.11049146524,10.25921,5.00225,22088.353289019942,-0.018934916761447762,-0.03277928663503693
GUA,1840-02-28,0.11701755104,11.19167,5.09989,22945.112745569022,-0.0020980984754011,-0.016901723285431047
GUA,1841-03-06,0.11553730188,11.1002,5.20746,22186.882257376918,0.13515395864571467,0.11864070114396208
GUA,1842-03-12,0.11424248784,11.07067,5.31962,21475.685827183148,0.004435456131862692,-0.012122149349640177
GUA,1843-03-18,0.11989623880000001,10.49171,5.43725,22050.896832038256,0.06002380412928199,0.04230745862839136
GUA,1844-03-24,0.12125751768000001,10.49445,5.56396,21793.384150856586,0.0009381735554341297,-0.01555157640985605
GUA,1845-03-30,0.12288296488,10.49857,5.68361,21620.58355165115,0.023606790503167385,0.006834715323855267
GUA,1846-04-05,0.11792059552,10.47086,5.80125,20326.756392156865,-0.03410066082357832,-0.04931457824391372
GUA,1847-04-11,0.12163956479999999,10.50728,5.91713,20557.189853864962,0.05026733126212357,0.03529917014488482
GUA,1848-04-17,0.1200072588,11.14335,6.02781,19908.93190064053,-0.0005282539154455312,-0.014763273879411565
GUA,1849-04-23,0.12726671516000002,11.13556,6.152900000000001,20684.02138178745,0.06946708839750282,0.05385766248242829
GUA,1850-04-29,0.12773338344000001,11.13296,6.270829999999999,20369.454033995502,0.00040378291958620416,-0.014350313322011865
GUA,1851-05-05,0.13221324428,9.7922,6.388990000000001,20693.919427014287,0.03762723198604445,0.02259839990796908
GUA,1852-05-11,0.13613357524,9.79797,6.4974,20952.007763105245,0.028453783617962358,0.016064078258257952
GUA,1853-05-17,0.13371176572,9.79867,6.599640000000001,20260.463558618347,-0.018724169719863903,-0.030547802948575842
GUA,1854-05-23,0.13842431408,9.80407,6.704780000000001,20645.61612461557,0.028993632449055395,0.016520001599221512
GUA,1855-05-29,0.13712004384,5.11851,6.774779999999999,20239.778094639238,0.022255115674485237,0.013905843104039528
GUA,1856-06-04,0.14872138631999998,5.67985,6.77987,21935.72831337474,0.08415254936599803,0.08355378426793036
GUA,1857-06-10,0.14910871456,5.71622,6.79463,21945.08230175889,0.0019247721282253938,0.0005813977301367679
GUA,1858-06-16,0.22220672032,5.30929,6.80387,32658.872130125943,0.41892485679473057,0.4171415171518642
GUA,1859-06-22,0.17307492436,6.31639,6.8221,25369.743093768782,-0.04772843489151024,-0.04965354734950733
GUA,1860-06-28,0.16635495188000002,10.45293,6.88788,24151.836541867746,-0.0033507994121427798,-0.009988354749783879
GUA,1861-07-04,0.16667125072,7.63409,6.94454,24000.32985914114,0.0016054543293544388,-0.00511925830763027
GUA,1862-07-10,0.16656773432,7.75193,6.948919999999999,23970.30535968179,-0.0004576618652900599,-0.0008215752120558362
GUA,1863-07-16,0.16653081536,7.86587,6.965679999999999,23907.330707124074,-0.00011935068587132225,-0.0019599041955379315
GUA,1864-07-22,0.1667531866,7.97717,6.98819,23862.14264351713,0.000976991287186424,-0.001512327828883886
GUA,1865-07-28,0.16654914588,6.75789,7.00248,23784.308684923053,-0.03707008359768538,-0.03851012341261939
GUA,1866-08-03,0.1668410536,9.27791,7.047049999999999,23675.304361399456,0.026387178998567018,0.021524682728694566
GUA,1867-08-09,0.16586201112,9.24357,7.11968,23296.273304418177,-0.006772701595233466,-0.014656789002027715
GUA,1868-08-15,0.17188713672,10.09681,7.18298,23929.780776223797,0.008217576309190955,0.001841310584530076
GUA,1869-08-21,0.1767394408,9.20627,7.2363599999999995,24423.804343620275,0.042943326911346835,0.037003905759119826
GUA,1870-08-27,0.25766345176,9.57657,7.33367,35134.31225566463,0.35869681769563977,0.34429005175776317
GUA,1871-09-02,0.22607492596,9.58577,7.41938,30470.864945588444,-0.12167446239320856,-0.1287383820212119
GUA,1872-09-08,0.22008298259999998,8.67404,7.49024,29382.63428141154,-0.02012808780373543,-0.02729673870753735
GUA,1873-09-14,0.22052155788,8.49123,7.58156,29086.56765626072,0.0026596092592690024,-0.006804003412538728
GUA,1874-09-20,0.22244666756,7.98608,7.67282,28991.513884073913,0.005276051514613078,-0.0033547968550827756
GUA,1875-09-26,0.22561346288,7.93113,7.75039,29109.949677371074,0.010268305170789915,0.0023891078432221047
GUA,1876-10-02,0.223957331,7.89342,7.791579999999999,28743.506580180147,-0.010757967304452332,-0.014306679864805272
GUA,1877-10-08,0.22843023112000002,8.45608,7.86744,29034.88696704392,0.015421213167305936,0.00810860503020594
GUA,1878-10-14,0.23509435716000002,7.90294,7.92787,29654.1640011756,-0.05934193965166279,-0.06458858845206317
GUA,1879-10-20,0.24461404968,7.67018,7.97356,30678.147487446007,0.11820808850959019,0.11379721232695328
GUA,1880-10-26,0.23803000727999998,7.83098,8.02562,29658.76870322791,-0.05935266111876791,-0.06417102138004682
GUA,1881-11-01,0.25195323556,8.70012,8.08505,31162.854349694804,0.04151389673462513,0.03571755444491176
GUA,1882-11-07,0.26177231028000003,8.77755,8.15507,32099.333332515846,0.035752994636113256,0.02969716019535018
GUA,1883-11-13,0.26057386368,9.17314,8.24292,31611.839454950434,0.006582846463703662,-0.0019543633465540777
GUA,1884-11-19,0.25622878476,8.29315,8.31845,30802.467377936995,0.07532736566961606,0.06770570875488802
GUA,1885-11-25,0.25955707128,8.60165,8.37864,30978.425052275783,-0.005167403457042696,-0.01009870842633065
GUA,1886-12-01,0.31253674608000004,9.0468,8.43807,37038.88994521259,0.16726647544934337,0.16109031662698237
GUA,1887-12-07,0.33914153988,9.21105,8.52163,39797.73117114918,0.08209961658508425,0.07445091832445239
GUA,1888-12-13,0.31861794328,7.84826,8.58597,37109.13773050687,0.0822832543412888,0.07550624306901121
GUA,1889-12-19,0.34127145624000005,8.88946,8.65071,39450.10944072799,0.03384130171720878,0.027630910745157333
GUA,1890-12-25,0.34297587063999996,9.22973,8.7122,39367.309134317395,0.021014913673703006,0.015794205361578717
GUA,1891-12-31,0.33130512792,8.46544,8.7472,37875.56337113591,-0.02574154777618609,-0.029060760901981064
GUA,1893-01-06,0.32760250328,8.40941,8.7805,37310.23327600934,-0.009016017782421781,-0.01174706465326214
GUA,1894-01-12,0.32810121448,8.33324,8.83617,37131.60956387214,0.0034680046199830894,-0.0009910319956061286
GUA,1895-01-18,0.32532076356,8.27148,8.88115,36630.47730980785,-0.009151104060760806,-0.013141962383176664
GUA,1896-01-24,0.3326392264,8.08767,8.92654,37264.07167838827,0.023120424662886663,0.01895725932559733
GUA,1897-01-30,0.33344626796000004,8.05615,8.97031,37172.21232711022,0.0039074433829002775,0.00026734508245329636
GUA,1898-02-05,0.33520176819999997,8.05628,8.99497,37265.468167209,0.004649320517078337,0.002557722986038513
GUA,1899-02-11,0.34164122252,8.10792,9.0582,37716.23749972401,0.022530564919511553,0.017447383515998283
GUA,1900-02-17,0.33197928348,8.01182,9.1062,36456.40151545101,-0.013818798645207186,-0.018033449802539514
GUA,1901-02-23,0.33237186216000003,8.0885,9.14238,36355.06970395018,-0.007275802767810036,-0.010244104410224941
GUA,1902-03-01,0.3472801592,8.01111,9.18269,37819.00066320436,0.018195824642089464,0.014936604527925557
GUA,1903-03-07,0.34213223408000004,7.88683,9.21556,37125.49580058076,-0.008685437544325936,-0.011545960224944696
GUA,1904-03-13,0.33036727464000004,7.25191,8.72971,37844.01482294372,-0.05645317200612554,-0.01418773307539345
GUA,1905-03-19,0.3077434464,7.11678,9.03151,34074.41794340038,-0.11651868415747957,-0.14852123165659226
GUA,1906-03-25,0.30102914764,6.97699,9.02022,33372.70572558097,-0.008733869691253227,-0.00799833964143648
GUA,1907-03-31,0.30778604324000003,7.00119,9.00754,34169.82253090189,0.016284575304162496,0.0168706041473925
GUA,1908-04-06,0.31818934628,6.93226,8.98767,35402.8737459208,-0.002184162412339208,-0.00013288533549005166
GUA,1909-04-12,0.35007452844000003,7.90985,9.03141,38761.89082767808,0.037051134947269526,0.03315471710358997
GUA,1910-04-18,0.36736760424000003,8.03155,9.07247,40492.567541143704,0.04218031985866699,0.03887014643734932
GUA,1911-04-24,0.38300991768000003,7.64952,9.10183,42080.539592587425,0.031540691550012045,0.0286979228211528
GUA,1912-04-30,0.38865764288,7.66959,9.10845,42670.00893456077,0.014855182338340267,0.014182934044880025
GER,1875-12-05,41.35591700292,10.1171,312.70224,132253.34427703492,-0.045196017097500873,-0.04371199987323893
GER,1876-12-18,38.70440031588,9.72518,329.91698,117315.57531800878,0.07990607557181595,0.020663036092573916
GER,1877-12-17,41.45841059828,11.25463,327.3227276038507,126659.12600012281,0.05361958660462118,0.04980431723791923
GER,1878-12-30,46.20049895032,11.52514,329.91698,140036.7418200785,0.07397122181847382,0.06881534511045029
GER,1880-01-12,50.597345473480004,11.69827,329.91698,153363.87194584528,0.08329112671725958,0.08155958769937977
GER,1881-01-04,52.446369076399996,11.7865,329.91698,158968.38373217406,0.04674734829427396,0.047511537321018205
GER,1882-01-10,55.5803166984,12.24223,333.74293437407385,166536.30975780633,0.014148017279653313,0.013268266425861652
GER,1883-01-23,58.88615506176,12.34645,329.91698,178487.7973293766,0.04659611353810367,0.04400946295146868
GER,1884-01-22,60.61560397204,12.28284,328.966217738859,184260.87757180608,0.041171833743909314,0.042098090208638084
GER,1885-02-04,62.857438669480004,12.50813,329.91698,190525.0183530414,0.04852506276872681,0.05402350167617542
GER,1886-02-17,64.91707600716,12.66027,331.6516255355066,195738.75418925087,0.04514326136263547,0.04432641790774561
GER,1887-02-09,72.6124492158,12.78392,329.91698,220093.0949834713,0.08129990938437048,0.07832624963608348
GER,1888-02-15,76.57593934744,13.31892,334.5898775340002,228865.08077238096,0.045274783503730376,0.04486554234646567
GER,1889-02-28,78.40929053932001,13.63085,329.91698,237663.7011508774,0.022707161823905198,0.022308732574241263
GER,1890-02-27,81.4094934302,13.90208,329.91698,246757.5128452012,0.02875506917411208,0.02879124209020345
GER,1891-03-12,94.76671781252,14.09571,329.91698,287244.13582022965,0.11022334981870174,0.10949284640720869
MEX,1837-03-24,3.2284012722,9.50806,70.27637,45938.64583785417,0.018358957847953272,0.02142979155574909
MEX,1838-04-06,3.50622140336,8.35577,71.79544,48836.268756901554,0.05268500060209891,0.03434396180157018
MEX,1839-04-05,3.7652998786,9.18329,73.47764,51244.15915644542,0.04440836215824162,0.028172667230933035
MEX,1840-04-18,3.98667356568,9.48047,76.63999672760376,52018.18548935431,0.004781905806782394,0.008357587384365539
MEX,1841-05-01,3.99738332292,9.2818,75.85447,52698.05883450244,0.0004901205779150875,-0.0032232397511240407
MEX,1842-04-23,4.11847120932,9.29169,77.15812,53377.029006409175,0.030988295751050554,0.011902830791185925
MEX,1843-04-29,4.33850839396,9.48805,79.37868,54655.83950199222,0.03942725971504446,0.016241702923467605
MEX,1844-05-12,4.418805262559999,9.30279,80.48629418361071,54901.338263624435,0.0022856397586750177,0.0022088529684363145
MEX,1845-05-11,5.1057702566,9.70444,81.12646,62935.94292910107,0.11572554092152498,0.09620680012200844
MEX,1846-05-24,5.362813890719999,9.8134,83.03889,64581.955403305605,0.046952713296159354,0.02682069521005004
MEX,1847-06-06,5.3419461316,9.17043,85.15462,62732.311313232334,-0.012220906497297013,-0.03756631895755558
MEX,1848-05-29,5.4313271948,9.33344,85.73981,63346.62037156368,0.04282771890802706,0.036163180294553676
MEX,1849-06-04,5.5123402744800005,9.52868,85.73981,64291.4916009261,0.001420817506678329,0.0018686651608472715
MEX,1850-06-17,5.6304047488,9.96296,89.38647,62989.45185775879,0.015523781661905378,-0.013809260881079255
MEX,1851-06-16,5.57337951196,9.77073,86.14680243810753,64696.30159475987,0.02392799800983436,0.01770479902400135
MEX,1852-06-29,5.2695220780800005,9.94581,90.25873,58382.40886039501,-0.011069959896322867,-0.004461209814362821
MEX,1853-07-12,5.6361978322,9.57993,96.62114,58332.967632135165,0.07242037938602608,0.002376995510227964
MEX,1854-07-04,6.09550073912,9.83594,99.08946,61515.12723068629,0.05176270592541643,0.031402646537280754
MEX,1855-07-10,6.140169912759999,9.96461,100.17451582851433,61294.73012149285,-0.004341703617329107,-0.013761832558336518
USA,1837-01-13,17.92464637392,10.94513,159.6317311760667,112287.4897231423,0,0
USA,1838-01-26,17.53437757656,10.83218,159.76041,109754.2099232219,-0.008465896795155636,-0.009005753597777333
USA,1839-01-25,18.50639662872,11.11009,168.47487,109846.62952237327,0.029056467643783224,0.02158971438972257
USA,1840-02-07,18.49461499392,11.08259,172.04645,107497.8007039378,0.0031171486666465853,-0.006102676851827082
USA,1841-02-20,18.402513350000003,11.10819,173.69230501285625,105948.92703299606,-0.002596402963976785,-0.012985812104367334
USA,1842-02-12,20.40408142136,11.07757,181.82,112221.32560422397,0.10517631594685084,0.08091236557832793
USA,1843-02-18,19.54246603452,11.06776,186.13901,104988.55685608299,-0.037961670095568834,-0.05950942856341246
USA,1844-03-03,19.23775351784,11.04674,190.77823,100838.30591069013,0.006348086908553041,-0.013948961332197918
USA,1845-03-02,19.16996182296,10.91307,195.16396,98224.907011315,-0.020934733178814113,-0.04129487152073508
USA,1846-03-15,20.5916948406,11.17164,202.28521,101795.35538263028,0.039733878853356996,0.009043187063393354
USA,1847-03-28,21.14516557556,11.1016,207.12748,102087.6881018395,0.05117631422984514,0.037908638119467986
USA,1848-03-20,21.635846104600002,11.07555,211.46674,102313.23424478006,0.036456592671154864,0.019720981056261522
USA,1849-03-26,22.078105189920002,10.93703,215.42177,102487.80886871369,0.014109190827029217,-0.0044961273133719
USA,1850-04-08,22.78013252008,11.091,221.98357,102620.8044139483,0.01037412374738289,-0.014939933235294411
USA,1851-04-07,22.964141995080002,11.05092,228.14414,100656.28683287681,0.01624758811442195,-0.0036236760092156484
USA,1852-04-20,24.81741184572,11.34319,239.9351838143769,103433.81679662166,0.04036568583041733,0.013144425953205197
USA,1853-05-03,25.42012599204,11.22174,239.94798,105940.1541619146,0.023655850132571876,0.009174266015347543
USA,1854-04-25,25.3429696754,11.02835,247.52037000000004,102387.41027819244,-0.008657512153129154,-0.021305220896320698
USA,1855-05-01,25.60062401988,11.06854,253.91554999999997,100823.380135167,0.022588264265268165,0.010263848866958192
USA,1856-05-14,26.330449314,11.11166,248.38211932134726,106007.82933144504,0.03543093995785496,0.03632653741312564
USA,1857-05-13,27.2527487804,11.12681,253.91555,107329.97163978338,0.019300685420061248,0.01978610201085962
USA,1858-05-26,29.1164663868,11.29488,253.91555,114669.88290713192,-0.004842249909571716,0.0010063970183062931
USA,1859-06-08,31.34397795568,11.31608,253.91555,123442.53022581722,0.0552195087448859,0.05613711554790979
USA,1860-05-31,32.45239333856,11.21347,253.91555,127807.82168937665,0.041775525589925255,0.0409715818482006
USA,1861-06-06,34.09292158116,11.11226,253.91555,134268.74242699984,0.04431824483199098,0.04384923294255305
USA,1862-06-19,35.0393470726,11.1624,253.91555,137996.06630078386,0.0025524671607832783,0.0017789436785238255
USA,1863-06-18,36.24479070108,11.26352,255.6604127857037,141769.27239596,0.02277096662271272,0.020009176889811187
USA,1864-07-01,37.485909753239994,11.09761,253.91554999999997,147631.40639964744,0.03404137770047133,0.0362557093249829
USA,1865-07-14,38.2737837768,11.11922,253.91554999999997,150734.3042866024,0.007803130166986083,0.009623345651017301
USA,1866-07-06,38.371336660279994,11.10488,253.91554999999997,151118.49849400716,0.007545886026762316,0.006777643323598648
USA,1867-07-12,40.359198490000004,11.00526,254.84475361830079,158367.78241253833,0.03447628594824215,0.03519968786927552
USA,1868-07-25,43.42847980692,10.94634,253.91555000000002,171035.13277119104,0.04667309161258215,0.0456591532323436
USA,1869-07-24,42.70254494740001,10.9076,253.91555,168176.17096471644,-0.008215819380314127,-0.008745949116911955
USA,1870-08-06,44.62736911308,11.10108,253.91555000000002,175756.73925082572,0.043887073031283474,0.041124570588606524
USA,1871-08-19,49.280587447520006,11.07804,257.4856848084182,191391.5621530072,0.050457155094742356,0.04675431578986955
USA,1872-08-11,51.171778693360004,11.07598,253.91555,201530.70063397064,0.04596350420579043,0.04531481332286802
USA,1873-08-17,54.24123462368,10.78311,253.91555,213619.19198599693,0.04119044559564289,0.04200882340170553
USA,1874-08-30,55.573240013719996,10.83655,253.91555,218865.0518399523,0.016993482095201795,0.01651380552624504
USA,1875-08-29,58.23440512448,10.8185,253.91555,229345.56439918707,0.03873654236501767,0.03661304227603601
USA,1876-09-11,58.11717669316,10.9847,253.91555,228883.88164159303,-0.0014079278526333283,-0.01225253778178037
USA,1877-09-24,56.94102889124,10.90354,253.91555,224251.83842123888,-0.018587226157403602,-0.019068628183680048
USA,1878-09-16,57.858910263439995,10.90111,253.91555,227866.74649677816,0.007409236121510787,0.0068196013814862955
USA,1879-09-22,59.33043373712,10.91039,253.91555,233662.07283138036,0.04360043729073104,0.04497655723187077
USA,1880-10-05,58.19123123164,11.06241,253.91555,229175.53191066874,-0.000022408644381299858,0.0019379301483859468
USA,1881-10-04,53.534012701520005,11.13778,503.79645,106261.19477721608,-0.034009984511711666,-0.31404255177537554
USA,1882-10-17,58.3934149084,11.37827,505.60055364633104,115493.17833470245,0.07228679711424824,0.07390310561320601
USA,1883-10-30,61.30412655744,11.56802,503.79645,121684.31626987447,0.03280484314901022,0.02994074220628007
USA,1884-10-22,61.45547213416,11.66465,503.79645,121984.72643894175,-0.006914303885719453,-0.00843425959355959
USA,1885-10-28,63.798342030280004,11.69401,503.79645,126635.1559846839,0.021731083133285756,0.020518143037252967
USA,1886-11-10,65.38408368076,11.6335,505.4827087201128,129349.79288671051,0.0016690726099832798,0.0017737107473767555
USA,1887-11-09,67.09456073424,11.54376,503.79645,133177.9148785983,0.025781313785920634,0.026289750975887927
USA,1888-11-22,72.05299215556,11.5761,499.30514983659504,144306.52713904594,0.043275276502263926,0.04406409488631491
USA,1889-12-05,74.33512993244,11.55421,503.79645,147549.92801644394,0.009958899766536966,0.008389648823158735
USA,1890-11-27,77.96454884763999,11.57059,503.79645,154754.06555095813,0.04209531881643103,0.0417036229134049
USA,1891-12-03,87.45176138556,11.44851,503.79644999999994,173585.50538726506,0.09745968338310829,0.0977054803117996
USA,1892-12-16,87.88178461972,11.32834,503.79645,174439.0708186213,0.0022936952367540453,0.0020232142456151347
USA,1893-12-15,85.71512828632,11.37053,503.79645000000005,170138.41261946168,-0.03712430960267321,-0.03233287238948024
USA,1894-12-28,89.28256835108,11.41135,503.79645,177219.52655895054,0.033128351668267,0.034120127456714
USA,1896-01-10,92.94375086567999,11.37492,503.79645,184486.71257147603,0.02989305819551613,0.02946171816309251
USA,1897-01-02,95.28730414008001,11.41769,503.79645,189138.49857433495,0.009503951235838581,0.00918530912865756
USA,1898-01-08,100.21957361208,11.36315,503.79645,198928.70148664206,0.03420382727864246,0.034012806115772065
USA,1899-01-21,101.68921236552,11.35112,503.79645,201845.8295319866,0.036684063350937324,0.03621374440909553
USA,1900-01-20,110.6351249562,11.36491,504.16209066925364,219443.5619094974,0.06366165621802589,0.06589588973516625
USA,1901-02-02,116.99387594752,11.36968,503.79645,232224.49453051924,0.044805418427883215,0.04539296927890346
USA,1902-02-15,124.19157477428,10.93623,503.79645,246511.4130404849,0.058026226724397834,0.05842132348061857
USA,1903-02-07,125.83322336104,11.17095,768.5026499999999,163738.17756001232,0.02167715479226273,-0.293689486079474
USA,1904-02-13,128.68407402344,11.4089,770.2736233401752,167062.8074546042,0.014851805130582374,0.007735319302805799
USA,1905-02-26,138.87761544228,11.4911,775.0136500000001,179193.76702885167,0.06481186253063065,0.06438199720579973
WTU,1911-07-17,0.00155307412,16,0.18279,8496.493900103944,0,0
WTU,1912-07-23,0.0002275,16,0.18703,1216.382398545688,-0.03816178664919301,-0.054987186637689645
TRI,1873-03-30,0.50303716476,8.1151,9.6362,52202.85639152363,-0.03045142852096938,-0.033781357175983184
TRI,1874-04-12,0.50477888084,8.19351,9.598204009839627,52590.97226132352,0.015610582435801712,-0.0016729042732228638
TRI,1875-04-11,0.41104053016000003,8.07562,10.0122,41053.967176045226,-0.1389183210315441,-0.15907872897849018
TRI,1876-04-24,0.26580806304,7.19342,10.0122,26548.41723497333,-0.2759816356078194,-0.26645375118192083
TRI,1877-05-07,0.2440293362,6.93283,10.16919,23996.929568628373,-0.0402837870444398,-0.052351616284974534
TRI,1878-04-29,0.45192720195999997,6.97227,10.29436,43900.46607657008,0.10644579394327125,0.08642334780615912
TRI,1879-05-05,0.43002129092,7.05458,10.29436,41772.51338791339,-0.040982541366818226,-0.03996317897075263
TRI,1880-05-18,0.47563321727999996,7.21286,10.42622,45618.95080671614,0.04995842431735387,0.04643961394039531
TRI,1881-05-17,0.45542275792,7.22454,10.752642788317605,42354.49525160475,-0.042367166431022674,-0.06142565522733734
TRI,1882-05-30,0.52700155976,7.83801,10.78617,48859.00739187311,0.06938691818669174,0.07613182455119527
TRI,1883-06-12,0.72859265232,8.19133,10.78617,67548.78259104019,0.08795258120415372,0.06855150872125293
TRI,1884-06-04,0.51933554088,8.04702,10.94052,47468.99972579,-0.22581044256537053,-0.23927971722925112
TRI,1885-06-10,0.68241737616,8.04903,10.24656816584852,66599.60341009343,0.056650773991159475,0.05592785370313824
TRI,1886-06-23,0.6827264314,8.31364,11.1082,61461.481734214365,-0.0010350362869383511,0.0005093234900572785
TRI,1887-06-22,0.52064494248,7.51488,14.240754879208371,36560.20673736519,-0.4145848915895335,-0.40892572086838574
TRI,1888-07-05,0.7937518799600001,8.57236,11.24215,70604.98925561392,0.41554809753902533,0.35759720223786085
TRI,1889-07-18,0.90001473432,8.39103,11.682130309911878,77042.00436425273,0.10827077608667124,0.11560121125488654
TRI,1890-07-10,0.9510917624,8.41857,11.51629,82586.64573399941,0.02665786895237998,0.028367884780907016
TRI,1891-07-16,0.9069445086,7.8753,11.76072,77116.41027079975,-0.07237587144611579,-0.09342628919016027
TRI,1892-07-29,1.06052399648,9.73412,11.88354,89243.10403129034,0.030051757618472008,0.01823866840385313
TRI,1893-07-28,1.0021798576399998,9.06843,11.88354,84333.44421275142,-0.061575608665570214,-0.05259346174251911
TRI,1894-08-10,1.13469422612,9.3767,12.23916,92710.13910431761,0.03584514004451256,-0.0010841801738927792
TRI,1895-08-23,1.24632134328,8.58884,12.23916,101830.62753326209,0.03272787216758655,0.0321642734347809
TRI,1896-08-15,1.1017146436399998,9.26937,12.547139999999999,87806.03736309629,-0.05780097341391832,-0.07469765828776864
TRI,1897-08-21,1.1477545502800002,8.8376,12.8074,89616.51469306808,0.003110968550487314,-0.01274059924837545
TRI,1898-09-03,0.6510620376,8.27809,12.8074,50834.832799787626,-0.44115978856224813,-0.4398493819024155
TRI,1899-09-02,0.44086512912,7.98603,12.8074,34422.68759623343,-0.2679890619221058,-0.282669700891772
TRI,1900-09-15,1.37487475476,9.47626,12.69441,108305.52619302511,0.8961582854953447,0.8052651969781786
TRI,1901-09-28,1.45889546296,9.82537,12.69441,114924.24326613052,0.045824712495573516,0.055685272499689464
TRI,1902-09-20,0.7329033998,9.31227,13.01486,56312.8147210189,-0.4081758058075753,-0.4226148067931126
TRI,1903-09-26,1.34125646772,9.69727,13.38271,100223.08394338666,0.5649586276340826,0.5470853051445512
TRI,1904-10-09,1.552717569,9.82519,12.729360531043522,121979.2278813484,0.16000817413387702,0.16185112469873686
TRI,1905-10-08,1.5796127952799999,9.77667,13.71131,115205.09676172445,0.0029006416931394163,-0.023921910424986703
TRI,1906-10-21,1.81328090112,10.35961,13.972801466588086,129772.17957729787,0.1492156929179156,0.15505163689358614
TRI,1907-11-03,1.7435055263600001,10.50521,14.07766,123849.10037321543,-0.007755047260830428,-0.04310714597600629
TRI,1908-10-26,1.06177618664,10.18253,14.07766,75422.77527941433,-0.3038128596228905,-0.30284930356894435
TRI,1909-11-01,1.14892588772,10.09268,14.589749999999999,78748.83995407735,0.022402553897214794,-0.02718060861851168
TRI,1910-11-14,1.3059697071199998,10.49075,14.110307040236341,92554.30823694717,0.18657570894704656,0.1907625074584225
