country,date,gdp,sol,pop,gdpc,gdpGrowth,gdpcGrowth
ARS,1837-01-13,0.08172220836,7.05174,2.66666,30645.904749761878,0,0
ARS,1838-01-19,0.08341982324,7.03024,2.68206,31102.892269375032,0.012855761378719022,0.008409128165495217
ARS,1839-01-25,0.08749497483999999,7.10048,2.69708,32440.63017782194,0.042659346934346365,0.038229271590489944
ARS,1840-01-31,0.07457372572,6.70199,2.7134,27483.498828038624,-0.0010569011938327266,-0.005690049464815106
ARS,1841-02-06,0.08054043712,7.57841,2.73279,29471.872013583186,0.05125685448679396,0.045476881529264546
ARS,1842-02-12,0.07639978943999999,7.55145,2.7481,27800.949543320836,-0.04941499826769913,-0.053015139217803764
ARS,1843-02-18,0.0818920076,7.69243,2.76645,29601.839035587123,0.17149085720548873,0.16533841818655004
ARS,1844-02-24,0.07779011032000001,7.67064,2.78629,27918.88508374936,-0.02875541724842101,-0.034115188133554075
ARS,1845-03-02,0.09876881612,6.67091,2.80808,35173.077732828126,0.23714413471609141,0.22969291298517347
ARS,1846-03-08,0.080044692,8.27018,2.81985,28386.15245491781,-0.19289775277078292,-0.19511946518515533
ARS,1847-03-14,0.07880462772,8.26306,2.8463,27686.690693180622,0.00021513221882107914,-0.00699327181340359
ARS,1848-03-20,0.07495360288000001,8.84471,2.87376,26082.067702243752,-0.016426045453797666,-0.023060950469779073
ARS,1849-03-26,0.0808255266,8.17127,2.87882,28075.922287603946,-0.11782135875499133,-0.11798184744620144
ARS,1850-04-01,0.0784691752,8.1674,2.89809,27076.169201094515,-0.021379776081128732,-0.02638351014260687
ARS,1851-04-07,0.07788453244,7.1952,2.9222,26652.704277599067,0.045794805776528724,0.03923674310512837
ARS,1852-04-13,0.07768524607999999,7.24818,2.93763,26444.8708925222,0.0012049182849205309,-0.0029021462554645883
ARS,1853-04-19,0.07892512888,7.40367,2.95576,26702.143908842394,0.009669786941030933,0.005202503444674322
ARS,1854-04-25,0.07776672072,7.3012,2.9764,26127.778766294854,-0.009757742984092044,-0.01515393984846125
ARS,1855-05-01,0.07808787896,7.31835,2.99704,26055.000587246082,0.0022778304704906827,-0.0030268546722878042
ARS,1856-05-07,0.09897669548,8.14495,3.02547,32714.4858418692,0.21119181015168165,0.2030458829581263
ARS,1857-05-13,0.08655798268,8.16137,3.05692,28315.42293550371,-0.04006530932676777,-0.04767281368083065
ARS,1858-05-19,0.08745279556,9.02436,3.09869,28222.50549748442,-0.005289508324901049,-0.015559245755863538
ARS,1859-05-25,0.10944646804000001,8.63384,3.1379,34878.88971605214,0.12565711958045012,0.11557287350441503
ARS,1860-05-31,0.09435721724,9.42011,3.18139,29659.116687988582,-0.13325932085530268,-0.14265067199992054
ARS,1861-06-06,0.09501051404,9.42214,3.23156,29400.820049759248,0.006935854230817107,-0.004390972992113995
ARS,1862-06-12,0.09273392804,9.40185,3.27835,28286.768661064252,-0.025486997373155518,-0.036296372279669975
ARS,1863-06-18,0.09299526392,9.28327,3.3255,27964.295269884227,0.003618810461925248,-0.007379084381600065
ARS,1864-06-24,0.09332926876,9.29253,3.37265,27672.384848709473,0.003331493049782086,-0.007175820659646948
ARS,1865-06-30,0.09365577884,9.29088,3.4165,27412.784674374358,0.0025529831159849525,-0.007481937732879973
ARS,1866-07-06,0.09582875015999999,9.36781,3.46503,27655.96550679215,0.023103998563170913,0.012092071610902533
ARS,1867-07-12,0.09933352312,9.40539,3.51802,28235.633430168105,0.031407715270921566,0.020112807540545008
ARS,1868-07-18,0.10001391712,9.40671,3.56847,28027.114455214698,0.004809987041258568,-0.0061908502489789186
ARS,1869-07-24,0.10054648656000001,9.40762,3.6174100000000005,27795.159122134344,0.003851772720955049,-0.0066891504042306815
ARS,1870-07-30,0.0998105264,9.39741,3.6693599999999997,27201.07223057972,-0.008886859290613836,-0.01927250340613207
ARS,1871-08-05,0.10333153272000001,9.42663,3.7223,27760.130220562554,0.033836411073517425,0.022455516269473508
ARS,1872-08-11,0.101407423,9.37811,3.77982,26828.638136207544,-0.018320867457955026,-0.02912986192629874
ARS,1873-08-17,0.1025140324,9.36046,3.83395,26738.48965166473,0.006525915246138769,-0.004562101477541436
ARS,1874-08-23,0.10596236092000001,9.36121,3.87992,27310.44993711211,0.030663503492213806,0.021005611599135943
ARS,1875-08-29,0.10835048848,9.36752,3.91959,27643.32200051536,0.02496582809429171,0.01785035814968161
ARS,1876-09-04,0.1115511592,9.37107,3.97477,28064.8085801191,0.038264947732945975,0.02704002304538533
ARS,1877-09-10,0.11426871352000001,9.30078,4.02988,28355.363812321953,0.02445987415667128,0.013637144221343656
ARS,1878-09-16,0.11292515155999999,9.15524,4.08687,27631.207148747082,-0.013843203081676636,-0.023855114906445207
ARS,1879-09-22,0.14011112544,9.12043,4.13983,33844.65677093021,0.006688994994140884,-0.003343296175962518
ARS,1880-09-28,0.15499907123999998,8.37006,4.17606,37116.10255599776,0.09311496276983577,0.08633321367062119
ARS,1881-10-04,0.16840332912,8.54584,4.21865,39918.772384530595,0.0707226395517302,0.06276863536714306
ARS,1882-10-10,0.16954092012,8.50987,4.26051,39793.57403691107,0.005008783733159161,-0.002674126181567593
ARS,1883-10-16,0.16521463347999998,8.43414,4.28845,38525.48904149517,-0.022437310953284162,-0.026441730685438203
ARS,1884-10-22,0.15586413232000002,7.73393,4.32883,36006.06453013863,0.016023066374927453,0.008868278948283903
ARS,1885-10-28,0.15845648884,8.72311,4.36895,36268.78056283547,0.027263154310562587,0.019989614406797473
ARS,1886-11-03,0.13599217684,7.99186,4.41335,30813.820984059726,-0.16513256331743276,-0.171326066351716
ARS,1887-11-09,0.13763152676,8.051,4.43257,31050.051496084667,-0.006173701196108272,-0.009311147147248677
ARS,1888-11-15,0.13120948723999998,7.88973,4.45435,29456.4834914185,-0.01485877839378602,-0.018543120218862952
ARS,1889-11-21,0.15439614216,9.75794,4.508099999999999,34248.60632195382,0.10361414508157019,0.09389171729662737
ARS,1890-11-27,0.1590611074,9.74177,4.57603,34759.6295041772,0.023220295679601932,0.011467883271388368
ARS,1891-12-03,0.16631722536000001,9.6739,4.64742,35787.00125230773,0.03841427033414835,0.026792624088322503
ARS,1892-12-09,0.16329367756000002,8.68215,4.7001,34742.59644688411,-0.026757494004155613,-0.03499890615356005
ARS,1893-12-15,0.19158298744,8.81416,7.07202,27090.27794604653,0.12192267358498698,0.011734163814404841
ARS,1894-12-21,0.30380977952,8.9012,7.133939999999999,42586.5341620479,-0.04528318332390935,-0.05130452133917085
ARS,1895-12-27,0.30662462948,9.13324,7.20837,42537.30447798878,0.00667068421834105,-0.001305307866824923
ARS,1897-01-02,0.31520343452,8.86117,7.28753,43252.437316896125,0.01722396435339646,0.008670798461072327
ARS,1898-01-08,1.23534536372,8.07686,27.68682,44618.535596359565,0.5095185248645095,0.13173132462583448
ARS,1899-01-14,1.35657034656,8.04276,27.878179999999997,48660.64953164088,0.09828815115080625,0.09264295818228718
ARS,1900-01-20,1.4343341630800002,8.2092,28.05978,51117.08513324054,0.03714391720439347,0.03198378993044404
ARS,1901-01-26,1.4753987097199999,7.98572,28.18415,52348.52602331452,0.02128309649714244,0.017654377146062217
ARS,1902-02-01,1.58017255812,8.02907,28.27614,55883.60215078861,0.052442768638817805,0.0499101850435808
ARS,1903-02-07,1.654793387,8.12861,28.45184,58161.20809761337,0.0362673560853628,0.03147530142566124
ARS,1904-02-13,1.31225799952,7.98756,26.302180000000003,49891.60592468001,-0.2113040008313144,-0.14570703560451592
ARS,1905-02-19,3.26141774816,7.90147,73.14351,44589.29778130691,1.454440530539911,-0.08059149717907865
ARS,1906-02-25,3.87684818976,9.28433,73.4138,52808.16671742915,0.16869657216013523,0.16539986869745738
ARS,1907-03-03,4.3214627638,9.69299,74.07121,58342.00310485005,0.091791281790216,0.08433629367284246
ARS,1908-03-09,4.45859388364,9.81577,74.80851,59600.08939678119,0.027462714968743862,0.019858752683365566
ARS,1909-03-15,4.5600858550000005,9.77386,75.52303,60380.07022493669,0.017247337764203285,0.009868887612195065
ARS,1910-03-21,4.64812246912,9.731,76.34345,60884.36492089366,0.012611256786969616,0.004520334265784021
ARS,1911-03-27,4.66671521472,9.74965,77.17854,60466.48737744974,0.025889534773592127,0.017381344471199434
ARS,1912-04-02,4.78725608348,9.62747,78.04368,61340.727186109114,0.018115236584132166,0.009506709091515075
ARS,1913-04-08,4.9561191211999995,9.67003,78.94982,62775.55947815967,0.018407697357338826,0.009747073829314168
ARS,1914-04-14,4.9814144978,9.48448,79.78085,62438.72430288722,0.002909935299084232,-0.005018110978092127
ARS,1915-04-20,5.043407149039999,9.36319,80.57116,62595.68745243334,0.004122652030668528,-0.0034571493375065154
ARS,1916-04-26,5.20035875892,9.40824,81.37004,63909.993886201846,0.026123495186532564,0.01862309441278165
ARS,1917-05-02,5.32010791468,9.3335,82.1083,64793.789600807715,0.01618278374117854,0.00921586223451576
ARS,1918-05-08,5.19728735032,8.98707,82.77661,62786.907440640534,-0.02941052532529498,-0.03529693285717117
ARS,1919-05-14,5.29897503408,8.94006,83.42686,63516.41466645154,0.019544736712149957,0.013569985321956413
ARS,1920-05-20,5.50813176316,8.98978,84.01547,65560.92304381562,0.03819420739581991,0.03259587174943124
ARS,1921-05-26,5.43903733464,8.72217,84.57515,64310.11159471784,-0.005113075724900162,-0.010110381192978801
ARS,1922-06-01,5.37232701304,8.64533,84.93337,63253.43046013598,-0.006369635391798467,-0.009533804854511163
ARS,1923-06-07,5.65317922832,8.97102,85.35369,66232.39403381388,0.05465407034447134,0.05067749763666729
ARS,1924-06-13,5.86762068308,8.99143,85.91285,68297.35811441478,0.02478915402724069,0.01984634867549695
ARS,1925-06-19,5.88480084036,8.95008,86.46759999999999,68057.87185442871,0.0037634610506513955,-0.001057857796445627
ARS,1926-06-25,6.10167721176,9.00879,87.01055999999998,70125.70901462996,0.026263566395243965,0.021295910760227743
ARS,1927-07-01,5.81471651124,8.7389,87.5747,66397.21873143727,-0.04540677009104632,-0.049996222703888704
ARS,1928-07-07,5.8972463175600005,8.68005,88.12729,66917.36824722512,0.01008269688413499,0.005268250146417408
ARS,1929-07-13,5.850836238,8.51892,88.67173,65983.10688197918,-0.011023786894815202,-0.015569445147915917
ARS,1930-07-19,6.2025330619200005,8.78045,89.20416,69531.88127011117,0.056827397240077016,0.051999236104090185
ARS,1931-07-25,5.165675231080001,8.40907,82.30131,62765.40714941233,-0.15871726765553984,-0.09532462359352456
ARS,1932-07-31,6.360623072959999,9.47983,83.07695,76563.03069575857,0.1387270153350304,0.13063959713371398
ARS,1933-08-06,6.6849013483199995,9.66316,84.05381000000001,79531.21159314491,0.03985457928212255,0.030705172949364146
ARS,1934-08-12,6.69286515872,9.58079,85.00589,78734.1342902239,0.0033619532568869293,-0.0054291171910301195
ARS,1935-08-18,6.77980566224,9.80168,88.53019,76581.84922273408,-0.001963691640571197,-0.03252576911551652
TUN,1858-03-31,1.4172679352,8.39423,15.22758,93072.4340440175,0.0257277330235246,0.024142524219990413
TUN,1859-04-13,1.41444866316,8.4897,15.3900585953685,91906.64573464754,-0.05795178058100947,-0.06358388494401945
TUN,1860-04-12,1.3545351346799999,8.77913,15.40526,87926.7947882736,-0.06415655695793854,-0.06545211399665984
TUN,1861-04-25,1.60272514532,8.96977,15.53914,103141.17417823637,0.11365311592623062,0.1018118409639237
TUN,1862-05-08,1.5831191454,9.53508,15.70431,100807.94032975662,-0.02071618966406874,-0.0285517639683619
TUN,1863-04-30,1.67508216356,9.60631,15.86404,105589.88527260396,0.03342823055899724,0.020792318592457004
TUN,1864-05-06,1.7446628342,9.58197,16.05798,108647.71498033998,0.021783167489129562,0.013887704417385516
TUN,1865-05-19,1.74679052548,9.68096,16.24567,107523.45243255587,-0.014510584967484474,-0.020274011736560626
TUN,1866-05-18,1.84260936184,9.55162,16.436200902283122,112106.7680295905,0.03261859670439149,0.013565101756277897
TUN,1867-05-31,1.99017043576,9.57866,16.71687,119051.6188592721,0.07620924825528519,0.0738849341672001
TUN,1868-06-13,2.3025094424800003,9.89908,16.89692,136267.99691778148,0.16320203031386527,0.14726492052717544
TUN,1869-06-05,2.1553872048800002,9.69227,17.09071,126114.55023694159,-0.05672469997583207,-0.06413772071318014
TUN,1870-06-11,2.35591891964,9.8503,17.77687140679789,132527.19591249866,0.031530966494742296,0.01635659958330149
TUN,1871-06-24,2.35190688356,9.93332,17.46489,134664.85523584747,-0.047303817159923045,-0.05459946837909402
TUN,1872-06-23,2.38447267032,9.94219,17.68402,134837.70490646356,-0.02389864150963039,-0.03263730571550483
TUN,1873-07-06,2.29932072188,9.82876,17.86522,128703.74514727498,-0.0208366666442652,-0.027553432693573243
TUN,1874-07-19,2.38560221952,9.54984,18.439522000950607,129374.40674422121,-0.0003940635751369381,-0.0075381660897624325
TUN,1875-07-11,2.3578415874000003,9.2431,18.04923,130633.91554099537,-0.016327004283327118,-0.014899023980015746
GBR,1850-07-08,39.98850451596,11.8036,271.61678,147223.98415871066,0.03292812213073426,0.03100766296432389
GBR,1851-07-21,40.06174903536,11.74013,271.61678,147493.64540497094,-0.0029784128911969354,-0.0029867373411824882
GBR,1852-07-20,40.17124986992,11.84035,271.61678,147896.78999184072,0.00853540250189555,0.006915888646156221
GBR,1853-08-02,41.17282271596,11.75577,272.9279033487628,150856.04004126697,0.020863992119158237,0.021884068006449153
GBR,1854-08-15,40.41363757912,11.80106,271.61678,148789.17855929225,-0.018580278995456667,-0.020697718838853296
GBR,1855-08-07,42.82076112496,11.78594,271.61678,157651.38341217357,0.04525431061593155,0.045141944741281526
GBR,1856-08-13,44.01159041708,11.85974,271.61678,162035.60920308385,0.025152000956618403,0.025275793478014563
GBR,1857-08-26,44.87440062144,11.85828,287.47753873567046,156097.06698755713,0.011833254856188136,0.005532438868430134
GBR,1858-08-25,46.56682277104,11.71404,287.79912,161803.21458606265,0.03291143500297111,0.027276389371531762
GBR,1859-09-07,48.830372411080006,11.96671,287.79912,169668.24780798497,0.06553278011611163,0.061832372052373685
GBR,1860-09-20,52.61507595396,11.94545,296.14766,177665.0065509888,0.04766678534085278,0.01651895317739882
GBR,1861-09-12,53.43566590491999,11.99594,296.14766,180435.88764105042,0.0228572669108551,0.022211487284347964
GBR,1862-09-18,55.467488014640004,12.06675,296.14766,187296.72898526367,0.027187792415727552,0.026754505681954477
GBR,1863-10-01,59.18546508108,12.28251,296.14766,199851.1995032478,0.043366361613118354,0.04237230738291964
GBR,1864-09-30,61.34894463412,12.53096,300.01953532100964,204483.1666327292,0.04492714850251356,0.024450249968022808
GBR,1865-10-13,63.13890044904,12.66891,301.82966,209187.19667589993,0.012690926888495158,0.012621012338574156
GBR,1866-10-26,64.87460841523999,12.86374,301.82966,214937.81762614052,0.0328520774360912,0.035487441039835144
GBR,1867-10-18,65.62151565632,13.05212,303.87391,215949.81831878884,-0.012510779867770605,-0.015152210710632441
GBR,1868-10-24,69.8879321374,13.49691,302.81311251783444,230795.59387734203,0.04038050527023396,0.040032954100959195
GBR,1869-11-06,73.43776590592,13.76757,303.87391,241671.83653878016,0.037703750056487406,0.036567023207103144
GBR,1870-11-05,60.44657741563999,13.49339,250.78921243680747,241025.4285992106,-0.18528773882464067,-0.04804017247446446
GBR,1871-11-18,74.0326588612,13.67462,301.64978,245425.8672464472,0.10617628643783772,-0.09332626992995385
GBR,1872-12-01,79.92844003352,13.79255,307.2177349009468,260168.7043207012,0.04779892084758197,0.03179725351714002
GBR,1873-11-23,83.50674689708,14.09616,306.47942,272470.9766713863,0.03992591474504459,0.040184393882040315
GBR,1874-11-29,87.13188987568,15.44786,320.75283312704664,271648.0756419945,0.03761858673498786,0.03363957249186189
GBR,1875-12-12,94.34738287884,15.66954,323.04382,292057.53844428906,0.06188790617977702,0.05238099892867254
GBR,1876-12-11,96.2810247438,16.09253,323.04382,298043.2337129991,0.032103031022496786,0.03250780049795976
GBR,1877-12-24,103.73685648612,16.31089,323.04382,321123.1729680512,0.04506566052703831,0.04373885943488287
GBR,1879-01-06,108.10265030032,16.39423,323.04382,334637.72902487346,0.03986079469008552,0.03969161761956563
GBR,1879-12-29,109.09642097328,16.58871,323.04382,337714.001070443,0.02048701575062961,0.019942341949144238
GBR,1881-01-04,114.91165445292,17.44746,364.02938,315665.87964114326,0.03749640550561306,-0.07977596984508784
GBR,1882-01-17,121.80019446296001,18.15407,364.02938000000006,334588.9127491852,0.04374330120330905,0.042575222518498324
GBR,1883-01-16,129.91482707008,17.45279,364.02938,356880.06025799346,0.05081735296546053,0.05382139976370737
GBR,1884-01-29,134.99377528571998,17.29963,364.02938,370832.0885685655,0.03337788894649729,0.03387312866198244
GBR,1885-02-11,140.75581761384,17.3144,364.02938,386660.59759747965,0.0188147095015192,0.019876476527525444
GBR,1886-02-03,147.48802330860002,17.49829,364.02938,405154.17549154966,0.019863704613335198,0.018934313353672128
GBR,1887-02-09,151.805435717,18.04214,364.02938,417014.2413148082,0.03228424860731938,0.030932846021691773
GBR,1888-02-22,154.04358270912002,18.02998,364.02938,423162.500535314,0.008227603300300146,0.009447049574093036
GBR,1889-02-21,165.96815966276,18.25758,364.02938,455919.6833584146,0.04851581842544861,0.04442831244830714
GBR,1890-03-06,179.70268024748,18.40388,371.02604323183454,484339.8018159963,0.041624192916713376,0.04220887218216296
GBR,1891-03-19,201.54425728112,19.61128,364.02938000000006,553648.3271793062,0.09481479032076567,0.09565466777872089
GBR,1892-03-11,222.1138231052,20.01112,364.02938,610153.5626195886,0.09021082852241213,0.08956538389407198
GBR,1893-03-17,236.41648550571998,20.44149,364.02938,649443.4199396763,0.05190275173163372,0.053097994705319174
GBR,1894-03-30,245.0797437686,19.35101,364.02938,673241.6591446548,0.02939392146206643,0.028061378725021235
GBR,1895-03-29,260.81819799204,19.09886,610.3017,427359.4486006512,0.06395974267611759,-0.35671127738033537
GBR,1896-04-11,276.64258097216,19.67487,617.3952,448080.2263641829,0.043673536643046074,0.03118833634839291
GBR,1897-04-24,264.70711843056,20.9826,535.16705,494625.2173607474,-0.041888154734701644,0.09773703944834389
GBR,1898-04-16,260.48715961372,21.06196,550.62953,473071.5397950415,0.02306731203589174,-0.003376043529783046
GBR,1899-04-22,298.19059671076,19.93277,639.66912,466163.8140524276,0.07315431331348554,-0.06440506953846203
GBR,1900-05-05,304.27565897403997,20.25858,650.17832,467988.0113105586,0.016321615790537702,-0.0010743636739375395
GBR,1901-05-04,321.07981285588005,20.39353,676.0703604400996,474920.7059556162,0.04238320032984855,0.017064223533363565
GBR,1902-05-17,333.62685030844005,20.39196,683.30337,488255.8245079928,0.035819002152478685,0.021386225839325368
GBR,1903-05-30,352.64705225412,20.80026,698.7525982419393,504680.84575482015,0.03638269689067353,0.024951329344100603
GBR,1904-05-22,362.66074866943995,21.30469,684.65923,529695.259741755,0.02652937897139851,0.03677312705299274
GBR,1905-05-28,390.01084189028,21.66742,714.346803947466,545968.4844043369,0.05755848418796705,0.02581563037863477
GBR,1906-06-10,398.89067396411997,22.95715,665.891,599032.9858251876,0.016356139819009075,0.09653163871225146
GBR,1907-06-09,418.76126612684,22.63512,687.08667,609473.7162152192,0.03483651487411321,0.0067595507614686134
GBR,1908-06-22,445.11925528667996,22.89814,739.84468,601638.786247243,0.04965715869734111,0.03380290435867139
GBR,1909-07-05,455.52686347064,23.13411,769.1927207522957,592214.2152165972,0.010294707377890289,-0.004550817860277112
GBR,1910-06-27,468.87232021811997,24.01283,758.90418,617828.0902578768,0.004596768840197996,0.0073376613215214714
GBR,1911-07-03,490.87645477364,23.48743,758.90418,646822.7053033757,0.03423646060926888,0.03463976061213336
GBR,1912-07-16,524.2885973182,23.74297,832.0761100000001,630096.9238477475,0.06259190166438056,-0.031942159305018425
GBR,1913-07-15,526.43118865844,24.35937,861.44033,611105.8077097923,-0.0042220500052829735,-0.04132530993751893
GBR,1914-07-28,581.2321328860801,25.66977,861.44033,674721.2925195643,0.07711600094172044,0.07867716253515367
GBR,1915-08-10,595.0640143156801,26.31496,861.44033,690777.9837933523,0.025272967164215343,0.02651064895423172
GBR,1916-08-02,604.1917833738801,26.60759,908.68409,664908.5089339245,0.02739142312263909,-0.002806330205717966
GBR,1917-08-08,592.47300282716,26.76059,929.8121700000002,637196.4381012134,0.007746037299461772,0.005012684682913493
GBR,1918-08-21,611.21394126156,26.24629,934.11577,654323.5441379605,0.019561149132474087,0.015621612109280036
GBR,1919-08-20,622.5081550584,26.19843,998.59679,623382.892166517,0.008888988643578344,-0.0542065301012421
GBR,1920-09-02,637.14355186768,26.37685,1000.7675586831842,636654.8818848976,0.011265337873543668,0.0043523826199511895
GBR,1921-09-15,639.86972432708,26.39813,1025.8218,623763.0398643118,0.0009073467451270467,-0.012275953339013546
GBR,1922-09-07,658.73315553292,27.06648,999.2031600000001,659258.4790593736,0.009650042988643692,0.0366397217498744
GBR,1923-09-13,667.2582453591599,27.36891,1014.35975,657812.2262433618,0.02254441318469813,0.009450705169411933
GBR,1924-09-26,673.61504201368,27.26498,1030.7824400851878,653498.7557199848,0.011289333820314607,0.0080988073855226
GBR,1925-09-25,705.8905358439999,27.28597,1018.4244899999999,693120.150561187,0.04891622017211761,0.04758910575627051
GBR,1926-10-08,717.05414891188,27.66629,1018.4244899999999,704081.8008136078,0.022159876570553738,0.021745448300417358
GBR,1927-10-21,721.8336962772,27.85076,1018.4244900000001,708774.8805777441,0.013017099441811508,0.01328718337609347
GBR,1928-10-13,744.3744923326401,27.71628,1018.42449,730907.8872726638,-0.0031860735420267128,-0.004111891104465415
GBR,1929-10-19,742.7634881628,27.99297,1018.4244900000001,729326.0280522122,0.004438428951670126,0.003740292053823202
GBR,1930-11-01,732.39451545936,28.61113,1018.4244900000001,719144.6421907627,-0.009438405166950381,-0.009885483787080207
GBR,1931-10-31,737.26617193684,28.42107,1044.2656444285556,706014.0069438824,-0.009375596715603507,-0.009744518841741545
GBR,1932-11-13,717.31822544356,28.70787,1018.42449,704341.0998920107,0.0038445624968437286,-0.002140489826230274
GBR,1933-11-26,775.1509345798399,29.26873,1018.4244900000001,761127.5476887245,0.05978896088409513,0.05527047251312678
GBR,1934-11-18,711.5241202243201,29.47775,1018.42449,698651.8168119858,-0.03407745866463452,-0.037738151242621254
PBC,1854-03-07,5.54712730728,9.42919,55.870428170348696,99285.57000434707,0.0977970125694505,0.09452817973044803
PBC,1855-03-20,5.188970072,9.9594,55.24189,93931.79835085294,-0.05919039822985073,-0.06015106293898387
PBC,1856-03-19,5.48045622176,9.93104,55.241890000000005,99208.34029682909,0.05178022888834799,0.052201822278321375
PBC,1857-04-01,5.34548012336,10.00199,57.38562,93150.16764408922,-0.025429886415039737,-0.06602810556389993
PBC,1858-04-14,5.50165712252,9.75646,56.69609235466557,97037.67744881034,0.021635830579076032,0.01624424306430594
PBC,1859-04-06,5.39610190496,9.95474,57.385619999999996,94032.30120995469,-0.02688968628431887,-0.0284846380640964
PBC,1860-04-12,5.5899263794400005,9.87138,57.38562000000001,97409.88037490925,0.025261693418684672,0.025223859683120464
PBC,1861-04-25,5.79813090948,9.60267,57.38562,101038.04593345859,0.028755096761284182,0.032534407783819
PBC,1862-04-24,5.65177186496,9.92951,63.58283,88888.33455447013,-0.0276677494329145,-0.06809435831878186
PBC,1863-05-07,5.821157498,9.97833,64.79638,89837.696149075,0.02829654085769029,0.023773321653421275
BIC,1853-02-22,60.19426909756,8.62696,1535.8472142297614,39192.875788590645,0.020860438129248315,0.0009724376465567452
BIC,1854-03-07,64.68486036272,8.60791,1514.9605900000001,42697.38816289604,0.07713429759585133,0.07727270043378476
BIC,1855-03-06,64.26941851616,8.55528,1514.96059,42423.1619887617,0.01812346169839274,0.020334380894046822
BIC,1856-03-19,64.43749889668,8.57903,1514.96059,42534.109020406926,-0.010023981475257404,-0.0068695827895618455
BIC,1857-04-01,68.98208038643999,8.44951,1630.8572,42298.050611935854,0.04479532159359567,-0.023593772731994256
BIC,1858-03-24,66.92979550556001,8.035,1630.8572,41039.6419168766,-0.02151350826198961,-0.021875389277369983
ANK,1896-04-18,0.04582752096,7.20552,1.5273,30005.57910037321,-0.010141236907690754,0.008346916854091946
ANK,1897-05-01,0.052099171799999996,6.44832,1.5273000000000003,34111.943822431735,0.051382736450705346,0.05015858866713718
ANK,1898-04-30,0.04758168896,6.26995,1.517363940542157,31358.125554900806,-0.06343166669549671,-0.06340718026164072
ANK,1899-05-13,0.042653348400000006,6.7735,1.5273,27927.288941268907,-0.0791378286218044,-0.07901856662849094
ANK,1900-05-26,0.03626150944,6.70922,1.5273,23742.231022065083,-0.1318668432711526,-0.1321607313490567
ANK,1901-05-18,0.03334976528,6.49444,1.5273,21835.76591370392,-0.06712228602766557,-0.06636599912165464
ANK,1902-05-24,0.031842317,6.06865,1.5197068048461075,20952.93440712368,-0.034032176816021886,-0.03387512022163797
ANK,1903-06-06,0.0311992772,6.42975,1.5273,20427.73338571335,0.0038253917031825235,0.0051779173682129365
ANK,1904-06-05,0.0238522258,6.04966,1.6326631766653377,14609.397786944279,-0.271199730664642,-0.28607759276556466
ANK,1905-06-18,0.030549003680000002,6.84922,1.5273,20001.966660119164,0.022158168014944746,-0.014311531621296725
ANK,1906-07-01,0.02913496456,8.11239,1.6212683067341724,17970.47684148497,0.06174842968792538,0.055746217550709964
ANK,1907-06-23,0.034695705199999996,9.48087,1.5273,22717.020362731615,0.1904176076176003,0.19172307297517865
ANK,1908-06-29,0.031172133720000002,8.10018,1.5392983356167107,20250.87210109343,-0.10196226766419492,-0.10357367652752947
ANK,1909-07-12,0.0294966412,7.64135,1.5273,19312.93210240293,-0.02492621301150222,-0.023475476025727193
ANK,1910-07-11,0.031399839639999996,7.73325,1.5273,20559.051685981794,-0.0010468512833462507,0.0030332370265016007
ANK,1911-07-24,0.04747641132,6.78775,1.5273,31085.190414456883,0.2909957766044311,0.2570375256923041
ANK,1912-08-06,0.04836354952,6.85611,1.5273,31666.04433968441,0.0026416511276747823,0.0036389132657139722
ANK,1913-07-29,0.04593372004,6.67454,1.5273,30075.112970601713,-0.03560045493571784,-0.03531112480693599
ANK,1914-08-04,0.048046735880000004,6.54512,1.5273,31458.610541478425,0.030893234473824416,0.03138785972615543
ANK,1915-08-17,0.049261700799999995,6.60749,1.5273,32254.10908138545,0.012194876359600926,0.011749902975219495
ANK,1916-08-16,0.0505029538,7.29341,1.5273,33066.81974726642,-0.002048955965280652,-0.0002472818467718074
ANK,1917-08-29,0.049119223919999996,6.97503,1.5273,32160.82231388725,-0.004115372265227957,-0.002951424336848807
ANK,1918-09-11,0.0482848782,7.21574,1.5273,31614.534276173636,-0.000592639582989607,-0.0021594674076794718
ANK,1919-09-03,0.05117280376,7.55971,1.5273000000000003,33505.404151116345,0.02980652971894604,0.0305946049827146
ANK,1920-09-09,0.05316349376,7.65077,1.5273,34808.80885222287,0.0037673069583257224,0.004176233491919312
ANK,1921-09-22,0.05371100228,7.70247,1.5273,35167.290172199304,0.007974213237785355,0.007977468067090543
ANK,1922-09-21,0.05422729364,8.02054,1.5273,35505.33205002292,0.0035388739905717337,0.005463639039580359
ANK,1923-10-04,0.05392645128,8.04788,1.5281345416175056,35289.0729260787,0.0014265304381557709,-0.00010570327859837914
ANK,1924-10-17,0.05462141516,7.78624,1.5273,35763.383199109536,0.0024673026364150363,0.00025942956659341654
ANK,1925-10-09,0.055264448199999996,7.79981,1.5272999999999999,36184.409218882996,-0.0007595874738399733,-0.0002080178671050037
ANK,1926-10-15,0.05434448604,7.68898,1.5273,35582.063798860734,-0.011090862358208664,-0.010462569936584676
ANK,1927-10-28,0.056570797400000004,7.94148,1.566765453994341,36106.74287959143,0.037402578339238435,0.030943291208882062
ANK,1928-10-27,0.060628654840000004,8.2242,1.5273,39696.624657893015,0.06196643470340546,0.06513449999794618
ANK,1929-11-09,0.05750626024,8.46217,1.5273,37652.23612911674,-0.013099895833000974,-0.017645756813850166
D02,1872-01-06,2.618977335,8.81909,17.25922,151743.6671529768,0.9115660599795008,0.9124828668006639
D02,1873-01-19,4.68044940636,7.06268,17.288489339148494,270726.33788548963,0.7392456045273972,0.7268536215258135
D02,1874-01-18,4.6246108792000005,7.31828,17.25922,267950.1668789204,-0.006691140257833239,0.008291400146171801
D02,1875-01-31,6.07393270952,6.93448,19.39126,313230.43007623026,0.2141416308382713,0.17368926038682453
D02,1876-02-13,4.62231743844,7.69126,19.39126,238371.1753872621,-0.41908441700929877,-0.4212044591557158
D02,1877-02-05,4.6791836280800005,7.86702,19.39126,241303.74344318008,0.030182937469092286,0.024366746974207043
D02,1878-02-11,5.083786707480001,7.82482,24.53044,207244.00815802737,0.053767045568824834,-0.03129576021463942
D02,1879-02-24,5.2883625272399994,7.83125,24.53044,215583.68000084793,0.08799147517179096,0.08757361891812376
D02,1880-02-23,5.56610933736,7.63449,24.679874649814547,225532.31798532762,0.05085255092037677,0.05844878143871468
D02,1881-03-08,5.6706871977599995,7.35104,24.53044,231169.4041264649,-0.0225666069568623,-0.012254578727020515
D02,1882-03-21,5.55411582232,7.42155,24.53044,226417.29305793133,0.00940217706009916,0.010910799288480488
D02,1883-03-13,6.55514379364,7.42282,24.53044,267224.8762614939,0.10605692846443948,0.1065191857403549
D02,1884-03-19,6.7132884208000005,7.38783,23.556794500225163,284983.10416282795,0.06421554567364751,0.06409163146187336
D02,1885-04-01,6.7014521028,7.43159,34.55395,193941.70862665484,0.0011069014526459142,-0.29282123848601205
D02,1886-03-31,7.35473338288,7.52239,34.55395,212847.83310967343,0.10105867961543313,0.09431465688990093
D02,1887-04-13,7.619454731719999,7.62779,34.55395,220508.93549709945,0.046890970010358135,0.05257000179804305
D02,1888-04-26,7.68816709076,7.39286,34.67704135138164,221707.70028665318,0.004617164884153757,0.004820028108477592
D02,1889-04-18,8.45995630064,7.54519,34.55395,244833.2622070704,-0.13190219889748134,-0.12567971396465016
D02,1890-04-24,9.43426680144,7.71674,34.55395,273030.0530457444,-0.00004041363441464885,-0.0044423021725131795
D02,1891-05-07,15.201970641519999,8.49821,34.55395,439948.85220126784,0.8729675132265706,0.8766002894323006
D02,1892-05-06,18.09152570108,7.77897,123.68805999999998,146267.35758552604,0.09519871487587839,-0.6952028928975261
D02,1893-05-19,20.27696626436,8.64719,123.68806,163936.32711484036,0.12743830411551094,0.13431686336964277
D02,1894-06-01,19.60728621332,8.94056,123.68806,158522.06117001106,-0.012296405085706175,-0.007790168379027573
D02,1895-05-24,20.172797201439998,8.86373,123.68806,163094.13537119105,0.026145526530605867,0.022629470402049323
D02,1896-05-30,19.94777408676,8.44149,123.68806,161274.85617253598,-0.0007688594416548344,-0.0018228506930197952
D02,1897-06-12,19.882251959959998,8.34489,123.68806,160745.11929413397,-0.006471190252639203,-0.005950597933020885
D02,1898-06-11,21.5365111754,8.38285,123.68806,174119.56477771583,0.07059009952103334,0.07239721866354598
D02,1899-06-24,21.94671844144,8.29953,121.13009316104659,181183.03939765893,0.08427950507375015,0.07295255329232608
D02,1900-07-07,18.0055218486,8.57901,123.68806000000001,145572.02892987407,-0.11195040562032754,-0.1030741254258295
D02,1901-06-29,20.492110615079998,8.82976,123.68806000000001,165675.7379417221,0.09618993408324061,0.10443372408494977
D02,1902-07-05,21.745851043280002,9.12003,123.68806,175812.0472039096,0.05038032697752959,0.05351022084066237
D02,1903-07-18,20.02861884192,9.31345,119.63202092242082,167418.54469639188,0.0062676369546696975,0.006154407524735284
D02,1904-07-17,21.146215137320002,8.79179,123.68806,170964.07799847456,0.0560422583164677,0.05761708374461638
D02,1905-07-30,22.67474781936,8.88001,123.68806,183322.04272069593,0.01879516368310652,0.013524753129383837
D02,1906-08-12,21.54312019704,9.07493,123.64965,174227.10211504844,-0.023702376214984278,-0.01903730071575338
D02,1907-08-04,21.18395038604,9.31694,126.28216000000002,167750.93478001957,0.0014042276928498687,-0.006869254151610771
D02,1908-08-10,20.34496092876,9.61916,126.28215999999999,161107.16611720927,-0.0608793051496489,-0.05337751607006325
D02,1909-08-23,22.203688232439998,9.4367,129.57872,171352.89060148146,0.03916846170111099,0.014887631913762966
D02,1910-08-22,22.61385178156,9.39096,129.57872,174518.25254609706,0.008967207890959505,-0.05346214509422054
D02,1911-09-04,9.19390334304,9.74482,129.57872,70952.2624011103,0.14083737542881214,0.12408306428621318
D02,1912-09-17,9.87404423876,9.6247,132.98367,74250.05069238953,0.10570717795844198,0.08546867129322844
D02,1913-09-09,23.978651534759997,9.50083,134.96115,177670.77069778967,1.3171617050815123,1.29752664174397
D02,1914-09-15,23.311462120439998,10.11265,134.96115,172727.20423944222,0.0014787559173501386,0.0031229755708896967
D02,1915-09-28,25.14286759712,10.09572,137.55838,182779.61398731213,0.014568695618677241,0.01473580616919734
ARG,1838-05-04,0.5995758761200001,9.35358,8.77691,68312.86593117623,0.02894328137483404,0.02252786421408115
ARG,1839-05-17,0.61567179024,8.98987,8.77691,70146.7589664244,0.004892723447919689,-0.002301601436521694
ARG,1840-05-16,0.6392097259599999,9.58063,8.77691,72828.56107217688,0.0657881047019877,0.07400341345760908
ARG,1841-05-29,0.5951907103999999,9.74996,8.77691,67813.24069632706,-0.020918218286651635,-0.026362058313299297
ARG,1842-06-11,0.49750449008000003,9.01928,9.85441,50485.46692090141,-0.19735551686609287,-0.282536191705986
ARG,1843-06-03,0.586698814,9.34427,9.85441,59536.67586390256,0.13932908688142542,0.13976604222789413
ARG,1844-06-09,0.664643265,9.75427,10.60605,62666.42765214194,0.14810362255239284,0.06709182847592388
ARG,1845-06-22,0.70970253068,10.38933,10.92355,64969.95305372337,0.06811043907645353,0.03746549131553545
ARG,1846-06-21,0.73239775596,10.33314,10.92355,67047.59496317588,0.050284142154429334,0.06012579241476135
ARG,1847-07-04,0.69678800828,10.26246,10.79422645683626,64551.91681092685,0.004306632041953362,-0.0018333773202617865
ARG,1848-07-17,0.67747970576,9.74748,10.92355,62020.10388197976,-0.06111944548096837,-0.06261081164550697
ARG,1849-07-09,0.79864781984,9.9499,10.92355,73112.47898714246,0.11839057174122347,0.11645519426504225
ARG,1850-07-15,0.7312011699200001,10.09595,10.92355,66938.05309812287,-0.06712910557385332,-0.06452838270890959
ARG,1851-07-28,0.82678222536,10.05907,11.598459027893284,71283.79928503095,0.08232363435797119,0.07669686485624938
ARG,1852-07-27,0.85168623488,10.53215,10.92355,77967.89824553372,0.048946112864995506,0.046175771730002646
ARG,1853-08-09,0.90106074656,11.10124,10.92355,82487.90425823106,0.03260365233700102,0.04220985902351315
ARG,1854-08-22,0.95363532888,10.84824,14.51047,65720.49898314803,0.04381183558582835,-0.03852423243905112
ARG,1855-08-14,0.94908290984,11.14629,14.51047,65406.76558650409,0.045461643669650664,0.04807883458847528
ARG,1856-08-20,0.9415898533599999,11.49637,14.51047,64890.375939580175,-0.0013060501240517164,-0.0019726271928431904
ARG,1857-09-02,0.9434629271599999,11.73941,14.51047,65019.4602352646,-0.020538883360690985,-0.020219160116448198
ARG,1858-09-01,1.02420677008,11.61018,16.289832693938838,62873.98951992242,0.06147624416956532,-0.05755175958365555
ARG,1859-09-14,1.02581943048,11.02194,16.26133,63083.3659042649,0.012030038587176328,0.014123536524125457
ARG,1860-09-27,1.0800234536,11.06609,16.26133,66416.67401128935,0.018500874849521898,0.010708523461054664
ARG,1861-09-19,1.12823668464,10.86001,16.26133,69381.57485519328,0.048512775611492254,0.05165928130589381
ARG,1862-09-25,1.1791571355200001,10.47526,16.317785882340054,72262.07918294506,0.024198695915359725,0.02208833765927376
ARG,1863-10-08,1.21604491684,10.90577,18.84919,64514.43891435123,0.029234741382287543,-0.11208879395530424
ARG,1864-10-07,1.21112756752,10.89739,19.40141,62424.71900341265,-0.006354900077393921,-0.03473724036574233
ARG,1865-10-20,1.1662857096800001,10.89016,19.40141,60113.451016189036,-0.021522478168837234,-0.019548865717628816
ARG,1866-11-02,1.16543069812,10.86956,19.340650150338323,60258.09313859148,0.013416557995824308,0.008907843045349084
ARG,1867-10-25,1.14638235192,10.91741,21.1236,54270.21681531557,0.009987979532059654,-0.00962285937463958
ARG,1868-10-31,1.1621827724,10.85288,21.1236,55018.21528527334,0.011561461355002356,0.012089492841524718
ARG,1869-11-13,1.0973128946,10.92329,22.57848,48599.94537276203,-0.054069385107463064,-0.1149569867787319
ARG,1870-11-12,1.10141505344,10.89249,22.57848,48781.62982804865,0.03086780596804406,0.02863086777221091
ARG,1871-11-25,0.99013396404,10.98081,22.57848,43852.99471177865,-0.09276016650170327,-0.09724759439030994
ARG,1872-12-08,0.84673726072,10.78511,22.578480000000003,37501.9603055653,-0.08106033371640242,-0.08342138415231559
ARG,1873-11-30,0.82396836652,10.88578,23.88105,34503.020868847896,-0.10408149867443905,-0.13964251221476365
ARG,1874-12-06,0.87977862128,11.60274,23.66613,37174.58753416803,0.06281766278610879,0.07679818744147449
ARG,1875-12-19,0.9981084464,11.46157,23.666129999999995,42174.552679293156,0.05927366244701515,0.059808309626319334
ARG,1876-12-18,0.94415604608,11.00097,23.66613,39894.822097233475,-0.02594975360262286,-0.015385227394040801
ARG,1877-12-31,0.88287631016,11.0168,24.939965536006287,35400.06135475108,-0.006316778217533625,-0.08471052610167018
ARG,1879-01-13,0.90738763388,11.64713,26.87582,33762.23065491583,0.01451093421086691,-0.014285910527725543
ARG,1880-01-05,0.89126357372,10.9965,27.53014,32374.102482588176,-0.07186152170274562,-0.09258346740393897
ARG,1881-01-11,0.82275667344,11.82626,27.53014,29885.66979463236,-0.048210850631590585,-0.04792790499124244
ARG,1882-01-24,1.0511903084799998,12.46968,28.56687638124789,36797.52362319988,0.21172373041184467,0.20611590784069622
ARG,1883-01-23,1.1194640922399999,12.53624,27.53014,40663.21828512314,0.06538725778314469,0.07429476204489016
ARG,1884-02-05,1.1625103152,12.48178,34.86001015275021,33347.962611200965,0.005311355434413745,0.005969890348329621
ARG,1885-02-18,1.31191080332,11.52382,36.20636,36234.263906120366,0.0983791720983207,0.07127977091523419
BNY,1837-01-13,0.06014263112,7.90458,2.49028,24150.9513468365,0,0
BNY,1838-01-19,0.07968568504,7.20895,2.51498,31684.420965574278,0.2557578342295479,0.24642766419420603
BNY,1839-01-25,0.06370147836000001,7.97722,2.535,25128.788307692306,-0.06462709093288066,-0.07050654022564462
BNY,1840-01-31,0.06744282687999999,8.74517,2.56652,26277.92765300874,-0.041708022044753434,-0.05003914459898229
BNY,1841-02-06,0.06818035952,8.01244,2.59192,26304.962930954658,0.022813765288321353,0.015099889868606553
BNY,1842-02-12,0.07337044468,7.37786,2.61021,28109.01984131545,0.06725753393325595,0.061380204480620426
BNY,1843-02-18,0.07656045124,6.50062,2.61531,29273.94887795328,0.09912113755307983,0.09614184623998656
BNY,1844-02-24,0.07219103476,5.66808,2.45155,29447.098676347614,-0.010556824101993767,0.04244691661655087
BNY,1845-03-02,0.07044542751999999,7.29724,2.41297,29194.48957923223,0.04093634447809591,0.04815426960934355
BNY,1846-03-08,0.07426710356,7.38231,2.41219,30788.247841173375,0.0280534316013894,0.02831055014473738
BNY,1847-03-14,0.07134244416,6.61249,2.37533,30034.75060728404,-0.03956551815284293,-0.02783079956521428
BNY,1848-03-20,0.07129211388000001,6.67052,2.32607,30649.16957787169,-0.00005118788239222294,0.015387477456520804
BNY,1849-03-26,0.07068957116,6.68387,2.29785,30763.35320408208,-0.006784616790050602,0.0027553739643115804
BNY,1850-04-01,0.0696116928,6.65234,2.2688,30682.163610719323,-0.011385806687217448,-0.0013446062295815464
BNY,1851-04-07,0.06727883448000001,6.64697,2.24798,29928.573421471723,-0.006018858871315036,0.0006581459109187282
BNY,1852-04-13,0.06869481996,6.72449,2.21393,31028.451649329472,0.023121984050389566,0.03575249073820119
BNY,1853-04-19,0.06652077899999999,6.69439,2.18756,30408.66490519117,-0.0006489717269396733,0.00862448136568994
BNY,1854-04-25,0.06744987444,6.74018,2.16817,31109.12633234479,0.014114985229700006,0.020626084667328293
BNY,1855-05-01,0.06403412028000001,6.64514,2.13734,29959.725771285805,-0.03587662628665478,-0.02494539239346205
BNY,1856-05-07,0.06508843224000001,6.70638,2.11071,30837.221712125305,0.023299794919547256,0.032928227463107085
BNY,1857-05-13,0.06814538588,6.85858,2.09173,32578.48091292853,0.04834785138021935,0.05485263433712628
BNY,1858-05-19,0.06766066476,6.88166,2.07756,32567.369779934153,-0.0051032454536400484,0.00010428360987213559
BNY,1859-05-25,0.06728186711999999,6.90143,2.06312,32611.708053821392,-0.004900526235247393,0.000116658942698189
BNY,1860-05-31,0.06860845108,6.91308,2.04586,33535.26198273587,0.01109410438554681,0.018185662319476936
BNY,1861-06-06,0.06808372948,6.92832,2.03417,33470.02928958739,-0.004957193108900859,-0.0005418757605476499
BNY,1862-06-12,0.067726724,6.94193,2.02127,33507.014896574925,-0.003911911427153192,0.0006034196248509982
BNY,1863-06-18,0.0748833748,6.95945,2.00909,37272.28486528727,0.00405150219616246,0.00878896646910765
BNY,1864-06-24,0.06098410864,5.97662,1.88052,32429.38582945143,-0.14733144916016483,-0.10135767846594057
BNY,1865-06-30,0.06284261464,6.9511,1.84819,34002.24795069771,0.0421592214863209,0.051778737161009225
BNY,1866-07-06,0.063114805,6.92946,1.81184,34834.64599523137,-0.003662779165894414,0.012412385481324506
BNY,1867-07-12,0.05995630784,6.12746,1.73436,34569.70169976245,-0.042969583868661565,-0.011425377989944141
BNY,1868-07-18,0.053667829279999996,6.84046,1.67167,32104.32039816471,-0.08833195449030029,-0.06789813883632811
BNY,1869-07-24,0.05611588008,6.8682,1.64764,34058.33803500765,0.01796663179996405,0.029545431517764564
BNY,1870-07-30,0.05590110656,6.89123,1.6205599999999998,34494.931727304145,-0.003074085461708731,0.00877170631738533
BNY,1871-08-05,0.05352565191999999,6.72179,1.57149,34060.44704070659,-0.041301999253379296,-0.017401446369289197
BNY,1872-08-11,0.05222852648,6.79859,1.5376100000000001,33967.34313642601,-0.02211154786897951,-0.005607571547214474
BNY,1873-08-17,0.04977575616,7.60908,1.53503,32426.568966078838,0.008157430567999224,0.009168356250942589
BNY,1874-08-23,0.050106888520000004,7.65163,1.5105,33172.38564713671,-0.03792299228327245,-0.02426375291902627
BNY,1875-08-29,0.0473289778,8.21535,1.52292,31077.783337273133,-0.043991153250849235,-0.0505950376503852
BNY,1876-09-04,0.042289279240000005,9.10159,1.50392,28119.367546146077,-0.10412022594402004,-0.09542843960269298
BNY,1877-09-10,0.04757021776,9.16627,1.49542,31810.60689304677,0.09021875136516067,0.09526568383375089
BNY,1878-09-16,0.04391179624,10.01679,1.51991,28891.05028587219,-0.04403935431437411,-0.05619231700545113
BNY,1879-09-22,0.05056112412,9.19967,1.54406,32745.56955040607,-0.03563845376535013,-0.04747320119627474
BNY,1880-09-28,0.04598198228,9.2483,1.56025,29470.906764941516,-0.09599761052306488,-0.10331039354119265
BNY,1881-10-04,0.04293182452,9.23774,1.57457,27265.745263786306,-0.051590620260122844,-0.05788589865589966
BNY,1882-10-10,0.05454730528,8.59676,1.57694,34590.60286377415,0.21513522827079035,0.21521285667437673
BNY,1883-10-16,0.0473529654,9.22409,1.59148,29754.04365747606,-0.07933412302010401,-0.08581351772983481
BNY,1884-10-22,0.0469750918,9.21372,1.60789,29215.36411072897,-0.007528236183930281,-0.01485697124471741
BNY,1885-10-28,0.04669229864,9.19646,1.61985,28825.075556378677,0.014983934302584823,0.008402121372090399
BNY,1886-11-03,0.05150410044,9.94323,1.63933,31417.774603039048,-0.0012962470098326628,-0.011088238309228782
BNY,1887-11-09,0.044210820160000004,9.16383,1.65944,26642.01185942246,-0.07369351673783853,-0.08183098077290563
BNY,1888-11-15,0.04696236376,9.93505,1.68153,27928.353202143287,0.05488727378365432,0.04425332045243646
BNY,1889-11-21,0.05683541188,10.01946,1.70908,33254.97453600768,0.03221245852417476,0.020199350390031734
BNY,1890-11-27,0.07574016372,10.08717,2.1662,34964.52946173022,0.33979576968026226,0.300482599303348
BNY,1891-12-03,0.08084789544,10.20566,2.40679,33591.58690205626,0.060140180848791136,-0.008448098994140896
BNY,1892-12-09,0.08669018436,9.36614,2.66128,32574.619867131605,0.10070611628324455,-0.0005045556982624655
BNY,1893-12-15,0.12200040631999999,9.06288,2.91458,41858.65761790721,0.21361835610155855,0.11167074565937618
BNY,1894-12-21,0.11495637244000001,8.2784,3.1601,36377.44768836429,0.43198721255814165,0.32346904913849284
BNY,1895-12-27,0.12161350552000001,8.9202,3.42436,35514.22908806317,0.02214917695184271,-0.053417682330151206
BNY,1897-01-02,0.15418476268,8.26777,3.63881,42372.30376963898,0.156194693812286,0.08870052803058082
BNY,1898-01-08,0.16436085639999998,8.29343,3.85772,42605.69880654894,0.06678190701868436,0.006038027323727269
BNY,1899-01-14,0.16812219632,8.27169,4.08483,41157.69721628562,0.022372296206177422,-0.021563857202715697
BNY,1900-01-20,0.18178069104,7.83897,4.54738,39974.81869560054,0.07921586642445555,0.011621526433800211
BNY,1901-01-26,0.18720974844,7.81125,4.79801,39018.20722341137,0.02913703416135438,-0.02315747524087619
BNY,1902-02-01,0.20118912892,7.26379,5.40004,37256.97011873986,0.043728176279028474,-0.02730025351644605
BNY,1903-02-07,0.19947892536,7.55101,5.438160000000001,36681.32702237521,-0.005245893247617595,-0.010432096852127759
BNY,1904-02-13,0.19051797752,7.08999,5.48275,34748.61657379964,-0.03846436795225738,-0.0442168062632573
BNY,1905-02-19,0.19725012684,6.81704,5.51584,35760.6686995997,0.019516017170041478,0.014433535086613158
BNY,1906-02-25,0.19405766795999999,6.95427,5.59944,34656.62065492263,-0.0166155016249957,-0.030443373003068208
BNY,1907-03-03,0.18311635212,7.89634,5.61243,32626.9284641412,-0.02736142340687575,-0.02855947679499593
BNY,1908-03-09,0.19321501524,8.71398,5.67588,34041.42005116387,0.016650264756140398,0.007579475095476518
BNY,1909-03-15,0.19504511051999998,9.13497,5.88103,33165.127625602996,0.013680605251323197,-0.009252084810568162
BNY,1910-03-21,0.206406109,9.14345,6.15815,33517.551375007104,0.05136209415289006,0.00929831832313921
BNY,1911-03-27,0.20978974171999998,9.13593,6.47446,32402.662418178505,0.005304012353156695,-0.030335658909472207
BNY,1912-04-02,0.2337945428,9.30763,6.827120000000001,34244.97340020389,0.09867800637805901,0.057568485156613614
BNY,1913-04-08,0.24184975412,9.35451,7.221909999999999,33488.33675855833,0.024794373753360688,-0.018720124246531022
BNY,1914-04-14,0.32365529768,9.39712,7.72223,41912.15460818961,0.2760247652350809,0.22191613873073068
BNY,1915-04-20,0.28001137632,9.53756,8.17905,34235.19556916757,0.032610188676228224,-0.0192275047931878
BNY,1916-04-26,0.358595224,7.61558,8.71263,41158.091643969725,0.256896737026862,0.20014287880681714
BNY,1917-05-02,0.33308000856,7.55436,9.749640000000001,34163.31357465506,-0.10016043355747595,-0.16421749457063795
BNY,1918-05-08,0.39921521796,8.53737,9.81287,40682.81939534509,0.1663798729965713,0.16113484951405344
BNY,1919-05-14,0.3977877488,8.7648,10.21189,38953.391468180715,-0.01093426434805067,-0.04477072307530605
BNY,1920-05-20,0.40977876160000004,8.80308,10.64365,38499.834323751726,0.025966526783740562,-0.011870815542246005
BNY,1921-05-26,0.41943430672,10.1419,11.11806,37725.494080801865,0.016599342293538655,-0.012487584183680456
BNY,1922-06-01,0.40886927432000003,9.82587,11.32175,36113.610909974166,-0.030752977808018667,-0.04409461880998544
BNY,1923-06-07,0.42592767152,9.13298,11.794439999999998,36112.581141622664,0.029022904842944452,0.009175118399410875
BNY,1924-06-13,0.44409728843999996,9.05448,12.258239999999999,36228.47068094604,0.03235801017680817,-0.0030688154236362397
BNY,1925-06-19,0.45496041968,8.93078,12.688120000000001,35857.19710091014,0.015602693159326941,-0.015573778609415223
BNY,1926-06-25,0.45784225708000004,8.32156,13.3813,34215.080528797655,0.006530588438541596,-0.01895215094228031
BNY,1927-07-01,0.46872942064,8.29872,13.532550000000002,34637.183726644274,0.02540404908266858,0.016622261452750475
BNY,1928-07-07,0.48213746776000005,8.296,13.67135,35266.26615220882,0.008897005234937527,0.0012817704999321666
BNY,1929-07-13,0.48834320444,8.26894,13.822769999999998,35328.89604905529,0.0097779306864898,0.001627480022160066
BNY,1930-07-19,0.48806314648,8.22061,13.95959,34962.570281791945,-0.0008909447287517303,-0.008477114161994703
BNY,1931-07-25,0.51037618944,8.15043,13.722119999999999,37193.68358825021,0.17286323345190868,0.1847015716776752
BNY,1932-07-31,0.5367903345999999,8.472,13.76814,38987.86143952632,0.10111545526245913,0.09420395236172485
BNY,1933-08-06,0.5384160932800001,8.8617,13.93337,38642.20165545019,0.0022729640362357806,-0.006826231174291708
BNY,1934-08-12,0.55075131904,8.81589,14.100979999999998,39057.66259082702,0.019347373347323504,0.010314767311318862
BNY,1935-08-18,0.5626221796,8.63707,14.24901,39485.00138606121,0.012502246819387386,0.004471548445974305
NET,1845-12-07,3.25984373052,10.72569,31.983849999999997,101921.5551135964,-0.06634365895232808,-0.06633015660393127
NET,1846-12-20,3.43814562312,10.46408,31.98385,107496.30276280061,0.00711186562931454,0.006529602261608591
NET,1847-12-19,3.8653894942,11.11218,31.096693216681224,124302.26800213233,0.12479784734115618,0.1190859047746673
NET,1849-01-01,4.06843966152,11.13461,31.98385,127202.93715484533,0.03586766966247201,0.03271132833782664
NET,1850-01-14,4.320570201480001,11.51842,31.98385,135085.9950093563,0.06335352805799577,0.06626715411379003
NET,1851-01-06,4.4901565539999995,11.4877,31.983849999999997,140388.24450464844,0.04615783555828057,0.04695063728123783
NET,1852-01-12,4.59142464768,11.50423,31.78342494085139,144459.71937337125,0.02340842220304884,0.022992774694222673
NET,1853-01-25,4.506893495,11.55383,31.98385,140911.53801058972,-0.014364764685079856,-0.010899043837784506
NET,1854-01-24,4.99419278904,11.5911,31.98385,156147.33026324224,0.0649914507665994,0.06583707571488273
NET,1855-02-06,4.92539359052,11.73729,31.98385,153996.26969611226,0.021377509165052322,0.016409464570549703
NET,1856-02-19,5.25580630588,11.63717,32.116231522997886,163649.53348017827,0.020439539943267082,0.01942834435541063
NET,1857-02-11,5.31562125016,11.49805,31.98385,166197.04163695115,0.0061751659273694415,0.007468173882700269
NET,1858-02-17,5.45866620104,11.49863,31.98385,170669.45352232453,0.014780550235675705,0.01401618489209655
NET,1859-03-02,5.702993468120001,11.45322,40.76964,139883.34133242286,0.045260334231040034,-0.13971646093698142
NET,1860-03-01,6.08042344104,11.51575,40.76964,149140.9647237503,0.06121982071658505,0.07059291741520379
NET,1861-03-14,6.20639048432,11.83719,44.7447,138706.71798715825,-0.002311132919005643,-0.049759554570926956
NET,1862-03-27,6.9717923740400005,11.78079,44.7447,155812.6967895639,0.08797695959604601,0.09049566466973857
NET,1863-03-19,7.423254894639999,11.98206,44.744699999999995,165902.43972224643,0.05272944900759202,0.05248762994220968
NET,1864-03-25,7.98474055444,12.0489,48.46384,164756.66299740179,0.05097647935035776,0.02661658349596996
NET,1865-04-07,9.06183767996,12.33276,48.46384,186981.4211989805,0.09512420228874019,0.0990086556079508
NET,1866-04-06,8.619422719960001,12.59468,50.546440000000004,170524.8227166938,-0.04167201820441624,-0.06778336960526765
NET,1867-04-19,5.86977464684,11.14091,57.18142676946962,102651.76961226153,-0.48948320018216285,-0.4897722063815697
NET,1868-05-02,9.54621868148,11.77473,52.61182,181446.27350812042,0.3857899904603215,0.32454963221048705
NET,1869-04-24,10.09499430524,11.92027,53.21577,189699.2997609543,0.04231672802440989,0.02792794149594746
NET,1870-04-30,11.026837785080001,12.10978,53.21577,207209.96398398446,0.11094472360739682,0.11374814275419842
NET,1871-05-13,10.67923211576,12.98297,42.7185319102022,249990.61620864237,-0.0330053123155708,0.17893412301502742
NET,1872-05-12,12.55097616084,13.14039,43.70656000000001,287164.5849236361,0.12210953925019763,0.12060394307270927
NET,1873-05-25,12.07245637208,13.38447,43.70656,276216.1188636214,-0.028711382736570812,-0.010145925718147097
NET,1874-06-07,13.16981880344,13.40679,43.706559999999996,301323.61831816554,0.1712985153297304,0.18416534835727205
NET,1875-05-30,6.2075845104,12.91387,43.70656,142028.6682456821,-0.3457011793751117,-0.3424149773155567
NET,1876-06-05,10.15707773496,13.7267,43.70656,232392.52265472274,0.20064082501915403,0.1975890751139
NET,1877-06-18,13.364193323,15.69684,43.706559999999996,305770.88022942096,0.1324094138069689,0.13811403985399218
NET,1878-06-17,14.116799996,17.0009,44.787327904702124,315196.2989629017,0.0626921809100951,0.05958685892882132
NET,1879-06-30,13.80404603604,18.37621,44.19795,312323.21942624036,0.005494968716357018,-0.013454694264072309
NET,1880-07-13,14.35006059032,19.60156,44.19795,324677.06285744027,0.021354771358300884,0.018898787180362087
NET,1881-07-05,14.3022186658,19.92921,44.19795,323594.616171112,-0.010907946234522514,-0.012230487241157273
NET,1882-07-11,13.5041096866,20.10079,44.54086269479555,303184.73575901147,-0.03363768658973754,-0.03346607579841521
NET,1883-07-24,13.91495073644,20.41617,44.19795,314832.49192417297,0.013530426663708628,0.014533991248397493
NET,1884-07-23,13.87677137496,19.957,44.19795,313968.6654009971,0.010350110601372142,0.012792849637519366
NET,1885-08-05,14.33933359664,19.16652,44.19795,324434.3594361277,0.00615256700094613,0.004467676313639313
NET,1886-08-18,14.82230158344,19.47197,44.804674383868445,330820.4286108292,0.027955424441715948,0.03261991171151779
NET,1887-08-10,14.38931379964,19.48662,44.19795,325565.1857074819,-0.020994182152143215,-0.020562586299034957
NET,1888-08-16,14.150878638,19.08153,44.19795,320170.474829715,-0.025114259300931696,-0.02392580685504131
NET,1889-08-29,13.09876843808,18.32173,44.197950000000006,296365.97258651134,-0.09015203823785856,-0.08959462745170832
NET,1890-08-28,13.813005662559998,18.10672,44.19795,312525.93531057436,0.057208738167373374,0.05357322379273022
NET,1891-09-10,13.99719638512,18.46288,44.197950000000006,316693.33951280545,0.024735400052054102,0.03236047687301902
NET,1892-09-23,15.78453304896,18.65716,44.19795,357132.69617618015,0.06576429378921733,0.06495728303957038
NET,1893-09-15,16.122346682,18.97804,44.19795,364775.8930448132,0.01488235254109127,0.015298838653420743
NET,1894-09-21,13.842857609880001,18.80286,44.197950000000006,313201.35005990096,-0.05756921370686141,-0.05267922435113859
NET,1895-10-04,9.531746747640002,14.32973,56.131229999999995,169811.8275270291,-0.44782923784826056,-0.5740053793337452
NET,1896-10-03,13.93407705352,16.79598,56.3931,247088.33267757937,0.32620303812489504,0.29816643732341164
NET,1897-10-16,15.52314080564,17.15579,57.61651980066264,269421.701611722,0.07833223752156293,0.07568047230047403
NET,1898-10-29,11.583893653799999,15.41105,60.00352,193053.56842065265,-0.27338809855150337,-0.28623245855792445
NET,1899-10-21,13.910636519519999,16.86446,60.00352,231830.34127864498,0.12404519558656912,0.1239102839825521
NET,1900-10-27,15.48019810844,17.65423,62.16944,249000.1214172108,0.16023753192793944,0.11037045809557489
NET,1901-11-09,16.69098309112,17.71906,64.99156559081672,256817.67994643337,0.0326219805317427,0.0008227061939825031
MAS,1880-01-05,1.55068762368,8.03121,30.51768,50812.762427550195,0,0
MAS,1881-01-11,1.8055069000800001,8.87589,30.69727,58816.52994158764,0.09631918848861476,0.09160008447482815
MAS,1882-01-17,1.77991261136,8.81126,30.88687,57626.836625401025,-0.029729609693273873,-0.03447619569960558
MAS,1883-01-23,1.71890083716,8.72672,30.814570000000003,55782.0809169169,0.02943703717005497,0.031523082466889285
MAS,1884-01-29,1.7416736480000001,8.75987,30.76986,56603.23602382331,-0.0009143222719246724,0.00007775531730214169
MAS,1885-02-04,1.66801500788,8.64117,30.963080000000005,53871.09447380557,0.00812035451834725,0.0031760983286450717
MAS,1886-02-10,1.6880040345999998,8.63634,31.16923,54156.1031376136,0.008190220746024712,0.0033471749596076794
MAS,1887-02-16,1.90821468708,8.52065,31.3627,60843.44418943522,0.05926618172923659,0.054269597574925
MAS,1888-02-22,1.84741537032,8.45788,31.53662,58580.00541338926,-0.01885173581837607,-0.023091695225682107
MAS,1889-02-28,1.97575917448,8.69771,31.25568,63212.80402410058,0.03859936113322138,0.0468853829413729
MAS,1890-03-06,2.1182745661999998,8.8001,31.26058,67761.8446682691,0.08959766615915132,0.08805032386730693
MAS,1891-03-12,2.13080785424,8.79206,31.525489999999998,67589.9995286354,0.023804250370023983,0.017065687391228934
MAS,1892-03-18,2.18380442124,9.04216,31.824480000000005,68620.2703466011,0.024809128835488803,0.01781673657946259
MAS,1893-03-24,2.27966577748,9.08159,32.09367,71031.63263908427,0.019322760586843346,0.01262609201122289
MAS,1894-03-30,2.44360346152,9.37676,32.4112,75393.79786987214,0.015353107597311233,0.007944164779841945
MAS,1895-04-05,2.2641737196,9.0715,32.69048,69260.95057643692,-0.008898863973644255,-0.01531028533003631
MAS,1896-04-11,2.36077902164,8.78494,32.55994,72505.63181750335,-0.01472996162747675,-0.012511293536014101
MAS,1897-04-17,2.42213796552,8.52617,32.5512,74410.09749317997,0.017142035423266755,0.017816648881977093
MAS,1898-04-23,2.38913989132,8.59548,32.78334,72876.64683708249,-0.010501856834745693,-0.015823095650641106
MAS,1899-04-29,2.38771820144,8.49089,33.01206,72328.6641742442,-0.04555594367957072,-0.05075822316554146
MAS,1900-05-05,2.40480338852,8.37098,33.24963,72325.71876799832,-0.029421599152166134,-0.03440559789881492
MAS,1901-05-11,2.78130112676,8.725,33.4708,83096.34447817202,0.1119092011596805,0.10633822224123235
MAS,1902-05-17,2.67004525424,8.8731,33.31398,80147.89149300083,-0.008972570084597953,-0.00490035128693922
MAS,1903-05-23,1.1528388419600002,9.11182,23.23661,49613.03916363016,-0.40008869724078766,-0.2685059973242322
MAS,1904-05-29,1.2521315066,9.66385,21.14379,59219.82324833911,0.017648920316178707,0.07488047728330072
MAS,1905-06-04,1.47077435076,9.91325,21.34317,68910.77336496874,0.03934555187697564,0.03249846010106783
MAS,1906-06-10,1.39372435072,9.80725,23.57432,59120.44761927385,-0.12898508243620355,-0.15817548632981404
MAS,1907-06-16,1.57703230516,9.64522,23.811209999999996,66230.66636092833,0.14362057873833867,0.1348118823275577
MAS,1908-06-22,1.55252158048,9.09008,24.05259,64546.96065912237,-0.004700521543205105,-0.012029516668128126
MAS,1909-06-28,1.5334552609999998,9.19809,24.23222,63281.66635165906,-0.0951620645405703,-0.10039827860573214
MAS,1910-07-04,3.1264498985199998,9.59747,23.65409,132173.75508928898,0.5959293790313578,0.6250183887387046
MAS,1911-07-10,5.33658000408,11.66301,22.36145,238650.89267824762,0.5664687679746532,0.6330608269355478
MAS,1912-07-16,6.49498368584,12.65703,21.868939999999995,296995.8162508106,0.20814002269441212,0.22943943019047053
MAS,1913-07-22,6.62526776808,14.35073,21.48461,308372.72671368014,0.020010466584145403,0.03358207180504391
MAS,1914-07-28,7.03165706204,14.72222,21.70277,323998.13765892555,0.06819365543940714,0.059237411254294825
MAS,1915-08-03,6.6020184568,14.04624,22.0881,298894.8101828586,-0.053378348228676153,-0.06597076510403987
MAS,1916-08-09,6.73245427088,15.38934,22.608399999999996,297785.5253304082,0.01657450108998315,-0.0009236555163359972
MAS,1917-08-15,5.96943281272,13.81895,23.04071,259081.98196670154,-0.06962836216081703,-0.08300010358735932
MAS,1918-08-21,6.97737030536,15.06695,23.31447,299272.09605708387,0.2182041216119628,0.2076345985653676
MAS,1919-08-27,7.39441984788,15.38032,23.78596,310873.2986972147,0.024040811508002413,0.009035796847629562
MAS,1920-09-02,8.222455717319999,15.76307,24.73335,332444.0772204331,0.05722825413687782,0.027306142923286147
MAS,1921-09-08,8.384902778199999,16.35945,25.50895,328704.3480111882,0.013868405435817355,-0.007545419176192447
MAS,1922-09-14,8.45944889504,16.43438,26.240290000000005,322383.97117714776,-0.010377589846786273,-0.03277447593946159
MAS,1923-09-20,9.03619730676,16.7699,26.77944,337430.4058172986,0.04116439152870566,0.024265988790531212
MAS,1924-09-26,8.787834732039999,16.8131,27.83643,315695.4656915416,-0.04932520799590945,-0.07744028158182259
MAS,1925-10-02,9.3893594288,15.86355,28.30474,331723.9242897126,0.016981934969259038,0.005737279189214295
MAS,1926-10-08,9.29669336388,15.94906,28.497250000000005,326231.24560720765,0.015035212329826297,0.008466376666550035
MAS,1927-10-14,9.397430624399998,16.39129,28.642829999999996,328090.1581442895,0.014577951993297367,0.010777479570763582
MAS,1928-10-20,9.60353686552,16.18647,28.74159,334133.80628977035,0.005000710774484052,0.002118796195521133
MAS,1929-10-26,10.69194162972,16.54189,28.7808,371495.6370121748,0.040749898085291836,0.03942606223429301
MAS,1930-11-01,10.06583466616,17.942,28.753850000000003,350069.1095682839,-0.019979371657493417,-0.018940733338313587
MAS,1931-11-07,11.13140140008,17.67502,28.86402,385649.72585523425,0.1045548990466838,0.10175349420140978
MAS,1932-11-13,10.536365715199999,18.03456,29.18579,361010.1256536143,-0.010095778863298266,-0.019617227075736765
MAS,1933-11-19,11.15076199016,18.15631,29.390920000000005,379394.79234266904,0.0388997678984786,0.032131975963951565
MAS,1934-11-25,11.41300612088,17.92267,29.53863,386375.6078355699,0.034156927683371974,0.029847309661888977
MAS,1935-12-01,11.5203408918,17.77554,29.612879999999997,389031.4245625552,-0.00820690186027373,-0.009447415335643194
CEY,1837-01-13,1.53649113072,4.53282,11.81089,130091.05416441945,0,0
CEY,1838-01-19,1.65629342216,4.4409,11.60125,142768.53116345222,0.11178000648376574,0.12684125689139614
CEY,1839-01-25,1.86516108324,4.41251,11.38827,163779.1414534429,0.07145821705727551,0.08639876640303101
CEY,1840-01-31,1.73101138808,4.51689,11.105420000000002,155870.86198270752,-0.059330050402171985,-0.04025700355963868
CEY,1841-02-06,1.9895493716800001,4.80863,10.91792,182227.87597637644,0.10158733919355756,0.11581352738402328
CEY,1842-02-12,2.0960230439200003,4.94983,10.74892,194998.47835131345,-0.03332829699504025,-0.021809830160118726
CEY,1843-02-18,2.13403366332,4.97707,10.59816,201358.8833646595,0.012843135898429558,0.0236309088343305
CEY,1844-02-24,1.37304820276,4.98904,10.434,131593.655622005,-0.3505157355758126,-0.3430907798635032
CEY,1845-03-02,1.07036737808,4.6572,10.24798,104446.6693026333,-0.20259125669725753,-0.19162868281209078
CEY,1846-03-08,1.0764886392000002,3.68697,10.04753,107139.62926211716,-0.029225963669287647,-0.015451937433240137
CEY,1847-03-14,1.30592207668,6.34272,9.85844,132467.41641476745,0.1424694591180129,0.15885295754625206
CEY,1848-03-20,1.4829947626,6.34665,9.73247,152375.99115126993,-0.14622630956723603,-0.13756776036714702
CEY,1849-03-26,1.0831629561999998,6.79732,9.55441,113367.85381828912,-0.07659283571332232,-0.0865636939223341
CEY,1850-04-01,1.56554377564,6.73964,9.4626,165445.41411874114,0.2964559372415492,0.3051143142337467
CEY,1851-04-07,1.61061971668,6.6289,9.36233,172031.93186738773,-0.08172035172826952,-0.07400421048719363
CEY,1852-04-13,1.31937829296,5.98125,9.27304,142281.0958391207,0.06620344643653908,0.07304477969998446
CEY,1853-04-19,1.5195033068800001,6.3593,9.15113,166045.42902133398,0.08902622488783218,0.10030430152033531
CEY,1854-04-25,1.53425126036,6.53273,9.05231,169487.2646164349,-0.20248567726997313,-0.19588524099549076
CEY,1855-05-01,1.50112024712,5.63785,8.93788,167950.36934038048,0.0010944688073544206,0.010738330838797827
CEY,1856-05-07,1.4378756719599999,7.25922,8.84731,162521.22644736082,-0.02049360169864123,-0.012312923861235836
CEY,1857-05-13,1.45520871704,7.39355,8.78975,165557.46375494185,-0.11802965595080639,-0.11359667699860032
CEY,1858-05-19,1.49832906808,7.51649,8.73339,171563.28391151663,-0.12764391837566447,-0.12355450814015356
CEY,1859-05-25,1.1512196358,7.21758,8.6763,132685.54980809795,-0.2063252297459608,-0.20228007476728627
CEY,1860-05-31,1.1062677298399999,7.8949,8.63375,128132.93526451426,0.0008979328138702947,0.0043960962905602585
CEY,1861-06-06,1.3331659744,7.76505,8.60423,154943.08896903036,0.3796104731980101,0.3831648366691409
CEY,1862-06-12,1.31243805056,7.97042,8.57453,153062.38949073592,0.12968212842692983,0.1328624922357513
CEY,1863-06-18,1.35073539172,7.53357,8.5551,157886.56961578474,-0.17682196129956318,-0.17545523307880817
CEY,1864-06-24,1.83453509304,8.18841,8.54564,214674.9796434205,0.1377582199286269,0.1387921037637645
CEY,1865-06-30,1.39460869652,10.17018,8.57144,162704.130988492,-0.05384098571230711,-0.0558669907497501
CEY,1866-07-06,1.5328297009999998,10.20053,7.94225,192996.90906229342,-0.04376611015359666,-0.00506952450721021
CEY,1867-07-12,1.5403604767199999,9.86138,8.60088,179093.35750760385,0.11972547898287877,0.0343414062113081
CEY,1868-07-18,1.76901341864,9.70423,8.59207,205889.08361314563,0.18349491004136076,0.18537039277460243
CEY,1869-07-24,1.8720451131200002,9.95561,8.6163,217267.86591924608,0.0734939328112727,0.07105189223933994
CEY,1870-07-30,1.6852619420000001,9.79808,8.65184,194786.53581203538,-0.08537866012167594,-0.08811194198521544
CEY,1871-08-05,1.78137565424,8.53024,8.647,206010.83083612815,0.036682996498133,0.03737480613860367
CEY,1872-08-11,1.7495005345999999,8.53838,8.63847,202524.3514881686,0.01426678774371637,0.015012108885072095
CEY,1873-08-17,1.7378559198,8.43119,8.62675,201449.66758049093,-0.014840642079887334,-0.014165802557312923
CEY,1874-08-23,1.8469677408,8.50854,8.61463,214398.96325204914,0.03498771219416974,0.03598322432043721
CEY,1875-08-29,1.794387478,8.76184,7.94769,225774.7191951372,0.010812069073237174,0.03985469845261558
CEY,1876-09-04,1.8221659066,8.61639,8.57015,212617.7379159058,0.015691312372000388,-0.05821209075614642
CEY,1877-09-10,1.79726430208,9.09625,8.59346,209143.26733120304,-0.012376855105760032,-0.014585343478356272
CEY,1878-09-16,1.77589367748,7.33557,8.58558,206846.09280677603,-0.026785455920718904,-0.025706218886254018
CEY,1879-09-22,1.5721947748,7.20645,8.56725,183512.18591730137,-0.13709149601040826,-0.1358156353721156
CEY,1880-09-28,1.58298339784,7.34784,8.56367,184848.71531014156,0.008296643597344833,0.008738125994397272
CEY,1881-10-04,1.56350830116,9.09426,8.6001,181801.1768653853,0.007434080587089165,0.0038482414311289403
CEY,1882-10-10,1.64618773956,9.67348,8.65681,190161.0107603147,0.048627028818269746,0.0434212900793467
CEY,1883-10-16,1.65564471904,9.64295,8.72823,189688.48426771522,0.00019572846364868113,-0.006000863435981607
CEY,1884-10-22,1.9736529534799998,8.4907,8.75118,225529.92321949726,0.11374246036551305,0.1114092699861906
CEY,1885-10-28,1.9028799186799998,9.12993,8.7675,217037.91487653262,-0.050341257337124024,0.020973311375849457
CEY,1886-11-03,2.18040103216,9.18446,8.82343,247114.90113935282,0.06522691276584336,0.059869869625158945
CEY,1887-11-09,2.55975623956,10.68364,8.87221,288513.93728958175,0.08956857791231787,0.08518062406594962
CEY,1888-11-15,3.11977174756,10.15895,8.94137,348914.2880296868,0.20402055791970586,0.19712634460390643
CEY,1889-11-21,2.97212812416,7.92321,8.98004,330970.4772094556,-0.04905995747475411,-0.05213559421437075
CEY,1890-11-27,3.12007455448,8.63317,8.97576,347611.18328475807,0.030184922417321625,0.03053231051047134
CEY,1891-12-03,3.22101867932,8.85867,9.01202,357413.6186249032,0.025239515321541894,0.022238312154909012
CEY,1892-12-09,3.21905899796,8.85746,9.13482,352394.3545641841,0.01672007653443175,0.009861493068176408
CEY,1893-12-15,3.0897646072800002,10.75237,9.13289,338311.8166626337,-0.022068292464205386,-0.020049814857278192
CEY,1894-12-21,3.0139324592,10.55978,9.2245,326731.25472383323,0.00790825105977433,0.000506513104639783
CEY,1895-12-27,2.84428122264,10.21546,9.30509,305669.39413159894,-0.03868922228305671,-0.045472823871422596
CEY,1897-01-02,3.07094572824,11.06078,9.36712,327843.1074054779,0.02105855170975124,0.016065667139216755
CEY,1898-01-08,3.1057635699999997,9.89506,9.47283,327860.1611134159,0.01605712152452088,0.0073167368204920535
CEY,1899-01-14,3.22348606476,10.89789,9.56327,337069.44013501663,0.026420738888422335,0.018926766668033057
CEY,1900-01-20,3.1994422995600003,12.7008,9.67619,330651.0413251497,-0.017558284265314805,-0.025800657521011794
CEY,1901-01-26,3.17240522248,12.67603,9.81637,323174.98448815604,-0.005874823560839126,-0.0166592154803622
CEY,1902-02-01,3.24553597836,12.22918,9.94934,326206.1582336115,0.018244134785561306,0.0077296248286373714
CEY,1903-02-07,3.44470945832,12.09939,10.08206,341667.2245870388,0.007274949234179928,-0.0025207977177764684
CEY,1904-02-13,2.63264138124,12.04176,10.21278,257779.11413346804,-0.04073144245020466,-0.05007402742196487
CEY,1905-02-19,2.60829049676,12.05661,10.34808,252055.50177037675,-0.03217152036478965,-0.04181986167578866
CEY,1906-02-25,2.7087395280399997,12.94049,10.49896,258000.74750641966,0.04077738114129792,0.029766144738798683
CEY,1907-03-03,2.75248987156,11.79732,10.63402,258838.13191624617,0.006563012815298919,-0.003414507969550895
CEY,1908-03-09,2.73930525752,13.19131,10.7632,254506.58331351273,0.0009990269300830246,-0.00791971297849825
CEY,1909-03-15,2.8735672165199997,13.17936,10.91447,263280.5089500452,0.04192780735997448,0.031092934136397243
CEY,1910-03-21,2.6825675323200002,13.05349,11.05701,242612.3818573014,-0.05422949262180399,-0.0636206949546686
CEY,1911-03-27,2.7496123012799996,13.05741,11.21197,245238.99914823173,0.020155461775594574,0.009685172949557952
CEY,1912-04-02,2.49804758892,12.13909,10.49305,238066.87177893938,-0.07146375867667876,-0.0761605732647489
CEY,1913-04-08,0.39630174948,4.71848,11.31309,35030.37185066149,-0.7172609428709353,-0.7211265208939515
CEY,1914-04-14,2.76449305444,8.62658,11.1622,247665.60843202952,3.112367418140785,3.1519857750865334
CEY,1915-04-20,3.18255141568,9.16796,11.21078,283883.13887882914,0.14114462767691904,0.13711362545354744
CEY,1916-04-26,3.64719389424,9.21477,11.25395,324081.2243025782,0.1470314185904844,0.1435702760404698
CEY,1917-05-02,3.45571184712,11.44238,11.34185,304686.78805662214,-0.05719252085154081,-0.062543469268181
CEY,1918-05-08,3.60608423448,11.7478,11.46264,314594.56412135425,0.0089204730517507,0.0006265253284456485
CEY,1919-05-14,3.7378784092,11.20238,11.58958,322520.60982365196,0.024928331406495197,0.01636516990062753
CEY,1920-05-20,3.8666126309199997,11.05682,11.69803,330535.3662898796,0.030094143846057575,0.023101171807378584
CEY,1921-05-26,3.86246314792,10.95905,11.79961,327338.20422200393,0.002720954329036962,-0.003984653924179571
CEY,1922-06-01,3.78048460712,10.90719,11.909020000000002,317447.16249699803,-0.018008738329459928,-0.02469122495975762
CEY,1923-06-07,3.8243225774,13.08478,12.04937,317387.7619659783,0.006921287224352923,-0.0019528697428066177
CEY,1924-06-13,4.09858639372,13.58778,12.21701,335481.9545633506,0.05772904538567891,0.04669050450857637
CEY,1925-06-19,4.13853572236,13.21086,12.3939,333917.1465285342,0.010509215667851901,-0.00032093665218024814
CEY,1926-06-25,4.7316578935599996,13.6194,12.54568,377154.358596744,0.12721392181328017,0.11692477620885966
CEY,1927-07-01,4.92545601392,13.9008,12.703410000000002,387727.0759520475,0.03771402068349383,0.027945951960881787
CEY,1928-07-07,4.98828001516,12.6213,12.83777,388562.81232332403,-0.00926405259694818,-0.01680679695878806
CEY,1929-07-13,4.7020294464,12.7072,12.96261,362737.8626989472,-0.0635350573484319,-0.07046106514939587
CEY,1930-07-19,5.23103644856,12.71662,13.09954,399329.78169920476,0.021669447012444776,0.0029467433563752365
CEY,1931-07-25,3.4194734267199998,12.22005,13.06619,261703.94175501808,-0.2668560831349005,-0.269082549364543
CEY,1932-07-31,5.399836044200001,12.73436,13.00582,415186.1277643394,0.5920135897149466,0.593070735390951
CEY,1933-08-06,5.49432627744,12.76929,13.15018,417813.76965486404,0.03311995543013824,0.02463325117024273
CEY,1934-08-12,5.52227415272,12.76338,13.29347,415412.54109874996,-0.020294701238395385,-0.028346175877430935
CEY,1935-08-18,5.48872554828,12.75638,13.43732,408468.7681978252,-0.007896247168945991,-0.015928210158675515
LUA,1837-01-13,0.19263228348,6.43865,3.17365,60697.39368865502,0,0
LUA,1838-01-19,0.12116593476000001,7.841,3.20064,37856.78325584883,-0.3751448559071726,-0.37927857628880035
LUA,1839-01-25,0.20435510316,6.85562,3.22361,63393.24644110175,0.47628341388292506,0.4686492388289685
LUA,1840-01-31,0.26946645544,6.20286,3.23346,83336.8761141316,0.22259898680500512,0.21975097237251884
LUA,1841-02-06,0.26694843343999997,7.02345,3.2444900000000003,82277.47147933881,-0.07609075674366994,-0.07843072537247897
LUA,1842-02-12,0.21849504976,7.11947,3.26178,66986.4459773498,0.08308594273630066,0.07893282646376609
LUA,1843-02-18,0.19747636999999998,7.22275,3.27897,60225.12252323137,-0.032857390946165355,-0.03680002433958873
LUA,1844-02-24,0.25182975844,7.26161,3.2967600000000004,76387.04620293864,0.1413723589171627,0.1365783337850197
LUA,1845-03-02,0.19884333352,7.27923,3.31603,59964.274605477025,-0.15383482462546272,-0.15747531390307912
LUA,1846-03-08,0.22894905488,7.30789,3.3344000000000005,68662.74438579654,0.13046635714641863,0.12560268686894616
LUA,1847-03-14,0.22455498624,6.73001,3.34998,67031.73936560815,-0.07473521697273233,-0.07797057362905724
LUA,1848-03-20,0.14925237547999998,7.28392,3.36723,44324.97200369443,-0.31042740621660514,-0.3131770240383255
LUA,1849-03-26,0.19027807916,7.31175,3.38603,56195.03641727923,0.27944597935407955,0.2739739745381973
LUA,1850-04-01,0.16128928711999999,7.32134,3.40633,47349.87130430698,-0.15872286004411218,-0.1623768024045995
LUA,1851-04-07,0.25391765464,7.3533,3.42819,74067.55595226635,0.4107338140128274,0.4036954954011174
LUA,1852-04-13,0.19729187556,7.37458,3.45232,57147.62118227742,-0.2747595092388382,-0.27865963554609785
LUA,1853-04-19,0.25716432456,6.73845,3.46839,74145.15800126284,0.22113233450511016,0.21703074772083686
LUA,1854-04-25,0.1940005054,6.97935,3.48752,55627.0660526678,-0.09677786099844621,-0.10079361477099247
LUA,1855-05-01,0.2648335326,7.64062,3.51166,75415.48230751268,0.1892786087046887,0.18284787828162585
LUA,1856-05-07,0.21906284088,6.91032,3.53189,62024.25355263046,-0.20976325625984193,-0.21294464367101484
LUA,1857-05-13,0.20299907003999998,7.66108,3.55437,57112.531908608275,-0.23989777280413938,-0.24364859644187875
LUA,1858-05-19,0.32204441984,6.85822,3.57394,90109.07285516824,0.34649689839433173,0.3413328262868298
LUA,1859-05-25,0.29214467828,6.81656,3.5896400000000006,81385.50893125772,-0.07342772238260409,-0.07649233696759872
LUA,1860-05-31,0.26406727568000005,7.61349,3.6157599999999994,73032.30183419255,-0.02679016088076036,-0.032288921521879344
LUA,1861-06-06,0.22844535168,8.81905,3.65095,62571.481855407495,-0.18771256875164788,-0.19304623122199693
LUA,1862-06-12,0.22047554256000002,8.60303,3.69323,59697.2142433588,-0.041856250424099795,-0.050365398644931836
LUA,1863-06-18,0.23005170916,8.85229,3.73143,61652.42525251713,-0.06363684866932495,-0.07071037903009747
LUA,1864-06-24,0.29060714227999995,8.80721,3.78036,76872.87514416616,0.19209383355489384,0.1809998885508366
LUA,1865-06-30,0.29388688939999996,8.06812,3.81427,77049.31465260718,-0.0442716258788316,-0.05075010483736875
LUA,1866-07-06,0.31141165016,7.98156,3.84627,80964.58391116589,0.04528598719074006,0.03866505502272499
LUA,1867-07-12,0.336882819,7.96717,3.87882,86851.88253128529,0.06356146244884164,0.056984349049151506
LUA,1868-07-18,0.36926766759999996,7.53826,3.90241,94625.54359998052,0.09077976168622781,0.08568910086675374
LUA,1869-07-24,0.34727058132,7.55794,3.92652,88442.3309495431,-0.03833809778097497,-0.04260446212609803
LUA,1870-07-30,0.36506203812,7.24418,3.9464799999999998,92503.20237781516,0.033939173705081815,0.029874481174935186
LUA,1871-08-05,0.35802047736000003,6.79814,3.73795,95779.90004146658,-0.0002629364373207821,0.04052967315634759
LUA,1872-08-11,0.47581408784,7.39795,3.9713,119813.1815375318,0.16415447809474237,0.11560502102613812
LUA,1873-08-17,0.23192292916,7.0892,3.77645,61412.948446292154,0.42159334304504736,0.4833162758302352
LUA,1874-08-23,0.2179995844,8.87902,3.7974099999999997,57407.43938631857,-0.01814538400406729,-0.022184098301572974
LUA,1875-08-29,0.26807736592000003,9.66723,3.8406700000000003,69799.63545943807,0.28139734119738535,0.27094407971500023
LUA,1876-09-04,0.25724284456,9.57686,3.89299,66078.47555734795,-0.07741191582666662,-0.08690907957166694
LUA,1877-09-10,0.32527907568000003,9.65076,3.94722,82407.13101372612,0.18222099668167901,0.16997324109628376
LUA,1878-09-16,0.45773938131999997,9.13322,4.00054,114419.39871117398,0.47179994986990903,0.4568367589103357
LUA,1879-09-22,0.28628350296,9.56979,4.04761,70729.02353734674,-0.26022164704564044,-0.26671732564346107
LUA,1880-09-28,0.39727426908,9.39525,4.09644,96980.37053636815,0.26058167032786694,0.2501324167386616
LUA,1881-10-04,0.42806075728000004,9.31645,4.14387,103299.75536877365,0.12331337965294442,0.11335128754627899
LUA,1882-10-10,0.45639103172,9.31633,4.1908,108903.0809678343,0.0471010812599455,0.038096444144923636
LUA,1883-10-16,0.4768086102,9.25522,4.24092,112430.46560651934,0.06424211190968987,0.05507077568043628
LUA,1884-10-22,0.46070864008,9.45969,4.29117,107362.01084552697,-0.01797482166308384,-0.0269576301443033
LUA,1885-10-28,0.4998735846,9.40117,4.34354,115084.37463451471,0.02611694743636339,0.01679715056940667
LUA,1886-11-03,0.60369795512,9.55522,4.39849,137251.18281955854,0.1671865702179245,0.15633317981693717
LUA,1887-11-09,0.55148695628,9.16755,4.44641,124029.71302241585,-0.08169437575304883,-0.08925909699275791
LUA,1888-11-15,0.5591564981599999,9.38581,4.50201,124201.52291087757,0.012382622523416487,0.003168027964074893
LUA,1889-11-21,0.6343476022,9.08737,4.54835,139467.63160266908,0.09795094733988052,0.08898726398570433
LUA,1890-11-27,0.44565405248,8.49087,4.23693,105183.24647327192,-0.5811338774438202,-0.5536596610636906
LUA,1891-12-03,0.68570004152,10.94315,4.27028,160574.960311736,0.21116053565758142,0.17425033719746796
LUA,1892-12-09,0.71118144864,11.64368,4.33172,164179.92128761785,0.05304699059070095,0.04147047445895091
LUA,1893-12-15,0.6901629253999999,11.74114,4.40408,156709.8975041325,-0.03817993651588958,-0.05020113267343784
LUA,1894-12-21,0.6806580788800001,11.61956,4.48024,151924.46808206703,-0.020807210232653195,-0.03305156264487419
LUA,1895-12-27,0.7278110164,11.47036,4.55196,159889.58962732536,0.05167273927291993,0.03888155664310422
LUA,1897-01-02,0.77140088012,11.85844,4.62737,166703.95497226287,0.03705244310434619,0.02430928878336802
LUA,1898-01-08,0.8002436104,12.011,4.69896,170302.28186662582,0.021638668898913638,0.00995731051365123
LUA,1899-01-14,0.93077686312,12.26841,4.7716,195065.98690585967,0.10035210487725998,0.08751991756633482
LUA,1900-01-20,0.9157427058,12.41939,4.85133,188761.1656597263,-0.024286898772502452,-0.03600998746800366
LUA,1901-01-26,0.82561912784,12.52009,4.93271,167376.3768476152,-0.10676252878756565,-0.11816617357108183
LUA,1902-02-01,1.12736511056,12.44532,5.01391,224847.49637707896,0.19912422234187277,0.1844581131813905
LUA,1903-02-07,1.24519917808,12.47925,5.09929,244190.69675974498,0.16304666699369674,0.14861268053797194
LUA,1904-02-13,1.04223504268,12.99863,5.18951,200834.96181335038,-0.04285805864453507,-0.05597807832012003
LUA,1905-02-19,1.70836440216,12.6697,5.27232,324025.1733885652,0.4495902058224679,0.43274408368981887
LUA,1906-02-25,1.49144751236,12.77696,5.355720000000001,278477.49926433794,-0.12265340730128482,-0.1330880946308972
LUA,1907-03-03,1.17006328608,13.95181,5.45143,214634.1943453369,-0.10937605546486873,-0.12120204831502313
LUA,1908-03-09,0.96533349172,12.54314,5.55396,173809.9467262998,-0.014998024973434942,-0.028857351453953628
LUA,1909-03-15,0.97524840452,11.80058,5.64634,172722.22440023095,0.010440496166468805,-0.0020383057233654966
LUA,1910-03-21,1.8511475236800001,14.07581,5.74779,322062.4837859421,0.6289119883462617,0.606979443059092
LUA,1911-03-27,0.75170232904,9.49891,5.81265,129321.79454121615,-0.5391195440234628,-0.5431711317773738
LUA,1912-04-02,1.08448578472,10.66938,5.86032,185055.72813771263,0.2669708661972485,0.25873678323382676
LUA,1913-04-08,2.84385845068,16.47577,5.95066,477906.392010298,1.520068719667079,1.4907535284487992
LUA,1914-04-14,2.80287851012,17.18381,6.04094,463980.5245739902,0.07370391711898638,0.06133934369466987
LUA,1915-04-20,2.8687078498,15.57625,6.13045,467944.09053169016,-0.03677974294141262,-0.04737518852018607
LUA,1916-04-26,3.2257005258399998,15.75333,6.21607,518929.24723177176,0.05209055630326853,0.041207005989489565
LUA,1917-05-02,3.1577465218,16.89001,6.3046,500863.89648827846,0.009283019213554011,-0.001546783416163211
LUA,1918-05-08,2.9661888900799998,17.52421,6.43954,460621.2384859788,-0.08617249573572527,-0.1014019502351744
LUA,1919-05-14,3.22405795244,18.07852,6.52987,493739.990603182,0.057344429051568335,0.04777749538642451
LUA,1920-05-20,3.2461495118,18.59805,6.60116,491754.40555902297,-0.015369224100256762,-0.02478988828440354
LUA,1921-05-26,3.35008486124,18.59559,6.6678,502427.3165421878,0.004153334293019562,-0.005358579539716857
LUA,1922-06-01,3.34573073224,18.68999,6.75386,495380.5279114461,0.01078980858820211,0.000954005572886496
LUA,1923-06-07,3.50493297388,19.15338,6.83466,512817.4589343142,0.03126928210086288,0.02208103861611521
LUA,1924-06-13,3.6304292767599997,19.89763,6.91891,524711.1577921956,0.10922761600437192,0.09898008973094363
LUA,1925-06-19,3.69205742828,20.00392,7.00098,527362.9446563196,0.022277089553915497,0.013158409276878835
LUA,1926-06-25,3.7544790857600003,20.05795,7.08491,529926.1508981766,0.018078214980316254,0.009018853922662329
LUA,1927-07-01,3.98584517344,20.07991,7.17492,555524.6850752343,0.030598009090058165,0.020869006735684925
LUA,1928-07-07,4.28803162112,20.49464,7.268689999999999,589931.8338132456,0.054066851533031146,0.043777494574729126
LUA,1929-07-13,4.15594629632,20.80277,7.365600000000001,564237.3053546215,-0.0013596345846162983,-0.011191559362164538
LUA,1930-07-19,4.20520289384,20.79705,7.46011,563691.8080081929,0.017489450877496537,0.007743711887724158
LUA,1931-07-25,4.14796022524,20.88046,7.541580000000001,550012.0963034271,-0.028896060852346417,-0.037094287950739435
LUA,1932-07-31,4.153007956240001,21.1956,7.6321699999999995,544145.1063380402,0.03776310765395574,0.028258086863512277
LUA,1933-08-06,4.21876836472,20.71689,7.72548,546084.9506723207,0.027670698187056253,0.0182421892393132
LUA,1934-08-12,4.4460177216,20.76919,7.820610000000001,568500.119760479,-0.0005284050026947984,-0.009746471048565963
LUA,1935-08-18,4.492405393319999,21.05296,7.919099999999999,567287.3676705686,0.0095026387074022,0.00004901729392359222
FIN,1837-01-13,0.83269590092,10.22039,14.68273,56712.607323025084,0,0
FIN,1838-01-19,0.8838911421600001,10.28326,14.91923,59245.09121181187,0.027063986795427653,0.01478450526476549
FIN,1839-01-25,0.98063541992,10.28776,15.11711,64869.23889023762,0.14511547995998342,0.13404709120898217
FIN,1840-01-31,1.1564967934000001,10.19339,15.32334,75472.89255475634,0.10909493957655703,0.0977203432878111
FIN,1841-02-06,0.96001893832,10.16846,15.54427,61760.310282824474,-0.06831751053091129,-0.07839484618063475
FIN,1842-02-12,1.1090603113200002,10.10991,15.63027,70955.92790911482,0.1150152492169314,0.10987441942513554
FIN,1843-02-18,1.26857205384,10.0684,15.87008,79934.82413699238,0.08905398855237334,0.07661465485523178
FIN,1844-02-24,1.461156736,10.18698,16.10404,90732.30915968912,0.05726784204506341,0.04545730734549136
FIN,1845-03-02,1.35543792644,10.18102,16.34598,82921.7903386643,-0.04649973324555068,-0.057157541519251454
FIN,1846-03-08,1.5206419774,10.04333,16.57674,91733.47578595066,0.02957359033273277,0.018674817117534825
FIN,1847-03-14,1.3610456371200002,10.41466,16.81048,80964.11507107472,0.02764339107308178,0.01727088080170991
FIN,1848-03-20,1.55168250692,10.4034,17.07539,90872.44899940793,0.14380574843157046,0.13033927602089346
FIN,1849-03-26,1.37919107248,10.26303,17.34916,79496.1296385531,-0.013828288951359013,-0.025076051974404545
FIN,1850-04-01,1.503866299,10.39041,17.64597,85224.34861897647,0.08065826157424527,0.06754272273478401
FIN,1851-04-07,1.57318065684,10.40516,17.92199,87779.35133542647,-0.0031204087400575897,-0.014824226132744256
FIN,1852-04-13,1.73436933748,10.16138,18.20493,95269.21210243598,-0.010762324950828628,-0.02246288303908006
FIN,1853-04-19,0.72692196408,8.53864,18.35477,39603.98109483257,-0.5470848250516055,-0.5499868412011111
FIN,1854-04-25,1.23495319532,9.67555,18.40433,67101.230814705,0.4351061263450966,0.43196608216406673
FIN,1855-05-01,1.4578346640000002,9.7796,18.49911,78805.66492117729,0.10378262586437903,0.10004752343451218
FIN,1856-05-07,1.50034164072,9.89757,18.61796,80585.71619661876,-0.011745137598916155,-0.016725313771009498
FIN,1857-05-13,1.65297709668,9.97069,18.79752,87935.91370989365,0.08654348228533348,0.07816444996985594
FIN,1858-05-19,1.6160179900799998,9.85363,18.92805,85376.88721659125,0.0008244658151246309,-0.004589201663946496
FIN,1859-05-25,1.68216665656,9.4562,19.03753,88360.55184469835,0.010443908398326096,0.0060025743273015575
FIN,1860-05-31,1.60656718924,9.37428,19.09179,84149.63653172385,-0.02441741386338614,-0.026630521481206815
FIN,1861-06-06,1.7305423153200001,9.48033,19.17459,90251.85494552949,0.06383753758606336,0.06053022952085674
FIN,1862-06-12,1.75540637948,9.56927,19.32115,90854.13546709176,-0.014408500804856672,-0.020699327610450013
FIN,1863-06-18,1.9262398376,9.55201,19.37722,99407.44015911466,0.052853831642296845,0.050939562484912715
FIN,1864-06-24,2.01056709048,9.67369,19.58753,102645.25902347054,0.02077696436269627,0.011889364016281823
FIN,1865-06-30,2.3329374962399996,9.80192,19.84121,117580.40443299575,0.1450136725913045,0.13374669094929725
FIN,1866-07-06,2.38159599184,9.76383,20.10212,118474.86692149882,0.014583165630416062,0.004745124621852392
FIN,1867-07-12,2.5950393892799997,9.91326,20.36262,127441.33069713032,0.054478873395156,0.044313184807165396
FIN,1868-07-18,2.43263764536,9.88666,20.62683,117935.6035493578,-0.06266581163067997,-0.07169819420766332
FIN,1869-07-24,2.63382024776,9.80451,20.8878,126093.71249054474,0.034076898463773375,0.02431588084525038
FIN,1870-07-30,2.88016637116,9.79911,21.1419,136230.25230277318,0.059998523120882385,0.05027483966483559
FIN,1871-08-05,3.2217922178,9.8602,21.40158,150539.92358508112,0.0288841840983467,0.01944434921743432
FIN,1872-08-11,2.9406736647600002,10.02965,21.67053,135699.20370014024,-0.025877564850439794,-0.0348648187397802
FIN,1873-08-17,1.1916185449999999,9.14742,15.621759999999998,76279.4041772502,-0.3972564241137515,-0.18810322604532637
FIN,1874-08-23,2.42332105184,9.53737,22.08629,109720.60277393802,0.9856444148924499,0.4083573301866341
FIN,1875-08-29,2.45757811156,9.75756,22.35961,109911.4927120822,-0.0026172350660786936,-0.011766080284494662
FIN,1876-09-04,2.5733389942000002,9.80119,22.6347,113689.99784401826,0.03068823452846048,0.021060143920588636
FIN,1877-09-10,2.90773028052,9.91029,22.931,126803.4660730016,0.06368181504453041,0.05348689478440338
FIN,1878-09-16,2.96372239488,9.97832,23.22919,127586.1274060783,0.0416482760850414,0.03144523349542183
FIN,1879-09-22,2.8371608413200002,10.01869,23.5405,120522.53950935621,0.009192517286760182,-0.0008700760631162874
FIN,1880-09-28,2.7845315368,10.0128,23.87192,116644.64093378329,-0.012172423328061677,-0.02249313441989742
FIN,1881-10-04,2.91594805112,10.11755,24.20102,120488.64267373855,0.04787717547944559,0.03705948483733157
FIN,1882-10-10,2.7556482657599997,10.0005,24.58527,112085.33669794962,-0.04638798644549047,-0.05714342990875976
FIN,1883-10-16,3.41989329968,10.14463,24.958599999999997,137022.64148149337,0.13233930020851004,0.11965737162163959
FIN,1884-10-22,3.73862084076,10.80837,25.31081,147708.462935797,0.09864501958496752,0.0866917796716844
FIN,1885-10-28,3.50666175184,10.68668,25.72534,136311.5804043795,-0.10339658246815453,-0.11437142402963996
FIN,1886-11-03,3.4954258482,10.77308,26.15608,133637.22118146144,-0.02104171401040078,-0.03317330760673198
FIN,1887-11-09,3.50252388044,10.65385,26.586849999999995,131738.95668121648,-0.013961170604441908,-0.026042083701657393
FIN,1888-11-15,3.66472135016,10.85962,27.036880000000004,135545.2755702581,0.035495443535812576,0.02233821128973279
FIN,1889-11-21,3.6162129260399998,10.78031,27.60059,131019.40668804543,0.00043616934274126606,-0.015555057228177405
FIN,1890-11-27,3.31541664584,10.61176,28.10604,117961.0021845838,-0.05973840078192627,-0.07289930353778917
FIN,1891-12-03,3.8206291723600003,10.44831,28.60733,133554.20349819434,0.10218460700220322,0.08753085703187002
FIN,1892-12-09,4.11223162012,10.3871,29.080589999999997,141408.12205391983,0.07434918655987977,0.06061205120381197
FIN,1893-12-15,4.08526099124,10.36776,29.598830000000003,138021.02958934524,0.017804782857733903,0.0038412405880510203
FIN,1894-12-21,3.9304225963599997,10.70394,30.10411,130560.99636760562,-0.0398789397344671,-0.052115929429239705
FIN,1895-12-27,4.3399747014,10.73978,30.58478,141899.81753669636,0.06882941855435742,0.05605270747512914
FIN,1897-01-02,4.74862698544,10.92919,31.09922,152692.80018727158,0.08381567803851109,0.07022417770553324
FIN,1898-01-08,4.31533394032,10.81685,31.61892,136479.48571045438,0.13769065029204897,0.12335061639616374
FIN,1899-01-14,4.14939231668,10.89649,32.02669,129560.44838476907,-0.05150327160988977,-0.060490673947377394
FIN,1900-01-20,4.845040538,11.44465,32.47663,149185.4462116297,0.10071796691900392,0.08988005361896079
FIN,1901-01-26,4.9910798236,11.55317,33.11393,150724.478296596,0.09130371581078833,0.07486881676099633
FIN,1902-02-01,5.16446815872,11.23137,33.64989,153476.5242537197,0.004018524911829857,-0.007955793870748518
FIN,1903-02-07,4.801917069040001,11.1819,34.20747,140376.2707104618,-0.09174947687866808,-0.10282749258764345
FIN,1904-02-13,4.3231528823600005,10.84581,34.69899,124590.16479615112,-0.07325062349234157,-0.08319374129382873
FIN,1905-02-19,4.51131467748,10.82018,35.1043,128511.74008540263,-0.03886679067973575,-0.04719057685071848
FIN,1906-02-25,4.82958480524,11.37377,35.08888,137638.61386399335,0.005078583756229937,0.003055008151010563
FIN,1907-03-03,5.2388183822,11.2065,36.2408,144555.81505375158,0.09316026995774007,0.06513870465926863
FIN,1908-03-09,6.13640808248,12.08323,36.90057,166295.7532222402,0.06195316866238598,0.04762946631459353
FIN,1909-03-15,6.71373241552,12.42921,37.61894,178466.8152669905,0.015405771399155777,0.0007862226161827746
FIN,1910-03-21,6.76417436708,12.42329,38.33206,176462.58424618977,0.04447411402272916,0.029568159537820327
FIN,1911-03-27,7.88838276772,12.61554,39.05934,201958.93652376102,0.05278845303420243,0.03810136029803468
FIN,1912-04-02,7.16494901356,12.60832,39.79058,180066.46330764718,-0.08977105850633649,-0.1024870460169871
FIN,1913-04-08,7.931154476440001,12.66251,40.52641,195703.35680954717,0.07532021831340452,0.06032778708955289
FIN,1914-04-14,7.3750088495199995,12.64538,41.30151,178565.11419364568,-0.0595269812771454,-0.07257762980936344
FIN,1915-04-20,7.786833886,12.70654,42.06102,185131.83669820655,0.061850863542714185,0.04723664952440476
FIN,1916-04-26,7.96266809728,12.77799,42.79856,186049.9067557413,0.04158094546106805,0.02792201375368264
FIN,1917-05-02,7.77567543324,12.81489,43.5051,178730.20480909134,-0.001462890084624191,-0.013587407029613141
FIN,1918-05-08,8.4738235712,12.23039,44.14136,191970.15160384728,0.05922926926384764,0.047748624110994564
FIN,1919-05-14,8.68291576672,12.10305,44.82052,193726.35049124822,0.021376380010294405,0.009762124553084117
FIN,1920-05-20,9.03115699824,12.10532,45.52752,198366.98766460372,0.07408396249585181,0.06152644765929649
FIN,1921-05-26,10.54498328104,11.97644,45.64341,231029.69916226677,0.20509236974289013,0.20313956168194203
FIN,1922-06-01,12.413102178880001,12.8485,45.49810999999999,272826.76530695456,0.08955500413626583,0.09266426021382346
FIN,1923-06-07,13.31804427824,13.33927,45.61221,291984.19191352493,0.08281558324587812,0.08089772932211958
FIN,1924-06-13,14.519316146400001,13.81311,46.402879999999996,312896.87507327134,0.07136327512125251,0.05745982120813342
FIN,1925-06-19,14.3035845732,14.84875,47.24642000000001,302744.3047155742,-0.02944858884252266,-0.04231169145951885
FIN,1926-06-25,12.177314757920001,14.89406,47.99791,253705.1041997454,-0.14289233935715762,-0.15295523544572642
FIN,1927-07-01,12.16919850328,14.24726,48.61309,250327.6073024776,-0.1496361652803888,-0.15802237578587908
FIN,1928-07-07,14.315552628,14.43684,49.20797999999999,290919.33113287727,0.1125417978183969,0.10254953142005929
FIN,1929-07-13,12.4719581012,13.54455,49.84486,250215.5307728821,-0.12075079598757754,-0.12944061800662077
FIN,1930-07-19,5.5221673202799995,13.59174,25.11849,219844.716791495,-0.5548434184656104,-0.11393358165298939
FIN,1931-07-25,7.823918119679999,9.54069,26.45397,295755.91564063914,0.18497484417253696,0.12458196841432212
FIN,1932-07-31,11.982833679959999,15.44462,26.72986,448293.91848516976,0.3841650739687832,0.3729062424285501
FIN,1933-08-06,12.217146897800001,16.82913,27.14107,450135.04986354633,0.039511208422446265,0.027902912267129043
FIN,1934-08-12,12.67600217052,18.33668,27.74231,456919.4912218918,0.047143693406831666,0.029151719798275133
FIN,1935-08-18,12.92896575464,19.48352,28.15067,459277.37260392023,0.04178051363588642,0.03043190386166894
D11,1928-03-24,3.6318061041600003,16.02173,49.05282,74038.68124523728,0,0
D11,1929-03-30,8.0662911914,13.78251,20.75174,388704.32992124994,1.5993913188806634,5.148336941718637
D11,1930-04-05,12.95318395852,19.46434,20.8497,621264.7644100395,0.25339265383728726,0.24914655064427604
D11,1931-04-11,3.6106121256400003,17.65421,20.93705,172450.8527056104,-0.8073733972495655,-0.47835168742706224
D11,1932-04-17,13.79169497108,19.30372,20.82833,662160.3830494331,1.446096600456225,1.4551063802112219
D11,1933-04-23,13.64873227848,21.40317,20.9684,650919.1105892677,0.09045133878603462,0.08469408943367318
D11,1934-04-29,14.68504971752,22.29574,21.05135,697582.3269063504,0.07426318902357076,0.06989367017453252
D11,1935-05-05,41.27603502932,20.89521,53.05717,777953.9509800466,0.36867984021934075,0.0639140440852457
BIK,1837-01-13,0.087021506,6.65456,3.8387699999999993,22669.111720681365,0,0
BIK,1838-01-19,0.088529688,6.64946,3.9029099999999994,22682.994996041416,0.013954632200614325,0.0019606628671493542
BIK,1839-01-25,0.08853994136,6.6438,3.9624900000000003,22344.521086488545,-0.0027692284394663647,-0.014498007928552381
BIK,1840-01-31,0.08819421728,6.64432,4.02214,21927.187338083706,-0.004548155429107914,-0.016019255169750335
BIK,1841-02-06,0.09836739484,6.66356,4.08661,24070.65877096175,0.09551807399565737,0.08304464942388523
BIK,1842-02-12,0.11922958164,6.67032,4.14542,28761.76156818851,0.14866169131137985,0.13598456219270671
BIK,1843-02-18,0.14162326568,6.67622,4.20359,33691.02735518925,0.12802505931046482,0.11590643701879055
BIK,1844-02-24,0.17067410672000002,6.60943,4.24644,40192.28029125574,0.19193879583594664,0.18472330200102682
BIK,1845-03-02,0.1671180576,6.69165,4.30384,38829.988475408005,-0.024847632548353316,-0.03495161044963624
BIK,1846-03-08,0.12914285956,6.7194,4.36303,29599.35172575022,-0.14043499161243744,-0.14924131163710852
BIK,1847-03-14,0.15188250116000002,6.7325,4.42535,34321.01441919849,0.25135588187738156,0.23832494029191809
BIK,1848-03-20,0.16222169184000002,6.78813,4.48489,36170.71808673123,-0.02172378806709263,-0.03184724407447048
BIK,1849-03-26,0.14768793416,6.78223,4.54334,32506.46752389212,-0.07496637803842532,-0.08385719389722224
BIK,1850-04-01,0.1787475586,6.81711,4.584,38993.7955061082,0.18986840872731237,0.1816758197691446
BIK,1851-04-07,0.17780503988,6.75895,4.62455,38448.07384069801,-0.004134976659299294,-0.010897871482230204
BIK,1852-04-13,0.17561291488,6.72146,4.66864,37615.43294835327,-0.02132108076791528,-0.027995374833847397
BIK,1853-04-19,0.20034617772000002,5.94898,4.70671,42566.07645680316,0.07955217654651614,0.0725406996133986
BIK,1854-04-25,0.19289811424,5.9594,4.73587,40731.29419515316,-0.05267693630090431,-0.05708650424161987
BIK,1855-05-01,0.19790599868,5.92984,4.77035,41486.683090339284,0.02523740670811403,0.020200328730432426
BIK,1856-05-07,0.3078518482,6.10319,4.81036,63997.6733965857,0.4694579646628898,0.4603262459529367
BIK,1857-05-13,0.41286118536,6.19796,4.85472,85043.25385604112,0.29711338481220206,0.2880443767205527
BIK,1858-05-19,0.4506166964,6.21177,4.91331,91713.46737738917,0.07673027069893013,0.06685385879425154
BIK,1859-05-25,0.38967847204,6.29525,4.97246,78367.34172622807,-0.09374553458137957,-0.10209210487595088
BIK,1860-05-31,0.36474171759999996,6.30715,5.03605,72426.1509714955,-0.03011772171961291,-0.03904863134784786
BIK,1861-06-06,0.31082803492,6.10873,5.09763,60975.00895906529,-0.28896758560537983,-0.29572796037642257
BIK,1862-06-12,0.28105144288,6.2484,5.15864,54481.69340756478,0.01573235452926558,0.006541285430396115
BIK,1863-06-18,0.39406851796000003,6.40814,5.22703,75390.52156961028,0.9900221568319116,0.9710806460950794
BIK,1864-06-24,0.27358904508000004,6.28758,5.29242,51694.507442719965,-0.11443794453900269,-0.12301091165152056
BIK,1865-06-30,0.21612199076,5.80239,5.35807,40335.79082766743,-0.48515051360215644,-0.4900339386367665
BIK,1866-07-06,0.20445115547999998,5.91918,5.42306,37700.33071365612,-0.19452332650779924,-0.20155210995092432
BIK,1867-07-12,0.26174052736000003,6.01139,5.48555,47714.54591791161,0.15221738389824635,0.14197629363192776
BIK,1868-07-18,0.30124487952,5.9844,5.54574,54320.05097967088,0.055733291295296805,0.04780088592752407
BIK,1869-07-24,0.45580145364,6.02647,5.60411,81333.42379789118,0.698106034579034,0.6841160402652162
BIK,1870-07-30,0.42580555784,6.22012,5.66203,75203.69158058154,-0.018222762629960587,-0.025983926723356476
BIK,1871-08-05,0.42807574524,6.30728,5.73001,74707.6785625156,0.010075638757800043,0.0013993822850699722
BIK,1872-08-11,0.24641455124,6.20494,5.79505,42521.5574050267,-0.26541425757789094,-0.2716843408714945
BIK,1873-08-17,0.39181994332000003,6.16869,5.85997,66863.81386252832,0.018056935001981245,0.009266316223258464
BIK,1874-08-23,0.45698915288,6.22511,5.92864,77081.61616829493,-0.029907371720867326,-0.0380830047605758
BIK,1875-08-29,0.28839155488,6.30945,5.99519,48103.82237760605,-0.24254939496737615,-0.24900345248061395
BIK,1876-09-04,0.38408787872,6.21568,6.05903,63390.98481440098,0.5622305987031568,0.5493930496441508
BIK,1877-09-10,0.42572632908,6.40673,6.11704,69596.78685769587,0.3015643518098272,0.2924020872602602
BIK,1878-09-16,0.4267907514,6.51733,6.18759,68975.27977774868,-0.010036586700886252,-0.018820988912939374
BIK,1879-09-22,0.43641276848000005,6.57527,6.26436,69665.9784048171,0.0179411527911304,0.008844981418448361
BIK,1880-09-28,0.44168325448,6.57937,6.33822,69685.693219863,0.00712167578929912,-0.001922065119500771
BIK,1881-10-04,0.45038874348,6.5902,6.41151,70246.90649784528,0.08400139412892149,0.0744216302875127
BIK,1882-10-10,0.45366902204000004,6.57798,6.48956,69907.51638631895,0.0065616805516717225,-0.002275188135845485
BIK,1883-10-16,0.46560337512,6.59483,6.56421,70930.60324395471,-0.012478513410980496,-0.02114830869294193
BIK,1884-10-22,0.41538655288,6.49417,6.62811,62670.43740674188,-0.07590261288461131,-0.0831211621897191
BIK,1885-10-28,0.47094360924,6.64175,6.67503,70553.03260659504,0.07103575829409925,0.06518895472039277
BIK,1886-11-03,0.48961695380000003,6.62333,6.7375,72670.41985899815,0.04943710389562406,0.0416736781804361
BIK,1887-11-09,0.5089424610400001,6.65357,6.8117600000000005,74715.26610450163,0.02132840238715561,0.01315490650421336
BIK,1888-11-15,0.51759439628,6.64239,6.88968,75126.04304989491,0.014932416294870965,0.006058726406555692
BIK,1889-11-21,0.54442874044,6.62546,6.96837,78128.56384491638,0.04213370021577223,0.03302626114934348
BIK,1890-11-27,0.5426742412000001,7.60157,7.05779,76890.10883010122,-0.013109493560410246,-0.021936130826167077
BIK,1891-12-03,0.54135544476,7.5732,7.15796,75629.85051048064,0.00034736677745339506,-0.010538162584387889
BIK,1892-12-09,0.5574853596,7.46445,7.2528,76864.84662475182,0.03817048693551195,0.02765800537633334
BIK,1893-12-15,0.5929035366800001,7.47417,7.29967,81223.33429867378,0.012807819643756657,0.008744018826162936
BIK,1894-12-21,0.53900430584,7.37857,7.36947,73140.17233803788,-0.05846337789291334,-0.06556985662844583
BIK,1895-12-27,0.53531572796,7.35446,7.42585,72088.14182349497,-0.027455605422314067,-0.03311624782605693
BIK,1897-01-02,0.5541335357999999,7.38544,7.45338,74346.60996755834,0.027218273107224134,0.024332446174903266
BIK,1898-01-08,0.55770194948,7.45012,7.481140000000001,74547.72260377428,0.00805469480556198,0.00520705366786034
BIK,1899-01-14,0.60380643596,7.61012,7.54302,80048.36735949262,0.07707314022648637,0.07086737806657584
BIK,1900-01-20,0.54906404332,7.49169,7.61168,72134.40965989113,-0.057333622824238595,-0.06606032074126655
BIK,1901-01-26,0.51585998152,8.15875,7.602519999999999,67853.81446152065,-0.05773099808312099,-0.057096039632861806
BIK,1902-02-01,0.54478052304,8.10962,7.670219999999999,71025.41035850342,0.04696398156671999,0.040402088209599674
BIK,1903-02-07,0.5117815352,8.06101,7.774649999999999,65826.95493687819,-0.06508149789752116,-0.07507098188867811
BIK,1904-02-13,0.55098616352,8.00781,7.88177,69906.39964373484,0.07142775721221795,0.059981529644891785
BIK,1905-02-19,0.49387778492,7.88164,7.99319,61787.31957078463,-0.13468181429657644,-0.14340951444309458
BIK,1906-02-25,0.51578917156,7.84499,8.0932,63731.17821875155,0.052501330100632515,0.04205573220608905
BIK,1907-03-03,0.47186696076,7.81907,8.17329,57732.8053647919,0.025775231080239935,0.017680800952130538
BIK,1908-03-09,0.50906153064,7.76595,8.27729,61500.99013566034,0.04670900977754311,0.03691138325224852
BIK,1909-03-15,0.54897300484,7.73654,8.37329,65562.4019758064,0.09797929757196377,0.08823180708210021
BIK,1910-03-21,0.5305520792,7.76644,8.41101,63078.28420130283,-0.06156772891655449,-0.06331699796168133
BIK,1911-03-27,0.54239285204,7.78596,8.42874,64350.407301684485,0.01891928557350031,0.016099991594774155
BIK,1912-04-02,0.5687291506000001,7.78476,8.4926,66967.61305136238,0.03574585767591065,0.029835556029669696
BIK,1913-04-08,0.59975763172,7.76538,8.59182,69805.65604493575,0.06380642890666977,0.05503758971589945
BIK,1914-04-14,0.64031598956,7.71139,8.68518,73725.12596860398,0.04099546425165013,0.03167238637134151
BIK,1915-04-20,0.5699598164,7.67528,8.73653,65238.69504253977,0.009354481675379,0.00445517442653065
BIK,1916-04-26,0.5561606351599999,7.59191,8.82829,62997.549373661255,-0.03329389359482493,-0.04052271033221422
BIK,1917-05-02,0.57439583032,7.56353,8.91443,64434.38675495797,0.02108241048119308,0.013557063619217047
BIK,1918-05-08,0.55084279276,7.54219,8.98446,61310.617751094665,-0.06717246404730581,-0.07219151754033581
BIK,1919-05-14,0.57112972904,7.5438,8.98164,63588.57948437033,0.007183066443416708,0.008105515748594305
BIK,1920-05-20,0.56256833568,7.5372,8.92468,63035.126825835774,-0.014182008953293246,-0.009399695116090734
BIK,1921-05-26,0.5498223952,7.51986,8.86846,61997.505226386544,-0.038869075383723306,-0.03400714317701459
BIK,1922-06-01,0.50562419336,7.50898,8.79523,57488.45605629415,-0.07338809620074338,-0.06631856008583159
BIK,1923-06-07,0.4836135408,7.42968,8.70292,55569.112527749305,-0.013547429202442673,-0.00420005751442587
BIK,1924-06-13,0.52494948324,7.42418,8.64122,60749.463992352925,0.04946565298780481,0.0548144369679846
BIK,1925-06-19,0.50357766368,7.43605,8.64896,58224.07129643332,-0.028611719131282687,-0.029482634358640847
BIK,1926-06-25,0.49972704704,7.44251,8.66551,57668.50964801841,-0.010708067282821476,-0.012200089073049147
BIK,1927-07-01,0.49230204192,7.4281,8.68062,56712.774193548394,-0.016944702209507945,-0.01764595967323268
BIK,1928-07-07,0.51149111156,7.44159,8.68754,58876.40362634301,0.04249175408713124,0.04195960026718959
BIK,1929-07-13,0.47659596816,6.54686,8.6411,55154.54839777343,-0.07631578833038233,-0.07183549489841967
BIK,1930-07-19,0.48439771432,7.41443,8.54853,56664.44573745428,-0.08299984399127758,-0.08224630509573416
BIK,1931-07-25,0.49335727168,7.43603,8.33572,59185.921753609764,0.020197521619265135,0.03733091367782504
BIK,1932-07-31,0.46571140356,7.32476,8.37872,55582.6431197128,-0.012899347081119394,-0.01633100098242568
BIK,1933-08-06,0.46913269832000004,7.29433,8.4039,55823.21283213746,0.01933277077332174,0.016445196558263486
BIK,1934-08-12,0.4619253054,7.32719,8.38496,55089.74466187078,-0.024532671997307354,-0.02337716551837965
BIK,1935-08-18,0.46429099756,7.25559,8.37087,55465.08278828843,0.006353598166557228,0.008311244480690982
MEX,1841-11-06,3.92299151504,9.70213,76.9364,50990.05821743674,-0.002242065547557126,-0.014041589815760647
MEX,1842-11-19,4.3281009277999996,9.06227,76.9364,56255.56859691901,0.09287987349131277,0.09392047238712231
MEX,1843-11-18,4.5704649036800005,8.86562,77.25888725176453,59157.78839508997,0.06548656869514735,0.06186075278508474
MEX,1844-12-01,4.8348752556,9.57659,80.83074,59814.80876706064,0.019397447474307716,0.015218829236983922
MEX,1845-12-14,5.0144479018400006,9.20812,81.626,61431.99350501066,0.08613410744234806,0.07725138244965679
MEX,1846-12-06,4.94127928476,9.67943,83.33905,59291.2840350352,0.011760910561189108,-0.0037218324335769326
MEX,1847-12-12,4.95916375708,8.85564,85.55458690947863,57964.90797538492,0.02063822859344544,0.004143229310274776
ACE,1837-01-13,0.10881514748,6.7337,3.6136370510577565,30112.36212783142,0,0
ACE,1838-01-26,0.08705931988,7.88425,3.54107,24585.59697492566,-0.1930504821017568,-0.1920027419571989
ACE,1839-01-25,0.10719025719999999,7.91937,3.54107,30270.58408899005,0.1068288862237059,0.12174669489132839
ACE,1840-02-07,0.10755835844,6.27132,3.54107,30374.536069606078,0.0847302646190562,0.07696963272127211
ACE,1841-02-20,0.15993690648,6.12764,3.539816123920429,45182.26395976358,0.2544387198082372,0.1932611036657894
ACE,1842-02-12,0.15365018552,6.09803,3.54107,43390.89188296193,-0.038235040762289674,-0.0381937939972542
ACE,1843-02-18,0.15259731967999998,6.11419,3.5410700000000004,43093.56202503762,-0.005625350193407153,-0.0055978680236316025
ACE,1844-03-03,0.15208171784,6.13131,3.54107,42947.95579867102,-0.004429206581186618,-0.004646584630085049
ACE,1845-03-02,0.16103721504000001,6.16782,3.54107,45476.992841146886,0.03743072115594526,0.03921440995286485
ACE,1846-03-15,0.14910673336000002,6.16599,3.54107,42107.818642387756,-0.03362339925468805,-0.02574261742126638
ACE,1847-03-28,0.16253712748,6.29409,3.54107,45900.568890194205,0.07992728278274153,0.07977003794202431
ACE,1848-03-20,0.15876565016,6.31002,3.54107,44835.501743823195,-0.019839610026655907,-0.019548616945245567
ACE,1849-03-26,0.17513348267999998,6.29387,3.5410700000000004,49457.78611549616,0.09722704581176811,0.09561735378506842
ACE,1850-04-08,0.17602378091999998,6.34824,3.54107,49709.206799074855,-0.00035716428026666414,0.0015563242216911632
ACE,1851-04-07,0.17376521032,6.28154,3.54107,49071.38529314586,-0.008205815355878165,-0.0075543693678653545
ACE,1852-04-20,0.15544353292,6.29138,3.5124344757718955,44255.21215903667,-0.08521141076523553,-0.09160907300844412
ACE,1853-05-03,0.15604949932,6.32587,3.5410699999999995,44068.45934138552,0.007033285777475307,0.006542729433506311
ACE,1854-04-25,0.156901771,6.36465,3.54107,44309.141304746874,0.003788170037456684,0.0035206926685005246
ACE,1855-05-01,0.15625985544,6.37507,3.54107,44127.864018502885,-0.003370419220695142,-0.0033775739063464094
ACE,1856-05-14,0.15534448332,6.39106,3.5399412903691645,43883.35019640956,-0.003933428956420237,-0.003919267066972543
ACE,1857-05-13,0.14974839567999998,6.30233,3.5410700000000004,42289.02441352472,-0.03313346481147528,-0.0323242194314568
ACE,1858-05-26,0.16403639512,5.80398,3.54107,46323.962847387935,0.07235337795584984,0.06718147644934547
ACE,1859-06-08,0.16208356944,6.30533,3.54107,45772.48386504644,-0.007105625896942969,-0.005982506260531206
ACE,1860-05-31,0.17557242611999999,6.32189,3.54107,49581.74397004295,0.11012898113737957,0.10841955919360546
ACE,1861-06-06,0.17265978964,6.33754,3.5410700000000004,48759.2139212159,-0.012726811577318142,-0.012445395990747565
ACE,1862-06-19,0.17064079655999997,6.34639,3.5410700000000004,48189.049230882185,-0.008313998363375541,-0.008073514421815586
ACE,1863-06-18,0.17035669508,6.42147,3.543312673403488,48078.36924997247,-0.0019833345300844796,-0.0026552880433995396
ACE,1864-07-01,0.17086657691999999,6.44388,3.54107,48252.80972135541,0.002552465612276622,0.0025441533859016374
ACE,1865-07-14,0.17456484552,6.47171,3.54107,49297.202687323326,0.019171162569720623,0.018037877309269312
ACE,1866-07-06,0.17410614884,6.48259,3.54107,49167.666507581045,-0.0018348406600074973,-0.0018191990851998963
ACE,1867-07-12,0.17071192736000002,6.3842,3.5401604600745613,48221.52252285326,-0.016558100880141313,-0.016467155005966516
ACE,1868-07-25,0.17261564788,6.37519,3.54107,48746.74826535482,-0.004053846438592745,-0.004738901967819231
ACE,1869-07-24,0.17943316092,6.38325,3.54107,50672.01747494401,0.03888598024529433,0.03641757092494524
ACE,1870-08-06,0.2359369428,6.61167,3.5410699999999995,66628.71471052535,0.18219004518308157,0.2035625437087869
ACE,1871-08-19,0.2229735404,6.90901,3.3959933079232387,65657.82679246669,0.08050239431092376,0.07261177371489058
ACE,1872-08-11,0.45910290192,6.91662,3.54107,129650.89702265133,0.351042521603818,0.33711124758961075
ACE,1873-08-17,0.50519705236,6.77462,3.5410699999999995,142667.9089540732,0.061746295341967405,0.06282237970430571
ACE,1874-08-30,0.20906836652000002,5.81938,3.54107,59041.01486838724,-0.4975619086320291,-0.5004803162422722
ACE,1875-08-29,0.17519901412,6.0339,3.5410700000000004,49476.29222805536,-0.14294656191305033,-0.1362708525018248
ACE,1876-09-11,0.3151369494,6.71937,3.54107,88994.83754910239,0.49292822648051504,0.4616465521697666
ACE,1877-09-24,0.33428504044,7.06185,3.54107,94402.26836521165,0.06124166900544581,0.06887739533612747
ACE,1878-09-16,0.33988868784000004,6.99311,3.54107,95984.74129006205,-0.02103530385862651,-0.020989940330141343
ACE,1879-09-22,0.34417458868,6.91021,3.54107,97195.08190462204,0.0249559184581718,0.027600329934801104
ACE,1880-10-05,0.357964464,6.86294,3.54107,101089.34982928888,0.06933490723805757,0.06953498039248585
ACE,1881-10-04,0.37021139636,7.47674,3.54107,104547.88986379823,0.045861581658863004,0.04526830672048976
ACE,1882-10-17,0.37788707424,7.85123,3.6251034597171325,104241.73501229854,-0.0254691179522053,-0.03852185922606133
ACE,1883-10-30,0.32937604232,7.82912,3.5410699999999995,93015.96475641544,-0.1006941692772253,-0.10470369270982272
ACE,1884-10-22,0.27697779044000004,7.61727,3.54107,78218.67131686186,-0.0947320034722886,-0.09399167064108938
ACE,1885-10-28,0.17573351692,6.79665,3.54107,49627.23609530453,-0.3413737175159415,-0.34078704399432547
ACE,1886-11-10,0.18329070447999998,6.64879,3.481679375627279,52644.33760417049,0.028055790249238655,0.03279756356623653
ACE,1887-11-09,0.2632657638,5.48783,3.54107,74346.38789970263,0.4265025002961731,0.34543464477460595
ACE,1888-11-22,0.27621051744,6.61774,3.511981092619564,78648.06505378318,0.034832211151645254,0.02002660072720963
ACE,1889-12-05,0.22330419592,6.11092,3.54107,63061.22045596388,-0.17050590819050948,-0.17346198969787818
ACE,1890-11-27,0.27394471468,7.88909,3.54107,77362.1291530526,0.18826693814858064,0.19008625335566975
MGD,1837-01-13,0.08786648104,7.27407,2.92135,30077.355003679808,0,0
MGD,1838-01-26,0.07736492088000001,8.37028,2.92135,26482.592253581395,-0.14653344552020242,-0.15225661051277128
MGD,1839-02-08,0.08068540739999999,8.41387,2.92135,27619.219675834804,0.04089179683570676,0.04089351949966069
MGD,1840-01-31,0.08305897444,8.42535,2.92135,28431.709463090698,0.027862528039275025,0.027832328240442017
MGD,1841-02-06,0.08248623188000001,8.43188,2.92135,28235.655392198816,-0.004515694443254614,-0.0033110689299861162
MGD,1842-02-19,0.09975781452,8.51626,2.9213499999999994,34147.84757731871,0.1439413626533339,0.14180853503288549
MGD,1843-02-18,0.10310706432000001,8.56423,2.92135,35294.3208858918,0.027912217389459926,0.026847571743874754
MGD,1844-03-03,0.10923996616,8.4282,2.954656970105406,36972.13154192411,-0.014974133054324046,-0.008951615784245637
MGD,1845-03-16,0.07849676639999999,8.48368,2.92135,26870.031458058773,-0.2655590070311099,-0.2647956582559451
MGD,1846-03-08,0.0826114224,7.95869,2.92135,28278.509045475552,0.04516027135109768,0.044426860136517865
MGD,1847-03-14,0.0860135744,7.39987,2.92135,29443.091173601246,0.1617451473200595,0.1710686935999406
MGD,1848-03-27,0.089078938,8.86947,2.905303957145312,30660.79808307803,0.03076170918460286,0.02679494786903258
MGD,1849-03-26,0.10412772968,9.06919,2.92135,35643.70228832561,0.13150816413426147,0.12729746268695274
MGD,1850-04-08,0.10610295228,9.32983,2.9213499999999994,36319.83578824859,-0.015999345331819348,-0.01358777390902699
MGD,1851-04-21,0.10726228916,9.30713,2.92135,36716.685491296834,0.008869250435714848,0.008988598716993756
MGD,1852-04-13,0.10850798192000001,9.29234,2.92135,37143.095459291086,0.00905615554855932,0.008942566758737058
MGD,1853-04-19,0.10811197696,8.4087,2.92135,37007.53999349616,0.030268398908214422,0.046693255216579965
MGD,1854-05-02,0.11450695879999999,9.08888,2.92135,39196.59020658257,0.018937771159860395,0.018868651517097046
MGD,1855-05-01,0.11565325096000001,9.08097,2.9234514639488127,39560.51687062488,0.007883296811601603,0.007939385506791963
MGD,1856-05-14,0.11641178483999999,9.04196,2.92135,39848.62643640782,0.003383882184271547,0.003537562519268178
MGD,1857-05-27,0.1211534402,8.98529,2.92135,41471.730604001576,0.012713484881404113,0.014869398760474883
MGD,1858-05-19,0.12045509892,9.17169,2.92135,41232.68314991357,-0.01895508828502579,-0.01977018670836872
MGD,1859-05-25,0.12073207952,9.14203,2.921877663672361,41320.03232751981,0.0018118343598105824,0.0017812880580252433
MGD,1860-06-07,0.12105514148,9.14648,2.9213499999999994,41438.08221541411,-0.00016695754241824456,-0.00037300658486405514
MGD,1861-06-06,0.12725683672000002,9.1533,2.92135,43560.96897667175,0.019729367896719197,0.022668284929606264
MGD,1862-06-19,0.14886430676,9.0833,2.92135,50957.36791551852,0.0847510264021174,0.10020473379841155
MGD,1863-07-02,0.13253354816000001,8.08721,2.921138392078696,45370.51326270389,-0.07899960845774723,-0.06159854307268953
MGD,1864-06-24,0.12794289664,8.9068,2.92135,43795.81242918514,-0.028659458388691994,-0.028947398790667322
MGD,1865-06-30,0.1298238448,8.88172,2.92135,44439.675081725916,0.013569821393459192,0.013542676978031798
MGD,1866-07-13,0.1307400666,8.86063,2.92135,44753.30467078577,0.005563559439763166,0.005481904426780426
MGD,1867-07-12,0.13254166068,8.82466,2.92135,45370.003826997796,0.011861815885667149,0.011781063021550908
MGD,1868-07-25,0.13366085928000002,8.76238,2.92135,45753.113895972754,0.007279215276490891,0.007219085400619107
MGD,1869-08-07,0.13599453972,8.18024,2.92135,46551.950201105654,0.07005648025023836,0.06616404532110698
MGD,1870-07-30,0.12297740364000001,7.2887,2.92135,42096.08695979599,-0.06129605370033264,-0.06299852826562391
MGD,1871-08-05,0.12313452944,7.256,2.9213499999999994,42149.872298765986,0.0020624802614244153,0.001838930392819238
MGD,1872-08-18,0.12000437852,7.14385,2.92135,41078.39817892413,-0.02566310077332945,-0.025821701944660602
MGD,1873-08-17,0.13879667256,8.11466,2.92135,47511.14127372619,0.2002777377595495,0.1833459807720108
MGD,1874-08-30,0.14344438472,8.12042,2.9221379524955893,49088.84763551098,0.016674143738192093,0.013510977368356158
MGD,1875-09-12,0.14206379824,8.11018,2.92135,48629.502880517575,-0.011162138538738264,-0.011127146222553397
MGD,1876-09-04,0.13271510148000001,9.02053,2.92135,45429.373912745825,-0.06793638069706887,-0.06773185877316601
MGD,1877-09-10,0.13384311148,8.99363,2.92135,45815.50018998066,0.006256483037714755,0.006237794684701203
MGD,1878-09-23,0.13516172696,8.95265,2.923778660788239,46228.44019374604,0.006990568964783561,0.0069022720243570035
MGD,1879-09-22,0.13619612604,8.9264,2.92135,46620.954709295365,0.0063716721347630845,0.00632481594214207
MGD,1880-10-05,0.13764829936,8.338,2.9247794979362167,47062.795488387215,0.005960300421024467,0.005819086930953343
MGD,1881-10-18,0.13633245808000002,8.31715,2.92135,46667.62218837182,-0.011677602503308848,-0.01199156956195313
MGD,1882-10-10,0.13770102476,8.21394,2.92135,47136.0928201003,0.00799371033491747,0.00801000910438665
MGD,1883-10-16,0.13932972716,8.12938,2.92135,47693.60985845586,0.008730945809382051,0.008692675724453203
MGD,1884-10-29,0.14132165632000002,8.136,2.9246416103718538,48321.016776490316,0.00900102596853114,0.008563269043082133
MGD,1885-10-28,0.14221046580000002,8.07955,2.92135,48679.708285552915,0.007781341607604242,0.009233348054891621
MGD,1886-11-10,0.14275458704000002,8.03882,2.92135,48865.96506409709,0.00021948765862500608,0.000550486534674155
MGD,1887-11-23,0.1503088652,8.14639,2.92135,51451.851096239756,0.01506331506154912,0.011358236738295613
MGD,1888-11-15,0.15713286939999999,7.23773,2.92135,53787.758878600645,0.06576452514331121,0.07394521797316966
MGD,1889-11-21,0.15622229999999998,6.63605,2.92135,53476.06414842453,0.007408917317099473,0.0069650482400542835
MGD,1890-12-04,0.16858497864,9.54149,2.92135,57707.90170297978,0.06412962820992218,0.0639269377670253
MGD,1891-12-03,0.17440557368,9.4756,2.92135,59700.33500949904,0.030373366128866763,0.029284190573788393
MGD,1892-12-16,0.17694672528000002,9.38708,2.92135,60570.19024765948,0.011608979042874612,0.011574329343229328
MGD,1893-12-29,0.17543999512,8.63423,2.92135,60054.425221216225,0.0008872825539121276,-0.0033857663871237342
MGD,1894-12-21,0.1747156268,8.38571,2.92135,59806.46851626816,0.004714544545570298,0.0052303827506425815
MGD,1895-12-27,0.17625739352,8.31054,2.9232252264613168,60295.522878121425,0.006258389291206923,0.006198074010132393
MGD,1897-01-09,0.17754122568,8.16741,2.92135,60773.69219025451,0.005545857131207477,0.005511736128605449
MGD,1898-01-08,0.16950233924,7.51556,2.92135,58021.92111181474,-0.03649323413878769,-0.03224533781089023
MGD,1899-01-21,0.18557173491999998,6.63849,2.92135,63522.59569034864,0.09529578773854874,0.09487175983055773
MGD,1900-02-03,0.16649443408,7.38046,2.921592144738412,56987.569048556325,-0.0995459683803196,-0.09519113295451398
MGD,1901-01-26,0.1667736278,7.37674,2.92135,57087.86273469457,0.001390005408960393,0.0013785135031545437
MGD,1902-02-01,0.16636542572,7.35307,2.92135,56948.1321033084,0.002861511895640767,0.002634826001816526
MGD,1903-02-14,0.16651901968,7.28673,2.92135,57000.708466975884,0.0004156279068157076,0.00039682726699430404
MGD,1904-02-13,0.16687102848000002,7.24878,2.92135,57121.2037174594,0.0020697383789023416,0.002001352393994127
MGD,1905-02-26,0.15920567988,7.5601,2.92135,54497.29744125148,-0.046906546155801476,-0.04695398143547158
MGD,1906-03-11,0.15821846195999997,7.51165,2.92135,54159.3653482123,0.00005661969554693336,-0.0004212534198638762
MGD,1907-03-03,0.15909777832000002,7.50835,2.92135,54460.36192856043,0.004612292875243673,0.00458832691644151
MGD,1908-03-09,0.17607095532,6.60021,2.92135,60270.40762661099,0.08332729041439801,0.07874602657988339
MGD,1909-03-22,0.16516488768,7.27883,2.92135,56537.178934396776,-0.06634864499264426,-0.06692381926255286
MGD,1910-03-21,0.163582068,7.26987,2.92135,55995.36789498006,-0.007778237517565123,-0.0071436661308244
MGD,1911-04-03,0.16348689812,7.25402,2.9214960200314097,55959.9934413884,-0.0006741244168757543,-0.0006113102079730037
MGD,1912-04-16,0.16340649416,7.23885,2.92135,55935.26765365328,-0.00047988336948456833,-0.0004467450064125078
MGD,1913-04-08,0.16344722316,7.2395,2.92135,55949.20949560991,0.0003324897627874357,0.00032627839813725856
MGD,1914-04-14,0.16327798032000002,7.22797,2.92135,55891.27640303285,-0.0005994741454899977,-0.0006154584822278819
MGD,1915-04-27,0.16301722892,7.21205,2.9210920636521562,55806.94663768464,-0.0011406656631827161,-0.0011226017784915499
MGD,1916-04-26,0.15833230296,7.63772,2.92135,54198.3339757304,-0.02405943009912448,-0.024927563651823137
MGD,1917-05-09,0.16099649904,7.59411,2.92135,55110.30826159139,0.000044762769745299025,0.0013313995968524672
MGD,1918-05-22,0.1730215318,7.02764,2.92135,59226.56710082667,0.07062947892660398,0.06873976308543761
MGD,1919-05-14,0.16708214016,8.55059,2.92135,57193.46882776799,0.016304890923663162,0.023250914875508233
MGD,1920-05-20,0.16181058764,8.17525,2.92135,55388.97689082103,-0.037862010255684586,-0.036814746130458875
MGD,1921-06-02,0.16898064196,8.12303,2.92135,57843.340222842184,0.034918401398999155,0.03466651418023048
MGD,1922-06-01,0.17219072156,8.19991,2.9195513780569686,58978.48650795009,-0.00375791956766236,-0.012757635319384342
MGD,1923-06-14,0.18170205456,8.55032,2.92135,62197.97510055282,0.05401361150531003,0.05367959998014027
MGD,1924-06-27,0.15033578143999998,8.31247,2.92135,51461.064726924196,-0.04984664366341862,-0.04468621870028422
MAH,1922-05-11,0,1,NaN,0,NaN,NaN
MAH,1923-05-17,0.00679253536,4.32091,0.1696,40050.326415094336,Infinity,Infinity
MAH,1924-05-23,0.00892710572,6.4369,0.16883,52876.299946691935,0.27990452213240014,0.27628315811212834
MAH,1925-05-29,0.00922212096,6.45159,0.17036,54133.13547781169,0.052926101605122344,0.04555370581312013
MAH,1926-06-04,0.00927737876,5.967,0.17187,53979.04672135917,0.002171259861346364,-0.004643160916865785
MAH,1927-06-10,0.00929256172,6.38856,0.1734,53590.321337946945,0.0004612181310115204,-0.005945573124355619
MAH,1928-06-16,0.0093369172,6.89424,0.17487,53393.47629667753,0.005422150323126651,-0.000979945643041158
MAH,1929-06-22,0.009014458959999999,6.77523,0.17617,51169.09212692286,-0.04464875183747885,-0.04991250005619363
MAH,1930-06-28,0.0095761822,5.82148,0.1771,54072.17504234895,0.08503376795398032,0.08068033024608945
MAH,1931-07-04,0.00264792632,3.16225,0.12086,21909.037895085225,-0.7893793412141612,-0.6952001216778716
MAH,1932-07-10,0.00290215328,5.0335,0.10941,26525.48469061329,0.0192881468398991,0.09340868910816313
MAH,1933-07-16,0.00047786752,1.946,0.09893999999999999,4829.871841520114,-0.7248264721771216,-0.7030617381755803
MAH,1934-07-22,0.00013264056,1.39608,0.08879,1493.8682284040997,-0.627684594683164,-0.5946402061059177
MAH,1935-07-28,0.0001126112,1.60152,0.07928,1420.4238143289606,-0.0872554016157151,-0.009308171065851356
D09,1913-07-22,10.85537647064,13.39138,21.46452,505735.81289681763,0.154076356776788,0.15207260593534921
D09,1914-08-04,3.57034165436,14.85124,21.46452,166336.89709157252,-0.6685277799770833,-0.6684477957855822
D09,1915-08-03,3.5203241101600002,15.64122,22.270090674506623,158074.08068570832,-0.07360898534729987,-0.07379121087839757
D09,1916-08-16,3.54681525744,16.17891,21.46452,165240.83731851444,0.02905006408764499,0.023849495205577886
D09,1917-08-29,12.20447402252,13.59569,24.71984,493711.69160156377,1.7549006107971286,1.2918720988615293
D09,1918-08-21,14.63796509916,14.93058,25.7165,569205.183409873,0.2044595987918869,0.1587171369517375
D09,1919-08-27,17.06463024448,15.58163,29.207577904358512,584253.5214785312,0.10843430272926136,-0.02110373926394682
D09,1920-09-09,19.28107400908,15.60551,32.30882,596774.3176346273,0.08615875963312303,-0.019255742949556565
D09,1921-09-08,20.44083505204,15.70803,35.53047,575304.3810577231,0.049836418398262916,-0.04590056629308592
D09,1922-09-21,32.472182516800004,16.38659,65.80358,493471.3660989266,0.5844524437066436,-0.11849010719962316
PTN,1837-01-13,0.029007000359999997,9.22217,1.5156,19138.95510688836,0,0
PTN,1838-01-19,0.02985905832,9.19728,1.55271,19230.286608574686,0.018531277606227636,0.00009088177172356104
PTN,1839-01-25,0.09175981672,7.04712,1.58203,58001.31269318534,1.9797769897151816,1.9419065626460088
PTN,1840-01-31,0.09063798172,6.89959,1.59571,56801.03635372342,-0.05092635049688021,-0.05663033759326852
PTN,1841-02-06,0.12481210820000001,6.03486,1.5915,78424.19616713792,0.1376505293066168,0.13668695419687293
PTN,1842-02-12,0.12941877832,6.11525,1.58779,81508.75009919447,0.04509009580489032,0.044034064589045796
PTN,1843-02-18,0.12531638443999998,6.17803,1.5940200000000002,78616.5697042697,-0.0339780654176276,-0.03704757298478345
PTN,1844-02-24,0.11149150947999999,6.25115,1.60263,69567.84128588632,-0.10589693739472861,-0.10934562870025144
PTN,1845-03-02,0.21589793056,6.50476,1.61183,133945.84451213837,0.7094741528056934,0.7018641758642359
PTN,1846-03-08,0.22065167955999998,6.76823,1.61943,136252.68122734543,0.039712602072762504,0.035666154703020814
PTN,1847-03-14,0.21172648224,6.66635,1.58727,133390.33827893177,-0.005966444762202983,0.009877643742610465
PTN,1848-03-20,0.22148640644,6.71317,1.5766100000000003,140482.68528044346,0.018409250921666898,0.021401329591418383
PTN,1849-03-26,0.24274439696000003,6.53103,1.5283599999999997,158826.7142296318,0.04986911204965283,0.07152880040516552
PTN,1850-04-01,0.28818357516,7.07752,1.44687,199177.24132783178,0.07849255817833556,0.12823974474086097
PTN,1851-04-07,0.27679342184,6.99156,1.40295,197293.86067928298,-0.02385093129197069,-0.002458200901885199
PTN,1852-04-13,0.27555832616,6.98731,1.37859,199884.17597690393,-0.012792291308375225,0.0021676806941866023
PTN,1853-04-19,0.31033924116,6.53918,1.35466,229090.13417388863,0.0992698199774451,0.11721711993963413
PTN,1854-04-25,0.31975821851999997,6.21628,1.34792,237223.43946228264,0.03826124669917408,0.04302906233172488
PTN,1855-05-01,0.31045722968,6.3045,1.33542,232479.09248026836,-0.024953721535867723,-0.015899267825803087
PTN,1856-05-07,0.28454867895999997,5.93921,1.33276,213503.31564572768,-0.08266680790746062,-0.08102220363055068
PTN,1857-05-13,0.27310598484,5.90808,1.3255,206039.9734741607,-0.033438520954547024,-0.028934394810653297
PTN,1858-05-19,0.19690218807999998,6.07355,1.30564,150808.9428019975,-0.2244244671366311,-0.21655774183343113
PTN,1859-05-25,0.21836517456,6.71253,1.28611,169787.3234482276,0.16176876225125247,0.1768345957506312
PTN,1860-05-31,0.22531612012000002,7.18086,1.4075,160082.50097335703,0.02584460059729543,-0.028849641259936942
PTN,1861-06-06,0.30266093572,6.99313,1.52315,198707.24204444737,0.20790680774456471,0.13616162163240575
PTN,1862-06-12,0.31171306400000004,7.17306,1.53471,203108.7723413544,0.020297700512273087,0.014006986037395475
PTN,1863-06-18,0.30921739472,7.04188,1.55982,198239.15241502222,0.0018288604075966663,-0.004963512023263172
PTN,1864-06-24,0.30993568788,7.0998,1.5636,198219.2938603223,0.025141499065788553,0.02319257564627253
PTN,1865-06-30,0.30709775616,7.25228,1.56678,196005.6652242178,0.014368850317114434,0.012798923027978137
PTN,1866-07-06,0.2799415892,7.40381,1.57023,178280.62716926818,-0.20014035073761938,-0.20130101282809798
PTN,1867-07-12,0.32839722188000003,7.45302,1.58293,207461.61983157817,0.08633442330657837,0.08146166373979313
PTN,1868-07-18,0.25940947604000003,7.76287,1.58906,163247.12474041258,-0.25790639832667084,-0.26009703069764767
PTN,1869-07-24,0.28797060552,7.51577,1.59609,180422.53602240473,-0.02190399865670789,-0.025049016536034974
PTN,1870-07-30,0.29573603072,8.04328,1.60392,184383.28016359918,-0.047181055219435386,-0.0508986145608632
PTN,1871-08-05,0.31847645804,8.13267,1.61456,197252.7859230998,-0.027134991533058983,-0.03212645924185187
PTN,1872-08-11,0.27450449,7.96522,1.65911,165452.85725479323,-0.04831764399268246,-0.07230350799903384
PTN,1873-08-17,0.28312589396000004,8.11056,1.66913,169624.83087596533,-0.004687852843272888,-0.009267701751864976
PTN,1874-08-23,0.27452588488,8.27214,1.6802499999999998,163383.95172147005,0.16834479483544706,0.16271792697544596
PTN,1875-08-29,0.28066049596,8.12249,1.68961,166109.6323767023,0.18119201817668928,0.17630322399780463
PTN,1876-09-04,0.34781561151999996,8.08631,1.6989,204729.89082347398,0.34690203820435017,0.34118196062925765
PTN,1877-09-10,0.33579108263999996,8.0948,1.70631,196793.71429576102,-0.06778324810846614,-0.07069329210639475
PTN,1878-09-16,0.41455580764,8.19126,1.71461,241778.4846933122,0.17392071354812844,0.16949784748017072
PTN,1879-09-22,0.35896679936,8.01645,1.72229,208424.13261413583,-0.06167072453353084,-0.0649338888784744
PTN,1880-09-28,0.3577598648,8.0678,1.73023,206770.12004184414,0.008322597940379817,0.004938305846365454
PTN,1881-10-04,0.35849528,8.30262,1.73797,206272.4212730945,-0.010132039690940009,-0.013515768363915881
PTN,1882-10-10,0.37140002276,8.53114,1.74824,212442.24063057706,0.01310344582751144,0.008708775350062758
PTN,1883-10-16,0.38189482084,8.43339,1.71409,222797.41486153004,0.02156807661099225,0.036545497641794045
PTN,1884-10-22,0.36135034571999997,8.2794,1.70279,212210.75160178295,-0.016584209900386004,-0.012036531673445316
PTN,1885-10-28,0.386323951,8.41811,1.70413,226698.63860151515,0.05328671352268244,0.052142673992219946
PTN,1886-11-03,0.38640576416,8.78643,1.71288,225588.34486945963,0.0026995198644137464,-0.0011608209811915238
PTN,1887-11-09,0.378794884,8.69036,1.70781,221801.53764177515,0.01694192823764684,0.020671831818419584
PTN,1888-11-15,0.34777693132,8.37201,1.7088,203521.14426498124,-0.040997878706798496,-0.044725337617491534
PTN,1889-11-21,0.37670705488,7.47536,1.69086,222790.21023621116,0.03817307320618113,0.047746065345354305
PTN,1890-11-27,0.36903927632,8.88012,1.67966,219710.70116571212,0.02013927470097321,0.026096010570353156
PTN,1891-12-03,0.41033593952,8.90319,1.68167,244005.03042808638,0.06299083777289871,0.06171736160777397
PTN,1892-12-09,0.3675038458,8.90298,1.69051,217392.29333159816,-0.2494521769008845,-0.252359755226236
PTN,1893-12-15,0.38262640676,9.16298,1.70062,224992.30090202397,-0.006528952597169124,-0.011009191094734971
PTN,1894-12-21,0.28652673504,9.23704,1.6811,170440.0303610731,-0.20116392214546042,-0.1969647457498268
PTN,1895-12-27,0.261932411,9.08364,1.65394,158368.75037788553,-0.14384026264894822,-0.13579865526161883
PTN,1897-01-02,0.3577155608,8.53516,1.65205,216528.2895796132,0.3410917765266388,0.3413998242558163
PTN,1898-01-08,0.35499279608,10.14473,1.65626,214333.9790129569,-0.050020174796893135,-0.05155518095606637
PTN,1899-01-14,0.41660501584,10.6822,1.7424,239098.37915518825,0.009458832169566334,-0.0204824348421091
PTN,1900-01-20,0.49328192576,10.77967,1.84009,268074.89077164704,0.10164587169505501,0.05865976027155351
PTN,1901-01-26,0.5294599024000001,11.22974,1.9050199999999997,277928.7894090351,0.04502974030192464,0.019809202987423058
PTN,1902-02-01,0.5420254845200001,11.29066,1.94965,278011.68646680174,0.026577536100233834,0.007966870006401727
PTN,1903-02-07,0.58324893848,11.34351,1.98081,294449.7142482116,0.03268982998916026,0.020417138593474382
PTN,1904-02-13,0.5805689588399999,11.40083,2.05335,282742.32782526116,0.015244761029854503,-0.013408778653803521
PTN,1905-02-19,0.4881133894,10.02915,1.85312,263400.8533716111,-0.1610778471603822,-0.09300865421884896
PTN,1906-02-25,0.47781352216,10.14583,1.6726100000000002,285669.4161579806,-0.029331388432941474,0.05988492332224338
PTN,1907-03-03,0.43926883728,9.72918,1.56791,280162.0228712107,-0.041534789741845546,0.00567821429630655
PTN,1908-03-09,0.4020352466,9.65076,1.55172,259090.07204908103,-0.08927301464131043,-0.07873136380769818
PTN,1909-03-15,0.40134231644,9.6476,1.55813,257579.48081353933,-0.0012760309230200884,-0.004191813034654213
PTN,1910-03-21,0.26385147152000005,9.65637,1.37021,192562.79805285324,-0.28138826831780606,-0.18998424549271153
PTN,1911-03-27,0.35707407164,9.40703,1.58189,225726.23358134888,0.24398492987657905,0.14230155726198568
PTN,1912-04-02,0.36568593776,10.209,1.59779,228869.83756313406,0.022175576022827492,0.014744155514088808
PTN,1913-04-08,0.40581834124,10.38175,1.6147,251327.39285316155,0.07037276549828886,0.0623687907140289
PTN,1914-04-14,0.3807923782,10.45469,1.63125,233435.9406590038,-0.037130297857218775,-0.04455770512655277
PTN,1915-04-20,0.36629142524,9.5974,1.61605,226658.47296803936,0.011826480864763234,0.01365137641928027
PTN,1916-04-26,0.37924806868000005,8.97776,1.58236,239672.43148209006,0.02284935782897013,0.03741860757813642
PTN,1917-05-02,0.36144944212,8.76934,1.57317,229758.6669717831,-0.04000861623524332,-0.0367762746113286
PTN,1918-05-08,0.37560734276,9.02243,1.56002,240770.85086088642,0.001550057731876553,0.008951919304413858
PTN,1919-05-14,0.3418797746,8.51206,1.53227,223119.79912156475,-0.10075237343337817,-0.08698836934593779
PTN,1920-05-20,0.37641950164,9.21603,1.51069,249170.57876864212,0.045173590009736087,0.05675296873197322
PTN,1921-05-26,0.37477495276,9.2543,1.50121,249648.58531451298,0.013426541372871359,0.019650819439946288
PTN,1922-06-01,0.3648753576,9.37213,1.49552,243978.92211404728,-0.033083124631324456,-0.030710886108506474
PTN,1923-06-07,0.35677833568,9.22734,1.49547,238572.7133810775,0.02057255483714493,0.02147066676534415
PTN,1924-06-13,0.44012446971999997,9.70737,1.80151,244308.64647989743,0.17802897802266626,0.025174006440501717
PTN,1925-06-19,0.6210708748399999,10.9669,2.34736,264582.7119998636,0.31161334406720176,0.07012703109028307
PTN,1926-06-25,0.94494150972,12.97377,2.8857500000000003,327450.9260053712,0.2693129538468031,0.09306537603375475
PTN,1927-07-01,1.26144269056,14.77155,3.46163,364407.14072850073,0.23316262661212273,0.07244995668274812
PTN,1928-07-07,1.49175324428,15.44394,4.01007,372001.79654719244,0.14125427563282345,0.019691669624053665
PTN,1929-07-13,1.55083082232,15.42273,4.53459,342000.22985981096,-0.00036908593626483466,-0.0907787219426972
PTN,1930-07-19,1.7258644686400002,15.66969,5.12168,336972.3349838335,0.11776596711290677,0.02275169042834091
PTN,1931-07-25,2.06480140516,15.68939,5.52902,373447.9899077956,0.1267592776289257,0.0648663987847311
PTN,1932-07-31,2.07829277448,15.95869,5.87043,354027.3496967002,0.019298234345406673,-0.02376786660575958
PTN,1933-08-06,2.11000437388,14.46872,6.38965,330222.2146565148,0.0035193216393782922,-0.06133657492464051
PTN,1934-08-12,2.25267433196,12.96122,6.45675,348886.72040267935,0.026117974172245262,0.018085595515217268
PTN,1935-08-18,2.1952448361999997,12.87796,6.51742,336827.27769577526,-0.025116540214270566,-0.03193280973108581
USA,1837-01-20,18.29846393856,11.09538,160.10818,114288.12655643203,0.0795531883247067,0.057143529819118744
USA,1838-01-26,18.52998524884,11.03692,165.83,111740.85056286558,0.02862670445036186,0.013348322487416464
USA,1839-02-08,19.33729598112,11.1563,169.80177,113881.59252474224,0.01940269386097815,0.00984198390679536
USA,1840-02-07,18.94347645112,11.04975,173.58566,109130.42270381091,0.0032045568855734174,-0.0014899827231882323
USA,1841-02-20,20.70399958224,11.09694,173.56515018202074,119286.61693045731,0.10091764486015475,0.0824946465899905
USA,1842-03-05,20.1759717224,10.93558,184.28437,109482.81572875658,0.019086206265404915,-0.016511102148411116
USA,1843-02-25,19.93810057824,11.06646,186.99976,106620.99554694616,-0.01584716283888199,-0.02906945729584043
USA,1844-03-03,21.48824479464,10.98727,186.99976,114910.54745011438,0.025754969709310904,0.026904757173888738
USA,1845-03-16,22.08111472008,11.01812,201.90366,109364.60844781119,-0.016966674609243726,-0.08599318949053225
USA,1846-03-15,22.553098001200002,11.096,203.18697,110996.77307654129,0.03125390750128054,0.02451230581309849
USA,1847-03-28,21.0725456994,10.74005,211.91484,99438.74482504388,-0.065941974013627,-0.08680974860381219
USA,1848-04-10,20.68401118524,10.9656,217.33126,95172.73854318059,0.05213565727085179,0.03310100863893739
USA,1849-04-02,23.60949707584,11.14451,228.45568,103343.8830491761,0.06712040598414792,0.03894902591423488
USA,1850-04-08,24.94297230048,11.14751,232.2559,107394.35381611405,0.03442307887202767,0.022134609088652946
USA,1851-04-21,25.4335873818,11.09332,237.09046,107273.76960591329,0.02549246741321598,0.0070445691853842085
USA,1852-04-20,26.35002561776,11.10542,242.97965480562658,108445.39901432859,0.013817981191170281,-0.00962436328383709
USA,1853-05-03,28.16374052076,11.16639,255.30674,110313.34511873835,0.08206708952401276,0.045541140660407375
USA,1854-05-16,28.9268215444,11.25963,259.13630575261936,111627.82250980518,0.03983161323834783,0.02490000918237323
USA,1855-05-08,30.1803945482,11.04626,267.77971,112706.05434668668,0.03363751060067455,0.01067295401253987
CHL,1838-05-04,0.7356113466,9.82984,10.21826,71989.8834635251,-0.07804949669937178,-0.07794022531458022
CHL,1839-05-17,0.73271153176,9.70771,10.952932024567113,66896.3826413374,-0.01171755798024321,-0.07158251074776945
CHL,1840-05-16,0.6685379584,8.81625,10.87964,61448.53675305433,-0.04642206198800003,-0.06511722777056894
CHL,1841-05-29,0.73877257584,9.13388,11.092759557754306,66599.53026058036,0.0612193567751691,0.06205024201580445
CHL,1842-06-11,0.8298991245999999,9.13174,11.755110000000002,70599.00967323997,0.12633727762861624,0.06767402714472714
CHL,1843-06-03,0.01614500472,8.35364,1.0671,15129.795445600226,-0.9787019372423773,-0.9165517940712538
CHL,1844-06-09,0.09259238196,8.29973,1.07233,86346.90996241829,3.891934868322946,3.7898831262565915
CHL,1845-06-22,0.07664943676,9.11909,1.0254288985114972,74748.66065435018,-0.2936210009401229,-0.2637845314567714
CHL,1846-06-21,0.12139020140000001,9.89779,0.9963,121841.01314865002,0.34734315427560847,0.39264147264162674
CHL,1847-07-04,0.13865261436,9.33098,1.04768,132342.5228695785,0.1992484745465657,0.15981618319037105
CHL,1848-07-17,0.11551272096000001,10.15679,1.14318,101045.08560331706,-0.16657307049273629,-0.15917723726123478
CHL,1849-07-09,0.09441714672,10.7819,1.19678,78892.65087986097,-0.1857494291491616,-0.17830393860154126
CHL,1850-07-15,0.09863812452,10.56099,1.23928,79593.08995545801,-0.055753920033523974,-0.07825789943205741
CHL,1851-07-28,0.09978993700000001,10.73701,1.2879800000000001,77477.86223388562,0.007948394826579053,-0.030266090736438045
CHL,1852-07-27,0.10558914964,10.37545,1.3433260639058808,78602.77000282936,0.22833184189790723,0.16136252224113745
CHL,1853-08-09,0.10568621959999999,9.99358,1.40172,75397.52561139171,-0.0004786241413782255,-0.03339355308731973
CHL,1854-08-22,0.176162831,10.12369,1.58474,111161.97672804372,0.5187430714199852,0.48704002742292407
CHL,1855-08-14,0.1890639686,10.84673,1.88306,100402.51962231686,0.047841822171680315,-0.11945136716101445
CHL,1856-08-20,0.21946478787999998,10.75332,2.2417501216422604,97898.86292912278,0.04306823091931178,-0.11133193325852742
CHL,1857-09-02,0.2346177496,10.70124,2.5971,90338.3580147087,0.04459062107006839,-0.10947671898506783
CHL,1858-09-01,0.25357527468,9.97837,2.98809,84861.99367488931,0.07458260708299558,-0.04194534693826313
CHL,1859-09-14,0.26412429004,10.13178,3.66698,72027.74218566777,0.03250093481955929,-0.015290999670334426
CHL,1860-09-27,0.25885952456,10.0576,4.098470293595224,63160.03435831311,-0.011411920966019062,-0.09389736771002377
CHL,1861-09-19,0.27673415588,9.95212,4.62224,59870.139992730794,0.04392398646126883,-0.025803294284035827
CHL,1862-09-25,0.27168272976,10.15403,5.07486,53535.019637980164,0.007091509905494231,-0.08218027264512406
CHL,1863-10-08,0.28609678344,10.12909,5.54759,51571.36404096194,0.03499893446157709,-0.040276469006465976
CHL,1864-10-07,0.29706766024,10.27065,5.72855,51857.39152839724,0.035759120678786394,0.0040957938793031445
CHL,1865-10-20,0.30862818531999997,10.15086,6.56088,47040.66913584763,0.025558839508572184,-0.04167521377034811
CHL,1866-11-02,0.35824532328,10.19534,7.14791,50118.89115559653,0.10276883913595691,0.028628447491004128
CHL,1867-10-25,0.37637065284,9.80881,8.02846,46879.55757891301,0.021509216764164618,-0.04874594708144386
CHL,1868-10-31,0.38245941343999995,9.79379,8.56259,44666.3233250687,0.007310864920855087,-0.0561454391292433
CHL,1869-11-13,0.39765089832,9.14706,9.12948,43556.79604095743,0.022145889080649628,-0.041746480000213415
CHL,1870-11-12,0.40441733124,9.18201,9.47825,42667.93250230792,0.00776826548806131,-0.027947062894191688
CHL,1871-11-25,0.4095394524,9.6505,10.046518464163302,40764.31590315177,0.005666769937697769,-0.0375414014354396
CHL,1872-12-08,0.42575620152,9.59121,9.92646,42891.04086653248,0.027833291546801586,0.02805814238255744
CHL,1873-11-30,0.4402057244,9.15046,10.89655,40398.63299851788,0.027883521709045178,-0.06376994335501363
CHL,1874-12-06,0.4982848754,9.31178,11.83878,42089.20812786453,0.10723700010583226,0.042391725003405156
CHL,1875-12-19,0.50268256116,9.29738,11.90981073588754,42207.434887716474,0.0034993905786933066,0.004041059709387618
CHL,1876-12-18,0.5159519092,9.30655,12.93889,39876.05653962588,0.018481031299925954,-0.060324150875319504
CHL,1877-12-31,0.52198301376,9.27185,12.93889,40342.17879277125,0.005420128131529367,0.004727879523859446
CHL,1879-01-13,0.5753157706400001,9.26927,13.84551,41552.51562708777,0.06678500424555955,0.010659269346320999
CHL,1880-01-05,0.65090287288,9.35558,14.7449,44144.27177396931,0.07627555016513887,0.022917968631801067
CHL,1881-01-11,0.7235546671599999,9.51658,14.744900000000001,49071.52080787255,0.09211822494165456,0.09122211839483296
CHL,1882-01-24,0.7583329977600001,9.57068,16.33578,46421.59711749302,0.030882209195380206,-0.06836284164679107
CHL,1883-01-23,0.73627390772,9.4237,16.452552340166967,44751.34875714536,-0.00582809422647923,-0.0076999046869171694
CHL,1884-02-05,0.7609974398,9.55752,17.67798,43047.75997031335,0.021301948207821164,-0.05103612853662165
CHL,1885-02-18,0.78499242068,9.54174,18.97473,41370.41321167679,0.016429358723436094,-0.054511397590189636
CHL,1886-02-10,0.831702131,9.49783,18.97473,43832.093052180455,0.04361078189102541,0.04333815284586029
CAN,1874-09-20,13.380988174839999,12.26801,83.14899,160927.8498132088,-0.007212671212055155,-0.017898325103212653
DEI,1837-01-13,6.74389424592,7.59409,95.86816,70345.506223547,0,0
DEI,1838-01-19,7.16744926144,7.59905,96.63719,74168.6431635688,0.06924959376534723,0.0628756330495499
DEI,1839-01-25,6.864545597,7.72914,97.40513000000001,70474.16904017272,-0.03981164265712578,-0.045797117436249146
DEI,1840-01-31,4.56754016472,7.85131,97.73344,46734.671006361794,-0.3004025364441839,-0.30217966176780986
DEI,1841-02-06,6.70405512036,8.14403,98.17672,68285.58868497542,0.4471977080069218,0.4421212256392135
DEI,1842-02-12,6.993649988,7.7942,99.42729,70339.34031592333,0.0400137811785799,0.03186415396030151
DEI,1843-02-18,7.28855224604,7.76976,100.33880000000002,72639.42010508396,0.03304331485446732,0.02594458318091153
DEI,1844-02-24,8.1453340566,7.61555,101.47268,80271.20261926658,0.05077569603031562,0.04268021842126424
DEI,1845-03-02,7.93938344212,7.09322,102.51446999999999,77446.46626100686,0.016710290078604695,0.008954925249647472
DEI,1846-03-08,8.28073782328,6.81659,103.34249,80129.07201365092,0.056229310005062594,0.04970534670697835
DEI,1847-03-14,8.25479402696,6.84774,106.02162,77859.53494164681,-0.0046396803036874434,-0.02750435008955554
DEI,1848-03-20,8.14039641584,7.2634,106.85181,76183.98243174356,-0.008080310282122638,-0.013759406594831658
DEI,1849-03-26,8.57813140756,7.2514,108.08604,79363.91607611862,0.02134219227455314,0.013457900831821856
DEI,1850-04-01,8.5468106828,7.23979,108.88696,78492.50895424026,-0.01288562119191361,-0.01846376285817275
DEI,1851-04-07,8.558112447040001,7.19673,109.64214,78054.95630639826,0.02876219434884919,0.023362869651528007
DEI,1852-04-13,8.693350731,7.21241,110.40273000000002,78742.1717832521,0.02491165298356246,0.019483904193811075
DEI,1853-04-19,10.04609486816,7.21633,111.72903,89914.8132599021,0.13243141433719097,0.12161575223504872
DEI,1854-04-25,9.691271005,7.11402,112.51062,86136.49986996784,-0.029748344948107075,-0.03471821284126275
DEI,1855-05-01,10.51931585796,7.13752,113.312,92834.96768179894,0.04983686889291383,0.04420541622824081
DEI,1856-05-07,10.322723933599999,7.11565,114.10365,90467.95552640076,-0.0022938280460005345,-0.007589228971740858
DEI,1857-05-13,10.54825605912,7.08364,115.12447,91624.79583289287,0.02194746911381862,0.014653566438837418
DEI,1858-05-19,10.83275725168,7.11428,115.88384,93479.44676048015,0.0272990872326071,0.02220614278139532
DEI,1859-05-25,10.8801719312,7.04863,116.61936,93296.4469295664,0.005163058492800854,0.00045890778262625
DEI,1860-05-31,11.177663315,7.09843,117.14985999999999,95413.37322127401,0.023847293757234267,0.020045069202952126
DEI,1861-06-06,12.39531346092,6.94864,117.93666,105101.44564819794,0.08393149952273138,0.0779376930160467
DEI,1862-06-12,12.673863692880001,7.00173,118.5086,106944.67484115077,0.030862703294870952,0.027224936184260695
DEI,1863-06-18,12.60026293552,7.0028,118.99754,105886.7514027601,-0.011713206482109939,-0.014719661299315012
DEI,1864-06-24,13.60307839488,7.07066,119.53998,113795.22060217845,0.04256169035358037,0.03884895439334968
DEI,1865-06-30,14.020958094520001,7.10542,120.37181,116480.41260258529,0.03339357077043692,0.027336396944008357
DEI,1866-07-06,14.06678234416,7.20549,120.82226000000001,116425.41982048671,0.011627617475738816,0.008574312586305144
DEI,1867-07-12,14.1897694276,7.46572,121.27247,117007.34245455709,0.028363834349991235,0.02556056017303643
DEI,1868-07-18,14.60888117208,7.45015,121.93817,119805.64553396202,0.02412496593084268,0.019860641052727557
DEI,1869-07-24,14.95223574832,7.43741,122.86983,121691.67767482059,0.036890179711935644,0.030142383664778727
DEI,1870-07-30,15.504151242839999,7.27304,123.3982,125643.25284193772,0.023727830373568404,0.020453191891669498
DEI,1871-08-05,14.60826936348,7.2569,123.84600000000002,117955.11654377209,-0.03125741352727984,-0.03403165901937577
DEI,1872-08-11,16.8223659708,7.16882,124.25403,135386.8841984441,0.09230481213378172,0.08949316694103793
DEI,1873-08-17,13.6796210174,7.00858,124.6782,109719.4298393785,-0.22124995297992234,-0.22402651317538247
DEI,1874-08-23,8.25287618584,6.90006,122.27736,67493.0844584803,-0.36578000689773515,-0.3563111717474672
DEI,1875-08-29,7.6911350365199995,7.59672,119.23859,64502.06293549764,-0.07575568724234183,-0.05910795421968307
DEI,1876-09-04,9.696591202479999,8.52872,116.99859,82877.84666875046,0.07173791070174884,0.08713195060167167
DEI,1877-09-10,11.99742620596,8.55831,116.08536,103350.03661064582,0.15864757858152378,0.16559464278420188
DEI,1878-09-16,13.026854665239998,8.51829,117.00968,111331.4271540611,0.045944911856279136,0.03861318044066553
DEI,1879-09-22,12.52487729688,8.56289,117.93683,106199.88087588923,-0.0005020015906627151,-0.007419449682775303
DEI,1880-09-28,14.0323287676,8.58901,119.25633,117665.27418376869,0.11585238278522869,0.10546391196929084
DEI,1881-10-04,14.85344104452,8.5326,120.76572,122993.85160391542,0.00768564260459037,-0.0026921793736879307
DEI,1882-10-10,14.8394001392,8.61526,122.29593,121340.09806540578,0.020400917686322018,0.009600320692612518
DEI,1883-10-16,16.41333704816,8.63895,127.53465,128697.07995560422,0.08096244664110053,0.06714986256295896
DEI,1884-10-22,18.1467320944,8.61863,128.86365,140821.1865363118,0.058104713311238676,0.04932312732971145
DEI,1885-10-28,18.7342882948,8.76902,130.38076,143689.05576865785,0.030021624075457165,0.019968621886720772
DEI,1886-11-03,20.403265568920002,8.73472,132.03626,154527.74540054376,0.032711439053582536,0.021859682151191828
DEI,1887-11-09,21.44829548004,8.69663,134.16412,159866.1063780689,0.05242238826760004,0.04217929140146759
DEI,1888-11-15,21.601829813200002,8.63225,135.73299,159149.4434271285,-0.012059523949174533,-0.02170569534472777
DEI,1889-11-21,18.2379309892,8.01766,135.67821,134420.4864524672,-0.27304813258335003,-0.272301218201514
DEI,1890-11-27,22.37789385884,8.62547,135.9482,164606.0327304076,0.2064008038874352,0.20292699675101855
DEI,1891-12-03,24.53423386388,8.96633,139.91473,175351.32908364976,0.06563718196244572,0.040345041507400925
DEI,1892-12-09,26.73170723236,9.21514,141.2826,189207.35626581052,0.046225962547817856,0.03858792224567531
DEI,1893-12-15,27.71367845896,9.40473,142.74941,194142.15763805958,0.028363000597687593,0.020487150755965855
DEI,1894-12-21,23.304669726,9.25066,144.2887,161514.1707285463,-0.09308737070567774,-0.10058094601158696
DEI,1895-12-27,28.9377095748,8.8605,145.70215,198608.6655193489,0.22838913191877475,0.219500567031355
DEI,1897-01-02,29.48668649368,9.13212,147.30899,200168.95434338393,0.020615810354269737,0.012385033924164457
DEI,1898-01-08,30.38833094752,9.14746,148.96951,203990.27255657883,0.044030853602398556,0.03588614830370007
DEI,1899-01-14,32.35693186284,8.9711,150.37453,215175.61426685756,0.08800531890842556,0.08027149161634428
DEI,1900-01-20,34.02078825756,9.07254,151.69723,224267.69597282694,0.030926800871352356,0.02405249937607845
DEI,1901-01-26,35.13995468152,9.10967,153.09602,229528.8583042198,0.024925565229024116,0.01788091231730582
DEI,1902-02-01,37.47243549972,9.12906,154.41805,242668.75212917142,0.07448031236638486,0.0677579908682675
DEI,1903-02-07,38.273925571439996,9.29636,155.56654,246029.2912051653,0.02175534520569533,0.016021777571563423
DEI,1904-02-13,39.8664652334,9.31665,166.61911,239267.06386440308,0.03918446908802786,0.012900448348853066
DEI,1905-02-19,43.6492815564,9.64635,168.1958,259514.6939245808,0.07453649039828925,0.06675259749915163
DEI,1906-02-25,40.3302110094,9.73016,156.16854,258247.98649843305,-0.07049463729337635,0.0033693471505997774
DEI,1907-03-03,41.92135596896,9.75349,157.63222,265944.0815396751,0.021826586110605506,0.014415228134035951
DEI,1908-03-09,42.52795332864,9.71329,159.30296,266962.73144353373,0.021395456911502242,0.013300110731913506
DEI,1909-03-15,44.443109370920006,9.59694,160.76328,276450.62585759634,0.02097421218974227,0.01406448266670779
DEI,1910-03-21,45.13276181752,9.82959,162.24182,278182.048361637,0.013521115139488282,0.006463203565083786
DEI,1911-03-27,48.85423647208,10.16986,162.59969,300457.1316961305,0.05739056662932951,0.05725676142302216
DEI,1912-04-02,49.041688375679996,9.90202,166.68732,294213.671295933,0.0012336355882234251,-0.021205063779263567
DEI,1913-04-08,52.873286594439996,10.86215,168.39319,313987.0834113897,0.06659697049602187,0.058269573908037886
DEI,1914-04-14,59.93423309588,10.51808,170.02668,352498.9907223972,0.11242014396389632,0.10417124810916745
DEI,1915-04-20,67.43050895048,9.85301,171.44725,393301.7820377988,0.07857707326231322,0.0718335085726105
DEI,1916-04-26,68.91711747024,9.55387,172.36618,399829.69669711305,0.041861433767834244,0.03779884670785383
DEI,1917-05-02,73.66506388748,9.85998,173.97321,423427.6293889157,0.01879756986052672,0.011540060496802784
DEI,1918-05-08,39.19631378052,8.50082,85.11094,460532.027733685,-0.3889489892608048,0.052893066567007097
DEI,1919-05-14,39.75763806092,8.64058,84.74649,469136.10299282015,0.027025893767909315,0.029999324985290787
DEI,1920-05-20,38.40644289612,8.60098,84.19156,456179.25236353854,-0.09243650289393901,-0.08791364604882301
DEI,1921-05-26,39.5300878232,8.87022,83.98564,470676.74692006875,0.03868752476175441,0.040641673615933405
DEI,1922-06-01,40.109197412440004,9.22796,84.0037,477469.413995336,0.020141767131847788,0.020100317195077766
DEI,1923-06-07,54.38489625348,9.69677,84.06375999999999,646948.1766397316,0.1814968987973098,0.18035091213355559
DEI,1924-06-13,43.42226840068,8.95458,95.19951,456118.61238235363,-0.27232104560235915,-0.357679298862821
DEI,1925-06-19,44.969895746359995,9.10854,93.54301,480740.3112895341,-0.009024071267641154,-0.005176880933779215
DEI,1926-06-25,43.92092407768,9.52507,85.83084,511714.9509160111,-0.005398979548731586,0.08318112723740878
DEI,1927-07-01,50.81743816708,9.10885,95.3308,533064.2160464404,0.11177442567968288,0.00008411392519280803
DEI,1928-07-07,51.41009601416,9.37979,95.0958,540613.7391363236,0.02152661489128982,0.023334294751874873
DEI,1929-07-13,52.74123035324,9.75435,94.99662,555190.5989206774,0.002397062776257508,0.003209554147651561
DEI,1930-07-19,53.51389139772,9.84965,94.84178,564243.8532650906,0.021022628412765032,0.022624197948929448
DEI,1931-07-25,56.22433428976,10.06205,94.83159999999998,592886.0663508789,0.023002526263853573,0.023018570993236898
DEI,1932-07-31,56.3221881352,10.01908,94.25366,597559.6930156347,-0.003987799151669247,0.001540197464009907
DEI,1933-08-06,56.98142152456,9.62617,94.27864,604393.7579557787,0.02270409821494579,0.02241333354168984
DEI,1934-08-12,67.39024991036,9.98239,94.23414,715136.2543379713,0.08380664258895032,0.0841189961528821
DEI,1935-08-18,54.62400275592,9.48085,93.94521,581445.3206919224,-0.10307525213214996,-0.10098300259681248
BNJ,1837-01-13,0.21527694656000002,6.64672,1.5945100000000003,135011.34929225905,0,0
BNJ,1838-01-19,0.21101677636,6.6037,1.59509,132291.45462638472,-0.027331267157331807,-0.027608392374451785
BNJ,1839-01-25,0.2051835604,6.5804,1.59552,128599.80470316886,0.015026251799238555,0.014692932962855343
BNJ,1840-01-31,0.15957216028,6.82762,1.59826,99841.17745548284,-0.14492897660069792,-0.1459210057569299
BNJ,1841-02-06,0.1988861654,6.90892,1.60321,124054.96809525888,0.32614887884041455,0.3229209422370669
BNJ,1842-02-12,0.20585130852,6.92108,1.60651,128135.7156320222,0.008915019985313188,0.0073119206109446555
BNJ,1843-02-18,0.19786275132,6.95763,1.61011,122887.72277670472,-0.033738640943306364,-0.03533010173935969
BNJ,1844-02-24,0.19511412908,6.99185,1.61378,120905.03605200213,-0.03624313154216463,-0.037840005787382336
BNJ,1845-03-02,0.1995356948,7.58455,1.61977,123187.67158300254,-0.0010093945505404989,-0.003937179723149109
BNJ,1846-03-08,0.20337289856000001,7.60499,1.62778,124938.8114855816,0.013624421917215468,0.009859968255561125
BNJ,1847-03-14,0.20827105052,7.69651,1.63568,127329.94871857575,0.006519659121730692,0.0027892680270897863
BNJ,1848-03-20,0.1884022764,7.74586,1.64078,114824.82502224552,-0.0280627367443248,-0.03130325228783615
BNJ,1849-03-26,0.201913335,8.44484,1.63151,123758.56415222707,0.039719334238438986,0.044169765397108485
BNJ,1850-04-01,0.21134198228,8.08546,1.63204,129495.58974044754,0.035296329927594794,0.035060900466238776
BNJ,1851-04-07,0.17560851516,7.80252,1.63996,107080.97463352764,-0.1333543200829047,-0.13657148125112561
BNJ,1852-04-13,0.22305201672000002,7.39256,1.64658,135463.81999052584,0.2630630951469983,0.2592866953202657
BNJ,1853-04-19,0.2583760998,7.36325,1.65028,156565.00702911022,0.15876362844180214,0.15666730051204714
BNJ,1854-04-25,0.2502905262,8.04882,1.6505,151645.27488639805,-0.07010211045354497,-0.03806834274052795
BNJ,1855-05-01,0.24465506416000002,7.54231,1.6539800000000002,147918.99790807627,0.004043148528815932,0.002484039837961083
BNJ,1856-05-07,0.26235585012,7.74804,1.6585300000000003,158185.77301586344,0.05628941289482059,0.05408073893177856
BNJ,1857-05-13,0.26554216208,7.83918,1.66316,159661.22446427282,0.004236797547735538,0.0017423116516126491
BNJ,1858-05-19,0.161490797,6.84175,1.65963,97305.30118158867,-0.3166266037607388,-0.31557807123901604
BNJ,1859-05-25,0.13860613519999998,6.1367,1.6437899999999999,84321.072156419,-0.10428903357060981,-0.09838452234606665
BNJ,1860-05-31,0.2037260888,6.17028,1.62661,125245.81110407536,0.06518710330281219,0.07438044478998984
BNJ,1861-06-06,0.18770286444,7.02974,1.62066,115818.7802747029,-0.05541099140464134,-0.052794847303473724
BNJ,1862-06-12,0.22668870536,6.92606,1.61462,140397.55816229206,0.0573846434320624,0.06020956441141423
BNJ,1863-06-18,0.24402762124000002,7.7489,1.6103700000000003,151535.1262380695,0.10060212025298365,0.1031685232823285
BNJ,1864-06-24,0.24400465752,8.40916,1.6127900000000002,151293.50846669436,-0.0027288201805192314,-0.003807655854643488
BNJ,1865-06-30,0.2036366618,7.66568,1.61193,126330.9584163084,-0.0030251850029422434,-0.002635409696426061
BNJ,1866-07-06,0.19446105172,7.54963,1.61139,120679.07317285075,-0.02921661613772597,-0.028940718800402387
BNJ,1867-07-12,0.23772484891999998,7.88897,1.6136199999999998,147323.93557343117,0.23670035900437703,0.23532611629854272
BNJ,1868-07-18,0.24550947772,7.93661,1.6217,151390.1940679534,0.026911630581412993,0.022858311711001722
BNJ,1869-07-24,0.250396926,8.11238,1.63018,153600.7839625072,0.016105848176436455,0.012407203363056674
BNJ,1870-07-30,0.24293471955999998,8.04746,1.63258,148804.17471731862,-0.025361546799583246,-0.026714764499540244
BNJ,1871-08-05,0.24048049948,8.39963,1.63585,147006.4489286915,-0.0495378322378659,-0.05086403650098148
BNJ,1872-08-11,0.26675410996,8.16023,1.6459099999999998,162070.8969263204,0.07193655989269887,0.06708644083809445
BNJ,1873-08-17,0.31041465156000003,7.06814,1.64645,188535.72933280698,0.04390686639276864,0.04390676572887453
BNJ,1874-08-23,0.15113421076,7.81967,1.6518299999999997,91495.01508024434,-0.5766801037046454,-0.5776725384608731
BNJ,1875-08-29,0.16742994579999998,8.52097,1.66461,100582.08577384493,-0.06988401678306755,-0.07526984244698587
BNJ,1876-09-04,0.13683383376,8.96446,1.67697,81595.87455947333,-0.2264938179946624,-0.023718698595795118
BNJ,1877-09-10,0.19277762556,8.54513,1.69343,113838.55580685353,0.07974641343465838,0.07201220074884174
BNJ,1878-09-16,0.19146364796,8.51754,1.69274,113108.71602254333,-0.02133603186935662,-0.022819063669728856
BNJ,1879-09-22,0.16997044532,8.44937,1.64915,103065.48544401662,-0.06559917542753058,-0.05496740867713967
BNJ,1880-09-28,0.09376377920000001,7.55924,1.42179,65947.69916795025,-0.3732791841439598,-0.2947082906074696
BNJ,1881-10-04,0.04634591312,6.40496,1.37845,33621.758583916715,-0.3781970570628197,-0.36757985310971886
BNJ,1882-10-10,0.1052285598,7.50818,1.46029,72060.04273123831,0.8774456663741317,0.7903979550260667
BNJ,1883-10-16,0.13403516048,7.93985,1.57517,85092.50460585207,0.19229231871168717,0.13534922663662274
BNJ,1884-10-22,0.14356812704,7.92176,1.63028,88063.47807738547,0.029735030839032506,0.001967592102058102
BNJ,1885-10-28,0.17455304827999998,8.87883,1.7902200000000001,97503.68573694852,0.26045562386780996,0.1594575078160203
BNJ,1886-11-03,0.23921319968,8.98314,1.81304,131940.3872391122,0.17956841501790577,0.16673000050373665
BNJ,1887-11-09,0.27060048859999997,8.85718,1.82846,147993.6605668158,0.10709809946789783,0.09985743206890696
BNJ,1888-11-15,0.07961121428,7.95048,1.82696,43575.78396899768,-0.6655995663943133,-0.6653619739302687
BNJ,1889-11-21,0.13177055632,5.56683,1.7628999999999997,74746.47247149584,0.8968956983488101,0.9479286722162934
BNJ,1890-11-27,0.17978454884,7.84946,1.71948,104557.51089864378,0.4078127015282973,0.4358890392389405
BNJ,1891-12-03,0.22214461984,8.1227,1.71302,129680.1087202718,0.21620812222600572,0.2197288248832594
BNJ,1892-12-09,0.25224592483999997,7.77332,1.7162899999999999,146971.6218354707,0.11005498947856807,0.10801161975313112
BNJ,1893-12-15,0.174990868,7.73781,1.72164,101641.96231500196,-0.24673941241978725,-0.24856083165893383
BNJ,1894-12-21,0.13937223092,7.02491,1.44603,96382.66904559381,-0.24816317177875358,-0.12303958159468054
BNJ,1895-12-27,0.09579458251999999,6.59022,1.3517800000000002,70865.5125242273,-0.19664624460401237,-0.16662242162330732
BNJ,1897-01-02,0.10025950584,6.53072,1.29402,77479.10066305003,0.11805436129708857,0.15751942515088446
BNJ,1898-01-08,0.08278074012,6.41728,1.27808,64769.60763019529,-0.1352773002433657,-0.1280041184224291
BNJ,1899-01-14,0.039246116000000004,6.04789,1.14091,34398.958725929304,-0.43485493574921175,-0.3944090715027445
BNJ,1900-01-20,0.05900305528,7.03448,1.30207,45314.8104786993,0.6007465166064299,0.435566973072252
BNJ,1901-01-26,0.04968840552,5.95463,1.2917,38467.450274831615,-0.12343319917283746,-0.11796222059124473
BNJ,1902-02-01,0.049654692880000004,5.98719,1.2828299999999997,38707.14972365786,0.007442596154236147,0.012827337056709354
BNJ,1903-02-07,0.06926586004,6.10374,1.22748,56429.3186365562,-0.25349425664495984,-0.23084022006708582
BNJ,1904-02-13,0.08844220424,6.12113,1.17781,75090.38320272371,0.5221207140738833,0.5692038117732454
BNJ,1905-02-19,0.10003488352,6.1621,1.1602,86222.10267195312,-0.013414799364457664,-0.0011538540510951378
BNJ,1906-02-25,0.07488824043999999,6.14706,1.14015,65682.79650923124,-0.09717580643713908,-0.08355786436950852
BNJ,1907-03-03,0.06163886872,6.62108,1.22753,50213.737114367876,-0.14943831125166718,-0.20269027149416008
BNJ,1908-03-09,0.10447270859999999,6.56663,1.22924,84989.67540919592,0.41632691622374596,0.3268618787091855
BNJ,1909-03-15,0.10732621640000001,6.51283,1.21919,88030.75517351685,-0.009211845435270538,-0.003228896338436482
BNJ,1910-03-21,0.10669792691999999,6.66947,1.22119,87372.09354809653,-0.05822603227756318,-0.057693815441106744
BNJ,1911-03-27,0.39863931067999997,11.38782,1.23942,321633.7566603734,2.2769870617741486,2.2392578736132123
BNJ,1912-04-02,0.42240277039999996,13.00205,1.26969,332681.81241090345,0.0695501104805496,0.04784511315362994
BNJ,1913-04-08,0.47330169952,13.79567,1.29785,364681.357260084,0.09166086247452099,0.07229982340545327
BNJ,1914-04-14,0.4655159834,13.86145,1.33816,347877.6703832128,0.008450647331743832,-0.01591279906675591
BNJ,1915-04-20,0.49456312724,14.81638,1.36785,361562.3988302811,0.06108537430507255,0.04354325142613846
BNJ,1916-04-26,0.5838603576,16.22441,1.39888,417377.0141827748,0.1133309661386055,0.09329134044402854
BNJ,1917-05-02,0.48949534036,16.37949,1.32275,370058.8473710073,-0.14957354257739652,-0.10686234725784605
BNJ,1918-05-08,0.54820329512,14.89731,1.34043,408975.6981864029,0.047069081248888756,0.03547520543967897
BNJ,1919-05-14,0.61718213648,15.90284,1.36793,451179.61919104046,0.027848011361816027,0.006548852154180107
BNJ,1920-05-20,0.6498224527600001,16.87561,1.3914,467027.7797613914,0.04827554623659047,0.0347075757242199
BNJ,1921-05-26,0.58154908812,17.13349,1.30262,446445.69261949,-0.015951362996516116,0.03452198167529419
BNJ,1922-06-01,0.52765277188,17.66366,1.22777,429765.1611295275,-0.05930859399801569,-0.011125065532877398
BNJ,1923-06-07,0.44677444656000004,17.6843,1.07433,415863.32557035546,-0.1375510279342148,-0.032461682302783235
BNJ,1924-06-13,0.36656594416,16.95381,0.99826,367204.88065233506,-0.07131047472042862,-0.021948272519575873
BNJ,1925-06-19,0.40621288604,16.36815,0.99646,407655.9882383638,0.07011621917479882,0.07029026749459821
BNJ,1926-06-25,0.41936990471999996,15.89489,0.99668,420766.85066420515,0.027634961779030798,0.028598950536467438
BNJ,1927-07-01,0.41689540412000003,16.30352,1.00056,416662.07335891906,-0.0104831599489561,-0.011752970840059773
BNJ,1928-07-07,0.40990645904,16.62228,0.99512,411916.61210708256,-0.03418687406123844,-0.029506074028029183
BNJ,1929-07-13,0.46118624188,16.5745,0.99758,462305.02002846886,0.1818286291876201,0.1832808961868284
BNJ,1930-07-19,0.46839384695999997,16.18631,0.99844,469125.68302551983,0.036112844136223066,0.03719106095538405
BNJ,1931-07-25,0.42795264148,16.33848,0.99749,429029.50553890265,-0.02834280341354134,-0.029989750903335666
BNJ,1932-07-31,0.28997177352,14.40143,0.99916,290215.5545858521,-0.26591112890139224,-0.2673931250577535
BNJ,1933-08-06,0.2307487806,11.47269,0.99645,231570.85714285716,-0.1593040192697246,-0.15968941969785466
BNJ,1934-08-12,0.44491937255999997,11.7856,0.9993200000000001,445222.1236040507,0.4798199546557913,0.47801843746307227
BNJ,1935-08-18,0.45941078508,15.62455,0.99653,461010.4914854545,-0.002936663671962103,-0.0014032649779691653
PHL,1913-01-14,0.0000288288,5.90384,0.00674,4277.27002967359,0,0
PHL,1914-01-20,0.0000252252,9.81475,0.00637,3960.0000000000005,-0.07142857142857129,-0.03476623315662963
PHL,1915-01-26,0.0000216216,10.85597,0.00611,3538.723404255319,-0.05317919075144528,-0.022382408092895933
PHL,1916-02-01,0.0000198198,11.0494,0.00586,3382.21843003413,-0.07741935483870999,-0.04852190430027037
PHL,1917-02-07,0.0000162162,11.12989,0.00561,2890.5882352941176,-0.1818181818181812,-0.15372785895967078
PHL,1918-02-13,0.0000144144,11.28176,0.00539,2674.2857142857147,-0.1111111111111115,-0.08536267833386657
PHL,1919-02-19,0.0000126126,11.67884,0.005200000000000001,2425.5,-0.12500000000000022,-0.09920912177244279
PHL,1920-02-25,0.0000108108,11.88577,0.00499,2166.492985971944,-0.04878048780487798,-0.021777872316953495
PHL,1921-03-03,0.0000072072,12.24948,0.00481,1498.3783783783783,-0.33333333333333337,-0.3129073638656965
PHL,1922-03-09,0.0000072072,12.72844,0.00463,1556.6306695464366,0,0.03014939487771695
PHL,1923-03-15,0.0000054054,13.58461,0.00452,1195.8849557522126,-0.25,-0.2361529123719236
PHL,1924-03-21,0.0000054054,13.9229,0.00441,1225.7142857142858,0,0.01881603322207348
PHL,1925-03-27,0.0000054054,14.13053,0.00428,1262.943925233645,0,0.020048091439196503
PHL,1926-04-02,0.0000036036,14.42307,0.00416,866.2500000000001,-0.33333333333333337,-0.3194767017110254
PHL,1927-04-08,0.0000036036,14.57493,0.00407,885.4054054054055,0,0.018559017695016333
PHL,1928-04-14,0.0000036036,14.47341,0.00395,912.3037974683543,0,0.026101972978991972
PHL,1929-04-20,0.0000036036,14.76103,0.00385,936,0,0.02048170755222567
PHL,1930-04-26,0.0000018018,15.06166,0.00372,484.35483870967744,-0.23529411764705888,-0.21678902405183675
PHL,1931-05-02,0.00000131924,15.33149,0.00361,365.4404432132964,-0.19640211640211613,-0.1797228890706274
PHL,1932-05-08,0.0000018018,15.50424,0.00352,511.875,0.36578636184469837,0.38164106380804497
PHL,1933-05-14,0.0000018018,15.77325,0.00343,525.3061224489796,-0.05875901875901879,-0.042973988418024134
PHL,1934-05-20,0.0000018018,15.48511,0.00336,536.25,0,0.01898857897065298
PHL,1935-05-26,0.0000018018,15.60909,0.0033,546,0,0.011240947220465758
JAB,1837-01-20,0.01514348628,6.22047,0.4591258220808489,32983.303381558304,0,0
JAB,1838-01-19,0.01293443788,7.21437,0.45896,28182.059177270352,-0.16591292315505546,-0.16917719464093794
JAB,1839-02-01,0.0146977194,7.29313,0.45896,32023.96592295625,0.08717892664048255,0.09040851889641655
JAB,1840-02-14,0.0158258542,6.64806,0.45896,34481.9901516472,0.13773929002318308,0.10592971100490467
JAB,1841-02-06,0.01613634256,6.75081,0.45896,35158.4943350183,0.017455078416718672,0.017062730426527617
JAB,1842-02-12,0.01659166236,6.75885,0.45896000000000003,36150.56292487362,0.016257256077442772,0.01600662603526226
JAB,1843-02-25,0.01734173324,6.32637,0.45896000000000003,37784.846696879904,0.09909379043465982,0.10832359401826452
JAB,1844-02-24,0.016470719720000002,6.44389,0.45958437794764195,35838.29327174481,-0.04979559264978728,-0.026810467902553703
JAB,1845-03-09,0.01566568796,6.37346,0.45896,34133.01368310964,-0.04191855685487733,-0.04319829615756743
JAB,1846-03-22,0.021577564320000003,6.4499,0.4589599999999999,47014.04113648249,0.2220428128506866,0.25132137208110716
JAB,1847-03-14,0.01587020656,6.3577,0.4589599999999999,34578.62680843647,-0.16038354205509675,-0.15544730349792157
JAB,1848-03-20,0.01664176228,6.3929,0.4593953745695712,36225.35881122538,0.02553005972303879,0.026036531940781593
JAB,1849-04-02,0.02214764916,5.92725,0.45896,48256.16428446924,0.22957213386044528,0.21738341786801718
JAB,1850-04-01,0.01692271204,5.8249,0.4589599999999999,36871.866916506886,-0.09828718426871097,-0.07494218324667423
JAB,1851-04-14,0.016962748920000003,5.35317,0.45896,36959.100836674224,0.0011882466566084382,0.0011863596832750734
JAB,1852-04-27,0.0170387516,4.99083,0.4590594981985197,37116.65190866307,0.0033432994721573905,0.0033823403432771126
JAB,1853-04-19,0.01694254692,5.02277,0.4589599999999999,36915.0839288827,-0.006555975079675869,-0.006539266714611802
JAB,1854-04-25,0.01675889644,5.57817,0.45896,36514.93907965836,0.010811154737738526,0.01251630216656019
JAB,1855-05-08,0.016522907439999998,6.69018,0.45896,36000.75701586195,-0.012079217296435019,-0.012767139698604435
JAB,1856-05-07,0.016854110000000002,6.68978,0.45896,36722.39410841904,0.015013778873755879,0.01668059734411731
JAB,1857-05-20,0.02232681464,6.03463,0.45896,48646.53704026495,0.26470454380565545,0.24942765812084788
JAB,1858-06-02,0.017222959,6.60387,0.45896000000000003,37526.05673697054,-0.010898239177481894,-0.008878697450929729
JAB,1859-05-25,0.0172146208,6.61607,0.4589599999999999,37507.88914066586,-0.0005030127841284537,-0.0005071861262596622
JAB,1860-05-31,0.016974152,6.65926,0.45896,36983.946313404216,-0.008861089181065096,-0.009034741930082912
JAB,1861-06-13,0.0172499288,6.65508,0.45896000000000003,37584.81959212132,0.015408897268552879,0.01541597717524068
JAB,1862-06-12,0.01724384168,6.67508,0.45896,37571.556736970546,-0.00006866507772462782,-0.00007617182061803174
JAB,1863-06-25,0.01658805252,6.67102,0.45885558551255884,36150.92208471327,-0.03427063104754535,-0.032387562971189277
JAB,1864-07-08,0.01698314488,6.74142,0.4589599999999999,37003.540352100405,0.007594461385661999,0.005139216688801351
JAB,1865-06-30,0.0172039634,6.25682,0.45896,37484.66838068677,-0.08420525596751482,-0.06531792102840561
JAB,1866-07-06,0.01725374872,6.33417,0.45896000000000003,37593.14258323165,0.0033721210477948294,0.0031710000327636045
JAB,1867-07-19,0.01686440132,6.37307,0.45886671709784543,36752.28708384173,-0.021754840267940057,-0.021755030152958987
JAB,1868-07-18,0.02183111112,6.41257,0.45896,47566.47882168381,0.15075894751746954,0.15159177934460133
JAB,1869-07-31,0.01719921632,6.38257,0.45896,37474.32525710302,0.011019297583528598,0.011158598689072985
JAB,1870-08-13,0.01732551704,6.8868,0.45896,37749.514206031025,0.006137764371237253,0.006060124103436593
JAB,1871-08-05,0.01711457228,6.84738,0.45896,37289.89951194004,-0.014061418811166848,-0.014111806658338
JAB,1872-08-11,0.01757476656,6.8131,0.45896,38292.58880948231,0.1398697124998074,0.138852991727215
JAB,1873-08-24,0.0176069764,6.8058,0.45896,38362.76886874673,0.004372932572810795,0.0042519549792048306
JAB,1874-08-23,0.01759189224,6.78187,0.45894475183767075,38331.176398814714,0.0001672325129213892,-0.0004777327775068452
JAB,1875-09-05,0.017471155,6.77127,0.45896,38066.835889837894,0.0004985760809670392,0.0016356402729205133
JAB,1876-09-18,0.01774194812,6.80036,0.45896000000000003,38656.850531636745,0.054742072115778306,0.0456093554464696
JAB,1877-09-10,0.0177781604,6.23561,0.45896,38735.75126372669,0.0035223281570326836,0.0037114477181070527
JAB,1878-09-16,0.017338337640000003,6.62374,0.4589039839959346,37782.059525884615,-0.018396099835424673,-0.01823727343158077
JAB,1879-09-29,0.01697106008,6.5967,0.45896000000000003,36977.20951716925,-0.016439600891848927,-0.016687249170052598
JAB,1880-09-28,0.01739501036,6.62974,0.4585377037651416,37935.83432107374,0.027597808707959803,0.026884940404031443
JAB,1881-10-11,0.01729416468,7.17331,0.45896,37681.20245773053,-0.006181320115938305,-0.00613536266402448
JAB,1882-10-24,0.0166733814,7.12178,0.4588761222368928,36335.256057172744,-0.026651155982108765,-0.02918390499572565
JAB,1883-10-16,0.02105409644,7.09659,0.45896,45873.48884434374,0.002195761141496888,0.011332393610930636
JAB,1884-10-22,0.0165331218,7.10645,0.45902961717437346,36017.549154610424,-0.09384765739128509,-0.10737680271632988
JAB,1885-11-04,0.01588449356,7.05344,0.45896,34609.75588286561,-0.036377470521197,-0.036402980139640495
JAB,1886-11-03,0.01898667472,7.08625,0.45896,41368.90953459997,0.07181892447887162,0.044724913794548904
JAB,1887-11-16,0.018734809079999998,6.95031,0.45896,40820.134826564405,-0.009765498043116105,-0.008481207962066084
JAB,1888-11-29,0.018410571919999997,6.93721,0.45897226347757303,40112.60240543839,-0.018878231826292002,-0.01882724377044498
JAB,1889-11-21,0.01942928156,6.9595,0.45896000000000003,42333.27862994596,0.08334075415909181,0.09223463706290969
JAB,1890-11-27,0.01943525896,6.87789,0.45896000000000003,42346.30242286909,-0.021612260255442606,-0.02072307643050031
JAB,1891-12-10,0.01746495712,6.53101,0.45896,38053.33170646679,-0.09324047634129606,-0.09188377123251212
JAB,1892-12-09,0.01690429884,7.64364,0.45896,36831.74751612341,-0.01993469580199947,-0.023087151406397943
JAB,1893-12-22,0.01611199252,7.22121,0.45896,35105.43951542618,-0.025126395643216726,-0.025450205137638626
JAB,1895-01-04,0.01334366904,6.56808,0.45896,29073.70803555866,-0.1600543506183989,-0.1622387917673188
JAB,1895-12-27,0.0115059074,6.22279,0.45896,25069.52109116263,-0.06890459946321725,-0.06459203953976167
JAB,1897-01-02,0.00990796872,6.12329,0.45896,21587.86979257452,-0.10471727325123825,-0.10385963799498377
JAB,1898-01-15,0.010705714239999999,4.8529,0.4589599999999999,23326.028934983442,-0.031327026069265296,-0.03492511252153563
JAB,1899-01-14,0.009794422039999999,4.94846,0.45896000000000003,21340.469844866653,-0.08176648819745702,-0.0856634008723619
JAB,1900-01-27,0.008529974959999999,4.8857,0.4516028626944877,18888.22163151473,-0.08846907757426037,-0.08813899178017848
JAB,1901-02-09,0.0075150930399999994,4.88468,0.45896,16374.17866480739,-0.05974378213668352,-0.056154637641214644
JAB,1902-02-01,0.006635030480000001,4.81005,0.45896,14456.663935854978,-0.09818720031492423,-0.0980472646075512
JAB,1903-02-07,0.00582468484,4.91419,0.45896,12691.05115914241,-0.09496280853077599,-0.09429790996786425
JAB,1904-02-20,0.00513347848,5.05485,0.4534999420514523,11319.689384695834,-0.08298337239054088,-0.08198046072196152
JAB,1905-02-19,0.0034816132,5.51756,0.45896,7585.875021788391,-0.31063286707597015,-0.2845427398917112
JAB,1906-03-04,0.00434836012,5.10311,0.45896,9474.377113473942,-0.07456571725726258,-0.07558347321186398
JAB,1907-03-17,0.00386861956,5.05587,0.45896,8429.099616524316,-0.08710915206198111,-0.087692122757007
JAB,1908-03-09,0.0035836242,5.34625,0.45896,7808.140578699669,-0.03881829343226617,-0.037547176151725314
JAB,1909-03-15,0.00307603764,6.77404,0.45896,6702.191127767126,-0.10823456036611545,-0.10620395165672725
JAB,1910-03-28,0.0026111123999999998,6.44745,0.45896,5689.193829527628,-0.09787353064902815,-0.09837853183333012
JAB,1911-03-27,0.00233253592,6.52605,0.4555539425170561,5120.218929754227,-0.08353022382907149,-0.08319677486556576
JAB,1912-04-09,0.0020847086,6.60456,0.45896,4542.244640055778,-0.08452493521400162,-0.08353425146156412
JAB,1913-04-22,0.00176326644,6.69803,0.45896,3841.873888792052,-0.11231567069108228,-0.11718572868292754
JAB,1914-04-14,0.00168009868,5.04558,0.45896,3660.664720237058,-0.027059497814884592,-0.0267870345992397
JAB,1915-04-20,0.00148160896,5.22234,0.45449330509340513,3259.913717971065,-0.08569484084854595,-0.0849279924252827
JAB,1916-05-03,0.0013131294800000002,5.37484,0.45896,2861.0978734530245,-0.08629924392773969,-0.08553923989677603
JAB,1917-05-02,0.00115406616,5.26644,0.45896,2514.5244901516476,-0.0938357250395675,-0.09229517369006834
JAB,1918-05-15,0.00101265372,5.44321,0.45896,2206.4095345999654,-0.09677763576634069,-0.09687825594422472
JAB,1919-05-28,0.00087411844,5.53279,0.4534428770284169,1927.736621927837,-0.09594886639453326,-0.09608022719467013
JAB,1920-05-20,0.00046448219999999996,5.73595,0.45896,1012.0319853582012,-0.1126221541612088,-0.12428832795945965
MOR,1862-02-06,2.2296070107999997,6.59757,40.01855,55714.337745870354,0.08206392633747028,0.08456436331162864
MOR,1863-02-19,2.3125554868,6.50452,39.56947357531262,58442.91767992594,0.011550787084341874,0.012148012070655856
MOR,1864-02-18,2.44114976976,6.36391,40.72777,59938.21340476044,0.03324487864391146,0.025877546240369975
MOR,1865-03-03,2.5794087108399997,6.61896,40.72777,63332.92274141206,0.003119171659540898,0.02290889551155728
MOR,1866-03-16,2.4478246988,6.65666,40.72777,60102.104750640654,-0.04118293688579766,-0.04647327198816431
MOR,1867-03-08,2.48909171004,6.73428,40.72777,61115.34488728452,0.0648810789451828,0.06538782481822225
MOR,1868-03-14,2.51620658016,6.53461,41.40619,60768.85074816108,-0.028876290409100336,-0.03438895883957627
MOR,1869-03-27,2.57665401032,6.47437,41.40619,62228.715327829,-0.035909264920928496,-0.038566265756177054
MOR,1870-03-26,2.63911260288,6.5865,41.4363780462107,63690.71640230736,0.01486200876573407,0.00040800857219647213
MOR,1871-04-08,2.9797479644399996,6.58476,41.782779999999995,71315.21560891831,0.11789445032822132,0.11628159421822648
MOR,1872-04-21,3.07883543812,6.91758,42.20231,72954.19227336135,0.0995011906990435,0.09507303125135147
MOR,1873-04-13,3.11010328356,6.90911,42.31223,73503.64855645756,-0.006421881214349279,-0.010393310272491685
MOR,1874-04-19,3.19961623956,8.12017,43.33967799890807,73826.48850415117,0.008150553571630859,0.007770193030463446
MOR,1875-05-02,3.24271199304,8.13224,42.93344,75528.81839983007,-0.003955411637298845,-0.019826470518896078
MOR,1876-05-01,3.08446940828,8.15414,42.93344,71843.05306725946,-0.027939900220750213,-0.029885468723200415
MOR,1877-05-14,3.1396069629600003,7.85813,42.93344,73127.30969053494,0.032176573296576416,0.03469584602200393
MOR,1878-05-27,3.20974160364,7.79976,45.45191288629093,70618.40525106069,-0.001085897986308093,-0.005274627854730651
CSA,1871-02-11,5.98921885692,11.50559,96.76494,61894.51320819297,0,0
CSA,1872-02-17,5.4315358318,11.94945,99.34269,54674.74085712798,0.02048898334991711,-0.00018326734863760574
CSA,1873-02-23,6.24843425856,11.60043,101.98222,61269.83957164298,0.028219332060212432,0.008957675441578328
CSA,1874-03-01,6.9829965504,12.14866,105.06364,66464.44526764921,0.09982033471871077,0.07527400264499828
CSA,1875-03-07,6.90404553488,12.04445,107.46429,64245.02069366484,-0.0172729993905113,-0.035289950935934566
CSA,1876-03-13,6.543105082279999,12.23366,102.00623,64144.17121660118,-0.010518206002973596,0.013349016047776274
CSA,1877-03-19,6.9931614058800005,12.2218,107.52338,65038.51911909763,0.06008671652651709,0.0067429053583671905
CSA,1878-03-25,7.08151533388,12.4362,110.74425,63944.76764148026,0.1519849269089788,0.12659164147229363
CSA,1879-03-31,7.65708735792,12.15279,116.80533999999999,65554.25768993096,0.03206432153140115,-0.012484589546005176
CSA,1880-04-06,7.17465899072,12.34025,119.41612,60081.15981929407,-0.06377989876644496,-0.07915969086351127
CSA,1881-04-12,8.18988725464,12.1016,122.21791,67010.53270048555,0.08591658531546109,0.0673397831647975
CSA,1882-04-18,7.32118114884,12.27912,124.89652000000001,58617.97549555424,-0.10135669380052648,-0.11603025713402726
CSA,1883-04-24,8.38879952976,12.40931,127.67881,65702.36306055797,0.10766103636479629,0.08957736865483423
CSA,1884-04-30,8.8142392364,11.44388,130.23654,67678.69628907526,-0.04144203084151654,-0.055683480779496364
CSA,1885-05-06,3.38567453172,12.21479,47.48557,71299.01845381659,-0.5222587900786038,0.31593575812997554
CSA,1886-05-12,4.3146507201199995,12.32261,48.40507,89136.3388198798,0.07433204759502843,0.05938440967858405
CSA,1887-05-18,4.5389046107599995,12.67545,45.10769,100623.74310810417,0.24387369457776842,0.3131458720009985
CSA,1888-05-24,3.7984674936,12.73898,45.77731,82977.07955316728,0.07482165681037944,0.05804123224621449
CSA,1889-05-30,2.62512216408,12.30256,46.66134,56259.039369207996,-0.08440563304299054,-0.0974210966318525
CSA,1890-06-05,5.00227236704,12.52469,47.61262,105061.90096323202,0.3746026851814841,0.3537467052767933
CSA,1891-06-11,4.69313173264,12.27655,48.59029,96585.79384152677,-0.13260672260613893,-0.14620333972982025
CSA,1892-06-17,5.5040324721200005,12.393,49.60977,110946.54283057552,0.0991602928722175,0.08189689154369395
CSA,1893-06-23,5.41502139152,11.49648,50.48894,107251.63553681262,-0.01173276897003861,-0.02491136396321758
CSA,1894-06-29,3.59822605688,11.93062,51.47252,69905.76829889035,0.02040087046937411,0.006075735532550919
CSA,1895-07-05,5.41719006764,12.00746,52.47489,103233.948039529,0.1765830019140382,0.1594218420995428
CSA,1896-07-11,5.84956323796,11.726,53.48009,109378.33571259884,0.05426883576772856,0.03940249468011503
CSA,1897-07-17,5.86331894096,11.78261,54.5087,107566.66258707327,0.0029043870517855286,-0.011515918231195799
CSA,1898-07-23,6.46670751844,12.35262,55.60067,116306.28764797258,0.09099930298305914,0.07447308915369044
CSA,1899-07-29,6.89262463812,12.51243,54.46451,126552.5869620419,0.04203509975986619,0.058728871630726376
CSA,1900-08-04,7.255664783119999,12.79314,54.46043999999999,133228.17045033057,-0.1762319716642179,-0.17709665072336356
CSA,1901-08-10,7.21132097868,13.01162,55.59801,129704.65990923056,0.014457558912933655,-0.0010909843431639032
CSA,1902-08-16,7.064061869800001,12.92559,56.72434,124533.1698843918,0.028807707909667357,0.013492911751344039
CSA,1903-08-22,8.442128571760001,13.04281,57.90185,145800.6708207078,0.06072661361435916,0.04447887552936747
CSA,1904-08-28,8.50746259948,13.27448,56.11559,151606.04387265642,-0.000340151962575308,0.018622628421494092
CSA,1905-09-03,7.18908311992,12.71615,54.54604,131798.4425619165,-0.020170887989531372,0.0059751789896522745
CSA,1906-09-09,7.09641418876,12.19686,55.49855,127866.6593768666,-0.017288641007347394,-0.03002653516146714
CSA,1907-09-15,8.06440841128,13.02348,56.47119,142805.7105097307,0.0644168220833472,0.05041380002045526
CSA,1908-09-21,8.19634527816,12.82452,57.46873,142622.69721568582,-0.003516927703287709,-0.016715333817714395
CSA,1909-09-27,8.37363758764,12.93028,58.45691,143244.6153524023,0.03853337013591984,0.0253302163734348
CSA,1910-10-03,8.22613317708,13.04834,59.47687,138308.10493356493,-0.04119856732669147,-0.05378238251272016
CSA,1911-10-09,8.55885843904,12.85879,60.5111,141442.7838700668,0.015143307498320047,0.0021171487523636845
CSA,1912-10-15,8.46401718448,12.77043,61.51442,137594.03379695362,-0.011307595332041731,-0.023550052657905662
CSA,1913-10-21,8.17404612336,12.98572,62.56241,130654.27184406738,-0.008344832410508984,-0.0209523004514256
CSA,1914-10-27,3.90158612428,12.8347,47.41081,82293.17584491808,-0.5540552811628422,-0.4150910272957824
CSA,1915-11-02,5.6047104370400005,14.04865,45.942,121995.35146576118,0.23637945862052923,0.2662322822713412
CSA,1916-11-08,5.77055635052,14.0049,46.78339,123346.26350335023,0.10373908073478266,0.08861064659530982
CSA,1917-11-14,7.64098563644,14.21007,47.60092,160521.80580627432,0.2112995248606997,0.19569475906788547
CSA,1918-11-20,7.83110043716,13.9335,48.45617,161612.03902743448,-0.019462580215382608,-0.03264618382582363
CSA,1919-11-26,9.50513327192,13.69989,49.29302,192829.19309711596,0.003736538336753137,-0.009003211504756914
CSA,1920-12-02,8.16170518956,13.46447,50.120839999999994,162840.55074815187,-0.11861825186823427,-0.129786534449997
CSA,1921-12-08,8.84489118448,13.58548,50.88601,173817.73859809406,0.043461963155525085,0.03157037230623683
CSA,1922-12-14,10.103116333440001,13.82847,51.65766,195578.28080946757,0.13175552535279,0.11901770698875391
CSA,1923-12-20,12.27242310424,14.82993,48.11123,255084.37643851552,0.14590652169463358,0.21067915169137175
CSA,1924-12-26,13.93969192252,14.89901,48.863839999999996,285276.2272166903,0.08545035495607967,0.07288601153299146
CSA,1926-01-01,19.314266895040003,16.45689,49.61794,389259.7494986693,0.36873970746616136,0.3529322577838936
CSA,1927-01-07,20.07391929764,17.52077,50.37112,398520.4080758975,0.04380426987689301,0.03201529030320005
CSA,1928-01-13,21.9025538082,17.65742,51.13241,428349.7259018302,0.0553530048539983,0.043566224788343044
CSA,1929-01-19,24.388251020640002,18.95515,51.84964,470364.90553531324,0.14069763590511708,0.12874149056537632
CSA,1930-01-25,17.50093080684,19.02657,52.5428,333079.5238708253,-0.32218266519473737,-0.32899960433626985
CSA,1931-01-31,25.00634799,19.13911,53.22694,469806.2295146029,0.20858646518114532,0.19688010168340764
CSA,1932-02-06,23.9596775652,18.47572,53.8374,445037.7909260105,-0.08493774023076317,-0.09358749102544184
CSA,1933-02-12,20.7259087308,19.14545,54.21099,382319.3181087451,0.02823908639517425,0.022711291738090944
CSA,1934-02-18,23.98314725144,19.66426,54.88853,436942.78661571,0.03093411272636959,0.02149063414807384
CSA,1935-02-24,16.29923172852,20.21181,55.55024999999999,293414.19216871215,-0.030115624305989908,-0.03883144664620819
SPA,1837-01-13,6.784424348,8.48555,121.31116659928834,55925.80253069465,0,0
SPA,1838-01-26,6.71819975476,8.80798,119.05901,56427.4787331089,0.00021215376823202625,0.0003424148186219611
SPA,1839-01-25,6.98157863676,8.83543,119.05901,58639.649672544736,0.0027007302873502947,0.0036877031584339193
D08,1921-06-30,9.26153128056,10.66635,28.3294,326922.9592070429,0.08158030485996304,0.06634787774021245
D08,1922-07-13,9.17162127492,10.49739,29.43431,311596.27234067995,0.06798904661392724,0.024595596811530562
DFR,1878-01-21,0.25810971316000003,7.55982,8.11966,31788.24152242828,-0.053129296125711156,-0.06321591346976863
DFR,1879-02-03,0.25567078004,7.53265,8.25056,30988.294132761897,0.013062279267976873,0.007023398455537899
DFR,1880-02-02,0.19422691184,8.00055,8.25056,23541.058042120774,-0.11849104449676218,-0.10905296253108154
DFR,1881-02-15,0.213907941,6.51246,8.25056,25926.475415002133,0.07488710352069239,0.0807043132409524
DFR,1882-02-28,0.2086261086,7.44619,8.25056,25286.29676046232,-0.01769641443748482,-0.022295370272420234
DFR,1883-02-20,0.18769452572,7.46691,8.25056,22749.307407012373,-0.034559001426230807,-0.03324195962785903
DFR,1884-02-26,0.29380684372,6.89645,8.25056,35610.533554086025,0.38306857353801727,0.37028128522288606
DFR,1885-03-11,0.20344863344,7.06217,8.243000832726484,24681.37970243376,-0.08411954732068072,-0.14456384472847317
DFR,1886-03-10,0.23868798512,7.05434,9.05143,26370.19621429984,0.11220033255757644,0.10275371052733417
DFR,1887-03-23,0.26518538384,6.84291,9.05143,29297.623009844858,0.02852281476919938,0.03312581794801184
DFR,1888-04-05,0.29323655296,7.36889,9.05143,32396.71001819602,-0.030820303188276,-0.04262632835601121
DFR,1889-03-28,0.2868131604,6.28618,9.05143,31687.05501782591,0.007019343928752031,0.006007765838688339
DFR,1890-04-03,0.2646739472,8.11659,9.52249,27794.615399963666,-0.07511319099703184,-0.08514187785319183
DFR,1891-04-16,0.29967560635999996,8.15149,9.52249,31470.298877709505,-0.007033986097512268,-0.010267606714152389
DFR,1892-04-15,0.31141934356,8.18729,9.82662,31691.399846539298,0.05444564808027663,0.029781407099040536
DFR,1893-04-28,0.34495936228,6.97579,10.10787,34127.79965314156,0.16997739134947198,0.15673953764855653
DFR,1894-05-11,0.33090662384,7.08421,10.10787,32737.522726350853,-0.02762283608753302,-0.025652697525203605
DFR,1895-05-03,0.32670378572,6.56112,10.10787,32321.724133769032,-0.014712850446062964,-0.014840701703300874
DFR,1896-05-09,0.3515996796,7.05488,9.998236207621158,35166.17054235956,0.11337066662612694,0.1324115465567257
DFR,1897-05-22,0.3593935358,7.11723,10.10787,35555.8130249004,0.01347627140750407,0.013641779838904577
DFR,1898-05-21,0.37730755920000003,7.76861,10.85730202617035,34751.50256394646,0.04103860216518207,-0.0183891769401332
DFR,1899-06-03,0.5010532867599999,7.72474,11.12425,45041.53419421534,0.13491398828130152,0.11896673079274489
DFR,1900-06-16,0.48401834468,6.4612,9.743171196194574,49677.70091826415,0.03954192851751137,0.03158562433542711
DFR,1901-06-08,0.6344246542399999,7.77404,11.50796,55129.20224262162,-0.09336642111614524,-0.14112291514515252
DFR,1902-06-14,0.6383542859200001,6.35212,11.872601786139498,53767.00890155668,0.21367831649981284,0.16041103945192758
DFR,1903-06-27,0.47527289056000005,7.74263,11.8586,40078.33054154791,-0.23482168057668173,-0.22679393121286406
DFR,1904-06-26,0.46405671987999997,7.57837,12.2997,37729.108830296675,0.0025750355980671547,-0.03601389244576314
DFR,1905-07-09,0.51736353396,9.06377,12.2997,42063.101861021,0.09850637087204595,0.09579692667787287
DFR,1906-07-22,0.5217265279200001,8.24952,8.956378799818326,58251.949764628414,0.33414587611993807,0.32327419056797524
DFR,1907-07-14,0.50784860568,9.10473,12.2997,41289.51158808752,-0.06388338017374906,-0.07660431977109372
DFR,1908-07-20,0.51245350728,8.92167,12.2997,41663.902963486915,0.008573283267117704,0.00852968643612706
DFR,1909-08-02,0.73898298604,7.95859,12.2997,60081.382963812124,0.43244389030839336,0.4311982011994915
DFR,1910-08-01,0.7696766084800001,8.21335,14.34439,53656.977290773604,-0.020917617537772104,-0.14554465243167147
DFR,1911-08-14,0.6074125678400001,8.44625,14.597630000000002,41610.35509462837,-0.2664679516031375,-0.286503275399725
DFR,1912-08-27,0.6147216561200001,8.55874,14.59763,42111.058858184515,0.00992291172274884,0.009430008614448981
DFR,1913-08-19,0.62531364584,8.64819,14.597630000000002,42836.65539132037,0.00876999199993489,0.00900332072382204
TUA,1899-07-22,0.31551665808,9.55764,18.667590000000004,16901.84207388313,0,0
TUA,1900-07-28,0.305861803,10.27001,18.79975,16269.46118964348,-0.04408242586372224,-0.048771324494674695
TUA,1901-08-03,0.29737974708,10.41447,18.93687,15703.743389483057,-0.04126305149586762,-0.046735973304581235
TUA,1902-08-09,0.8291065744,10.36836,19.00778,43619.32715972092,0.4199039405178049,0.41613991901384195
TUA,1903-08-15,0.7872803796,10.4331,18.53796,42468.555310293035,-0.01993096939176664,-0.0049227670978102545
TUA,1904-08-21,0.95933053216,11.24684,17.72714,54116.48648118084,0.10429329362980955,0.14537791481307627
TUA,1905-08-27,0.83910382868,11.71107,17.90776,46856.99544108253,-0.11531798743358612,-0.12216842418866058
TUA,1906-09-02,1.63469968168,12.16654,18.13779,90126.72887270169,0.8019244959200316,0.7852642183514833
TUA,1907-09-08,2.56564497488,12.82541,18.38826,139526.25070996388,0.5036570147001902,0.4878947025296214
TUA,1908-09-14,3.0279504860800004,13.80697,18.66993,162183.2800701449,0.22665233751447977,0.21307678047537348
TUA,1909-09-20,4.3469298615600005,14.39479,18.96328,229228.79699925327,0.23038843831729539,0.2158290234729634
TUA,1910-09-26,5.186661480000001,14.16351,19.48507,266186.4432614304,0.1321617386155549,0.11418820249665385
TUA,1911-10-02,6.07826827088,14.69401,20.40244,297918.6935915508,0.1507057373375149,0.10771299913964882
TUA,1912-10-08,6.43795632584,15.22915,20.70207,310981.284762345,-0.04623496794658111,-0.05678611232452557
TUA,1913-10-14,1.22791983964,10.62286,20.87007,58836.40254393013,-0.7764096421493755,-0.7779681207878795
TUA,1914-10-20,0.32525192700000005,6.40105,19.74456,16472.989370236664,-0.6369726490595808,-0.622712176401112
TUA,1915-10-26,0.15438176104,5.69934,17.15474,8999.364667724489,-0.3675492956034381,-0.294730324526273
TUA,1916-11-01,0.0575735108,6.98744,2.70935,21249.934781405133,-0.5404239309408105,1.836951827580298
TUA,1917-11-07,0.06895728320000001,7.17193,2.48118,27792.13245310699,0.4080169094605173,0.5048160704773708
TUA,1918-11-13,0.0136761664,5.66906,2.18109,6270.335657859143,-0.7635427255788088,-0.7388434359543548
TUA,1919-11-19,0.009140196,5.12988,1.88121,4858.679254309726,-0.22670971715297172,-0.13578958302827226
TUA,1920-11-25,0.02387212256,6.44324,1.67147,14282.112487810131,1.958721009945679,2.233786387728866
TUA,1921-12-01,0.02318014556,5.83373,1.51106,15340.321072624514,0.041472314148239375,0.120252279007806
TUA,1922-12-07,0.02150281172,5.35522,1.35006,15927.300801445863,-0.01266456721250997,0.0720199142356499
TUA,1923-12-13,0.04236071216,5.50639,1.23911,34186.40165925544,1.4684119613755011,1.6390250345583395
TUA,1924-12-19,0.05126318184,5.07415,1.16226,44106.466573744256,-0.19596231623061178,-0.15260362797440086
TUA,1925-12-25,0.01327450748,5.47141,1.0521,12617.15376865317,-0.6733838831258825,-0.6469166742523071
TUA,1926-12-31,0.02514161624,6.00265,0.96035,26179.63892330921,2.102212761652779,2.309023996151031
TUA,1928-01-06,0.01291198792,5.67921,0.86762,14882.07731495355,-0.4221630143376298,-0.37572984963135403
TUA,1929-01-12,0.00999770668,5.16974,0.79052,12647.000303597632,0.2915743721132702,0.38392604037639355
TUA,1930-01-18,0.00908525332,4.88239,0.71177,12764.310549756241,-0.18850649455013013,-0.12095763469487553
TUA,1931-01-24,0.00936309764,4.96618,0.65381,14320.823542007616,0.5116842014545937,0.6097682955192241
TUA,1932-01-30,0.008378700199999999,4.47307,0.57726,14514.603818036932,0.11832104168095792,0.23046374685953497
TUA,1933-02-05,0.00648494132,4.02904,0.36046,17990.73772401931,0.39413409088088036,0.859285387818763
TUA,1934-02-11,0.00457653456,3.94385,0.3247,14094.655251000924,-0.2631013049925177,-0.20462323233033997
TUA,1935-02-17,0.00425550112,3.97452,0.2936,14494.2136239782,0.13645311779492864,0.22665900439997988
ASM,1837-01-13,0.69100662488,8.75134,12.38399,55798.383629185744,0.5827185569139721,0.5580707932144755
ASM,1838-01-19,0.6938736609999999,8.57222,12.63928,54898.195229475095,0.03654080091522505,0.020680654465462744
ASM,1839-01-25,0.70968363336,8.61045,12.8878,55066.313363025496,0.005267864216234486,-0.009822151233282006
ASM,1840-01-31,0.8404748612,8.61896,13.15752,63877.90869403961,0.19466075036040276,0.17702181863064181
ASM,1841-02-06,0.93457140868,8.63426,13.40857,69699.55846745775,0.04836746802857661,0.03299808142727323
ASM,1842-02-12,0.98172471748,8.61231,13.659969999999998,71868.73159165065,0.033151419286979955,0.018435277197467625
ASM,1843-02-18,1.33943838756,8.61326,13.93219,96139.83067701488,0.2008781143074434,0.18375198917683022
ASM,1844-02-24,2.05296364884,8.34392,14.167479999999998,144906.76174167884,0.5035481637050923,0.48398662892086297
ASM,1845-03-02,3.0129441612399996,8.11751,14.36241,209779.8462263645,0.2938040967148343,0.28018000413891
ASM,1846-03-08,2.7915828990400002,7.86324,14.49179,192632.02813731084,-0.012297804138644897,-0.01858137732806142
ASM,1847-03-14,3.6118030956799996,8.21246,14.58015,247720.57185145558,0.2729187592960982,0.26680448954503766
ASM,1848-03-20,4.15965277468,8.60144,14.70354,282901.4492210719,0.10152448466058739,0.09500905809836246
ASM,1849-03-26,4.1038844464799995,8.53444,14.81239,277057.5475314922,-0.02698288592355469,-0.032553766476432044
ASM,1850-04-01,4.10187924276,8.46698,14.9192,274939.6242935278,-0.01913481640697101,-0.02464795587832236
ASM,1851-04-07,3.6622755728,8.32041,15.02503,243744.9757371533,-0.03490978663379252,-0.039675863238591735
ASM,1852-04-13,3.5310511033200003,8.28593,15.11906,233549.64550177063,-0.02604481599349806,-0.03074292525467548
ASM,1853-04-19,3.8799623137599997,8.44518,15.22464,254847.5572335372,0.15078803802478702,0.1447414017252786
ASM,1854-04-25,3.9229552757199997,9.00483,15.36813,255265.62279991122,0.021197491946154168,0.014253704904785502
ASM,1855-05-01,3.98594891292,9.61699,15.54909,256346.121407748,0.0160831755230586,0.006908589986357461
ASM,1856-05-07,3.9801745152,9.50952,15.74458,252796.48712128238,-0.01685893648988812,-0.025916799394354317
ASM,1857-05-13,4.31308477236,9.53864,15.93237,270712.06432941236,0.03960557771613349,0.03036352640543205
ASM,1858-05-19,3.87833039048,9.68224,16.11607,240649.8848962557,-0.09009571098918712,-0.09812921857645662
ASM,1859-05-25,4.54536553588,9.75119,16.30221,278818.97827840527,0.07737608727957634,0.0685095048644373
ASM,1860-05-31,3.5402038646,9.75837,16.46353,215033.0982845113,0.13214269795710432,0.12357165245456714
ASM,1861-06-06,3.8545089143599998,9.60324,16.6251,231848.76568321392,-0.058793595192334736,-0.065808776897468
ASM,1862-06-12,4.11333376584,9.47162,16.76893,245294.94522548546,-0.08244699156977797,-0.08824362016155252
ASM,1863-06-18,4.10759052132,9.33623,16.89684,243098.14860766864,-0.018133657529378233,-0.023906136073411854
ASM,1864-06-24,4.06442964668,9.38092,17.01156,238921.630155024,-0.03750627365991355,-0.04251575074948111
ASM,1865-06-30,3.12315468296,9.30904,17.09367,182708.25884435582,-0.1475267136770193,-0.1505884332552515
ASM,1866-07-06,3.61842340964,9.69404,17.20975,210254.26921599676,0.18409762896904303,0.177569351096186
ASM,1867-07-12,4.0194869743599995,9.70365,17.34324,231761.01895378254,0.04092962265921307,0.035417006401242235
ASM,1868-07-18,3.9541285316,9.26929,17.45741,226501.44159987077,-0.04561177587015963,-0.05051458881987503
ASM,1869-07-24,3.9903870734,9.50354,17.56712,227150.8974379409,-0.03556701365242909,-0.04047146638565391
ASM,1870-07-30,3.74058275552,9.50257,17.52444,213449.48857253074,-0.06430740075665131,-0.06379799169999434
ASM,1871-08-05,4.0300507228799995,10.68711,17.23221,233867.31724369654,0.03504310153154644,0.04961246094634442
ASM,1872-08-11,4.22610460428,10.56961,17.40508,242808.6859859305,0.036461450876620116,0.028400879233945187
ASM,1873-08-17,4.4043979382,11.03667,17.56223,250788.0797711908,0.05427098352405402,0.04731705211506121
ASM,1874-08-23,4.74713254912,11.36003,17.7467,267493.8185194994,0.04786792874149004,0.039532023126165994
ASM,1875-08-29,4.87821382152,10.40663,17.91644,272275.8439466769,0.002851725440023989,-0.004172725498169827
ASM,1876-09-04,4.26599183036,10.71154,15.101210000000002,282493.3783690181,-0.11334948988458105,-0.009046613574613116
ASM,1877-09-10,4.75883365152,10.7577,18.19907,261487.73819321537,0.1210169827507277,-0.06729350537539236
ASM,1878-09-16,4.9119942419600005,10.34326,18.41388,266754.98276083043,0.032301592486286834,0.02340922817077562
ASM,1879-09-22,5.18823723548,10.69193,18.61354,278734.57899357134,0.017791639549062488,0.009489590405064918
ASM,1880-09-28,5.51328092432,10.73766,19.51179,282561.51405483554,0.05010019584432124,0.012099182927281849
ASM,1881-10-04,5.25603134108,10.96455,19.94191,263567.0976892384,-0.04958548397038187,-0.06502780989359169
ASM,1882-10-10,6.01059918056,11.40893,20.39812,294664.37007724243,0.14709281556642417,0.12734728224041647
ASM,1883-10-16,6.63256395516,11.6219,20.62961,321506.99674690893,0.08732923833091855,0.07790810595898146
ASM,1884-10-22,6.71644714208,11.7418,20.89032,321510.01717924856,0.03097328370752228,0.021440895543147986
ASM,1885-10-28,6.7453072336,11.78918,21.1186,319401.2497798149,-0.03019079730367391,-0.03823412459024522
ASM,1886-11-03,7.15854437428,12.03222,21.33049,335601.49693138787,0.02971153623006284,0.021930236491843447
ASM,1887-11-09,7.3012356362399995,12.49204,21.63936,337405.3408344794,0.03843350916949828,0.026622718605312512
ASM,1888-11-15,7.31321892184,12.19367,21.91601,333692.9907332585,-0.0027849830966737432,-0.012320062955356592
ASM,1889-11-21,7.26945176984,12.08856,22.271839999999997,326396.55142278323,-0.0040793837289103685,-0.01568487980475497
ASM,1890-11-27,7.25332035064,12.72317,23.13162,313567.33123923006,0.00587375047761185,-0.02248701090946359
ASM,1891-12-03,7.73941185212,12.18392,24.37496,317514.85344468255,0.056712763542296596,0.01543128595462906
ASM,1892-12-09,7.91943252568,11.91775,25.665669999999995,308561.30097831076,0.006609179808450216,-0.03203314379458899
ASM,1893-12-15,8.59957564648,12.09829,27.054910000000003,317856.3760322987,0.056103742849503035,0.014545952867561551
ASM,1894-12-21,8.61337808032,12.00592,28.46622,302582.43210092525,-0.0019585460952312728,-0.03933509138444835
ASM,1895-12-27,9.03847154132,12.02702,29.44828,306926.9764251087,0.032786172276288106,0.007635361501212357
ASM,1897-01-02,9.280051796599999,12.13595,30.681459999999998,302464.4784374668,0.018172197558191883,-0.013266287462276649
ASM,1898-01-08,9.81519280508,11.66388,31.952740000000002,307178.4393163153,0.05855393821715338,0.027010366399969454
ASM,1899-01-14,10.63505887964,11.68637,33.24218,319926.63777285366,0.07793655424509605,0.04779870566482014
ASM,1900-01-20,11.283708799480001,12.04999,34.00271,331847.33803511545,0.040114364811066894,0.024094993259580866
ASM,1901-01-26,12.44528550564,12.00288,34.44689,361289.0889610063,0.06649880924433949,0.05622453991317511
ASM,1902-02-01,12.66724829864,13.10894,34.98456,362081.10945628583,0.06581090055873551,0.053739635291686794
ASM,1903-02-07,13.61035323596,13.31793,36.15028,376493.71556624176,0.041015783170616604,0.015016105636578736
ASM,1904-02-13,14.139941185760001,13.38245,37.32272,378856.1280035325,0.012813440293721001,-0.010861249766146441
ASM,1905-02-19,15.02017325068,13.79819,38.65154,388604.78135360195,0.0667330132473547,0.038729409658524894
ASM,1906-02-25,16.09064395796,14.12269,39.52428,407107.83239973005,0.022892331759316376,0.005452857254955923
ASM,1907-03-03,16.377236961279998,14.14188,40.3661,405717.5937551559,0.00687004969063798,-0.008755018942218418
ASM,1908-03-09,17.1524340832,14.4279,41.11291,417203.1141361679,0.048351736563048586,0.03380745592676693
ASM,1909-03-15,18.6183044502,14.67722,41.87932,444570.3619399742,0.08990938669295012,0.07496557320602992
ASM,1910-03-21,19.7898937756,14.90059,43.52833,454643.99336248374,0.07711022410258583,0.04443028335785648
ASM,1911-03-27,18.637129787640003,14.80528,45.46901,409886.42127110314,-0.04231867537203837,-0.07362872993646241
ASM,1912-04-02,17.68984152468,14.99944,47.16425,375068.860941921,-0.04707711166869022,-0.07310781716434744
ASM,1913-04-08,18.89251168584,15.23937,49.0188,385413.5900070993,-0.009254236399930393,-0.03816136034829609
ASM,1914-04-14,19.29157803872,15.15223,50.401419999999995,382758.6214578875,-0.05713403745138124,-0.0773285349371593
ASM,1915-04-20,20.02041807584,15.57559,52.10129,384259.5466607449,0.05319579250801376,0.027609925230709154
ASM,1916-04-26,21.09013617932,15.27485,53.23954,396136.70928261214,0.034402416194168284,0.01931211560915025
ASM,1917-05-02,21.08733999424,14.93677,54.18607,389165.3333456366,-0.01819875112338032,-0.031180348525178037
ASM,1918-05-08,23.45136981252,15.19032,55.41248,423214.58654295927,0.06798185788744937,0.049971654363333506
ASM,1919-05-14,23.3130978288,13.84912,56.92790999999999,409519.65088477696,0.007705185183848773,-0.014088307166364666
ASM,1920-05-20,25.44339381844,14.48928,58.91654,431854.8546543976,0.09190570979378743,0.06390564237928453
ASM,1921-05-26,27.09752331832,14.44581,61.08174,443627.2332503952,0.07696790846177759,0.048775927548744935
ASM,1922-06-01,29.314419043,14.17632,63.35455,462704.2421262561,0.0832485038544748,0.053078039399783616
ASM,1923-06-07,29.15474186768,14.11221,65.51142,445032.97085729474,0.026213816063199502,0.000038165815688273597
ASM,1924-06-13,29.673662193240002,14.51182,67.53687,439369.8167125602,0.021934181224311677,-0.0007450971201358181
ASM,1925-06-19,29.13138034508,14.47624,69.30356,420344.6452834457,-0.025723214252149518,-0.044536536240235236
ASM,1926-06-25,27.87905898492,13.99929,71.05955,392333.739587712,-0.055585511181318825,-0.07391192246325717
ASM,1927-07-01,18.940343036159998,11.13891,71.35515,265437.645862422,-0.27541384865451457,-0.27756316872914555
ASM,1928-07-07,18.519717198320002,12.38828,71.47584,259104.5757324433,0.11440652614555158,0.11274013146016926
ASM,1929-07-13,13.54337053212,11.40788,59.50934,227583.94786633493,-0.14725137004848432,-0.03787225628919877
ASM,1930-07-19,13.59137155116,11.82298,59.30518,229176.80295650396,0.044085686954805414,0.046733535333413734
ASM,1931-07-25,15.45630600332,11.42248,68.7696,224754.920827226,0.1625011296987211,0.1427511154940846
ASM,1932-07-31,14.9469353462,10.25411,67.67018,220879.20183158963,0.07975230964496083,0.09080488483694826
ASM,1933-08-06,14.130195926079999,10.26554,67.02887,210807.61060241653,-0.02572488322047306,-0.01895879759357244
ASM,1934-08-12,14.70808138436,10.6451,66.35885,221644.60933786526,0.010446470727232704,0.018680152002436667
ASM,1935-08-18,13.69582915012,10.32783,65.61246,208738.2358491055,-0.062478216479722515,-0.054771929098337835
KOT,1837-01-13,0.06210750935999999,8.46607,3.25335,19090.325160219465,0,0
KOT,1838-01-19,0.0687188814,9.24038,3.32605,20660.80828610514,0.08752851583948118,0.06895324057316232
KOT,1839-01-25,0.06769486308,9.22794,3.40979,19853.088630091588,0.04543754899599395,0.026913168274547372
KOT,1840-01-31,0.0675683528,9.21616,3.48843,19369.272939402537,0.003570337044708216,-0.0140441178827454
KOT,1841-02-06,0.07034470404,9.22196,3.5679100000000004,19715.94127654565,0.042024201119220006,0.02392579923950433
KOT,1842-02-12,0.17081980188,8.33625,3.6534,46756.391821317135,1.4236503282785633,1.3816409436420787
KOT,1843-02-18,0.17102708064,8.33506,3.721,45962.66612201021,0.0007458935169231129,-0.013375318810099568
KOT,1844-02-24,0.20165906436,8.33404,3.7900299999999993,53207.77523133063,0.08051887936555491,0.06537623950870075
KOT,1845-03-02,0.21563304047999998,8.55389,3.86342,55814.03018051363,-0.02707315130666732,-0.04065890652389481
KOT,1846-03-08,0.2225841254,8.52697,3.9350700000000005,56564.20988699057,0.02956256443196459,0.014962696470520509
KOT,1847-03-14,0.23171411588,8.55765,4.01292,57742.022238170706,0.011103738069919489,-0.0030330098268770422
KOT,1848-03-20,0.23633084124,8.58707,4.09424,57722.762036421904,-0.02129183225267217,-0.03589784402566054
KOT,1849-03-26,0.26763876464,9.32157,4.2321,63240.17973110276,0.12966643425096258,0.0994108295955487
KOT,1850-04-01,0.28857566816,9.30571,4.34634,66395.09752113273,0.08319908056573899,0.062237220910422275
KOT,1851-04-07,0.29277691872,9.35698,4.47492,65426.179399855195,0.015786283695410575,-0.0064202684676772925
KOT,1852-04-13,0.29750041724,9.27282,4.58334,64909.0875300545,-0.01563012252747309,-0.03424517141933181
KOT,1853-04-19,0.36038884232,8.52224,4.7840300000000004,75331.64347213542,0.1935032372166936,0.15116938039464456
KOT,1854-04-25,0.35322034176,8.61097,4.86847,72552.63804850394,-0.0016521727867481184,-0.015098874208418267
KOT,1855-05-01,0.32216631876,8.74545,4.97791,64719.193147324884,-0.02896032169713536,-0.044069111509149494
KOT,1856-05-07,0.3360540534,8.41069,5.05847,66433.93227596486,-0.12357672327096203,-0.13432077658758335
KOT,1857-05-13,0.36632053744,8.19448,5.1096,71692.60557382181,-0.04275291186300201,-0.049409317108378814
KOT,1858-05-19,0.69755110152,8.91979,5.186899999999999,134483.23690836533,0.770707560603483,0.7517146603305258
KOT,1859-05-25,0.8507739557199999,9.47519,5.28996,160828.05082080016,0.11939698969558576,0.10156958239216163
KOT,1860-05-31,0.5968225094,9.43795,5.38391,110852.9877728268,-0.15820014503995827,-0.16963733099327027
KOT,1861-06-06,0.82965257232,9.22178,5.581460000000001,148644.36407678277,0.08825316305466724,0.05786218684001132
KOT,1862-06-12,0.7965916082800001,9.03913,5.72014,139260.8586992626,-0.13962847579351434,-0.15617615016565
KOT,1863-06-18,0.8384633088,9.00442,5.81122,144283.52545592838,0.10219060375067457,0.08998163360680667
KOT,1864-06-24,0.8559293927599999,8.7511,5.90823,144870.69609003034,-0.013097741569514931,-0.02455274187427925
KOT,1865-06-30,0.88816577772,8.75315,5.97372,148678.84295213033,0.006578932417046657,-0.0017686080858487774
KOT,1866-07-06,0.8944879969999999,9.08006,6.07682,147196.7241089912,0.027789457776748128,0.01384291467958243
KOT,1867-07-12,0.90110927348,9.03928,6.149050000000001,146544.47003683494,0.00203320474704638,-0.006991421842092005
KOT,1868-07-18,0.88410365888,8.94163,6.22652,141990.01350353006,-0.023351432151534346,-0.03272368132946979
KOT,1869-07-24,0.9224619897999999,8.86148,6.30647,146272.31871395567,0.044675061873873156,0.035028901307654126
KOT,1870-07-30,0.91731548792,8.93175,6.3803,143773.09655031894,0.031134750959812107,0.021998557191181156
KOT,1871-08-05,0.8980315682,8.77611,6.4559,139102.4594866711,0.010453051596206686,0.0012812858854609477
KOT,1872-08-11,0.9931570558,8.84833,6.53393,151999.9534430274,0.11444300857485268,0.10471643679130871
KOT,1873-08-17,0.96927297324,8.74855,6.636730000000001,146046.76900220438,-0.024092747435524142,-0.03559020035325233
KOT,1874-08-23,1.03997015356,8.79071,6.71387,154898.76234720065,0.04612171996744907,0.03700921247273303
KOT,1875-08-29,1.1354906498,8.7938,6.80046,166972.62388132568,0.0589056288312646,0.04884788347258273
KOT,1876-09-04,1.04757212768,8.72341,6.87871,152291.9453909236,-0.012948473400657412,-0.02175718267993554
KOT,1877-09-10,1.1372716087199999,7.98745,6.94071,163855.22644225156,0.051378742913262165,0.04464010532851681
KOT,1878-09-16,1.1888420663600001,7.9867,6.989059999999999,170100.4235705517,0.02380009775409575,0.018508012768816196
KOT,1879-09-22,1.17436006064,8.31976,7.05879,166368.4655075445,-0.014201700419806285,-0.021743429100955503
KOT,1880-09-28,1.1955226868,8.37519,7.133640000000001,167589.43355706203,0.008528389169118578,0.0006689886511377363
KOT,1881-10-04,1.2977111316,8.5109,7.186309999999999,180581.01189623048,0.09023612401689185,0.08421078339410792
KOT,1882-10-10,1.2693022617599998,8.24779,7.2333099999999995,175480.14142349767,-0.05896095231348342,-0.06367859159062228
KOT,1883-10-16,1.33402119032,8.57481,7.30309,182665.30883776594,0.03511759601984599,0.02788229276154741
KOT,1884-10-22,1.22164707444,8.11465,7.35388,166122.7915658129,-0.036348278464577,-0.04209636806797157
KOT,1885-10-28,1.4525794426,8.55612,7.38639,196656.20724061417,0.14713168507384577,0.14316138590058092
KOT,1886-11-03,1.43879753992,8.92658,7.44527,193249.8807860561,-0.0014619694621395007,-0.007707689742426305
KOT,1887-11-09,1.49046587976,8.9207,7.50797,198517.82569189806,0.016748288100560504,0.010173263587580417
KOT,1888-11-15,1.4241303965199998,8.65957,7.581759999999999,187836.38581543072,-0.03126364585300767,-0.03814034759526219
KOT,1889-11-21,1.42146660188,8.68369,7.64441,185948.50379296768,0.021554107976551995,0.014984964043223803
KOT,1890-11-27,1.3970649898399998,9.43157,7.67673,181986.99053372984,-0.015002263599289911,-0.017774889422552342
KOT,1891-12-03,1.41485069232,9.70439,7.72268,183207.21463533383,-0.003508925518207806,-0.007960385525599634
KOT,1892-12-09,1.47598536124,9.68833,7.705120000000001,191559.03623045454,0.05661002603629828,0.05368496727036853
KOT,1893-12-15,1.45271266348,9.72404,7.4375800000000005,195320.61012856333,-0.029811364512079996,0.0006579430249071816
KOT,1894-12-21,1.37776466672,9.62109,7.53296,182898.17903188124,-0.037552292909727836,-0.04658421047376671
KOT,1895-12-27,1.41275205396,9.64326,7.59776,185943.23247378174,0.018969219650697644,0.012587877197010489
KOT,1897-01-02,1.43121468308,10.44711,7.68033,186348.07138234947,0.02938626009598666,0.021291464200315247
KOT,1898-01-08,1.45508760852,10.65132,7.770470000000001,187258.6353875634,0.004138715454941044,-0.004710450700813329
KOT,1899-01-14,1.55453428416,10.76515,7.85768,197836.2931755938,0.07394348857432309,0.06479126419674563
KOT,1900-01-20,1.5293119296,10.86123,7.93625,192699.56586549061,-0.019722240346662034,-0.026444928668635126
KOT,1901-01-26,1.50794518212,10.94151,8.02332,187945.2872526585,-0.03686422547133439,-0.0448566383892649
KOT,1902-02-01,1.5569541197599999,10.70654,8.11245,191921.56743770375,0.021359453722985533,0.012641622601527791
KOT,1903-02-07,1.5303234414,10.6713,8.10937,188710.5214585103,-0.05433563760567728,-0.054006782876134474
KOT,1904-02-13,1.5159517464,10.90746,8.07127,187820.72045663197,-0.03650582803433944,-0.032804670297838845
KOT,1905-02-19,1.3765443276,11.01985,8.04552,171094.51317006233,-0.10895006726420886,-0.106378824157223
KOT,1906-02-25,1.47817229144,11.20184,8.15088,181351.2518206623,0.07096125077106219,0.06066993688617828
KOT,1907-03-03,1.44183619996,10.91896,8.24686,174834.56733350633,0.014944889284272511,0.005812727503315518
KOT,1908-03-09,1.56146042468,10.37285,8.34619,187086.61373393127,0.01970296141492489,0.0107646173614937
KOT,1909-03-15,1.69688896156,10.40756,8.4392,201072.25347900274,0.07450816960069928,0.0652732670236551
KOT,1910-03-21,1.5114332766,10.51117,8.5315,177159.14863740257,-0.10933046707437821,-0.11671857371135796
KOT,1911-03-27,1.59782267268,10.62822,8.62561,185241.7014773448,0.03710896679416287,0.02850512368500313
KOT,1912-04-02,1.7494961608800002,11.58537,8.72126,200601.3077101245,0.05798594269069568,0.049221326076103855
KOT,1913-04-08,1.7730874813600002,11.65427,8.83143,200770.1449663305,0.026074635473956054,0.016307106136240535
KOT,1914-04-14,1.79186545668,11.61574,8.95085,200189.41851109112,0.003980875801489203,-0.0062288141846503775
KOT,1915-04-20,1.8809245405600001,11.83352,9.07278,207315.1272884386,0.0036892090653717347,-0.0066138140526743605
KOT,1916-04-26,1.95129793196,11.95086,9.20445,211995.06021109354,0.03252469152550597,0.021425851998496004
KOT,1917-05-02,2.0116828997200003,12.08202,9.32104,215821.72158042452,0.03039666739902236,0.020522974922147608
KOT,1918-05-08,1.9109370722,12.37861,9.44298,202365.89214421718,-0.026236195806265683,-0.035872438495748504
KOT,1919-05-14,1.9061492372000002,12.11993,9.55209,199553.10693261895,0.014471460538158176,0.006131813859117763
KOT,1920-05-20,1.92044133216,12.06668,9.65199,198968.4336763714,-0.005332811329636478,-0.013218439303538498
KOT,1921-05-26,1.88300253596,11.94854,9.75044,193119.7500789708,0.006345551334450361,-0.0014521687098806302
KOT,1922-06-01,1.74185641344,11.94892,9.84943,176848.44843204124,-0.0786808837333326,-0.0856154766899907
KOT,1923-06-07,1.7567090788,11.51453,6.625759999999999,265133.2192533385,0.02672092825724981,0.08640229777794861
KOT,1924-06-13,1.50068106448,9.99653,9.91116,151413.26186642126,0.23083253563897888,-0.17649860693813224
KOT,1925-06-19,1.5736474676,10.26588,9.83651,159980.26409773386,0.06563605897160896,0.07409738598117577
KOT,1926-06-25,1.47873458408,10.21233,9.85632,150029.07617447485,-0.06075490380193438,-0.062093519091407146
KOT,1927-07-01,1.51414575676,10.38454,9.87774,153288.68311577346,0.016894543628987346,0.015538314927188601
KOT,1928-07-07,1.60298060104,10.14864,9.8955,161990.8646394826,0.04683268792392137,0.0449884696203533
KOT,1929-07-13,1.3457783476799998,8.00471,9.80318,137279.7753055641,-0.19607401311384764,-0.1896898547424668
KOT,1930-07-19,1.4517530970799999,8.53253,9.74288,149006.56654705797,0.038216539176890496,0.042829476181361015
KOT,1931-07-25,1.4318020194399999,8.83491,9.24532,154867.76222348172,-0.10987349147669212,-0.06450829654136558
KOT,1932-07-31,0.717614131,8.24903,6.14403,116798.6046617611,-0.446035716114643,-0.16739066963403149
KOT,1933-08-06,1.27892234184,9.44189,9.06522,141080.1218106124,0.699103871763864,0.3422720070570875
KOT,1934-08-12,1.30635706188,9.75347,9.06129,144168.99380551776,-0.006642572652341472,-0.006177148503917151
KOT,1935-08-18,1.3158420610400001,10.06623,9.02856,145742.18491542395,0.016068284998180804,0.019238669337554137
ASH,1914-01-06,2.1620045163599997,9.99984,33.34096,64845.29888641478,0,0
ASH,1915-01-12,2.31437989016,10.15976,33.83527,68401.40155996982,-0.011632289745108104,-0.022255252916285828
ASH,1916-01-18,2.80138117636,9.84446,34.3019,81668.39668823009,0.13374200933036917,0.12192027566069852
ASH,1917-01-24,2.91197395892,10.35771,34.74255,83815.78090612232,0.04373801295490187,0.03350731985445754
ASH,1918-01-30,2.7264412089200003,10.55665,35.24923,77347.53947589778,-0.008110996144341631,-0.018616414015671823
ASH,1919-02-05,3.0884678317999996,11.02208,35.76801,86347.20891097939,-0.0008168255428750992,-0.011839424297927392
ASH,1920-02-11,3.03794209004,10.60069,36.26453,83771.72101885782,0.09963600879204249,0.08808139645922552
ASH,1921-02-17,3.5801538333600003,10.73214,36.79838,97291.07187218567,0.13390670649711622,0.12166355610716684
ASH,1922-02-23,3.7827715411200002,11.23961,37.32778,101339.31193122121,-0.05578967737639651,-0.06608288752241698
ASH,1923-03-01,3.17228634216,11.29767,37.8019,83918.7009689989,-0.14301377736942122,-0.15072207537976123
ASH,1924-03-07,3.15148057692,11.44467,38.23434,82425.39499622589,0.0009117299697127823,-0.007559488864505637
ASH,1925-03-13,3.22755794088,11.43018,38.7237,83348.38718614182,0.018844303018026087,0.009007962930676516
ASH,1926-03-19,3.43933095532,10.99492,39.23352,87663.07370126362,0.06149324956019142,0.05125453684016357
ASH,1927-03-25,3.7527960158,10.98245,39.72791,94462.45764753294,0.05207364872235343,0.04213197248560685
ASH,1928-03-31,6.21282984556,11.39408,40.22551,154449.99567587834,0.4614473212492731,0.44777561743130945
ASH,1929-04-06,7.581661957480001,11.23678,40.73795,186108.08736031147,0.14987427623400773,0.1389072911888387
ASH,1930-04-12,8.39003825764,11.24888,41.18834,203699.35417742014,0.10993647137551532,0.10072055501759536
ASH,1931-04-18,8.866510465800001,11.58732,41.62947,212986.3883878416,0.008459967064555762,-0.000014442311826678988
ASH,1932-04-24,10.07146575448,11.88235,41.87533,240510.71966429878,0.1340171852249159,0.12882882080401892
ASH,1933-04-30,10.7202992806,12.18233,42.43663,252619.00581172443,0.07099603387737385,0.06027807665444751
ASH,1934-05-06,11.0675278792,12.92383,43.03581,257170.20033316442,0.0535264825659878,0.042418015063536485
ASH,1935-05-12,11.936975907479999,13.50617,43.756130000000006,272806.9394500839,-0.0014225199996592552,-0.014001036567529268
HAU,1837-01-13,0.16044917772,4.68451,3.9819,40294.62761998041,0,0
HAU,1838-01-19,0.14623885847999998,5.39508,3.9611799999999997,36918.00384733842,-0.040902825791289454,-0.03712673502028674
HAU,1839-01-25,0.14702284896,5.51226,3.94717,37247.66071894547,0.014140269005336492,0.016881983341768825
HAU,1840-01-31,0.140524761,5.91382,3.9311999999999996,35746.02182539683,-0.07365725669033296,-0.07058318029962163
HAU,1841-02-06,0.14165755448,5.27243,3.9162699999999995,36171.549581617204,0.003658942332648074,0.006663149491070053
HAU,1842-02-12,0.21923380596,4.41931,3.89411,56298.82205690132,0.4559564793105897,0.46198908962974716
HAU,1843-02-18,0.14759892836,5.11537,3.8733999999999997,38105.78002788248,-0.10675945342279058,-0.1031525048639873
HAU,1844-02-24,0.14532555648,5.15196,3.8569,37679.36852912961,-0.01142368607418598,-0.008004857131642673
HAU,1845-03-02,0.14956795828,4.75907,3.82357,39117.35845819482,0.02708764258089258,0.03389643580904789
HAU,1846-03-08,0.14222029172,5.42038,3.79843,37441.86195875664,-0.03807952362290834,-0.03321786504136559
HAU,1847-03-14,0.14521797056,5.98045,3.76993,38520.07081298591,-0.09696179863361853,-0.09140182135286956
HAU,1848-03-20,0.14397011824,5.99668,3.73966,38498.1838562864,-0.004847798561972927,0.001129466034931692
HAU,1849-03-26,0.14436145983999998,6.05477,3.71122,38898.65322993517,-0.005057373914365337,0.0007447377639944186
HAU,1850-04-01,0.14455517492,6.14741,3.68345,39244.505808413305,-0.00103409658098097,0.0044729218203163335
HAU,1851-04-07,0.22393538699999999,5.70108,3.65744,61227.35766000263,0.428566263816728,0.43618734266491366
HAU,1852-04-13,0.13964334072,6.4322,3.6270800000000003,38500.2097334495,-0.38056467385671766,-0.37655061097050746
HAU,1853-04-19,0.14150508476,6.16803,3.38446,41810.23996738032,0.007123883437523126,0.07642898328907344
HAU,1854-04-25,0.13995195084,6.37416,3.57199,39180.38707835128,-0.0194032638385202,-0.028401718587260705
HAU,1855-05-01,0.14671399912,6.39712,3.55385,41283.115246844965,0.018755340577149004,0.022789270711491838
HAU,1856-05-07,0.1479483512,6.68755,3.5402600000000004,41790.25020761187,-0.05777195409867175,-0.055253196939962335
HAU,1857-05-13,0.13438108528,5.93432,3.54355,37922.72869862144,0.28343939417691066,0.28211875482607596
HAU,1858-05-19,0.14260644996,6.01536,3.54677,40207.41405842499,0.01646298674551039,0.01595380747220254
HAU,1859-05-25,0.13669066892,6.00751,3.54603,38547.521854017024,-0.012108924381895148,-0.011982444977642892
HAU,1860-05-31,0.13892688316,6.42149,3.5479100000000003,39157.38650642209,0.028372655452497453,0.027972745175341762
HAU,1861-06-06,0.13925791880000002,6.47203,3.5515399999999997,39210.57310349877,0.0005241024716031717,-0.00020784303971632667
HAU,1862-06-12,0.13853701368000002,6.25908,3.5552400000000004,38966.99341816586,0.023058169971895248,0.022162891928407813
HAU,1863-06-18,0.2119504582,5.80794,3.5564,59596.912102125745,0.48357622155417634,0.4830715971615851
HAU,1864-06-24,0.2108466802,5.47229,3.54245,59520.01586472639,0.14902070223170139,0.1522015860083321
HAU,1865-06-30,0.12483671616,7.24519,3.54427,35222.12364182187,-0.40855321029613123,-0.4088885308883502
HAU,1866-07-06,0.12525790264,7.22697,3.5570000000000004,35214.47923531065,0.0027691447705129324,0.0002439016419968354
HAU,1867-07-12,0.12585987388,7.24619,3.5688600000000004,35266.12808571925,0.0035642653259904122,0.0009689317901611094
HAU,1868-07-18,0.1246955788,7.1825,3.58008,34830.388929856315,-0.009456987227255076,-0.011899035213716713
HAU,1869-07-24,0.12553009403999998,7.1899,3.5929200000000003,34938.182325239635,0.00512530658207444,0.0025869569577354756
HAU,1870-07-30,0.12609232896,7.21585,3.60479,34979.10529046075,0.0077087433828235685,0.005073520442339108
HAU,1871-08-05,0.12283548420000001,7.12775,3.61735,33957.31245248594,-0.028208792913830272,-0.030764834019862186
HAU,1872-08-11,0.20609589728,6.00189,3.62693,56823.78686106431,0.6410468100915265,0.6372129006301899
HAU,1873-08-17,0.12195691196,7.04167,3.6357500000000003,33543.81130715808,-0.2278259490613529,-0.22949663331440728
HAU,1874-08-23,0.1854769202,6.99562,3.64543,50879.298244651516,0.15312320215497133,0.15092070091522558
HAU,1875-08-29,0.20286933316,5.86094,3.63769,55768.7249765648,0.03873987843733784,0.04050741229857224
HAU,1876-09-04,0.12046425143999999,7.06693,3.64158,33080.215576755145,-0.4042115398942817,-0.40478268026611874
HAU,1877-09-10,0.1194069864,6.95443,3.65346,32683.260908837103,-0.00033225103272116474,-0.0026460598623559983
HAU,1878-09-16,0.1236355484,7.02316,3.66155,33765.90471248515,0.030952823360897996,0.029158291863963903
HAU,1879-09-22,0.12116483236,6.57903,3.6666100000000004,33045.46498264064,0.27501784350555725,0.2733544900985634
HAU,1880-09-28,0.12417666248,7.06291,3.67635,33777.160085410804,0.008491919165763528,0.006544591825851542
HAU,1881-10-04,0.1384875596,6.21356,3.68317,37600.099805330734,0.10364389928318052,0.1017304702464088
HAU,1882-10-10,0.12245384892000001,6.96497,3.68581,33223.04972855356,-0.0997080843222804,-0.10035246614369198
HAU,1883-10-16,0.12284789556,6.98281,3.69056,33287.060923003555,0.21215126236468773,0.21089355766751372
HAU,1884-10-22,0.13631224048,5.78735,3.68179,37023.36104992409,0.10204223155973824,0.10418517219670154
HAU,1885-10-28,0.11922420328,6.51188,3.66902,32494.836027058995,-0.031707519304538634,-0.02881898863275656
HAU,1886-11-03,0.12246545428000001,7.16236,3.6823199999999994,33257.68925025528,0.11242889510012977,0.10925487910126774
HAU,1887-11-09,0.12531528724000002,6.95053,3.6889699999999994,33970.2646646625,-0.040791698715988645,-0.04195727884323752
HAU,1888-11-15,0.13481389168,6.52406,3.69324,36502.878686465,0.06445991827355813,0.06372448457390423
HAU,1889-11-21,0.12228821436,6.98176,3.7014200000000006,33038.18922467593,-0.07781801433108637,-0.07950738978501515
HAU,1890-11-27,0.12888930288,7.24813,3.7129799999999995,34713.169174086586,0.008504592342548634,0.006070965098712522
HAU,1891-12-03,0.1884906478,6.82093,3.726,50587.93553408481,0.23696567754898012,0.2336285831376086
HAU,1892-12-09,0.13747261632,7.06219,3.73508,36805.802371033555,-0.15785479101885824,-0.1595868216481633
HAU,1893-12-15,0.13785939596,6.98502,3.7483999999999997,36778.197620318,-0.004831828845617836,-0.007521850404830999
HAU,1894-12-21,0.13999243232,7.00399,3.7595700000000005,37236.28827764877,0.0020096483529032927,-0.00021459449251370888
HAU,1895-12-27,0.13787960108,6.35928,3.7699000000000003,36573.80861030796,0.0024903369039150913,0.00032418761613128844
HAU,1897-01-02,0.14086918403999998,6.52293,3.7735899999999996,37330.283374717445,-0.020901667739238516,-0.021469594536335235
HAU,1898-01-08,0.14076792392,6.56637,3.76565,37382.10506021537,-0.0066281388338861325,-0.005066967088869112
HAU,1899-01-14,0.14072405256,7.57561,3.75954,37431.18907100337,0.0017819020845868394,0.0030195792974456737
HAU,1900-01-20,0.14504406488,7.76679,3.76179,38557.19348501644,-0.0034918454533232612,-0.0038552971541641057
HAU,1901-01-26,0.14172075372,7.61015,3.7646600000000006,37645.03400572694,-0.02286207606636892,-0.02341569113778763
HAU,1902-02-01,0.14420651439999999,7.61695,3.76729,38278.58073044549,0.01256168563480653,0.012094908135416249
HAU,1903-02-07,0.14352984048,7.50966,3.7687799999999996,38083.899957015274,0.0052513039971269215,0.004957750985009168
HAU,1904-02-13,0.14541126131999998,7.48192,3.7701000000000002,38569.603278427625,0.013970377395328581,0.0136330752707432
HAU,1905-02-19,0.14715731992,7.35618,3.77202,39012.86841533184,0.01668187831579404,0.01643861383649825
HAU,1906-02-25,0.14210040884,7.54629,3.77233,37669.13521351525,-0.04579776584231443,-0.04595519933171177
HAU,1907-03-03,0.148726734,8.83334,3.7770599999999996,39376.32285428349,-0.11775159132069757,-0.11832608160918523
HAU,1908-03-09,0.14884438243999998,8.72865,3.8105,39061.64084503346,-0.010185492391194484,-0.01667351900790759
HAU,1909-03-15,0.14387021583999998,8.17547,3.83833,37482.5030260556,-0.02084175864088078,-0.026299423716011905
HAU,1910-03-21,0.1416316876,7.99995,3.86277,36665.83503547972,-0.02629658311094707,-0.031041053218707426
HAU,1911-03-27,0.14611395551999998,8.13341,3.88952,37566.06355540015,0.00032523754004953886,-0.004604587313696729
HAU,1912-04-02,0.14756501344,8.20371,3.91437,37698.27927354849,0.014100254738550477,0.009057522771325655
HAU,1913-04-08,0.14574972412,8.12381,3.93465,37042.61474845285,0.09281714533616903,0.08863571669833203
HAU,1914-04-14,0.14909751688,8.39336,3.95828,37667.24862313935,-0.06418833450354378,-0.06825731763022014
HAU,1915-04-20,0.14885051116,8.19408,3.98013,37398.404363676564,0.018721770904224666,0.014333198041576845
HAU,1916-04-26,0.14936450828,8.02371,4.00268,37316.12526607174,0.016357607680785202,0.012251021881704682
HAU,1917-05-02,0.14600560572,7.86409,4.0207,36313.47917526799,-0.0211347686566562,-0.024566017688177677
HAU,1918-05-08,0.14672541,7.84145,4.03807,36335.529101773864,0.003673048149633429,0.00033583786289326234
HAU,1919-05-14,0.1474251792,7.81204,4.06079,36304.55630554646,0.003243819404570969,-0.0008103954121713164
HAU,1920-05-20,0.14825458544,7.75968,4.07739,36360.1680094374,0.00490846594032579,0.0016858274295661335
HAU,1921-05-26,0.14788114952,7.66358,4.08745,36179.31706075916,-0.0032071476232738982,-0.0050650462878892855
HAU,1922-06-01,0.15180216948,7.50185,4.09251,37092.68138135277,0.014612335586564607,0.013764709110122064
HAU,1923-06-07,1.75107431928,13.0904,4.13666,423306.31941711425,5.373415027277889,5.318951126559486
HAU,1924-06-13,2.01974076564,16.65345,4.20625,480176.1107019317,0.037445776409569476,0.024544489094828092
HAU,1925-06-19,1.99606694196,17.81931,4.27645,466757.9281787464,0.04580575112355545,0.033021095160640224
HAU,1926-06-25,2.04326070208,15.94488,4.34505,470250.2162414702,0.01804656598986476,0.005655713274252738
HAU,1927-07-01,2.12902778764,16.04405,4.41483,482244.56833898474,0.021717784498173298,0.009667862877856814
HAU,1928-07-07,1.8407703818399999,15.89808,4.48594,410342.176186039,-0.11413283558929788,-0.12474346219951593
HAU,1929-07-13,0.94250703144,14.89737,4.55912,206730.033743354,-0.38232012124205816,-0.38983695757894743
HAU,1930-07-19,0.70086405636,12.30603,4.62485,151543.08925911112,-0.3028176382400025,-0.3213973800185822
HAU,1931-07-25,1.61968987856,13.82325,4.59434,352540.2731534889,1.3160056282081443,1.3221877065883305
HAU,1932-07-31,1.54163367436,13.84515,4.6417,332126.952271797,-0.03592041154248038,-0.04605785226997261
HAU,1933-08-06,1.4658394160800001,13.43308,4.71736,310732.9981345498,0.08195497921824813,0.06904075509061891
HAU,1934-08-12,1.51187894936,13.44759,4.7908,315579.64209735324,0.008819002058970016,-0.003083917618408649
HAU,1935-08-18,1.5396440202,13.5654,4.86676,316359.1424685006,0.0033434825532865364,-0.008388771752331436
TRI,1857-04-29,0.3441793628,6.68234,7.83704984909906,43916.95464838297,-0.07660831574149074,-0.07318344331077387
TRI,1858-05-12,0.35731246096,7.10813,7.99379,44698.755028590946,-0.010105002221792558,-0.019144613795508802
TRI,1859-05-11,0.36766394184,7.1256,8.07326,45540.951466941486,-0.030914714897851137,-0.03964465709147158
TRI,1860-05-24,0.31688188376,6.82515,8.07326,39250.796302856594,-0.09487525272949537,-0.09150476164489063
TRI,1861-06-06,0.32369732408,6.77779,8.2132,39411.83997467491,0.010418317823658096,0.0013560061469164442
TRI,1862-05-29,0.28905015879999996,6.68733,8.3269,34712.81735099496,-0.1103156925488501,-0.12271140618704512
TRI,1863-06-04,0.34008856232,7.05494,8.3269,40842.1576240858,0.12078701196017172,0.1190587419296516
TRI,1864-06-17,0.4008396418,7.26619,8.45973,47382.084510971385,0.15864159320529136,0.15637810977584898
TRI,1865-06-16,0.32985390256,7.09792,8.60693,38324.222755384326,-0.17166284331188109,-0.1805684122106168
TRI,1866-06-29,0.39441956215999996,7.12701,8.69269,45373.7062014175,0.1243410964591738,0.11411582636213757
TRI,1867-07-12,0.45727512688,7.0961,8.69269,52604.55933433724,0.11673789002513102,0.11677751941668868
TRI,1868-07-04,0.46091455488,7.11139,8.79663,52396.71952554557,0.12313409854958435,0.107745888511807
TRI,1869-07-10,0.47444686067999997,7.09626,8.88399,53404.7044942644,0.01928242697502136,0.00935271629168799
TRI,1870-07-23,0.517488946,7.37187,9.048303715731594,57191.81873838756,0.024114404794213895,0.023609321916461923
TRI,1871-07-22,0.57690017996,6.9256,9.00974,64030.72452257223,0.14490763759235237,0.1370823730980777
TRI,1872-08-04,0.5467769413600001,6.89209,8.934358126357388,61199.353510012654,-0.0003119894790690747,-0.009220711885872701
TRI,1873-08-17,0.64816102468,6.93076,9.26096,69988.53517129974,0.13662441430186423,0.14201081215031564
TRI,1874-08-09,0.6383375154,7.08901,9.260960000000003,68927.79100654791,-0.02689985828689123,-0.02623217523333643
TRI,1875-08-15,0.63542764532,6.98562,9.35937,67892.13860761996,-0.014485040910699243,-0.02703313327512591
TRI,1876-08-28,0.64675631124,6.99516,9.350068052938033,69171.29453798707,0.48517289370294137,0.4462985925536911
TRI,1877-08-27,0.70737296448,7.15162,9.57831,73851.54212799543,0.07731811377158593,0.06217444531641059
TRI,1878-09-09,0.5974373407600001,7.17108,9.57831,62373.9825459815,-0.1188640034981624,-0.11676405117897848
TRI,1879-09-22,0.65916997172,7.10674,9.57831,68819.02670930467,0.048923705935383976,0.052988223615131336
TRI,1880-09-14,0.5544212008399999,6.96652,9.57831,57882.98779638579,-0.02952776941975266,-0.02812134886422968
TRI,1881-09-20,0.57396469052,7.03407,9.57831,59923.37797795227,0.0004063121198671915,0.000219918389950724
TRI,1882-10-03,0.64792602524,7.17477,9.57831,67645.13001145296,0.0860340189712887,0.08462104343485821
TRI,1883-10-02,0.68234188984,7.2554,10.041298832420138,67953.54876173355,0.014256594963052427,0.013905634142418188
TRI,1884-10-15,0.77197339752,7.10365,9.57831,80595.99214475205,0.02776043506181236,0.017490399100315024
TRI,1885-10-28,0.76554561148,7.19185,10.3268,74131.92968586589,-0.011788420139312805,-0.0914688630705831
TRI,1886-10-20,0.75533717792,7.41981,10.3268,73143.39174962234,-0.0013128743478106886,-0.0006100760479176293
TRI,1887-10-26,0.77388491596,7.21076,10.423148590651238,74246.75079986054,0.002623807466880068,0.0043232175294365405
TRI,1888-11-08,0.72945020564,7.17483,10.3268,70636.61595460355,-0.06776124832131458,-0.0679762167094583
LAH,1837-01-13,0.11408658767999999,8.32751,0.75061,151991.83021808928,0,0
LAH,1838-01-19,0.15646137831999998,9.21211,0.76353,204918.44239257133,0.17638331432072207,0.15413568577427528
LAH,1839-01-25,0.15779656256,9.24957,0.8194700000000001,192559.29144447017,0.07716252991396177,0.01845751611098656
LAH,1840-01-31,0.19099562404,9.03485,0.89764,212775.30417539325,0.14206673975937023,0.08171463999264406
LAH,1841-02-06,0.19311402864,8.90549,0.93379,206806.70026451343,0.03543780827513454,-0.0019737573459474023
LAH,1842-02-12,0.19322381312,8.97998,0.93716,206180.17533825603,0.0012481168448534863,-0.0014586578602050482
LAH,1843-02-18,0.19116250088,7.8123,0.9365,204124.4002989856,-0.009444436335799944,-0.008967244287280018
LAH,1844-02-24,0.17361306404,7.25059,0.93656,185373.13577346888,-0.08669556212957863,-0.08877753029654756
LAH,1845-03-02,0.18742338784,7.23875,0.92897,201753.9725071854,0.08218982003952724,0.08864961574704622
LAH,1846-03-08,0.18749243916,7.21049,0.93144,201293.09366142747,0.0023598039524483916,0.0047640605904271105
LAH,1847-03-14,0.17191934968000003,7.7105,0.9231,186241.30612068032,-0.06753141587974254,-0.060974801515771726
LAH,1848-03-20,0.171023268,7.59812,0.91624,186657.71850170262,-0.0016933169075397103,0.003964313471731762
LAH,1849-03-26,0.17095160992,7.57559,0.90693,188494.82310652419,-0.0006311657977492446,0.007215778747360346
LAH,1850-04-01,0.17116545264,7.34725,0.9070500000000001,188705.64207044814,0.00150064484287471,0.004121260304144725
LAH,1851-04-07,0.17146513384,7.45462,0.89763,191019.83427470113,0.00161309581339375,0.009471884349931514
LAH,1852-04-13,0.17147412828,6.85933,0.88788,193127.59413434248,0.0006345206874627252,0.0090259535566104
LAH,1853-04-19,0.17013558536,6.81135,0.88789,191617.86410478776,-0.00371799149351304,-0.006512932239532865
LAH,1854-04-25,0.17040560888,6.81227,0.88718,192075.57528348253,0.0009356624478700226,0.00310611936402716
LAH,1855-05-01,0.15668300076,7.06536,0.8761999999999999,178821.0462908012,-0.08083843240801669,-0.0720719223671148
LAH,1856-05-07,0.15672004036,7.09459,0.8646,181263.05847790887,0.0006331410069218002,0.010939537390673104
LAH,1857-05-13,0.15683994092,7.77663,0.8548,183481.44702854467,0.0005716251306280284,0.0088642551832121
LAH,1858-05-19,0.15691146432,7.73252,0.8581100000000002,182857.05133374507,0.0002227865197104162,0.0001680222471471815
LAH,1859-05-25,0.15890629767999997,8.48237,0.85544,185759.7232769101,0.011006100146066844,0.013279393635360126
LAH,1860-05-31,0.15900133444,6.89928,0.85145,186741.83385988607,0.0002472857722148891,0.004018310245966994
LAH,1861-06-06,0.11216328032,8.96044,0.8514100000000001,131738.26983474471,-0.2713435868037004,-0.2713034158358495
LAH,1862-06-12,0.11687013884,8.72348,0.85776,136250.39502891252,0.012591760911282446,0.007203973194529034
LAH,1863-06-18,0.11043572435999999,8.73314,0.86184,128139.47410192146,-0.004006249296611086,-0.007536776277915158
LAH,1864-06-24,0.08386194752000001,9.65769,0.87013,96378.64172020274,-0.24698476046323237,-0.25244450890181025
LAH,1865-06-30,0.08466672448000001,11.04439,0.8838100000000001,95797.42759190324,0.04491800253268674,0.032293213510057095
LAH,1866-07-06,0.07367547824,8.86765,0.8931199999999999,82492.24991042637,0.20840264087809768,0.19793959708980302
LAH,1867-07-12,0.07248795424000001,8.84953,0.90084,80467.06878024955,-0.013354034948395932,-0.019572961470629813
LAH,1868-07-18,0.10009184016,8.30197,0.90493,110607.2736675765,0.3765283730331086,0.3716199805743816
LAH,1869-07-24,0.11926661292,8.32686,0.89455,133325.82071432564,0.0016750240584082476,0.0101134532352114
LAH,1870-07-30,0.09004835684,9.81905,0.89612,100486.94018658214,-0.2540788401533828,-0.254630881825046
LAH,1871-08-05,0.11526317036,8.67049,0.89847,128288.27936380736,0.1888045206393223,0.18623303183834072
LAH,1872-08-11,0.10377502668,8.42295,0.89552,115882.42214579238,-0.13256272614767317,-0.13032310276004955
LAH,1873-08-17,0.11189719996,8.81527,0.88237,126814.37487675238,0.35050242344572036,0.36531477876748153
LAH,1874-08-23,0.08158682428,7.95722,0.8809800000000001,92609.16738177938,0.02941840189118028,0.030825838241657744
LAH,1875-08-29,0.08499924056000001,6.94831,0.87532,97106.47598592515,0.033968060864655536,0.03926310715857628
LAH,1876-09-04,0.12287764112,7.69365,0.8739,140608.354640119,0.5662633795168446,0.5672641014573698
LAH,1877-09-10,0.10740993484,7.59652,0.86807,123734.18599882498,-0.17054871278700667,-0.057861761288405256
LAH,1878-09-16,0.15964998296,7.72476,0.8704300000000001,183415.0741127948,0.14325836925460567,0.1401554491458208
LAH,1879-09-22,0.13327464436,7.8328,0.89709,148563.29282457725,-0.09066226082325424,-0.09731447878430144
LAH,1880-09-28,0.11463791663999999,7.71832,0.96271,119078.34824609695,-0.04883717019745981,-0.09635222169288304
LAH,1881-10-04,0.11693982611999999,8.11192,1.02751,113808.94212221779,0.03633091193192728,0.0024345877088391976
LAH,1882-10-10,0.14112038200000002,7.00624,1.25205,112711.45880755561,0.25526833325543596,0.08110602381880061
LAH,1883-10-16,0.1146249806,6.55772,1.36539,83950.3589450633,-0.1341955784390888,-0.18560170621968486
LAH,1884-10-22,0.13641195724,6.24615,1.39982,97449.64155391406,0.08461528404836138,0.07533260073735981
LAH,1885-10-28,0.14817585848,6.31712,1.39461,106248.95740027678,-0.07769663730539933,-0.07496851677277105
LAH,1886-11-03,0.19081533328,6.92377,1.3903699999999999,137240.6864935233,0.08269559679982463,0.08514559715841119
LAH,1887-11-09,0.25192339432,6.39353,1.38399,182026.88915382334,0.1153397460132386,0.11921086227462485
LAH,1888-11-15,0.31401908252,7.27226,1.38191,227235.55261920096,0.11398813480333203,0.115022946318446
LAH,1889-11-21,0.30990635988,7.12699,1.37745,224985.56018730262,-0.023786841150132854,-0.02162927813873594
LAH,1890-11-27,0.37346553192,9.124,1.37531,271550.0737433742,0.19613983563843074,0.1980282557619386
LAH,1891-12-03,0.34297162692,10.36314,1.38586,247479.27418353944,0.06157175840975926,0.055360867777599854
LAH,1892-12-09,0.381400747,10.8252,1.36641,279126.13856748707,0.04875057606792743,0.06026848748518199
LAH,1893-12-15,0.37525891988,11.04935,1.38059,271810.544680173,-0.017639395786200662,-0.025206132618579846
LAH,1894-12-21,0.37048621012,11.23547,1.30001,284987.20019076776,-0.035039887106562584,0.010692529279646257
LAH,1895-12-27,0.3927856816,11.90634,1.23059,319184.8475934308,0.14982902436441714,0.18597540546926394
LAH,1897-01-02,0.39261848392000004,11.73191,1.20628,325478.7312398448,0.014301555632432184,0.019060892721163514
LAH,1898-01-08,0.41649785788000004,11.68486,1.18958,350121.77228937944,0.1165241311702454,0.11920909389222278
LAH,1899-01-14,0.28613990756,12.64882,1.11662,256255.40251831422,-0.32074877367902055,-0.2810951097168791
LAH,1900-01-20,0.30376022664,12.97069,1.114,272675.24833034107,0.05619918617446973,0.055940015969116574
LAH,1901-01-26,0.17619303832,11.97277,1.12287,156913.12290826187,-0.41310299125498107,-0.41654442104631517
LAH,1902-02-01,0.08855092012,10.8209,1.11539,79390.0968450497,-0.4522931831048055,-0.4499631499989235
LAH,1903-02-07,0.08421469263999999,10.70746,1.12783,74669.66886853514,-0.05380346680456294,-0.061511794537011166
LAH,1904-02-13,0.09852280308,11.61115,1.14416,86109.28810655851,0.10504492703213475,0.09317463647660995
LAH,1905-02-19,0.09455085276,12.21412,1.16123,81423.0193501718,0.061425019518192014,0.04967074491667356
LAH,1906-02-25,0.12448007676,11.48776,1.17963,105524.67872129397,0.09642343375582962,0.08347563332520513
LAH,1907-03-03,0.12411594364,11.439,1.19749,103646.74748014598,-0.07506011050049655,-0.08538954794049203
LAH,1908-03-09,0.11714466400000001,12.41432,1.21697,96259.28658882306,-0.07445039884790372,-0.085859105568174
LAH,1909-03-15,0.10865653187999999,13.09926,1.23803,87765.66955566505,-0.1721149783615008,-0.18249569443859415
LAH,1910-03-21,0.07363215548,12.80854,1.2579,58535.778265362904,-0.18771788502881492,-0.1973915823224458
LAH,1911-03-27,0.1949941812,11.91947,1.88448,103473.73344370861,0.859824511464578,0.3657214986573145
LAH,1912-04-02,0.14295704071999998,12.66281,1.9163,74600.55352502217,-0.17047384089834983,-0.18073188245992777
LAH,1913-04-08,0.15059256108000002,12.75046,1.94883,77273.31839103463,0.045857692072315714,0.03229066860700813
LAH,1914-04-14,0.19342221964,14.15988,1.98367,97507.25656989317,0.22058838301293182,0.2043513182522676
LAH,1915-04-20,0.2057783052,14.71918,2.02142,101798.8865253139,0.0615652201712642,0.0466221615153688
LAH,1916-04-26,0.216935589,15.62568,2.06027,105294.73758293816,0.0282836923706562,0.01363237581831811
LAH,1917-05-02,0.21498210344000002,15.72134,2.10261,102245.35384117835,-0.004900581979765062,-0.019851927547368198
LAH,1918-05-08,0.1937155142,15.82479,2.14462,90326.26488608704,-0.1163951648462177,-0.12966753913241824
LAH,1919-05-14,0.11114646764,15.39656,2.18711,50818.87405754626,-0.42316090711783305,-0.4316590664404154
LAH,1920-05-20,0.13876811156,15.79342,2.23074,62207.20996619955,0.10866928340407056,0.09241062663367772
LAH,1921-05-26,0.18792354204,16.01772,2.27649,82549.68923210732,0.17457686856630716,0.15644411433465466
LAH,1922-06-01,0.05697906448,10.98921,2.32125,24546.715984921917,-0.6797689962284121,-0.6844358671624038
LAH,1923-06-07,0.062258623959999995,9.78528,2.36205,26357.87725069325,-0.030666950509770308,-0.04299610858295533
LAH,1924-06-13,0.07482931976,9.48328,2.39289,31271.52512652065,0.15095323802324723,0.13963609925596532
LAH,1925-06-19,0.07791263792,8.28598,2.41824,32218.73673415376,-0.15836751958773487,-0.16506676452131286
LAH,1926-06-25,0.0661973468,8.27623,2.43917,27139.291972269257,0.056930598149034006,0.050243182017543075
LAH,1927-07-01,0.06448624052,9.33572,2.74408,23500.1313810093,-0.27544611907278715,-0.33721106384706734
LAH,1928-07-07,0.0550670796,8.23403,3.1311799999999996,17586.686041683966,-0.2846789541503111,-0.3540012487596216
LAH,1929-07-13,0.04580135404,8.16384,3.15919,14497.815591971359,-0.051541716744930244,-0.0580249819135239
LAH,1930-07-19,0.04565800876,8.11549,3.18708,14325.968836678087,-0.2956618935841592,-0.3002454512845185
LAH,1931-07-25,0.02756448396,7.19879,3.02679,9106.837263239273,-0.8150293489076113,-0.8063614439346134
LAH,1932-07-31,0.0053003678,6.27856,3.02151,1754.2115697118327,-0.5422588335050931,-0.5421298064110374
LAH,1933-08-06,0.011843702,6.26898,3.02249,3918.5247924724317,-0.04267710599125896,-0.042833774535834035
LAH,1934-08-12,0.024944509719999997,7.40256,3.03688,8213.86084402413,0.7577626681046981,0.7507167539952784
LAH,1935-08-18,0.01413878544,7.78287,3.02092,4680.291249023477,-0.4412133609104084,-0.3831273316997118
OMA,1837-01-13,0.59892903876,10.07481,15.828290000000003,37839.14994986824,-0.04536415275808825,-0.059814684725370326
OMA,1838-01-19,0.6759453771199999,9.90869,16.21303,41691.48993864811,0.12444679788271484,0.1043819308117997
OMA,1839-01-25,0.7124675298,9.86198,16.59559,42931.13591020265,0.04267712394434908,0.02504953096080964
OMA,1840-01-31,0.74497985536,9.86189,16.97242,43893.55527143448,0.04903555465111187,0.031518082547507875
OMA,1841-02-06,0.8029759504,9.8215,17.28602,46452.332601720926,0.04481090915245112,0.030397838919102194
OMA,1842-02-12,0.86851376924,9.23523,17.60521,49332.76963126257,0.06075939294703114,0.046678601967971245
OMA,1843-02-18,0.90893665148,8.61321,17.9264,50703.802853891466,0.06547662658028508,0.0514528384913393
OMA,1844-02-24,0.899799966,9.13956,18.27178,49245.337126432125,0.0062674540779976695,-0.009006639401605732
OMA,1845-03-02,0.9291384632399999,9.12733,18.63163,49868.876917371155,0.012107530559088087,-0.0026637369497973795
OMA,1846-03-08,1.0555436767200002,9.01696,18.99678,55564.34704828924,0.07929385763236829,0.06352111816821449
OMA,1847-03-14,0.9616549618000001,9.05807,19.29439,49841.16946946755,-0.03771117407205116,-0.049623164220213734
OMA,1848-03-20,1.09458580348,9.1869,19.61207,55811.84461813567,0.11015746392287262,0.09707259847935279
OMA,1849-03-26,1.1256272014,9.70646,19.96138,56390.249642058814,0.023951232397255273,0.010410115267984965
OMA,1850-04-01,1.1163362402399999,9.24581,20.2938,55008.73371374508,-0.05054894536363752,-0.06257621896081622
OMA,1851-04-07,0.53630414552,8.72564,6.30685,85035.18325630069,-0.5151468306505205,0.5683806423719606
OMA,1852-04-13,0.58133180976,8.92491,6.44699,90171.04257335592,0.08162747377730195,0.06460671929457895
OMA,1853-04-19,0.54297917388,8.39429,6.57429,82591.30246460074,-0.06614388353714928,-0.07958454072369814
OMA,1854-04-25,0.38334712988,9.01651,6.72066,57040.10169834511,-0.2673637463730355,-0.2790760788145623
OMA,1855-05-01,0.38241218495999996,8.91701,6.8785,55595.28748418987,-0.002465644743297468,-0.0193013956047422
OMA,1856-05-07,0.4207152924,8.92558,7.03675,59788.29607418197,0.051380084690722194,0.032435413434826366
OMA,1857-05-13,0.4905039048,8.7744,7.21116,68020.11116103374,0.1078764953627831,0.08794101512020602
OMA,1858-05-19,0.48475593608,8.72022,7.33129,66121.50604873085,-0.012140207741057951,-0.024941157094314104
OMA,1859-05-25,0.49211210619999995,8.75239,7.45915,65974.28744562047,0.020530901193630324,0.00742167602037358
OMA,1860-05-31,0.52053668472,8.85661,7.59453,68541.00052537814,0.05234777975703575,0.03644510303503856
OMA,1861-06-06,0.5319129405199999,9.01765,7.779379999999999,68374.7214456679,-0.016550864913241092,-0.032833348706877596
OMA,1862-06-12,0.52329658628,9.35175,7.884559999999999,66369.789345252,-0.04556009784305581,-0.05518311858883307
OMA,1863-06-18,0.49664329676,9.46507,8.01399,61972.03849268592,-0.011310827846601201,-0.023922340154850175
OMA,1864-06-24,0.5151943076800001,9.68241,8.34521,61735.33172682294,0.04400842134982086,0.01236728234157125
OMA,1865-06-30,0.47065365932,9.45863,8.52337,55219.198429729084,-0.05235225216905548,-0.06697745229660446
OMA,1866-07-06,0.45836682892,9.44869,8.71339,52604.879262835704,0.011734900824977634,-0.005571942153860809
OMA,1867-07-12,0.52440575148,9.39806,8.86143,59178.45669152721,0.1122455300388463,0.09842803694888969
OMA,1868-07-18,0.5389793687200001,9.53769,8.99934,59890.98853027,0.027790187873087735,0.01506006200503407
OMA,1869-07-24,0.55728160124,9.10872,9.08544,61337.877003205125,0.05921094710455099,0.05138697137870496
OMA,1870-07-30,0.48856557984000004,8.49736,6.01238,81259.93031711236,-0.16504152669961225,-0.11488449482388385
OMA,1871-08-05,0.26244319868,7.60504,6.02577,43553.47095557912,-0.0994808552735611,-0.10081091229271866
OMA,1872-08-11,0.23934570296,7.91099,5.72463,41809.811806177866,-0.049499655869715165,-0.008863415996010926
OMA,1873-08-17,0.26299126932,8.07809,5.58524,47086.834105606926,0.08642476370177699,0.10196282159223613
OMA,1874-08-23,0.25405743376,8.3273,5.61491,45246.92893741841,-0.024734265344048656,-0.02874375492029968
OMA,1875-08-29,0.22292019568000002,7.9995,5.64477,39491.45769978227,-0.01792767117027727,-0.02199837793375381
OMA,1876-09-04,0.26999833276,7.84658,5.67283,47594.998045067456,0.10764241100970562,0.10373108890464766
OMA,1877-09-10,0.06551704484,9.02899,3.06121,21402.335952123507,-0.7499272748529123,-0.5357610106395732
OMA,1878-09-16,0.09354240584000001,7.26947,3.07852,30385.511817366787,0.36961219847988613,0.36380609337195047
OMA,1879-09-22,0.11351751476000001,7.92697,3.09172,36716.62206150622,0.12807923485801664,0.12441139505645316
OMA,1880-09-28,0.16517787052,6.28953,3.04929,54169.28875902259,0.4098890950126721,0.42411578075070344
OMA,1881-10-04,0.00350824968,7.88635,0.20071,17479.19724976334,-0.9810041355940304,-0.7123637014074771
OMA,1882-10-10,0.0050679813599999995,6.09641,0.23048000000000002,21988.811870878166,0.1411373355760559,0.009717889762115961
OMA,1883-10-16,0.00425786556,8.6153,0.23129000000000002,18409.207315491374,-0.07606538225506243,-0.08084509108678439
OMA,1884-10-22,0.0042354930800000004,8.63103,0.2339,18108.13629756306,0.021158262904656944,0.012288295848542852
OMA,1885-10-28,0.0049257572,8.69213,0.23652,20825.96482327076,0.16461369125641756,0.15510550984296256
OMA,1886-11-03,0.005029782159999999,8.69397,0.23935999999999996,21013.461564171124,0.04642322007110011,0.03694481897952384
OMA,1887-11-09,0.00493496328,7.34908,0.23588,20921.49940647787,-0.01844608831561645,-0.012067610574878707
OMA,1888-11-15,0.00199310072,7.01504,0.09572,20822.197241955702,-0.6319801179470843,-0.40202741560717603
OMA,1889-11-21,0.0015548291200000001,9.27939,0.09525,16323.66530183727,-0.21671783861760574,-0.2144835458811849
OMA,1890-11-27,0.00155269816,9.41869,0.11800000000000001,13158.458983050847,0.004732234432394344,-0.1600166050479862
OMA,1891-12-03,0.0016256916,8.34671,0.11903,13657.830798958246,0.030491991035779265,0.023560586065185962
OMA,1892-12-09,0.0016767738,9.99692,0.08777,19104.17910447761,0.03356852159003476,0.4055485277881714
OMA,1893-12-15,0.00165039628,7.95114,0.12466,13239.180811808117,0.04039490863545536,-0.09701243076670629
OMA,1894-12-21,0.00158931864,8.25744,0.12508,12706.417013111608,-0.015625860514074552,-0.01837807824428861
OMA,1895-12-27,0.0016293342,8.14368,0.12541,12992.059644366478,0.010957072257340217,0.00879019597275943
OMA,1897-01-02,0.00166501036,8.20825,0.12576,13239.586195928752,-0.19317576147976778,-0.1950151138562679
OMA,1898-01-08,0.0016998456799999998,8.05342,0.12578,13514.435363332803,-0.05206136154583463,-0.05208266776744663
OMA,1899-01-14,0.0017090345999999999,8.70076,0.12591,13573.461996664284,-0.011150385421001552,-0.01151621029221983
OMA,1900-01-20,0.0017092961600000001,8.80563,0.12638,13525.052698211744,0.0034033159708175553,0.00015283380150576953
OMA,1901-01-26,0.00171497716,8.95924,0.12721,13481.464979168304,-0.021486883276838897,-0.025714356032094265
OMA,1902-02-01,0.00180686636,9.68592,0.09872,18302.941247974068,0.03344530900519449,0.2744240771927644
OMA,1903-02-07,0.0017234708399999998,9.70676,0.09991999999999998,17248.507205764614,-0.04315616739356176,-0.05206572150551669
OMA,1904-02-13,0.00210544464,9.12563,0.11135,18908.348810058375,-0.030483040083586044,-0.12758908688749948
OMA,1905-02-19,0.0021588616400000002,9.2627,0.11198000000000001,19278.99303447044,-0.008790644642521439,-0.013189300591569753
OMA,1906-02-25,0.0021585423599999997,9.2839,0.11329,19053.247065054285,-0.00133177039695076,-0.009895059955186247
OMA,1907-03-03,0.0021969246,9.3257,0.11443,19198.85169972909,0.05222228756784886,0.043661630258268636
OMA,1908-03-09,0.0024753705599999997,9.02683,0.12557,19713.072867723182,0.14187918429910784,0.04226988759381212
OMA,1909-03-15,0.00311565852,10.50727,0.12727,24480.698672114402,0.23853557902574862,0.22631376204613662
OMA,1910-03-21,0.00318745804,10.552,0.12922,24666.909456740443,0.03279578180872167,0.020792401119817283
OMA,1911-03-27,0.0028047370000000003,10.60275,0.13117,21382.457879088204,-0.0653227273026159,-0.07611038381150781
OMA,1912-04-02,0.00301623452,10.62167,0.1329,22695.519337848007,0.043283349399824145,0.03429285584458541
OMA,1913-04-08,0.0036588188,10.38552,0.13475,27152.644155844155,0.1919966287984083,0.17918293051553347
OMA,1914-04-14,0.00366663024,10.40923,0.13664,26834.23770491803,0.005798260183515813,-0.004706696517641773
OMA,1915-04-20,0.0037605692800000002,10.43534,0.13858,27136.450281425892,0.0271286308892833,0.016605666662425023
OMA,1916-04-26,0.0039150228,10.4626,0.14037,27890.73733703783,0.03203455831069646,0.0215737943862504
OMA,1917-05-02,0.004013048,10.48753,0.14235,28191.415525114153,0.019690437385963433,0.009577748464304703
OMA,1918-05-08,0.00398782072,10.46621,0.14594,27325.070028778955,-0.1737083668958651,-0.1921882208979968
OMA,1919-05-14,0.00179293972,8.16958,0.14754,12152.228005964484,-0.5211015815137754,-0.5252110701620494
OMA,1920-05-20,0.0018136050399999999,4.63725,0.14536,12476.644468904788,0.008541626149298764,0.02062837786621219
OMA,1921-05-26,0.00164523476,4.28396,0.14128,11645.206398640998,-0.0365657333929279,-0.01657113527936227
OMA,1922-06-01,0.0009564958000000001,3.82463,0.13707,6978.15568687532,-0.3752335181209332,-0.36046549776754533
OMA,1923-06-07,0.0007833774,2.99289,0.13237,5918.088690790965,-0.1026100803207537,-0.07824002977828448
OMA,1924-06-13,0.00070384392,2.75148,0.12782,5506.524174620561,-0.0671217688023853,-0.04300588229893987
OMA,1925-06-19,0.000669292,2.40153,0.12225,5474.78118609407,0.01602093285639339,0.0522428592381563
OMA,1926-06-25,0.00058907108,2.14111,0.11713,5029.207547169812,-0.11776410231126577,-0.08974598798624234
OMA,1927-07-01,0.00052260364,1.84979,0.11198999999999999,4666.520582194839,-0.05699432003545435,-0.02377549963003167
OMA,1928-07-07,0.00088179728,1.76414,0.10659,8272.795571817243,0.022330382126952486,0.06172370793541382
OMA,1929-07-13,0.0007980252799999999,1.80548,0.10119,7886.404585433343,-0.04483146252227099,-0.0075208835590138134
OMA,1930-07-19,0.0004944497999999999,1.7813,0.09029,5476.241001218296,-0.3339709085046475,-0.2708654081305999
OMA,1931-07-25,0.00047532784,1.78161,0.08552,5558.089803554724,-0.056800651273204994,-0.01761285007380342
OMA,1932-07-31,0.00045129448,1.80487,0.08191,5509.638383591748,-0.00928507196298134,0.02281813287575729
OMA,1933-08-06,0.00045510712,1.82367,0.07866,5785.750317823545,0.03870347881885827,0.07084173170713015
OMA,1934-08-12,0.0007535008,1.92836,0.07559,9968.2603518984,0.5122991815963001,0.5586793958247283
OMA,1935-08-18,0.0007026749600000001,2.00524,0.07232,9716.191371681418,-0.06381036616463598,-0.03327381179860922
HOL,1837-01-13,0.28236020592,9.57607,4.10152,68842.82069086582,0,0
HOL,1838-01-19,0.24364038140000002,9.09943,4.08709,59612.18896574336,-0.14505079605745064,-0.1434137605919925
HOL,1839-01-25,0.27126942232,9.66073,4.02955,67320.0288667469,0.04098774010841422,0.05358512725786113
HOL,1840-01-31,0.27119381796,9.7477,4.08328,66415.68003173919,0.04767576560681652,0.03650352105018717
HOL,1841-02-06,0.29715395892,9.76799,4.13382,71883.6231185683,0.03996569921441773,0.03013490422601084
HOL,1842-02-12,0.27434062968,9.64085,4.18654,65529.2030363976,0.20787563810472487,0.19631136149645245
HOL,1843-02-18,0.28539820400000004,9.17126,4.23874,67330.90588240846,0.16363044135655436,0.1530697581693281
HOL,1844-02-24,0.30973769059999995,9.45075,4.28786,72235.96166852461,0.046269447404411856,0.036776407857205484
HOL,1845-03-02,0.32099749656,9.16842,4.3392,73976.19297566371,0.009455901296251401,0.0008362362840235171
HOL,1846-03-08,0.19847483136000002,8.98073,2.92107,67945.93466092905,-0.3494476587167995,-0.03172556845300001
HOL,1847-03-14,0.16546635976,8.85092,3.6512399999999996,45317.85359494309,-0.16747244650896564,-0.34967395923491174
HOL,1848-03-20,0.22677483244,9.15722,3.6927,61411.658797086144,0.3491326494948841,0.33828391322834395
HOL,1849-03-26,0.21249333924,8.97067,3.73784,56849.233578751366,-0.06657078914078896,-0.07536641815782852
HOL,1850-04-01,0.25950854904000004,9.118,3.7828700000000004,68600.96938039108,0.14667084411340703,0.1362028991651405
HOL,1851-04-07,0.29851624868000004,9.82875,3.8350999999999997,77837.93087012073,0.14457789156738876,0.1333929784723269
HOL,1852-04-13,0.33053253792,9.5473,3.88807,85011.98227398169,0.03218078797119328,0.021270908324428905
HOL,1853-04-19,0.28476181188,9.47374,3.94045,72266.31777588854,0.02790030324876458,0.017310058034468723
HOL,1854-04-25,0.26514634744,9.53771,3.9910900000000002,66434.56986437288,-0.0920421377040096,-0.10053870287152888
HOL,1855-05-01,0.29875695044,9.28419,4.0349,74043.21059753648,0.09035327717934272,0.08128895734774133
HOL,1856-05-07,0.30781892336,9.15646,4.0806,75434.72120766556,0.009674793490586753,0.0014888405381983105
HOL,1857-05-13,0.2848902082,9.88931,4.13155,68954.80103109003,0.07666558923726918,0.06621792721115338
HOL,1858-05-19,0.31447047372000003,10.23863,4.18764,75094.91592400493,0.06703285783480006,0.05596792251292593
HOL,1859-05-25,0.27555020844,10.37633,4.25191,64806.21848533954,-0.03932045788975913,-0.049735753885533085
HOL,1860-05-31,0.27744587468,10.09606,4.3111,64356.16772517456,-0.01698693079501501,-0.027506872695291507
HOL,1861-06-06,0.22306466728,9.95257,4.36558,51096.227140494506,-0.13054826737777658,-0.1388896801667423
HOL,1862-06-12,0.22175104639999998,9.60509,4.42032,50166.28805154377,-0.0179631105407414,-0.02665066746143485
HOL,1863-06-18,0.2042004146,8.50189,4.47227,45659.2322467114,-0.06681406057228312,-0.07539628273065768
HOL,1864-06-24,0.26285536680000005,9.34728,4.51589,58206.769163996476,0.22089926363812995,0.21183090644798974
HOL,1865-06-30,0.26878034976000004,9.20588,4.56879,58829.6572527956,0.07838355837476008,0.06914918916172774
HOL,1866-07-06,0.27075825712,9.34675,4.61849,58624.84429326468,-0.010654454655694034,-0.019020493266869498
HOL,1867-07-12,0.38548220256,10.45527,4.67695,82421.70700135773,0.3185277269435187,0.30710306697150225
HOL,1868-07-18,0.32130359872,9.69072,4.74652,67692.45651972393,-0.08885259210533802,-0.09925817428110728
HOL,1869-07-24,0.42228802668,9.76273,4.80886,87814.58114397175,0.3103747207871157,0.2971775577337341
HOL,1870-07-30,0.49328641856,9.21279,4.85606,101581.61525187085,0.13636144395359073,0.12868368748053616
HOL,1871-08-05,0.3740643088,11.12496,4.49575,83203.98349552354,-0.181806852149079,-0.12481425297009674
HOL,1872-08-11,0.34552259872,11.54914,4.37449,78985.80148085834,0.011446152449405167,0.027393640502135108
HOL,1873-08-17,0.3520150738,10.66909,4.44202,79246.62063655724,0.032234168030318644,0.020838808562464672
HOL,1874-08-23,0.25886831099999996,9.78352,4.48894,57668.02652742072,-0.25004150178168794,-0.25608122125716015
HOL,1875-08-29,0.43816414408,10.31817,4.53934,96525.95841686236,0.36434325845349624,0.35329963466789094
HOL,1876-09-04,0.31975448752,10.03056,4.25956,75067.49230436947,-0.1696935092215468,-0.136143663664808
HOL,1877-09-10,0.38752327016,10.80622,3.77982,102524.26574810442,0.11834718861603521,0.2266209362784828
HOL,1878-09-16,0.45867958292,11.03359,3.84393,119325.68567065478,0.09711440639458035,0.08369229487673668
HOL,1879-09-22,0.4703191142,11.1583,3.90205,120531.28847657001,0.0064540133988613135,-0.005023162932296654
HOL,1880-09-28,0.18748639416,10.99578,3.96154,47326.64422421584,-0.466432393107743,-0.47236589403490636
HOL,1881-10-04,0.17860426063999998,6.62429,3.9360999999999997,45375.945895683544,0.07044318288124574,0.0776806721269736
HOL,1882-10-10,0.37819597608,10.2327,2.6425699999999996,143116.729577646,0.8797183011166723,0.911014314391148
HOL,1883-10-16,0.39748856056000004,10.94381,2.66944,148903.35072524575,0.05694761689308092,0.04901907875984568
HOL,1884-10-22,0.47248298656,10.98422,2.70067,174950.28513665128,0.2062316746299142,0.19568343885873585
HOL,1885-10-28,0.46775393651999997,11.49594,2.7294,171376.10336337655,0.055023948589782545,0.04665936608007448
HOL,1886-11-03,0.64304515184,10.74079,3.98426,161396.3827260269,0.31374432316686574,-0.07588278855894559
HOL,1887-11-09,0.7717240788399999,10.3465,4.03486,191264.1526199174,0.14753637970986389,0.136342911916973
HOL,1888-11-15,0.61030843588,10.60174,4.08747,149312.0281934791,-0.21630165983694527,-0.22407587697077558
HOL,1889-11-21,0.34559695195999995,10.9091,4.14791,83318.3342840129,-0.49362427586089985,-0.4989580949696647
HOL,1890-11-27,0.12964789864,10.24127,4.20681,30818.577173677917,-0.42734778321222977,-0.43352024953161483
HOL,1891-12-03,0.5635477796,8.99367,3.87529,145420.8019528861,3.958846814236586,4.314654338495953
HOL,1892-12-09,0.57085745236,10.39721,3.6479699999999995,156486.33414200228,0.006771885962427726,0.058634452446290064
HOL,1893-12-15,0.53905252648,11.50388,3.02709,178076.14787799504,-0.08955404229984154,0.06491493835289663
HOL,1894-12-21,0.40081665988,11.39734,2.5988,154231.43754040325,-0.05779951567549402,0.04838268488122055
HOL,1895-12-27,0.027772385160000003,8.91359,2.43641,11398.896392643275,-0.8706861039745486,-0.798038891375888
HOL,1897-01-02,0.44591672892,11.26369,2.19027,203589.84459450206,3.4254959118558386,3.77463594525845
HOL,1898-01-08,0.45689849556,12.45835,1.93963,235559.614751267,0.05426953000196355,0.1632009601438429
HOL,1899-01-14,0.13533262495999998,9.43674,1.91909,70519.16531272634,-0.6123024513639139,-0.6089712811538854
HOL,1900-01-20,0.37471149404000004,11.59165,1.87927,199392.0479973607,1.348084787822451,1.3649551142533216
HOL,1901-01-26,0.34398576263999997,12.54531,1.67283,205631.0340201933,-0.07710629823463444,0.01322579688598502
HOL,1902-02-01,0.40054508571999997,12.18109,1.70843,234452.14947056654,0.01993790384169336,0.007315831115717097
HOL,1903-02-07,0.41952602068,12.18917,1.92134,218350.74514661642,0.08627108110887716,-0.006382656323844937
HOL,1904-02-13,0.23553492768,14.82828,0.99607,236464.23211220093,-0.35828510014718196,-0.01643582644903785
HOL,1905-02-19,0.37936733899999997,12.16731,1.83784,206420.2210203282,0.4384145814928122,0.1230457039615378
HOL,1906-02-25,0.47473165792000005,13.35271,2.22196,213654.4572899602,0.17903268574835862,0.023781615609915985
HOL,1907-03-03,0.54336914372,13.66425,2.54892,213176.22511495068,0.09024835408986309,-0.014787085327771399
HOL,1908-03-09,0.63429445352,13.69968,2.86558,221349.41391271574,0.13924006008026413,0.04909147101738198
HOL,1909-03-15,0.63501667268,13.9982,3.25788,194917.14632828708,-0.029627712860460176,-0.12204952161237326
HOL,1910-03-21,0.78857462164,14.24101,3.7682,209270.9043150576,0.14338863498561705,0.02130180276411542
HOL,1911-03-27,0.89123250996,13.66922,4.2074,211825.00117887533,0.11124439347233794,0.030689569149292106
HOL,1912-04-02,0.8310127160399999,12.94424,4.34798,191126.15882317765,-0.08634476256829504,-0.10460707911369416
HOL,1913-04-08,0.8530926768,12.85913,4.51468,188959.72179645067,0.03688946368665369,0.011825725815537202
HOL,1914-04-14,0.73393852688,12.88632,4.56769,160680.45924307473,-0.04279196167638932,-0.04640609954119557
HOL,1915-04-20,0.30499577211999995,10.18216,4.68219,65139.55480661826,-0.5068078819831952,-0.5203336582458503
HOL,1916-04-26,0.2413805342,11.14663,4.04991,59601.456378042974,-0.0898270862462085,0.007557357582158808
HOL,1917-05-02,0.2445097538,10.85825,4.29944,56870.139785646505,0.047347150441101604,-0.006840004078579209
HOL,1918-05-08,0.24962933528,10.47961,3.90092,63992.426217405125,-0.03336121298270445,0.051554792637469316
HOL,1919-05-14,0.34204544556,10.70495,3.49609,97836.56758264232,0.5181132412102925,0.6498692202654086
HOL,1920-05-20,0.4841395624,10.53848,3.06722,157843.1160464525,0.0031419523066964494,0.10771719926752765
HOL,1921-05-26,0.23310173327999997,12.30519,1.32356,176117.2393242467,-0.42104911061661965,0.06148392007015557
HOL,1922-06-01,0.2772210922,13.44947,1.22827,225700.45038957233,0.0881815826037653,-0.008642751965279527
HOL,1923-06-07,0.28659642284000003,13.70198,1.0487,273287.32987508347,0.02513274875084104,0.1624857609531567
HOL,1924-06-13,0.17805226764,14.14897,0.9972800000000002,178537.89070271136,-0.2968040082038417,-0.2681902566068355
HOL,1925-06-19,0.14444116752,11.73012,0.99849,144659.60352131719,-0.18568638662320114,-0.18642505732655468
HOL,1926-06-25,0.13833982136,10.56096,0.97886,141327.48437978874,-0.07539890925138915,-0.06074747332892072
HOL,1927-07-01,0.11079624764,10.24145,0.9577400000000001,115685.09996449975,-0.17473445509660412,-0.16068747056358879
HOL,1928-07-07,0.11705604872,9.979,0.93088,125747.73195256102,-0.08145098153184405,-0.062102342760327334
HOL,1929-07-13,0.10501996388,11.17545,0.9232,113756.4600086655,-0.10395931136919612,-0.0985398724695431
HOL,1930-07-19,0.12928283316,11.3274,0.93107,138854.04229542354,0.2572877539206271,0.24950996031176054
HOL,1931-07-25,0.25169079936,12.25577,0.92599,271807.25424680614,0.9532209829983438,0.9528677299837431
HOL,1932-07-31,0.2215749588,12.17313,0.92306,240043.9395055576,0.16593139666691492,0.1658544913505322
HOL,1933-08-06,0.19934299736,12.35821,0.9322,213841.44750053636,0.04360111605906125,0.03608422683491175
HOL,1934-08-12,0.26565192368,12.68543,0.94022,282542.302524941,0.12815150580951618,0.12096851132607722
HOL,1935-08-18,0.31495449492000005,13.37856,0.94789,332269.0342972286,0.12073187133545726,0.11393389980653046
D07,1905-07-02,21.10741437324,13.37516,38.07313821230246,554391.2418130961,0.08134826781345361,0.059343210792857315
D07,1906-07-15,22.9479378622,13.31922,39.53665000000001,580421.9088415431,0.08772270403228366,0.04542920415527618
D07,1907-07-14,24.194753389040002,13.25596,41.083483729763124,588916.7907032187,0.04505424443187134,0.03686643998048944
D07,1908-07-27,24.25935872204,13.13973,41.5988,583174.4839283826,-0.01242208099319475,-0.02938870884976008
D07,1909-08-09,27.04102042148,13.21647,59.000341457102856,458319.7275415873,0.034533753062741646,-0.20826249917990836
D07,1910-08-01,28.53333637336,13.67671,56.69717,503258.56428742385,0.10218978502481413,0.09059857038192787
D07,1911-08-07,21.71368720144,13.13039,56.11902036305653,386922.0642300136,-0.26324764626832375,-0.2605138597679211
D07,1912-08-20,28.90981459236,13.20317,57.08136,506466.81495255197,0.27192456767717776,0.2634554807244778
D07,1913-08-19,31.17513205456,13.83247,58.66001000000001,531454.5983636893,0.12983481029555555,0.09000236465463574
D07,1914-09-01,32.92305567668,13.44274,59.53218,553029.5661385154,0.023740568465900225,0.008810776528704434
D07,1915-09-14,36.272412179119996,13.8343,61.60523201263897,588787.8511954687,0.06809495254010356,0.05197467390316213
D07,1916-09-06,36.95156818860001,14.04059,62.91510000000001,587324.3178283115,0.02696880131497048,0.0070138840343916264
D07,1917-09-12,35.72958583116,13.74932,64.81435,551260.4204340552,-0.02498160507146696,-0.048190893849495375
D07,1918-09-25,40.880410020839996,13.84292,68.20438,599381.0078009652,0.17950599854642713,0.1493992913558475
D07,1919-09-24,40.56999003252,13.71258,70.08311,578883.985492653,-0.02194174925009751,-0.049678793059402926
D07,1920-10-07,39.50802361012,13.47856,71.47013,552790.7058532005,-0.04185448244211054,-0.059236175694347803
D07,1921-10-20,40.98121307852,13.45873,74.97676,546585.5430205306,0.01230963733664181,-0.033304136314285304
D07,1922-10-12,51.85391700476,13.58441,89.19789,581335.6908415658,0.21517610351206717,0.1775028746253946
BOR,1837-01-13,0.28076618752,6.53552,8.63112,32529.519635922104,0,0
BOR,1838-01-19,0.28827973823999997,6.566,8.65531,33306.691295863464,0.024079046026806106,0.02187147707492265
BOR,1839-01-25,0.20351987708,8.37579,8.69997,23393.169985643628,-0.2955717477770259,-0.2979816695814531
BOR,1840-01-31,0.20736502695999998,8.43006,8.78993,23591.203452132155,0.004869425983127229,-0.002876695454723577
BOR,1841-02-06,0.20500309856,8.41653,8.87846,23089.938858766047,-0.0016525851595009522,-0.009367528130029723
BOR,1842-02-12,0.19662517212,8.37873,8.97161,21916.375335084784,-0.02002989527633292,-0.027442645926017195
BOR,1843-02-18,0.26498053192,7.648,9.04836,29284.9236679354,0.35024213096626533,0.3411994581640603
BOR,1844-02-24,0.2741747762,7.66222,9.10675,30106.764345128617,0.026472710937936572,0.02138456588187232
BOR,1845-03-02,0.2877480684,6.80501,9.15621,31426.547490719415,0.13899945861513974,0.1346062378467534
BOR,1846-03-08,0.21687993132,8.35053,9.18929,23601.380663794484,-0.2322227839895078,-0.23386614098406844
BOR,1847-03-14,0.293650344,7.70409,9.2659,31691.508002460632,0.38749117943721956,0.37858316136782766
BOR,1848-03-20,0.2273776414,8.31017,9.32609,24380.811401133808,-0.08610418937612196,-0.09021349891344554
BOR,1849-03-26,0.22359755548000002,8.30526,9.40731,23768.4901932646,-0.01536573576017819,-0.02192796460721025
BOR,1850-04-01,0.22096192144000001,8.66827,9.50056,23257.778640416986,-0.011000087840165484,-0.0180445027295123
BOR,1851-04-07,0.30463791956,7.62293,9.58297,31789.509886809625,0.35648112687426803,0.34719517820549584
BOR,1852-04-13,0.26803493755999996,9.85081,9.6848,27675.836110193293,-0.011832576332106659,-0.01995530073595142
BOR,1853-04-19,0.28563829840000005,9.87024,9.83873,29032.029377775387,0.06638059513429839,0.05414171831959336
BOR,1854-04-25,0.27931995884,9.23201,9.9617,28039.386735195796,-0.015621153381751851,-0.02471534592810598
BOR,1855-05-01,0.34552688923999997,8.00545,10.04726,34390.161023005276,-0.09425913188076052,-0.0998942478141287
BOR,1856-05-07,0.3523431288,8.67273,10.12626,34794.99131959875,-0.054673236168209516,-0.0598528465025584
BOR,1857-05-13,0.27972741004,9.0577,10.22169,27366.062758702326,-0.18000090211958186,-0.1857349704560869
BOR,1858-05-19,0.29845041044,7.48461,10.32094,28916.979503804887,0.06659774139770969,0.05863425025274882
BOR,1859-05-25,0.31300124336,8.50996,10.41532,30052.004485699916,0.01728135938503983,0.010472202682746845
BOR,1860-05-31,0.37900555316,7.23344,10.48684,36141.06376754103,0.20419598122126015,0.1975277122514052
BOR,1861-06-06,0.32599696116,7.94265,10.54804,30905.927656702097,-0.15546728263720566,-0.15881917725599592
BOR,1862-06-12,0.38393962984,7.17441,10.59635,36233.19632137482,0.0394026958713658,0.035822690241821276
BOR,1863-06-18,0.31324168928,7.87616,8.90042,35194.03458263767,-0.08444490587436515,0.09127557752505311
BOR,1864-06-24,0.31198298196,7.72396,10.73698,29056.865334572663,-0.011966537269737287,-0.11011890617248388
BOR,1865-06-30,0.32598176416,7.6626,10.80434,30171.372259666026,0.025420263066112447,0.020541971047859375
BOR,1866-07-06,0.31131975887999996,7.70844,10.87623,28623.86680678875,-0.01598087131713133,-0.021037030540555834
BOR,1867-07-12,0.31551522444,7.88391,10.95834,28792.246311028863,0.0007239572694481833,-0.004659889870966993
BOR,1868-07-18,0.397546903,7.85493,11.0405,36008.052443277025,0.09166467800270217,0.08526857992495662
BOR,1869-07-24,0.34528694303999996,9.11157,11.12116,31047.74529275723,-0.180374261943822,-0.18423294304263127
BOR,1870-07-30,0.32506847619999996,8.88626,11.25934,28871.00631120474,-0.052644713417532074,-0.06151532070051413
BOR,1871-08-05,0.32654185564000004,9.36036,11.40354,28635.13046299658,0.012291151262956879,0.002346077163592142
BOR,1872-08-11,0.34422964108,8.88013,11.54915,29805.625615737954,0.049986224822780034,0.04037929923878658
BOR,1873-08-17,0.3610162192,8.97613,11.6863,30892.26009943267,0.03728339959782234,0.02792546739702262
BOR,1874-08-23,0.46308379363999996,8.23133,11.81715,39187.434672488715,0.22353433526266797,0.21278536981348783
BOR,1875-08-29,0.45601903204,9.06218,11.94969,38161.5784208628,-0.024831906459052866,-0.03268120884349712
BOR,1876-09-04,0.46103803824,8.96093,12.08797,38140.23680072006,0.014982843174915716,0.006010792179315327
BOR,1877-09-10,0.4292943226,9.09553,12.22836,35106.451118547375,-0.028793055720618854,-0.03748143221733857
BOR,1878-09-16,0.41967246828,9.01793,12.37822,33904.104813131446,-0.017927189469331584,-0.026582567608075203
BOR,1879-09-22,0.42111913688,8.97261,12.51726,33643.07659024419,0.004132765796474036,-0.004535779894207281
BOR,1880-09-28,0.44737624828,8.83365,12.64906,35368.339487677345,0.042898589672098364,0.0350910959616515
BOR,1881-10-04,0.49274858516000003,8.00562,12.77002,38586.35970499655,0.09746872122632277,0.08910871083251326
BOR,1882-10-10,0.495096303,8.86105,12.8682,38474.40224740057,0.021493767261669516,0.01528632434097621
BOR,1883-10-16,0.50115565292,8.8613,12.99884,38553.87503192593,0.006084714509090539,-0.0013798293707687481
BOR,1884-10-22,0.48181403452,7.23979,13.07429,36852.02290296452,-0.038282927234073005,-0.042409938945763836
BOR,1885-10-28,0.55325217948,8.20154,13.14362,42092.83131131302,0.05779995798455695,0.05346158081182795
BOR,1886-11-03,0.49720522332,8.0035,13.21345,37628.7209865705,-0.00916838766315875,-0.01279682025631168
BOR,1887-11-09,0.4975908548,8.90767,13.35074,37270.65726693801,-0.02624525120025123,-0.03398876185047783
BOR,1888-11-15,0.5343870105599999,8.14729,13.45224,39724.760378940606,0.04362677212104016,0.03778590659169723
BOR,1889-11-21,0.53063461724,8.95205,13.56678,39112.79000912524,-0.01366076642817482,-0.019722760466626466
BOR,1890-11-27,0.55447717052,8.99235,13.69996,40472.90433840683,0.03630408191181389,0.02847329186754921
BOR,1891-12-03,0.55989280048,8.95566,13.83969,40455.58827401481,0.010054849844316482,0.0025304936273138345
BOR,1892-12-09,0.5555535518,8.93442,13.97718,39747.18446782541,0.0004314268034586455,-0.007034048436194262
BOR,1893-12-15,0.5988622151199999,9.1762,14.115109999999998,42427.03139543369,0.015710631337945147,0.008184771312762518
BOR,1894-12-21,0.5902053253199999,9.01467,14.26963,41360.941055934876,-0.009055083124200003,-0.017001747436120707
BOR,1895-12-27,0.6779719648,8.98292,14.417260000000002,47025.02173089754,0.023492751525079125,0.015506153078874263
BOR,1897-01-02,0.58695030628,8.97549,14.524400000000002,40411.32895541296,-0.15619056344362026,-0.1606842250875632
BOR,1898-01-08,0.61949440852,9.10095,14.694190000000003,42159.13966812733,0.03845565028272002,0.029752294751782538
BOR,1899-01-14,0.66017409484,9.19095,14.860200000000003,44425.65341247089,0.026248815108617762,0.017400590193873855
BOR,1900-01-20,0.67206961016,9.18379,15.03639,44696.2076775077,0.0064658409285993645,-0.0023752992131883532
BOR,1901-01-26,0.69225465556,9.23163,15.213409999999998,45502.92508780083,0.01344624898323965,0.00455615691903799
BOR,1902-02-01,0.70953451556,9.32175,15.38886,46107.02258386911,0.010491007202484415,0.0016172589863587827
BOR,1903-02-07,0.7352746637600001,10.07163,15.60448,47119.45952444426,0.032183702331233244,0.02145667000399154
BOR,1904-02-13,0.71800324492,9.92618,15.823929999999999,45374.521052608296,-0.009231435154048562,-0.019697245689619614
BOR,1905-02-19,0.7447138368799999,9.25396,16.03485,46443.45515424217,0.017136525082311893,0.006583559153760632
BOR,1906-02-25,0.70483137816,9.22686,16.21675,43463.17099048822,-0.053756223172968465,-0.06145410387004535
BOR,1907-03-03,0.70109498888,9.2367,16.39249,42769.279644520146,-0.003927069279003437,-0.012164275945803271
BOR,1908-03-09,0.8627047395199999,8.53802,16.55652,52106.64677842928,0.19387800768862706,0.18455612401616794
BOR,1909-03-15,0.88807933188,8.63379,16.6691,53276.981473504864,0.005402293400801561,0.0007152999296766716
BOR,1910-03-21,0.71226400232,8.49356,16.79909,42398.96341528023,-0.029160241816392762,-0.03493877988832628
BOR,1911-03-27,0.91148175404,8.59817,16.98332,53669.23275543298,0.2515455594438407,0.24119610863004692
BOR,1912-04-02,0.8710690482,8.595,17.11687,50889.50539438577,-0.012570765901529057,-0.018346676927692096
BOR,1913-04-08,0.8348323464,10.00206,17.30588,48239.80903600396,-0.057210620308810856,-0.06526638896661707
BOR,1914-04-14,0.80772945968,9.84411,17.54075,46048.74134116272,-0.015257774903538635,-0.02500188273414572
BOR,1915-04-20,0.8243081366,9.81978,17.76801,46392.82264023939,0.001795277985826127,-0.007945911211279633
BOR,1916-04-26,0.8782872753200001,9.26961,17.97098,48872.53089814801,0.04355402335872327,0.03439619218431278
BOR,1917-05-02,1.18773737212,10.63827,18.14203,65468.82416796798,0.22008823704329927,0.2126215167474892
BOR,1918-05-08,1.1939975595599999,10.66096,18.42018,64820.08099595118,-0.006241803381226929,-0.017756181403855265
BOR,1919-05-14,1.2053542217600002,10.5652,18.711,64419.55116028006,0.008597704100153258,-0.0034608970163625408
BOR,1920-05-20,1.2078614090400002,10.49974,19.01276,63528.98837622734,0.003544559351328358,-0.008116149821526641
BOR,1921-05-26,1.21513731768,10.49136,19.29539,62975.52512180371,0.007687754463802099,-0.0037086899918373772
BOR,1922-06-01,1.2455568060000002,10.43389,19.577,63623.47683506155,0.00930551064322116,-0.0013858340817163306
BOR,1923-06-07,1.31629272684,10.39858,19.86092,66275.5162822266,0.05168887852467274,0.04027479469895656
BOR,1924-06-13,1.28931220028,8.84722,20.05323,64294.49022825749,-0.021856221065367776,-0.02893984193790411
BOR,1925-06-19,1.33034543616,9.95892,20.24632,65708.01193303277,0.029352330647348435,0.022229453484114314
BOR,1926-06-25,1.3474636214,9.93927,20.494930000000004,65746.19290722144,0.00936107994979718,0.00009462331624821019
BOR,1927-07-01,1.3881584834,9.85575,20.726019999999995,66976.6063817366,0.02422020742545339,0.015341165627514863
BOR,1928-07-07,1.38501910716,9.77298,20.972319999999996,66040.3382725421,0.003956772970036049,-0.0046324214335133895
BOR,1929-07-13,1.34761156764,9.70075,21.20521,63550.96542972222,-0.023398495582321877,-0.03166340712031834
BOR,1930-07-19,1.38970025376,9.61706,21.42111,64875.268077144465,0.027649860581524743,0.01991207166072617
BOR,1931-07-25,1.49323079568,9.85087,21.55456,69276.79320199532,0.06297546190011438,0.05680655209709684
BOR,1932-07-31,1.54684652148,9.98993,21.40829,72254.55753261938,0.036291644069714524,0.04148594366653491
BOR,1933-08-06,1.5267327810800002,10.49967,21.668229999999998,70459.50597164605,-0.005576355737029082,-0.014521148705594733
BOR,1934-08-12,1.58685447024,10.51199,21.9364,72338.87375503729,0.02401861153235485,0.014496870653333715
BOR,1935-08-18,1.5761115006,10.75805,22.212220000000002,70956.95525255917,-0.005349590555421724,-0.014945572193741707
MEW,1837-01-13,0.31349727916,8.03133,6.70513,46754.83982562605,0.2024455968552603,0.18879129179458842
MEW,1838-01-19,0.35685139256,8.55974,6.815260000000001,52360.6425228091,0.14143971690980783,0.12753097687730275
MEW,1839-01-25,0.47427182244,8.33737,6.946550000000001,68274.44162066061,0.3434832473153693,0.32375560513952006
MEW,1840-01-31,0.43442003071999996,8.24554,7.08486,61316.67114381935,-0.07942608439526622,-0.09256263971564083
MEW,1841-02-06,0.44221618479999997,8.28182,7.18372,61558.10426909735,0.03368413795357106,0.023831583833970438
MEW,1842-02-12,0.43757788984,8.50919,7.31341,59832.265638053934,-0.039948676307245634,-0.053691826369926865
MEW,1843-02-18,0.43410624036,8.57479,7.45274,58247.871301024854,-0.042678023728021985,-0.055127084598554976
MEW,1844-02-24,0.43711434000000005,8.49027,7.596080000000001,57544.725700624535,-0.003645142985634009,-0.01822114514922979
MEW,1845-03-02,0.55466377668,8.64175,7.75229,71548.37817986685,0.29698247228722363,0.2778349354205789
MEW,1846-03-08,0.53257522552,8.60838,7.87746,67607.4807767986,-0.0051810764760006345,-0.0180970029721067
MEW,1847-03-14,0.59680290436,8.53399,7.9923,74672.23507125609,0.12819582948505692,0.11508750061632034
MEW,1848-03-20,0.6699983732,8.68449,8.11725,82540.06876713173,-0.000648233207336868,-0.011545324937914825
MEW,1849-03-26,0.66788186244,8.7051,8.26455,80812.85277964319,-0.03798059905114248,-0.051250402080175506
MEW,1850-04-01,0.78801884928,8.56082,8.40588,93746.14546959985,0.1647538843788634,0.14959522419483418
MEW,1851-04-07,0.8498007388000001,8.61436,8.56348,99235.44386160767,0.0339090440229628,0.02091155704821346
MEW,1852-04-13,0.85724903212,8.43153,8.70301,98500.29267115629,-0.0004558432530048506,-0.013031279738028978
MEW,1853-04-19,1.01726170988,7.9551,8.79912,115609.48252552528,0.12689612621065005,0.11703885418471627
MEW,1854-04-25,1.14509017948,7.88218,8.82402,129769.67181398046,0.08662287059427554,0.08258302741348711
MEW,1855-05-01,1.1750194872000002,7.44032,8.81864,133242.70944272587,-0.007974852126359289,-0.009081444827453988
MEW,1856-05-07,1.1908399776,7.44636,8.79967,135327.7995197547,-0.027772545697975715,-0.025166175550826564
MEW,1857-05-13,1.1934666068,7.40858,8.81347,135413.92967809498,0.01635557409757049,0.01480569612786553
MEW,1858-05-19,1.25120486972,7.71729,8.81482,141943.32609400988,0.06423651146103215,0.06427089373189299
MEW,1859-05-25,1.22944695796,7.93714,8.840880000000002,139063.86671462568,0.005351615714837665,0.004016702601357558
MEW,1860-05-31,1.23056114688,7.83426,8.91394,138049.0722261985,0.041343609708399454,0.03463573166231182
MEW,1861-06-06,1.2768820454,7.61642,8.98344,142137.3154827104,0.004252562883559241,-0.0016908901180383573
MEW,1862-06-12,1.2264067217999999,7.65618,9.06005,135364.23328789574,-0.031408127065686964,-0.037350766964059035
MEW,1863-06-18,1.2429098723599998,7.65735,9.13153,136111.89716947763,0.00439500642322832,-0.001727944671957582
MEW,1864-06-24,1.25404756932,7.62367,9.20045,136302.85141705026,0.01403065522851521,0.008307425943910207
MEW,1865-06-30,1.3053853149999999,7.67173,9.2337,141371.85689376955,0.03494654972132061,0.03255818714021741
MEW,1866-07-06,1.41720309588,8.18754,9.27409,152813.17044367697,0.06656572786996562,0.06283802074297395
MEW,1867-07-12,1.4821641723199999,8.39646,9.31567,159104.4092716895,0.025019941255046474,0.021621094406162333
MEW,1868-07-18,1.47030687596,8.79489,9.30754,157969.43939644634,-0.030671135915485315,-0.031898125355880325
MEW,1869-07-24,1.60854313204,9.14895,9.32215,172550.65966971137,0.08601617154182306,0.08318063968722189
MEW,1870-07-30,1.61816619328,9.46449,9.32918,173452.13548028874,0.012305601408005629,0.012912887268958784
MEW,1871-08-05,1.42242016436,9.51903,9.34452,152219.71426675742,-0.06791724371955798,-0.06806320723312653
MEW,1872-08-11,1.4111657222,9.37258,9.40785,149998.74808803285,-0.01004000552386819,-0.015082460011491494
MEW,1873-08-17,1.4231821598799999,9.12415,9.46748,150323.22855501148,0.025876150064606085,0.021127157427772048
MEW,1874-08-23,1.50579966524,9.27782,9.51972,158176.8860050506,0.04539041805727595,0.04097588347702774
MEW,1875-08-29,1.68961823004,9.33683,9.6114,175793.1446032836,0.07799023166713037,0.07045903826501654
MEW,1876-09-04,1.8577080615600001,9.53129,9.69414,191632.06448019113,0.10445958319299486,0.0970195864046326
MEW,1877-09-10,1.9773400160799999,9.59336,9.77366,202313.15761751484,0.06649795744313569,0.05983434703325763
MEW,1878-09-16,1.9886497004400001,10.23852,9.8935,201005.68054176986,0.01111150169361963,0.002118614317670353
MEW,1879-09-22,2.00114409196,10.48347,10.01556,199803.51492677393,0.012469808617790568,0.0029275140248041787
MEW,1880-09-28,2.0568123056000003,10.22183,10.13687,202904.08238440467,0.02131152352960175,0.011855530699163674
MEW,1881-10-04,1.92386542036,9.47122,10.18836,188829.7449599347,-0.05245794061242104,-0.05522563130261693
MEW,1882-10-10,1.9332784863599999,9.61787,10.27594,188136.4124702947,-0.0022434693360410263,-0.00882630843543819
MEW,1883-10-16,1.83429261392,9.66758,10.36256,177011.5313127258,-0.046964198011715586,-0.05299689813606123
MEW,1884-10-22,1.64405667192,9.20849,10.42647,157681.0437204538,-0.060355237808641826,-0.06479589083555837
MEW,1885-10-28,1.7950693904,9.29656,10.46595,171515.18881706867,0.03165368845129546,0.028764095224039776
MEW,1886-11-03,1.8465740087600002,9.70683,10.55891,174883.0143225011,0.013375621269227311,0.006605963578699248
MEW,1887-11-09,1.85928371044,9.75014,10.52625,176633.05644840281,0.010956172771927397,0.01426963783654811
MEW,1888-11-15,1.95207103208,9.72059,10.45738,186669.22614268583,0.04055099646791227,0.04502454971342473
MEW,1889-11-21,1.99102945236,9.61778,10.35612,192256.31340308918,0.017609070358020285,0.025992199194922128
MEW,1890-11-27,1.9951282748799999,10.73983,10.24896,194666.41248282752,0.0016521705061440795,0.012053080997534327
MEW,1891-12-03,2.16010782156,10.89338,10.38139,208075.00937350394,0.04936717438753968,0.038876782785134845
MEW,1892-12-09,2.21792680044,10.92468,10.49942,211242.79250091908,0.04858609805421055,0.03993111119070547
MEW,1893-12-15,2.1167400831200003,10.81963,10.63091,199111.8430237863,-0.04704612319133428,-0.056224091800384235
MEW,1894-12-21,2.15464004808,10.86282,10.76636,200127.0669084073,0.0007066372030890555,-0.008884191621391424
MEW,1895-12-27,2.28732009064,10.83341,10.86857,210452.7173896842,0.06420182416902276,0.057135167296908485
MEW,1897-01-02,2.19515214724,10.75971,10.97021,200101.1965349797,-0.039608995523885526,-0.0464986039878007
MEW,1898-01-08,2.1400546258,11.45797,11.08046,193137.70599776544,-0.019640703953596184,-0.026806860952538814
MEW,1899-01-14,2.1460254467600004,11.32897,11.1948,191698.41772608712,-0.002594707590867218,-0.01028883651566459
MEW,1900-01-20,1.93428159964,10.79831,11.27898,171494.37268618259,-0.16803368080979064,-0.11200269786259154
MEW,1901-01-26,1.93338130908,10.6101,11.287439999999998,171286.07630073783,-0.03497805427133194,-0.03479627523234752
MEW,1902-02-01,1.9782921256800001,10.60285,11.39001,173686.60130061343,0.04134062707068353,0.03413038385716072
MEW,1903-02-07,2.09752475192,10.58485,11.35166,184776.91825865116,-0.006030569344328773,-0.0032215999079604485
MEW,1904-02-13,2.06656657636,10.6464,11.29319,182992.279095632,-0.01945890034103903,-0.015877272170354284
MEW,1905-02-19,1.87020600884,10.76529,11.34385,164865.19205031803,-0.08818416625158731,-0.09097227304793953
MEW,1906-02-25,1.89615262668,10.99174,11.47519,165239.32298114453,0.0016015465394960682,-0.006870815441837541
MEW,1907-03-03,1.82661316084,11.13463,11.597769999999999,157496.9292234628,-0.010721241456859931,-0.018807336417256737
MEW,1908-03-09,1.96358128564,11.18873,11.72355,167490.33233448913,0.037270698921425316,0.02867181964352472
MEW,1909-03-15,2.0060759108,11.42451,11.84329,169385.01977068873,0.014946760802841519,0.007420571321155478
MEW,1910-03-21,1.95532240644,11.41455,11.96028,163484.66812148213,-0.03178381897133564,-0.03906707640699503
MEW,1911-03-27,1.96846432952,11.4293,12.07153,163066.68082007833,0.014933243677695662,0.00759655531382597
MEW,1912-04-02,2.0850017146399997,11.42639,12.14768,171637.8530418977,0.040374372858895446,0.034723648826262776
MEW,1913-04-08,2.1016079260800002,10.34897,11.968320000000002,175597.57142857142,0.02966271185444702,0.04386353428005041
MEW,1914-04-14,1.38879033124,11.05212,9.00768,154178.47117570782,-0.2245856964851637,0.010842257029909153
MEW,1915-04-20,1.68475740004,8.74596,11.87247,141904.54050757762,0.23310257234346987,-0.06558342984569199
MEW,1916-04-26,1.72699155512,9.01571,11.73408,147177.41443044532,0.007425334988786725,0.01858584122614304
MEW,1917-05-02,1.7889711944,9.13386,11.77034,151989.76362619942,0.021011783633902104,0.018847757952257016
MEW,1918-05-08,1.75706447748,9.34406,11.77737,149189.88513394757,-0.04023871744213081,-0.040529555801584904
MEW,1919-05-14,1.84843534356,9.39063,11.796470000000001,156693.93840360717,0.020280247963407216,0.019176816567583854
MEW,1920-05-20,1.83653558868,9.45229,11.80874,155523.41644239775,-0.01661192194593164,-0.01736697349629257
MEW,1921-05-26,1.8344178278399998,9.65801,11.82703,155103.8449923607,-0.006108885423253607,-0.007265363531875457
MEW,1922-06-01,1.7472370016399998,9.82085,11.84946,147452.87984768924,-0.05573805055254055,-0.05708849622006085
MEW,1923-06-07,1.7067114948,9.88367,11.87845,143681.33003885185,0.025912195733521548,0.024124298259395216
MEW,1924-06-13,1.63837263772,9.55214,11.817070000000001,138644.5741389363,0.049090754734888664,-0.0471856621266592
MEW,1925-06-19,1.80965179512,9.04671,11.82066,153092.28039043504,0.10391153360044014,0.10336394941705462
MEW,1926-06-25,1.64613426692,9.27551,10.34724,159089.21286449334,-0.008591574292753257,0.045032541210426436
MEW,1927-07-01,1.7661464984800002,8.8649,11.71655,150739.46669284048,0.07395935207618143,-0.05312393762182366
MEW,1928-07-07,1.66529142832,8.77268,11.28836,147522.8844863204,-0.006972974504079521,0.021275116203599787
MEW,1929-07-13,1.5917335044,7.94965,11.02399,144388.14842901708,-0.10887352222762259,-0.09243736466013197
MEW,1930-07-19,1.54927361264,8.28008,10.73605,144305.7374583762,-0.04595394554395016,-0.024493636164702126
MEW,1931-07-25,1.50695578904,9.06798,9.86572,152746.66106883227,-0.11206973379491914,-0.041738841089037804
MEW,1932-07-31,1.3716332089199998,9.95467,9.63425,142370.5227620209,0.03950969891356926,0.05757894089900795
MEW,1933-08-06,1.3793273967200002,8.75675,9.45092,145946.36254671504,0.043698576468180095,0.055337012803159835
MEW,1934-08-12,1.36930333956,8.92668,9.22866,148375.09882908245,-0.03586192945020328,-0.01795864768403621
MEW,1935-08-18,1.1244869324,9.1626,7.83946,143439.33541340858,-0.07654800800418693,-0.024294434799869924
D10,1925-09-11,10.45797236848,9.88209,24.22982,431615.768027992,0.28072863258768277,0.2768994355866501
D10,1926-09-24,10.693289271080001,10.348,28.452772259499927,375825.9185977803,0.11349233741980913,0.03370227488176725
LIB,1837-01-13,0.25327314064,6.67757,3.76205,67323.17237676267,0,0
LIB,1838-01-19,0.24848400667999998,6.7949,3.77187,65878.20011824374,0.03222019438641688,0.030130911855352105
LIB,1839-01-25,0.2505888528,6.81008,3.7823900000000004,66251.45815212074,0.0011132195150602708,-0.0010197296045102444
LIB,1840-01-31,0.25000008696,6.86088,3.80218,65751.77581282317,0.005140367447427074,0.0009068112453483046
LIB,1841-02-06,0.24116305148,6.82848,3.81214,63261.85593393737,-0.02382686417021085,-0.025748881031075088
LIB,1842-02-12,0.32186103664,6.99662,3.8079999999999994,84522.33105042018,0.2996704997741775,0.3018247828467282
LIB,1843-02-18,0.34760529492000003,6.95016,3.81453,91126.63812317638,0.06670858076249919,0.06553112221002033
LIB,1844-02-24,0.37028148872,6.99128,3.8227999999999995,96861.32905723555,0.03337659876250765,0.031647089252422544
LIB,1845-03-02,0.37633676652000003,8.29908,3.84724,97819.93494557137,-0.025458367438779383,-0.030505588559521013
LIB,1846-03-08,0.37204462724,8.3677,3.87842,95926.8535228263,-0.017393607385408294,-0.02313783828986804
LIB,1847-03-14,0.430166295,7.69434,3.898,110355.64263724987,0.03139479403448209,0.027619611171301184
LIB,1848-03-20,0.54790410844,8.12643,3.9196199999999997,139785.0068220899,0.2803781837324082,0.2746732109797374
LIB,1849-03-26,0.7272599198799999,8.29354,3.9491399999999994,184156.53025215617,0.28822965490809693,0.28101447117126366
LIB,1850-04-01,0.77181715104,8.1183,3.9711399999999997,194356.5704155482,0.017991958890638537,0.013688363481953347
LIB,1851-04-07,0.75034987456,8.16418,3.99476,187833.53056504022,-0.00750744273325632,-0.011859190544046161
LIB,1852-04-13,0.88544681524,8.00441,4.01219,220689.15361436023,0.08696763012062525,0.08350881885403627
LIB,1853-04-19,0.93598733956,8.37142,4.03987,231687.48983506896,0.046121382778151476,0.04049939322287366
LIB,1854-04-25,0.9491589744,8.50414,4.06428,233536.80710974635,0.013240077770725778,0.008708964261216146
LIB,1855-05-01,0.96731819808,9.08106,4.08974,236523.1525916073,0.020275419250581628,0.015563291455183093
LIB,1856-05-07,0.98936056596,9.36849,4.12448,239875.22450345257,0.0242640284898914,0.017606235204868703
LIB,1857-05-13,0.95357477228,9.87282,4.16302,229058.4172739982,-0.03440037915411098,-0.04096482069521268
LIB,1858-05-19,1.02680853652,8.94816,4.20051,244448.53994395916,0.060532594447389565,0.053374282664030215
LIB,1859-05-25,0.98681477648,8.73686,4.23242,233156.15569343304,-0.0396567157815616,-0.04530746063049773
LIB,1860-05-31,0.9861249335600001,8.54684,4.26053,231455.93002748484,-0.015024985145906444,-0.019782942552863392
LIB,1861-06-06,0.97603933596,8.5448,4.28714,227666.77457699075,0.0048025351247660275,0.00011404092523759068
LIB,1862-06-12,1.0989664836800002,8.13229,4.30964,255001.9221280664,0.126133291326868,0.12150372151035604
LIB,1863-06-18,1.1216769974799998,8.05924,4.32191,259532.70602118043,0.019954942201207748,0.017724879900977264
LIB,1864-06-24,1.11107379396,9.42006,4.35384,255193.9882862025,-0.007484550717186567,-0.012970785920364492
LIB,1865-06-30,1.1959171952,9.54999,4.39361,272194.6634316655,0.0393553163814091,0.03234695965741574
LIB,1866-07-06,1.21289367316,9.62321,4.43407,273539.5862401811,0.003501493714187953,-0.003421044004210172
LIB,1867-07-12,1.2188301044399998,10.21352,4.47851,272150.80561168777,-0.011782022852898644,-0.01938285152983399
LIB,1868-07-18,1.2517741886,10.26619,4.52706,276509.2993245064,-0.013816853602435786,-0.02172517401548979
LIB,1869-07-24,1.2947187941999998,10.72058,4.57878,282765.01474191813,0.021630122118952544,0.012832542347142484
LIB,1870-07-30,1.30476955804,10.51986,4.62863,281891.0904608923,-0.011043127163020916,-0.019019584892899233
LIB,1871-08-05,1.35596918444,10.43656,4.67923,289784.6834714259,0.031473020960313125,0.022934602220150424
LIB,1872-08-11,1.31949374492,11.46855,4.73708,278545.801405085,-0.022945062139165362,-0.03182838886159378
LIB,1873-08-17,1.4166921553199998,11.91397,4.80878,294605.3167996872,0.06102999516197061,0.04918416168362083
LIB,1874-08-23,1.36832046676,11.90422,4.88779,279946.6562106801,-0.010500918050434516,-0.022884566069664936
LIB,1875-08-29,1.40913533176,12.18125,4.96362,283892.66941466107,0.030456667330789555,0.018577953329493635
LIB,1876-09-04,1.4302891512,12.2022,5.04293,283622.6461997291,-0.008732629704995665,-0.020450709032030057
LIB,1877-09-10,1.46543366892,12.68872,5.12576,285895.88059526787,0.010436032154513608,-0.0019583500948023858
LIB,1878-09-16,1.48563861472,12.30248,5.20986,285159.02821189055,0.03624810435905612,0.02358131871614111
LIB,1879-09-22,1.5081787770400001,12.26245,5.29463,284850.64622834837,0.0016153659792650377,-0.010517432039217511
LIB,1880-09-28,1.49811713688,12.1586,5.37908,278508.06027796573,-0.006982352176223783,-0.018824056403588973
LIB,1881-10-04,1.6774691429600002,13.44301,5.46927,306708.05115856417,0.08350622757796278,0.07012640238287182
LIB,1882-10-10,1.7266693964,13.49651,5.56498,310274.1422970073,0.02244631517992257,0.009098740058421706
LIB,1883-10-16,1.84512733288,13.49802,5.66237,325857.7826740393,0.03491136566020825,0.021414231168588316
LIB,1884-10-22,1.97907448648,13.6752,5.76479,343303.83005799,0.050022115927844446,0.0360668320451174
LIB,1885-10-28,2.10028147784,13.92269,5.87023,357785.21077368344,0.0625100189307628,0.048057732555333965
LIB,1886-11-03,2.1525799334,14.04364,5.97786,360092.06194189895,0.01886406219990877,0.004884613111508118
LIB,1887-11-09,2.1573528558399997,13.99988,6.08787,354369.07421479106,-0.0012552792173170513,-0.014815774189919084
LIB,1888-11-15,2.21493739376,13.82302,6.26662,353450.08852619113,0.04423305569849889,0.022444709946976005
LIB,1889-11-21,2.18753849756,13.75796,6.43435,339978.16369330237,0.014473572596709339,-0.006142504301281382
LIB,1890-11-27,2.0367414574,13.97762,6.547399999999999,311076.37495799863,-0.08674434762703165,-0.0985857171270077
LIB,1891-12-03,2.07334026796,14.27739,6.67187,310758.49319006514,0.007538893312799999,-0.006727986504757366
LIB,1892-12-09,2.37834434084,14.05609,6.79933,349790.98541179794,0.15224506347590716,0.1359994403390934
LIB,1893-12-15,2.4306774336,14.18207,6.927800000000001,350858.4880625884,0.00045078738124826323,-0.013628328967698278
LIB,1894-12-21,2.4553458904,13.13742,7.05396,348080.4952679062,-0.049535056085181606,-0.062430043154609094
LIB,1895-12-27,2.57842922428,13.48367,7.17968,359128.71106790274,-0.02191115279496647,-0.034928530585078166
LIB,1897-01-02,2.5825015044399997,13.15954,7.30415,353566.3293388005,-0.009250221954944404,-0.02198170181072512
LIB,1898-01-08,2.63740862944,13.54121,7.42932,355000.0039626776,0.010695113761056252,-0.0021645785597576017
LIB,1899-01-14,2.58750615448,13.81729,7.56658,341965.0825709898,-0.013473240855989554,-0.02698638168592371
LIB,1900-01-20,2.7674519314,14.30634,7.7106,358915.2506160351,0.04370639584012137,0.0289748189144865
LIB,1901-01-26,2.8168950482399997,14.22819,7.86096,358339.8272272089,0.028306094087095834,0.013501168761800963
LIB,1902-02-01,2.83716839328,14.36167,8.01364,354042.40685631,0.002017686679143038,-0.012382962789487806
LIB,1903-02-07,2.9147151347599998,14.30424,8.16763,356861.7989257593,0.015037404618315042,0.00047837051466048663
LIB,1904-02-13,2.98712892816,14.27459,8.3264,358753.95466948504,-0.017129979295950948,-0.0312944995820571
LIB,1905-02-19,2.98370912632,14.44399,8.486,351603.7150978081,-0.039372022294993814,-0.053073441515349984
LIB,1906-02-25,3.02268391048,14.47393,8.6495,349463.42684317013,0.00643595668416963,-0.008052121622315389
LIB,1907-03-03,2.93351666036,14.56193,8.81178,332908.52249602234,-0.025316363652738705,-0.03898387460465025
LIB,1908-03-09,2.92116964048,14.59996,8.97852,325350.90866646176,0.019470500075393193,0.005220711812200962
LIB,1909-03-15,3.28986601112,14.56532,9.1457,359717.245385263,0.06057349650291277,0.04589695594397414
LIB,1910-03-21,3.4174868213200003,15.0029,9.31379,366927.62251671986,0.005915350491226157,-0.007876199534728956
LIB,1911-03-27,4.06180788884,15.49832,9.48753,428120.6898781875,0.15039127140044117,0.13447787058929994
LIB,1912-04-02,3.90521619748,15.62226,9.66192,404186.35193419113,0.004141901531734549,-0.009568030795201743
LIB,1913-04-08,4.42709089836,15.82974,9.83922,449943.27785739116,0.11583220260928728,0.10063931888644762
LIB,1914-04-14,4.0622825568,16.39334,10.01737,405523.8607339052,-0.028004373566951624,-0.04108027608008469
LIB,1915-04-20,3.95438509908,16.36162,10.19759,387776.43532246345,0.03555631912802659,0.02170468893520061
LIB,1916-04-26,4.25300640804,14.45096,10.38537,409519.00683750317,0.019348474800345628,0.005458598880359711
LIB,1917-05-02,4.83425659704,14.48085,10.56852,457420.39538554125,0.15654229814603582,0.14130113547141931
LIB,1918-05-08,4.65034602292,14.58289,10.75451,432408.9170887377,-0.04407884427529796,-0.05661778872443657
LIB,1919-05-14,4.712799565759999,14.78467,10.94509,430585.7298350219,0.06827512330715813,0.054236820056902335
LIB,1920-05-20,5.1777887304,14.63404,11.13473,465012.50864637044,0.03911878611231279,0.02569662225453495
LIB,1921-05-26,5.17985482092,16.56416,11.33395,457021.146283511,-0.0287641930776944,-0.04168660456513351
LIB,1922-06-01,4.38439398228,16.41723,11.53567,380072.7640683203,-0.15245627187387834,-0.1637105473652566
LIB,1923-06-07,4.73712848388,14.80242,11.73554,403656.6262719909,0.04914163269354388,0.035679133647393835
LIB,1924-06-13,4.894370567839999,14.87626,11.93675,410025.3894770352,0.04858488210825218,0.03515129135929884
LIB,1925-06-19,5.11498460148,14.83185,12.14277,421237.04899952805,0.07997429237690268,0.06612476877108953
LIB,1926-06-25,5.33278156112,14.8005,12.34658,431923.784652916,0.0585960384831441,0.04536856418382862
LIB,1927-07-01,5.22377726104,16.84474,12.56631,415696.9914827822,0.017519608763467254,0.00407602544118113
LIB,1928-07-07,3.21553843988,16.09149,12.77245,251755.80565044296,-0.3007260177046196,-0.3092314960679139
LIB,1929-07-13,2.72449209084,15.25475,12.49796,217994.94404206765,-0.0019317460216563553,0.006510847199438841
LIB,1930-07-19,3.3864677314,15.68424,11.83128,286230.03862642084,0.0509948233466746,0.1019443980490935
LIB,1931-07-25,2.664501125,12.86794,8.93735,298131.00359726313,-0.16328980302387253,0.08689394988509913
LIB,1932-07-31,3.70375001776,13.66751,11.74906,315237.9865078568,0.27652051182646464,-0.010683979738763338
LIB,1933-08-06,4.00011353144,13.84574,11.87831,336757.7990000261,0.0077779259089687525,-0.00048691989362026344
LIB,1934-08-12,4.31159991964,14.28428,12.01043,358987.972923534,0.020806378927347602,0.012363036275565564
LIB,1935-08-18,4.66466746772,14.79388,11.81375,394850.7008968363,0.07673411578629818,0.08165062512555488
BMB,1876-07-10,0.11914206148,12.38275,3.88596,30659.621169543694,-0.010489307680098592,-0.004633450226076197
BMB,1877-07-23,0.12205101792,12.3729,3.88596,31408.202328382176,-0.13774610082138983,-0.12438690512289574
BMB,1878-07-22,0.2553536466,11.00508,7.62488,33489.529881126,1.0422740298070825,0.04006186562023273
BMB,1879-08-04,0.25892272328,11.3776,7.624880000000001,33957.61287784201,0.03795085099653872,0.03750262600527399
BMB,1880-08-17,0.26655557864,11.35579,8.52878,31253.658628783956,0.028990520438603617,-0.06783406043128382
BMB,1881-08-09,0.27058452980000003,11.37595,8.52878,31726.053409749115,0.012402817937725796,0.01226911677710052
BMB,1882-08-15,0.54949010272,10.7656,12.83938,42797.2458732431,1.002716162818202,0.9363990506759312
BMB,1883-08-28,0.67226810716,10.63748,12.83938,52359.85749779195,0.09335028411928858,0.09256360544437525
BMB,1884-08-27,0.6197720770799999,10.62424,12.758423661453113,48577.480535664494,-0.08746683265935051,-0.09136381930196735
BMB,1885-09-09,0.62007293816,10.49871,14.56713,42566.58230962448,-0.0621644602496455,-0.1719733025354513
BMB,1886-09-22,0.754541125,10.43812,15.00519,50285.342938010115,0.16157409456565763,0.1213905639788666
BMB,1887-09-14,0.88731131892,10.49696,15.15939,58532.12556178052,0.1109820331242306,0.09826391540770119
BMB,1888-09-20,0.64700354888,10.41541,15.2225208365803,42503.04899075755,-0.17384108388760733,-0.1822225293259172
BMB,1889-10-03,0.71348179136,10.42309,15.15939,47065.33649177177,0.12554452684295692,0.12325926067700332
BMB,1890-10-02,0.78523121144,10.46562,15.15939,51798.33828669887,0.10333846243209921,0.09505187154529482
BMB,1891-10-15,0.84814738164,10.36808,15.15939,55948.64843770099,0.11743902345564106,0.11876086902507876
BMB,1892-10-28,0.88989337528,10.10912,18.24019788507287,48787.48470203041,0.004617937711576703,-0.05039333033614013
BMB,1893-10-20,1.02568914084,10.03186,17.38466,58999.66642085609,0.1562253588451894,0.16111701158750513
BMB,1894-10-26,1.01009434916,10.04226,17.38466,58102.6231838874,-0.018757626479988243,-0.019066651409408886
BMB,1895-11-08,1.10402596356,10.09961,18.23881,60531.68839195101,0.07279619370621737,0.07015496762283835
BMB,1896-11-07,1.17229966672,10.03036,18.23881,64275.00844188848,0.054496811957121194,0.055895448415883564
BMB,1897-11-20,1.13872712668,9.91751,19.18707,59348.672135974906,-0.022201252415011252,-0.0389500571679281
BMB,1898-12-03,1.10474641316,9.94615,19.18707,57577.650634515856,-0.006887712551303826,0.0002084729430393839
BMB,1899-11-25,1.11196663916,9.89933,19.18707,57953.95749116463,0.014264059275562735,0.013079218028420048
BMB,1900-12-01,1.19319301608,9.86037,19.18707,62187.348880261554,0.08567271006576971,0.08570867460729392
BMB,1901-12-14,1.13422838048,9.71416,19.18707,59114.204538785765,-0.025106325831107723,-0.02393203236930397
BMB,1902-12-13,1.3812110421200001,10.07613,19.187070000000002,71986.55355507642,0.12817989188695167,0.11022510112899808
BMB,1903-12-26,1.36846042476,10.07716,19.26066059673443,71049.50621434124,-0.014691624902405165,-0.013767252096730798
BMB,1905-01-08,1.2704347817200001,9.85122,19.18707,66213.0685779538,0.023264821213830222,0.0076643096909687625
BMB,1905-12-31,1.19120817556,10.30491,22.39832,53182.925128313196,-0.018463390978764926,-0.16129495105641933
BMB,1907-01-06,1.45330213756,9.74774,22.39832,64884.426044453336,0.15160416693083945,0.15437754124535075
SGU,1837-01-13,0.08972367092,8.6879,2.23006,40233.74748661471,0,0
SGU,1838-01-19,0.05579796404,9.40125,2.26609,24623.013225423525,-0.12735636818524876,-0.13798312398932377
SGU,1839-01-25,0.058516198,9.5094,2.30394,25398.316796444353,0.07185144658344966,0.05809829160971258
SGU,1840-01-31,0.054379602160000005,9.95721,2.34137,23225.54835843972,-0.05224844040078258,-0.06347216205541717
SGU,1841-02-06,0.055559206039999996,10.01294,2.38241,23320.589671802918,0.023007315012081753,0.00961096595483868
SGU,1842-02-12,0.058289625160000004,10.08139,2.42493,24037.652699253176,0.04689151052110807,0.03319504427919884
SGU,1843-02-18,0.05696266212,9.50213,2.46601,23099.120490184552,-0.02396609877249556,-0.036301635708409274
SGU,1844-02-24,0.06243350464,9.62076,2.49925,24980.89612483745,-0.19508273588570046,-0.20294740010849877
SGU,1845-03-02,0.06302788284,9.65549,2.53937,24820.283314365373,0.006992885910155788,-0.004785595750943061
SGU,1846-03-08,0.06369634960000001,9.69082,2.57894,24698.65510636153,0.0081100477500744,-0.0037179494735103402
SGU,1847-03-14,0.06303060192,10.08801,2.61985,24058.859064450255,-0.016044634658451296,-0.027869181230289697
SGU,1848-03-20,0.08575618323999999,9.78595,2.66219,32212.645693958733,0.3074136628772737,0.29206252796900656
SGU,1849-03-26,0.09096733516,10.49468,2.70957,33572.60936606178,0.0636430690474068,0.04949451742366895
SGU,1850-04-01,0.08927381944000001,10.52088,2.75838,32364.583356897892,-0.007249493649084338,-0.020563680647270655
SGU,1851-04-07,0.09542637104,9.83685,2.80285,34046.19263963466,0.15684395026113784,0.143244922598335
SGU,1852-04-13,0.10566826608,9.85154,2.84826,37099.23464852226,0.052830596679003694,0.04010864568162131
SGU,1853-04-19,0.10416569072,9.84232,2.8957000000000006,35972.54229374589,-0.013421060933920592,-0.02534114974548063
SGU,1854-04-25,0.10416701568,9.85453,2.94193,35407.71387490525,-0.0001046089655463156,-0.012203848433072206
SGU,1855-05-01,0.12620201516,9.63783,2.98889,42223.70684769262,0.08289620340797343,0.06970129217530219
SGU,1856-05-07,0.10449030124,9.49069,3.02633,34527.06784785532,-0.17363659657848363,-0.18084897325128946
SGU,1857-05-13,0.1042501928,9.51115,3.07079,33948.98146730971,-0.0021193590146885155,-0.013215345210372709
SGU,1858-05-19,0.10398356384,9.51727,3.11732,33356.717898707866,-0.0018898866323731056,-0.013056289858797587
SGU,1859-05-25,0.13750216063999998,8.09658,3.15886,43529.04549109489,0.3184122510065428,0.3047592565928452
SGU,1860-05-31,0.141671569,7.66011,3.18009,44549.54702539865,0.025717990193495188,0.02061299758167512
SGU,1861-06-06,0.11376763008,7.46734,3.1964700000000006,35591.646434973576,-0.1933510528522523,-0.19621579282944457
SGU,1862-06-12,0.1134862274,7.50337,3.2188799999999995,35256.433107167715,-0.001811514645660539,-0.0071359971581616
SGU,1863-06-18,0.1112922746,7.37079,3.2410700000000006,34338.127408541004,-0.020140746285170485,-0.025264127555944538
SGU,1864-06-24,0.11179149331999999,8.27658,3.26748,34213.36727998335,0.0037047959876532754,-0.002284399706777185
SGU,1865-06-30,0.11187463248,9.17858,3.3010299999999995,33890.82573620961,0.0006120963682860747,-0.007156245022904573
SGU,1866-07-06,0.12394190432,9.28848,3.3447800000000005,37055.32331573377,0.14940998560282548,0.13799827213463112
SGU,1867-07-12,0.12725257064,9.31338,3.39079,37528.8857876778,-0.0002692414472771354,-0.010365971758879655
SGU,1868-07-18,0.12593427392,8.91017,3.43348,36678.3187669653,-0.021589985416943125,-0.030668346992768325
SGU,1869-07-24,0.12308192312,8.79383,3.48107,35357.49729824451,-0.018595021328019934,-0.02873790655833197
SGU,1870-07-30,0.12566368256,8.84007,3.5292099999999995,35606.74557762219,0.009966414367700072,-0.0004674805525637371
SGU,1871-08-05,0.12540200088,8.82995,3.5779600000000005,35048.463616138804,-0.003528219726288695,-0.013826396782037342
SGU,1872-08-11,0.12726933388,8.8638,3.6283199999999995,35076.65638091459,0.01363092476447303,0.0031388342756557552
SGU,1873-08-17,0.12781899884,8.86543,3.6773299999999995,34758.64250420822,0.0028402136907796915,-0.00743051109986459
SGU,1874-08-23,0.12883322244,8.88132,3.7277,34561.04902218526,0.004006631663365123,-0.0062080943535403055
SGU,1875-08-29,0.16566119856,8.93103,3.78353,43784.82490161304,0.11305371971147782,0.10071962952352242
SGU,1876-09-04,0.14210159392000002,8.95866,3.83237,37079.29921171495,-0.17479403134840388,-0.1828712863199794
SGU,1877-09-10,0.14599801528,8.67225,3.88808,37550.15721898726,0.027319610431562946,0.016088455268562285
SGU,1878-09-16,0.1571181976,8.5699,3.94172,39860.314177567154,0.09249047234683117,0.08144536085337717
SGU,1879-09-22,0.15652943072,8.50117,3.99385,39192.61632760369,-0.003960512672755212,-0.01380312302085629
SGU,1880-09-28,0.14863321356,8.41694,4.04631,36733.02677254091,-0.036576163797528594,-0.04605605723836226
SGU,1881-10-04,0.1494292046,8.35904,4.08828,36550.62877298032,0.0043677830504673665,-0.0032970663693663305
SGU,1882-10-10,0.15026079276,8.62785,4.13041,36379.147048355975,0.004217208048005405,-0.003422410687665245
SGU,1883-10-16,0.16088091863999998,8.41281,4.17553,38529.46060500104,0.06182887807328141,0.05320394973849152
SGU,1884-10-22,0.16162079076,8.39687,4.21675,38328.283810991874,0.005793967391593213,-0.0018304526100364482
SGU,1885-10-28,0.15508882272,8.17777,4.25816,36421.55830687433,-0.04210482402525062,-0.049220711073261314
SGU,1886-11-03,0.16444045332,8.45399,4.30105,38232.63001360133,0.05833962047997665,0.05053297063149653
SGU,1887-11-09,0.1538015466,8.06196,4.34302,35413.50180289292,-0.0631926208265865,-0.07025219613992928
SGU,1888-11-15,0.164012849,8.36496,4.38378,37413.56751479317,0.02512550987472939,0.017950540301115314
SGU,1889-11-21,0.16944229068,8.70894,4.43389,38215.26710856607,0.02851520792426121,0.0197389482295125
SGU,1890-11-27,0.17785770444000001,8.77187,4.48359,39668.59245381491,0.04749251197848059,0.038701258704643804
SGU,1891-12-03,0.1744459756,8.69329,4.53389,38476.005284645194,-0.021483715443806117,-0.029739000326844844
SGU,1892-12-09,0.17580963868,8.68011,4.58474,38346.69767096935,0.0028807848801273295,-0.005503803967631171
SGU,1893-12-15,0.20829971656000001,8.66464,4.63556,44935.17861056701,0.032317074471504004,0.02365732724505465
SGU,1894-12-21,0.17368984984000002,8.74842,4.68232,37094.8268892344,-0.18448242543464743,-0.19039127927994792
SGU,1895-12-27,0.1927340558,8.89759,4.73689,40687.889269119616,0.027659805901517842,0.01859744403975938
SGU,1897-01-02,0.19332117272,8.89609,4.79313,40332.97088124044,0.002392093735384071,-0.006566117157593032
SGU,1898-01-08,0.1946901814,8.91529,4.8521,40124.93176150533,0.0036242037212161904,-0.005429871464999847
SGU,1899-01-14,0.19716493108000002,9.69114,4.9182,40088.83963238584,0.006944801781372911,-0.0032678840142355003
SGU,1900-01-20,0.19259489756,9.4212,4.99118,38587.04706301917,0.009258680143344522,-0.002059502556535975
SGU,1901-01-26,0.19874252112,9.67226,5.06438,39243.20866917569,0.016037467641283998,0.005072070799671646
SGU,1902-02-01,0.19250355019999998,8.77862,5.1249,37562.40125660988,-0.021765457896138485,-0.030440055123153398
SGU,1903-02-07,0.19255417428000002,8.64873,5.18151,37161.78764105444,0.008329940410163994,0.00020778128430198883
SGU,1904-02-13,0.20127447652,8.58402,5.242260000000001,38394.60013810837,0.014226110107348644,0.005133450873729961
SGU,1905-02-19,0.19723027324,8.56855,5.29566,37243.75681973541,-0.03676279691288087,-0.04405032042911006
SGU,1906-02-25,0.18952290708,8.51985,5.347299999999999,35442.7294298057,0.06643813452374903,0.05884069051011598
SGU,1907-03-03,0.19648653284,9.06477,5.40816,36331.494046034146,0.014507314645135105,0.005615705462324483
SGU,1908-03-09,0.19355411244,8.94636,5.47032,35382.594151713245,-0.011027441755149026,-0.0195906194413491
SGU,1909-03-15,0.2001091066,8.87817,5.54133,36112.1078513642,0.007036359443764351,-0.00241093869166209
SGU,1910-03-21,0.18163169076,9.14326,5.61352,32356.113590046883,-0.02961955901491542,-0.03916085989838625
SGU,1911-03-27,0.20565712283999998,9.1092,5.68781,36157.52334202443,0.02140992832042854,0.01116387158785681
SGU,1912-04-02,0.20241773344,8.08512,5.74704,35221.2153456388,-0.005051673546712321,-0.012476130951649456
SGU,1913-04-08,0.20181876572,7.8673,5.79932,34800.418966361576,0.0011204520070655644,-0.0056776613995814795
SGU,1914-04-14,0.2417089766,8.42684,5.85758,41264.30652248881,0.23099451065024756,0.22217529033729555
SGU,1915-04-20,0.255010171,8.21825,5.9223,43059.31327355926,0.002884316784016683,-0.005669044630529418
SGU,1916-04-26,0.25798577116,8.07594,5.98275,43121.60313568175,0.010764868512699977,0.0030128140046243868
SGU,1917-05-02,0.25869359255999996,8.021,6.04287,42809.72328711357,0.0018942444944425318,-0.005393221903791212
SGU,1918-05-08,0.28717892788,9.48819,6.11988,46925.58152774237,0.10664201667271955,0.09582342350889483
SGU,1919-05-14,0.2846675078,9.19761,6.20505,45876.74681106518,-0.012851606158511775,-0.023290298915509045
SGU,1920-05-20,0.28183475684,9.00543,6.28545,44839.23296502239,-0.011085951986308462,-0.020338803812701922
SGU,1921-05-26,0.28577920955999997,9.03035,6.35853,44944.226033375635,0.011164553055442283,0.0022830346193749573
SGU,1922-06-01,0.28238576392,8.79166,6.42539,43948.423974264595,-0.003104450926618152,-0.01124617102547687
SGU,1923-06-07,0.32540178216,8.83705,6.48871,50148.917452005095,0.14119832366518703,0.13301095108162486
SGU,1924-06-13,0.32410633008,9.02925,6.54995,49482.260182138794,0.016100929834473643,0.008620407030756505
SGU,1925-06-19,0.3179334132,8.95955,6.60635,48125.426778781024,-0.019171143095878862,-0.025242315905265378
SGU,1926-06-25,0.31913116820000004,8.89494,6.65642,47943.36418074581,-0.001560691811164805,-0.007489241781615252
SGU,1927-07-01,0.32312334288,8.7643,6.6807,48366.68955049621,0.013523968054417024,0.010454474255457091
SGU,1928-07-07,0.31995041624,8.31982,6.68666,47849.06309577577,-0.006644989817013003,-0.006930704154605505
SGU,1929-07-13,0.31964934091999997,8.2744,6.69028,47778.17085682513,-0.017716721105629607,-0.01824281701966457
SGU,1930-07-19,0.37199402344000004,8.4172,6.68314,55661.56379187029,0.16994915363379848,0.17062019653677218
SGU,1931-07-25,0.30423351816,8.20081,6.62173,45944.718096328295,-0.041747648310966,-0.03916398461093695
SGU,1932-07-31,0.2876919812,8.18638,6.34722,45325.66717397537,-0.04203440561177341,-0.0109472935321131
SGU,1933-08-06,0.28807285052,8.08351,6.366,45251.7829908891,0.007054646154734945,0.004921793841401456
SGU,1934-08-12,0.29295763588,8.12924,6.3678,46006.09879079117,-0.021025456358520267,-0.021333470369339413
SGU,1935-08-18,0.30633041608,8.40505,6.37779,48030.809430853005,0.053320233247295734,0.05245449451432371
URU,1837-01-06,0.11246878084,10.3148,1.4481,77666.44626752297,0,0
URU,1838-01-05,0.11580748608000001,10.7521,1.5007100000000002,77168.46431355824,0.05245258710290379,0.025006729180163223
URU,1839-01-04,0.15896034908,10.41552,1.55457,102253.58078439698,0.2821801385620102,0.24810597069884532
URU,1840-01-03,0.25229971208,9.89969,1.60648,157051.26243712963,0.3428917484661709,0.30868597167179024
URU,1841-01-09,0.21124827204000002,10.64454,1.43149,147572.3002186533,-0.13867125401612368,-0.09932013045733634
URU,1842-01-08,0.22860055244,10.47524,1.7127300000000003,133471.44759535944,0.027476763419719497,-0.1137006247830763
URU,1843-01-07,0.20891366912,10.04408,1.76591,118303.68995022395,-0.02894417720920528,-0.05138071659715304
URU,1844-01-06,0.2292969822,10.05608,1.81962,126013.66340224881,0.07849955347016446,0.05354009891824507
URU,1845-01-05,0.25971568376000004,9.81502,1.8732299999999997,138645.9130806148,0.043749019970304115,0.020634271590974196
URU,1846-01-04,0.34764115724,9.56783,1.92248,180829.5312513004,0.30457501035870305,0.2793515110473306
URU,1847-01-03,0.33871383831999996,10.11469,1.9827,170834.63878549452,0.07528630226119515,0.050327639816768244
URU,1848-01-09,0.3255280184,10.0839,2.05402,158483.3732875045,0.055314481303833096,0.027569771979181867
URU,1849-01-08,0.30349510204,10.05033,2.12631,142733.2336489035,-0.004928596991127132,-0.030611058382981504
URU,1850-01-07,0.27232703732,9.56801,2.19531,124049.46787469651,-0.1156912641161898,-0.13741215645654736
URU,1851-01-06,0.294377772,9.28479,2.2624,130117.4734794908,-0.03469357512852478,-0.05683407533907303
URU,1852-01-05,0.39301816736,7.7802,2.6414100000000005,148791.049992239,0.34207390631838197,0.1734610826964169
URU,1853-01-04,0.42536855088,7.95663,2.70889,157026.88218421568,0.041475034946064415,0.021190857358441617
URU,1854-01-03,0.4238462696,7.87342,2.77331,152830.46958327774,0.025947936649170833,0.007384680582292802
URU,1855-01-09,0.37601319496,6.75944,2.82504,133100.13131141505,-0.022403824205137646,-0.010982864610160403
URU,1856-01-08,0.38887756180000005,7.71891,2.87899,135074.3009874991,-0.007220477430559091,-0.02144740842228554
URU,1857-01-07,0.37572157168,7.30152,2.93439,128040.77565695085,-0.005662849317956242,-0.020087637944998238
URU,1858-01-06,0.40951927120000003,7.60073,2.97803,137513.4807909927,0.08739232885925441,0.07559641260730254
URU,1859-01-05,0.42002729912,7.3107,3.0284900000000006,138691.98812609582,0.061657061936362334,0.0483237518147106
URU,1860-01-04,0.40567805407999996,7.64457,3.08118,131663.21152285812,-0.052874831488467056,-0.0651799240470996
URU,1861-01-03,0.41531003696,7.93747,3.1251799999999994,132891.55727350106,0.03639723866906075,0.026012473392931224
URU,1862-01-09,0.48520057248,8.79604,3.19853,151694.86372802506,0.18275437077074863,0.16148133132655818
URU,1863-01-08,0.49722227931999996,8.93104,3.27205,151960.4771687474,-0.006997991530134251,-0.024298240779643487
URU,1864-01-07,0.49538775728,9.1926,3.347,148009.48828204363,-0.015845435926782225,-0.032714825905385214
URU,1865-01-06,0.51709307468,9.14602,3.4192699999999996,151229.08535447626,0.004955208995048643,-0.011571095922595753
URU,1866-01-05,0.5537695644,9.41759,3.48976,158684.13999816607,0.0765985225166339,0.059569928658213644
URU,1867-01-04,0.5499536899999999,9.78866,3.56008,154477.90218197342,-0.005146711528045911,-0.02015011532487576
URU,1868-01-03,0.5994449546799999,10.44438,3.62991,165140.44554272693,0.07059550218193533,0.05473790531376177
URU,1869-01-09,0.611181155,11.27112,3.7010100000000006,165139.01745739675,0.06448013026930077,0.04880207658451363
URU,1870-01-08,0.66912506388,11.62691,3.7785999999999995,177082.79888847723,0.10701763169393619,0.08952202497726947
URU,1871-01-07,0.67312100804,12.01984,4.27835,157331.91722042378,0.10460451379656632,-0.0003779101857953604
URU,1872-01-06,0.6725613091599999,11.97935,4.89212,137478.49790274972,0.04326213221119568,-0.016931522372384822
URU,1873-01-05,0.76056376812,12.72565,7.15522,106294.95223347431,0.05493772263298213,-0.23170824835533965
URU,1874-01-04,0.90639144076,12.75766,7.76688,116699.55513153288,0.1165595006845368,0.04787516928443969
URU,1875-01-03,0.9690956605200001,12.71278,8.16504,118688.41555215897,0.09144074781203826,0.049019021269743224
URU,1876-01-09,1.0433124998399999,11.89391,8.45937,123332.17483571472,0.01662039340045407,-0.007221957932086909
URU,1877-01-08,1.06793948352,11.99558,8.70475,122684.68175651225,-0.002749982793954553,-0.0239914973449038
URU,1878-01-07,1.1394066502,11.83626,8.88757,128202.27015933489,0.07059565775781862,0.05369175090474321
URU,1879-01-06,1.23106364108,11.89661,9.3508,131653.29609017412,0.07911120163792718,0.04370235881931972
URU,1880-01-05,1.38342199528,11.55692,10.00424,138283.56729546672,0.07688751429249652,0.018662135896365006
URU,1881-01-04,1.38168331496,11.40491,10.5191,131349.95531556883,-0.02489467645229415,-0.06857841369948492
URU,1882-01-03,1.40501804144,11.34317,11.11449,126413.1814811116,-0.0035375926859601003,-0.04385040426820208
URU,1883-01-09,1.46789720324,11.73064,12.15221,120792.61329749897,0.04836815047712517,-0.02092139430406348
URU,1884-01-08,1.6095538518799999,12.60277,13.20729,121868.59316937842,0.07989566692476546,0.014395904430651196
URU,1885-01-07,1.67669087664,13.88585,14.14402,118544.15340476045,0.000656858701842955,-0.048387268040009146
URU,1886-01-06,1.8214194299600002,14.2771,14.71381,123789.78863802101,0.08081432959915302,0.047069526024211106
URU,1887-01-05,1.96131750204,14.28641,15.23039,128776.5777527693,0.06440106841492743,0.03634827684669961
URU,1888-01-04,2.06643565336,14.64822,16.07865,128520.4699001471,0.035264876554601754,-0.008378357720610241
URU,1889-01-03,2.2045474666800002,14.92197,16.80398,131191.9834872453,0.023624987992999946,-0.010438107365492999
URU,1890-01-09,2.26169815716,15.04924,17.67131,127987.01155488756,0.07206708086437774,0.03133993512565603
URU,1891-01-08,2.36694335696,15.39576,18.19167,130111.38377949908,0.02999402583148636,0.010579778664836725
URU,1892-01-07,2.56237315048,15.60052,19.19293,133506.09575921966,0.05864399897122641,0.014211214341368406
URU,1893-01-06,2.81949359224,15.62364,19.76611,142642.81602399258,0.07812594662467975,0.05524585868032417
URU,1894-01-05,2.89055982644,15.48018,20.525099999999995,140830.48688873625,0.04443313746651367,0.013108728634730005
URU,1895-01-04,3.03600149216,15.53356,21.254979999999996,142837.18414037558,0.01783954054342285,-0.010687660542692767
URU,1896-01-03,3.25605568444,15.4607,21.89631,148703.3972591729,0.03904932866270694,0.017373162207605874
URU,1897-01-09,3.08961155308,15.2521,22.89554,134943.81670316576,-0.030283331968692373,-0.06302884773401596
URU,1898-01-08,3.73008686232,15.14304,23.41037,159334.81027083297,0.18908780860065622,0.16884125085298884
URU,1899-01-07,3.41604008096,16.35172,23.92267,142795.10108863265,-0.09169519379808955,-0.10681047238959696
URU,1900-01-06,4.6600754798,15.64942,24.69083,188737.0930746354,0.2716560565401318,0.24219158876543068
URU,1901-01-05,4.86476562572,15.62909,25.48936,190854.75766045126,0.03801593469393838,0.011985522439688312
URU,1902-01-04,5.07957640996,15.21978,26.2781,193300.74891107043,0.03115573235653324,0.006570166625590623
URU,1903-01-03,4.9524601292399995,15.44385,27.08658,182838.1482357684,-0.017556961007608174,-0.03878545758786267
URU,1904-01-09,4.08857494188,15.98356,28.032860000000003,145849.36898625398,-0.09902634263751686,-0.12204926016410866
URU,1905-01-08,4.82583160384,15.95777,28.63058,168555.1464147775,0.1701787440229574,0.15133562175767357
URU,1906-01-07,4.833682114559999,15.99258,29.40006,164410.62074567194,-0.008572887251154349,-0.02864429825999648
URU,1907-01-06,5.11942876484,15.73895,30.28322,169051.6650752463,0.046033167461090096,0.021962907843831037
URU,1908-01-05,5.89252225328,15.60051,30.94227,190436.0039932429,0.11800056328381281,0.100025698335938
URU,1909-01-04,5.74862336464,15.98019,31.647890000000004,181643.179518129,0.038036578947893585,0.01988492847789658
URU,1910-01-03,6.31382907948,15.88146,32.3735,195030.78380403726,0.06056235209839378,0.04181609155150312
URU,1911-01-09,6.4207429961999996,15.96256,33.00528,194536.8436868283,0.00663762612415586,-0.007990320093977599
URU,1912-01-08,6.78802120568,15.97017,33.62596,201868.4732177163,-0.019198890290964887,-0.03320686371294135
URU,1913-01-07,8.1349901464,16.85646,34.22805,237670.27763486377,0.14242545851895172,0.1269061317027893
URU,1914-01-06,8.14300736964,17.38647,34.76448,234233.54440049155,0.025054792131171677,0.01294892420524163
URU,1915-01-05,8.886248215,17.84954,35.27173,251936.8404952068,0.08080122818157864,0.06894304673956864
URU,1916-01-04,8.10026127768,16.87822,35.79114,226320.29261096462,-0.039583983560778524,-0.0502797806945352
URU,1917-01-03,8.824117704479999,16.71129,36.35696,242707.79802491737,0.06585565059456511,0.05302615437423075
URU,1918-01-09,9.99004156904,16.85984,36.84521,271135.42219029285,0.11591746371782219,0.10481516481633935
URU,1919-01-08,9.74127508484,18.08559,37.28503,261265.0461818054,0.025280018855533104,0.016064355215878567
URU,1920-01-07,10.51739674388,17.97309,37.70583,278932.906234394,0.02938486966243148,0.02060706898948017
URU,1921-01-06,10.54849027076,17.47997,38.12056,276713.93785295915,0.010159707252012984,0.0016809646045028437
URU,1922-01-05,11.2422613108,17.44254,38.53457,291744.82317565754,0.053221875478498326,0.04440496250485393
URU,1923-01-04,11.73915314312,17.92987,38.91998,301622.79485035705,0.029015844993302897,0.021212506071996096
URU,1924-01-03,11.643041672599999,18.98547,39.29879,296269.7241467231,-0.0322160514573091,-0.03942841630941307
URU,1925-01-09,12.948519733240001,19.18306,39.68698,326266.1893961194,0.023494083708677227,0.01599529360251739
URU,1926-01-08,13.398879369200001,19.52861,40.06057,334465.5198166177,0.05908361466235057,0.05145773156750244
URU,1927-01-07,13.279327118200001,19.89253,40.41791,328550.5638020373,0.003341425472752624,-0.003556197928804239
URU,1928-01-06,13.64880256012,19.86969,40.77312,334750.01569955895,0.022278482489722418,0.015386629621966907
URU,1929-01-05,14.485777547800001,19.95312,41.1329,352170.10100916785,0.03002688929739561,0.02313477086711324
URU,1930-01-04,14.69431781376,20.28532,41.50479,354039.08353132254,0.02903718972920344,0.02189230345227533
URU,1931-01-03,14.8377034208,21.42376,41.86902,354383.8241449167,0.027456150002946877,0.020541072315470865
URU,1932-01-09,14.71304297632,20.96946,41.91205,351045.65336985426,-0.017141102733018165,-0.018420441555561995
URU,1933-01-08,17.586247789239998,22.18082,42.20904,416646.47642400773,0.0982272509822757,0.09163533100948573
URU,1934-01-07,16.65359161336,23.32224,42.4963,391883.3313337867,-0.032431864781289566,-0.03744067326189182
URU,1935-01-06,16.08883763708,22.96316,42.77739,376106.1073871034,-0.06134316768295067,-0.06612837261416749
PER,1866-03-02,5.97482265432,7.81705,131.60099,45401.04640793356,0.0351269309364699,0.03529276183714658
PER,1867-03-15,5.98130636376,7.80093,130.46029382494623,45847.714951384485,-0.004992040203469328,-0.0034971453480404646
PER,1868-03-14,6.0786541207600004,7.80314,137.36951,44250.38802831866,0.009160244960742858,-0.0045100325737545965
PER,1869-03-27,6.62131360852,7.8899,137.36951,48200.751451468386,0.0907987949655582,0.09069607703575122
PER,1870-04-09,7.11099543388,7.30294,140.97539,50441.39572077084,0.026925926710689607,0.013235949377208955
PER,1871-04-01,6.841300733280001,7.56302,142.96283,47853.702485324335,-0.04847908700684056,-0.055824004298586694
PER,1872-04-07,6.939159418359999,7.57329,142.96283,48538.206877689816,-0.0014986361689828254,-0.0015693722560633505
PER,1873-04-20,7.14826978216,7.56036,146.48947,48797.1577899763,0.03263215130637742,0.006845507424436015
PER,1874-04-19,7.19007067896,7.47296,151.80499806315498,47363.86002237381,-0.0097694166435075,-0.013459725261937616
PER,1875-05-02,7.27085420724,7.49116,149.62134,48595.034687164276,0.010161270730756344,0.011050772389592733
PER,1876-05-15,7.47945413488,7.61572,149.62134,49989.220353727615,0.0172851012106936,0.015199938680450664
PER,1877-05-07,7.10581545856,7.90129,154.16295,46092.88715972288,-0.02028676020035336,-0.04442089577506103
PER,1878-05-13,7.91216345712,7.466,153.79399932560005,51446.50306133867,-0.01691779505213742,-0.012251146180229044
DHA,1884-10-01,0.0297718174,3.83726,0.89962,33093.770036237525,0.3897844207872059,0.41794533327697936
DHA,1885-10-14,0.03383006588,4.00819,0.8996200000000001,37604.83968786821,0.010284263326796994,0.006199473240066533
DHA,1886-10-13,0.036716283239999994,4.43276,0.8713066397612971,42139.33598630533,0.1636069227824446,0.15485673830032587
DHA,1887-10-26,0.033384508040000004,4.4538,0.89962,37109.56630577355,0.04024789184371258,0.02745316786498453
DHA,1888-11-08,0.045684291640000006,4.3094,0.89962,50781.765234210005,0.3346500988616521,0.31372104326806016
DHA,1889-10-31,0.039910036399999994,4.3276,0.8996199999999999,44363.2160245437,-0.04585808466888508,-0.03836671176289552
DHA,1890-11-06,0.01024430888,10.4073,0.9075665420298484,11287.666970498656,-0.735117408761426,-0.7359889430227949
DHA,1891-11-19,0.01076673832,10.44718,0.89962,11968.095773771149,0.03239109474871382,0.03195799269632227
DHA,1892-11-18,0.009902591399999999,10.32943,0.89962,11007.526955825793,-0.05018312403313385,-0.05829357544768543
DHA,1893-12-01,0.07546015724,5.38168,0.89962,83880.03517040529,5.497610459942546,5.660960736195418
DHA,1894-12-14,0.1405309906,5.4932,0.8720998371945794,161140.9435094818,0.7497910845654583,0.7410119749972153
DHA,1895-12-06,0.14892055256,4.94963,0.8996199999999999,165537.17409572934,0.07491383732709345,0.07304180574083041
DHA,1896-12-12,0.04470706344,4.425,0.8996200000000001,49695.497476712386,-0.1021798558606426,-0.07838186805755554
DHA,1897-12-25,0.12720953336,2.9948,0.73246,173674.3758840073,1.3090650009011027,1.85459885968103
DHA,1898-12-24,0.07496222968,3.60723,0.73246,102343.10362340606,-0.35899157621722755,-0.36276581625159676
DHA,1900-01-06,0.11577553468,3.67598,0.73246,158063.9689266308,0.6658563444019718,0.6880118683601342
DHA,1901-01-19,0.11868569804000001,3.86336,0.73246,162037.1051524998,-0.029225530149103007,-0.028091430718676036
DHA,1902-01-11,0.1165738392,4.17278,0.73246,159153.86396526772,0.0045275515819711565,0.0015426714568058664
DHA,1903-01-17,0.10197347732,4.07951,0.73246,139220.54080768916,0.5906021943761983,0.5387348525269022
DHA,1904-01-30,0.09981556832,3.95602,0.73246,136274.42907462525,-0.0148001722568043,-0.016079060433297432
DHA,1905-01-29,0.09426397448,3.82615,0.73246,128695.04748382165,-0.06386331963135417,-0.07105651175888295
DHA,1906-02-11,0.0978159286,4.21337,0.8215265054493577,119066.06536875734,-0.16505313628961293,-0.15917029529289284
DHA,1907-02-24,0.10301149352,4.74699,0.73246,140637.70515796085,0.03147093469434803,0.02271899790913845
DHA,1908-02-16,0.10762554556,4.93585,0.73246,146937.0963056003,0.02595928883420262,0.025993289386804896
DHA,1909-02-22,0.10918751324,4.7797,0.73246,149069.59184119268,0.05664398200281173,0.0523352062118132
DHA,1910-03-07,0.09624996888,4.50318,0.701710517553326,137164.7801654698,-0.0865423492629398,-0.08293459041655626
DHA,1911-03-06,0.10152061608,4.67665,0.73246,138602.266444584,0.035310549924631784,0.03542836635323798
DHA,1912-03-19,0.07403074484,4.48994,0.73246,101071.38251918193,-0.11146684251256844,0.011154374064565209
DHA,1913-04-01,0.08360683031999999,3.95098,0.73246,114145.25068945743,0.10476510824914387,0.10131066685042023
DHA,1914-03-24,0.06124851512,4.11682,0.73246,83620.28659585505,-0.2408634001150941,-0.24151637987164598
MKT,1837-01-13,0.0114333128,8.87253,0.62,18440.827096774192,0.058828244547109776,0.048280040428629656
MKT,1838-01-19,0.010724510679999999,9.52286,0.62,17297.59787096774,-0.016900874342421268,-0.017565941982737754
MKT,1839-02-01,0.01201681416,9.14686,0.62,19381.958322580645,0.07526485208946165,0.07671495245407511
MKT,1840-01-31,0.03900728052,9.60791,0.62,62914.96858064516,0.6365179537789847,0.4807554171001731
MKT,1841-02-13,0.02264710604,10.46425,0.79933466550258,28332.445741935484,-0.4967699156922193,-0.483761753086008
MKT,1842-02-26,0.04321363904,9.69939,0.62,69699.41780645162,0.338124662327036,0.2506342649128328
MKT,1843-02-18,0.045414272279999994,7.54274,0.62,73248.82625806451,0.022988656500020133,0.025647001598098518
MKT,1844-02-24,0.044308168839999995,7.58959,0.62,71464.7884516129,-0.06015124748299305,-0.06110389301140473
MKT,1845-03-09,0.04457085672,7.59788,0.62,71888.47858064517,0.18537034022891752,0.17707822712311616
MKT,1846-03-08,0.0329918186,7.76775,0.62,53212.61064516129,-0.1690231281841481,-0.1962646823731562
MKT,1847-03-21,0.039081687319999996,9.07542,0.62,63034.97954838709,0.13529372475931778,0.21703873722737255
MKT,1848-04-03,0.039569648560000004,8.14721,0.62,63822.013806451614,-0.010697019017484988,-0.019936718310147428
MKT,1849-03-26,0.04260064224,7.74095,0.62,68710.71329032259,0.15239550725519235,0.14784018891931883
MKT,1850-04-01,0.048831741399999996,7.48605,0.62,78760.87322580646,0.08811688246937344,0.08527530660008309
MKT,1851-04-14,0.04756802128,8.28762,0.62,76722.61496774193,0.04196680182984047,0.04168864289847707
MKT,1852-04-13,0.04473619956,8.30541,0.5363315428605547,83411.46470967741,0.13874986014727564,0.1189146005693078
MKT,1853-04-26,0.0291108012,8.88653,0.62,46952.90516129033,-0.34297885335490463,-0.3132335988788941
MKT,1854-05-09,0.036882036879999996,9.02834,0.5889332869647986,62625.1524516129,-0.05155824601848635,-0.13850157662683282
MKT,1855-05-01,0.02870799308,9.27759,0.62,46303.21464516129,-0.19351974886937862,-0.19407738702305555
MKT,1856-05-07,0.05036013736,9.14991,0.8726840636912157,57707.18116129032,0.14411718185426037,0.10618287781416558
MKT,1857-05-20,0.02077362248,6.85647,0.62,33505.842709677425,-0.6650055492031841,-0.6689668593092046
MKT,1858-05-19,0.0114645154,4.96122,0.6200000000000001,18491.15387096774,-0.4428809875506916,-0.43656990768530146
MKT,1859-06-01,0.00467263732,5.5122,0.62,7536.511806451613,-0.5419419079811258,-0.5415741023123769
MKT,1860-06-14,0.003560648,5.38404,0.6584646070783516,5407.500967741936,-0.1792657295926725,-0.16501731045569978
MKT,1861-06-06,0.0088768732,4.33934,0.62,14317.53741935484,0.9700282149332555,0.9406310157135214
MKT,1862-06-12,0.00675276212,5.06759,0.62,10891.551806451613,-0.16238106407379527,-0.1595942167631016
MKT,1863-06-25,0.017699507280000002,9.20483,0.62,28547.592387096778,0.031206760605784645,0.019573699491871377
MKT,1864-06-24,0.02572344736,8.25819,0.62,41489.431225806446,0.22271674913008743,0.1785832822270388
MKT,1865-07-07,0.02546464908,8.19446,0.62,41072.01464516129,0.006881697509908191,-0.0025595021697615294
MKT,1866-07-20,0.029920587319999997,8.09859,0.62,48259.011806451614,0.18218676155497548,0.15838245020060504
MKT,1867-07-12,0.03125953324,8.09134,0.62,50418.602,0.03557861799170192,0.03452239397814538
MKT,1868-07-18,0.03224775528,9.07237,0.62,52012.50851612903,0.01917137559126747,0.021282135442291406
MKT,1869-07-31,0.04111341988,8.82238,0.62,66311.9675483871,0.2547764920506195,0.2544428658236688
MKT,1870-07-30,0.02363109112,8.59807,0.62,38114.663096774195,-0.39632326499289305,-0.4078672609316908
MKT,1871-08-12,0.00851868056,9.17096,0.6887171378399405,12368.910387096774,-0.6501015929202063,-0.651559475038691
MKT,1872-08-25,0.03841017648,5.96915,0.41125,93398.6054224924,0.9222286318408208,0.7226437241780255
MKT,1873-08-17,0.035452708720000004,6.00321,0.41124999999999995,86207.19445592706,-0.03280272591907252,-0.031181856012132525
MKT,1874-08-23,0.0057660018,8.90949,0.41125,14020.673069908815,-0.7844360308891392,-0.785172728987966
MKT,1875-09-05,0.004891182399999999,9.00205,0.41005446627481673,11928.128583586626,-0.07974988347138856,-0.0845801736110674
MKT,1876-09-04,0.0166384738,8.58811,0.41125000000000006,40458.29495440729,2.6911604073235855,2.4142494813189255
MKT,1877-09-17,0.024026322319999998,8.55765,0.41125,58422.66825531915,0.76076867085433,0.8120456146193069
MKT,1878-09-30,0.0120103126,9.23844,0.41125,29204.40753799392,-0.5958580854445819,-0.6244412044189098
MKT,1879-09-22,0.042770418080000004,7.45609,0.41125,104001.01660790274,2.102088359420224,2.136301475780287
MKT,1880-09-28,0.0246985154,7.68078,0.41125,60057.18030395137,-0.21849822884873926,-0.19973990928719765
MKT,1881-10-11,0.00702516776,9.24651,0.41125,17082.474796352584,-0.6380629741433982,-0.6391213058493097
MKT,1882-10-10,0.0067464124,9.01739,0.4825356273903493,13981.169507598785,-0.12038061175732395,-0.13728465478122664
MKT,1883-10-23,0.01213797364,9.0653,0.41125,29514.82951975684,0.6217461544449345,0.592078546353666
MKT,1884-11-05,0.035862463000000004,8.20758,0.41124999999999995,87203.55744680853,1.3702737739828512,1.357132297287622
MKT,1885-10-28,0.034542367080000004,7.60956,0.41125,83993.59776291794,-0.051579206843172964,-0.049197890865300464
MKT,1886-11-03,0.03981866356,9.37111,0.43623151647011255,91278.74089016696,-0.31162440962371196,-0.296669895320801
MKT,1887-11-16,0.06465434976,9.28237,0.46598,138749.19472938753,0.6135647890739782,0.575804803857153
MKT,1888-11-15,0.07134752559999999,9.93393,0.43565985205683017,163768.87900768276,0.07728705941689462,0.08905684731292363
MKT,1889-11-28,0.07058449580000001,9.68843,0.46598,151475.3761964033,0.011056188243856457,0.028345061180898856
MKT,1890-12-11,0.0535365844,10.80175,0.4513540211365773,118613.28778059145,-0.11444143224598313,-0.12329654329066864
MKT,1891-12-03,0.025593607,10.48481,0.46598,54924.26069788403,-0.3388754386656465,-0.3396189591773352
MKT,1892-12-09,0.06706440572,10.27444,0.46597999999999995,143921.21060989742,1.308926702346851,1.191922202624732
MKT,1893-12-22,0.0720031182,10.11659,0.46598,154519.76093394565,-0.19384467922438087,-0.20723833405823755
MKT,1894-12-21,0.07506827328,9.70723,0.46598,161097.62925447442,-0.01782782332691546,-0.009689873535468352
MKT,1896-01-03,0.07677760168,9.66792,0.46597999999999995,164765.87338512385,0.021801909141486053,0.020522484833941146
MKT,1897-01-16,0.07962391424,9.78559,0.46598000000000006,170874.10240782864,0.005007021641000087,0.007380692010634071
MKT,1898-01-08,0.061387332759999996,10.46944,0.46598,131738.12773080388,-0.14893272911629318,-0.15177421879379138
MKT,1899-01-14,0.048776548600000004,10.48012,0.46598,104675.19764796773,-0.15542435359515672,-0.15782297773761123
MKT,1900-01-27,0.015145896479999999,10.42486,0.46598,32503.31876904588,-0.6463371405191719,-0.6423120579163437
MKT,1901-01-26,0.01092707356,10.13903,0.46598,23449.662131421952,-0.16058968316116273,-0.18131248968104452
MKT,1902-02-08,0.12902735976000002,11.95017,0.46598000000000006,276894.63015580067,8.723399024787746,7.807430524272819
MKT,1903-02-21,0.0881664212,11.00275,0.46597999999999995,189206.4492038285,-0.5204644531922529,-0.524291958902684
MKT,1904-02-13,0.1589180762,11.52665,0.46598000000000006,341040.55152581655,0.7015029399846051,0.6984249382910888
MKT,1905-02-19,0.157406184,12.31009,0.46598000000000006,337796.0084123782,-0.021194019477516424,-0.022943962367222515
MKT,1906-03-04,0.1592808386,12.99753,0.3806487524449621,418445.7129490536,0.14074282454760856,0.1569254196784593
MKT,1907-03-03,0.14612350636,13.25783,0.46598,313583.21464440535,0.04885786901003231,0.08891294998603128
MKT,1908-03-16,0.14119936064,12.81282,0.46598,303015.92480363965,-0.07498098020482613,-0.07723537433618666
LIP,1837-01-13,0.03821192284,8.48306,0.77714,49169.934426229505,0,0
LIP,1838-01-19,0.0400059062,9.17534,0.78499,50963.58705206436,-0.003391109920340196,-0.011236511361263357
LIP,1839-01-25,0.03912862928,9.13926,0.79307,49338.178571878896,-0.01094108134432381,-0.018565780320508596
LIP,1840-01-31,0.04151722016,9.79266,0.80249,51735.498461040006,0.03648126937591023,0.027537761308332298
LIP,1841-02-06,0.04185297896,9.68716,0.81251,51510.724741849335,0.03154159472424456,0.021635268645052053
LIP,1842-02-12,0.0402989054,9.61668,0.82293,48970.0283134653,0.0012054816307915939,-0.007946435196044876
LIP,1843-02-18,0.040100097439999996,9.51483,0.83227,48181.59664531943,-0.002434210855352781,-0.011164224642338128
LIP,1844-02-24,0.03900374348,9.40672,0.84076,46391.055093011084,-0.07113795182374216,-0.07846291190516919
LIP,1845-03-02,0.035810871720000005,8.65172,0.84594,42332.63791758281,0.04936524999079328,0.04491337555610131
LIP,1846-03-08,0.007612627360000001,7.78745,0.8506300000000001,8949.399104193362,-0.381742420970005,-0.3845504259267023
LIP,1847-03-14,0.00909260924,6.67156,0.8433900000000001,10781.025670211882,-0.29093930608730656,-0.2858820628384814
LIP,1848-03-20,0.012035298600000001,7.16074,0.84306,14275.731976371788,0.003012999317261844,0.0033235042056820596
LIP,1849-03-26,0.01100549684,7.10209,0.84171,13075.16465290896,-0.0820569642121417,-0.08094190077537067
LIP,1850-04-01,0.0103078326,7.10174,0.84041,12265.242679168501,-0.049715546912788344,-0.04869542580415498
LIP,1851-04-07,0.02018264248,7.22887,0.83966,24036.68446752257,0.5900288027421721,0.5915069934405668
LIP,1852-04-13,0.0308474608,8.11241,0.84266,36607.244677568655,0.19683509056692827,0.19314502987962467
LIP,1853-04-19,0.02329767492,8.06542,0.84667,27516.830547911228,-0.20802843150224948,-0.21063631429651608
LIP,1854-04-25,0.02597782304,7.79163,0.84867,30610.040463313184,0.17762071962611703,0.17557910180020886
LIP,1855-05-01,0.026601673279999998,7.81443,0.85123,31250.864372731223,0.04267998814253837,0.04021126869981573
LIP,1856-05-07,0.08992512776,8.93738,0.85584,105072.35903907272,2.3210131509456753,2.3085865762529174
LIP,1857-05-13,0.09242251616,9.30163,0.86488,106861.66423087596,0.04026873064154923,0.031851826584559095
LIP,1858-05-19,0.09247913012,9.30576,0.87422,105784.7339571275,-0.014608566153570757,-0.02259434772291624
LIP,1859-05-25,0.09533016584,9.50906,0.88426,107807.84592766833,0.039009556446031324,0.03022975223169011
LIP,1860-05-31,0.0934897262,9.53446,0.89421,104550.07906420193,-0.015246957215332091,-0.023655789744734812
LIP,1861-06-06,0.09025695224,9.85069,0.90304,99947.90069099929,-0.022529320255539775,-0.029843247941665596
LIP,1862-06-12,0.08909009044,10.678,0.9111999999999999,97772.26782265145,-0.0055142014824201,-0.012360789324396992
LIP,1863-06-18,0.11128065884,10.65682,0.92231,120654.29068317595,0.26060085717744363,0.2491536984634246
LIP,1864-06-24,0.12758773871999998,9.62556,0.9325200000000001,136820.377814953,0.05434467764535822,0.045823990712567264
LIP,1865-06-30,0.0957084908,9.53797,0.94146,101659.64650648992,-0.1596783113083533,-0.16577119160646914
LIP,1866-07-06,0.11848856604,9.55267,0.94918,124832.55656461367,0.2887538449869098,0.2807551667931325
LIP,1867-07-12,0.12745703204,9.72275,0.9576799999999999,133089.37436304404,0.12695456764147606,0.11957704063500652
LIP,1868-07-18,0.13119903368,9.81371,0.96677,135708.6315049081,0.025584394826806633,0.018229245511935277
LIP,1869-07-24,0.13081847272,9.8129,0.97632,133991.38880694855,-0.026873870754025253,-0.033964143729696805
LIP,1870-07-30,0.13994417008,10.11467,0.98613,141912.4964051393,0.034709753405798294,0.02681699069698973
LIP,1871-08-05,0.122155631,10.12488,0.99934,122236.3069625953,-0.1272421895289424,-0.13646658604101192
LIP,1872-08-11,0.15742969944,10.42318,1.12957,139371.35320520197,0.21291023088843852,0.11696202698573965
LIP,1873-08-17,0.004953,10.10284,1.1658,4248.584662892435,-0.055504970322070246,-0.06835492715701175
LIP,1874-08-23,0.00901128696,3.25749,1.06585,8454.55454332223,-0.29359753941453137,-0.2419193824204462
LIP,1875-08-29,0.01431478984,5.3008,0.94757,15106.841542049662,0.6044569424473369,0.7525615487394242
LIP,1876-09-04,0.0131993966,5.61356,0.85061,15517.565746934553,-0.05420373955260327,0.026965880417199273
LIP,1877-09-10,0.01245266672,6.11083,0.76593,16258.230804381601,-0.0299856578689065,0.05052602688086072
LIP,1878-09-16,0.01278044248,6.6416,0.6917399999999999,18475.78928499147,0.015860605113368953,0.09568428034837373
LIP,1879-09-22,0.01229231068,7.10815,0.62931,19532.997536984953,-0.0144597215652984,0.05924321510428565
LIP,1880-09-28,0.011390691520000001,6.37912,0.57029,19973.507373441586,-0.06311582524632353,0.008208375980794491
LIP,1881-10-04,0.00941295732,6.67148,0.53972,17440.44563847921,-0.13233940274370726,-0.09600976689579854
LIP,1882-10-10,0.0090376,7.50103,0.52875,17092.387706855792,-0.029482910452295563,-0.01349557415453051
LIP,1883-10-16,0.01024842936,9.59606,0.52918,19366.622623681924,0.03946487291425793,0.03970047901635376
LIP,1884-10-22,0.01171058252,9.70374,0.5365,21827.74001863933,0.09444731405196749,0.08281576053629403
LIP,1885-10-28,0.01151332364,8.9468,0.5422,21234.458945038732,0.015934288838740374,0.007614444737663373
LIP,1886-11-03,0.011830892320000001,8.77745,0.54781,21596.70747156861,0.029102101216103682,0.021368102481786222
LIP,1887-11-09,0.012168816399999999,8.84855,0.55313,21999.921175853775,0.019196053197527263,0.011524643511334753
LIP,1888-11-15,0.01343797104,8.86062,0.55951,24017.392075208667,0.1075391482948127,0.09744298151283726
LIP,1889-11-21,0.01314344772,8.81069,0.56547,23243.404106318638,0.006119290985904691,-0.0015426551986138515
LIP,1890-11-27,0.013299359319999999,9.46195,0.57152,23270.155585106382,0.005291468292805579,-0.002753081411250191
LIP,1891-12-03,0.01382011332,9.41012,0.57888,23873.882877280266,0.042636258542271266,0.03278097107806355
LIP,1892-12-09,0.01391467636,8.64004,0.58371,23838.3381473677,0.0015015268401876725,-0.005037319022706432
LIP,1893-12-15,0.01512627636,8.85893,0.58882,25689.134811996875,0.0694482373663241,0.062287238019571145
LIP,1894-12-21,0.01512410952,8.84352,0.59446,25441.761464185984,-0.004908193741322786,-0.011712655646502368
LIP,1895-12-27,0.04185509016,8.13776,0.59965,69799.19979988327,0.7076974504289575,0.695462811689256
LIP,1897-01-02,0.02278344796,8.67734,0.60256,37811.085966542756,-0.5083619378281228,-0.5099783814768629
LIP,1898-01-08,0.01622044736,9.40997,0.6106,26564.76803144448,-0.15102327404915517,-0.1594480591999684
LIP,1899-01-14,0.014864686719999999,8.92133,0.61554,24149.018292881046,-0.06309414070783315,-0.06895125871832486
LIP,1900-01-20,0.014869040160000001,8.82122,0.61762,24074.738771412845,0.034018625723068796,0.031438117597031745
LIP,1901-01-26,0.01623778884,8.94847,0.62271,26076.0046249458,0.06576072284486578,0.0596200484580085
LIP,1902-02-01,0.01647764456,9.12153,0.62968,26168.28319146233,0.023491776026594913,0.014503854758386447
LIP,1903-02-07,0.016233121320000002,8.94155,0.63633,25510.539059921743,-0.020157572399199908,-0.027484611354871902
LIP,1904-02-13,0.01549711592,8.67084,0.64127,24166.288645968158,-0.03846447187920932,-0.044203148037483486
LIP,1905-02-19,0.01566602024,8.61536,0.64563,24264.703065223115,-0.009393914769663336,-0.014619961722839192
LIP,1906-02-25,0.0159223636,8.59871,0.65031,24484.26688809952,0.01357718404948316,0.008384150825660353
LIP,1907-03-03,0.01622842676,8.62874,0.65355,24831.193879580755,-0.0181064468389307,-0.021599138274483898
LIP,1908-03-09,0.0155847978,8.34514,0.65645,23741.027953385637,0.0033201158290032673,-0.0004243212575285593
LIP,1909-03-15,0.014896952719999999,8.33576,0.65679,22681.454833356172,-0.02748179753415758,-0.027635049592645622
LIP,1910-03-21,0.016031434639999998,8.4453,0.65767,24376.107531132635,0.05862719564694929,0.057380541876662416
LIP,1911-03-27,0.01648933728,8.40184,0.66047,24966.06549881145,0.025771516301507313,0.022436110531982356
LIP,1912-04-02,0.016122833479999998,8.88736,0.66341,24302.970229571452,-0.027672285349492065,-0.030797713907459112
LIP,1913-04-08,0.01569956492,8.18297,0.66515,23603.044305795687,-0.00782242998935978,-0.009963762800472509
LIP,1914-04-14,0.01585946076,8.21817,0.664,23884.730060240963,0.007138862673970792,0.008770441435664411
LIP,1915-04-20,0.015414572679999999,8.19135,0.66164,23297.522338431776,-0.02173119343536445,-0.019166274013792894
LIP,1916-04-26,0.01919649992,8.21406,0.65947,29108.981333495078,0.06058965029943986,0.06297745569214719
LIP,1917-05-02,0.01493121084,8.33482,0.65649,22744.003473015582,-0.18486651933059606,-0.18156805595896663
LIP,1918-05-08,0.01515934992,8.81043,0.65754,23054.64294187426,-0.0012095204950733907,-0.0023440805224942407
LIP,1919-05-14,0.01536944708,8.82062,0.65785,23363.148255681386,0.009473601209658122,0.008829764478139213
LIP,1920-05-20,0.01640834156,8.46563,0.65715,24968.944015825917,0.05589429459878037,0.056923898664066774
LIP,1921-05-26,0.01595156004,8.44159,0.6565,24297.88277227723,0.018376946049511123,0.01896329121857354
LIP,1922-06-01,0.01622408112,8.48192,0.65687,24699.074580967317,0.013701010353072363,0.013528625854714926
LIP,1923-06-07,0.01569802884,8.38973,0.65775,23866.254412770813,-0.020941988755373786,-0.0221032049040375
LIP,1924-06-13,0.01589355612,8.45788,0.6586,24132.335438809598,0.007280492305033803,0.006287201765362571
LIP,1925-06-19,0.01597146356,8.45739,0.65983,24205.421942015368,0.0060413015719085195,0.004837520818574026
LIP,1926-06-25,0.0163760194,8.48552,0.66086,24779.861695366642,0.01701742743753032,0.015728452474570664
LIP,1927-07-01,0.01595636848,8.29333,0.66177,24111.65280988863,-0.01598659258157542,-0.017140674485489615
LIP,1928-07-07,0.01656096416,8.20254,0.66015,25086.668423843064,0.038425137195608805,0.04062712552050929
LIP,1929-07-13,0.0155926784,8.25209,0.65872,23671.178042263786,0.0013848638089928311,0.0029987389156254096
LIP,1930-07-19,0.01557812828,8.26155,0.65737,23697.656236214007,-0.0013129693928368713,0.00027758616316453377
LIP,1931-07-25,0.015604353440000001,8.2632,0.65738,23737.18920563449,0.0005734847083513905,0.0009933303622229328
LIP,1932-07-31,0.01569336808,8.33797,0.6566,23900.956564118187,0.009338493152129201,0.01051078666217009
LIP,1933-08-06,0.01574794312,8.3586,0.65561,24020.29120971309,0.003054402781509813,0.003993253113151463
LIP,1934-08-12,0.01565164588,8.43306,0.65219,23998.59838390653,0.0005323210079093421,0.004413287296589408
LIP,1935-08-18,0.01707281732,7.90093,0.64582,26435.875816791056,0.09190207512127557,0.1003270253462254
HYD,1861-04-04,6.2662431431600005,7.72282,123.60462000000001,50695.86511539779,0.010178432693449091,0.016630127914890602
HYD,1862-04-17,6.7545937446,7.71039,123.60462,54646.77408174549,0.05999731890080162,0.05974139808563206
HYD,1863-04-16,6.90396389436,7.6822,124.22617713281336,55575.75749094168,0.017585593640090158,0.017636254388581074
HYD,1864-04-29,7.391911948200001,7.62258,123.60462,59802.87749923911,0.06509168201284599,0.06492155074600525
HYD,1865-05-12,8.03250796868,7.55243,123.60462,64985.4994795502,0.07164874285030987,0.06775805073755792
HYD,1866-05-04,8.26106462636,7.57999,123.60462,66834.59425998802,0.010533337034179802,0.011763931953732598
HYD,1867-05-10,8.161900194760001,7.42131,128.22327529527232,63653.811493777495,-0.07353178983080155,-0.07698996643228462
HYD,1868-05-23,8.31541427808,7.49365,123.60462000000001,67274.29992568238,-0.0011504863702815893,0.006802226174760895
HYD,1869-05-22,9.391739275359999,7.55938,123.31444954252301,76160.8985013667,0.14489472233487377,0.1414385813270398
HYD,1870-06-04,9.75241019012,7.56601,123.60462,78900.04588922324,0.040454524169015516,0.036134832121998084
HYD,1871-06-17,10.03383075032,7.61401,125.02891966130866,80252.07909898514,0.006026583519365136,0.007526464083545736
HYD,1872-06-09,10.51575934136,7.52198,123.60461999999998,85075.77905550781,0.05508299178485454,0.056443194545694686
HYD,1873-06-15,11.57806877136,7.47621,123.7252801436548,93578.8446622788,0.06632390857070125,0.06655149537174232
HYD,1874-06-28,12.80018707656,7.43851,123.60462,103557.51327547466,0.07262939022667814,0.07041044826821552
HYD,1875-06-27,13.19718608208,7.45983,123.60462,106769.3592851141,0.03157846705281275,0.03362017170319476
HYD,1876-07-10,13.82407974584,7.38431,123.60462,111841.12491782266,0.023799465728404856,0.024580880796555293
HYD,1877-07-23,14.46205034664,7.49472,123.60462,117002.50643252656,0.05420747437606788,0.05325834048690492
HYD,1878-07-15,16.33171903324,7.64644,123.60462,132128.7103446457,0.1028919321259032,0.10150195127510342
HYD,1879-07-21,15.578435693600001,7.49581,123.60462,126034.41273958854,-0.014172192427161723,-0.015757935646286914
HYD,1880-08-03,16.11949999556,7.55272,123.60462,130411.79201521755,0.017102790155035352,0.018262211949713336
HYD,1881-08-02,16.094133549000002,7.7525,123.60462,130206.56953599308,0.003292418555040033,0.00405913554300974
HYD,1882-08-15,15.95182872192,7.83901,123.60462,129055.27901724062,-0.003675332176894641,-0.005284248423544247
HYD,1883-08-28,16.127288876919998,8.0692,123.60462,130474.80649930399,0.011845244777111796,0.01048441642623854
HYD,1884-08-20,16.2699166344,8.27888,123.60461999999998,131628.70962590235,0.02297340053557173,0.02324435416737214
HYD,1885-08-26,16.22522708872,8.29106,123.60462,131267.15723667934,-0.015976956332169,-0.014301209301941897
HYD,1886-09-08,18.03451687336,8.66909,123.60462,145904.87696463126,0.09854217313878655,0.09873400222173156
HYD,1887-09-07,17.6826463242,9.18299,123.60462,143058.13426876764,-0.00023908830474628218,0.0024320901050585153
HYD,1888-09-20,18.311215276640002,9.01055,124.81670052672669,146704.8495863666,0.04530968134404345,0.0667393534658467
HYD,1889-10-03,19.29211485864,9.29219,123.60462,156079.23764208815,0.0468745439825784,0.04241815683216066
HYD,1890-09-25,18.473640486079997,9.6725,123.60462,149457.52420969377,-0.02313227014520014,-0.021387850114103713
HYD,1891-10-01,16.97582103724,9.74964,123.60461999999998,137339.6968271898,-0.12798143084744773,-0.1365460606677893
HYD,1892-10-14,15.2442275102,9.44925,141.76382397834107,107532.56424945929,-0.1937333383818789,-0.1964399658020496
HYD,1893-10-13,15.39074450368,9.31287,123.60462,124515.93236304598,-0.09124610224611074,-0.11211632451624398
HYD,1894-10-26,18.832095420839998,9.67742,123.60461999999998,152357.5366425624,0.12695199777845168,0.1311897528380559
HYD,1895-11-08,17.41050061764,9.66347,123.60462,140856.3904621041,-0.05542021320936952,-0.05339237228896987
HYD,1896-10-31,15.5485156658,10.06156,123.60462,125792.35036522098,-0.040490944391061046,-0.044455879509048946
HYD,1897-11-06,16.19838283076,10.02779,123.60462,131049.97880143963,0.04394199584998426,0.04347608808826875
HYD,1898-11-19,19.70929760384,10.38341,114.12345,172701.5578642251,0.14708888078354732,0.19293989357800556
HYD,1899-11-18,20.2439392246,11.34244,113.81134287110254,177872.77360857913,0.018348925371911573,0.016917094818825973
HYD,1900-12-01,20.44741618504,11.44107,114.12345,179169.27840018857,-0.07366707033753306,-0.04514486665536499
HYD,1901-12-14,21.48561878632,11.47947,114.12345,188266.46746413643,0.07666846223602564,0.07940167703389744
HYD,1902-12-06,19.20794615688,11.36591,114.12345000000002,168308.49537829426,-0.016552514230893545,-0.009523560286769928
HYD,1903-12-12,19.27709764084,11.08319,114.58188634177422,168238.61306786642,-0.01231123199581674,-0.012364758343516802
HYD,1904-12-25,17.265155789439998,10.79429,114.12345,151284.9093629749,-0.07620040395598926,-0.07210827228935868
HYD,1905-12-24,16.61334262016,11.03817,114.12345,145573.43490895166,-0.0023336055388728516,-0.009751927731044274
HYD,1907-01-06,18.3958653788,11.23569,114.12345,161192.68545421647,0.10000858603563922,0.10166887408755221
HYD,1908-01-19,19.8110854162,11.60393,115.47797430294479,171557.2648012306,0.04915966204735289,0.04931867969181347
HYD,1909-01-11,19.21307013756,11.62039,114.12345000000002,168353.39395680727,0.011878236811163179,0.010684078044273182
HYD,1910-01-17,18.93868186288,12.57859,114.12345,165949.08288244,-0.016387996191575716,-0.017419575117469388
HYD,1911-01-30,20.0782574954,12.62549,114.12345,175934.54715398105,0.06302568590364643,0.0635561906420039
HYD,1912-01-29,20.09718208472,11.98431,114.12345,176100.37275178765,-0.0003826617617890271,-0.00040050402807267904
HYD,1913-02-11,17.33725037928,11.62725,114.12345,151916.6339545466,-0.08775023453659381,-0.08945119953513037
HYD,1914-02-24,16.47867560196,10.37658,114.12345,144393.4231041911,-0.08807756137515887,-0.08447173062392743
HYD,1915-02-16,15.98403857856,10.48223,114.12344999999999,140059.19535871025,0.012845415260653192,0.014090385503344072
HYD,1916-02-22,17.07623840728,10.6771,114.12345,149629.53194352257,0.0460406396476456,0.04561775828469705
HYD,1917-03-07,18.42651239468,11.37516,114.12345,161461.22812340496,0.07787341056384012,0.07555393138846078
HYD,1918-03-06,22.45976641948,11.53139,114.12345,196802.3786476837,0.14778353008923273,0.1591233078931198
HYD,1919-03-19,24.12087017392,12.31548,111.67802851211988,215985.8165055473,0.08565963533300991,0.0823735584995684
HYD,1920-04-01,24.91690556628,12.65724,114.12345,218332.91550754904,0.011845925484809117,0.01082170347780198
HYD,1921-03-24,26.23964884008,12.98592,114.12345,229923.37543318223,0.03962510388592122,0.03797056674261601
HYD,1922-03-30,25.64425533436,13.61801,114.12345,224706.27495365762,0.005518122117357915,0.008117573028723735
LUX,1899-04-22,0.28314139464,9.71631,3.61311,78365.0081619436,2.478759232331151,0.7368585148213402
LUX,1900-04-28,0.5140175325999999,9.94235,3.6509799999999997,140788.9203994544,0.5751592096627893,0.5626682118416979
LUX,1901-05-04,0.5267391994799999,10.2641,3.6910499999999997,142707.14281302068,0.0464795746175235,0.03795628108829052
LUX,1902-05-10,0.54565326348,10.60025,3.73145,146230.89240911708,-0.05893804814771764,-0.06657796974121633
LUX,1903-05-16,0.37013949492000003,11.25171,3.78385,97820.86893507936,-0.11083441288645679,-0.12054557837937574
LUX,1904-05-22,0.38948657124,10.81586,3.82996,101694.68381915217,-0.025076611723283238,-0.03391431016390101
LUX,1905-05-28,0.40901159416,10.84807,3.8731500000000003,105601.79547913196,-0.06716173024864025,-0.07499863048899147
LUX,1906-06-03,0.42042354952,10.92673,3.91712,107329.76000735234,0.03031960644979992,0.021477938394174112
LUX,1907-06-09,0.44692571768,11.00611,3.96347,112761.2212732782,0.07548811184051707,0.06602482807979371
LUX,1908-06-15,0.47830316456,10.81071,4.01091,119250.53530495573,0.04317116638349394,0.03373874823789191
LUX,1909-06-21,0.45681000507999997,10.2115,4.0513,112756.40043442843,-0.012962479439736496,-0.020447074751555827
LUX,1910-06-27,0.54425368556,10.21022,4.09074,133045.28900883457,0.023940142938380093,0.016390882112452543
LUX,1911-07-03,0.48128632708,10.87005,4.13488,116396.68553380026,-0.08848523031754607,-0.09572351552251834
LUX,1912-07-09,0.44525121836,10.83001,4.19021,106259.881571568,-0.024685073943370495,-0.03438997440138736
LUX,1913-07-15,0.47794338332,11.00311,4.24836,112500.67869012985,0.021600463529468872,0.011073685878467243
LUX,1914-07-21,0.52184698748,11.00526,4.30563,121201.0756799818,0.023151856971835194,0.012756725323298967
LUX,1915-07-27,0.61094676812,11.12062,4.36504,139963.6127320712,0.16289809425704815,0.15090627701904613
LUX,1916-08-02,0.59428423964,10.53198,4.41866,134494.22214879625,-0.00999833741722167,-0.019117182211704886
LUX,1917-08-08,0.74225862568,11.35119,4.46459,166254.6002387677,0.07375127936776282,0.06543299817302817
LUX,1918-08-14,0.6655719168800001,13.11672,4.52541,147074.39036021047,-0.010582578607321702,-0.020360464571163694
LUX,1919-08-20,0.72460446968,13.32273,4.59671,157635.45441848628,0.02596246385918244,0.01371470729981894
LUX,1920-08-26,0.67119576108,13.03808,4.65681,144132.09065433205,-0.07297523715514298,-0.08196064677078896
LUX,1921-09-01,0.67069856204,13.05406,4.71176,142345.65471076625,0.007710221396954431,-0.001312877958979386
LUX,1922-09-07,0.66809512848,13.01105,4.7657,140188.24694798246,-0.013888084040275417,-0.022354563206323452
LUX,1923-09-13,0.6696679522000001,12.93362,4.8159,139053.54185095205,0.015692086661241555,0.007746096560646398
LUX,1924-09-19,0.8167379662,13.44027,4.87483,167541.83555118844,0.09387222132963458,0.08386268787159357
LUX,1925-09-25,0.8054393412,13.34238,4.93348,163259.877652286,-0.01036835888308385,-0.019285417927003223
LUX,1926-10-01,0.7930247301600001,13.06431,4.99518,158757.98873313874,0.006802036296642555,-0.002564474410564177
LUX,1927-10-07,0.80156328044,13.05328,5.05826,158466.20783431458,0.021750497842665917,0.012096065732171146
LUX,1928-10-13,0.79557163816,13.32908,5.12995,155083.70221152253,-0.0064036713882676954,-0.01710305293928227
LUX,1929-10-19,0.7094938796400001,12.97336,5.19228,136643.99447641498,-0.09904131329426014,-0.10728009921664694
LUX,1930-10-25,0.67916715724,12.97243,5.25374,129273.0811269686,0.013931107689075573,0.005000360171784957
LUX,1931-10-31,0.44834683088000005,10.71737,5.16901,86737.46633881537,-0.2796081197948562,-0.2719957280206081
LUX,1932-11-06,0.97269904004,12.51584,5.17142,188091.28634688343,0.6886207725507183,0.6836740455832349
LUX,1933-11-12,0.85432501388,12.67137,5.20162,164242.1041675478,0.04819711115498082,0.04393832140878984
LUX,1934-11-18,0.88684880388,12.78766,5.24982,168929.3735556648,0.05922836884108951,0.05184295519570181
LUX,1935-11-24,0.88713007552,12.26292,5.28957,167713.07980043744,-0.0007695666459043293,-0.006417741083236117
MBS,1837-01-20,0.0131791062,7.61183,0.24332289301373555,54163.034298856706,0,0
MBS,1838-02-02,0.01241800456,7.20943,0.30001,41391.96880103996,0.07334489951458889,0.07302773656858763
MBS,1839-02-01,0.010739806479999999,7.364,0.30001,35798.161661277954,-0.04577606864468675,-0.04933013934823749
MBS,1840-02-14,0.010634858,7.36386,0.30001,35448.34505516483,-0.012684304507702637,0.009511619519888992
MBS,1841-02-27,0.01275745484,8.38066,0.28800408868729294,44296.08933035565,0.11037415993049793,0.10077232596699282
MBS,1842-02-19,0.00876026476,5.36639,0.30001,29199.909203026567,-0.30912906437160703,-0.3154085572451424
MBS,1843-02-25,0.00633565816,4.65471,0.30001,21118.156594780176,-0.2759942907069981,-0.27177448844776253
MBS,1844-03-10,0.00610425348,5.4373,0.30001,20346.833372220928,0.030802547605633723,0.0358070026199131
MBS,1845-03-09,0.00579140484,5.23544,0.30001,19304.039332022265,0.05109114168248796,0.05982809651974108
MBS,1846-03-22,0.006629391080000001,5.27516,0.30001,22097.233692210262,0.05013990181716954,0.035272478409450025
MBS,1847-04-04,0.00616762692,5.14256,0.30001,20558.0711309623,-0.01794064337920731,-0.0251347189913097
MBS,1848-03-27,0.006460737919999999,5.28627,0.30001,21535.075230825638,0.09568499761971139,0.0932819521243533
MBS,1849-04-02,0.00619936304,5.14188,0.30001,20663.85467151095,-0.02229385884577817,-0.027338141474051114
MBS,1850-04-15,0.00602435236,6.76436,0.30001,20080.50518316056,-0.01047473352196071,-0.003835769409670786
MBS,1851-04-14,0.00793858052,3.75808,0.30001,26461.053031565614,0.16862153544258796,0.14912553505818726
MBS,1852-04-27,0.00741342784,4.66197,0.3366999892876205,22017.90340321989,-0.032862506043979445,-0.010058214149867517
MBS,1853-05-10,0.0057026101600000005,4.78864,0.30001,19008.066931102298,-0.020626113822981296,-0.006857037155013956
MBS,1854-05-02,0.0057119296,5.6259,0.30001,19039.13069564348,0.004164853296091842,-0.0015054390613766788
MBS,1855-05-08,0.00562502096,4.90987,0.30001,18749.444885170495,-0.1522294776092613,-0.14962605746889857
MBS,1856-05-21,0.005722994679999999,5.59827,0.32246124806740806,17747.852538248724,0.017906923688836063,0.0021097112748993396
MBS,1857-05-20,0.00601035708,5.98319,0.30001,20033.855804806506,-0.002349307531606004,0.01131418198750378
MBS,1858-06-02,0.006262538359999999,5.98352,0.30001,20874.43205226492,0.07364336420804851,0.0699092782828763
MBS,1859-06-15,0.007520461,6.00475,0.30001,25067.367754408187,-0.01977003613145989,-0.004698905501923867
MBS,1860-06-07,0.0060998678,5.38066,0.30001,20332.214926169127,-0.010288135717536395,-0.03207065617008664
MBS,1861-06-13,0.007564555959999999,4.67081,0.30001,25214.346055131493,0.10026389771560029,0.10707809516224231
MBS,1862-06-26,0.00682027476,4.54958,0.30001,22733.49141695277,-0.028711925678608696,-0.03111419622121192
MBS,1863-06-25,0.00490988264,4.73201,0.22624461623932968,21701.655144828506,0.048757774145778976,0.02544409562948413
MBS,1864-07-08,0.005514154360000001,5.63231,0.30001,18379.901869937672,-0.012472223303038099,-0.008512367280521738
MBS,1865-07-21,0.00781406444,5.08962,0.30001,26046.01326622446,0.12313954618355805,0.1327096990747083
MBS,1866-07-13,0.00666963596,5.11253,0.30001,22231.378820705977,-0.12034154825504229,-0.12024452413932396
MBS,1867-07-19,0.0068091971999999995,4.69323,0.2893870890944437,23529.720075997466,0.06835193507128223,0.0776577966730374
MBS,1868-08-01,0.00778399856,4.711,0.30001,25945.797006766443,0.007438968457272432,0.0006885604565369796
MBS,1869-07-31,0.0081049852,4.59517,0.30001,27015.716809439687,0.07999885519577132,0.06700413652198312
MBS,1870-08-13,0.006604976039999999,5.44238,0.30001,22015.85293823539,-0.1374087276540854,-0.1368902337506026
MBS,1871-08-26,0.006125032680000001,5.07597,0.29542292115268254,20733.099030032332,-0.24972731762148426,-0.2506780491435956
MBS,1872-08-18,0.006505777200000001,5.27072,0.30001,21685.201159961336,-0.13070513871157696,-0.10546706176232867
MBS,1873-08-24,0.00698815832,5.27212,0.30001,23293.084630512316,0.0837776469733782,0.07389641944660985
MBS,1874-09-06,0.0054698904,4.43977,0.30001,18232.36025465818,-0.040136542043110124,-0.038997868960519266
MBS,1875-09-05,0.00638793012,5.11028,0.30001,21292.390653644878,0.0037601938562517034,0.005511987598579626
MBS,1876-09-18,0.00635159304,5.25864,0.30001,21171.271090963633,0.02075395575506933,0.02992556539148472
MBS,1877-10-01,0.00413854324,5.38965,0.30001,13794.684310522982,-0.38331799510767206,-0.3826415733124804
MBS,1878-09-23,0.006871501,5.1627,0.30001,22904.23985867138,0.6097655615478672,0.6107911124295407
MBS,1879-09-29,0.009441148080000001,5.04859,0.30001,31469.44461851272,0.2700780617315559,0.2598847411800955
MBS,1880-10-12,0.010131161560000001,4.34709,0.30001,33769.41288623713,0.0964414468962429,0.09048208136839175
MBS,1881-10-11,0.00740443756,5.28657,0.30001,24680.635845471817,-0.35876292051244163,-0.32347048641090925
MBS,1882-10-24,0.01049668672,4.41741,0.28474638312566286,36863.28375720809,0.17543413802752372,0.122286607855006
MBS,1883-11-06,0.0074449596,5.23079,0.30001,24815.704809839674,-0.06314716898870709,-0.01960816560852785
MBS,1884-10-29,0.006049581199999999,5.15204,0.30001,20164.598513382887,-0.09804366653056473,-0.09870831957838555
MBS,1885-11-04,0.0058754831199999994,5.33575,0.30001,19584.29092363588,0.21351633804270165,0.2189076562428134
MBS,1886-11-17,0.005842174,8.37983,0.4693121923382281,12448.374654178195,-0.3448302632197062,-0.3677922296481563
MBS,1887-11-16,0.0050948378,5.91923,0.30001000000000005,16982.226592446917,-0.07415040398744777,-0.08945665402244463
MBS,1888-11-29,0.00593238984,6.25002,0.3066415108442068,19346.336455451485,0.14102613791404228,0.14562577564877688
MBS,1889-12-12,0.008814935999999999,8.30604,0.30001,29382.14059531349,0.16938127483621934,0.24440318975744302
MBS,1890-12-04,0.06882910632,10.25999,0.30001,229422.70697643413,1.4744726164477608,1.4496835755190673
MBS,1891-12-10,0.08032360856,11.80073,0.30001,267736.437318756,0.26685955273488093,0.2668820689802449
MBS,1892-12-23,0.1001990834,12.43889,0.30001,333985.8118062731,0.03983736240402469,0.04066706450155566
MBS,1893-12-22,0.09825411440000001,13.18929,0.30001,327502.79790673644,-0.010631610671614777,-0.027128329192089518
MBS,1895-01-04,0.10693446244,11.8118,0.30001,356436.32692243595,0.03468857736361075,-0.02840211094553602
MBS,1896-01-17,0.12001702959999999,11.6135,0.30001,400043.4305523149,0.23058620709837174,0.21762311047670302
MBS,1897-01-09,0.09904181612,11.65156,0.30001,330128.38278724044,-0.08190968663674958,-0.07283510339739185
MBS,1898-01-15,0.11531886808,11.1631,0.30001,384383.4141528616,-0.02122548240167288,-0.013043544079516689
MBS,1899-01-28,0.10937822688,12.37641,0.33544,326073.8936322442,-0.16916630990361214,-0.2495557028604527
MBS,1900-01-27,0.07959523208000001,9.95187,0.2719965355357809,292633.2569759122,-0.4096315144124475,-0.3735741342309702
MBS,1901-02-09,0.1100990826,9.35233,0.33544,328222.8792034343,0.5537263908898955,0.7839233178895084
MBS,1902-02-22,0.13344833944,10.45405,0.33544,397830.7281182924,0.1357864354916496,0.23644330165696603
MBS,1903-02-14,0.09483046612,11.24407,0.33544,282704.7046267589,-0.1321709153354934,-0.12596026352692424
MBS,1904-02-20,0.08584968391999999,11.22919,0.32470880243775413,264389.7648461722,0.012434752592254128,0.014593414654340497
MBS,1905-03-05,0.106181387,11.797,0.33544,316543.60541378486,0.38412529782663984,0.3524668573089964
MBS,1906-03-04,0.11897657252,11.85578,0.33544,354688.0888385404,0.07628266123621064,0.05537528145860615
MBS,1907-03-17,0.12726426336,11.95267,0.33544,379395.01359408535,-0.029497036658532094,-0.0528727216727215
MBS,1908-03-30,0.11349599404,11.98892,0.33544,338349.61256856663,0.07895419432656636,0.07719819080818069
MBS,1909-03-22,0.054074102160000005,12.31872,0.33544000000000007,161203.50035773907,-0.4264732214536576,-0.4130415161599936
MBS,1910-03-28,0.10696769667999999,11.04246,0.3945100000000001,271140.64708118927,0.5912560162039371,0.5282844621564953
MBS,1911-04-10,0.12331820591999999,11.8535,0.39451,312585.75427745807,0.19556700821754425,0.1932691901659287
MBS,1912-04-09,0.14979306004,9.57463,0.81514,183763.5989400594,0.27754875259528844,-0.3711970921948008
MBS,1913-04-22,0.32140342780000003,9.06953,0.81514,394292.3029172903,0.9405718111317596,0.9562607143580593
MBS,1914-05-05,0.43528543708,8.50194,0.81514,534000.8306303212,0.36097856347868174,0.33846984627176857
MBS,1915-04-27,0.5251394231200001,8.70637,0.81514,644232.1848026107,0.2784950790759053,0.2731243021869212
MBS,1916-05-03,0.57959431088,8.52139,0.81514,711036.5224133278,0.03674581747971861,0.04221691315056364
MBS,1917-05-16,0.74027939284,8.97195,2.3656455066934168,312929.13107455656,0.23722864751526496,-0.23076930208063762
MBS,1918-05-15,0.93967392064,9.81776,2.12711,441760.8495282332,0.24867535470741453,0.24530163205285205
MBS,1919-05-28,1.17988136604,9.74511,2.595483106013214,454590.2700373782,0.11901343527103769,-0.10683644271588422
MBS,1920-06-10,1.26224704424,9.58474,2.64593,477052.31969099713,0.12017159061281912,0.13178354083880994
MBS,1921-06-02,1.61877214408,8.65934,2.64593,611797.0407682743,0.1835572068919611,0.1869821499228863
MBS,1922-06-08,1.6868464589599999,8.96263,3.62176,465753.2412307828,0.04802340259349647,-0.2334528664233626
MBS,1923-06-21,1.87552901068,9.23857,3.476101373439322,539549.5726939389,0.1460178255445186,0.13488930808190203
MBS,1924-06-20,1.93672844144,9.7147,3.62176,534747.8688372504,0.03703943705735813,0.03490372695542443
MBS,1925-07-03,1.7588631476,10.13684,3.62176,485637.68653914117,-0.06633295767644587,-0.06198264566852918
MBS,1926-07-16,1.97543966672,10.02242,3.62176,545436.3808535077,0.09797265364920649,0.09545704497569218
MBS,1927-07-08,2.0363536882,10.20709,3.62176,562255.2814653649,-0.024330351279257312,-0.023983243234218188
MBS,1928-07-14,2.1356308043200003,5.92971,5.4452,392204.2908102549,-0.0016323680655517814,-0.3345173613260216
MBS,1929-07-27,2.25629544764,5.83068,5.4452,414364.1092411665,0.07478417385901381,0.07140136838765199
MBS,1930-07-26,2.2349692585999996,7.62842,5.443461238019376,410578.7036729597,-0.016370511854892578,-0.01747875203699112
MBS,1931-08-08,2.3567267906,9.02603,5.4452,432808.122860501,0.594651909438547,0.7382945476597771
POR,1891-07-23,12.9651218476,9.62775,114.45947,113272.60075203913,0.02632284813271668,0.025839870216287197
POR,1892-08-05,13.12035478728,9.71281,116.70153,112426.58761440402,0.007187291453044864,-0.012585916597018132
POR,1893-08-04,13.96656483768,9.96823,116.70153,119677.64979328035,0.047725172983970054,0.04593512082138229
POR,1894-08-17,14.83162655104,9.95315,116.70153,127090.24938267731,0.03830106870092931,0.03495535928551474
POR,1895-08-30,15.397429684,10.03382,116.70153000000002,131938.5417140632,0.025647966883328488,0.03033543882948697
POR,1896-08-22,16.28898692876,10.12537,116.70152999999999,139578.1780132617,0.020587804699306878,0.020894929070840895
POR,1897-08-28,16.65240645172,10.19584,125.47624,132713.62332597788,0.025190923487072192,-0.04511294444312164
POR,1898-09-10,16.23733114536,9.81721,126.66538,128190.75855896852,-0.01505081311853318,-0.022736196758861293
POR,1899-09-09,17.33690777832,10.75855,126.66538,136871.71489415655,0.021660554852894087,0.02090820031199092
POR,1900-09-22,19.29394489776,10.79919,129.16407,149375.47955681483,0.10526140831319775,0.10523925334184692
POR,1901-10-05,21.43703359616,10.98608,131.91854,162502.0531318797,0.06503591939971876,0.044952608396562566
POR,1902-09-27,21.783221499000003,10.95108,131.91854,165126.30824295053,0.016298549974228305,0.01725435304304246
POR,1903-10-03,22.3096673202,11.41043,131.91854,169116.99689975343,0.015602933131905194,0.016343430923793978
POR,1904-10-16,22.64766827648,11.39653,131.66708158502394,172007.06512094507,0.004595049921332972,0.005733831013605695
POR,1905-10-15,23.641058907439998,11.43587,131.91854,179209.52511633313,0.01965377556049841,0.02207941995073459
POR,1906-10-28,24.91242328692,11.65918,137.71786489742118,180894.63778338386,0.04455719149577497,-0.0034726719835653785
POR,1907-11-10,24.553170952440002,11.81378,140.65871,174558.48238932376,-0.004818522564346228,-0.024375195874805078
POR,1908-11-02,24.21514303468,11.50712,140.65871,172155.3043866249,-0.01394592271913353,-0.011775804103496879
POR,1909-11-08,24.83664110356,10.9542,145.32254,170907.0121094773,0.025075386310657866,0.016848493571733902
POR,1910-11-21,24.89781380996,12.06222,148.65415778416414,167488.17645659097,-0.02176297382747394,-0.024345562203981097
POR,1911-11-20,24.99706670812,12.14887,145.32254,172010.9399967823,0.01166285668616407,0.00817136219606529
POR,1912-12-03,25.23275706484,12.49888,145.32254,173632.78308265188,-0.01372684087693421,-0.011620541138840479
POR,1913-12-16,26.32908285072,12.7404,131.54089,200158.92283167614,0.023418763098706386,0.07317841426353167
POR,1914-12-08,28.49344281264,13.17426,131.54089,216612.81760097566,0.04206624954419036,0.04040170985353897
POR,1915-12-14,28.2366143514,13.52068,131.54089,214660.3565735339,-0.020350176945557075,-0.020970045744979737
POR,1916-12-27,28.66784413636,13.49289,131.54089,217938.65114003717,-0.010830367370181948,-0.01192033902061751
POR,1917-12-26,31.34378026884,13.74562,135.42416304522294,231448.94946386485,0.10490774691389149,0.05298105931363861
POR,1919-01-08,34.66454881656,14.08279,138.92217,249524.95931038223,0.08842077077033106,0.0773984226539226
POR,1920-01-21,35.3594873918,14.34089,138.92217,254527.3183668237,0.042330593779639436,0.03473938977088031
POR,1921-01-13,33.57094519636,14.37349,143.6528,233695.02854354386,0.013856176158304034,-0.0165507487833656
PHI,1837-01-20,1.53735453612,8.49866,25.464323155826587,60372.880390823666,0,0
PHI,1838-01-19,1.65299344496,8.49259,25.75279,64186.96556606099,0.054549189156615,0.04774735088886528
PHI,1839-02-01,1.66448546212,8.54846,25.75279,64633.2091443296,0.0027686854648991677,0.005588601446306907
PHI,1840-02-14,1.94253558928,8.67197,25.75279,75430.10249685567,0.15569851278557523,0.15136632697161923
PHI,1841-02-06,2.02049694132,8.83319,25.752789999999997,78457.39981260283,0.03328332092207509,0.033832267886140466
PHI,1842-02-12,2.08802079824,8.49203,25.75279,81079.40142563194,0.031625208037679986,0.03354617382641223
PHI,1843-02-25,2.2993827792,8.43595,25.75279,89286.74443429237,0.11569230864716484,0.11641526390297496
PHI,1844-02-24,2.3377241726799998,8.56934,25.910016754640097,90224.72639896492,0.0034730308125570097,0.002309604807911647
PHI,1845-03-09,2.61056177408,8.75529,25.75279,101370.05637369775,0.12571464033701574,0.11894830728806727
PHI,1846-03-22,2.6275021708,8.72146,25.75279,102027.86458476925,0.05128960346966327,0.05113160048739407
PHI,1847-03-14,2.6851363474,9.51073,25.75279,104265.8425514284,0.004197697768195674,0.00384650537216058
PHI,1848-03-20,2.96172386848,9.78913,26.151299994579276,113253.40878250472,0.08161013463677813,0.07791548403164872
PHI,1849-04-02,3.1483564345999997,9.92551,25.75279,122253.02324913144,0.04592237296598323,0.04639682090170272
PHI,1850-04-01,3.2482048248,9.10885,25.75279,126130.21054417793,0.015975345012407827,0.012676150316196066
PHI,1851-04-14,3.39380720432,9.1035,25.75279,131784.0592929931,0.04174302724989998,0.04441042524710448
PHI,1852-04-27,3.1947558323200003,8.96276,27.157215683151055,117639.29960986752,-0.08523069275430839,-0.09003588840435728
PHI,1853-04-19,3.81821524396,9.04042,25.75279,148264.1393014116,0.18734676509521497,0.1883828693315457
PHI,1854-04-25,4.04193734828,8.99092,25.75279,156951.43509810005,0.03004316578087174,0.029126247076866063
PHI,1855-05-08,4.199245064039999,8.98294,25.75279,163059.8107638046,0.06340702648492846,0.06409390256027891
PHI,1856-05-07,4.70325784812,8.95101,25.75279,182631.0022378158,0.09748496932453476,0.10354304542185888
PHI,1857-05-20,4.8213587734,8.82387,25.75279,187216.94905289874,-0.00336417091746144,0.0005076668179750943
PHI,1858-06-02,5.38270715268,8.7896,25.75279,209014.5243556135,0.10103043742459006,0.09317513186824367
PHI,1859-05-25,5.987155593120001,9.42249,25.75279,232485.7071066863,0.08502490990324385,0.08457985745569352
PHI,1860-05-31,6.172931398919999,9.65279,25.75279,239699.51989357267,0.061511147121685816,0.061304987090629925
PHI,1861-06-13,6.708650778439999,9.78877,25.75279,260501.90206342688,0.04535958833756504,0.045077793451798076
PHI,1862-06-12,7.16872924664,9.77718,25.752789999999997,278367.0913574801,0.09208784001297676,0.09342166681406816
PHI,1863-06-25,7.501708751160001,9.79762,25.554048551039088,293562.4363465085,0.038548552323668384,0.03617520382265038
PHI,1864-07-08,8.32425431916,9.80171,25.75279,323236.9898236269,0.07211416547288474,0.07048172481020054
PHI,1865-06-30,8.76215283164,9.91404,25.75279,340240.9149315472,0.04530042400899581,0.04500696995011344
PHI,1866-07-06,8.34317993652,9.81737,25.75279,323971.88562947937,-0.04211517407270193,-0.041313352694926864
PHI,1867-07-19,8.61632148052,9.9618,25.479687871571475,338164.32618601713,0.04813725264840185,0.0484645523635483
PHI,1868-07-18,8.97441519728,9.93061,25.75279,348483.22054736596,0.06279690198000898,0.06704650167254944
PHI,1869-07-31,10.05749806464,9.83837,25.75279,390540.1342782666,0.11945000152867813,0.11472719519819963
PHI,1870-08-13,10.28175545956,10.51604,25.75279,399248.215807297,0.016430648951016202,0.01603938579638986
PHI,1871-08-05,10.55221220612,10.62951,25.75279,409750.2525404043,0.01713664030211004,0.01687306475843431
PHI,1872-08-11,10.410576072000001,10.76274,25.75279,404250.41605200834,0.0061247272862863245,0.0085674930508719
PHI,1873-08-24,10.7616697526,9.75734,25.75279,417883.6449409947,0.013683381700997144,0.016411801164535555
PHI,1874-08-23,11.56559497444,9.85759,26.060760932577004,443793.4488698117,0.06760659722726237,0.06411057031043654
PHI,1875-09-05,11.96673947508,9.9985,25.75279,464677.3990344347,0.018931035066773072,0.019235710373164405
PHI,1876-09-18,12.136116311799999,10.41016,25.75279,471254.4276484217,0.0024791835759330194,0.0032581818843056
PHI,1877-09-10,12.011269350600001,10.35301,25.75279,466406.5272384079,-0.011345650599367318,-0.01286054698212502
PHI,1878-09-16,11.1781779954,10.43779,26.824115563141465,416721.2137558688,-0.01965889934078424,-0.019500956518168522
BUR,1837-01-13,1.20044468492,7.85516,35.19316,34110.17041152315,0,0
BUR,1838-01-19,1.07944807828,8.84986,35.6081,30314.677791850732,-0.10569628835645595,-0.11334578630834335
BUR,1839-01-25,1.0119399950399999,9.47675,36.17052,27976.926929444195,-0.05800876898424234,-0.06925412697680533
BUR,1840-01-31,1.01680590596,9.47398,36.77014,27653.033302565615,0.003987098750922957,-0.008331178756850743
BUR,1841-02-06,1.0646896546,9.3333,37.3059,28539.444286292517,0.01235623090632254,0.0017932953805417373
BUR,1842-02-12,1.0678736421600001,9.63559,37.92669,28156.25729954288,0.011443833567018613,-0.0013043048948144786
BUR,1843-02-18,1.11007315432,9.61227,38.56404,28785.188334002352,0.030792382041672894,0.01802051845394459
BUR,1844-02-24,1.13069187712,9.47119,39.18714,28853.646301312117,0.017647607434147394,0.005415939723937946
BUR,1845-03-02,1.23292716404,7.98423,39.69358,31061.122832458044,0.21881430989536432,0.2066121924769757
BUR,1846-03-08,1.5433691286,7.64859,40.07362,38513.34440462329,0.23279833783888226,0.22427013224324566
BUR,1847-03-14,1.40486785868,7.88506,40.42838,34749.546201950216,-0.0662519448905694,-0.07267551245615478
BUR,1848-03-20,1.42627018404,7.92423,40.76579,34986.938411839925,0.006215697725843405,-0.00010402127091668767
BUR,1849-03-26,1.73671581304,6.79603,41.01051,42348.06670387664,0.09140732165508325,0.08666908463185385
BUR,1850-04-01,1.50439221452,7.75322,41.24775,36472.10367886733,-0.12924561393142997,-0.13310728906311808
BUR,1851-04-07,1.5230278959999999,7.76183,41.52238,36679.68685802692,-0.014989584349153984,-0.019585393070355117
BUR,1852-04-13,1.65697667044,7.45088,41.76965,39669.39321828169,-0.03404724144331195,-0.038235926933278375
BUR,1853-04-19,1.0507841526,7.38867,29.65594,35432.50197430936,-0.38836757196189897,-0.1374205866028838
BUR,1854-04-25,1.02016663112,7.49893,29.851640000000003,34174.55895622485,0.1126159002316871,0.10699540338426239
BUR,1855-05-01,1.028299363,8.09752,30.063069999999996,34204.735677360964,-0.05305509307646905,-0.057982689590984515
BUR,1856-05-07,1.02827421476,7.90654,30.288880000000002,33948.901866295484,0.010748069316578679,0.005008276528790434
BUR,1857-05-13,1.07641081288,7.55369,30.484729999999995,35309.83587127064,0.044445342551998834,0.03956304056004312
BUR,1858-05-19,1.0876076598400002,7.94406,30.684000000000005,35445.43279363838,0.05931617973626935,0.0534930619577354
BUR,1859-05-25,0.26275145883999995,7.67671,8.91206,29482.685130037273,-0.7792562757192775,-0.23864375620678546
BUR,1860-05-31,0.26231692968,6.99282,8.96255,29268.11339183603,-0.007602697465085906,-0.01156883290242261
BUR,1861-06-06,0.26097716216,7.00944,9.00735,28973.800525126702,-0.013041695722842195,-0.016790566518608663
BUR,1862-06-12,0.2583753146,7.15014,9.05442,28535.82168708763,-0.009148296311237036,-0.013099673872105977
BUR,1863-06-18,0.27884901616,7.7246,9.12097,30572.29835861756,0.008105402901782854,0.002629190700159656
BUR,1864-06-24,0.27433312660000003,7.01734,9.18116,29880.007166850377,0.008627150879883194,0.003484102680229917
BUR,1865-06-30,0.29355309828,7.75414,9.23425,31789.59831930043,0.06409974224414738,0.05951813849414678
BUR,1866-07-06,0.28901955316,7.72564,9.30542,31059.270098501736,-0.007233543229742789,-0.012819971606299996
BUR,1867-07-12,0.29080586288,7.74458,9.37446,31021.07885467536,0.0014044869560614348,-0.004257560575816055
BUR,1868-07-18,0.29696846348,8.60248,9.45725,31401.143406381343,0.018247586362843737,0.01195611143987163
BUR,1869-07-24,0.30022357092,6.93298,9.52894,31506.502393760482,0.02093003128366422,0.0148922344085749
BUR,1870-07-30,0.29644657068,7.76625,9.58334,30933.53368241135,-0.012418445604348238,-0.016752019923211958
BUR,1871-08-05,0.2916791384,6.92107,9.64481,30242.08236346802,-0.023858653751491432,-0.02830397084113845
BUR,1872-08-11,0.29727362444,7.78898,9.72343,30572.91762680453,0.022380404994292613,0.01593902714839035
BUR,1873-08-17,0.2975491376,7.79466,9.80994,30331.392200156173,-0.0006669979628521894,-0.007505551773235308
BUR,1874-08-23,0.30024760116000004,7.82778,9.91848,30271.533658383138,0.01481886538491084,0.006320612067215237
BUR,1875-08-29,0.30958482880000004,7.02446,9.99595,30971.026145588963,0.028626172522301818,0.02207397564572844
BUR,1876-09-04,0.3705516282,7.07458,10.06575,36813.11657849639,0.28164588117077094,0.27401831694029144
BUR,1877-09-10,0.32686687436,7.27291,10.14993,32203.855037423906,-0.04184888273965859,-0.04808501819872024
BUR,1878-09-16,0.34219660279999997,7.99689,10.22203,33476.38412331014,0.006145382423142776,0.0007074014255168404
BUR,1879-09-22,0.35454752164,8.66223,10.35949,34224.41854183942,0.024152736664673657,0.01424649222028207
BUR,1880-09-28,0.35702141383999997,8.66047,10.487890000000002,34041.30037977133,0.007329842734129066,-0.002163942507303118
BUR,1881-10-04,0.35820569148,8.69899,10.61557,33743.425127430746,0.0032324058609385364,-0.006125640294834533
BUR,1882-10-10,0.36271472639999996,9.25367,10.7589,33712.993558821065,0.005407870277790661,-0.004176770765601967
BUR,1883-10-16,0.36395957780000004,9.25246,10.90933,33362.23010945677,0.0023752067778781694,-0.00830749313811685
BUR,1884-10-22,0.37485009068,9.38315,11.06201,33886.254910273994,0.021863867421485716,0.010979819779074917
BUR,1885-10-28,0.36880266227999997,9.35614,11.23056,32839.20501560029,-0.005611264780565395,-0.0164883568635541
BUR,1886-11-03,0.41414673092,8.72259,11.37845,36397.46458612553,0.22421070375124863,0.21186280328349372
BUR,1887-11-09,0.41227307784,8.73519,11.51362,35807.42441039395,-0.0006619757886231481,-0.009323432452935987
BUR,1888-11-15,0.41429365328,8.74393,11.64629,35573.01537914649,0.005249564248941185,-0.0035083921760286074
BUR,1889-11-21,0.45608022512,8.71701,11.77919,38719.1500536115,0.08708643589119691,0.07766668611681471
BUR,1890-11-27,0.46340061404,8.68806,11.91834,38881.30511799462,0.00975661863957722,0.0011470405813818196
BUR,1891-12-03,0.4867947084,9.47753,12.05975,40365.240440307636,0.04338858137259183,0.03414767439168864
BUR,1892-12-09,0.47104407948,8.66357,12.222900000000001,38537.83304125862,-0.01198469828478299,-0.02234329913237343
BUR,1893-12-15,0.48359468456000004,9.45967,12.406519999999999,38979.07588590516,0.007808422732782816,-0.003012477035951533
BUR,1894-12-21,0.47261093152,9.42535,12.58225,37561.71841443303,-0.023776160507138044,-0.03428086312165035
BUR,1895-12-27,0.58280934608,8.69476,12.75412,45695.77094146833,0.19828712566960682,0.18559676806498215
BUR,1897-01-02,0.52174200624,9.49771,12.92317,40372.602561136315,-0.09544240749545385,-0.10410283360405403
BUR,1898-01-08,0.5257251131599999,9.49423,13.10769,40108.14362866378,0.005348541040538279,-0.005554719862665203
BUR,1899-01-14,0.5445824384,9.51852,13.305719999999999,40928.445691026114,0.032585602536493896,0.021318730638308248
BUR,1900-01-20,0.55564831816,9.45487,13.49722,41167.612157170144,0.00883832310026511,-0.002175187073185203
BUR,1901-01-26,0.68628115764,9.45141,13.68619,50144.06183459385,0.23374966527053398,0.2205558640380929
BUR,1902-02-01,0.6012571266,9.43178,13.88886,43290.60315965457,0.014058175617172486,0.0033308299175123235
BUR,1903-02-07,0.70266328132,9.41976,14.067439999999998,49949.619925160514,0.04491183886222094,0.03460319756259711
BUR,1904-02-13,0.6479717946,9.27864,14.21435,45585.749232289905,-0.1212376508831593,-0.1281027225252026
BUR,1905-02-19,0.65367544372,9.24292,14.38724,45434.387952102,0.0068993352623947235,-0.0019066408888931408
BUR,1906-02-25,0.65987575108,9.17224,14.5448,45368.49946922611,0.008134188427317168,-0.0003138168136320729
BUR,1907-03-03,0.67408479632,9.66359,14.7148,45809.98697365917,0.01878826198695105,0.009727527616411491
BUR,1908-03-09,0.8541448942,9.03609,14.90073,57322.352274016106,0.201116802220638,0.1898457412065453
BUR,1909-03-15,0.79340478308,9.23256,15.0169,52834.125756980466,-0.07021576998104095,-0.07553572454448554
BUR,1910-03-21,0.77698873356,9.06565,15.1658,51232.95398594205,-0.023153548305144045,-0.03009590908591464
BUR,1911-03-27,0.77154438712,8.25141,15.288249999999998,50466.49466878158,0.007851540275205515,0.0013794438093308603
BUR,1912-04-02,0.81151161364,8.9966,15.40164,52689.94818993302,0.06124229875118514,0.05509005102820175
BUR,1913-04-08,0.9628499925199999,8.98031,15.53589,61975.850274429074,0.07520946616621416,0.06825247170667592
BUR,1914-04-14,0.8582868632,8.25244,15.59476,55036.87541199736,-0.08947075569507135,-0.0919852474271019
BUR,1915-04-20,0.86005692708,8.83028,15.67898,54854.13764670917,-0.031009611666198533,-0.034918634080372324
BUR,1916-04-26,1.03445982328,8.84141,15.82215,65380.48389630992,0.09135746307954662,0.0837050358840079
BUR,1917-05-02,0.8397143752399999,8.45797,15.90959,52780.390647401975,-0.14625070541296248,-0.14989783869992523
BUR,1918-05-08,0.87232178124,7.93605,15.98227,54580.59344761414,0.1575053526420671,0.153630695842095
BUR,1919-05-14,0.7956970424,8.90265,16.06,49545.27038605231,-0.052877966141697264,-0.05681240165644863
BUR,1920-05-20,0.7311135291199999,9.04765,16.15767,45248.69793231326,0.023167772405685128,0.018441711673863326
BUR,1921-05-26,0.72229609868,9.72025,16.316,44269.189671488115,-0.018288681929528594,-0.02524504029928698
BUR,1922-06-01,0.78657210424,8.66621,16.43051,47872.653024160536,0.1880975542868779,0.18145474890446733
BUR,1923-06-07,0.79598955748,10.49184,16.58749,47987.342116257496,0.01233818282040744,0.004712169593461768
BUR,1924-06-13,0.79391667056,9.76075,16.75559,47382.197258347805,0.11899079850244743,0.11087737196574565
BUR,1925-06-19,0.7945879838000001,9.84156,16.89671,47026.19526523211,-0.010458393035923441,-0.016910039195032533
BUR,1926-06-25,0.83130393528,9.71896,17.03034,48813.11443459144,0.0443758693825369,0.038139204955236705
BUR,1927-07-01,1.00409718968,9.65753,17.16314,58503.117126586396,0.09209276369874986,0.08590121985269294
BUR,1928-07-07,0.84519060496,11.41843,17.31189,48821.394137786236,-0.16998773430037217,-0.17547594078679785
BUR,1929-07-13,1.0273141034,10.94269,17.49015,58736.72343576242,0.11439072745923484,0.1061027643705108
BUR,1930-07-19,0.80870333492,9.66337,17.6196,45897.93950600468,0.042744943133386615,0.036643553008569585
BUR,1931-07-25,0.8535949078799999,9.89956,17.66122,48331.59362037277,0.05169542366288016,0.04728152726622703
BUR,1932-07-31,0.82498603096,9.87296,17.57339,46945.18422228153,-0.03672401040638806,-0.03383814696071219
BUR,1933-08-06,0.8769545928,9.89663,17.68706,49581.70508835273,0.028445801222592104,0.02343208038599842
BUR,1934-08-12,0.8675806417199999,9.69925,17.78994,48768.04765614723,-0.0043916557341978635,-0.008939499309875476
BUR,1935-08-18,0.8714828642,9.08828,17.88064,48738.90779077259,-0.005914965341687006,-0.009472270611769917
FZN,1847-09-12,0.07216961751999999,5.87696,2.4200691241349928,29821.304193447635,0.13013598588410336,0.12933573333822235
FZN,1848-09-25,0.09482015192,5.88433,2.46795,38420.61302700622,0.12967870527077174,0.09698087468268257
FZN,1849-09-24,0.08009808716,5.57383,2.46795,32455.311963370405,-0.1231399005623871,-0.10156324007314577
FZN,1850-10-07,0.08064508712,5.57673,2.5186,32019.807480346222,0.005379440863295004,-0.014941097970779138
FZN,1851-10-20,0.08178142647999999,6.44137,2.522406625812366,32421.983689351226,0.0075732315881362755,0.006748098439907979
FZN,1852-10-12,0.08413531932,6.45006,2.55795,32891.69816454583,0.013978907555646902,0.009202763301921157
FZN,1853-10-18,0.09844919136,6.47456,2.63866,37310.2981664936,0.08026804796889087,0.07765216388229779
FZN,1854-10-31,0.08262381348,7.105,2.63866,31312.792659910712,-0.12679551339797912,-0.1287310466862378
FZN,1855-10-30,0.09271242292,6.32333,2.68723,34501.1118958928,0.0956447677122465,0.08187909180411568
FZN,1856-11-12,0.09313327816,6.30858,2.6872300000000005,34657.72492864399,0.004911324491354119,0.005260139267211805
FZN,1857-11-25,0.0916206798,6.64929,2.7245700000000004,33627.57418601834,-0.01828521858032106,-0.03202077036952078
FZN,1858-11-17,0.10239355775999999,6.54995,2.7629600000000005,37059.37029852042,0.2015839636953789,0.18840824930872824
FZN,1859-11-23,0.09504659684,6.50293,2.76296,34400.27971450907,-0.08397707484311245,-0.08602419104464898
FZN,1860-12-06,0.0794550718,6.36756,2.76296,28757.22840721545,-0.11319176862318947,-0.11110179163030343
FZN,1861-12-05,0.08077084080000001,6.35369,2.81871,28655.25038049321,0.046468969305806684,0.03161644851872092
FZN,1862-12-18,0.07501141804,6.12187,2.8701434102674326,26135.076655633256,0.015336474175634773,0.03381445414569728
FZN,1863-12-31,0.07790727775999999,6.47304,2.84181,27414.668031993693,0.016405289975696347,0.0008576284039600868
FZN,1864-12-23,0.07130265584,7.05499,2.88464,24718.04309723224,-0.31565968786590104,-0.3237064978946389
FZN,1865-12-29,0.10626353867999999,6.88771,2.88464,36837.712393920905,0.4328778459560967,0.444547187035935
FZN,1867-01-11,0.13371532148,8.2948,2.4628008469776237,54294.0049919574,0.33907849721171535,0.3365870400662707
FZN,1868-01-10,0.2035224386,8.35579,2.88464,70553.84332187031,0.2774901820164748,0.3153529332479166
FZN,1869-01-23,0.17010970704,8.60732,2.88464,58970.861889178545,-0.04342944349716438,-0.056458676693424525
FZN,1870-02-05,0.29566059536,9.99116,2.88464,102494.79843585334,0.6302046487196351,0.5953787528625296
FZN,1871-01-28,0.26889762068,10.05131,2.88464,93217.04638360419,-0.05276263247915347,-0.052445048531961636
FZN,1872-02-03,0.30673772792,9.91205,2.88464,106334.83828831326,0.1693440019485184,0.1707726523805737
FZN,1873-02-16,0.3594740422,9.67213,3.26772,110007.60230374696,0.1435827423981606,0.10128615548609621
FZN,1874-02-15,0.3916476902,9.49266,3.26772,119853.50342134577,0.09007139688447663,0.1026075853307653
FZN,1875-02-28,0.37647294152,9.32619,3.26772,115209.66959225392,-0.04276378451894336,-0.041157866019155276
FZN,1876-03-13,0.4452588036,9.70455,3.37914,131766.90033558835,0.11351868523937325,0.11482887824427657
FZN,1877-03-05,0.47922607044,9.49769,3.3791400000000005,141818.94518723697,0.0313997695421544,0.030338713742654955
FZN,1878-03-11,0.5928663790400001,9.43346,3.4089299826715465,173915.68088922033,0.18475753350379387,0.1813261553609513
FZN,1879-03-24,0.56259078096,9.3956,3.37914,166489.3378078446,-0.035916210377018976,-0.03748484361311677
FZN,1880-03-23,0.5807014205200001,9.4979,3.3791400000000005,171848.8788626692,0.04151734677489172,0.03293583088941365
FZN,1881-04-05,0.59820956884,9.18696,3.37914,177030.1227057772,-0.009718113304990283,-0.03088609512089613
FZN,1882-04-18,0.64346007076,9.21521,3.3898539345218994,189819.40909225424,0.07920877016697303,0.07465510139444986
FZN,1883-04-10,0.6491170821200001,9.43957,3.37914,192095.3503317412,-0.02594013284309482,-0.030138733407287233
FZN,1884-04-16,0.71432530364,8.92865,3.37914,211392.63352213879,-0.000012301039803430669,0.0020518627184782368
FZN,1885-04-29,0.77026410136,9.05031,3.37914,227946.78567919647,0.0535206949664111,0.05333391743185456
FZN,1886-04-28,0.7306182556399999,9.18123,3.97807,183661.488018059,-0.03025728807743755,-0.17469383225334145
FZN,1887-05-11,0.78789636328,9.4312,3.97807,198059.95452065952,0.048984762911596036,0.04614393966645536
NEJ,1911-10-09,0.08802267968000001,6.40521,2.75559,31943.315108561143,0,0
NEJ,1912-10-15,0.08909872452,6.3345,2.75404,32352.008148029807,-0.01488445029904173,-0.014456763184516608
NEJ,1913-10-21,0.01784945604,6.30339,0.64483,27680.87098925298,-0.810654985554067,-0.19163854286323145
NEJ,1914-10-27,0.01776151572,7.13892,0.64588,27499.714683842198,-0.03820840387696145,-0.03942882287124827
NEJ,1915-11-02,0.018807748960000002,7.54823,0.64771,29037.29903814979,0.04210162157319686,0.03988925485906303
NEJ,1916-11-08,0.018391050080000002,7.36692,0.6506,28267.82981862896,-0.01451156809069365,-0.017730170303126846
NEJ,1917-11-14,0.02003055964,5.11016,0.65168,30736.802786643748,0.03593834426750053,0.03382522285008793
NEJ,1918-11-20,0.019783004280000002,5.64315,0.64752,30551.95867309118,0.003256221059265263,0.00808862672786348
NEJ,1919-11-26,0.01927321448,5.79047,0.64427,29914.8097536747,-0.01707012579650513,-0.013425935892259933
NEJ,1920-12-02,0.01928016376,5.87111,0.6419,30036.086243963233,-0.01114791880254784,-0.00827871997894325
NEJ,1921-12-08,0.019363100640000002,5.83265,0.6394,30283.235283077887,-0.0006586239194001919,0.002155951284941171
NEJ,1922-12-14,0.020011829760000002,6.04787,0.63731,31400.46407556762,0.032989163288675405,0.03571703938397297
NEJ,1923-12-20,0.020727825039999998,5.84631,0.63553,32615.022170471886,0.028190527470187243,0.030458448186129417
NEJ,1924-12-26,0.02043515656,3.94282,0.63205,32331.55060517364,-0.009552776273778263,-0.006134388489950182
NEJ,1926-01-01,0.02109915444,3.85099,0.62473,33773.237142445534,0.039421715760963316,0.04873189774982656
NEJ,1927-01-07,0.02077541752,4.05699,0.61758,33640.042617960426,0.001492349630594969,0.010380043902741054
NEJ,1928-01-13,0.020947054960000003,5.99037,0.61217,34217.709067742624,0.004527272345812294,0.011342391667699125
NEJ,1929-01-19,0.019664956480000002,5.69244,0.6091,32285.26757511082,-0.06126378693734935,-0.05772580902475677
NEJ,1930-01-25,0.01824456816,6.04609,0.60607,30103.07086640157,-0.08226348727761001,-0.07862794066143952
NEJ,1931-01-31,0.01773412316,4.04766,0.60253,29432.763779396875,-0.01518035206135293,-0.01116060276765829
NEJ,1932-02-06,0.017012717280000002,4.15506,0.58771,28947.46946623335,-0.05475065232053544,-0.03403398983214989
NEJ,1933-02-12,0.01809198664,4.33362,0.58212,31079.479557479557,0.015472727521440355,0.022903797071811116
NEJ,1934-02-18,0.017788604080000003,4.34202,0.5767,30845.50733483614,-0.013009031202350751,-0.006107348386226397
NEJ,1935-02-24,0.018555224999999998,6.5017,0.57342,32358.873077325516,0.04417819493175479,0.048844653018688344
SAT,1837-01-13,0.14795528487999998,9.22649,7.61613,19426.570302765314,0.17467296338597893,0.15381924973347538
SAT,1838-01-19,0.17125104776,9.23436,7.79201,21977.775665072295,0.1386617481311847,0.11875192434184645
SAT,1839-01-25,0.18704551528,9.21865,7.98066,23437.349201695095,0.08265813645906084,0.06390911161865254
SAT,1840-01-31,0.18635623603999998,9.22227,8.15825,22842.672882051906,0.0006106703415171832,-0.01599296643605308
SAT,1841-02-06,0.19257439240000002,9.20859,8.34027,23089.70721571364,0.03327906224441213,0.015751615578386335
SAT,1842-02-12,0.19542466268,9.20714,8.54035,22882.512154654083,0.011036165388632613,-0.0061896612656028305
SAT,1843-02-18,0.20242219972,9.19884,8.73329,23178.22947823787,0.017428243926978837,0.00008399179763896036
SAT,1844-02-24,0.20789541448,9.2029,8.92909,23282.93414894463,0.01280331378105326,-0.0045094701119312575
SAT,1845-03-02,0.21344888811999999,9.21251,9.14591,23338.17937416834,0.012712646589278398,-0.00458855676595793
SAT,1846-03-08,0.20887491768000002,9.20858,9.35174,22335.406852628497,0.014838642145087011,-0.002521481737287945
SAT,1847-03-14,0.22508434884,9.22404,9.57339,23511.457157809302,0.11012294554472235,0.08998746262824597
SAT,1848-03-20,0.23861591312000002,9.23898,9.80548,24334.95485381644,0.005742980885730997,-0.011595099018305133
SAT,1849-03-26,0.28868457488,9.23188,10.02385,28799.770036463033,0.19955908803187516,0.179188377703432
SAT,1850-04-01,0.30640842700000004,9.25222,10.26146,29860.120002416814,0.05392317935210822,0.036181604295762115
SAT,1851-04-07,0.35902524892,9.15438,10.48265,34249.474028036806,0.09285084253279918,0.07525920284764087
SAT,1852-04-13,0.42957808088000005,9.17965,10.70452,40130.531857570444,0.09201051557096052,0.07432255081000383
SAT,1853-04-19,0.60833200584,8.33594,10.94068,55602.7601428796,0.34305022100654003,0.32177803461609655
SAT,1854-04-25,1.01403086668,8.25016,11.11743,91210.90635875377,0.28687044862914,0.270840518413795
SAT,1855-05-01,1.31803654528,7.3538,11.26754,116976.42478127434,0.2974870056410519,0.2838875861467287
SAT,1856-05-07,1.6118844398799999,7.87204,11.31331,142476.82065460947,0.16569204052678588,0.16332976068057792
SAT,1857-05-13,1.86296579976,7.85791,11.42804,163017.0877735815,0.06912325178188405,0.060797061289787235
SAT,1858-05-19,2.02170598968,8.43538,11.56444,174820.91564139727,0.08412289782979965,0.07470713980219568
SAT,1859-05-25,2.05675785224,7.97097,11.67746,176130.5842400659,0.010439693569976871,0.0032503504924668025
SAT,1860-05-31,2.04117443712,8.60519,11.79437,173063.456303304,0.004436168465854928,-0.002922623913015454
SAT,1861-06-06,1.619782203,8.63877,11.944920000000002,135604.27386704975,-0.030234679289562028,-0.03923974473617309
SAT,1862-06-12,1.4655249674,8.91156,11.99123,122216.4004359853,0.18220159781798428,0.17585330909778518
SAT,1863-06-18,1.29998098464,8.79706,11.97785,108532.08085257371,-0.05791422442092342,-0.057459477404850134
SAT,1864-06-24,1.67583357032,8.14437,11.92058,140583.22416526714,0.12172801321473337,0.12870737833704804
SAT,1865-06-30,1.91347196612,8.6365,12.02598,159111.52073427694,0.056521256158237776,0.04904818596558158
SAT,1866-07-06,1.9842830066800001,8.58462,12.24205,162087.47772472748,-0.00042360034237343136,-0.013607364024619595
SAT,1867-07-12,2.0706689458,8.57889,12.56968,164735.21567772608,0.05929620168019589,0.03935525749898905
SAT,1868-07-18,2.3539214311600003,8.61416,12.94804,181797.5099829781,0.12835566888168848,0.102159728442907
SAT,1869-07-24,2.5532815770800004,8.7402,13.187,193621.10996284222,0.1266121605324222,0.11187073408454329
SAT,1870-07-30,2.47300587404,8.73683,13.503760000000002,183134.61391790138,-0.11392337612180792,-0.13057181458985279
SAT,1871-08-05,2.92041578608,9.01055,13.76821,212112.96065937402,0.12266141837638123,0.10640201728432785
SAT,1872-08-11,2.9199914426799998,8.8726,14.05396,207770.01234385182,0.018043410177662533,0.003641342280149118
SAT,1873-08-17,3.04061867772,8.90571,14.26954,213084.56178124875,0.032882483367943305,0.021183725810947962
SAT,1874-08-23,3.11938326856,9.13435,14.48999,215278.4969872305,0.01480339860616664,0.003371388636317807
SAT,1875-08-29,3.29213270776,9.26411,14.73135,223478.0049187617,0.035795545752853375,0.02295988205450894
SAT,1876-09-04,3.36384052212,9.44845,15.05022,223507.73092486354,0.03803791545949764,0.021401212745776776
SAT,1877-09-10,3.2388240019200003,9.48059,15.21192,212913.55738920532,-0.05708754529385618,-0.06430415629898845
SAT,1878-09-16,3.5352675332,9.66135,15.35323,230262.13592840073,0.10363194100917483,0.09606802559223482
SAT,1879-09-22,3.64684242832,9.48169,15.49472,235360.33102372938,0.026248279102016436,0.019001550551837276
SAT,1880-09-28,3.6633592606,9.55465,15.63908,234243.91080549496,0.005711298792679953,-0.0011072750883928117
SAT,1881-10-04,3.85301751536,9.4922,15.77687,244219.3866945725,0.017429086152957796,0.010602432705982157
SAT,1882-10-10,3.930566679,9.71243,15.94672,246481.1998329437,0.02288736403733127,0.014499884595269519
SAT,1883-10-16,4.1444571584,9.52735,16.13439,256871.01640657007,0.05466946960859498,0.04519571572960768
SAT,1884-10-22,4.2916237806,9.6404,16.29931,263300.9483591637,0.030129213096530938,0.022261277393119894
SAT,1885-10-28,4.273267452480001,9.80213,16.46318,259565.12973070817,-0.0034726648558737194,-0.01107532681197565
SAT,1886-11-03,4.45656430648,10.12221,16.46699,270636.2429612212,0.05791220187010415,0.057536997585589944
SAT,1887-11-09,4.92607163672,10.40964,17.31362,284520.0273957728,0.09840552389407975,0.05460037838953946
SAT,1888-11-15,5.6678812554,10.69907,18.10227,313103.3431387334,0.10230848417978766,0.06484526761368481
SAT,1889-11-21,5.947970419560001,10.80237,18.79493,316466.75031830394,0.029599766484284862,0.0014870241881934643
SAT,1890-11-27,6.0481742261199996,12.61154,19.62315,308216.2764958735,0.011572531399235197,-0.020622465821340086
SAT,1891-12-03,6.43764250636,12.79501,20.40829,315442.5239135665,0.06013980068842262,0.028714638694391503
SAT,1892-12-09,6.81592742896,12.95037,21.10804,322906.6947456988,0.036738501243843036,0.0092783846004445
SAT,1893-12-15,6.90079675376,13.0534,21.79921,316561.78153978975,-0.010204797155711431,-0.033548901447658874
SAT,1894-12-21,6.652393072,13.07044,22.47258,296022.66726828873,-0.013582446312423557,-0.03617647533579549
SAT,1895-12-27,6.80805943272,13.09503,23.132760000000005,294303.81124950066,0.017815353470853168,-0.0034926702301377732
SAT,1897-01-02,7.5175522068400005,13.41128,24.21842,310406.3851745903,-0.010024160611561084,-0.044519966994000515
SAT,1898-01-08,7.78154387972,13.4352,25.15682,309321.44363715284,0.02434505319745517,-0.005210501780369414
SAT,1899-01-14,8.02797869848,13.48041,26.163539999999998,306838.3979568514,0.028644243812081527,-0.0017296499950508748
SAT,1900-01-20,8.08506862228,13.4121,27.283430000000003,296336.2239381192,-0.005090065433840607,-0.03577270634841245
SAT,1901-01-26,7.96429932376,13.4174,28.41023,280332.09600063076,-0.02097645135649462,-0.05027548208621846
SAT,1902-02-01,8.42047805456,13.35336,29.648729999999997,284008.05210071395,0.039739846515209454,0.006695346723693429
SAT,1903-02-07,9.04960616716,13.41821,30.97678,292141.6030704289,0.04020364389225861,0.00580758997719566
SAT,1904-02-13,9.2980856228,13.42881,32.21774,288601.4234021381,0.00039250127757028963,-0.02850924949987299
SAT,1905-02-19,8.8924668742,13.71486,33.38278,266378.8598253351,-0.05440827507958623,-0.07909218611304036
SAT,1906-02-25,9.91540090736,13.94535,34.65256,286137.61601913394,0.0728431615281615,0.04314525744168973
SAT,1907-03-03,10.26105512068,14.29557,35.72839,287196.12388579507,0.09437220459888174,0.06831334559966873
SAT,1908-03-09,10.99449965588,14.04004,36.35112,302452.8448058822,0.054859183462863115,0.041298208984757334
SAT,1909-03-15,10.39133018716,13.65227,37.00277,280825.7378342216,-0.04525729857226779,-0.05789131626044752
SAT,1910-03-21,10.92409893484,13.90701,37.64915,290155.26073868864,0.042564644865150436,0.029032230159798722
SAT,1911-03-27,11.71427834096,14.12792,38.56731,303735.9447926236,0.055024078355699446,0.03669442841191217
SAT,1912-04-02,11.45822032264,13.85001,39.90598,287130.40809021605,0.021808742251886226,-0.003853596451937058
SAT,1913-04-08,11.74165627284,13.57609,40.54381,289604.1657860966,-0.014843628411139509,-0.02624740862300423
SAT,1914-04-14,12.4984915094,13.69882,41.22989,303141.5196450925,-0.0046447147414142576,-0.017096528718242743
SAT,1915-04-20,14.17866566532,14.3303,42.29228,335254.22761128034,0.1086579918780346,0.08764232441942199
SAT,1916-04-26,14.8506351422,14.65487,43.4424,341846.5633160231,0.04409702602694798,0.022851435990278057
SAT,1917-05-02,15.34464515116,15.01193,44.99916,340998.479775178,0.037409856172819556,0.010203696313220822
SAT,1918-05-08,17.40238485596,15.29889,45.97536,378515.46689270076,0.11801307856105292,0.10068555078688468
SAT,1919-05-14,18.61213098888,15.20673,46.81705,397550.2725797546,0.06097922557993085,0.04634747161476893
SAT,1920-05-20,21.35131618672,15.72129,47.90023,445745.58800072566,0.10446487165995877,0.08680255838690365
SAT,1921-05-26,21.06676841932,15.9887,49.52149,425406.5945778287,-0.0005488267374973432,-0.02605941242190024
SAT,1922-06-01,22.29476946008,16.49759,51.46285,433220.65256937774,0.061574597927385843,0.031342233447804624
SAT,1923-06-07,24.22946497868,15.6548,53.07011,456555.7708224083,0.016438352575101733,-0.007475902195475781
SAT,1924-06-13,27.13182582448,16.25484,54.80936,495021.7595038512,0.09522440139413235,0.06783353928441804
SAT,1925-06-19,28.61672706568,16.23202,56.50423,506452.82779147686,0.04726924120924725,0.023570481503107477
SAT,1926-06-25,28.343370231279998,16.35901,57.77335,490595.92755621753,-0.015885859512212885,-0.031447020145267235
SAT,1927-07-01,23.591457212439998,15.79548,59.217439999999996,398386.9821532305,-0.1408299006962761,-0.15693938110520422
SAT,1928-07-07,27.49228096836,16.36986,60.86792,451671.1096479065,0.08287587522674356,0.061101359076952466
SAT,1929-07-13,30.979143966680002,16.79545,62.50322,495640.7680545099,0.09216135862633879,0.07035974668216816
SAT,1930-07-19,24.621510368,15.14392,64.15018,383810.4642574658,-0.19901055464950546,-0.21518725194028077
SAT,1931-07-25,21.98264746288,13.95985,64.92038,338609.346754902,-0.26008755107298054,-0.2656438789532576
SAT,1932-07-31,24.31249168192,13.8994,65.71474,369970.1418878017,0.1016855897363329,0.09145537676664639
SAT,1933-08-06,29.065458981,15.13618,67.25137,432191.32905396575,0.16196900109879664,0.14133599070496916
SAT,1934-08-12,32.9827774406,15.89338,69.51085,474498.26092761056,0.10583638799037143,0.07857199726248876
SAT,1935-08-18,34.29210073848,15.20097,71.50856,479552.388392103,-0.0012921209996054062,-0.02154343579802409
NAW,1837-01-13,0.08463380484,7.94153,2.33775,36203.10334295797,0,0
NAW,1838-01-26,0.20997388724000002,7.96497,2.33775,89818.79467008876,1.334241885170775,1.2776444510510947
NAW,1839-02-08,0.19707765376,7.91437,2.33775,84302.27943963211,-0.04808481532717179,-0.04810929934347197
NAW,1840-01-31,0.19110938652,7.90542,2.33775,81749.2830798845,-0.020810328290089553,-0.020666936758256704
NAW,1841-02-06,0.1927033914,8.62015,2.33775,82431.13737568173,0.009372348853079915,0.009022118970516413
NAW,1842-02-19,0.20410517556,8.64397,2.33775,87308.38436958613,0.05142359647452621,0.046531217760898747
NAW,1843-02-18,0.22168992871999998,8.67269,2.33775,94830.468920971,0.07602331690360553,0.07469631505409557
NAW,1844-03-03,0.26322101624000005,8.85891,2.30356973448777,114266.57170356112,0.20968350502509447,0.20931549644041625
NAW,1845-03-16,0.26353288832000005,9.01771,2.33775,112729.28598866431,0.013892885344793937,-0.002771076999941169
NAW,1846-03-08,0.34762107796,8.88401,2.33775,148698.99602609346,0.35260863943197385,0.3545250514770346
NAW,1847-03-14,0.35118113004,7.94451,2.33775,150221.85008662174,0.01957915934349752,0.01877790733713791
NAW,1848-03-27,0.35907784952,8.00605,2.430385524518387,147745.22226927598,-0.014796209497901835,-0.01811700430134766
NAW,1849-03-26,0.34371614159999997,8.71766,2.33775,147028.61366698745,-0.02359113360621168,-0.023771807982457704
NAW,1850-04-08,0.52127842208,8.58263,2.33775,222982.96313977113,0.42164193176614173,0.4234043940425338
NAW,1851-04-21,0.66858860224,8.54804,2.33775,285996.62164046627,0.24768605203843297,0.2721833910337095
NAW,1852-04-13,0.69245329972,8.22,2.33775,296205.02608063305,0.01576288003018389,0.01565285527503213
NAW,1853-04-19,0.77953315752,8.62373,2.33775,333454.45728585176,0.1126809961756281,0.11829624818776718
NAW,1854-05-02,0.78099671884,8.72253,2.33775,334080.51281788043,0.0030683422599244725,0.002304583977518204
NAW,1855-05-01,0.78448010784,8.77885,2.342032210895926,334957.0104929954,0.004279853793194066,0.0042274554940515685
NAW,1856-05-14,0.7733482988399999,8.73909,2.33775,330808.8113955726,-0.0681921010073484,-0.0629858549768263
NAW,1857-05-27,0.81081706628,8.72334,2.33775,346836.51642818947,0.03665196477918298,0.03208220212577362
NAW,1858-05-19,0.848522753,8.60082,2.33775,362965.56646347983,0.05523568869212414,0.05577518755065358
NAW,1859-05-25,0.80183991316,8.66553,2.3034017368007738,348111.18718425836,-0.0430562102295432,-0.04164923123205233
NAW,1860-06-07,0.85221095908,9.33409,2.33775,364543.2399016147,0.05206342134638198,0.052766821538132724
NAW,1861-06-06,0.86103446,9.4327,2.33775,368317.5959790396,0.011034659184312678,0.010041610782470567
NAW,1862-06-19,0.83576554256,9.4391,2.33775,357508.51997005666,-0.014401202523113277,-0.012049624960999705
NAW,1863-07-02,0.8350706598000001,9.42709,2.338938625335956,357029.7444979146,0.0011885711096586427,0.000827352569641171
NAW,1864-06-24,0.8984238172000001,9.75758,2.33775,384311.33234948135,0.06020630430701979,0.06015703583101595
NAW,1865-06-30,0.9044898231199999,9.75608,2.33775,386906.1375767297,0.00029341611733046946,0.00044914712153443226
NAW,1866-07-13,0.97887055448,10.28086,2.33775,418723.3684012405,0.0567235078869337,0.05629250731629565
NAW,1867-07-12,1.0105818470799999,10.1131,2.33775,432288.2459972195,0.018461154143390113,0.014840362055339229
NAW,1868-07-25,0.9527932622,9.79746,2.33775,407568.50056678423,-0.0461711509603302,-0.045796170598947916
NAW,1869-08-07,1.04002038504,9.73797,2.33775,444880.9261212704,0.05035698743645556,0.047136805475216814
NAW,1870-07-30,0.99282112852,9.93484,2.33775,424690.89018072933,-0.05569203138067713,-0.056167434696686724
NAW,1871-08-05,1.04995791524,10.41641,2.33775,449131.8212982568,0.026140793691801445,0.02571765073508203
NAW,1872-08-18,1.0781677217999999,10.45384,2.33775,461198.89714469033,-0.0032349542893882477,0.0010582894941837395
NAW,1873-08-17,1.05724263008,10.66726,2.33775,452247.94356967165,-0.014577565892337163,-0.01546149071969638
NAW,1874-08-30,1.0253432748,10.65195,2.316743808307064,442579.4820831996,-0.02161678158873559,-0.022688000677964615
NAW,1875-09-12,1.04337102844,10.74459,2.33775,446314.2031611592,0.0021740415960074255,0.003418086431404621
NAW,1876-09-04,1.00940154432,10.8626,2.33775,431783.3576387552,-0.012875290333118405,-0.013186253686731098
NAW,1877-09-10,1.0907237400799998,11.08821,2.33775,466569.8813303389,0.07210188985727828,0.07149644562304114
NAW,1878-09-23,1.1136276033999999,11.23446,2.340844283508902,475737.5837621644,0.009658134199828527,0.009208225231756684
NAW,1879-09-22,1.212980379,11.04665,2.33775,518866.5935194096,0.08129198275315042,0.08156664296498106
NAW,1880-10-05,1.23233852508,11.21746,2.3425076905551867,526076.618680355,0.01393685718466009,0.014498579770921616
NAW,1881-10-18,1.26445011056,11.22179,2.33775,540883.3752796492,0.014448099906230194,0.01474281747588524
NAW,1882-10-10,1.31319071936,11.78958,2.33775,561732.7427483691,0.03680726936237311,0.03561799970940971
NAW,1883-10-16,1.2952776746,11.82679,2.33775,554070.2276120201,-0.010858744981962598,-0.011677910263191094
NAW,1884-10-29,1.11264926708,11.61462,2.3356751624532737,476371.57981820125,-0.10823537238688008,-0.11108682928681146
NAW,1885-10-28,1.1402598194,11.71495,2.33775,487759.52065019775,0.04404296185675638,0.04901270789444068
NAW,1886-11-10,1.19427638044,12.38852,2.33775,510865.7386119131,0.040053439026624504,0.03402202183187342
NAW,1887-11-23,1.1702355688400001,12.67309,2.33775,500581.9992899155,-0.0030058881150186734,-0.005931620294664097
NAW,1888-11-15,1.18393999412,12.27989,2.33775,506444.228048337,0.007841525757594114,0.008121265424924529
NAW,1889-11-21,1.23629385776,12.36452,2.33775,528839.2076826007,0.052726062078148894,0.050825508189945356
NAW,1890-12-04,1.2099665526,12.89318,2.33775,517577.3939043952,0.0016049752959035324,0.0036279527952574053
NAW,1891-12-03,1.2674719834400001,13.17165,2.356098349165026,537953.7674601646,0.05143294198717041,0.05539860843236699
NAW,1892-12-16,1.2891090310800002,13.1805,2.33775,551431.5179467436,0.026467641889837745,0.022947790455037476
NAW,1893-12-29,1.2947745642,13.31291,2.33775,553855.0162335578,0.02507994499097843,0.022214014417840433
NAW,1894-12-21,1.240586659,13.2276,2.33775,530675.5037963854,-0.02668430703768032,-0.026097881307373783
NAW,1895-12-27,1.30249795676,13.16225,2.3653178304409863,550665.0903304459,0.034006538496917926,0.033663718013701605
NAW,1897-01-09,1.13343598368,12.47447,2.33775,484840.5448315688,-0.08261583249091164,-0.07768649569658426
NAW,1898-01-08,1.21135694992,12.17179,2.33775,518172.15267671907,0.048297022554289804,0.054669492084541194
NAW,1899-01-21,1.2354335541600001,12.03766,2.3377499999999998,528471.2027205647,0.014238513823238597,0.014660457210825095
NAW,1900-02-03,1.26593546456,11.58959,2.445005385805745,517763.8756582184,-0.009097762099485984,-0.01015392175754859
NAW,1901-01-26,1.27936368092,11.62676,2.33775,547262.8300374291,0.009022346264063508,0.01103203406594
NAW,1902-02-01,1.37551957088,11.38073,2.33775,588394.6405218693,0.06796669561437585,0.07031157371379315
NAW,1903-02-14,1.4398189566800002,11.37735,2.33775,615899.4574612341,0.022353401918637772,0.020331804773531914
NAW,1904-02-13,1.31284193352,11.13226,2.33775,561583.5455117099,-0.10988645426623123,-0.10293386858767462
NAW,1905-02-26,1.2149242710800001,10.90697,2.33775,519698.1161715324,-0.06480814552121716,-0.061470598725261616
NAW,1906-03-11,1.2656441642,11.09356,2.33775,541394.1457384237,0.006699405073964826,0.0075375618058111105
NAW,1907-03-03,1.128842884,10.5373,2.33775,482875.7925355577,-0.05968178359377052,-0.05851483816072278
NAW,1908-03-09,1.16240273916,10.32388,2.33775,497231.4144626243,0.011381783866041717,0.011943311544431179
NAW,1909-03-22,1.29298588952,11.07292,2.33775,553089.8896460271,0.053629026704960836,0.054282901763918145
NAW,1910-03-21,1.22387251168,11.23435,2.33775,523525.83111111104,-0.039360397490632804,-0.04103897080620078
NAW,1911-04-03,1.21091284496,10.20644,2.3482577986858817,515664.3557779916,-0.008474411591933184,-0.006790649388900616
NAW,1912-04-16,1.3375596442,10.71376,2.33775,572156.8363597476,0.11612068785602192,0.118901554986524
NAW,1913-04-08,1.32560081628,11.10046,2.33775,567041.3073596406,-0.05100058038271427,-0.0507716685902001
NAW,1914-04-14,1.1202906338,11.28992,2.33775,479217.4671372045,-0.08788525522186541,-0.08078875768874993
RUS,1876-12-04,49.1872158544,7.64392,885.54578,55544.52063946372,0.013744096069463918,0.01340850880108757
RUS,1877-12-17,53.82501218692,7.69544,885.54578,60781.738677496716,0.06867574535434318,0.06701115935869706
RUS,1878-12-16,53.21063922616,7.70119,918.03616,57961.37619041062,-0.010865695193381653,-0.0023032669176009657
RUS,1879-12-29,54.510805245520004,7.66468,918.03616,59377.623257802836,0.012155977309479038,0.013415863312245424
RUS,1881-01-11,53.96104213136,7.57699,918.03616,58778.77635164175,-0.009360636685584511,-0.007939921583992593
RUS,1882-01-03,59.21305060112,7.97019,918.03616,64499.6931287761,0.08660680238952811,0.08642332669832675
RUS,1883-01-09,54.39046362308,8.09283,918.03616,59246.53732929213,-0.05497204881062012,-0.05119254265776774
RUS,1884-01-22,46.85928049764,8.1896,918.03616,51042.957281377676,-0.15711300633674175,-0.14936959016581386
RUS,1885-01-21,46.64393707688,8.26806,918.0361600000001,50808.3876313543,-0.010033908489273657,-0.009634543340522939
RUS,1886-02-03,57.20364221832,8.37188,915.2960316443368,62497.4218620321,0.06696189892192006,0.05452983064282857
RUS,1887-02-16,56.18740954788,8.24417,918.03616,61203.917662546104,-0.004639395067812524,-0.009149406410764227
RUS,1888-02-08,53.6090283118,8.41775,934.56747,57362.39493955424,-0.04018331607465275,-0.04692899075788659
RUS,1889-02-14,59.85889619216,8.80197,934.56747,64049.83921830706,0.08857390941585885,0.0881577708502086
RUS,1890-02-27,59.83863698592,8.60873,937.3094626825199,63840.854454478285,-0.003557913072866681,-0.004069482738991548
RUS,1891-02-26,60.15232959476,8.58399,934.56747,64363.81698023365,-0.007854886990052323,-0.010355186188736987
RUS,1892-03-11,60.12021326792,8.50537,934.56747,64329.45207040002,0.012117179232963293,0.013728507485695873
RUS,1893-03-24,60.89722951624,8.23141,934.56747,65160.87010415632,0.009436084787611598,0.00722473749777186
RUS,1894-03-16,58.287185338200004,8.42874,934.56747,62368.08706620187,-0.057080247464497025,-0.0569462076494367
RUS,1895-03-22,57.95364443752,8.47592,934.56747,62011.19373170564,-0.0136376177378561,-0.011657256628584745
RUS,1896-04-04,57.702308610959996,8.54731,934.56747,61742.260953037454,-0.007004632274593914,-0.008658902935188895
RUS,1897-04-03,25.4352336316,8.00547,998.0180850235257,25485.74420973587,-0.3972345525931674,-0.4163203752341833
RUS,1898-04-16,24.11674488288,9.07648,934.56747,25805.24751506705,-0.06226778155709156,-0.06434128844560572
RUS,1899-04-29,21.312710874,8.78384,934.56747,22804.8926997213,-0.08406896180944656,-0.08075393280094612
RUS,1900-04-21,20.38409393644,8.58203,934.56747,21811.259850976836,-0.045251441776595014,-0.04469592844762105
RUS,1901-04-27,50.092548051,9.8766,939.5768247456997,53313.94595067599,0.42393202918605954,0.47402243395657706
RUS,1902-05-10,52.6019294398,9.69094,934.56747,56284.785345460405,0.027942073054317618,0.027439660165708535
RUS,1903-05-09,52.96915393588,9.99574,934.56747,56677.72058862695,0.04327291856351323,0.045585585221346925
RUS,1904-05-22,55.69997400552,9.98984,934.56747,59599.73548567874,0.05117199252583182,0.05223100248965973
RUS,1905-06-04,57.02307225108,10.06982,922.9282065750726,61784.94908362262,0.01495532320255788,0.01310996823822097
RUS,1906-05-27,58.10028470272,10.13288,934.56747,62168.10082499448,0.027765525155714288,0.024783572544952115
RUS,1907-06-02,58.054201326679994,10.17826,934.56747,62118.79098111558,-0.01732322203122505,-0.01709175103342797
RUS,1908-06-15,63.22705246416,10.30691,934.5674700000001,67653.81258579437,0.07341327543493459,0.07302089991919192
RUS,1909-06-14,66.20708002376,10.31474,1208.21336,54797.506976549244,0.04009029465324554,-0.19655206919101464
RUS,1910-06-27,67.27724309644,10.20067,1217.93307,55238.86718704501,0.019146216233957736,0.016045702042385868
RUS,1911-07-10,67.87641899376,10.23423,1234.02777,55003.963965705574,0.0024412306657430882,-0.0116363330154452
RUS,1912-07-02,72.08616530752,10.39408,1225.80483,58807.21265188684,0.04766130842298355,0.05206887795926507
RUS,1913-07-08,77.20981355203999,10.59119,1225.80483,62987.03648609379,0.06436639708958847,0.06229157419078346
ABU,1837-01-13,0.03575621036,7.34508,0.61493,58146.79778186135,0,0
ABU,1838-01-19,0.043815491719999995,7.25471,0.61866,70823.21747001584,0.24511860561621313,0.23941086802368816
ABU,1839-01-25,0.044351046479999996,6.99515,0.62155,71355.55704287667,0.04102947355437769,0.03754219694332739
ABU,1840-01-31,0.04393921948,6.99549,0.62407,70407.51755412052,0.000877497520864079,-0.002275994012010507
ABU,1841-02-06,0.05763275544,6.99612,0.63777,90366.04957900185,0.3141821512166474,0.30098898080912395
ABU,1842-02-12,0.059286203600000004,7.06122,0.64067,92537.81759720294,0.05921023132315084,0.0554955944541069
ABU,1843-02-18,0.06581781076,7.42278,0.65641,100269.36024740632,0.06812906152342602,0.04405675894597327
ABU,1844-02-24,0.06739199427999999,7.42841,0.66076,101991.63732671468,-0.009518878601645686,-0.01430002993377033
ABU,1845-03-02,0.07121343996,7.39099,0.66481,107118.4849205036,0.065559427373445,0.060466781443314854
ABU,1846-03-08,0.06439314959999999,7.36692,0.66876,96287.38202045576,-0.07777168640569287,-0.08193067863461512
ABU,1847-03-14,0.0721111118,7.35072,0.67261,107210.88268089977,0.14969831855667315,0.14503649134249819
ABU,1848-03-20,0.07071089324,7.30849,0.67632,104552.42080671871,-0.014674655964032834,-0.01892286382991959
ABU,1849-03-26,0.07144158268,7.34004,0.68022,105027.17162094617,0.013029999028891126,0.008701494710302793
ABU,1850-04-01,0.08404968623999999,7.38218,0.68423,122838.35295149291,0.09390150125413288,0.08916859114684272
ABU,1851-04-07,0.08087671852,7.46303,0.68821,117517.49977477804,0.01783642217407233,0.013232058992788787
ABU,1852-04-13,0.10679474052,7.50478,0.71432,149505.46046589766,0.1555702422562395,0.13144435963239198
ABU,1853-04-19,0.12612425123999998,7.57615,0.71884,175455.2490679428,0.09790658198939517,0.092425820962315
ABU,1854-04-25,0.12260939652,8.26083,0.72357,169450.63576433517,-0.04744519652413448,-0.0521039999710744
ABU,1855-05-01,0.13584270388,8.28711,0.72967,186170.0547918922,0.05169994185315718,0.045255256038848835
ABU,1856-05-07,0.15162824612,8.80145,0.74728,202906.87041002032,0.10475116659915162,0.08847929571841773
ABU,1857-05-13,0.17086858204000002,8.92753,0.755,226316.00270198676,0.11404503087637119,0.10530800293441867
ABU,1858-05-19,0.19238056604,9.39437,0.76316,252084.18423397455,0.0908682588030365,0.0822791831459726
ABU,1859-05-25,0.20696530348,9.0404,0.77097,268447.93374580075,0.06474845642970761,0.05658568743389192
ABU,1860-05-31,0.20370888668,9.05215,0.77867,261611.3201741431,-0.06896917850075723,-0.07593037142379788
ABU,1861-06-06,0.19738135196,9.4446,0.79798,247351.2518609489,-0.01166660424254462,-0.029797192847096143
ABU,1862-06-12,0.19813697904,9.39632,0.8069,245553.32636014378,-0.0018208925333903503,-0.010403373916979208
ABU,1863-06-18,0.20988079736,9.44822,0.81646,257061.947137643,0.023674932579499153,0.014910193406380445
ABU,1864-06-24,0.21135783604,9.27602,0.82535,256082.67527715513,0.019557557855585328,0.011155896617494276
ABU,1865-06-30,0.204538763,9.06025,0.83328,245462.22518241167,-0.0291527184168332,-0.03624217623268167
ABU,1866-07-06,0.21998587936,9.15507,0.84118,261520.57747450008,0.0637336497408787,0.05644690737765523
ABU,1867-07-12,0.21524926800000002,9.15881,0.84908,253508.81895698878,-0.016890107895087603,-0.023969939627123127
ABU,1868-07-18,0.21548676396000002,12.44286,0.85842,251027.19410078984,-0.024540793519425952,-0.032269081312500725
ABU,1869-07-24,0.22228339796,14.28225,0.87195,254926.7709845748,0.025481962978451067,0.013809888969927187
ABU,1870-07-30,0.21888016384,14.25793,0.88471,247403.28903256432,-0.05147074723052991,-0.062029185656022334
ABU,1871-08-05,0.21752326596,13.71571,0.89686,242538.70833797916,-0.021105828698168794,-0.030837918889850324
ABU,1872-08-11,0.2219156992,13.70252,0.90976,243927.7383046078,0.023582717045760537,0.012596763824676893
ABU,1873-08-17,0.23867902812,13.87959,0.92261,258699.80611525997,0.0633140221010704,0.05183573851564538
ABU,1874-08-23,0.2434518346,12.70313,0.93579,260156.48233043737,0.06734287995797006,0.056165795205399105
ABU,1875-08-29,0.2993253276,12.60687,0.94935,315295.0203823669,0.037235617028479995,0.025934358870279395
ABU,1876-09-04,0.30732672827999996,11.00608,0.96104,319785.5742528927,-0.005016961104368112,-0.013995437733185012
ABU,1877-09-10,0.32596509191999995,11.3961,0.97523,334244.3238210473,0.047376188402003194,0.03566384666615274
ABU,1878-09-16,0.28994450784,11.51128,0.99072,292660.39631782944,-0.0715844487298739,-0.08262142931340377
ABU,1879-09-22,0.28816599864000003,11.53389,1.00651,286302.17150351213,-0.006402809006360255,-0.01814795490625143
ABU,1880-09-28,0.28994006652,11.58827,1.02249,283562.7404864596,0.018356274483984247,0.006298577973481212
ABU,1881-10-04,0.27882047596000004,11.39117,1.0386,268457.9972655498,-0.015606974273156604,-0.027284679674181356
ABU,1882-10-10,0.26680689048,11.76361,1.05546,252787.30646353247,-0.03629358356435319,-0.0477519988467765
ABU,1883-10-16,0.2646621406,11.86598,1.07271,246722.91728426132,-0.009477965042731018,-0.021567609840866142
ABU,1884-10-22,0.2565510974,10.2983,1.08891,235603.58284890393,-0.0091853550489297,-0.020646672599337945
ABU,1885-10-28,0.2558021206,9.85636,1.10175,232178.00825958702,-0.024907229852260127,-0.03328650338746619
ABU,1886-11-03,0.26468569867999997,9.87445,1.11381,237639.90149127768,0.05640393736042393,0.04760878219853115
ABU,1887-11-09,0.26036609664,9.57418,1.12598,231235.09888275104,-0.02527125487091275,-0.03324691428184057
ABU,1888-11-15,0.26540186816,8.20674,1.13575,233679.83108958838,0.02814948484037938,0.02147679408373948
ABU,1889-11-21,0.24887325164000001,7.54003,1.14189,217948.5341320092,-0.0728839523447502,-0.07679867880764057
ABU,1890-11-27,0.27777266712,8.80417,1.14938,241671.74226104506,0.050447583931587436,0.045534024003961227
ABU,1891-12-03,0.25710808292,9.12176,1.16168,221324.36034019693,-0.03672295684644811,-0.044340841524696084
ABU,1892-12-09,0.33856371224000004,10.2502,1.17622,287840.46542313515,0.22874029608417779,0.21717964306529325
ABU,1893-12-15,0.41268543316,11.02384,1.19469,345433.06896349683,0.2078951390553181,0.19403942077641334
ABU,1894-12-21,0.39364745836,11.23502,1.21456,324107.04976287705,-0.030408685529614288,-0.0425692509243365
ABU,1895-12-27,0.39242033740000004,11.43187,1.23494,317764.6990137173,0.0028429267266825153,-0.009677055823453906
ABU,1897-01-02,0.37101696632000003,11.55266,1.25806,294911.9806050586,-0.04996219871811591,-0.06315446543381631
ABU,1898-01-08,0.3972655414,11.45131,1.28177,309935.12205777946,0.059321674304062544,0.04437502622467071
ABU,1899-01-14,0.38526082348,11.28164,1.30413,295415.9658009554,-0.06357287713388404,-0.07572770800751616
ABU,1900-01-20,0.39503890972,11.55973,1.32503,298135.82312853297,0.023147022820191543,0.010962928431733188
ABU,1901-01-26,0.42113409,11.73644,1.34734,312567.05063309934,0.010128206478001944,-0.0027095389571402118
ABU,1902-02-01,0.41216021964000005,11.66109,1.37093,300642.7896683274,-0.012302713784288488,-0.024866660420725273
ABU,1903-02-07,0.43728372324000003,11.64129,1.39384,313725.9106066694,0.03708472969043064,0.024047513500360385
ABU,1904-02-13,0.47201648936,12.18429,1.41764,332959.3474789086,0.05379793513101139,0.04037593173611076
ABU,1905-02-19,0.502843211,12.6155,1.44317,348429.6451561493,0.1162723445178353,0.10154287305231113
ABU,1906-02-25,0.55319595396,12.83397,1.46891,376603.02806843165,0.089778470027009,0.07510327603219835
ABU,1907-03-03,0.55742313276,13.05025,1.49516,372818.3824874929,-0.005480200634585652,-0.018582404811649966
ABU,1908-03-09,0.578214468,13.02444,1.52187,379936.8329752213,0.0041612724006336865,-0.009066795064320399
ABU,1909-03-15,0.60442408468,12.68368,1.54915,390164.98381693184,0.03969237055131658,0.02569729796630904
ABU,1910-03-21,0.57459649676,12.7106,1.57724,364305.0498085263,-0.004483255725387658,-0.017837420295508943
ABU,1911-03-27,0.6397294919600001,12.92884,1.60328,399012.95591537346,0.09351575621846386,0.08029358033823053
ABU,1912-04-02,0.7174814925199999,13.26322,1.63096,439913.60457644577,0.11268707355945784,0.09833044739990471
ABU,1913-04-08,0.6272763666,13.32892,1.66094,377663.47164858447,-0.14959868328306947,-0.1609410411585367
ABU,1914-04-14,0.6365368906000001,13.38299,1.69039,376562.1487349073,-0.0009885688680425497,-0.014341976889821195
ABU,1915-04-20,0.79125453784,13.80072,1.7209,459791.11966994015,0.17804420608099858,0.16216835815632558
ABU,1916-04-26,0.7943282094799999,14.34866,1.75176,453445.7970726583,-0.00039051167084291905,-0.013563305985643703
ABU,1917-05-02,0.77821708432,14.35704,1.7817,436783.456429253,-0.029608112096947803,-0.042178865802620646
ABU,1918-05-08,0.7668909118,14.24687,1.81121,423413.58086583,-0.01753717485212225,-0.029430924192726082
ABU,1919-05-14,0.78309079784,14.41325,1.84247,425022.2787019599,-0.008991519676910142,-0.021748404091822326
ABU,1920-05-20,0.79642888364,14.42982,1.87425,424932.0440923036,-0.00677722247745538,-0.019557339616787517
ABU,1921-05-26,0.73716387212,14.83872,1.9071799999999999,386520.3452846611,-0.031486153552586216,-0.04411267748141612
ABU,1922-06-01,0.714646075,14.8412,1.93994,368385.6588348093,-0.004124690004551845,-0.016866909959645682
ABU,1923-06-07,0.7887658688000001,14.32916,1.97116,400153.14271799347,0.06706127404766682,0.05420299059042888
ABU,1924-06-13,0.72553411632,14.27588,2.00471,361914.7489262786,-0.08540921086232967,-0.0968528107833454
ABU,1925-06-19,0.73640436636,14.22121,2.03874,361205.6301244886,-0.014640249186771648,-0.02729496499139239
ABU,1926-06-25,0.68442325328,14.17304,2.07462,329902.9476627045,-0.018349502643949522,-0.031115893092648395
ABU,1927-07-01,0.69201734992,14.31476,2.26839,305069.8292268966,0.035854255305382665,-0.03680066749600974
ABU,1928-07-07,0.7993160380400001,13.60288,2.6656,299863.45964885957,0.11935764942499616,-0.009709303855637952
ABU,1929-07-13,0.91971355996,11.08562,2.81879,326279.55965502927,0.11775756808180193,0.08522549680049729
ABU,1930-07-19,1.05604680012,13.24056,3.17466,332648.78762450157,0.1587434628641209,0.05688148655216052
ABU,1931-07-25,1.7804669896,18.508,3.65349,487333.2045797306,0.6119055516473473,0.45544493300852307
ABU,1932-07-31,2.01125324816,19.68464,3.86283,520668.33077303425,0.06195765259682595,0.02100242351445969
ABU,1933-08-06,2.21985114936,20.429,3.83034,579544.1525713123,0.08822887959970194,0.09510749993619738
ABU,1934-08-12,2.1693615995999997,20.79021,3.77603,574508.5710653781,-0.0789532002659672,-0.06770543221722447
ABU,1935-08-18,2.2142839966000003,21.09385,3.7758899999999995,586427.0401415296,-0.03924061172371662,-0.03770149722638816
TRN,1837-01-13,0.10480222168,11.0661,3.74003,28021.759632944122,0.8147635501271309,0.24234177640249666
TRN,1838-01-19,0.07993575096000001,12.84068,3.8311600000000006,20864.633938546027,-0.13903610598645144,-0.15435860395568035
TRN,1839-01-25,0.07412132988,12.14229,3.92014,18907.827240863848,-0.06362680354576844,-0.08034346157395666
TRN,1840-01-31,0.07006287080000001,12.20387,4.00493,17494.156152541993,-0.020384977181010733,-0.03590560811633092
TRN,1841-02-06,0.08932002559999999,11.62436,4.0907,21834.900041557677,0.17547682645051066,0.15688752320177457
TRN,1842-02-12,0.12874282876,11.51813,4.17256,30854.638102268153,0.012054922204852048,-0.003325836185146369
TRN,1843-02-18,0.09188849904,11.40866,4.26097,21565.159820416477,-0.20826432540476125,-0.22053971549250106
TRN,1844-02-24,0.09152353808,11.41117,4.34614,21058.580275830966,-0.003975216524634395,-0.019006699014415096
TRN,1845-03-02,0.09411534392,12.1334,4.43375,21227.029922751623,0.01086150868525304,-0.004398082770174949
TRN,1846-03-08,0.10646706096,11.38559,4.52578,23524.57719111402,0.11678529794896053,0.09998847959689194
TRN,1847-03-14,0.11659583988,12.25078,4.61553,25261.63623245868,-0.017358816778983543,-0.03207448282681036
TRN,1848-03-20,0.11076701428,11.44198,4.70628,23536.001742352775,-0.019726892096837423,-0.03423827065905927
TRN,1849-03-26,0.12219547132,12.29182,4.80279,25442.601346300795,0.010805392745804498,-0.004223915317671079
TRN,1850-04-01,0.1146643758,11.49533,4.89767,23412.025677516045,-0.015484506675213283,-0.03000823505332839
TRN,1851-04-07,0.11401935376,11.60502,4.99543,22824.732557557607,0.1640502353677762,0.1469633894712281
TRN,1852-04-13,0.126378343,11.49136,5.09379,24810.27741622642,0.046660784135158284,0.03146612299734186
TRN,1853-04-19,0.13469180296,11.4863,5.19103,25947.028424031458,0.05668677838948488,0.04155108214064884
TRN,1854-04-25,0.14801971444,11.81171,5.29175,27971.78899985827,0.08020362725128471,0.06489315942780016
TRN,1855-05-01,0.49321511044,10.66167,5.38992,91506.94452607831,1.6118585731080048,1.5743985376514127
TRN,1856-05-07,0.4374139172,10.42126,5.47741,79857.80089494854,0.0002601210861206127,-0.011941975439359265
TRN,1857-05-13,0.43051399144,10.38955,5.56579,77350.02424453672,-0.06269365677997174,-0.07377981662288735
TRN,1858-05-19,0.3783841282,9.90421,5.94022,63698.67247341007,0.16073379268389498,0.10127930042593714
TRN,1859-05-25,0.39754639548,10.05649,6.30475,63055.06094293985,0.03394959074042947,-0.013789273508955868
TRN,1860-05-31,0.40661519547999997,9.95388,6.67186,60944.803320213556,0.017909988306614055,-0.03149607578375668
TRN,1861-06-06,0.40594211943999997,9.71678,7.0406,57657.31889895747,-0.11830225352422064,-0.15718092233357794
TRN,1862-06-12,0.41189955092,9.85385,7.3448,56080.431178520856,0.014615572355372253,-0.01735163637795445
TRN,1863-06-18,0.46601249812,9.86049,7.64822,60930.84379371932,0.12798459403980078,0.09045133535664673
TRN,1864-06-24,0.48944169715999997,9.94673,8.05917,60731.03026242156,0.0473777118504084,0.012656370612835532
TRN,1865-06-30,0.4932397886,9.88538,8.37932,58863.93986624214,0.005423323910690447,-0.029145036607536534
TRN,1866-07-06,0.50368769724,9.09156,8.88892,56664.66761316335,0.12038604954243382,0.07720685135806149
TRN,1867-07-12,0.60067927972,7.96371,9.19775,65307.19792557963,0.07141861869967991,0.03791988861649931
TRN,1868-07-18,0.57246639164,7.47997,9.58944,59697.58313728435,-0.03148005129391662,-0.05594987389225192
TRN,1869-07-24,0.62974457728,8.00665,9.87833,63750.105258682386,0.10685808413856912,0.07649583211893285
TRN,1870-07-30,0.6453288566400001,7.79232,10.06542,64113.455438521196,0.1043497217784648,0.08878792454957152
TRN,1871-08-05,0.6659808308399999,8.42314,10.25779,64924.39705238652,0.005805757104099696,-0.008396822824008776
TRN,1872-08-11,0.6605757964,8.36563,10.48439,63005.649007715285,-0.012022974709890555,-0.02511826369965875
TRN,1873-08-17,0.76266280012,8.34341,10.68954,71346.64355248216,0.03352059100506488,0.018696451969909322
TRN,1874-08-23,0.73251149296,8.40107,10.88903,67270.59186722783,-0.029684456379221902,-0.04317098605477687
TRN,1875-08-29,0.73227128104,8.01506,11.02766,66403.14273744385,0.000032320189288448375,-0.00967185157765127
TRN,1876-09-04,0.70830349928,8.00473,11.16535,63437.64407564474,-0.010402296059367488,-0.019916499006333743
TRN,1877-09-10,0.7058536118400001,7.61773,11.28387,62554.21338955518,0.0019987749512764275,-0.0062110191834113815
TRN,1878-09-16,0.7318672816,7.66595,11.4052,64169.614000631285,0.014277403870188499,0.005805445207512472
TRN,1879-09-22,0.73548686484,7.65527,11.52692,63806.017985723855,0.0014282508481147094,-0.006765372329808339
TRN,1880-09-28,0.8127716105599999,7.6659,11.64798,69777.90231095863,0.0922189081866771,0.08348007822558046
TRN,1881-10-04,0.77477679136,7.92159,11.69663,66239.31776588642,-0.014918333532498163,-0.01761528688832914
TRN,1882-10-10,0.49789399504,7.24754,11.74372,42396.61666320382,-0.20926759048202492,-0.21178713406103455
TRN,1883-10-16,0.49085897432,6.93532,11.75321,41763.822336195815,-0.010807752848434937,-0.011369035428665852
TRN,1884-10-22,0.40906978632,6.81476,10.38793,39379.33604866417,-0.09095833900854877,-0.0438987830916574
TRN,1885-10-28,0.39995137936,6.55655,10.37889,38535.08220628603,-0.02779780661160791,-0.027234396419643647
TRN,1886-11-03,0.41685912892,8.58469,10.380650000000001,40157.324340961306,0.02652689710463685,0.02691919646046048
TRN,1887-11-09,0.51572770808,8.77805,11.46871,44968.24037577025,0.24439742596162728,0.1280423425458861
TRN,1888-11-15,0.6138400928400001,8.02953,11.53712,53205.66075762409,0.12991745129747923,0.1256034421552621
TRN,1889-11-21,0.81996634252,7.8982,12.83513,63884.53740008866,0.1982711006160809,0.11865853510786128
TRN,1890-11-27,0.6478534956399999,8.60606,12.899019999999998,50225.01675631172,-0.08803343931420582,-0.09134871811639511
TRN,1891-12-03,0.66349269428,8.70737,12.99128,51072.157191593134,-0.037742730547776215,-0.04262452140889239
TRN,1892-12-09,0.7668898967600001,8.85117,13.13862,58369.13593360643,0.12635799031498784,0.11673086200451133
TRN,1893-12-15,0.80937743952,9.05264,13.77895,58740.13909042416,0.04628312479847185,0.0010101555825716702
TRN,1894-12-21,0.892995181,9.33402,13.93667,64075.218900928274,0.08353296888485562,0.07443992191398863
TRN,1895-12-27,0.9761833187600001,10.9656,14.132090000000002,69075.65114289535,0.07514242840433694,0.06407564054298298
TRN,1897-01-02,1.12693731072,11.31135,14.377119999999998,78384.07905894922,0.07064096080044435,0.05693301256561978
TRN,1898-01-08,1.2300068794,11.35511,14.635539999999999,84042.46644811193,0.05711483546567453,0.04301956041722299
TRN,1899-01-14,1.24721347816,11.45189,14.89987,83706.33288478355,0.02162334810770905,0.007874607805172795
TRN,1900-01-20,1.26659406328,11.46599,15.19986,83329.3243016712,0.01248675584468617,-0.0018133844639031116
TRN,1901-01-26,1.38016611304,11.4272,15.48479,89130.43787096886,0.02106512606029476,0.006988256707611162
TRN,1902-02-01,1.24685267096,11.41746,15.76201,79104.92830292584,-0.05765821790057746,-0.0704656862849713
TRN,1903-02-07,1.44221804844,11.27821,16.04819,89867.95697458716,0.07487554103390659,0.06050822718932203
TRN,1904-02-13,1.25225231872,11.26967,16.3346,76662.56404931864,-0.12848467070445846,-0.14016633651562072
TRN,1905-02-19,1.1763114818,11.10005,16.63305,70721.33383835194,-0.05851566798853003,-0.0713501933899009
TRN,1906-02-25,1.19733702608,9.92494,16.89609,70864.74007181542,0.026511715200415953,0.014523537299672373
TRN,1907-03-03,1.10466478512,10.38755,17.11871,64529.67455608512,-0.10261738608721016,-0.11135938033788395
TRN,1908-03-09,1.1147425827200002,10.01743,17.61657,63278.07187891855,0.0020957442278184413,-0.010543021700401112
TRN,1909-03-15,1.07456719032,10.45201,17.87805,60105.391265825965,-0.025169023680545077,-0.0360500095351699
TRN,1910-03-21,1.1139887038799998,9.38377,18.09173,61574.470980939914,0.04592626751213236,0.03651848682086367
TRN,1911-03-27,1.16771578144,9.85649,18.3029,63799.49524064492,0.059283071341639015,0.05019982128972478
TRN,1912-04-02,1.2085292856,9.79716,18.51918,65258.2503976958,0.018136279428348168,0.00908810726619147
TRN,1913-04-08,1.1985204868000001,9.69641,18.72398,64009.92133082817,-0.0077761115330522435,-0.016165895378012607
TRN,1914-04-14,1.20157445668,9.33146,18.92591,63488.3319576179,0.003929380277486683,-0.003971836650188854
TRN,1915-04-20,1.4197452125999999,9.12119,19.09991,74332.56034190736,0.08269906899783908,0.07508307476335996
TRN,1916-04-26,1.33682915964,9.25463,19.26819,69380.11093102154,0.04562922336985675,0.038605296058719096
TRN,1917-05-02,1.2230864308,9.23262,19.43144,62943.68460597877,0.005036024965446195,-0.0009709482366608846
TRN,1918-05-08,1.2684686248,9.28618,19.61057,64682.90441328325,0.021540498097858407,0.01435167292003614
TRN,1919-05-14,1.19252936868,9.52684,19.80391,60216.86468379225,-0.056348455060356906,-0.0632101473591139
TRN,1920-05-20,1.24606713972,9.47976,20.15452,61825.691691987704,0.04018005865192298,0.028801320064872016
TRN,1921-05-26,1.29036511084,9.40301,20.34608,63420.82164426759,0.018517077497319345,0.011170702556779322
TRN,1922-06-01,1.19636085764,9.54234,20.53841,58249.92575569385,-0.13564676083682126,-0.14158250591802934
TRN,1923-06-07,1.23161154116,9.54507,20.74504,59368.96439630871,0.02838783258927169,0.02053229856079164
TRN,1924-06-13,1.39071092992,9.50417,20.9487,66386.50273859476,0.10392484013321379,0.09566650972139712
TRN,1925-06-19,1.4213184169600002,9.49111,21.168269999999996,67143.81557680435,0.010505799796397763,0.002818464630879536
TRN,1926-06-25,1.4146939040000002,9.47827,21.37754,66176.64633068164,-0.008384056114611682,-0.015864379104552406
TRN,1927-07-01,1.4786012644,9.49069,21.59648,68464.91948687934,0.03828263504458462,0.03028863986663577
TRN,1928-07-07,1.50112113476,9.5086,21.82601,68776.70883317657,0.012998842954403456,0.005101326804764383
TRN,1929-07-13,1.53792651896,9.77864,22.059140000000003,69718.33530046955,0.030648686044934426,0.022336483090324988
TRN,1930-07-19,1.4878696768,9.57284,22.322179999999996,66654.31766968998,-0.0380813354542201,-0.04669545924236285
TRN,1931-07-25,1.39046846588,9.17583,22.08546,62958.54674885648,-0.06012434992171267,-0.050470726653222386
TRN,1932-07-31,1.62456672872,9.59834,22.26464,72966.22486238269,0.08432389118541983,0.07732999909550187
TRN,1933-08-06,1.54074933168,9.47073,22.52712,68395.30892897095,-0.04725840517489077,-0.055484022609489037
TRN,1934-08-12,1.5958849831600002,9.45884,22.77332,70076.95773650923,0.030326858792072198,0.021737755130203817
TRN,1935-08-18,1.54788484136,8.95222,22.99647,67309.67150001718,-0.023017950875433124,-0.03042939154943236
AIT,1837-01-27,0.18011867016000002,7.70899,2.894046248565504,62237.66128453534,0,0
AIT,1838-01-26,0.09073366276,9.56668,2.89848,31303.87746681019,-0.34354617219887906,-0.2896510005412728
AIT,1839-02-08,0.09005546992,8.86143,2.89848,31069.895227843557,-0.008785789268840216,-0.007113055886309061
AIT,1840-02-21,0.09237644364,8.85844,2.89848,31870.65069967707,0.02105927911438421,0.018068345584879353
AIT,1841-02-13,0.07801110044,9.3552,2.89848,26914.48636526731,-0.0960162433262618,-0.09586707741023215
AIT,1842-02-19,0.0774059988,9.17885,2.89848,26705.721205597416,-0.4029501077169666,-0.38942396101287646
AIT,1843-03-04,0.09241714456,8.07756,2.89848,31884.692859705774,0.17891998222399375,0.17933240572452447
AIT,1844-03-03,0.18587773412,7.02751,2.9328059144824694,63378.80498744169,0.9735731823175973,0.9849918702335869
AIT,1845-03-16,0.10576697248,7.31673,2.89848,36490.495873699314,-0.19335003444106147,-0.2074816928706814
AIT,1846-03-29,0.10466390896,8.52253,2.89848,36109.92967348403,0.02056016692975038,0.025048429990918386
AIT,1847-03-21,0.1899002534,8.50516,2.89848,65517.186042339425,0.18575171001205404,0.16567414303300065
AIT,1848-03-27,0.11171398732,7.89602,2.898186855399428,38546.16451381413,-0.4151040742335973,-0.4136151649755294
AIT,1849-04-09,0.1299238928,7.88627,2.89848,44824.8367420165,0.10777757641810948,0.10250325061530074
AIT,1850-04-08,0.20097433668,7.76176,2.89848,69337.83799784715,0.07776014482343352,0.11528297246926966
AIT,1851-04-21,0.13828145656,7.92468,2.89848,47708.26659490491,-0.16678071777607228,-0.12717630499070887
AIT,1852-05-04,0.20781164768,7.86854,4.347057827079052,47805.12612127736,0.03254279911736746,0.04921370938808556
AIT,1853-04-26,0.14512352504,6.65983,2.89848,50068.83781844277,0.30959406804102296,0.340418704435979
AIT,1854-05-02,0.13964011204000001,7.44594,2.89848,48177.01417294582,-0.018048508581202438,-0.015199724817579141
AIT,1855-05-15,0.1385335614,7.24227,2.89848,47795.24488697524,0.008029101498771007,0.009297141809245346
AIT,1856-05-14,0.14154405876,7.03199,2.89848,48833.89181916039,0.016617185758262654,0.014511633311338645
AIT,1857-05-27,0.1500653102,6.20746,2.89848,51773.795299605306,0.5127498519155826,0.49199881216363983
AIT,1858-06-09,0.16932742008,7.02685,2.89848,58419.3853606028,0.14107251017365474,0.12883639478371767
AIT,1859-06-01,0.16989551124,7.00235,2.89848,58615.38159311087,0.002589282015619254,0.002566685277022529
AIT,1860-06-07,0.17104528636,7.06752,2.89848,59012.06368855399,0.004626084333148928,0.004481896505877048
AIT,1861-06-20,0.17179495788000002,7.03353,2.89848,59270.70667384284,0.0029078672447762077,0.0029622103254700605
AIT,1862-06-19,0.17018067196,6.85359,2.89848,58713.76444205239,-0.009575254115979925,-0.009741071423175596
AIT,1863-07-02,0.16523400712,6.60344,2.8984438512842785,57007.83440975959,-0.011892544709364627,-0.011838929390179387
AIT,1864-07-15,0.16379098424,6.55087,2.89848,56509.26838894869,-0.0014239974042496994,-0.00023741012137035167
AIT,1865-07-07,0.16410379543999998,6.54429,2.89848,56617.19088625762,0.001374174816898499,0.001375766095097708
AIT,1866-07-13,0.16450075824,6.55703,2.89848,56754.146393972005,0.011196642587500971,0.011190074193387023
AIT,1867-07-26,0.2360578948,6.19081,2.9297674901966024,80572.22820236813,0.35978807066639873,0.3408509188311266
AIT,1868-07-25,0.23089063140000002,6.33309,2.8984799999999997,79659.21151776104,0.0033389140241191217,-0.035462376877396506
AIT,1869-08-07,0.13482226368,7.98177,2.89848,46514.815931108715,-0.06684130885809425,-0.06221537782332176
AIT,1870-08-20,0.1343882384,7.2792,2.89848,46365.07355579476,0.004974132798176045,0.003485866824067596
AIT,1871-08-12,0.12943340852,7.11998,2.89848,44655.615536419085,-0.034233043742634695,-0.033856559022940935
AIT,1872-08-18,0.1279864898,7.14832,2.89848,44156.4163975601,-0.012171079077796132,-0.012211157487126645
AIT,1873-08-31,0.1264970122,7.09815,2.89848,43642.534086831714,-0.012159804141502084,-0.012132782414232102
AIT,1874-08-30,0.13054190032,7.22504,2.8751163150437726,45404.04144241119,-0.2652003595114003,-0.3163498502413419
AIT,1875-09-12,0.22581612716,7.18822,2.89848,77908.46483674202,0.08089179373035305,0.13227774454639363
AIT,1876-09-25,0.14203520551999999,7.48233,2.89848,49003.34158593469,-0.33503405763102034,-0.35198966230907225
AIT,1877-09-17,0.13664065116000002,7.26282,2.89848,47142.17491926803,-0.017211028895256053,-0.015704449992736458
AIT,1878-09-23,0.13540184891999998,7.1443,2.899504215106151,46698.276282741295,-0.007488705400126694,-0.00748319713780643
AIT,1879-10-06,0.13601431792,7.11796,2.89848,46926.084678866166,0.0033861337613290132,0.003350991958836591
AIT,1880-10-05,0.13296070892,7.0181,2.866618135333466,46382.427879440256,-0.012282390755666062,-0.01257938562091665
AIT,1881-10-18,0.23402379728,5.32476,2.89848,80740.18012199497,0.7428646406992856,0.7444938844311082
AIT,1882-10-31,0.15927037100000002,6.78404,2.8954280655859486,55007.53857194115,0.07312876107199218,0.12652755368794533
AIT,1883-10-23,0.15632137299999999,6.6306,2.89848,53932.189630426976,-0.01903767613998686,-0.019082649621170122
AIT,1884-10-29,0.15721558268,6.74996,2.8991534154374925,54228.100466451375,0.004515933411310735,0.004191071616994835
AIT,1885-11-11,0.15766378732,6.74737,2.89848,54395.33387154646,0.0017432588207024757,0.0017218330041537389
AIT,1886-11-10,0.16442769772,7.11569,2.89848,56728.93989953354,0.017662220138100926,0.023720296567053323
AIT,1887-11-23,0.16020456088,6.90356,2.89848,55271.92213850018,-0.023197522736888132,-0.02309876592306348
AIT,1888-12-06,0.16060320224000002,6.8883,2.899152953273451,55396.595084320055,0.001737221394640498,0.0017335817306074475
AIT,1889-11-28,0.171906917,7.27275,2.89848,59309.3335127377,0.03798805456219556,0.037831570467601994
AIT,1890-12-04,0.16244701148,6.99521,2.89848,56045.586472909934,-0.03352234231451334,-0.03410022753965958
AIT,1891-12-17,0.1651504036,7.0857,3.9301600000000003,42021.29267001852,0.022709382936115574,-0.24498686498052258
AIT,1892-12-16,0.16572777051999998,7.08004,3.9301600000000003,42168.199391373375,0.004769523481103599,0.005432919460750307
AIT,1893-12-29,0.1694569838,7.1009,3.93016,43117.06999206139,0.019040750933197126,0.019750976574521406
AIT,1895-01-11,0.17155022716,8.66717,3.93016,43649.68020640381,0.010098155322983526,0.010650231888841732
AIT,1896-01-03,0.20962535308,9.70007,3.93016,53337.612992855255,0.05461975727664892,0.04289934437638543
AIT,1897-01-09,0.19743708088,8.08273,3.93016,50236.39772426568,-0.05735804269604139,-0.05647084646347844
AIT,1898-01-22,0.19869169632,7.95169,3.93016,50555.6252976978,0.026488936339114977,0.02708536473282752
AIT,1899-01-21,0.19438139708,7.72026,3.93016,49458.90169356973,-0.015161943592516769,-0.013509736461997046
AIT,1900-02-03,0.19817565716,7.63081,3.895037173457782,50879.015612595926,0.017519248047974,0.02017312913890601
AIT,1901-02-16,0.20709736112,7.76252,3.93016,52694.38422863191,0.057012542386435605,0.06189759068508449
AIT,1902-02-08,0.1997181654,8.54308,3.93016,50816.80272558878,-0.0329956288540908,-0.032128551818874196
AIT,1903-02-14,0.20069345296,8.50996,3.93016,51064.957396136546,0.008519072410333672,0.010013556803006196
AIT,1904-02-27,0.2452386404,8.917,3.947952377022583,62117.93278645144,0.13729224994500866,0.1403221575581004
AIT,1905-02-26,0.24542777531999999,8.91253,3.93016,62447.27322042868,0.009491526983306242,0.00785568305093265
AIT,1906-03-11,0.24675928264,7.94283,3.93016,62786.06536120667,0.009540294713614283,0.0074846905806471575
AIT,1907-03-24,0.24528143484,8.14341,3.93016,62410.03797300874,0.0769172817396353,0.06954194138211833
AIT,1908-03-16,0.23863748688,7.83765,3.93016,60719.534797565495,-0.03549686281015241,-0.03549220977472678
AIT,1909-03-22,0.23920844584,7.79883,3.93016,60864.811061127286,0.0037396460573129175,0.0038945991373526834
AIT,1910-04-04,0.21882095976,7.84028,3.93016,55677.3667636941,-0.02359194300280798,-0.014610900001666094
AIT,1911-04-03,0.21259542616,7.19967,3.945750418469644,53879.59288171474,-0.05368227082534405,-0.05951220581325689
AIT,1912-04-16,0.20401453592,7.10072,3.9301600000000003,51909.98227044191,-0.030951000519426786,-0.031006037700231692
FRA,1844-03-03,26.32737045172,10.31746,384.27861509495517,68511.15159040144,0.030941704049934904,0.033004219299126
FRA,1845-03-16,28.26563033268,10.38725,392.77599,71963.7428262354,0.0515234648708085,0.05179735929389806
FRA,1846-03-15,17.372600255920002,9.86211,359.79999516954985,48284.04805212253,-0.28212106232239587,-0.30569625987699256
FRA,1847-03-28,24.37841242044,10.33871,392.77599,62066.96193532604,0.3689094099429713,0.38173047083000267
FRA,1848-04-10,27.71668026296,10.69183,411.7444229574317,67315.25363204615,0.05945936749128067,0.01874351590766965
FRA,1849-04-02,31.06109864364,10.79332,413.9227,75040.8195627831,0.09821357144269238,0.0862476058965389
FRA,1850-04-08,31.496592155080002,10.81907,424.2204055860777,74245.8206638273,-0.00027054081843358446,-0.00929180030659249
FRA,1851-04-21,33.0814293472,10.77405,435.22818000000007,76009.39200949717,0.03343053202999213,0.02534308851055589
FRA,1852-04-20,35.01437284904,10.82602,439.77354,79619.09861389114,0.04328321829779447,0.04165256619691027
FRA,1853-05-03,32.36808613168,10.48783,442.36692999999997,73170.2212271609,-0.08344940837405423,-0.09039253190046603
FRA,1854-05-16,32.371239442880004,10.31087,445.34571,72687.88879291102,0.007174360744184538,-0.0011940448698578576
FRA,1855-05-08,33.36955815492,10.40693,453.21226,73628.98381195602,0.007069455642780831,0.005745376582114714
FRA,1856-05-14,34.88801969068,10.33331,458.69174000000004,76059.83855449413,0.023165650042672237,0.01507032797036012
FRA,1857-05-27,34.67381940308,10.075,458.98332999999997,75544.83384631856,0.011414493649782642,0.010982255676158958
FRA,1858-05-26,35.03576529388,10.11521,462.02453,75830.96355052837,0.006722528203130906,0.000002194328087679054
FRA,1859-06-08,35.07341427408,11.00721,467.89614000000006,74959.82820905511,-0.01087918949911404,-0.019845303917095825
FRA,1860-06-21,37.0141311748,11.18984,473.7346,78132.63201547871,0.008778157666538666,-0.0022958725374897515
FRA,1861-06-13,36.33852241136,11.04898,473.7346,76706.4985571246,-0.003907670835457733,-0.0050129754859022935
FRA,1862-06-19,36.71128968624,11.177,484.6460799999999,75748.65701222634,0.03201838106132193,0.012452629342848853
FRA,1863-07-02,36.33353675328,11.10066,473.6867528404292,76703.72146868898,0.00298108853225032,-0.00299131206005121
FRA,1864-07-01,37.894421589960004,10.94291,491.85167999999993,77044.40816377816,-0.0005652677323922939,-0.008889238372811192
FRA,1865-07-14,38.40368402624,11.01014,498.92804495292694,76972.38993623485,0.009554991864845208,0.005306190324606996
FRA,1866-07-27,36.5856189634,10.95429,498.60018,73376.66617649436,-0.006203114590745518,-0.0038451374839242325
FRA,1867-07-19,39.85144107724,10.96874,502.12413999999995,79365.71437740476,0.04640633685100548,0.04239873889775625
FRA,1868-07-25,40.129657425,10.95357,505.09347,79449.96284549075,0.027437966863315122,0.018682099569599098
FRA,1869-08-07,16.643065657919998,11.06571,597.3437598233628,27861.788767729704,-0.23792695952848597,-0.24403232159465826
FRA,1870-08-06,17.6982336674,10.95088,505.16003000000006,35034.90501297182,0.055241825553853596,0.027548587066678287
FRA,1871-08-19,40.63356270272,10.92629,514.24523,79015.92534503432,0.6510015446757835,0.47076856950231827
FRA,1872-09-01,41.34047413392,10.85164,519.21781,79620.67813875646,0.04765101418978457,0.035257820456819466
FRA,1873-08-24,42.090171578,10.72982,525.42453,80106.97859500394,-0.01380716096328638,-0.023045801991598336
FRA,1874-08-30,40.68488486504,10.75386,482.37387999999993,84343.05121380121,-0.021395086886081716,0.06595157623638936
FRA,1875-09-12,40.25919949272,10.72223,444.59426999999994,90552.67287344932,-0.022502575458724472,0.06552799680051025
FRA,1876-09-11,41.80144799844,10.5086,470.1167387394931,88917.16578848203,0.07683369014606267,-0.013699499039923069
FRA,1877-09-24,43.15792423592,10.76751,495.44578,87109.27810490181,0.027769991242380776,0.0015417269594333316
FRA,1878-10-07,48.788328197439995,10.99951,498.11368,97946.17204137016,0.08409791071826955,0.07128916131354668
FRA,1879-09-29,36.38986914316,10.9548,460.24065,79067.04708321614,-0.2016784140901946,-0.13379723686482636
FRA,1880-10-05,48.29425601416,10.94697,501.9012646011932,96222.62269558982,0.16241388997237305,0.1291531035093565
FRA,1881-10-18,49.18283890104,11.74116,506.03451,97192.65767277413,0.0029188324777362773,-0.006015138223519179
FRA,1882-10-17,48.79248120968,12.01552,499.18602,97744.0858814115,-0.007100019998487528,0.006224791148351505
FRA,1883-10-30,51.23242272668001,12.09756,502.41004,101973.32586482549,0.04106853686305145,0.029792971087267306
AST,1863-11-19,2.22849224884,13.08806,9.211706729939129,241919.58278449514,0.024805481069511526,0.02630106784736319
AST,1864-12-02,2.26794099168,13.34552,9.06764,250113.70011160563,0.021748528022085933,0.020633095549706715
AST,1865-12-01,2.3474624955600003,13.09186,9.06764,258883.51275083705,0.017176909219267067,0.015845216338481682
AST,1866-12-14,2.47840585824,12.94727,9.72703,254795.74528298978,0.04879088551850885,0.037316732310049616
AST,1867-12-27,3.08512011548,13.09039,9.791477253825676,315082.19194142515,0.1482175622748847,0.14687731952547134
AST,1868-12-19,3.26283103276,13.07985,13.90776,234605.0717556242,0.05081858896051794,-0.26495787573007534
AST,1869-12-25,3.35848032936,12.85071,13.90776,241482.47664325527,-0.002711479186522925,-0.004307506709322562
AST,1871-01-07,3.37561770052,12.21291,13.90776,242714.69312959097,-0.0677104659607547,-0.07766111627043659
AST,1872-01-06,3.9611577855199998,12.01361,13.90776,284816.3748526003,0.08492019466217471,0.0719800578954386
AST,1873-01-19,4.09517958304,12.04923,20.16584,203075.08058379914,0.0402581767827459,-0.20298005650584894
AST,1874-02-01,4.13586401072,11.98659,20.16584,205092.57292133628,0.03221167265135971,0.033615304023972836
AST,1875-01-24,3.9929994998400002,11.83789,20.16584,198008.09189401485,-0.02235396519088695,-0.021781175731372615
AST,1876-01-30,4.2113318488800005,12.28258,20.16584,208834.93317808732,0.03341771044093389,0.032668303974873414
AST,1877-02-12,4.1383531623200005,12.54144,20.16584,205216.0069860715,0.0008232903789959778,-0.00043290193673151123
AST,1878-02-11,4.1251281650800005,12.42886,20.16584,204560.19511609734,-0.025242821996873444,-0.024748980184826075
AST,1879-02-24,4.8594009672,12.83441,20.494998871459345,237101.7923776049,0.1091695955203249,0.11032502195360094
AST,1880-03-09,5.18746123168,13.30282,20.16584,257240.0272778124,0.0510543025854826,0.05140277543854466
AST,1881-03-01,5.4705419392,13.66834,23.03773,237460.11170371386,0.04219840525216467,-0.03370022122785499
AST,1882-03-07,5.66686815552,13.77617,23.03773,245982.0544610949,0.029729372500871154,0.03025470063402058
AST,1883-03-20,5.4464422922,13.75431,23.358223065434924,233170.23203959153,-0.04046390472578221,-0.047337452777816424
AST,1884-03-19,5.7740804212,13.99068,23.40704,246681.358309295,0.055939420932487716,0.05715510772691146
AST,1885-04-01,6.19023493556,14.1247,23.40704,264460.3903594816,0.03383874944690035,0.03664828700372369
AST,1886-04-14,6.285103331519999,13.7804,24.81712,253256.7570902667,0.038121868441152396,0.003669601124350663
AST,1887-04-06,6.46913196488,14.1759,24.81712,260672.14748850794,0.008495141731168276,0.0058254848930339165
AST,1888-04-12,6.33900336784,13.97926,24.81712,255428.64634736025,0.00044671277817531774,0.002784482820402445
AST,1889-04-25,5.9461366874,14.24601,25.69328,231427.6996708867,0.041999812829626615,0.03175785424441546
AST,1890-04-24,6.66045985228,11.99218,28.70498164945172,232031.49660983038,-0.023290974992025593,-0.02592075313187303
AST,1891-05-07,7.82874324544,14.64841,26.94581,290536.5711938145,0.08851001236323852,0.06275340194331291
AST,1892-05-20,8.30506870856,15.26591,27.578990000000005,301137.5220252808,0.016611634750840043,-0.01912913884845524
AST,1893-05-12,9.603190447760001,15.5423,28.24042,340051.2615520591,0.15346209708157232,0.1476790688231815
AST,1894-05-18,9.911067557560001,15.77261,28.894937149384717,343003.60323749814,0.012791886708651612,-0.0033378556870331533
AST,1895-05-31,10.23923566848,15.95195,29.22057,350411.90738168353,0.028538181427208764,0.011192542637683545
AST,1896-05-30,10.77795704284,15.76349,29.98039,359500.2280770864,0.039243832221817376,0.016273252072694255
AST,1897-06-12,11.5107961436,16.00409,30.26214,380369.5357829949,0.06846115540345066,0.05615286651407003
AST,1898-06-25,11.746973975880001,15.75703,30.960456606579907,379418.62825703487,0.05017980680727563,0.02853724141129188
AST,1899-06-17,12.0485253694,15.72596,30.953,389252.265350693,-0.004845419098233106,-0.00857310482450424
AST,1900-06-23,12.29484787596,15.54417,31.78391,386826.16065676,0.02616021328778162,-0.0003696970288394885
AST,1901-07-06,13.72157383272,15.73653,32.49586,422256.0607018863,0.09912549008740679,0.08216168286886694
AST,1902-07-05,13.951995221839999,15.85298,32.80711,425273.52216760325,0.04115443461812096,0.027186564009267
AST,1903-07-18,14.66535235672,15.69328,33.77877,434158.8624073641,0.049200142542344505,0.03219073628978464
AST,1904-07-31,16.42338009,15.93513,34.087,481807.72992636485,0.13312997174561425,0.11678881449495959
AST,1905-07-23,17.07046182556,16.48168,34.90288,489084.6206834507,0.03573867876582959,0.016818332422643634
AST,1906-07-29,18.03526246912,16.55315,35.70011,505187.8683040472,0.03828998427817765,0.020892294000686817
AST,1907-08-11,18.57011996788,16.55963,36.32697,511193.7485532099,0.014523660224234458,0.006389465433274122
AST,1908-08-10,18.81077840408,16.58704,36.95154,509066.1554046191,0.0009155272404430814,-0.013918778585533809
AST,1909-08-23,19.35848780424,16.56031,36.75563272705315,526680.8477491295,0.05183661924849048,0.04156619361905811
AST,1910-09-05,19.90216207356,16.73859,38.23409,520534.47783274035,0.02862384975908272,0.017924033820484686
AST,1911-08-28,19.578495627080002,16.68986,38.71492,505709.31380150083,0.0032778469200496207,-0.0064600957670367665
AST,1912-09-03,20.17482100452,16.89918,39.15879,515205.4239806694,0.002825265076988881,-0.0014441336338738564
AST,1913-09-16,19.971636906,17.29996,39.05573795933998,511362.4258435984,0.006835695623329308,-0.005733966369506183
AST,1914-09-15,21.128831565400002,17.58629,40.24755,524971.8694777695,0.05423082804487045,0.04319537899718395
AST,1915-09-28,21.70251662748,18.464,40.911451123470506,530475.3566912584,0.004961783799856345,-0.011898072426122619
AST,1916-10-11,22.887125834040003,18.64844,41.56121,550684.7811707119,0.017303607224515627,0.012144304868776157
AST,1917-10-03,23.39305712328,18.70449,42.048539999999996,556334.586724771,0.0142620733406158,0.006787068070186697
FTJ,1837-01-13,0.14356318964,6.64706,4.24064,33854.13278184425,0.49642384797135164,0.48865670020533925
FTJ,1838-01-19,0.08132117968,9.45971,4.28698,18969.339647024248,-0.38552651108904845,-0.39064996125102014
FTJ,1839-01-25,0.0832605592,9.4761,4.36552,19072.31193534791,0.024844758195516903,0.011005960923113456
FTJ,1840-01-31,0.08003362691999999,9.29443,4.43219,18057.354698241725,-0.03156489337605495,-0.042841079596470655
FTJ,1841-02-06,0.12581708256,7.60311,4.48873,28029.550131106123,0.5641097785293743,0.5487973623452334
FTJ,1842-02-12,0.10771620288,8.34178,4.53976,23727.290182740937,-0.0022788092243131164,-0.011457382583196951
FTJ,1843-02-18,0.09599756763999999,8.26925,4.58602,20932.653507834675,-0.0896524905598769,-0.097153445326431
FTJ,1844-02-24,0.13743457104,8.23369,4.63782,29633.442229323264,0.359735292734636,0.34790174255120165
FTJ,1845-03-02,0.10203789648,8.20026,4.66669,21865.15420565754,-0.2697236633401502,-0.2731005519239321
FTJ,1846-03-08,0.10498426068000001,8.13898,4.70407,22317.750518168312,0.01906298656472405,0.012843864281070871
FTJ,1847-03-14,0.10616726119999999,7.32232,4.73614,22416.411085820942,0.009889349217015786,0.004827955346012658
FTJ,1848-03-20,0.1040397644,7.2694,4.75665,21872.486813198368,-0.012107787189581387,-0.015404127061987016
FTJ,1849-03-26,0.1162289024,6.63325,4.75979,24418.913943682393,-0.136658448201873,-0.13674500666057188
FTJ,1850-04-01,0.11622835432,7.12859,4.77776,24326.955376578146,-0.0068675580157113725,-0.009614153719520457
FTJ,1851-04-07,0.15422360772,5.80092,4.7887,32205.73594503727,0.31187054398967873,0.30907578913422507
FTJ,1852-04-13,0.11789965096,7.30551,4.79306,24597.991879926394,-0.23980791748094898,-0.24020800119964236
FTJ,1853-04-19,0.11754859948,7.27711,4.81141,24431.21652072885,-0.0027205762922493104,-0.005708444889655495
FTJ,1854-04-25,0.14915444648,7.23276,4.82979,30882.18048403761,0.07182095911209752,0.06866930947975436
FTJ,1855-05-01,0.11683613656,6.48247,4.8246,24216.75093479252,-0.2294058502138614,-0.22839300990032674
FTJ,1856-05-07,0.11681339852,6.99987,4.83722,24148.87032634447,-0.0005503758722115171,-0.002602296457906883
FTJ,1857-05-13,0.11525292324,6.96638,4.84988,23764.077305005485,-0.004066270826510343,-0.006048979688407452
FTJ,1858-05-19,0.1351862824,6.54018,4.85409,27849.974433930973,0.1332565242319228,0.13284611508210187
FTJ,1859-05-25,0.13424581976000002,6.53068,4.85823,27632.660405126975,0.0012007708376633452,0.0005450177137091838
FTJ,1860-05-31,0.13248047696,6.51727,4.86237,27246.07073505307,-0.011996312913317375,-0.012598348294068362
FTJ,1861-06-06,0.13314995980000002,6.52327,4.86585,27364.172713914322,0.0017702993253430055,0.001208844821411592
FTJ,1862-06-12,0.13089191076,6.50456,4.85516,26959.340322461052,-0.11193829669656619,-0.11011662835421887
FTJ,1863-06-18,0.1360593234,5.85447,4.85384,28031.27490811399,0.015647178631308156,0.01571605445031321
FTJ,1864-06-24,0.13509233192,6.69632,4.84958,27856.50137125277,-0.012394596358585752,-0.011486260793365788
FTJ,1865-06-30,0.13348061376,6.68924,4.8582,27475.32290971965,-0.003987110239004887,-0.005321888606801606
FTJ,1866-07-06,0.13420867252,6.72009,4.867,27575.235775631805,-0.0015043744968404882,-0.0028454220873569414
FTJ,1867-07-12,0.13154831820000001,6.67546,4.87479,26985.432849415054,-0.006354396682024421,-0.0075789564334020065
FTJ,1868-07-18,0.12859558504000002,7.32602,4.88776,26309.717547506425,-0.020701194442743542,-0.02265227852460483
FTJ,1869-07-24,0.12933203140000002,7.32322,4.90954,26343.003906679653,0.0016626206273389066,-0.0015681124052840945
FTJ,1870-07-30,0.12947774892,7.3155,4.92916,26267.710709329782,0.0010234221744280791,-0.0020822502367120466
FTJ,1871-08-05,0.13009556924,7.31837,4.94954,26284.375768253212,-0.01463558818225763,-0.01759517746601813
FTJ,1872-08-11,0.12950459652000001,7.29226,4.96846,26065.33946534741,-0.0032273525091828237,-0.006154210935062188
FTJ,1873-08-17,0.12932824216,7.26152,4.98671,25934.58255242434,-0.0012982403596151215,-0.004108530977092628
FTJ,1874-08-23,0.12938676244,7.25532,5.00532,25849.84824946257,0.0007378891471436777,-0.0019318760111145528
FTJ,1875-08-29,0.1289696772,6.42292,5.01753,25703.81785460177,0.0016089000347225824,-0.0005833631012021057
FTJ,1876-09-04,0.11484500404,7.22624,5.02042,22875.57695172914,-0.11238196822683444,-0.1127316744305431
FTJ,1877-09-10,0.13168798344000002,6.67251,5.03597,26149.47734795879,0.13000747573655103,0.12725400763408734
FTJ,1878-09-16,0.14327912299999998,5.8032,5.03328,28466.352557378086,0.093889985918715,0.09409673434082588
FTJ,1879-09-22,0.14091100088,6.46556,5.02158,28061.0885179565,-0.002331003718980207,-0.0005776249274793699
FTJ,1880-09-28,0.13461446232,7.74862,5.03565,26732.291227547583,-0.03342145154415277,-0.03549657113082416
FTJ,1881-10-04,0.13529038691999998,7.57217,5.0508,26785.932311712997,0.25744835840977487,0.2546500052566465
FTJ,1882-10-10,0.12633793276,7.40856,5.07471,24895.596548374193,-0.054080132539985226,-0.05729318700194108
FTJ,1883-10-16,0.13102530168,7.41059,5.095,25716.447827281652,0.04073608910754256,0.03749691786939313
FTJ,1884-10-22,0.13083324488,8.1298,5.11829,25561.905417629714,-0.00620662375826686,-0.009530341764577344
FTJ,1885-10-28,0.13507531075999998,7.26804,5.14337,26262.02485141065,0.25049906740616823,0.24597202683011532
FTJ,1886-11-03,0.1815460452,8.07355,5.15906,35189.75262935496,0.3212600243435122,0.3180836173201511
FTJ,1887-11-09,0.14414470824,7.6624,5.1969,27736.671523408186,-0.1948805188653956,-0.19973220957662885
FTJ,1888-11-15,0.14003692924,7.5035,5.22132,26820.21581515785,-0.032163213371120714,-0.03541126919044235
FTJ,1889-11-21,0.13234974791999998,7.42141,5.23881,25263.322762230353,0.04122378594568299,0.0845296088031291
FTJ,1890-11-27,0.14027780312,8.18173,5.2667,26634.857333814343,-0.12690854353407421,-0.1301863162796758
FTJ,1891-12-03,0.14325425764,8.13207,5.3027,27015.34268202991,0.008439312410304156,0.00351577183509022
FTJ,1892-12-09,0.16376491508000002,8.35792,5.33562,30692.76205576859,0.09563112817706987,0.09037624430976021
FTJ,1893-12-15,0.1863265508,8.60443,5.37603,34658.76321374695,0.07890111918635201,0.07308535838868324
FTJ,1894-12-21,0.19542813003999998,8.73787,5.42231,36041.4897045724,0.03164893844733507,0.024807559530017453
FTJ,1895-12-27,0.23420852208,8.65755,5.46901,42824.665173404326,0.09603754643143025,0.08870195822892568
FTJ,1897-01-02,0.24301832048,8.74399,5.51891,44033.753128788114,0.01624043973618705,0.009579348214265426
FTJ,1898-01-08,0.24167210548,8.47951,5.56092,43459.01496155312,-0.012147463972584593,-0.017969060860939523
FTJ,1899-01-14,0.23718677476,9.27204,5.60952,42282.90027667252,-0.01941593985171408,-0.026042202417668858
FTJ,1900-01-20,0.24673339028,8.28858,5.65989,43593.31900089931,0.05455278028691457,0.047763429191745255
FTJ,1901-01-26,0.24879618608,8.24735,5.69411,43693.60375545959,0.005095750882404548,0.0003442684595675871
FTJ,1902-02-01,0.25699282596,8.16332,5.72214,44912.0129811574,-0.04668990873926926,-0.04970612336292013
FTJ,1903-02-07,0.25080692676,8.14096,5.75267,43598.35115867936,-0.01768702216915896,-0.02177846415867324
FTJ,1904-02-13,0.2552401488,8.51044,5.76323,44287.69089555683,0.04071059421481582,0.05380349594499845
FTJ,1905-02-19,0.24830909428,8.13031,5.79331,42861.35115849143,-0.011602888636397246,-0.015200519385766387
FTJ,1906-02-25,0.26970422024,8.07232,5.8145,46384.76571330295,0.08710989087549059,0.08382858513449354
FTJ,1907-03-03,0.2599325534,8.02533,5.83443,44551.49061690688,-0.01859720708828816,-0.021216065235214798
FTJ,1908-03-09,0.26428909676,7.51925,5.852170000000001,45160.871396422175,0.008678122984588477,0.006656083935203672
FTJ,1909-03-15,0.25670812492,7.66685,5.86535,43766.88943029827,-0.005595578359347653,-0.007302344783307491
FTJ,1910-03-21,0.25582648884000003,7.69195,5.88625,43461.709720110426,-0.00501892340755572,-0.007726408824154429
FTJ,1911-03-27,0.26688787008000003,7.7534,5.90818,45172.60308250596,0.04396947354797476,0.04117215049674927
FTJ,1912-04-02,0.26189738432000004,7.78793,5.92982,44166.16091550839,-0.016869516373976934,-0.019698205101733368
FTJ,1913-04-08,0.25665210167999997,7.74082,5.95458,43101.629616194594,-0.007942266006920384,-0.010750868649845868
FTJ,1914-04-14,0.25880775128,7.78513,5.97415,43321.26767489936,0.00453921076508812,0.001800270423046424
FTJ,1915-04-20,0.25762211747999997,8.04096,5.998049999999999,42950.97864806062,0.007476325222914415,0.00431980147095512
FTJ,1916-04-26,0.26351099891999996,8.022,6.02636,43726.39519046323,0.0067514954259639826,0.0034905286512512124
FTJ,1917-05-02,0.29234234172,7.99946,6.0496,48324.2432094684,-0.03576730998223454,-0.03867576195331024
FTJ,1918-05-08,0.28182534692,7.93424,6.07049,46425.469265248765,0.02258351283725779,0.019785934278503614
FTJ,1919-05-14,0.2846142468,7.8703,6.09368,46706.464205537544,0.005587490562987796,0.0029633757306153363
FTJ,1920-05-20,0.28597502024,7.84898,6.11246,46785.58554820809,0.004712935142434205,0.0022493992141110475
FTJ,1921-05-26,0.28738669388,7.84487,6.13106,46873.90008905475,0.003584339322566077,0.0012403224786412537
FTJ,1922-06-01,0.2984615296,7.93389,6.1509,48523.22905591052,0.029147634988400783,0.026754258551083376
FTJ,1923-06-07,0.28663215672000003,7.72444,6.16707,46477.85037627269,-0.03717621363487433,-0.03915962569806186
FTJ,1924-06-13,0.34243652768,7.14817,6.15693,55618.064145605036,0.17647740998158978,0.17814455810182306
FTJ,1925-06-19,0.35554434708,8.23115,6.14521,57857.15168073996,0.03240099335108737,0.03372265848494416
FTJ,1926-06-25,0.36988990532000005,8.3189,6.14575,60186.29220518245,0.03019290685176723,0.02998377141424724
FTJ,1927-07-01,0.35906795912,8.15422,6.1475,58408.77740870273,-0.022805102119481058,-0.022807345538696455
FTJ,1928-07-07,0.36820180644,8.33699,6.14715,59897.9700251336,0.06092102613919126,0.06088279561579735
FTJ,1929-07-13,0.36565477364000004,8.50125,6.13351,59615.90893957946,0.002163436052619927,-0.0005942377936555276
FTJ,1930-07-19,0.36492516632,8.45144,6.13914,59442.391983241956,-0.0010074945708880012,-0.0016097806413307714
FTJ,1931-07-25,0.38122069908,8.38294,6.14021,62085.938278983944,0.05042306324389001,0.05034767330443968
FTJ,1932-07-31,0.37573594136,9.06433,5.96412,62999.39326505838,-0.01588156446974276,0.01362237708785452
FTJ,1933-08-06,0.37592981556,8.9756,5.98884,62771.72466788227,0.0018686334733333254,-0.0013963769992607622
FTJ,1934-08-12,0.37559513419999996,8.78398,6.03232,62263.79472574398,-0.00027831055760008105,-0.0059750191159990695
FTJ,1935-08-18,0.43585587604,8.32641,6.07467,71749.720732155,0.06547638767305397,0.06004836420194626
PRG,1851-02-24,0.38203144408,9.52423,3.96852,96265.47027103303,-0.14697384840183925,-0.15428302019680418
PRG,1852-03-09,0.44242348332,9.12071,3.9685200000000003,111483.24395996492,0.11663891597347731,0.11210877566627175
PRG,1853-03-08,0.36934627392,9.534,3.96852,93069.02168062654,-0.17572069111681998,-0.16163515975002718
PRG,1854-03-21,0.46591961364,9.42024,4.28269,108791.34694315956,0.26975996196778707,0.1829736079535902
PRG,1855-04-03,0.40461340191999995,9.21484,4.28269,94476.46267182541,-0.06348470418403995,-0.03765245785417648
PRG,1856-03-26,0.43232398612,9.98887,4.28269,100946.83157548177,0.017052111830418548,0.02053027302755228
PRG,1857-04-01,0.34292201424,10.56541,4.28269,80071.64054367699,-0.22059059467299957,-0.22194944946285622
PRG,1858-04-14,0.34074868828,10.87464,4.63933,73447.82291408458,-0.026987384304262174,-0.10382714489032752
PRG,1859-04-13,0.34373640132,10.85803,4.63933,74091.81957739587,-0.04087682746707477,-0.04528633719210218
PRG,1860-04-26,0.34769286604,10.84952,4.64499171474712,74853.28013312267,0.009898717254033684,0.010371692336834437
PRG,1861-05-09,0.35390734652,10.86896,4.973330000000001,71161.04230364766,0.010835346283625036,-0.004955932220280346
PRG,1862-05-01,0.36604010248,10.82819,4.97333,73600.60612909259,0.026427544274012726,0.026050835725900834
PRG,1863-05-07,0.37694215468,10.86566,4.97333,75792.70924712416,0.019423038048563823,0.019358460439834024
