country,date,gdp,sol,pop,gdpc,gdpGrowth,gdpcGrowth
CMI,1837-01-13,0.30300181443999996,7.88159,9.3373,32450.688575926655,0.3975383462937889,0.3868920854686855
CMI,1838-01-19,0.30978162228,8.6319,9.45207,32773.944996175436,0.0120502246910843,0.0023423057938640746
CMI,1839-01-25,0.25444278756,9.34758,9.58214,26553.858278004704,-0.14573349636624855,-0.15464726714623578
CMI,1840-01-31,0.3256699056,8.64316,9.71677,33516.2719298697,0.04862554937189412,0.03835036005587389
CMI,1841-02-06,0.35699149512,8.64412,9.84569,36258.65684578734,0.3493561596811485,0.3357189151270581
CMI,1842-02-12,0.33080685092,8.57513,9.98093,33143.890491166654,0.0017962339970738483,-0.009002965454170009
CMI,1843-02-18,0.28044271528,8.59493,10.09868,27770.23485049531,-0.08441516258458392,-0.09204657696190321
CMI,1844-02-24,0.34339706387999996,8.64578,10.21063,33631.32969072427,0.043923286565966446,0.035161111528195566
CMI,1845-03-02,0.38714014352,8.6499,10.33439,37461.344454776714,0.01122913033870132,0.0022763180180638276
CMI,1846-03-08,0.39265742204,8.66819,10.45742,37548.211895477085,-0.00722540920292436,-0.016084095170843526
CMI,1847-03-14,0.40304994756,8.60444,10.57555,38111.48806066824,0.019514610161750268,0.010594618026509295
CMI,1848-03-20,0.41329252224,7.85075,10.6721,38726.447675715186,-0.025218422884088043,-0.03161893209856548
CMI,1849-03-26,0.40635277383999996,8.64488,10.75035,37799.027365620655,0.00008974628522961936,-0.005265546806613952
CMI,1850-04-01,0.43356789788,8.64519,10.87332,39874.47236722547,0.061722813075818506,0.052415710295482976
CMI,1851-04-07,0.46676257316,7.94322,10.99393,42456.3894039711,0.06764662076617678,0.05897755577136299
CMI,1852-04-13,0.43774493828,8.70324,11.08553,39487.95756991321,-0.05012671245210476,-0.05603740663165857
CMI,1853-04-19,0.38784247372,8.69336,11.2127,34589.57019451158,0.008913167887628193,0.00018555869288072735
CMI,1854-04-25,0.4617657876,9.29784,11.3658,40627.65380351581,0.06829348610397812,0.057644577653535034
CMI,1855-05-01,0.49090611336,9.15766,11.51616,42627.58709153051,-0.030261037991314743,-0.040126494186232486
CMI,1856-05-07,0.54489015932,7.7114,11.61747,46902.65258442672,-0.02539349854670081,-0.03143015268628502
CMI,1857-05-13,0.39384697196,8.81399,11.70184,33656.841313844656,-0.09432219528534147,-0.09997263404652623
CMI,1858-05-19,0.5705330467199999,7.39105,11.73263,48627.89048320794,0.14313697898219258,0.141550937514485
CMI,1859-05-25,0.63692357716,7.01896,11.7955,53997.166475350765,0.040663815048728624,0.036497828330214865
CMI,1860-05-31,0.5765875164400001,6.8934,11.83298,48727.16056648453,0.05653838995711258,0.053961176907550534
CMI,1861-06-06,0.85270878368,6.01777,11.82815,72091.47530932563,0.223293768696049,0.22291628193670165
CMI,1862-06-12,0.70013920548,6.10257,11.56234,60553.4178617823,-0.19958717605491894,-0.18410003419262733
CMI,1863-06-18,0.7025971446,8.3747,11.62656,60430.35468788705,-0.02483264702741894,-0.02898104813907132
CMI,1864-06-24,0.6451246120799999,7.689,11.6842,55213.417442358055,-0.030814437418607232,-0.03463070932660872
CMI,1865-06-30,0.73666851024,7.09397,11.72292,62840.018548279775,0.11059609238445578,0.10809415512255005
CMI,1866-07-06,0.7576875269600001,7.94419,11.78765,64278.08146322635,0.04128439702914166,0.03678589520827957
CMI,1867-07-12,0.81358438148,7.91213,11.85508,68627.48977484758,0.018482291505988124,0.014224184869338519
CMI,1868-07-18,0.79588175836,7.84335,11.9154,66794.38024405391,-0.028895056572520117,-0.03267211705965878
CMI,1869-07-24,0.79540915636,7.98023,10.9559,72600.9872634836,-0.022762623398995263,0.05152320044911041
CMI,1870-07-30,0.87028164392,7.1731,11.93492,72918.93401212576,0.054389394843497696,0.006180246948946699
CMI,1871-08-05,0.77835514172,7.91016,11.97299,65009.25347135511,-0.06373425513827458,-0.06615228931459705
CMI,1872-08-11,0.7786598726399999,7.92038,12.01823,64789.89606955433,0.0019510798540132157,-0.0009257447723195478
CMI,1873-08-17,0.78148586308,7.90738,12.06349,64781.076046815644,0.0029739945549034363,0.00017499408569543462
CMI,1874-08-23,0.77826640632,7.87192,12.11595,64234.86448194322,-0.0033406366716322022,-0.006697073673900378
CMI,1875-08-29,0.8698706016000001,7.13966,12.14656,71614.56425522947,0.09445194530043,0.0925214848056346
CMI,1876-09-04,0.7904124748,7.86529,12.17409,64925.79525861892,-0.0881612233526754,-0.08959347317886845
CMI,1877-09-10,0.79953053648,7.84143,12.22559,65398.11464968153,-0.04167834007781723,-0.04478560535357912
CMI,1878-09-16,0.88578851764,7.82235,12.27335,72171.6986511425,0.10898679653982923,0.10586742772598612
CMI,1879-09-22,0.8851761001199999,7.87089,12.318669999999997,71856.46665752066,0.007031645226086347,0.004177837751583313
CMI,1880-09-28,0.87380908316,7.55592,12.349660000000002,70755.71984653828,0.004555013361427829,0.0026575402994104547
CMI,1881-10-04,0.9129546192,7.80331,12.39144,73676.23288334528,0.014692821509556309,0.012121845953671828
CMI,1882-10-10,0.93128022676,7.76099,12.426839999999999,74941.03301885274,0.024289396089646198,0.022065499471250583
CMI,1883-10-16,0.88894510276,7.75944,12.47824,71239.62215504752,-0.03716730258617362,-0.04018170758251627
CMI,1884-10-22,0.96228429336,7.71097,12.52926,76802.96309279239,0.10119350804061966,0.09783452808071513
CMI,1885-10-28,0.9075646398,7.87322,12.55236,72302.31126258329,-0.007843386131853425,-0.012151606745948507
CMI,1886-11-03,0.8297060668,7.76757,12.601849999999999,65840.02085408095,-0.009184796172279852,-0.011997225302764258
CMI,1887-11-09,0.907312549,7.85277,12.648480000000001,71732.931466864,0.03931064921373295,0.03633420962749434
CMI,1888-11-15,0.90474674212,7.81686,12.69429,71271.94526988118,-0.0017581195337014188,-0.004545668714722839
CMI,1889-11-21,0.9034823719999999,7.8353,12.74325,70898.89722009691,-0.0014432987357382299,-0.004219652088073511
CMI,1890-11-27,0.96197364848,7.8616,12.781170000000001,75264.91303065368,0.06207113770567263,0.05973549825929059
CMI,1891-12-03,1.01147106736,7.77072,12.82155,78888.36118566008,0.04658029098920635,0.04400689293224436
CMI,1892-12-09,1.0366051139599999,8.02309,12.32023,84138.4547171603,0.008921055999720151,0.024022654947771338
CMI,1893-12-15,1.1003015504,7.98007,12.86229,85544.76305541238,0.040301067962441595,-0.0031220693270389566
CMI,1894-12-21,1.30003888664,7.92259,12.90338,100751.80973047372,0.09184166283356876,0.08917892544485828
CMI,1895-12-27,1.1939109852799998,7.98048,12.93635,92291.17836793223,-0.043405475986710074,-0.04499836298123705
CMI,1897-01-02,1.01614105372,8.02708,12.985760000000003,78250.4107360678,-0.044310932630802546,-0.04710071099278634
CMI,1898-01-08,1.01673004628,7.98772,13.03758,77984.56816985975,-0.0004643071316104974,-0.0033739045022711522
CMI,1899-01-14,1.0100412727599999,7.97699,13.08698,77179.09500587606,0.003724836839024581,0.0008496131061819234
CMI,1900-01-20,1.074090979,7.91802,13.11934,81870.80897362216,0.006830598135495691,0.005034384672552239
CMI,1901-01-26,1.27499973588,7.52643,13.15333,96933.60813421392,0.18120021420968024,0.17902411513095107
CMI,1902-02-01,1.4894819534400001,8.09674,13.19555,112877.59535904149,0.08312286021516835,0.08053815337437653
CMI,1903-02-07,1.4471879916000001,8.03649,13.24562,109257.85215037121,0.07034913961177591,0.06714639429830083
CMI,1904-02-13,1.68229337848,8.12694,13.29093,126574.54207342902,0.1086410257955337,0.10603394333456562
CMI,1905-02-19,1.4343884843599999,8.34812,13.34789,107461.81489059319,-0.005233326596689958,-0.008475952931833453
CMI,1906-02-25,1.47220486036,8.2268,13.4053,109822.59705937204,0.02845356704536872,0.025122950307660208
CMI,1907-03-03,1.50672386748,7.54973,13.39802,112458.69669398911,0.048853124849346896,0.04940512279546683
CMI,1908-03-09,1.5396153162,8.31727,13.38447,115029.97998426534,0.08687370238923253,0.08736005724650342
CMI,1909-03-15,1.6166047596400002,8.56341,13.32695,121303.43099058674,0.03752822346257645,0.02064586120603118
CMI,1910-03-21,1.6355764905999999,8.57153,13.34227,122586.07347925054,-0.03007307352989208,-0.030877954670042507
CMI,1911-03-27,1.69792780092,8.37643,13.3449,127234.20939235213,0.0017927673215178963,0.0014694632412561859
CMI,1912-04-02,1.69208129012,8.37267,13.34051,126837.82629899457,-0.01622158347367486,-0.015864117207217032
CMI,1913-04-08,1.6697959059599998,8.42232,13.3304,125262.25064214127,-0.019800533722774127,-0.019343943118397267
CMI,1914-04-14,1.7172686507600001,8.82345,13.34311,128700.77896082698,0.016379661091460607,0.015462578036915309
CMI,1915-04-20,1.59909579544,8.62437,13.34079,119865.15007282178,0.3520946984096027,0.3524126562661365
CMI,1916-04-26,1.75994231036,8.84693,13.35105,131820.51676534803,0.12199246404294839,0.12103390048085316
CMI,1917-05-02,1.78779712072,9.55555,13.37064,133710.66162277947,0.008466677864046313,0.01634114825395927
CMI,1918-05-08,1.94129402324,9.72391,13.46362,144188.11755233732,0.015645842280950673,0.010206902596036738
CMI,1919-05-14,2.21326593696,9.9135,13.56079,163210.6932531217,0.06900065909896469,0.06299336477594286
CMI,1920-05-20,2.1688455542000002,9.95673,13.663809999999998,158729.19443405612,-0.005311629711403865,-0.010837822011303455
CMI,1921-05-26,2.03106427108,9.91339,13.7632,147572.09595733552,-0.053240149099383904,-0.05835388593745339
CMI,1922-06-01,1.02809761756,9.97519,13.86664,74141.79769288018,-0.5016942949672987,-0.504547501024767
CMI,1923-06-07,1.14337787824,10.72669,14.014589999999998,81584.82540266965,0.07860893017568471,0.07010508365127621
CMI,1924-06-13,1.2607303186399998,11.22578,14.18368,88885.98153934663,0.08051934390833937,0.07081503684395485
CMI,1925-06-19,1.86911495524,12.26173,14.4262,129563.91532350863,0.42551677760753526,0.407316294448401
CMI,1926-06-25,1.87826640404,12.17377,14.69202,127842.62504679411,0.012026868948175728,-0.0020057919326945672
CMI,1927-07-01,2.7523685644,12.62501,14.89289,184810.91073659982,-0.014558472076927842,-0.02421993949563417
CMI,1928-06-30,4.84400928596,13.71475,15.13081,320142.09985850065,0.4569950577877726,0.4394469605069855
SWZ,1914-05-12,0.06712291404000001,5.85406,1.39197,48221.523481109514,-0.05432645250986623,-0.055233355203908374
SWZ,1915-05-25,0.08888783435999999,6.86002,1.39197,63857.57908575616,0.3291065496465575,0.3250554466694271
SWZ,1916-05-24,0.05503857372,10.17696,1.39197,39540.0574150305,-0.3819803226582523,-0.3714818617983413
SWZ,1917-06-06,0.08385478660000001,5.63976,1.39197,60241.8059297255,0.013660659123966745,-0.0437351651217166
SWZ,1918-06-19,0.09275871228,6.80313,1.39197,66638.44212159746,0.9083820101389617,0.9036391013498968
SWZ,1919-06-11,0.02121340624,4.09599,1.39197,15239.844421934382,-0.7150205684177512,-0.7160106198224323
SWZ,1920-06-17,0.01784162172,4.2781,1.39197,12817.533222698765,-0.15911720641231797,-0.16655764608243517
SWZ,1921-06-30,0.01141591152,4.18156,1.3919700000000002,8201.262613418392,-0.2843523093893706,-0.28408883326927936
SWZ,1922-06-29,0.12076142467999999,8.05899,1.39197,86755.76677658284,8.514973131714669,9.301124491930304
SWZ,1923-07-12,0.02855536528,4.55266,1.612890521158719,17704.465929581816,-0.6913734082516183,-0.676514000587807
SWZ,1924-07-25,0.04965121928,5.62147,1.39197,35669.74811238748,0.46975626301841067,0.5156102370798239
PER,1886-07-28,7.80298962924,7.56957,143.91593580854027,54219.079946926584,0.052148886175434006,0.05735481984796964
PER,1887-08-10,8.06440599796,7.39324,149.89413,53800.67917242657,0.007535791525800084,0.0005783696594694465
PER,1888-08-09,8.15926490444,7.50679,150.40866,54247.30799702623,-0.015926670068919457,-0.016504847169574455
PER,1889-08-22,8.17931067876,7.63633,150.40866,54380.58339699323,-0.0007530682150133083,-0.006882095999941162
PER,1890-09-04,9.46551865428,7.58127,152.20208675947202,62190.465688151475,0.0792261934625258,0.04640477231440543
PER,1891-08-27,9.44689210452,7.59805,153.51286,61538.11546811128,0.0019285279730711924,0.0013281903386592742
PER,1892-09-02,9.37006565352,7.4792,153.51286,61037.65934345826,0.034923100724056244,0.03699068942663297
YOG,1837-01-13,0.09284794532,7.5933,0.58441,158874.66901661505,0,0
YOG,1838-01-19,0.09750639964,7.69285,0.58644,166268.33033217382,0.01837749792806509,0.0156987284286374
YOG,1839-01-25,0.09911594836,8.04516,0.58878,168341.2282346547,0.020766455670018225,0.01786785374798927
YOG,1840-01-31,0.09872209048,7.99891,0.592,166760.287972973,-0.018235753779221264,-0.02213594939602259
YOG,1841-02-06,0.10345894779999999,8.28655,0.59183,174811.9355220249,0.006800003407906097,0.007325414061246649
YOG,1842-02-12,0.10195249636,7.4769,0.59393,171657.42824912028,-0.013549470047978573,-0.016301176670464823
YOG,1843-02-18,0.10722918388,8.05343,0.59731,179520.155162311,-0.048076594993840316,-0.05197303959941846
YOG,1844-02-24,0.10393321692,8.08909,0.60048,173083.56135091928,-0.034567127449787405,-0.03855378569483536
YOG,1845-03-02,0.09798702628,8.39757,0.6045,162095.9905376344,-0.02227920181388854,-0.027397320254459734
YOG,1846-03-08,0.10463518936,8.42931,0.60901,171811.93963974318,0.05991293437553025,0.05430431961386972
YOG,1847-03-14,0.10589811076,8.48648,0.61318,172703.13898039729,-0.041816864553929745,-0.04688444530549973
YOG,1848-03-20,0.10534115279999999,8.57105,0.61744,170609.53744493393,0.022056221494364703,0.01673204903754555
YOG,1849-03-26,0.11031439484,8.61976,0.62097,177648.50933217385,0.009039965093116109,0.005021848515897709
YOG,1850-04-01,0.11280639604,8.69618,0.62507,180470.02102164557,-0.0005022766938752588,-0.00556796283589045
YOG,1851-04-07,0.11159546424,8.74179,0.62921,177358.0588992546,0.008053697767292922,0.0030765312973888292
YOG,1852-04-13,0.11631550112,8.21031,0.62976,184698.14075203252,0.0016801870444251854,0.0008327235524412391
YOG,1853-04-19,0.10739600456000001,8.25992,0.6298,170523.98310574784,-0.015768404845485917,-0.015768268961324328
YOG,1854-04-25,0.10913406192,8.26504,0.63005,173214.9224982144,0.013513575328315097,0.013279218143338323
YOG,1855-05-01,0.10332892076,8.31482,0.63,164014.15993650793,-0.046601337226450545,-0.04663161556876305
YOG,1856-05-07,0.1049791054,8.09064,0.62992,166654.66313182627,-0.00607887177094224,-0.006017062525679684
YOG,1857-05-13,0.10030686016,8.08794,0.62977,159275.3865061848,-0.04445329023208566,-0.04418999751554742
YOG,1858-05-19,0.09844211,8.13549,0.62968,156336.72659128445,-0.009527874515350976,-0.009583223773055316
YOG,1859-05-25,0.09304658168,8.76529,0.63033,147615.66430282552,-0.049682624256260244,-0.05025873192859287
YOG,1860-05-31,0.09783553468,9.08851,0.63243,154697.80794712456,0.03924895876753509,0.03643200071199182
YOG,1861-06-06,0.08095988524,8.18723,0.63206,128088.9238996298,-0.03475315749949204,-0.03627981821283521
YOG,1862-06-12,0.07164976312,5.60249,0.61155,117160.92407816205,-0.10693307323100865,-0.08316786421361277
YOG,1863-06-18,0.04994089516,7.6212,0.60785,82159.89990951715,-0.21772556934663434,-0.21422175520078246
YOG,1864-06-24,0.04635006324,7.67049,0.60817,76212.34727132217,-0.05132193079145686,-0.051657783756774545
YOG,1865-06-30,0.04631899948,7.45976,0.61036,75887.99967232453,0.01391955464407868,0.011102091996146202
YOG,1866-07-06,0.07309668704000001,7.94211,0.61284,119275.31988773578,0.15713385901473886,0.15351935894285917
YOG,1867-07-12,0.07892335464,7.94364,0.61471,128391.20014315695,0.039349227272007514,0.03693080490799172
YOG,1868-07-18,0.06184335768,7.78027,0.61704,100225.84869700506,-0.24864096395738178,-0.25086047621262475
YOG,1869-07-24,0.06695603564000001,7.80983,0.61906,108157.58672826542,0.1084020331408011,0.10567358130477644
YOG,1870-07-30,0.07035532296000001,7.87181,0.62202,113107.81479695188,0.08788619861157221,0.08412402106598504
YOG,1871-08-05,0.07167841876,7.91508,0.62483,114716.67295104268,-0.00810141523394392,-0.011485704053954549
YOG,1872-08-11,0.07247409364,7.94535,0.6277,115459.76364505338,0.01967667782386573,0.016092689327232845
YOG,1873-08-17,0.07110526696,7.97081,0.63072,112736.66121258245,-0.033420819675795466,-0.03690476847839308
YOG,1874-08-23,0.07470311315999999,7.93924,0.63365,117893.33726820798,-0.016689787132030287,-0.020109975072503783
YOG,1875-08-29,0.07285286996,7.96084,0.63544,114649.4869067103,-0.016586498216845214,-0.018612360995923227
YOG,1876-09-04,0.07673522792000001,7.95505,0.638,120274.65191222572,0.0364225841330128,0.03321394228877561
YOG,1877-09-10,0.09728231448,7.94461,0.64065,151849.39433387964,0.09334852217539935,0.08998289033573315
YOG,1878-09-16,0.0896647752,8.0151,0.64336,139369.52126336732,-0.07185115242313778,-0.07478280256558667
YOG,1879-09-22,0.09306060816,7.95176,0.646,144056.66897832818,-0.010032845500185461,-0.01316966836947775
YOG,1880-09-28,0.09384151244000001,7.86442,0.64595,145276.74346311635,-0.025792776505696113,-0.02542474153121077
YOG,1881-10-04,0.0962959608,7.91969,0.64701,148832.26039783002,0.01572086064561029,0.014513354134277012
YOG,1882-10-10,0.09230508248,7.94121,0.64988,142034.04086908352,-0.01740929790464918,-0.020680106844393364
YOG,1883-10-16,0.09063086916,7.9222,0.65277,138840.43255664324,0.014605433864909534,0.011163488016604717
YOG,1884-10-22,0.0806435058,7.95105,0.65569,122990.29388888042,0.02093794132649296,0.01759003265361092
YOG,1885-10-28,0.0834458924,7.97629,0.65859,126703.85581317663,0.05829989276766745,0.054850363242497036
YOG,1886-11-03,0.0838503926,7.858,0.66124,126807.80442804428,-0.03063684527605448,-0.03370812456586558
YOG,1887-11-09,0.07757928672,7.89765,0.66116,117338.14314235587,-0.06472142783789414,-0.06414753489930725
YOG,1888-11-15,0.08616335832,7.94353,0.66273,130012.76284459734,0.06570176197137845,0.06382773949477638
YOG,1889-11-21,0.0870890098,7.89238,0.66587,130789.80852118281,0.004412079447409845,0.0009596047419644371
YOG,1890-11-27,0.08561835932,7.93416,0.66884,128010.22564439927,-0.021354536769907173,-0.024718607022613748
YOG,1891-12-03,0.08516756299999999,8.34132,0.67239,126663.93462127632,0.0028757370646017577,-0.001222856927766025
YOG,1892-12-09,0.08463390572,8.29712,0.67613,125174.0134589502,0.0003316041098977429,-0.0037909786362996245
YOG,1893-12-15,0.0797105842,7.65487,0.67556,117991.86482325773,-0.03389855667260322,-0.032305705385425876
YOG,1894-12-21,0.08631547236,7.99612,0.67791,127325.85794574501,0.018113166112114776,0.015458071326962974
YOG,1895-12-27,0.08245133104,7.85622,0.68072,121123.70877893995,-0.04590986528986485,-0.04878951689697497
YOG,1897-01-02,0.07807332208,8.12874,0.68389,114160.64291040957,-0.014361967525786001,-0.01766971253047156
YOG,1898-01-08,0.087948172,8.34874,0.68726,127969.28673282311,0.07858035110252803,0.07455392215337664
YOG,1899-01-14,0.0947288186,8.09419,0.6912799999999999,137033.93501909502,0.06891329920421607,0.06430546596073827
YOG,1900-01-20,0.0848258606,8.29988,0.69067,122816.77298854735,-0.09644002359168846,-0.09545009858446896
YOG,1901-01-26,0.0878712718,8.04847,0.69315,126770.93241001226,-0.003179832116336323,-0.005808280394295262
YOG,1902-02-01,0.08980225904,7.60043,0.69317,129553.00869916473,0.037513984307999904,0.03681661119907376
YOG,1903-02-07,0.08985270268000001,7.64449,0.6894,130334.6427038004,0.032118658084600904,0.0365130310464199
YOG,1904-02-13,0.08936133076,7.5582,0.68869,129755.5224556767,0.07098185040539406,0.0714281028922712
YOG,1905-02-19,0.08277978384000001,6.9801,0.68258,121274.84520495767,-0.014653623985859121,-0.008162558836492528
YOG,1906-02-25,0.08333900016,7.6916,0.67635,123218.74792636947,-0.007631916560432939,-0.00047783945896440194
YOG,1907-03-03,0.07553299052000001,7.92993,0.67681,111601.46942273312,-0.054231527548003644,-0.054593834794478546
YOG,1908-03-09,0.08165222936,8.33395,0.67931,120198.77428567223,0.05870799257518189,0.05568042984698218
YOG,1909-03-15,0.08045448631999999,7.91207,0.68143,118067.13282362091,0.008602266185323337,0.006222506725107602
YOG,1910-03-21,0.08440141944,8.29341,0.68455,123294.74755678912,0.06826621019782397,0.06461703191464352
YOG,1911-03-27,0.08967481848,8.15262,0.68744,130447.4841149773,0.03413452266206729,0.030349313019652158
YOG,1912-04-02,0.11043051499999999,8.10844,0.68942,160178.86774390066,0.18067113451408012,0.17746099759531364
YOG,1913-04-08,0.12172870527999999,8.37228,0.68832,176849.0023245002,0.05216957400487443,0.05335957999455365
YOG,1914-04-14,0.12574275272000002,7.98973,0.69078,182030.10035032863,0.027711248236257147,0.024815387851105708
YOG,1915-04-20,0.12641100419999998,7.98876,0.69408,182127.42652143844,0.020382041573640874,0.016874910440719093
YOG,1916-04-26,0.08806668936,7.99129,0.69724,126307.56892891975,-0.12843088908635825,-0.13141424671157687
YOG,1917-05-02,0.11874094284,8.38832,0.70124,169329.96240944613,0.39826759649831023,0.39220478041654316
YOG,1918-05-08,0.080467062,8.60616,0.70557,114045.46962030699,-0.2646547684381806,-0.26795241731213704
YOG,1919-05-14,0.11888953492000001,8.9836,0.70964,167534.99650527028,0.4617670690399076,0.4548297965893082
YOG,1920-05-20,0.10547860544,8.56385,0.71195,148154.51287309502,-0.08903907676117329,-0.09171101853447339
YOG,1921-05-26,0.11239193212,7.39294,0.71006,158285.1197363603,0.10274007812021191,0.10525629805316239
YOG,1922-06-01,0.25023067316000003,10.98696,0.71085,352016.14005767746,0.9046061945680803,0.904531052097783
YOG,1923-06-07,0.27258747827999996,11.78264,0.72038,378394.0118826175,0.005029561854839715,-0.004825595200679156
YOG,1924-06-13,0.27642303364,11.78962,0.72925,379051.1260061707,0.01636321701932264,0.006835900285216079
YOG,1925-06-19,0.20573779511999998,9.76566,0.73411,280254.72357003717,-0.21408058315855083,-0.21824851254329247
YOG,1926-06-25,0.28995390111999997,11.58759,0.73853,392609.50959338143,0.25239090691416366,0.24710727491793438
YOG,1927-07-01,0.26695606392,11.37157,0.74596,357869.1403292402,-0.08327010350041364,-0.09044542945048684
YOG,1928-06-09,0.31222004684000004,11.11823,0.75301,414629.34999535204,0.16174743947809822,0.15289665818102338
TIR,1919-01-08,0.097552156,9.7037,3.36995,28947.656790160094,-0.38217416357067113,-0.38574014475551743
TIR,1920-01-14,0.07883239416,10.15386,3.42065,23046.027556166224,-0.16268825772795648,-0.17220150240390186
TIR,1921-01-20,0.07103055959999999,10.31287,3.4776899999999995,20424.63807872467,-0.08886748878250605,-0.09999399424576216
TIR,1922-01-26,0.07385838668,10.38857,3.5361300000000004,20886.784897614056,0.027794564414383327,0.014748487766582663
TIR,1923-02-01,0.07941353316000001,10.27989,3.59642,22081.273366292036,0.06007193680248624,0.04682011905159378
TIR,1924-02-07,0.08225099272,10.25856,3.65314,22515.149356444042,0.04333743302928017,0.031119410568369643
TIR,1925-02-13,0.08708068824000001,10.04115,3.70396,23510.158921802613,0.033893338282447116,0.023046744722944323
TIR,1926-02-19,0.09412689780000001,10.09274,3.75515,25066.08199406149,0.04208494917112615,0.03132485865264378
TIR,1927-02-25,0.10344604244000001,9.79558,3.80568,27182.01279140653,0.0743952843140836,0.06360171152440897
TIR,1928-03-03,0.11193927731999999,9.8945,3.8583000000000003,29012.59034289713,0.09211392731733992,0.08064626376719275
WAS,1837-01-13,0.0707498168,10.75801,0.55911,126540.06689202483,0.3881608124078848,-0.2918635600618177
WAS,1838-01-19,0.08630231479999999,10.76058,0.93307,92492.86205750908,0.241257599949676,-0.17483729159405648
WAS,1839-01-25,0.08971237080000001,10.99332,1.11982,80113.20640817274,0.02740489334915508,-0.09589979187541886
WAS,1840-01-31,0.09062260792,11.02097,1.18504,76472.19327617632,-0.017285926933215845,-0.06558249808290117
WAS,1841-02-06,0.09174033336000001,10.95258,1.25007,73388.15695121074,0.008602750489272948,-0.027582738331926815
WAS,1842-02-12,0.1005223544,10.88628,1.33024,75567.08142891507,0.05099414550123971,0.0022136793932514554
WAS,1843-02-18,0.19980469339999998,12.00582,1.32083,151272.07392321495,0.15618770232314483,0.16790964460993862
WAS,1844-02-24,0.20528369992,12.18589,1.38774,147926.62884978455,0.015282706432183213,-0.02086333820083952
WAS,1845-03-02,0.25369860048,11.99567,1.45366,174524.0293328564,0.10461114796184012,0.06836523319546672
WAS,1846-03-08,0.2552234048,12.79064,1.52183,167708.2228632633,-0.0029264076095890657,-0.035003728599110495
WAS,1847-03-14,0.28587892684,12.76112,1.6738,170796.34773569123,0.13350285509424897,0.051767697242137256
WAS,1848-03-20,0.30069680212,12.77827,1.81271,165882.46444274043,0.028339579984777208,-0.039952883688950225
WAS,1849-03-26,0.30062362095999995,12.4268,1.9417800000000003,154818.57932412525,-0.0024663302060817793,-0.052615458720538744
WAS,1850-04-01,0.29644142528,12.45812,2.04707,144812.5492924033,-0.009942724236856826,-0.04944675950947208
WAS,1851-04-07,0.30904626428,12.37132,2.17453,142120.94764385867,0.00653544372610515,-0.04460270220241924
WAS,1852-04-13,0.25766371956,12.39676,2.23474,115299.1934453225,-0.03722530834178639,-0.05625025441430587
WAS,1853-04-19,0.30594557292,11.81807,2.30317,132836.73064515428,0.2231731698184154,0.1938491210657023
WAS,1854-04-25,0.31612671168,11.84452,2.36541,133645.63085469327,0.010488190544217124,-0.009845108770898392
WAS,1855-05-01,0.32059078688000003,11.77258,2.42159,132388.54920940375,0.006484661873268793,-0.010755249729023642
WAS,1856-05-07,0.32140135144,11.72368,2.51248,127921.9541807298,-0.014049146637032939,-0.04239817558115766
WAS,1857-05-13,0.3669810742,11.96305,2.62905,139586.95125615716,0.03137963762358331,0.000328621916034999
WAS,1858-05-19,0.37860023136,12.19964,2.73187,138586.47423193636,0.021819873833337722,-0.00918843709303796
WAS,1859-05-25,0.38581662132,11.68782,2.80876,137361.90394337714,0.021841913137045532,0.002602072419785273
WAS,1860-05-31,0.38028128164,11.76399,2.89002,131584.3079425056,-0.014525389388807874,-0.033656495700012834
WAS,1861-06-06,0.29048708416,10.50679,3.06627,94736.30311746847,-0.15081836622585199,-0.18189801821259333
WAS,1862-06-12,0.27964643512,7.96098,3.05446,91553.47757705125,-0.021834770863973896,-0.020011001275241802
WAS,1863-06-18,0.42085751656000003,8.34534,3.10402,135584.666516324,0.46519706638366354,0.4521465441323267
WAS,1864-06-24,0.63446762548,9.53313,3.8941200000000005,162929.65431984633,0.35755367886775224,0.08389774803090222
WAS,1865-06-30,0.6622616624000001,9.57214,3.95546,167429.7458197024,0.07464742951841075,0.06397909305464777
WAS,1866-07-06,0.6591903863999999,9.66943,3.9687799999999998,166093.95995746803,-0.004875929065612961,-0.005089203972332035
WAS,1867-07-12,0.7048342355599999,10.92125,4.01037,175752.91944633535,0.044106925408813114,0.036539987316523526
WAS,1868-07-18,0.64934842232,11.22399,4.03556,160906.64550149173,-0.16177803944585278,-0.16548632906265315
WAS,1869-07-24,0.77097573072,11.42842,4.1898,184012.53776313906,0.11282946309922814,0.08352627456512374
WAS,1870-07-30,0.76499946744,11.2809,4.29878,177957.34311595384,0.0024864320159432296,-0.01718157314680513
WAS,1871-08-05,1.10067332388,11.18352,5.49858,200174.1038377181,0.29048216614605527,0.02539217010442041
WAS,1872-08-11,1.1238096454,11.34449,5.76036,195093.64786228637,0.005504996998739742,-0.02503085278207806
WAS,1873-08-17,1.2586393455999998,11.56683,5.94729,211632.4150327292,0.10510346894501965,0.0809777101038418
WAS,1874-08-23,1.18906570432,11.82066,5.84354,203483.79652060225,0.007061418045789081,0.018475753581140175
WAS,1875-08-29,1.64830377296,12.13108,7.07692,232912.59092373517,0.11837191739347963,0.07532157321795085
WAS,1876-09-04,1.7100656487199999,13.05086,7.41976,230474.52326220792,0.029247013257398535,-0.005029895119104011
WAS,1877-09-10,1.79253161672,12.87169,7.83543,228772.59023691108,0.04263749142282358,0.001247003536082092
WAS,1878-09-16,1.62311224244,13.38484,8.18816,198226.73744040175,-0.08691063896406392,-0.11616494426299351
WAS,1879-09-22,1.79088952172,13.43355,8.56027,209209.46672476456,0.05365502178743986,0.016078690668708706
WAS,1880-09-28,1.65929310144,13.22824,8.70688,190572.63927376972,-0.07500621888927728,-0.08650924616723499
WAS,1881-10-04,1.7663059674,12.80629,8.90766,198290.68098692584,0.0708836370081054,0.0518265663441404
WAS,1882-10-10,1.9934497122800001,12.8382,8.95356,222643.25165409068,0.13171973367221912,0.13072717661166977
WAS,1883-10-16,2.2744657681200002,13.03089,8.95188,254076.88308154268,0.09753282634036409,0.09832525319947827
WAS,1884-10-22,2.5009067158400002,13.50382,8.99939,277897.3592476824,0.06911956829916033,0.06674337397689478
WAS,1885-10-28,2.7813964984,13.68316,8.21335,338643.3670061546,0.09448867689818807,0.1816322992773156
WAS,1886-11-03,2.75008317428,13.64695,8.47407,324529.2019395639,0.010553176554448429,-0.009875410783091065
WAS,1887-11-09,2.71065071368,13.57142,8.73494,310322.76279859967,-0.004395164565232257,-0.02862223104358308
WAS,1888-11-15,2.84750862448,13.56801,8.99024,316733.32686112943,0.03477592138038288,0.013963787312246012
WAS,1889-11-21,3.11602691608,13.85033,9.48909,328379.951721398,0.0913931775202057,0.0469178135333006
WAS,1890-11-27,3.0715250914400003,13.71307,10.82921,283633.3482719423,0.06625426001735057,-0.03606329406705311
WAS,1891-12-03,3.1887161701199997,13.76318,11.85242,269035.02998712496,-0.004098439500746176,-0.07078884859022627
WAS,1892-12-09,3.9586516762,12.93657,15.82171,250203.78177832864,0.14444601471570784,-0.10304891699604257
WAS,1893-12-15,4.93454403728,13.47626,18.06882,273097.19380014855,0.16851230469691791,0.07670014522487545
WAS,1894-12-21,5.3563109334800005,13.26446,19.13819,279875.5228932307,0.053788902827925256,0.007862248630702506
WAS,1895-12-27,4.76545255368,13.29067,19.38668,245810.6573007859,-0.06838303364178266,-0.07773791109758921
WAS,1897-01-02,5.36717578592,13.02546,21.65136,247890.93091242303,0.08730298088392519,-0.0071093052982923455
WAS,1898-01-08,5.413854946240001,13.23101,22.12906,244649.11506589077,0.01818419502187285,0.0038846608700213725
WAS,1899-01-14,5.638489364040001,13.30108,22.4463,251199.05570361263,0.042117338524956915,0.02953606373694595
WAS,1900-01-20,6.115452863,13.30607,22.72875,269062.4369136006,0.039320679993390506,0.029011900503554067
WAS,1901-01-26,5.9735007721999995,13.55225,22.97721,259975.02621945832,-0.028078275536825847,-0.03488187613518334
WAS,1902-02-01,7.267637195000001,13.345,23.13267,314171.99981670943,0.08698597528239338,0.08084384020882696
WAS,1903-02-07,8.36612537696,13.18553,23.0138,363526.46572752,0.07363791746317538,0.07839944186204595
WAS,1904-02-13,9.22701641888,12.71736,23.07653,399844.1888308164,0.08544174663450277,0.08480448813277008
WAS,1905-02-19,8.84594501024,12.54951,22.87162,386765.12683579035,-0.03329294238247826,-0.026744824256239363
WAS,1906-02-25,9.10694775588,12.41093,22.4153,406282.66210490157,-0.015023734204150041,-0.0002205836173083675
WAS,1907-03-03,9.26165883448,12.38198,22.17354,417689.6803343084,0.010681979183240653,0.018262780462744876
WAS,1908-03-09,9.03869119764,13.10296,21.63758,417731.15097159665,0.007982160215554757,0.029299714987653935
WAS,1909-03-15,9.56007831116,13.13123,21.67115,441143.1009041975,0.02751873937822058,0.025684942722275395
WAS,1910-03-21,8.99401339304,13.62847,21.69734,414521.47558364295,-0.06720018188435817,-0.056714890992346945
WAS,1911-03-27,9.57310982576,13.17235,21.51172,445018.33538926684,0.04114032409322732,0.048357762247174696
WAS,1912-04-02,9.705011758,12.86516,21.56863,449959.58287568565,0.030870987378441628,0.0291199273831646
WAS,1913-04-08,9.67753823712,13.06798,21.50797,449951.26165416825,-0.01291026710725618,-0.011560755569705039
WAS,1914-04-14,10.274035829719999,13.64224,21.17969,485089.05605889414,0.04072063078011601,0.05340573514540625
WAS,1915-04-20,9.861296469440001,14.19385,21.08842,467616.65736171795,-0.03940803764310319,-0.03721127875491659
WAS,1916-04-26,9.95559259344,15.38898,21.02107,473600.65845554,-0.023247357742352093,-0.02089889466098105
WAS,1917-05-02,10.7369713828,15.55487,21.20462,506350.5680743159,0.059753956115272455,0.05227793312265305
WAS,1918-05-08,11.328490293640002,15.65348,21.33785,530910.5787902718,0.05887686488888133,0.053350074844808804
WAS,1919-05-14,11.592548746479999,16.03457,21.287369999999996,544574.0242444229,0.00977050044521377,0.01160531822705635
WAS,1920-05-20,11.65028156136,16.47707,21.24241,548444.4355117899,0.019340600438676914,0.020315254677087946
WAS,1921-05-26,12.23481021516,16.55371,21.32983,573600.9248625047,0.028980599379528904,0.025200531310438867
WAS,1922-06-01,12.58560951856,16.02524,21.40176,588064.2301642481,0.041935764978050294,0.039772589438900496
WAS,1923-06-07,12.01844180732,16.57703,21.44258,560494.2039306838,-0.007078377952078441,-0.008844214290770203
WAS,1924-06-13,11.28322276016,16.82552,21.394549999999995,527387.7113638754,-0.08784078737876455,-0.08665344139344444
WAS,1925-06-19,13.5386334252,15.26829,24.01619,563729.4435628632,0.11685577925912982,0.02117382170096893
WAS,1926-06-25,14.394457576719999,15.46829,24.179689999999997,595311.9157739409,0.05774453647831845,0.05508003331073774
WAS,1927-07-01,14.469648550759999,16.51163,24.18497,598290.9447793402,0.003996167015692498,0.00406264033899939
WAS,1928-06-30,13.86052965804,16.7452,24.240969999999997,571781.1481157726,-0.05030213126263949,-0.05119796950015787
PBC,1857-04-29,5.023298028319999,8.18954,42.21131,119003.60420749793,0.025161101865859514,0.015056915569714668
PBC,1858-05-12,4.76239349664,8.56859,42.21131,112822.68891062608,-0.010402892763574645,-0.00325037649039972
PBC,1859-05-11,5.20891015528,9.0921,42.21131,123400.81734682008,0.05991542789159676,0.05193885665745035
PBC,1860-05-24,5.406166693199999,9.40872,43.020432064523916,125665.09525268355,0.06286266501284543,0.004476708632865645
PBC,1861-06-06,5.6482626506799996,9.51838,44.80869,126052.84043519237,0.03282494456627161,0.0021764800364805215
PBC,1862-05-29,5.9795381438,9.40463,44.80869,133445.94862737562,0.0025338423062768456,-0.0010422009897497198
PBC,1863-06-04,6.1812332218,9.23968,46.38138000000001,133269.71344535242,0.04643057366153536,0.01162266530255418
PBC,1864-06-17,6.561056342880001,9.36271,46.41198078583589,141365.57483196922,0.03836060322997792,0.03515372919164905
PBC,1865-06-16,6.55300131096,9.3537,49.21384,133153.62733247396,0.012806730356287321,-0.044560072318464816
PBC,1866-06-29,8.173170175040001,9.27618,48.2836082371255,169274.22107520976,0.24303362010922958,0.21417238007058748
PBC,1867-07-12,9.2895445188,9.41765,72.04564,128939.71819529952,0.09282518836324494,-0.24961340709193947
PBC,1868-07-04,10.121121330320001,9.81193,72.98072999999998,138682.10595207807,0.0640125454515148,0.06031616099165871
PBC,1869-07-10,10.678634453759999,9.87223,72.98073,146321.2885615148,0.04228143469562573,0.04544544814024354
PBC,1870-07-23,10.89915466172,9.82862,74.12394,147039.6023433185,0.024958752889903568,0.019554604551283106
D06,1890-04-10,1.03564778928,12.29871,12.374580000000002,83691.55068535659,0.16073113007224538,0.1306439204841039
D06,1891-04-23,0.95348269952,9.1588,12.37458,77051.72212066996,0.020516266296281227,0.020100181688480934
D06,1892-04-22,0.81942690752,8.96429,12.37458,66218.56317709369,-0.09217845433963368,-0.1019320961099619
D06,1893-05-05,1.0248437706,9.20068,12.37458,82818.4690389492,0.2149369701715711,0.20697810100389624
D06,1894-05-18,1.20358580056,9.47404,12.37458,97262.75967022718,0.1439776813307645,0.14004942324013303
D06,1895-05-10,1.2607074360400001,9.49733,12.37458,101878.80607180204,0.05072740048485125,0.053143206283502
D06,1896-05-16,1.30852626632,9.6804,12.361525285526392,105854.75789562151,0.024636917688260374,0.024831678485634168
D06,1897-05-29,1.2494669969599999,10.05526,12.37458,100970.45693348783,-0.031323877942313505,-0.03179212237825324
D06,1898-05-28,1.5864693228800002,8.69911,15.498107574572757,102365.35752809388,0.025077189919856746,0.041472014305396154
D06,1899-06-10,1.9209712402399999,8.81758,12.37458,155235.26780222036,0.08174282431860758,0.07598748147643408
D06,1900-06-23,2.0528744100800003,8.94028,12.251432856189956,167561.9851308085,0.03041189271707556,0.03000913905296909
D06,1901-06-15,2.2913926885199998,9.3124,12.37458,185169.33007180848,0.13495017445287028,0.13262726233171818
D06,1902-06-21,2.2676473107599997,9.59472,12.252586776170336,185074.9847509976,0.012782634523349934,0.016181650609167875
D06,1903-07-04,2.7447977767599996,9.7014,12.37458,221809.3686218037,0.18149882349274216,0.180647791481505
D06,1904-07-03,2.67457276632,9.32208,12.37458,216134.42769936434,-0.02167580775276401,-0.017236936090615496
D06,1905-07-16,2.7921673338,9.51435,12.37458,225637.34153401572,0.060529223284965905,0.05876015432893733
D06,1906-07-29,2.80983073488,9.50613,12.43090681975106,226035.86171328643,0.01497014243169592,0.018373595529376452
D06,1907-07-21,2.70369957676,9.49019,12.37458,218488.18923632157,-0.037501532408936944,-0.04034909484866234
D06,1908-07-27,2.8978857154,9.57088,12.37458,234180.5310079211,0.07649356980971644,0.07515276383706526
D06,1909-08-09,3.40809339728,10.06322,12.374579999999998,275410.8339256767,0.08316912466362503,0.08427029542420295
D06,1910-08-08,3.44109878788,9.48749,12.37458,278078.0267192907,0.02314411298225827,0.012055533317165246
D06,1911-08-21,2.8588035054799996,9.94174,12.37458,231022.26544092808,-0.09606030730108917,-0.12326158173416302
D06,1912-09-03,3.5511375546400004,10.20452,12.37458,286970.35007571976,0.2792013037773198,0.23998284055937535
D06,1913-08-26,4.48508575112,10.29952,12.37458,362443.47291948495,0.22069921720322716,0.21803641717540367
D06,1914-09-01,5.20022834188,10.25068,33.59059,154812.05724222172,0.0791579361406185,-0.6024447738280085
D06,1915-09-14,5.3613034956,10.52925,33.59059,159607.30358115176,0.0012082795893357812,-0.0021752307514879554
D06,1916-09-13,4.9377203044,10.44062,33.39242,147869.49566398602,-0.03549232537964675,-0.01909845784942421
D06,1917-09-26,3.5991848276800003,11.07452,44.56495083968685,80762.67918767194,-0.37268911637266,-0.3312621999574201
D06,1918-10-09,5.023535879440001,10.29053,35.56541,141247.79889898642,0.28646682672755586,0.20347145357392793
D06,1919-10-01,5.9702441224400005,10.26643,35.56541,167866.59066885494,0.13001527699698023,0.1295906096094479
D06,1920-10-07,5.66778018456,9.60817,36.43248,155569.4310285767,0.23161697146760463,0.19800023330907313
D06,1921-10-20,7.2962097873600005,9.95766,37.26513139569341,195791.87068700892,0.23079792748659567,0.2118638199508185
D06,1922-10-19,7.12988046784,10.92425,36.81146,193686.435361162,0.04945285048666803,0.0888174553227341
D06,1923-11-01,7.64218928148,11.19338,37.67605,202839.45056554498,0.07052218956998435,0.05507387331724467
D06,1924-11-14,8.94510177964,11.40766,38.94091,229709.62362307403,0.15227121342365035,0.11878299340420129
D06,1925-11-06,9.72574741944,11.60764,38.94091,249756.55215658798,0.01654010439692355,0.018637273168763402
D06,1926-11-12,13.07517901664,12.11349,42.6062,306884.42096784036,0.16319577346597303,0.06440106078433705
D06,1927-11-25,2.080548847,7.78699,42.6062,48832.06779764447,-0.8403256342571497,-0.8402386788424814
D02,1863-05-07,1.90922566952,10.4474,62.11649,30736.21303328633,0,0
D02,1864-05-13,2.0256643097600002,10.52249,64.60267,31355.73668642488,0.033237858958031774,0.0022063363756015253
D02,1865-05-19,2.00709131116,10.56005,67.09059,29916.137436859623,-0.009859395799430737,-0.0376171131744637
D02,1866-05-25,2.04143225988,10.18663,68.85073,29650.117869193255,0.05108755950651256,0.03046843094956131
D02,1867-05-31,2.20715545284,10.19446,70.30224,31395.236522193318,0.06590359796451883,0.049535511326816106
D02,1868-06-06,1.93123191092,10.1957,71.92625,26850.168205905356,-0.0961884702523802,-0.11124152749883809
D02,1869-06-12,2.31130619772,10.03517,73.38949,31493.69477455151,0.1102406596354486,0.0932230667911309
D02,1870-06-18,2.5319770356399998,10.11722,75.18899,33674.83770748882,0.07569208325802457,0.0584944930166722
D02,1871-06-24,2.638982333,10.19693,76.68563,34412.99671137865,0.011415441315818287,-0.0035819975702001683
D02,1872-06-30,2.8722009471999996,10.73931,78.19194,36732.69837274788,0.044806236980734715,0.028878264868605674
D02,1873-07-06,3.2467844707999998,11.23363,80.05317,40557.850123861426,0.11318174454979557,0.09429397560326036
D02,1874-07-12,3.5002934787599997,11.35106,81.98764,42692.94101842668,0.07331338276101196,0.0540791526041553
D02,1875-07-18,3.7785433790000003,11.4268,83.91613,45027.61720541689,0.09120730028974666,0.0716315156555638
D02,1876-07-24,4.2532459210799995,11.30599,86.12432,49384.95794312222,0.09989175906638614,0.07864220215458717
D02,1877-07-30,4.22097504556,11.24766,88.34696,47777.25283993927,-0.008683692848795665,-0.026306514163798478
D02,1878-08-05,5.80921886844,11.15086,89.9844,64558.06638083935,0.3986742431583177,0.37912236654932263
D02,1879-08-11,6.7888034609200005,11.10322,91.60001999999999,74113.55871887365,0.13816122930102637,0.12328446018702777
D02,1880-08-17,7.51297429064,11.10754,93.1126,80686.9778165361,0.0824668961542383,0.06934335467840413
D02,1881-08-23,9.02434933244,11.19389,94.6053,95389.46900903014,0.16151325605396138,0.14706890898766622
D02,1882-08-29,9.49880457136,11.33588,100.50371,94511.97942205318,0.04423101096624604,0.027378776746621147
D02,1883-09-04,8.59901627884,11.42493,102.2853,84068.93540753167,0.008924587326660571,-0.0038854143977481437
D02,1884-09-10,9.0159214288,11.27441,104.51957,86260.60582530142,0.35765254380213585,0.18295591392346688
D02,1885-09-16,10.82485439568,11.57214,106.75073,101403.09481424623,0.23143356945792992,0.21329869316044592
D02,1886-09-22,12.31976013372,11.79016,108.87024,113160.03467724513,0.11897814830694342,0.10226507965485765
D02,1887-09-28,12.2224098412,11.68601,111.32825,109787.13705820401,0.014234742145325274,-0.0026477131920651376
D02,1888-10-04,12.86697793784,11.80237,113.74995,113116.33928489638,0.06338124857447314,0.04617813676412408
D02,1889-10-10,14.49029459124,11.87424,116.35777,124532.2473199684,0.07538589161178755,0.056616989351123914
D02,1890-10-16,14.91909381092,11.8378,118.82601,125554.10899448699,0.06247643708636241,0.04475266985282711
D02,1891-10-22,17.5273633834,11.90518,120.90888,144963.40867105874,0.11330836146308587,0.09879493855448707
D02,1892-10-28,19.00953672124,12.18264,123.08292,154444.9605293732,0.07652467593347168,0.062329216877241356
D02,1893-11-03,18.39199374948,12.60227,125.14312000000001,146967.67788337066,-0.08680703290130243,-0.09826938993160084
D02,1894-11-09,20.9554929532,12.54899,127.11249,164857.85899717646,0.17902511692162726,0.16521356913631235
D02,1895-11-15,20.639872182799998,12.29216,129.25717,159680.6752213436,-0.025938387850775846,-0.03835169455789855
D02,1896-11-21,22.52478180108,12.24772,131.12771,171777.43591404136,0.05442340814746416,0.04301208616770058
D02,1897-11-27,23.69821667616,12.37224,133.04928,178116.08357564957,0.05997498545054003,0.0485474270414743
D02,1898-12-03,22.49718341624,12.49104,135.12857,166487.24556353997,-0.03427727776077383,-0.04559622242738848
D02,1899-12-09,23.88356271288,12.47182,137.40252,173821.86813516956,0.04713537435489612,0.03399770249452305
D02,1900-12-15,23.903941203480002,12.46759,139.3553,171532.34361003852,0.009618316553298145,-0.0008522340797258998
D02,1901-12-21,26.069209753600003,12.299,141.59005,184117.52629227831,0.08263802709448509,0.06919392446365902
D02,1902-12-27,27.58548785408,12.25037,143.38146,192392.2929371761,-0.004193601002034031,-0.013468189102948558
D02,1904-01-02,30.166687845320002,12.46395,145.20282,207755.52324204173,0.05516097402784159,0.045270896825481355
D02,1905-01-08,31.12992915292,12.48958,147.08281,211648.99659531933,0.06797117013155618,0.05757966745839327
D02,1906-01-14,33.19099444284,12.93745,148.95269,222829.1039446149,0.036220729179683664,0.026465599641464
D02,1907-01-20,33.06332529656,13.13879,150.80426,219246.62669715035,0.021408261488282454,0.012021169991261349
D02,1908-01-26,34.80093874088,13.12456,152.48833,228220.34145747416,0.014414339874036175,0.006147703243591263
D02,1909-02-01,37.23237760112,12.34691,172.57082,215751.29330161383,0.07726643016694035,-0.04143878826727121
D02,1910-02-07,41.339008273160005,12.82313,174.75353,236556.0699870269,0.06211505988919108,0.052127855002541024
D02,1911-02-13,49.900974871799995,13.47816,177.31547,281424.823631012,0.13681236359281224,0.12411385912739825
D02,1912-02-19,53.102726654639994,13.80117,179.42768000000004,295956.1571249207,0.05618045113241621,0.04702321206521298
D02,1913-02-25,51.90667113944,14.00259,181.82436,285476.990758774,-0.005987806332260703,-0.0162885376004398
D02,1914-03-03,52.476894886,13.83541,183.68306,285692.6212248424,-0.012313970397604401,-0.01980633974940771
D02,1915-03-09,57.58813710468,14.03294,186.06384,309507.4094175419,0.07370149368377943,0.06292263992706904
D02,1916-03-15,55.05082272664,14.2679,187.99146,292836.82741035154,-0.026740526773709083,-0.03452134279926167
D02,1917-03-21,58.15293973736,14.55314,190.76577999999998,304839.47245339287,0.02984480047634097,0.018263368295203364
D02,1918-03-27,69.0675102494,14.49602,193.28967,357326.4429982213,0.1530105660449501,0.14166738855309546
D02,1919-04-02,64.00179999564,14.71196,195.54420000000002,327300.9375662382,-0.06290592409294138,-0.07111419706170874
D02,1920-04-08,65.28984170384,14.74146,197.83348,330024.22898207116,0.00455448159347549,-0.004112145404316037
D02,1921-04-14,67.20004289024,14.76297,199.81010000000003,336319.54986379563,0.03299424925393479,0.025325907282964577
D02,1922-04-20,69.76796559564,14.67902,201.91538,345530.71487491444,0.0018211779861307953,-0.006128741145164596
D02,1923-04-26,114.46397853956,12.26292,327.82001,349167.14980138035,0.44746691960677354,-0.05626838531032319
D02,1924-05-02,116.686710023,13.0456,330.31623,353257.57388003607,0.00657848865626165,0.0004450239257693944
D02,1925-05-08,126.67959290116,13.08452,333.68234,379641.2866834966,0.05105855033844242,0.04329805200677672
D02,1926-05-14,133.80843082204,13.14831,337.07817,396965.57870253065,0.03830219913674182,0.030635435360067298
D02,1927-05-20,132.42631616864,13.41275,341.00542,388340.7957816037,-0.007851611105205714,-0.016617846725768826
D02,1928-05-26,141.17040644980003,13.32587,345.0864,409087.13426492614,0.038248317294165,0.0290372188982444
CHL,1837-06-23,0.7160926172400001,9.61024,9.70306,73800.6997009191,-0.1410550325538943,-0.14030096346761978
CHL,1838-07-06,0.70856235528,9.68489,10.029151166080252,70650.28171840103,0.0047771650389079046,-0.0301945798224581
CHL,1839-07-05,0.72004028148,9.55669,10.04748,71663.76857480682,0.011752666185246063,0.010551338789258624
CHL,1840-07-18,0.86258630484,8.88038,10.83617,79602.50760554698,0.15261300886600937,0.1645717746293478
CHL,1841-07-31,0.87842266512,8.87827,11.0868,79231.39815997402,0.13752369886254434,0.1337484158842157
CHL,1842-07-23,0.78766528672,9.47638,11.0868,71045.32297146156,-0.11468212711100578,-0.12185956586557922
CHL,1843-07-29,0.793686491,8.8494,11.41086,69555.36138380456,0.03315615762508117,0.00962319448922222
CHL,1844-08-11,0.61544695212,9.75414,11.84759,51947.01640755631,-0.21450074213473447,-0.24458905286705268
CHL,1845-08-10,0.77219325196,9.31347,12.117763169895472,63724.07523843866,0.19660284705854547,0.1755212819250227
CHL,1846-08-23,0.7402415124,9.55089,12.37177,59833.11299838261,-0.0497018714903128,-0.06334257617682981
CHL,1847-09-05,0.7532950817599999,9.30484,12.5443,60050.78655325526,0.05940800056287099,0.0579108431641997
CHL,1848-08-28,0.71334188692,9.53599,12.7082,56132.409540296816,-0.031518397514674446,-0.044239478662688514
CHL,1849-09-03,0.6606936679200001,9.88964,13.261889765829844,49818.96845669174,-0.035537850416843875,-0.06788832222311392
CHL,1850-09-16,0.6727604,10.11197,14.00772,48027.83036782574,-0.042495407633155624,-0.09329077582101852
CHL,1851-09-15,0.82142538244,10.25565,14.34480219149327,57262.92851407322,0.16129748459650095,0.14126280089509913
CHL,1852-09-28,0.9291446990800001,10.10698,14.45771,64266.380988413795,0.1506574860906349,0.11849887446965957
CHL,1853-10-11,0.85159698312,9.99189,14.30460748306804,59533.05493548224,-0.026410001704315844,-0.05998634619902343
CHL,1854-10-03,1.1140075824800002,9.99536,17.21929,64695.32614178634,0.25384516182629135,0.24577069248270833
CHL,1855-10-09,1.2382791329999998,10.11503,21.17548,58477.027817079,0.03456798640095249,-0.15481971795885663
CHL,1856-10-22,1.2813333930800002,9.93067,21.77802,58836.08303601521,0.058822194347754264,0.03313805946363568
CHL,1857-10-21,1.3851269489200002,10.0153,22.11622,62629.46149568055,0.05402371392535765,0.038019884057620246
CHL,1858-11-03,1.4589113318,10.00835,22.43468,65029.29089249323,0.022291335191717998,0.01119893702228314
CHL,1859-11-16,1.5821267087600002,9.741,23.5374,67217.56475906429,0.006922759241320131,-0.035621435975565885
CHL,1860-11-08,1.632512856,9.73922,24.61518,66321.38607152172,0.05460181736022185,0.011492787267257443
CHL,1861-11-14,1.74354081512,9.71755,25.241549999999997,69074.23732377766,0.03894152921432115,0.02825920445505581
CHL,1862-11-27,1.81555732072,9.75707,25.65843,70758.70662078701,-0.01594533721709812,-0.024816006855661432
CHL,1863-11-26,1.91642175556,9.94531,26.0872,73462.14831641571,0.04156213688533872,0.02916669086004564
CHL,1864-12-09,1.69735355296,9.99401,25.73379097821995,65958.16195120929,-0.04666647882267294,-0.07311729224662622
CHL,1865-12-22,0.03187523144,11.67325,2.92797,10886.461077128522,-0.9831550193800137,-0.9118015387703927
CHL,1866-12-14,0.03654418404,13.64106,3.11375,11736.389896427138,0.13494875947952334,0.0627572369313325
CHL,1867-12-20,0.04998715488,12.27294,3.11375,16053.682819751104,0.3335331726887265,0.3304321456696975
CHL,1869-01-02,0.0423596108,13.73031,3.570809189964323,11862.748342602767,0.0436547168832464,-0.08036380201123972
CHL,1870-01-01,0.09689196712,10.09399,4.02691,24061.120591222552,1.2941068902345383,1.1363206138806752
CHL,1871-01-14,0.10610294551999999,10.11725,4.540570985378226,23367.753937044046,0.04389270647843424,-0.03367598206705813
PHI,1858-12-22,9.229226407439999,9.30488,42.65983,216344.65977571873,0.062071931344455544,0.06243991712403307
PHI,1860-01-04,10.158532184319998,9.42097,42.94628772103971,236540.40252106023,0.04385517760426705,0.043590077555948126
PHI,1861-01-03,10.7390865296,9.5803,48.86789,219757.5244112238,0.05178822172835207,-0.07879161953258629
PHI,1862-01-16,10.057812089,8.8359,48.86789,205816.3773594481,-0.08092298287977939,-0.06794822885016061
PHI,1863-01-29,11.19754290408,9.77454,48.86789,229139.07074932024,0.06053460472429539,0.05595519722482645
PHI,1864-01-21,11.524096873640001,9.61107,48.86789,235821.45399852542,0.0405627084631881,0.04219544879591863
PHI,1865-01-27,12.47936977196,9.63138,48.86789,255369.52325872876,0.06530500012725327,0.06316347321493443
PHI,1866-02-09,13.64563428956,9.82018,48.86789,279235.1846899876,0.06320653631985262,0.06141319933339684
PHI,1867-02-08,12.68503353052,9.80964,48.86789,259578.08963145327,-0.07240952459956651,-0.0732841507912273
PHI,1868-02-21,13.741038138879999,9.85779,48.86789,281187.46561146795,0.050335756255632136,0.04858897937267814
PHI,1869-03-06,14.077654328400001,10.8,48.86789000000001,288075.7554377731,0.03319291485867981,0.03070771909825254
PHI,1870-02-26,14.84247820328,10.91545,48.86789,303726.6025457616,0.035222329279982256,0.03240773431181476
PHI,1871-03-04,14.94286140776,10.64475,48.42901033898993,308551.8639171857,-0.008381681540048924,-0.009545967660095966
PHI,1872-03-17,16.17259877584,10.43013,48.86789000000001,330945.3053086597,0.05081360725355988,0.05127727658258929
PHI,1873-03-16,16.59222878924,10.36343,48.867889999999996,339532.3348161748,0.016164295352233182,0.01615879000184184
PHI,1874-03-29,17.409905552519998,10.74728,48.86789,356264.72828108596,0.035998553897063745,0.035537321811745626
PHI,1875-04-11,18.93817267576,11.34428,50.08203008567636,378143.071344394,0.06327847195343272,0.0669357835362232
PHI,1876-04-03,20.19905815252,11.67243,48.86789,413340.0920833701,0.06332006013995839,0.06537122777608717
PHI,1877-04-09,20.15364572468,11.05212,48.86789,412410.8023628603,0.022870558580011302,0.020119373030714982
PHI,1878-04-22,21.6336442192,10.90445,48.86789,442696.5072402348,0.015560639593117376,0.017844146972354036
PHI,1879-04-21,23.57318664428,11.33596,48.86789,482386.01348001725,0.10791942106531516,0.10479721129728992
PHI,1880-05-04,22.132224051079998,10.58781,48.86789,452899.11332533485,-0.007918262651453789,-0.0017605266778838446
PHI,1881-05-17,26.31706307412,10.98251,48.86789,538534.8758483331,0.14252686815351479,0.13083959645187693
PHI,1882-05-09,27.37821303724,11.43791,48.86789000000001,560249.542946094,0.03620301651689384,0.03715623892152142
PHI,1883-05-15,29.24850592456,11.56112,48.86789,598521.9727015019,0.04630894674101671,0.04585364778973666
PHI,1884-05-28,31.15949431296,11.66151,48.86789,637627.1681253272,0.060024927055938315,0.06088199128198979
PHI,1885-05-27,32.0736450892,11.68681,48.86789000000001,656333.7416287054,0.03762940487495636,0.03933436361528653
PHI,1886-06-09,35.11836004456,11.85305,48.990919464506675,716834.0669744487,0.06245326624427783,0.06149074029047075
PHI,1887-06-22,36.351568665360006,12.00414,48.86789,743874.3245382602,0.029122403367393135,0.029425420812049907
PHI,1888-06-14,38.206970125480005,12.26651,48.86789,781842.0260314083,0.04549654947587678,0.04598110806049727
PHI,1889-06-20,36.10088895244,13.26648,48.86789,738744.5816146348,-0.07687166348009578,-0.07956278285409724
PHI,1890-07-03,33.3193133494,12.34395,49.41028839609202,674339.5845476446,-0.062471987945196705,-0.06464026870992623
PHI,1891-07-02,34.573388880159996,11.56379,48.86789,707486.8360422354,0.03149009939141023,0.031278549119276855
PHI,1892-07-15,36.35172650148,11.97501,49.24985257557788,738108.3313030294,0.01744714411400272,0.014880432632520701
GBR,1840-09-19,31.048239886039998,10.984,278.85714,111341.02532228509,0.010489238138435164,0.009302744440245148
GBR,1841-10-02,32.66832370516,10.9695,281.98511,115851.2366314661,0.03638204401969891,0.0324196668174892
GBR,1842-10-01,33.58157946572,10.64131,287.5620021359244,116780.30899870666,0.01733259148363464,0.00455843767433417
GBR,1843-10-14,34.3200347178,10.62164,285.60482,120166.16077347712,0.0065358110061579655,0.0075709427839874
GBR,1844-10-27,34.715801896360006,10.52596,291.23665,119201.35016097735,0.011502241389568457,-0.006287003493478993
GBR,1845-10-19,36.92578486272,10.66876,291.23665,126789.62233194208,0.03632363256378146,0.03481360018307145
GBR,1846-10-25,36.9635629142,10.80009,293.1482390848598,126091.71056115361,0.007826835333746507,0.0078079117893798955
GBR,1847-11-07,37.950268532799996,10.79692,291.23665,130307.32407064838,0.021978046559521625,0.021925596679863713
GBR,1848-11-06,36.95782575368,10.82376,291.23665,126899.63901754809,0.0007521440568445392,-0.0039378598643821094
GBR,1849-11-19,36.737610681199996,11.44133,236.30476,155467.07853536255,0.00001367518961048475,0.09407088624034676
GBR,1850-12-02,42.87367166732,11.06207,239.37635149500952,179105.71115131155,0.06448444281928567,0.05691226415508299
GBR,1851-11-24,44.910998713359994,11.14945,236.30476,190055.41282096898,0.0225038321162232,0.0234062336283114
GBR,1852-11-30,46.76487450908,11.14787,304.59266,153532.50636138112,0.030978278204625065,-0.2009596372040069
GBR,1853-12-13,48.43238538216,11.0964,310.44592,156009.08970605896,0.026290847030460807,0.016584916623025858
GBR,1854-12-12,47.71576224844,10.91876,318.39576,149863.05800190303,-0.034387763660952864,-0.053127292279410265
GBR,1855-12-25,48.90824711708,10.92365,323.14585000000005,151350.37976529793,0.006594224072046462,-0.008532895128981255
GBR,1857-01-07,48.060572095640005,10.89088,330.60847,145370.0569003571,0.015491392041174112,-0.008212831272992216
GBR,1857-12-30,49.62257442844,10.80474,334.92502,148160.2492057476,0.021878544762326868,0.009594028633743923
GBR,1859-01-05,51.928691135360005,10.90805,341.92701000000005,151870.6905762139,0.04097238149731375,0.02524459330753759
GBR,1860-01-18,51.44876972404,10.8684,341.83672,150506.85521450124,-0.013488312236839772,-0.009172156932059083
GBR,1861-01-17,53.71625034672,11.01703,351.47224,152832.12792771345,0.03408653715251719,0.008042104675194617
GBR,1862-01-30,54.967256963320004,11.06418,357.03753399884465,153953.7211891506,0.009558992728273319,-0.0005308060786750612
GBR,1863-02-12,53.37893587208,11.59605,297.55481,179391.9442003979,-0.033121959077075935,0.15751495731676557
GBR,1864-02-04,56.86566769572,11.32217,302.82426,187784.38588678464,0.04050851703060898,0.02784988292450774
GBR,1865-02-10,61.34710205,11.34725,353.03727,173769.47779479486,0.05331036589391669,-0.0402791390770183
GBR,1866-02-23,61.249695393639996,11.65653,347.93438042513765,176038.06591001322,0.01699709582794129,0.009801490486559539
GBR,1867-02-22,65.90890766824,11.45239,366.49675,179834.90349707057,0.06821338372816177,-0.010293646396801082
GBR,1868-03-07,49.210805799999996,10.99483,350.4983804133494,140402.37715781954,-0.15537037332724424,-0.18375788234937251
GBR,1869-03-20,54.59823139472,10.75999,372.70898,146490.24929509347,0.012527281327594064,0.054166277904365456
GBR,1870-03-12,68.69694887432,11.45888,377.69571,181884.3769083848,0.17310612147799564,0.16105258424541957
GBR,1871-03-18,68.17613084151999,11.96179,380.06231,179381.45679722884,-0.0015154805694057583,-0.00755605417667593
GBR,1872-03-31,72.49479505424,12.34486,354.593,204445.08226118394,0.041005204874250634,0.05603624719788747
GBR,1873-03-30,75.8001319764,12.97428,358.463802854045,211458.259865818,0.027620455034879754,0.027889240737948517
GBR,1874-04-12,81.63896617916,13.44259,354.593,230232.8759427287,0.03964733363322859,0.03887844154641362
GBR,1875-04-25,84.0460822448,13.54658,354.593,237021.26732563812,0.014257257599035622,0.01191163078319235
GBR,1876-04-17,87.60491338404,13.6036,354.593,247057.65027521693,0.030169410586137202,0.03062180446437157
GBR,1877-04-23,89.08656300284,13.21208,354.30009268728054,251443.80383064525,0.011987596757767616,0.01119288420367015
GBR,1878-05-06,74.0495314416,13.33149,354.593,208829.6481927167,-0.16526144660991704,-0.15854358183419515
GBR,1879-05-05,78.34755762340001,12.96298,366.11423540072514,213997.572472553,0.02765107112541454,0.02189703764211548
GBR,1880-05-18,82.34081962548,12.9255,354.593,232212.19715414572,0.03595144719262544,0.03615801811393804
GBR,1881-05-31,89.11154413823999,13.12519,363.82108039132345,244932.32784200474,0.04602690265474929,0.045442460417467245
GBR,1882-05-23,91.85671549652,13.58769,354.593,259048.30466625115,0.01478310695518692,0.01570781081053818
GBR,1883-05-29,97.91891654376,13.62661,355.01459674416196,275816.5930127216,0.04888634413384452,0.04874914284834708
GBR,1884-06-11,105.17604783815999,13.7544,412.21756,255146.9370643987,0.056986226882508095,-0.030576522453682697
GBR,1885-06-10,110.99575940700001,13.935,412.21756,269264.99542377575,0.03647848428238287,0.0377284328495886
GBR,1886-06-23,107.40935871952,14.4794,412.21756,260564.73363124076,-0.018118514484944614,-0.019290252948157338
GBR,1887-07-06,110.60835236152,14.64104,415.8821578456352,265960.80229672894,0.02452313961606012,0.023840993468193128
GBR,1888-06-28,112.85125321080001,14.74009,412.21756,273766.244239571,0.020378065591210026,0.020947350614204385
GBR,1889-07-04,118.79307131691999,14.79,412.21756,288180.52126872033,0.03865247964749052,0.03797737036104132
GBR,1890-07-17,122.93122357308,15.04386,403.11329,304954.52921703475,0.018481742075933782,0.04101704750994428
GBR,1891-07-16,127.97068172668,15.04024,403.11329,317455.8738231627,0.01838318614465395,0.0222353936176396
GBR,1892-07-29,137.403562465,14.90463,417.42603,329168.6492694286,0.05655086217238714,0.0201214043684117
GBR,1893-08-11,78.49355249684,15.21538,318.49361,246452.51908457442,-0.26869918596532694,-0.050001357821909176
GBR,1894-08-03,97.95713869604,14.86271,319.28197,306804.4797394604,0.2380179316911364,0.22615847369105957
GBR,1895-08-09,128.60219504236,15.96161,321.49312,400015.38770832797,0.21027080328103875,0.20086276123263413
GBR,1896-08-22,138.25816484948,16.40867,333.64962,414381.30470365885,0.03942656994879368,0.024156630123750578
GBR,1897-08-21,142.14213247832,16.64091,333.64962,426022.16204628075,0.021102288944358172,0.022840831627629177
GBR,1898-09-03,144.21340793235998,16.76434,336.60127343172314,428439.87624310795,0.010804860734425992,0.00991061989678177
GBR,1899-09-16,146.19721280892,16.85801,333.64962,438175.8708699263,0.011494148638140578,0.011186420183163959
GBR,1900-09-08,149.55393226488,17.13007,333.64962,448236.48312526173,0.0015205738483698994,0.002547020439109149
GBR,1901-09-14,145.14609166564,17.22603,359.4445,403806.6841073935,-0.023539078533506896,-0.09396835647388657
GBR,1902-09-27,152.67973518928,17.29685,371.59418683767143,410877.6202572221,0.02514169637783037,0.0028986191384545723
GBR,1903-09-26,163.24246749148,17.44102,378.2876,431530.0514515411,0.037887765591411826,0.01678204676938755
GBR,1904-10-09,166.21224623224,17.33275,382.82334,434174.79778594483,0.0359324950606581,0.026645442307732248
GBR,1905-10-22,167.47409247971999,17.61221,392.47335,426714.55903877295,-0.004508287024892477,-0.01340224201989948
GBR,1906-10-14,169.243230494,17.70346,399.61711,423513.47392007307,0.017971747240670854,0.0011322339479111765
GBR,1907-10-20,178.12153534395998,17.97986,406.75104,437912.9192735684,0.025863536810875498,0.011260307630461375
GBR,1908-11-02,183.3809255382,18.29672,433.04799,423465.5968226523,0.01926153469001668,-0.04307392815902922
GBR,1909-11-01,187.32003192188,18.28662,416.06354834193706,450219.7625059266,0.022153986888931332,0.02400777166274204
GBR,1910-11-14,190.88886670724,18.18707,425.78515,448322.03919568355,0.03147682430691967,0.019069345995406994
GBR,1911-11-27,185.74764718848,18.50489,425.78515,436247.3589989693,-0.013610998081213244,-0.01459182893707256
GBR,1912-11-19,189.06589543036,18.80146,437.01068,432634.4963248038,0.011520989333689391,-0.014155671476684506
GBR,1913-11-25,192.24905720956,18.41483,460.05593019941574,417881.9238917924,0.00919067623604275,-0.03802981723678678
GBR,1914-12-08,205.348187304,18.74478,462.53327,443964.14403660083,0.07663485114550461,0.06103348362004746
GBR,1915-12-07,215.49696395656,17.09927,468.45855,460012.87404522765,0.07424317519474166,0.05546509738850203
GBR,1916-12-20,235.23204151564,16.79113,580.22847,405412.7876828243,0.06357498815738838,-0.09605586781469155
GBR,1918-01-02,211.28996775796,18.79487,577.5440046222308,365842.1974203748,-0.01983253409713026,-0.030404843108551516
GBR,1918-12-25,232.79828949935998,16.94788,527.62086,441222.67929164134,0.05403723673386929,0.037953189730513426
GBR,1919-12-31,242.78588357296,17.36587,597.48046,406349.49563532165,0.026428296801368045,-0.09237053727631106
GBR,1921-01-13,240.98212860488002,17.41502,611.56344,394042.7318625848,-0.007046665153466414,-0.022282923879565653
GBR,1922-01-12,261.28102937508,17.45518,620.82222,420862.8830570529,0.05586837590717564,0.044088995467311376
GBR,1923-01-25,251.4726878508,17.2959,630.16516,399058.3799504244,-0.020035958751871807,-0.026888946233007527
GBR,1924-02-07,218.24996654708002,18.36007,516.33772,422688.4035260488,-0.03820848738092997,0.08185460269712208
GBR,1925-01-30,211.44104145632,18.29469,598.5437,353259.15460528614,-0.011765519245565348,-0.03823438859444861
MGL,1892-07-22,0.39349068564,7.50152,11.08681,35491.78579230635,0,0
MGL,1893-07-28,0.40620130148,8.24796,11.17186,36359.32615338896,0.01743354994019386,0.011898554520708648
MGL,1894-08-03,0.31011855108,8.71901,11.29452,27457.435205745795,-0.20408912140504698,-0.2106209749936303
MGL,1895-08-09,0.3741402964,8.79778,11.43012,32732.840635093944,0.08755435437835879,0.07761961099824322
MGL,1896-08-15,0.40752753911999995,8.19471,11.546409999999998,35294.74002049122,0.03652058211359255,0.02876031976965998
MGL,1897-08-21,0.36282871768,8.76389,11.64883,31147.224028507582,-0.08322674874744906,-0.08899910046905979
MGL,1898-08-27,0.33542179788000004,7.82504,11.75078,28544.641111483663,-0.05187427058274119,-0.058046766377833015
MGL,1899-09-02,0.3196059412,7.91043,11.83787,26998.602045807227,-0.037195038399803426,-0.042373990949521545
MGL,1900-09-08,0.35480632355999997,7.65506,11.92055,29764.257820318693,0.1345139347574258,0.1283864391582754
MGL,1901-09-14,0.31571379112000003,7.90501,12.00143,26306.34775355937,-0.12098936882014921,-0.12549062545894885
MGL,1902-09-20,0.31491697743999997,8.30288,12.10811,26008.764162202027,-0.006649031122956561,-0.013212020538238889
MGL,1903-09-26,0.313308554,8.30101,12.22405,25630.50331109575,-0.010916196316876792,-0.018170266347855124
MGL,1904-10-02,0.41753160124,7.83033,12.33225,33856.887529850595,0.31201384315199676,0.30335239267736
MGL,1905-10-08,0.42649117732,7.47375,12.427130000000002,34319.362340299005,-0.014730347208277927,-0.02049473248975986
MGL,1906-10-14,0.36862805511999996,8.61858,12.54787,29377.73941872206,-0.14279082206477667,-0.14928548945906972
MGL,1907-10-20,0.36340846048000003,8.30226,12.68894,28639.78082329966,0.0047719363325609,-0.0036710159519413033
MGL,1908-10-26,0.36422127404,9.35632,12.86492,28311.196186218025,0.01628896182686601,0.005602857051447696
MGL,1909-11-01,0.3658805384,9.371,13.04874,28039.53013087854,0.003724051758151381,-0.007140245721292238
MGL,1910-11-07,0.37238308276000004,9.3833,13.24625,28112.339927149194,0.049758040457095865,0.03822431377656299
MGL,1911-11-13,0.44519476195999996,8.42741,13.43027,33148.608476225716,0.11358574379926778,0.10149369321414459
MGL,1912-11-19,0.4412458258,8.51377,13.56374,32531.28014839565,-0.01675759927332454,-0.023823293505826237
MGL,1913-11-25,0.37468389556,10.28199,13.80671,27137.811655347286,-0.09022314443576673,-0.10243911976213105
MGL,1914-12-01,0.37881145276,10.29296,14.05355,26954.858577370134,0.008639568918701102,-0.005035168789392808
MGL,1915-12-07,0.38157560428000004,10.30863,14.30975,26665.42771746537,-0.000576036902725785,-0.01410934984896084
MGL,1916-12-13,0.86753207788,9.40675,37.02217,23432.77225186962,0.1732668751501727,-0.14350129714836468
MGL,1917-12-19,1.00965318272,8.39293,37.46989,26945.720489705203,0.03609297157906921,0.026452465671423564
MGL,1918-12-25,0.9959018898399999,9.22553,37.81834,26333.83405617486,-0.017503401224727377,-0.024125367064506076
MGL,1919-12-31,1.12658632892,7.43578,38.10421,29565.9279885346,0.053155372121881816,0.047814368620739955
MGL,1921-01-06,1.06170243556,9.15962,38.53172,27553.985017019742,-0.02057002694684651,-0.029352161828377188
MGL,1922-01-12,1.04374188516,8.87501,39.0117,26754.586064180745,-0.027782678270102168,-0.03672017147541595
MGL,1923-01-18,1.22141456372,8.48828,39.41438,30989.05941740045,0.17125636070140926,0.16237575031939144
MGL,1924-01-24,1.2256767447599999,7.94389,39.75181,30833.231109728084,-0.012754123025522479,-0.019230117466218943
MGL,1925-01-30,1.12411151892,8.61353,40.11131,28024.801955358722,-0.09349316718804279,-0.09933867580269429
MGL,1926-02-05,1.1087493378000002,8.93176,40.56226,27334.50596194591,0.003015683350357623,-0.005719061853051932
MGL,1927-02-11,1.48370291628,7.16343,40.88825,36286.77960734441,0.13394894605955554,0.12726772265261066
MGL,1928-02-17,1.51462838332,8.06098,41.15054,36807.01111868763,0.015861149054556156,0.01100231779027383
RYU,1837-01-13,0.09607667576,6.83331,1.94197,49473.82079022848,0,0
RYU,1838-01-19,0.10876047831999999,6.90363,1.94389,55949.9139971912,-0.02056051239628176,-0.021173731127079876
RYU,1839-01-25,0.13005727332,6.92183,1.94528,66857.86792646817,0.18205487546959076,0.1814096476860645
RYU,1840-01-31,0.13915713812,6.94857,1.9467000000000003,71483.60719165766,0.07353163209508606,0.07303829090763436
RYU,1841-02-06,0.14092278460000002,6.96133,1.94724,72370.52679690228,0.03135401747555622,0.031027178544388523
RYU,1842-02-12,0.14510590952,6.96435,1.94874,74461.40045362644,0.03213472615824031,0.03161101836751912
RYU,1843-02-18,0.15178673172,6.24746,1.94905,77877.28981811652,0.03475630932390161,0.03452927386939986
RYU,1844-02-24,0.15039477908,6.26852,1.9443300000000001,77350.43900983887,0.0018103776576903208,0.0037534766424471844
RYU,1845-03-02,0.14656817864,6.69252,1.94101,75511.29496499246,-0.025864807821349145,-0.024536960459864865
RYU,1846-03-08,0.14743404988,6.72031,1.9387299999999998,76046.71608733553,0.006976390443798275,0.007823882247518732
RYU,1847-03-14,0.16079816636,6.54541,1.93586,83062.91072701539,0.06302150951876406,0.06419298007899576
RYU,1848-03-20,0.18152844788,6.53985,1.93162,93977.30810407845,0.07363295809229231,0.07554183926951707
RYU,1849-03-26,0.17097211716,6.61821,1.92675,88736.0151342935,-0.07440480923203086,-0.07277264596018285
RYU,1850-04-01,0.19612582808,7.0145,1.92691,101782.5576077762,0.1239814472612284,0.12399997252208927
RYU,1851-04-07,0.2555106554,7.3571,1.9310700000000003,132315.58431335993,0.19141557592595526,0.18950347386375865
RYU,1852-04-13,0.21691432776,7.33811,1.92587,112631.86391604833,-0.14204848784216006,-0.14017542211258394
RYU,1853-04-19,0.23760497852,7.24844,1.92407,123490.81817189604,0.20603766188321382,0.20688455688007878
RYU,1854-04-25,0.187042284,7.1274,1.92254,97289.15081090642,-0.17083080060102762,-0.17028010401170135
RYU,1855-05-01,0.26572471224000005,7.22274,1.9245500000000002,138071.08791145982,0.3432700306890726,0.34226443843509546
RYU,1856-05-07,0.31351753212,7.20919,1.9282,162595.9610621305,0.15540487929288704,0.15366763771733605
RYU,1857-05-13,0.2935005788,7.14452,1.92327,152604.97943606463,-0.05018382331453597,-0.048061851765927144
RYU,1858-05-19,0.24031225816,6.89904,1.92054,125127.44236516813,-0.10985678347382055,-0.10881115329466262
RYU,1859-05-25,0.22414127007999998,7.24376,1.92414,116489.06528630972,-0.0785566103211709,-0.079774619926955
RYU,1860-05-31,0.12140946168,6.99314,1.92895,62940.69917830944,-0.28125148015863044,-0.2826798824093696
RYU,1861-06-06,0.23768038216,6.26531,1.92675,123358.1845906319,1.1377798727780752,1.1371916855725979
RYU,1862-06-12,0.19824832508,5.90177,1.90447,104096.32342856543,0.0006035186089417,0.009736266784476033
RYU,1863-06-18,0.12966861388,5.51419,1.9011800000000003,68204.28043636057,-0.34041137102468033,-0.3396945263844966
RYU,1864-06-24,0.12750143848,4.96561,1.8974400000000002,67196.55877392697,-0.09260226027066187,-0.09114159288068424
RYU,1865-06-30,0.10220951676,4.86549,1.89047,54065.66449613059,-0.14242947447613474,-0.1402437841715074
RYU,1866-07-06,0.2478433074,6.13034,1.8860899999999998,131405.87532938513,0.9100356223162089,0.9130800610999494
RYU,1867-07-12,0.26485495868,6.31236,1.88124,140787.43737109564,0.15420354219711419,0.1564674541072757
RYU,1868-07-18,0.26976200679999995,6.28364,1.87754,143678.43390819902,0.05856268553877064,0.05963036359400031
RYU,1869-07-24,0.27189190652,6.1978,1.8511999999999997,146873.3289325843,-0.23543131698858322,-0.22620170696428
RYU,1870-07-30,0.23357007856,6.39942,1.83481,127299.32721099186,-0.11707873271595659,-0.11093395609092038
RYU,1871-08-05,0.26397157436,6.53455,1.8306400000000003,144196.3326268409,0.17852659942089377,0.18013332928728842
RYU,1872-08-11,0.264826341,6.62277,1.82877,144811.1796453354,-0.036245542504849126,-0.035386690233131346
RYU,1873-08-17,0.24489946468,6.70635,1.8236400000000001,134291.5623039635,-0.11626550995521856,-0.11462560293510671
RYU,1874-08-23,0.3126648798,7.39482,1.8265799999999999,171175.02644286043,0.2691002835676126,0.26741256478780695
RYU,1875-08-29,0.32364188064,7.92111,1.82756,177089.60616340913,-0.021815697327405847,-0.021534516987016583
RYU,1876-09-04,0.30114283315999996,7.11584,1.82881,164666.00311678083,-0.12195494741213553,-0.12265082737516075
RYU,1877-09-10,0.39778262472000003,8.1668,1.83992,216195.60889603896,0.29459218493486383,0.2879131500171215
RYU,1878-09-16,0.40869052848,8.90943,1.84984,220932.90688924448,-0.04070515077616321,-0.044499479409873866
RYU,1879-09-22,0.3446599052,7.88069,1.8590000000000002,185400.70209790207,-0.11165619230536705,-0.11491071852569501
RYU,1880-09-28,0.317372224,6.85122,1.8580499999999998,170809.30222545142,-0.13656734712732732,-0.13598955714973204
RYU,1881-10-04,0.32256904628,6.90173,1.85595,173802.65970527224,-0.015789396580429882,-0.01493744948829312
RYU,1882-10-10,0.3428489558,7.71734,1.8538800000000002,184935.89434051825,0.048762045612920746,0.04967933568999294
RYU,1883-10-16,0.34111859860000004,7.79621,1.8578000000000001,183614.27419528476,-0.08237988147129527,-0.08378110717617449
RYU,1884-10-22,0.42133794248,7.92292,1.86322,226134.2957246058,0.1652841470302331,0.16274629597409396
RYU,1885-10-28,0.40236477111999996,7.75606,1.86636,215587.9739814398,-0.05781207516759468,-0.059145822247762325
RYU,1886-11-03,0.4151601324,8.20191,1.86846,222193.74907677982,0.08900720282792207,0.08810757896316201
RYU,1887-11-09,0.41783478671999996,8.90017,1.87247,223146.31834955965,0.011806688392116627,0.010357023802351373
RYU,1888-11-15,0.46314341268000003,10.95618,1.88784,245329.80161454363,0.1438219678192083,0.13681695610908529
RYU,1889-11-21,0.52906086584,10.445,1.9005899999999998,278366.6471148433,0.05740876044311616,0.052219396618346625
RYU,1890-11-27,0.48056590452,10.05719,1.91526,250914.18633501456,-0.1128828262182745,-0.11788748451262909
RYU,1891-12-03,0.45681330136,10.38465,1.93094,236575.60636788298,-0.06621867209888921,-0.07214538266887871
RYU,1892-12-09,0.5294301584,8.90936,1.9451099999999997,272185.20207083406,0.08035395763627373,0.07455860158029615
RYU,1893-12-15,0.4687400068,9.09143,1.9560399999999998,239637.2297090039,-0.08760040053360907,-0.09203680558906269
RYU,1894-12-21,0.5074670094,8.13704,1.96009,258899.851231321,0.010600841492102608,0.008847094572700387
RYU,1895-12-27,0.52014574404,8.24728,1.9665999999999997,264489.85255771386,0.03435577827610059,0.03176117659387501
RYU,1897-01-02,0.5279222468,8.49988,1.9735199999999997,267502.8612833921,0.009313525578975579,0.00659295119848502
RYU,1898-01-08,0.5186975523599999,8.50283,1.98097,261840.1855454651,-0.02489537147626475,-0.02766271998496972
RYU,1899-01-14,0.5567192945599999,8.5256,1.9880500000000003,280032.8435200321,0.0737940873156333,0.07087345013938773
RYU,1900-01-20,0.59264542272,8.15902,1.9846300000000001,298617.5875200919,0.07813503242555342,0.07984151885884216
RYU,1901-01-26,0.55612985792,8.33557,1.9834400000000003,280386.5294236276,-0.07040302105062812,-0.06997138404187864
RYU,1902-02-01,0.580861671,9.75787,1.98713,292311.86233412003,0.05344740987522312,0.051843525226849874
RYU,1903-02-07,0.5657646867599999,10.44491,1.9942299999999997,283700.8202464109,0.0019694418735720642,-0.000570508960674343
RYU,1904-02-13,0.6343176398,10.71857,2.00537,316309.52881513134,0.1156690592395524,0.11099091377963743
RYU,1905-02-19,0.67550709408,11.71015,2.01707,334895.2163682966,0.07136009275989164,0.06649000624051449
RYU,1906-02-25,0.54498395692,11.45984,2.02895,268603.9364794598,-0.19776815455895358,-0.20129231544300952
RYU,1907-03-03,0.6120823550400001,11.41079,2.04411,299437.0924461013,0.042227988602324684,0.036264133270403454
RYU,1908-03-09,0.69934102576,11.82173,2.05775,339857.1380196817,0.10124147798140015,0.09584074978152768
RYU,1909-03-15,0.6600013966,13.7141,2.08017,317282.4320127682,-0.03864025700904905,-0.04650783508325029
RYU,1910-03-21,0.70572155212,13.87971,2.1065,335020.91247092333,0.08636215796800495,0.076140970154853
RYU,1911-03-27,0.72587268468,14.46518,2.1316,340529.50116344524,-0.0464800522532417,-0.054968477390902826
RYU,1912-04-02,0.7680386558,15.2053,2.15754,355978.8721414203,0.00949317519095838,0.00032587660989125133
RYU,1913-04-08,0.74882883972,15.33185,2.18956,341999.68930744077,-0.018565879395609497,-0.02936781944248379
RYU,1914-04-14,0.7884760364,15.64146,2.22178,354884.8384628541,0.03171651593088898,0.02032362683468869
RYU,1915-04-20,0.7534777546400001,15.96047,2.25436,334231.33600667154,-0.06935235037443799,-0.07958052503700297
RYU,1916-04-26,0.8062396123600001,15.89388,2.28678,352565.4467679445,0.07364898428901889,0.062230097101245274
RYU,1917-05-02,0.80223366704,15.92677,2.31881,345967.83136177604,-0.010046012024940043,-0.020429904299436474
RYU,1918-05-08,0.7853124422000001,16.1127,2.35059,334091.62899527355,-0.028726396559448863,-0.03859440199324016
RYU,1919-05-14,0.80669109456,16.15485,2.38373,338415.4642346239,0.011790280971026634,0.0012677266650256147
RYU,1920-05-20,0.7167885228399999,15.12707,2.41575,296714.6943350926,-0.07024478597298844,-0.07973229766114065
RYU,1921-05-26,0.73996729976,15.15831,2.4472600000000004,302365.62513178,0.03425146723159034,0.024222677260084646
RYU,1922-06-01,0.74575847008,15.9772,2.4806300000000006,300632.69011501106,0.0259473092203939,0.015700948249028013
RYU,1923-06-07,0.75235543136,16.12214,2.51276,299413.96367341094,-0.04741585764454748,-0.0567115437354796
RYU,1924-06-13,0.81701864244,16.05724,2.54627,320868.81691258197,0.11900612836379221,0.1080185908478779
RYU,1925-06-19,0.80236889928,16.15245,2.5791099999999996,311103.0158775702,0.02857615678247405,0.01860394710504587
RYU,1926-06-25,0.9270418664000001,16.76989,2.60646,355670.8587125833,0.165887321479689,0.1566900871355803
RYU,1927-07-01,0.92239574492,16.56463,2.63784,349678.42815333756,-0.06518964196089028,-0.07313673015634758
RYU,1928-06-09,1.02597193036,17.03475,2.67014,384239.00258413417,0.15583940295458376,0.1442553331001768
SEL,1923-10-18,0.0471410602,6.66895,1.33408,35336.00698608779,6.229909692048354,1.424429185480241
SEL,1924-10-24,0.05096503308,5.55022,1.32865,38358.50907311933,0.09690054444127116,0.10067747493500834
SEL,1925-10-30,0.04924978916,5.23195,1.32332,37216.84034096061,-0.02897000804812666,-0.025523724859937702
SEL,1926-11-05,0.05182193796,6.88889,1.32636,39070.79372116168,0.17107281437964295,-0.14719812357344975
SEL,1927-11-11,0.049316085,6.31456,1.3328200000000001,37001.30925406281,-0.026426490359485078,-0.029872483938549466
BRZ,1837-01-13,5.72209961024,8.26382,46.36134,123423.94784620118,0,0
BRZ,1838-01-19,5.400902428999999,8.96876,47.13734,114578.00607755972,-0.07219120920843802,-0.08448394707655227
BRZ,1839-01-25,5.74200445832,9.14237,47.55746,120738.2492319817,0.03588189403701314,0.030496358382134048
BRZ,1840-01-31,6.32596165448,9.22823,48.51385,130394.96256182513,-0.008261856732962869,-0.02332607165556788
BRZ,1841-02-06,6.50965558464,9.3448,49.6432,131128.8471460341,0.030834527557386027,0.013187540949016086
BRZ,1842-02-12,6.44497608716,9.35598,50.67565,127180.92589162645,-0.02758661899941861,-0.04257907248950554
BRZ,1843-02-18,6.6350916632,9.43805,51.79332,128107.0930228068,0.022651777531753847,0.005884182846566777
BRZ,1844-02-24,6.68321359576,9.05456,52.92464,126277.92264170338,0.03276319182915555,0.015937351451905002
BRZ,1845-03-02,6.75512678048,9.26077,54.03502,125013.8665717159,-0.008744867720793081,-0.02406243528575691
BRZ,1846-03-08,7.10929228984,9.29181,55.12331,128970.70748908221,0.00014450113053054991,-0.01459371673876253
BRZ,1847-03-14,7.0166577842399995,9.35815,56.25823,124722.33456758238,-0.005113582062203581,-0.020034112987522223
BRZ,1848-03-20,6.89855147696,9.0777,57.14642,120717.12413411023,-0.005600687440564189,-0.017321761801471047
BRZ,1849-03-26,6.58061621048,9.18882,57.83281,113786.9007312631,0.0029918754863003105,-0.006072852472450374
BRZ,1850-04-01,6.83207433064,9.37332,58.53331,116721.1341822289,0.04831942711369486,0.03891741075807298
BRZ,1851-04-07,6.68609287164,9.34539,59.24701,112851.14424576024,-0.0469492253986703,-0.05562260536783148
BRZ,1852-04-13,7.4336088944,9.55362,60.07617,123736.39821579837,0.046804981615637065,0.035939645432262024
BRZ,1853-04-19,7.67374524488,9.66766,60.92543,125953.07484707126,0.05814148747744885,0.04693528511695333
BRZ,1854-04-25,8.05517026548,9.57254,61.77671,130391.70045604564,0.04752902708073514,0.036613754245930163
BRZ,1855-05-01,8.70273724268,9.82142,62.65584,138897.46339176045,0.04731856513906241,0.03623587467770584
BRZ,1856-05-07,9.15351561644,9.87502,63.567130000000006,143997.6229293347,0.05469002674201029,0.04323815686524002
BRZ,1857-05-13,9.173435061960001,9.77174,64.42195,142396.10974147788,0.014115784354751026,0.003969467367875845
BRZ,1858-05-19,9.52716078548,9.80399,65.3151,145864.5977037469,0.03309269987740526,0.02247239865543693
BRZ,1859-05-25,10.082754891559999,9.92453,66.24601,152201.693227411,0.012114007776452107,0.0012762064800801998
BRZ,1860-05-31,10.351218877480001,9.92303,67.19454,154048.51164216615,0.024295607511251704,0.013405574296634803
BRZ,1861-06-06,10.41816347624,9.94106,68.15472,152860.4838555569,0.011786621327029678,0.0010153034896622781
BRZ,1862-06-12,10.23401660736,9.86826,69.10556,148092.521171379,-0.03835942249783342,-0.04843492864591936
BRZ,1863-06-18,10.854115584,9.89316,70.05901,154928.1895933157,0.07865846483927896,0.06763006526268023
BRZ,1864-06-24,11.107195594559998,9.93782,71.02469,156384.9922408672,-0.009352928226438406,-0.01954878275388361
BRZ,1865-06-30,11.378813884360001,9.91963,72.01046,158016.12549565718,0.018717194216730126,0.00820182392787272
BRZ,1866-07-06,11.2270470104,9.88242,73.00376,153787.24342965346,0.04716334591916538,0.036362873026468456
BRZ,1867-07-12,11.238514039999998,10.17306,74.04096,151787.79475576762,0.017219486070096712,0.006436923237842729
BRZ,1868-07-18,11.10442314488,10.13226,75.09919,147863.42096206365,-0.0064843564780528995,-0.01701862060861059
BRZ,1869-07-24,12.08113086336,10.1318,76.16047,158627.31497534088,0.04261352101596194,0.03163834613434924
BRZ,1870-07-30,12.672547984200001,10.15146,77.08939,164387.70606694385,0.022832252438160117,0.013695106961210568
BRZ,1871-08-05,12.207390674960001,10.21151,78.0432,156418.37693687598,0.00842485527450143,-0.0009279279927587591
BRZ,1872-08-11,12.48261097356,10.27048,79.13838,157731.44425700905,0.006663414481718366,-0.003852891572908801
BRZ,1873-08-17,13.356175414920001,10.20426,80.23239,166468.6221477386,0.04966566087459179,0.03879668888740628
BRZ,1874-08-23,13.33035861196,10.16653,81.32048,163923.75711456695,0.02590101476639939,0.015584492639026282
BRZ,1875-08-29,13.341845214880001,10.26211,82.41679,161882.61172122817,0.003190637515911865,-0.006925953907701454
BRZ,1876-09-04,13.4102637864,10.35439,83.56906,160469.24288008027,0.006066510518971446,-0.004394897966650824
BRZ,1877-09-10,13.64617152912,10.41029,84.7396,161036.53462041361,0.007873929136618774,-0.0026091938763336264
BRZ,1878-09-16,14.175988756279999,10.33491,85.90522,165018.9447891525,0.02308309637299155,0.012623179217807756
BRZ,1879-09-22,14.477548481760001,10.35579,87.11026,166197.9711891573,0.011656841510907512,0.0011821047040549981
BRZ,1880-09-28,15.03325199948,10.42802,88.29209,170267.25723085724,0.009102226942658609,-0.0010863257762541156
BRZ,1881-10-04,14.704240560359999,10.57551,89.48682,164317.38841943428,0.01002436961730746,-0.00016401678417732324
BRZ,1882-10-10,15.915786239080001,10.67547,90.75831,175364.50644662732,0.06783422027870523,0.05652270585390795
BRZ,1883-10-16,16.127002463,10.70495,92.5128,174321.85019802666,0.0032750639944763016,-0.011594170455936692
BRZ,1884-10-22,16.66180101924,10.75058,94.71946,175906.84131053957,-0.00044318092963080424,-0.018081748524317542
BRZ,1885-10-28,17.47386982536,10.66843,96.92419,180283.8881125548,0.04365759570477734,0.025394304520376387
BRZ,1886-11-03,17.5020668186,10.69316,99.02182,176749.59739782603,0.007072552022705292,-0.009174740387876135
BRZ,1887-11-09,17.98444103664,10.59452,100.86557,178301.08962493346,0.03390988598707656,0.019852643881807186
BRZ,1888-11-15,18.591825726240003,10.60802,102.70345,181024.35435460057,0.030225962911699655,0.016026968412657272
BRZ,1889-11-21,19.1619099126,10.5875,104.66295,183082.07357617954,0.029983716264130544,0.015149659597603282
BRZ,1890-11-27,17.9472484022,10.62142,104.19818,172241.4767916292,0.010959642414672066,0.015736244164769486
BRZ,1891-12-03,18.50852964844,10.64954,106.18503,174304.51023501146,0.030081256845648774,0.014713217581267646
BRZ,1892-12-09,18.618614910999998,10.60381,108.33244,171865.55486980628,0.028756678646390643,0.013206864618281022
BRZ,1893-12-15,19.62678774576,10.70535,110.4652,177673.94388241728,0.0068852874128864094,-0.007704813381132047
BRZ,1894-12-21,19.9809468222,10.72538,112.4071,177755.2024934368,0.016491555619664977,0.0033721733971858736
BRZ,1895-12-27,20.56672782008,10.74533,113.85278,180643.1763904228,0.041214696738662626,0.03065026860841824
BRZ,1897-01-02,20.14212070572,10.91819,114.85631,175367.99419831616,0.012037107906722744,0.005642466584864669
BRZ,1898-01-08,19.92585433176,10.96873,116.06715,171675.22707122558,0.012766554415723386,0.005436842691303623
BRZ,1899-01-14,20.61934151992,10.97325,117.56982,175379.5448519016,0.03274441654704163,0.02273522922306226
BRZ,1900-01-20,20.30301576576,10.99374,119.14608,170404.39572800047,-0.033310396992393576,-0.04294916762084933
BRZ,1901-01-26,20.548745547200003,10.94032,120.59229999999998,170398.48769117103,0.0161854814750777,0.00638556893028186
BRZ,1902-02-01,20.77400293176,11.12012,120.89060999999998,171841.32772396467,0.055920103275667765,0.055049552081036346
BRZ,1903-02-07,21.738382639479997,11.13949,121.95681999999998,178246.5518490889,0.03848138036148052,0.029906877080996486
BRZ,1904-02-13,21.83436467004,11.15272,122.90033,177659.1215828306,-0.004931355147507199,-0.01036549599220149
BRZ,1905-02-19,20.47668138152,11.6166,124.40834000000001,164592.51350448048,-0.051691836494430654,-0.12449309299380584
BRZ,1906-02-25,22.92942286544,11.6024,126.06104,181891.43025823045,0.08286828916889188,0.07209420575002357
BRZ,1907-03-03,25.02355402456,11.68558,127.29196,196583.9321239142,0.10785481107811834,0.10001368720250925
BRZ,1908-03-09,26.059436271960003,11.61468,128.76726,202376.25831255555,0.03552513636532306,0.026418169879918185
BRZ,1909-03-15,27.65082620664,11.77937,130.43943,211982.11466149465,0.0202281558518278,0.010342710339379835
BRZ,1910-03-21,29.10763011624,11.77434,132.12372,220305.86268869814,0.06332304607853145,0.05303801806765507
BRZ,1911-03-27,30.25578376548,11.79047,133.73315,226239.96941281948,0.016477099691317276,0.0074066257759324294
BRZ,1912-04-02,31.26135055784,11.46598,135.61547,230514.63492948117,0.026517828212567318,0.015501282126757054
BRZ,1913-04-08,32.04486140544,11.36366,137.25053,233477.14143938097,0.051710207834384514,0.042326984903400255
BRZ,1914-04-14,35.5733410292,11.52683,138.82669,256242.80913994275,0.05148817850018084,0.04255199379773078
BRZ,1915-04-20,38.428704526160004,11.628,141.32641,271914.53123418335,0.056993784568543315,0.04129272084834623
BRZ,1916-04-26,38.62355150264,11.53091,143.016,270064.54874028085,0.03094852756493771,0.021697343745098463
BRZ,1917-05-02,39.278434663000006,11.53212,144.68344,271478.4405388758,0.030382376872263528,0.021469608416163855
BRZ,1918-05-08,42.63244425908,11.73659,145.51635,292973.56798105506,0.0669380618766624,0.0632836783684374
BRZ,1919-05-14,44.0461557822,11.89762,147.13466000000003,299359.48322577425,0.04473111210817171,0.03607948392857474
BRZ,1920-05-20,45.126272546680006,12.01774,148.895,303074.465540683,0.046330122371240456,0.036985429192400554
BRZ,1921-05-26,45.818080837880004,12.137,150.6674,304100.826309341,0.016708106058953565,0.007637087276938459
BRZ,1922-06-01,46.22107389796,12.40395,152.55012,302989.42995233304,0.0028057782476007542,-0.006560089929468438
BRZ,1923-06-07,45.251596005719996,12.02414,154.5141,292863.86165223754,-0.02503429269284896,-0.03435821390783711
BRZ,1924-06-13,44.782353169320004,11.91232,156.42342,286289.31121260487,-0.00474728445942163,-0.013989842078800385
BRZ,1925-06-19,47.36040229648,11.91427,158.35642,299074.72205092787,0.08664997028688037,0.07671849638037642
BRZ,1926-06-25,50.64936795568,11.67907,160.27852,316008.45799973694,0.06939890519817715,0.05964675226177363
BRZ,1927-07-01,51.1532859786,11.5357,162.1127,315541.50895395613,-0.015861139391196044,-0.02430377760283553
BRZ,1928-06-16,54.62340744692,11.55219,163.87624,333321.093081706,0.036422413218900385,0.027498791785528498
TRN,1897-12-25,0.8861320806,7.86069,16.57709,53455.22528984279,-0.019730408162624058,-0.019807695995844865
TRN,1899-01-07,0.9319031072,7.81919,16.57709,56216.32670148983,0.044902716715036206,0.04446685367868097
TRN,1900-01-06,0.90181760916,7.74725,16.57709,54401.44254268995,0.006001944861738551,-0.0003991416393838154
TRN,1901-01-19,0.9156298398,7.60465,16.57709,55234.65456241114,0.015284223140685116,0.017306831663661315
TRN,1902-02-01,0.96268557008,7.79213,16.57709,58073.25471961605,0.015412540047923029,0.015428328095815846
TRN,1903-01-24,1.02501015448,7.27401,16.57709,61832.93656968745,0.06810651506158316,0.07110074114908627
TRN,1904-01-30,2.64251278928,10.72696,16.57709,159407.5190084629,1.2629891980462444,1.2055183741471565
TRN,1905-02-12,3.03317835184,11.2954,16.57709,182974.11378233455,0.17579725921304834,0.1953009230511764
TRN,1906-02-11,3.3811699714000003,11.29583,16.57709,203966.43629249767,0.04885703807319941,0.004747017579472157
TRN,1907-02-24,5.51246015788,12.09452,17.038602125923266,323527.7235268675,0.3672690379078829,0.36435150939954597
TRN,1908-03-09,6.55797930476,12.25855,16.57709,395604.9767938764,0.1398216138257382,0.13525846042294165
TRN,1909-03-01,5.80108365148,12.09427,16.57709,349945.8379896592,-0.09294468136893441,-0.08918131655913075
TRN,1910-03-07,6.11071914492,12.3773,16.57709,368624.3571652202,0.00656487536679462,0.0016760677473626195
TRN,1911-03-20,7.00949194504,12.97151,16.245584879577006,431470.58089930145,0.1468095233600728,0.15093432252991223
TRN,1912-03-19,7.834247552040001,13.42457,16.57709,472594.86146482895,0.09313274356585866,0.0962621747401835
TRN,1913-04-01,7.8659284028,13.97456,16.57709,474505.98402976646,-0.02248990789771177,-0.02607626849807876
TRN,1914-04-14,9.09326649764,14.50261,16.57709,548544.1954914887,0.1262484935033188,0.12028437659279345
TRN,1915-04-06,9.24169490816,14.9055,16.57709,557498.0233659828,0.037597986624123614,0.02772026756442658
HON,1870-05-14,0.42025569663999995,11.27684,6.47446,64909.76801771885,-0.02258634170962681,-0.022282850821151445
HON,1871-05-27,0.43826863235999997,11.34704,6.47446,67691.9206173179,0.043041553703198954,0.04262286861823705
HON,1872-05-26,0.42677052912,11.16167,6.4744600000000005,65916.00366980412,-0.023046197058287143,-0.021554373236859714
HON,1873-06-08,0.4302182846,10.17495,6.47446,66448.51996923296,0.0016479868824299526,0.0004762914109011085
HON,1874-06-21,0.43091770020000003,10.18062,6.47446,66556.5468317049,0.008264748960446155,0.008304870474372894
HON,1875-06-13,0.6396563295200001,9.63078,6.47446,98796.86174908797,0.42782949440521034,0.42384248191801066
HON,1876-06-19,0.48275545136000003,10.58934,6.47446,74563.04485007245,-0.2545027398952475,-0.2539187518612126
HON,1877-07-02,0.48957792155999996,10.66013,6.477504543260247,75581.25483206322,-0.086886919565485,-0.07507254907825023
HON,1878-07-01,0.48874548684,10.56906,6.47446,75488.22401250452,-0.006280936105846124,-0.005605976000580659
HON,1879-07-14,0.48740470636,10.54921,6.477475113018561,75246.09479091693,-0.0037793167614150747,-0.003739962957365228
HON,1880-07-27,0.49017775300000005,10.547,6.4744600000000005,75709.44186851104,0.008214725154257474,0.006886193914272365
HON,1881-07-19,0.49187608652000003,9.57816,6.47446,75971.75463590787,0.005417325791003735,0.006135795691963208
HON,1882-07-25,0.48376577288,9.33261,6.47446,74719.09207563256,-0.01616432669542056,-0.016624451137772556
HON,1883-08-07,0.48276037835999996,9.46428,6.364926793190165,75846.96478779698,0.011985702020781419,0.014881611736613065
HON,1884-08-06,0.52596049584,9.57337,6.47446,81236.19511743065,0.04696463588671729,0.046928624969337696
HON,1885-08-19,0.5348978362,9.55563,6.47446,82616.59446502103,-0.012679895963047416,-0.008614156495192038
HON,1886-09-01,0.52400765872,9.42294,6.47446,80934.57349647694,-0.019304412970087337,-0.019790358181909995
HON,1887-08-24,0.53313842036,9.50945,6.47446,82344.84734788693,0.011714995189391564,0.011049551742712271
HON,1888-08-30,0.5424877224,9.56519,6.47446,83788.87542744877,-0.01294305897512682,-0.011046179158369696
HON,1889-09-12,0.5473124971600001,10.71477,6.47446,84534.07653456814,0.008667571530366347,0.008638181248918686
HON,1890-09-11,0.53744030548,10.68461,6.476524488859,82982.82611368361,-0.0092912750990789,-0.008400727115811746
HON,1891-09-24,0.52912275676,10.65094,6.47446,81724.61591545859,-0.01418964028093428,-0.013616496784147447
HON,1892-10-07,0.53641678324,10.67252,6.47446,82851.20044606038,0.010694259681554907,0.009433487369860716
HON,1893-09-29,0.5742524486399999,10.74085,6.47446,88695.03381594758,0.06463266970005033,0.06668108557849783
HON,1894-10-05,0.58231980144,10.54916,6.5058462122223535,89507.15747722592,-0.005064124575597129,-0.005661303611170232
HON,1895-10-18,0.57846614332,10.33079,6.47446,89345.85174979844,-0.004029054249355846,-0.004670129667783907
HON,1896-10-17,0.5821351562,10.10176,6.47446,89912.54192627648,0.002652142678498448,0.0030721298045626177
HON,1897-10-30,0.59207563584,10.01766,6.47446,91447.87918065755,0.01528904513463325,0.015155846525512828
HON,1898-11-12,0.6337065415199999,10.77911,6.504881779480905,97420.14736055207,0.062405759018349105,0.06394032019108131
HON,1899-11-04,0.63125922444,10.47972,6.47446,97499.90338035914,-0.003335693640048154,-0.0032526160141618243
HON,1900-11-10,0.7272822450399999,9.87229,6.47446,112330.95038659594,0.06664705288264794,0.06052163249378606
HON,1901-11-23,0.664716754,9.97011,6.47446,102667.52038007803,-0.21347390158129675,-0.21266843358592102
HON,1902-11-22,0.71108120096,10.07773,6.47446,109828.6499507295,0.05086241744228004,0.05283324328082606
HON,1903-12-05,0.79221363364,11.03606,6.47446,122359.8004528563,0.07767986223242151,0.07184813677717306
HON,1904-12-18,0.80626040144,10.95056,6.47446,124529.36637804544,0.0024220165476818156,0.002916798372311513
HON,1905-12-10,0.77833934516,9.25722,6.47446,120216.8744821962,0.008474290358477576,0.010031513440305506
HON,1906-12-16,0.9020578720400001,9.81427,6.47446,139325.57650213302,0.03568788206326268,0.04329599111833016
HON,1907-12-29,0.93199717988,9.66602,6.47446,143949.79347775722,0.035004723735587495,0.03262704323170529
HON,1908-12-28,0.8479193424,9.51722,6.47446,130963.71626359574,-0.011656964159399985,-0.023005894980857478
HON,1910-01-10,0.947336377,9.71247,6.37603552231365,148577.650435712,0.04802879195667176,0.03369811537636047
HON,1911-01-23,0.9530373278400001,9.7826,6.47446,147199.5081968226,0.017282423232816813,0.01966055917218945
CHT,1863-06-18,0.1014076362,9.26828,1.33443,75993.22272430925,0,0
CHT,1864-07-01,0.10069903479999999,9.17175,1.33443,75462.20843356338,-0.0028641951183752123,-0.00282326579281289
CHT,1865-07-14,0.09939546552,8.98973,1.3331084419208723,74559.17492862121,-0.013208770587785024,-0.0125466984253646
CHT,1866-07-06,0.10094371872,8.89405,1.33443,75645.57055821587,0.020962737490988648,0.020400003194469107
CHT,1867-07-12,0.10853212395999999,8.74503,1.33443,81332.19723777194,0.03509145212308806,0.03382161635902303
CHT,1868-07-25,0.11822287828,8.71906,1.33443,88594.28990655186,-0.01611504330533764,-0.0026230690075985663
CHT,1869-07-24,0.13224175588,8.07273,1.33443,99099.80731848055,0.00023611994965100358,-0.008799206400668225
CHT,1870-08-06,0.13431708316000002,8.00993,1.33443,100655.02361307824,0.019501417512970187,0.019277987221925086
CHT,1871-08-19,0.13317218408,8.63285,1.33443,99797.05498227708,-0.011497936673799725,-0.010414422380589539
CHT,1872-08-11,0.20459414612,9.43734,1.33443,153319.50429771512,0.34658760236785224,0.3424020857912129
CHT,1873-08-17,0.21364950464,9.08629,1.3344299999999998,160105.44175415722,0.036686250677749443,0.036774007202627246
CHT,1874-08-30,0.2171119912,9.57322,1.33443,162700.17250811207,0.010077789999143771,0.008472314343798582
CHT,1875-08-29,0.23190865308,9.57696,1.33443,173788.54872867066,0.11030860767430473,0.1345293837647905
CHT,1876-09-11,0.22938771387999998,9.56931,1.3610481932430112,168537.53968361023,-0.040385038059939427,-0.04037703743024135
CHT,1877-09-24,0.21573039644,9.62361,1.3344299999999998,161664.82800896265,-0.037107877939636436,-0.027604789260710083
CHT,1878-09-16,0.12259165516,8.50088,1.33443,91868.17979212098,-0.4148287328039083,-0.4176142007867478
CHT,1879-09-22,0.12577284824,9.14525,1.33443,94252.11381638603,0.05126459012395501,0.052055807306800705
CHT,1880-10-05,0.13126346012,8.52212,1.3403771487164524,97930.24317498857,0.00631219505145042,0.014242370643709812
CHT,1881-10-04,0.13291711784,8.49381,1.33443,99605.91251695479,0.008399318746947548,0.03487005369003704
CHT,1882-10-17,0.13045219304,8.49169,1.33443,97758.73821781584,-0.2022088580829392,-0.1941930421635909
CHT,1883-10-30,0.13293340424,7.78145,1.33443,99618.11727853841,0.021805529274980806,0.01598877073653071
CHT,1884-10-22,0.13631699432,7.6753,1.33443,102153.7243017618,0.04353602954120195,0.04384801500877944
CHT,1885-10-28,0.17670711968,7.0418,1.3344300000000002,132421.42313946778,0.23865432846827894,0.23684920167749923
CHT,1886-11-10,0.14839120504,7.00254,1.33443,111201.9401841985,0.056842173387186445,0.057871382635680035
CHT,1887-11-09,0.14861357056,6.2855,1.3214325093432704,112463.98851944275,-0.012039386026389542,0.011298010812087478
CHT,1888-11-22,0.16069600924000002,7.26105,1.33443,120422.95904618452,0.08253206849915395,0.07653329674616649
CHT,1889-12-05,0.1496635764,7.31669,1.33443,112155.43445516062,-0.0546532057007284,-0.05438806202839608
CHT,1890-11-27,0.16074244784,7.33622,1.33443,120457.75937291578,0.06375035047690636,0.06441923236676583
CHT,1891-12-03,0.15991273584000001,8.08873,1.3353013851899773,119757.78473205789,-0.024673279109023283,-0.025484428140874815
CHT,1892-12-16,0.17037856992,8.1304,1.33443,127678.91153526225,0.06207914855573149,0.06170754669857281
CHT,1893-12-15,0.16841896239999998,8.1293,1.2999724240979298,129555.79616765211,0.029346114663654443,0.02509871940269881
CHT,1894-12-28,0.210871154,6.71702,1.3344300000000002,158023.39126068808,0.1964785415410617,0.19990641167729595
CHT,1896-01-10,0.11135152184,8.26163,1.325998308843102,83975.61376767608,-0.11912371177134262,-0.07953055085434224
CHT,1897-01-02,0.08405754032,6.22907,1.33443,62991.34485885359,-0.21452843682170475,-0.21333880799536742
CHT,1898-01-08,0.08539588876,6.33162,1.3343321815547464,63998.97262501593,0.022693789380335616,0.022631479684520395
CHT,1899-01-21,0.12756630068,8.11525,1.33443,95596.09771962561,0.5261407421071038,0.5256299214970925
CHT,1900-01-20,0.12968433504000001,8.33618,1.33443,97183.31800094423,-0.017620694748168186,-0.015962980310069153
CHT,1901-02-02,0.15440440808,8.16145,1.33443,115708.13611804291,0.15168993252094398,0.14869774075398645
CHT,1902-02-15,0.15483585312,8.04037,1.3378289545265152,115736.65870821249,0.031036524695811085,0.03451076004321374
CHT,1903-02-07,0.14722651112000001,7.87065,1.33443,110329.13762430401,-0.03209219237406091,-0.03319790360329189
CHT,1904-02-13,0.15243843212000002,7.96567,1.33443,114234.86591278674,0.04274194864677883,0.041200213250298434
CHT,1905-02-26,0.1591864092,8.00974,1.33443,119291.68948539825,0.0257344049267767,0.02283307123563727
CHT,1906-02-25,0.165251775,8.16465,1.33443,123836.97533778466,0.028994608251986964,0.026536151387847706
CHT,1907-03-10,0.14542388484000002,8.20572,1.3122492399208403,110820.32316419746,-0.08421977739485975,-0.09230231147410084
CHT,1908-03-23,0.15088933912,8.0298,1.33443,113074.00097419872,0.03155960306744454,0.03261167341653448
CHT,1909-03-15,0.15484020084,7.94405,1.33443,116034.71207931476,0.018539843159210756,0.018563640004757964
CHT,1910-03-21,0.17252711788,7.6825,1.33443,129288.99820897312,0.07779567341660187,0.072433681002265
CHT,1911-04-03,0.17759234064,7.62656,1.3463329242004773,131908.19109282616,0.019774042249189883,0.019574702469697502
CHT,1912-04-02,0.15475419492,7.07122,1.33443,115970.26065061487,0.11475633347362102,0.0816373359367093
CHT,1913-04-15,0.20780678204,7.63195,1.313950593962794,158154.18250488973,-0.03822654400838732,-0.04372171271026526
CHT,1914-04-28,0.22218157988,7.56833,1.33443,166499.23928568754,0.0700822095363074,0.06835350832805598
CHT,1915-04-20,0.21633277952000002,7.02964,1.33443,162116.2440292859,-0.02734544166116315,-0.027700810690458266
CHT,1916-04-26,0.21980709608,6.26665,1.33443,164719.8399916069,0.03620857212030448,0.03564273751339608
CHT,1917-05-09,0.20661166968,7.4459,1.33443,154831.40343067827,-0.015619021537198408,-0.0155357765550459
CHT,1918-05-08,0.18728434712,7.30597,1.33443,140347.82425455062,-0.077656996112343,-0.0809609601545952
WSG,1837-01-13,0.04252594268,6.43042,0.91221,46618.58857061422,0.515567873288342,0.5085574497326963
WSG,1838-01-19,0.0341121352,7.23761,0.9152700000000001,37270.0243643952,0.0008220387446125077,-0.001916393176828679
WSG,1839-01-25,0.03110489356,7.10611,0.9192100000000001,33838.72407828461,-0.09327758857060675,-0.09598351333368871
WSG,1840-01-31,0.020125722239999998,7.32606,0.92754,21697.95614205317,-0.3274238898204812,-0.33216532306701063
WSG,1841-02-06,0.020603759279999998,8.01163,0.9377,21972.65573211048,0.01621708912720976,0.007608181504447753
WSG,1842-02-12,0.02086253884,8.03743,0.9486499999999999,21991.81873188215,0.014787265629358837,0.006302040600138614
WSG,1843-02-18,0.02227402424,8.05742,0.95896,23227.271460749143,0.03524035279114601,0.02663297951525423
WSG,1844-02-24,0.021646144,8.01573,0.9692299999999999,22333.340899476905,-0.03547014197949283,-0.043346453297486764
WSG,1845-03-02,0.02196371476,8.02054,0.98009,22409.89578508096,0.014152929279240611,0.005945898004707573
WSG,1846-03-08,0.0234495768,7.34767,0.99007,23684.766531659378,0.06763390746279008,0.05913058756391343
WSG,1847-03-14,0.023760328280000003,7.45846,0.99736,23823.22158498436,0.03680785304976819,0.0310348568404184
WSG,1848-03-20,0.02334677488,7.35948,1.00511,23228.079394295153,-0.00179679691014889,-0.007466880632827189
WSG,1849-03-26,0.02406646892,7.46147,1.01254,23768.413020720167,0.015269923690884646,0.009479625994758045
WSG,1850-04-01,0.02455805404,7.37502,1.01851,24111.745628417983,0.020076978258942946,0.016016756488332895
WSG,1851-04-07,0.02349934288,8.07952,1.02785,22862.618942452693,-0.05516670999106155,-0.06179165095957129
WSG,1852-04-13,0.02354472796,8.079,1.03877,22665.96836643338,0.0015963821977889037,-0.006527429946368013
WSG,1853-04-19,0.02370035512,8.08557,1.05044,22562.31209778759,0.006218209098258987,-0.0019358166678798971
WSG,1854-04-25,0.024254129120000002,8.09242,1.06138,22851.503815786997,0.015336193962437239,0.007211455799927435
WSG,1855-05-01,0.024506651,8.08859,1.07249,22850.23729824987,-0.0015953981138853157,-0.009474407593003109
WSG,1856-05-07,0.024182099760000002,8.09566,1.07881,22415.531706231868,-0.011162332904292804,-0.014735347105445884
WSG,1857-05-13,0.02534232792,8.12885,1.0881,23290.440143369175,0.03620201759152453,0.029249181180072803
WSG,1858-05-19,0.025315144919999998,8.14077,1.09753,23065.56077738194,-0.000675714863454302,-0.006837310614013714
WSG,1859-05-25,0.0260994916,8.17837,1.10917,23530.650486399743,0.0329207677659864,0.024534170982832393
WSG,1860-05-31,0.024762641800000002,8.11426,1.12099,22089.975646526735,-0.02485741874071934,-0.03281036101571977
WSG,1861-06-06,0.03639560444,7.32582,1.13089,32183.151712368137,0.26978052926961027,0.26037524621671126
WSG,1862-06-12,0.027884209599999998,7.38393,1.13305,24609.86681964609,-0.22325669685867966,-0.22413467766862016
WSG,1863-06-18,0.02683398588,8.05367,1.14203,23496.74341304519,-0.03784697989435182,-0.04343558142062354
WSG,1864-06-24,0.0264595292,8.04229,1.15441,22920.391541999812,-0.007828923884217298,-0.01555358775474569
WSG,1865-06-30,0.02665804336,8.0493,1.16596,22863.600260729352,0.003878436299395993,-0.0038094330177798064
WSG,1866-07-06,0.030366817520000002,8.26067,1.17758,25787.477300905244,0.11868369246691057,0.11019932298461521
WSG,1867-07-12,0.02886585572,8.19416,1.18735,24311.159910725568,-0.042233369026681844,-0.047888988638055574
WSG,1868-07-18,0.029604154320000003,8.10796,1.26046,23486.786030496805,0.026716609571068695,-0.021007723093429687
WSG,1869-07-24,0.03065094968,7.97163,1.30534,23481.200055158046,0.031224542623314866,0.0035694760009397086
WSG,1870-07-30,0.0317939908,7.9324,1.39261,22830.50588463389,0.0019236422252266738,-0.0347883763293817
WSG,1871-08-05,0.03330216916,7.74447,1.47591,22563.821073100662,0.027920523133850184,-0.014087258415128923
WSG,1872-08-11,0.028539908279999998,8.96635,1.49503,19089.856578128867,-0.1035851338482634,-0.11255849102948756
WSG,1873-08-17,0.02950901772,7.88318,1.5118799999999997,19518.09516628304,0.028929355588013905,0.01980831708389541
WSG,1874-08-23,0.03394772056,8.5129,1.52365,22280.524109867754,0.09727564613009587,0.09073473760097506
WSG,1875-08-29,0.03173333228,8.7498,1.54369,20556.803684677623,-0.022965051687592775,-0.03214224837087831
WSG,1876-09-04,0.03220449856,8.44614,1.56305,20603.626601836153,0.08692619370297638,0.07633360045450477
WSG,1877-09-10,0.02735863572,8.36742,1.5792700000000002,17323.5961678497,-0.043643607176662824,-0.05165695283889882
WSG,1878-09-16,0.02981229836,8.53764,1.5911,18736.910539878074,0.08890746370444891,0.08318871211003187
WSG,1879-09-22,0.02789820644,8.72542,1.60919,17336.800775545464,-0.0034602631803876127,-0.012193241981325431
WSG,1880-09-28,0.02973898616,8.72575,1.63134,18229.79033187441,-0.03496047391707302,-0.044267002702051084
WSG,1881-10-04,0.03329912196,9.06225,1.65203,20156.48744877514,0.029254951597148304,0.019212045527066346
WSG,1882-10-10,0.03096816268,9.07398,1.6742899999999998,18496.295552144493,-0.015904776360504913,-0.026203012929664204
WSG,1883-10-16,0.03169988328,10.04465,1.7003499999999998,18643.151868732908,0.05593235333232083,0.04432395479402351
WSG,1884-10-22,0.02987431304,10.17672,1.7311199999999998,17257.216738296596,-0.027569049712313443,-0.04083584609017987
WSG,1885-10-28,0.032592612,10.18402,1.76337,18483.138535871654,-0.008783241039148626,-0.02260588711530387
WSG,1886-11-03,0.035246152759999996,10.1748,1.7983400000000003,19599.270860905053,0.01887657765326778,0.0042754907528328445
WSG,1887-11-09,0.037188749,9.3574,1.8270899999999999,20354.087100252316,0.09030480239320005,0.0764799484816947
WSG,1888-11-15,0.04174758328,9.33978,1.8486,22583.351336146272,0.08000205613448208,0.07099263268424116
WSG,1889-11-21,0.0380630094,9.33364,1.77065,21496.63084178127,-0.05638497579711743,-0.06310010893529083
WSG,1890-11-27,0.0415768912,9.30637,1.9019999999999997,21859.564248159833,0.013766328966111407,-0.05311986193464813
WSG,1891-12-03,0.04366520028,9.22061,1.93229,22597.64335581098,-0.02168459047112814,-0.03289016561013314
WSG,1892-12-09,0.03970969496,9.21794,1.9604600000000003,20255.29465533599,-0.024567682901270094,-0.03553388257496404
WSG,1893-12-15,0.04474398656,9.24584,1.98379,22554.799933460698,0.060134898232955925,0.05047920858597754
WSG,1894-12-21,0.04413469008,9.18105,2.00683,21992.24153515744,0.0023802990202523855,-0.005847553862050159
WSG,1895-12-27,0.0443865136,9.01907,2.03214,21842.251813359315,-0.20439287718184063,-0.21195425050810413
WSG,1897-01-02,0.04432567048,9.23308,2.06034,21513.764951415786,-0.06426503486106239,-0.07413496918519447
WSG,1898-01-08,0.0896088622,8.36619,2.0879,42918.17721155228,0.9743598799093542,0.9549898949514244
WSG,1899-01-14,0.053119915159999996,9.08921,2.11504,25115.324135713745,-0.2408968599516046,-0.2486815999803632
WSG,1900-01-20,0.04857699704,9.12089,2.14559,22640.39123970563,-0.06692765469934125,-0.07651171160987924
WSG,1901-01-26,0.04530001164,9.21618,2.17484,20829.123816004852,-0.04241161454876852,-0.052377643780668115
WSG,1902-02-01,0.0586025362,8.40794,2.20433,26585.191963090827,0.3133732052285674,0.29970788298545137
WSG,1903-02-07,0.05420878424,9.12264,2.23641,24239.197749965348,-0.007092883429010488,-0.01744258123622644
WSG,1904-02-13,0.052758793879999995,9.07183,2.25941,23350.69503985554,-0.053928910367345706,-0.061292217821243056
WSG,1905-02-19,0.04794138908,9.16116,2.28602,20971.552777316032,-0.028710087545167684,-0.03751473800747196
WSG,1906-02-25,0.04890040896,9.19494,2.32065,21071.858729235344,-0.01943724082930831,-0.030113304423284304
WSG,1907-03-03,0.06363510192,9.16664,2.35104,27066.788280930996,0.26415419651040306,0.2517962321993612
WSG,1908-03-09,0.058907993560000003,9.27762,2.3853,24696.26192093238,-0.029929501538953684,-0.04067916783784242
WSG,1909-03-15,0.05806291764,9.23364,2.42223,23970.852330290683,-0.058252113654945314,-0.06877863680555252
WSG,1910-03-21,0.056165365360000004,9.14677,2.45694,22859.884799791613,0.006111668975623097,-0.004933157686286993
WSG,1911-03-27,0.05843611124,9.00985,2.4933,23437.256342999237,0.013488975072245335,0.002756220963417322
WSG,1912-04-02,0.06195054112,8.96893,2.51451,24637.22201144557,0.012178152449825452,0.005871127349834859
WSG,1913-04-08,0.06374683224000001,8.85923,2.54087,25088.584713110078,0.018118438445015483,0.009958735821711029
WSG,1914-04-14,0.06315856924,8.63877,2.57228,24553.53586701292,-0.0034853250913169376,-0.012320395947309715
WSG,1915-04-20,0.06743953943999999,9.54254,2.60683,25870.32504612882,0.05722540887418193,0.046268039671464756
WSG,1916-04-26,0.08088499276,8.4866,2.63314,30718.07528654002,0.1680802140783324,0.15951518844445212
WSG,1917-05-02,0.07591527892,8.5693,2.65629,28579.439338325257,-0.04579071197527129,-0.05159487038597255
WSG,1918-05-08,0.07680051339999999,8.48622,2.68116,28644.50961524116,0.008676715409929425,0.0013736023368378092
WSG,1919-05-14,0.08350310279999999,8.54756,2.70726,30844.13864940936,0.08674848433970239,0.07919952472348535
WSG,1920-05-20,0.0856648988,7.95143,2.72661,31418.09749102365,0.04309667463707423,-0.06168660583543717
WSG,1921-05-26,0.08193873428000001,7.78317,2.74347,29866.823504539872,-0.025820561970343547,-0.03038415484134127
WSG,1922-06-01,0.08494216276000001,7.75701,2.76005,30775.588398760894,0.015974379563569174,0.011546580741118584
WSG,1923-06-07,0.0856990108,7.74389,2.76959,30942.85103571287,0.007944972163719033,0.005414244853609862
WSG,1924-06-13,0.08357249212,7.69422,2.78462,30012.171183141683,-0.025578864202985274,-0.029588297287293952
WSG,1925-06-19,0.08680773504,7.70491,2.79995,31003.31614493116,0.03439632531090231,0.030308075340011564
WSG,1926-06-25,0.08109182588000001,7.52808,2.81328,28824.655164078944,-0.06989627932724052,-0.07331744510510751
WSG,1927-07-01,0.0842690576,7.38869,2.66488,31622.083395875234,0.04147633445731436,0.09582569191181745
WSG,1928-06-30,0.08574933432,7.6135,2.83694,30225.995022806263,0.007708563595657081,-0.02269061910583181
LAN,1837-01-13,0.060291441599999995,8.47726,0.74117,81346.3059756871,0,0
LAN,1838-01-19,0.060837964720000005,7.9096,0.7451900000000001,81640.87644761738,0.012617268645472857,0.008444364526728254
LAN,1839-01-25,0.0597740754,7.90578,0.74662,80059.56899091908,-0.009176328485294927,-0.010670981243460775
LAN,1840-01-31,0.00761452484,3.49853,0.73508,10358.770256298634,-0.66041045513256,-0.6562349797213778
LAN,1841-02-06,0.006032004160000001,3.515,0.47467,12707.784692523228,-0.05635028563923761,0.112181209747088
LAN,1842-02-12,0.00675925276,3.87112,0.68151,9918.053674927734,0.03313395772947669,-0.2856026612191688
LAN,1843-02-18,0.00736591024,3.86637,0.65189,11299.314669652857,0.05156538515795561,0.08707659061764916
LAN,1844-02-24,0.00850187728,3.98855,0.62926,13510.913263198043,0.05844525408787549,0.08655083191834811
LAN,1845-03-02,0.0080430142,4.06459,0.61245,13132.523797861048,-0.04985306977630155,-0.029903769282166537
LAN,1846-03-08,0.00762442668,4.53853,0.60103,12685.600851870955,-0.04302467391861753,-0.030074190866019257
LAN,1847-03-14,0.0082315428,4.62547,0.59083,13932.167967097133,0.13273554457556935,0.14758695512656983
LAN,1848-03-20,0.00792592216,4.69186,0.58085,13645.385486786607,-0.08505488909972325,-0.07340793408126567
LAN,1849-03-26,0.014443988,5.20426,0.57444,25144.467655455748,0.2314600423300779,0.24222140809549586
LAN,1850-04-01,0.0323996582,5.78858,0.57101,56740.964606574315,0.9426111341840178,0.9522402235604159
LAN,1851-04-07,0.03540549896,7.13102,0.37867,93499.61433438085,0.5303783341108437,0.6815699168732272
LAN,1852-04-13,0.0589196816,9.75038,0.56273,104703.28861087913,0.8181039141278152,0.22390299493202415
LAN,1853-04-19,0.05574111868,10.20939,0.56793,98147.86801190287,-0.020726262694319875,-0.02722294527007807
LAN,1854-04-25,0.0682828276,8.87628,0.5705,119689.44364592464,0.12230225794872562,0.11861134821587949
LAN,1855-05-01,0.07462126776,10.16995,0.57569,129620.57315569143,0.03473056012600706,0.02781996360685879
LAN,1856-05-07,0.07936916156,10.89271,0.58211,136347.3597086461,0.019180151312920835,0.010873213915828961
LAN,1857-05-13,0.03856646508,8.23042,0.58964,65406.799199511566,-0.5124177190304624,-0.5172643625177038
LAN,1858-05-19,0.03308119724,6.99581,0.59312,55774.88069867818,0.13508071273330846,0.12973265593664896
LAN,1859-05-25,0.02244059896,7.05059,0.59479,37728.608349165246,-0.5098286873260311,-0.5109528477494758
LAN,1860-05-31,0.05160953252,6.49245,0.59357,86947.67680307293,0.4931212759062389,0.4965309792713035
LAN,1861-06-06,0.020833688200000002,4.92221,0.57923,35967.902560295566,-0.2506454668237946,-0.23929442141025348
LAN,1862-06-12,0.030980504359999998,6.7329,0.56091,55232.57627783423,-0.12940863427730132,-0.106851926609976
LAN,1863-06-18,0.03357851848,7.42933,0.55872,60099.0093069874,-0.30996872172848466,-0.30790003074764827
LAN,1864-06-24,0.016153012720000002,8.52165,0.56035,28826.64891585616,-0.5685068150937145,-0.5693534365274355
LAN,1865-06-30,0.02711125976,6.33429,0.56058,48362.873737914306,1.0227505137547364,1.021377472136312
LAN,1866-07-06,0.01625206908,8.53015,0.56164,28936.80841820383,-0.05869450620171246,-0.06078208388012729
LAN,1867-07-12,0.007864646920000001,7.77714,0.55783,14098.644604987181,-0.4155270785167504,-0.4123791481388417
LAN,1868-07-18,0.02924313236,9.0887,0.55869,52342.32286241028,0.5095784106642296,0.5076362691004386
LAN,1869-07-24,0.02123674384,9.08858,0.56361,37679.85635457142,-0.10943929483130799,-0.11559604624559094
LAN,1870-07-30,0.02277506452,9.20633,0.56849,40062.38371827121,0.15515983347160378,0.14783115713380823
LAN,1871-08-05,0.02269606248,9.05004,0.57507,39466.6083781105,0.012772261367715032,0.0038588044056184767
LAN,1872-08-11,0.02012523344,9.12384,0.5800100000000001,34698.0801020672,-0.1273678951020123,-0.1330531580806048
LAN,1873-08-17,0.0054139316399999995,8.48749,0.58433,9265.195420396009,-0.6418856798110842,-0.6438706439859823
LAN,1874-08-23,0.017271032999999998,9.68976,0.39315,43929.88172453262,2.753845596869664,4.424937556577302
LAN,1875-08-29,0.05154198036,8.26624,0.58881,87535.84409232181,1.3359669793570599,0.9902465197935812
LAN,1876-09-04,0.016785431,8.39912,0.59305,28303.567995953126,-0.6363253726566729,-0.6381255283996046
LAN,1877-09-10,0.00729520584,7.90399,0.59097,12344.46053099142,-0.575835940252897,-0.574591197913074
LAN,1878-09-16,0.02491644844,8.26558,0.58807,42369.86828098696,1.7156358609379745,1.7265371369704847
LAN,1879-09-22,0.028876801200000003,8.36112,0.59001,48942.901306757514,-0.025668735716133817,-0.028162024321555457
LAN,1880-09-28,0.0234409552,8.2715,0.59304,39526.76918926211,-0.2078491457721916,-0.21101145419168432
LAN,1881-10-04,0.06387922788,8.43213,0.59654,107082.891138901,0.7624487438548955,0.7545530859140939
LAN,1882-10-10,0.06141180188,7.70448,0.59353,103468.74105773929,-0.09275008022647291,-0.0890413646882674
LAN,1883-10-16,0.02690210224,8.95921,0.5971,45054.600971361586,-0.426923346958203,-0.42955679918948875
LAN,1884-10-22,0.058132462440000005,8.82265,0.60261,96467.80245930204,0.31162969072795965,0.30291385613612487
LAN,1885-10-28,0.03324321884,9.19871,0.60616,54842.31694602085,-0.2718356228569704,-0.2754057709564458
LAN,1886-11-03,0.009762916279999999,9.54779,0.60954,16016.859074055845,-0.5915893832735328,-0.593066227808654
LAN,1887-11-09,0.018686089240000002,9.12307,0.61432,30417.51731996354,0.9846557715442854,0.9731111652630657
LAN,1888-11-15,0.01073983456,8.29317,0.6100799999999998,17603.97744558091,-0.15295757347652494,-0.28750922190012096
LAN,1889-11-21,0.0077126322,7.91863,0.61121,12618.628949133685,-0.019180645377419037,-0.020348248990101125
LAN,1890-11-27,0.043373434520000004,8.77958,0.61459,70572.95842756961,3.2735982295735413,3.254757471697774
LAN,1891-12-03,0.011176634040000001,5.60383,0.59758,18703.15947655544,-0.7314236359768542,-0.7269814007165887
LAN,1892-12-09,0.009388176199999999,5.37611,0.53598,17515.907683122503,-0.12713161206291335,-0.05369937944802827
LAN,1893-12-15,0.0091322114,6.56593,0.49151000000000006,18579.9096661309,-0.010438219202014154,0.056610265672765614
LAN,1894-12-21,0.00814131188,6.00189,0.4476200000000001,18187.998480854294,-0.08396398765893587,-0.015469280774341843
LAN,1895-12-27,0.0075685994799999995,6.82201,0.40490000000000004,18692.515386515188,-0.07181452491636475,-0.000466610431520853
LAN,1897-01-02,0.00685248044,6.88387,0.3687,18585.51787360998,-0.07403877832404004,-0.004707213132150945
LAN,1898-01-08,0.00627783676,6.87713,0.3351,18734.218919725456,-0.06572591467644184,0.002395041976814616
LAN,1899-01-14,0.00561131844,6.84042,0.30568,18356.838654802406,-0.08842067374961282,-0.0220408527953877
LAN,1900-01-20,0.005025250879999999,7.41852,0.27967,17968.50173418672,-0.0680352915506004,-0.002420827746937637
LAN,1901-01-26,0.00190676512,4.77316,0.2541,7503.994962613145,-0.639419602808885,-0.4475920576251361
LAN,1902-02-01,0.0030007702399999997,5.8483,0.22903,13102.08374448762,0.01791087620507148,0.099777707237102
LAN,1903-02-07,0.00230120072,5.96416,0.20675,11130.35414752116,-0.1897897418951684,-0.12452005618155404
LAN,1904-02-13,0.0018369239199999999,5.52683,0.18639,9855.270776329202,-0.17677413131360165,-0.11094050519972021
LAN,1905-02-19,0.0013188916,5.17156,0.16822,7840.278207109736,-0.21219226498136212,-0.1480784848574146
LAN,1906-02-25,0.00113813648,5.21107,0.15147,7513.939922096784,-0.06601489387013215,0.010998677333263984
LAN,1907-03-03,0.00041635412000000003,9.77437,0.14133,2945.97127290738,-0.6274003532994912,-0.604970262908507
LAN,1908-03-09,0.00246325196,10.43528,0.14254,17281.127823768766,0.535848105789811,0.5269754064293279
LAN,1909-03-15,0.000554658,8.66673,0.14378,3857.685352622062,0.17284103020766617,0.1649778272221738
LAN,1910-03-21,0.00120490708,9.16013,0.14344,8400.077244841048,6.496802149128684,6.530367583208126
LAN,1911-03-27,0.00161338788,9.19802,0.14468,11151.423002488249,1.2904198410836916,1.2769891830676174
LAN,1912-04-02,0.0007066176000000001,9.82149,0.14613,4835.540956682406,-0.4885944822543382,-0.49205722427074894
LAN,1913-04-08,0.00185779412,10.66088,0.14773,12575.604954985447,4.644821567920763,4.60296822769321
LAN,1914-04-14,0.0011003262400000001,9.79247,0.14949,7360.534082547328,-0.4604486559986293,-0.46498795303218465
LAN,1915-04-20,0.00101666032,9.78596,0.15138,6715.948738274541,-0.23601151690633593,-0.24295030437185083
LAN,1916-04-26,0.001010945,9.82057,0.15314,6601.44312393888,1.8872956789906161,1.8620168214858515
LAN,1917-05-02,0.0026811236399999997,9.33794,0.15464,17337.840403517846,0.3835012358731609,0.37400872453342093
LAN,1918-05-08,0.00087510384,9.89454,0.1559,5613.23822963438,-0.6877738089701135,-0.6895724013858795
LAN,1919-05-14,0.01005122976,10.07096,0.15774,63720.23430962343,6.664459365922521,6.591387437315668
LAN,1920-05-20,0.00068652584,11.78506,0.15819000000000003,4339.881408432897,0.013509059753346708,-0.02512648819116503
LAN,1921-05-26,0.00508189396,10.30097,0.16052,31658.94567655121,4.413390561343773,4.351352589473184
LAN,1922-06-01,0.0130497302,10.03484,0.16249,80310.97421379777,1.4211844259861568,1.399329329951589
LAN,1923-06-07,0.02764719724,12.25953,0.1649,167660.38350515466,0.9870354920270561,0.9655848967863945
LAN,1924-06-13,0.02725914516,13.35797,0.16718,163052.66874027994,-0.011059361327675044,-0.020800367845269396
LAN,1925-06-19,0.02070952676,11.95124,0.16961,122100.85938329107,-0.3551258836895178,-0.3624553069829606
LAN,1926-06-25,0.01872583232,11.97634,0.17216,108769.93680297399,0.5880571877299205,0.5699927743968443
LAN,1927-07-01,0.0239599984,13.26542,0.17517,136781.40320831194,0.39822997950993666,0.3798424635339306
LAN,1928-06-09,0.040834463280000004,12.27414,0.17727,230351.79827381962,0.46510166977905754,0.4507142149963468
DEI,1837-01-13,6.81209654424,7.52262,97.29684042438481,70013.54324073953,0,0
DEI,1838-01-26,7.49086836472,7.6977,95.12372,78748.69028166686,0.0733444765075264,0.07244166928811913
DEI,1839-01-25,7.94235950872,7.47629,95.12372000000002,83495.04738376505,0.06836114822871142,0.06404994581218992
DEI,1840-02-07,7.6144305265600005,7.64424,95.12372,80047.65295722244,-0.023932287504598193,-0.019322343285512855
DEI,1841-02-20,8.27292462984,7.61623,94.58181550282215,87468.44819861965,0.0629272871808495,0.06558568984740387
DEI,1842-02-12,8.82334598548,7.74687,95.12372,92756.52787212274,0.05365150744866254,0.0566644591967278
DEI,1843-02-18,8.55578818328,7.45459,95.12372,89943.79302323332,-0.017731155263318144,-0.019740643532526136
DEI,1844-03-03,8.56037020956,7.46416,95.12372,89991.96214740128,-0.012169899015560426,-0.010928524073243295
DEI,1845-03-02,8.3523459786,7.51053,95.12372,87805.08140976825,0.003890509413895904,0.007134255814627233
DEI,1846-03-15,8.709864184319999,7.49493,95.12372,91563.53624858236,0.01691464560070699,0.015648164476204762
DEI,1847-03-28,8.7914265062,7.53541,95.12372,92420.97035523842,-0.04055095923994345,-0.035731879750306894
DEI,1848-03-20,8.671415675,7.8908,95.12372,91159.34148706548,-0.0074364980982558615,-0.00618297336711604
DEI,1849-03-26,8.4190583464,7.44636,95.12371999999999,88506.40351744024,-0.019445379322957645,-0.02114470661794665
DEI,1850-04-08,8.805277464880001,7.94896,95.12372,92566.58029017369,0.0638194865034376,0.06336514046909447
DEI,1851-04-07,8.7938820164,7.61201,95.12372,92446.78421323304,0.01647079037700383,0.016761142507435878
DEI,1852-04-20,9.56235527572,7.98758,98.31234080845927,97265.05540489795,0.07376882251355443,0.07112170558579578
DEI,1853-05-03,10.04582642752,8.03488,95.12372,105608.00636812772,0.02702139090506117,0.026921026226795375
DEI,1854-04-25,10.22952653008,7.96561,95.12372,107539.17666466365,0.029106943825543574,0.03238088820821283
DEI,1855-05-01,10.040069601639999,7.87491,95.12372,105547.48701627731,-0.0035697112496522188,-0.004209567637348921
DEI,1856-05-14,9.77403901292,7.6188,95.04416707427046,102836.81065122347,-0.027389332791369014,-0.02847975628372934
DEI,1857-05-13,9.78683579536,7.58917,95.12372,102885.33496545341,0.008753133476854247,0.009928229002877265
DEI,1858-05-26,9.41105272224,7.19304,95.12372,98934.86842440559,-0.03288719454593192,-0.034266003652431154
DEI,1859-06-08,9.33216929788,7.18297,95.12372,98105.5965628762,-0.004271971738208369,-0.004655361053975016
DEI,1860-05-31,10.05397745248,7.58331,95.12372,105693.69503715792,0.07234444847252486,0.07361234436280562
DEI,1861-06-06,9.767994357680001,7.28304,95.12372,102687.26199606154,0.005954115529084092,0.0076007904729702425
DEI,1862-06-19,9.85306509096,7.20388,95.12372,103581.57871622345,0.03890029509278947,0.03595181260475
DEI,1863-06-18,10.47623551104,7.74758,93.42908074105596,112130.3498647866,0.04067591973327844,0.037188157861925975
DEI,1864-07-01,10.928736045239999,7.95224,95.12372,114889.7041162814,0.044239894394396906,0.04663346358385301
DEI,1865-07-14,10.92319632144,7.93654,95.12372,114831.46707719167,-0.007595328494837794,-0.00902605331034656
DEI,1866-07-06,11.197144985,7.92622,95.12372,117711.38665518966,0.04202999026732179,0.042544543112581046
DEI,1867-07-12,11.265947041959999,7.46855,94.85821081048925,118766.176862301,-0.011848389698629669,-0.007831529425621042
DEI,1868-07-25,10.6233583976,7.25864,95.12372,111679.38341351663,-0.03662812463093146,-0.03508850267051422
DEI,1869-07-24,10.9699502432,7.21115,95.12372,115322.97352542562,0.025921281372446092,0.025228761284765477
DEI,1870-08-06,11.39022159912,7.27611,95.12372,119741.12870186321,0.037464348113578794,0.032921643683696544
DEI,1871-08-19,12.33478419888,7.30557,96.32815449027115,128049.62644774614,0.04340060676960045,0.043572936057765244
DEI,1872-08-11,12.21191149724,7.30231,95.12372,128379.24649330365,-0.015475857365938372,-0.01479436264841727
DEI,1873-08-17,12.43688291092,7.33596,95.12372,130744.28660821926,0.015962538876912236,0.01241268444256649
DEI,1874-08-30,13.19321342872,7.34236,95.12372,138695.30574203783,0.016406937603361538,0.013594325379111094
DEI,1875-08-29,13.32306221948,7.35179,95.12372,140060.3573901441,0.001130008566886831,0.004501265001860544
DEI,1876-09-11,14.55720803888,7.40417,95.12372,153034.46962419047,0.10247089868875614,0.09892250372497768
DEI,1877-09-24,15.53145224644,6.98923,95.12372,163276.33366777498,0.0524663230014788,0.05442666919899608
DEI,1878-09-16,15.858312247959999,7.0159,95.12372,166712.49030168288,0.04839422251271319,0.04835197638451416
DEI,1879-09-22,15.95828402688,6.97295,95.12372,167763.45612724143,-0.002412733030607739,-0.002523388497052248
DEI,1880-10-05,16.804376966,7.0237,95.12372,176658.11393835308,0.041922803445545886,0.04049551459255407
DEI,1881-10-04,17.80969691644,7.0651,95.12372,187226.66561442296,0.047692555850734175,0.048742989275090576
DEI,1882-10-17,18.00415952764,7.14386,147.89675482491913,121734.64893772287,0.01166995617071298,-0.3456945856627557
DEI,1883-10-30,19.09474869536,7.24504,147.44928,129500.45395514989,0.019434058845210433,0.021077152767522422
DEI,1884-10-22,20.24124097684,7.27743,147.44928,137275.95670077196,0.0622439620456956,0.06275091146997469
DEI,1885-10-28,21.99984172256,7.80718,147.44928,149202.77482914805,0.07213043082555282,0.07193260971764714
DEI,1886-11-10,22.44024071536,7.88605,149.25006771760312,150353.30340900953,0.007456403612695617,0.006142821596140768
DEI,1887-11-09,23.311353329160003,7.98846,147.44928,158097.4374995931,0.03178924606403766,0.03270001056726457
DEI,1888-11-22,23.51211199844,8.07347,145.6237055379241,161457.9982811717,0.00350229403139779,0.004978077483541954
DEI,1889-12-05,24.18174877716,8.16152,147.44928,164000.45342479803,0.015983681499857072,0.012857158680322778
PTN,1837-01-13,0.02952338844,9.21047,1.4457716032650505,20420.50651245744,0,0
PTN,1838-01-26,0.15236529672000002,7.6108,1.48024,102932.83300005406,2.809009180034829,2.665785333844937
PTN,1839-01-25,0.16124110548,7.56051,1.48024,108929.0287250716,0.07444095425262165,0.07352281288638096
PTN,1840-02-07,0.28294765980000003,7.79553,1.48024,191149.85394260392,0.2603554537372166,0.2961105588968955
PTN,1841-02-20,0.42333881512,8.13929,1.6804713538975236,251916.7102361779,0.21504702529780073,0.24319871231425383
PTN,1842-02-12,0.57742648288,8.10235,1.48024,390089.77117224236,0.3095035533815864,0.30427234943233805
PTN,1843-02-18,0.69939311936,9.22332,1.48024,472486.2990866346,0.1845786499852735,0.1851981731501433
PTN,1844-03-03,0.77060321988,9.60469,1.48024,520593.43071393826,0.02315701326253561,0.015144532754238549
PTN,1845-03-02,0.77990973424,9.96063,1.48024,526880.5965519105,0.0009347090465077201,-0.004008052015201824
PTN,1846-03-15,0.80018230864,9.26282,1.48024,540576.0610711776,0.038638747808954044,0.04175223846575671
PTN,1847-03-28,0.73980620792,9.1516,1.48024,499788.0127006431,-0.0967491332726026,-0.09264709705851137
PTN,1848-03-20,0.8134637336799999,7.99087,1.4802400000000002,549548.5419121223,0.07738762360960671,0.07415727407879613
PTN,1849-03-26,0.78078382304,7.47583,1.4802400000000002,527471.1013349186,-0.032998528073149846,-0.031038591320240783
PTN,1850-04-08,0.8036367050400001,7.94835,1.4802399999999998,542909.7342593094,0.029893233769888283,0.02604885198369633
PTN,1851-04-07,0.86611708144,8.31803,1.48024,585119.3599956763,0.08519866549532562,0.08913216562888393
PTN,1852-04-20,0.9174251611199999,8.26337,1.4786613705831528,620443.0435334811,0.05991120670414962,0.06025001216886605
PTN,1853-05-03,0.94149178812,8.17921,1.48024,636039.9584661947,0.005913550409546442,0.006483075752707235
PTN,1854-04-25,1.1707491016,8.83036,1.48024,790918.4332270442,0.10743214426954872,0.10581693768296874
PTN,1855-05-01,1.1229434611200002,8.87705,1.48024,758622.561962925,-0.05075376275616028,-0.051486208106620523
PTN,1856-05-14,1.1303197438,10.80515,1.4725489279941268,767594.0149165001,0.04572521292375442,0.040992999974465816
PTN,1857-05-13,1.1728202132399999,11.09324,1.48024,792317.6060909041,0.032375860552460445,0.032255871293490834
PTN,1858-05-26,1.02124721972,11.42668,1.48024,689920.0262930336,-0.13559745674334445,-0.1325830130502681
PTN,1859-06-08,1.1382778243199998,10.17431,1.48024,768981.9382802788,0.04744478491547799,0.03721576139124805
PTN,1860-05-31,1.11301891636,10.39626,1.48024,751917.8757228557,-0.033077161319885584,-0.03744523297190905
PTN,1861-06-06,1.1252540286000001,9.7722,1.48024,760183.5030805815,-0.00873494065239333,-0.006533437530742536
PTN,1862-06-19,1.07814704556,9.43042,1.48024,728359.6211154948,-0.039436594819194815,-0.03814289283574168
PTN,1863-06-18,1.15446540456,9.94232,1.475264864729345,782547.8882883857,0.05374918412721397,0.05427861476286622
PTN,1864-07-01,1.1637379738400002,9.70492,1.48024,786181.9528184619,-0.003444068558082325,-0.0026237067679786286
PTN,1865-07-14,1.2401519572000002,10.1252,1.48024,837804.6514078799,0.06137832836917667,0.06081771642281519
PTN,1866-07-06,1.28757527808,10.19425,1.48024,869842.2405015404,-0.004051266237913076,-0.0012302181739027862
PTN,1867-07-12,1.1418405918399999,9.23332,1.494840372433617,763854.5311571098,-0.09864144717592971,-0.09655154243364916
PTN,1868-07-25,1.07467354228,10.5376,1.48024,726013.0399664919,-0.050992923847839045,-0.048874746723100104
PTN,1869-07-24,1.35308865276,10.86602,1.48024,914100.8571312759,0.16584670473474428,0.16450669071725477
PTN,1870-08-06,1.6592175158,11.54224,1.4802400000000002,1120911.1467059394,0.21884358531735226,0.21695146993278702
PTN,1871-08-19,1.8666080435599999,11.03499,1.4797903716049217,1261400.3168134897,0.09296540908169892,0.09010419303102846
PTN,1872-08-11,1.74430161464,11.14557,1.48024,1178391.0816083879,-0.07720513960014463,-0.07797312153038538
PTN,1873-08-17,1.8686213884,11.81178,1.4802400000000002,1262377.3093552396,0.067125116381904,0.0661682132127761
PTN,1874-08-30,1.8819098703600001,11.78354,1.48024,1271354.5576122792,0.00442281258667121,0.004603861665938291
PTN,1875-08-29,1.74467044804,10.70285,1.4802399999999998,1178640.2529589797,-0.07385859997220112,-0.07426989694733988
PTN,1876-09-11,1.87654311676,10.91587,1.48024,1267728.9606820515,0.06822143655537771,0.06787158877038468
PTN,1877-09-24,2.0249668322,10.85026,1.48024,1367998.9948927201,0.05295958968850534,0.052903530520041375
PTN,1878-09-16,0.84360095924,9.36144,1.48024,569908.2305842296,-0.5416774650234222,-0.538081144890382
PTN,1879-09-22,0.70339198592,6.78815,1.48024,475187.79787061556,-0.20265525650095384,-0.19986019679218903
PTN,1880-10-05,0.6331120094,6.68289,1.48024,427709.0265092147,-0.055329769088384495,-0.053624270726591705
PTN,1881-10-04,0.8366312999200001,7.74873,1.48024,565199.7648489435,0.311662040281697,0.3201592534829425
PTN,1882-10-17,0.89790507924,9.1857,1.5046109676498298,596768.9313354591,0.1357179755707798,0.13971563151762623
PTN,1883-10-30,0.806604656,8.8643,1.48024,544914.7813868021,-0.0414064738608253,-0.03694131171962545
PTN,1884-10-22,0.91957207212,8.09802,6.48754,141744.33947536355,0.14010272092080656,-0.7158921988842346
PTN,1885-10-28,0.7488006874400001,8.44779,6.48754,115421.35962784044,-0.1391239308019564,-0.14083877111110432
PTN,1886-11-10,0.77202340228,8.05841,6.557615840469727,117729.28165683756,-0.012591451784360608,-0.011703657165544445
PTN,1887-11-09,0.7892442651599999,8.11006,6.48754,121655.3986811642,0.020693021475949536,0.025127604700561967
PTN,1888-11-22,0.8272834102000001,8.36941,6.562957855206806,126053.43938688625,0.016631264017073377,0.016382272363667738
PTN,1889-12-05,0.82574288888,8.44345,6.48754,127281.35608874858,0.01859063715298559,0.023174013818124894
PTN,1890-11-27,1.0506882562800002,8.16381,6.48754,161954.8020174057,0.03004174011941707,0.03072638251695703
PTN,1891-12-03,1.1390224164799998,8.14528,6.48754,175570.77358752314,0.037281780143196164,0.04163654419396212
PTN,1892-12-16,0.8176814313199999,8.53722,6.48754,126038.7498682089,-0.24527482353107377,-0.2453067709154615
PTN,1893-12-15,0.78116361336,8.3479,6.48754,120409.83382915557,-0.02605022056113926,-0.024570585879999274
PTN,1894-12-28,0.80111796544,8.26786,6.48754,123485.63021422605,0.03270996468355958,0.03212664115665076
PTN,1896-01-10,0.79828905104,8.37463,6.48754,123049.57673324559,-0.00597336462683784,-0.0029651676642517
PTN,1897-01-02,1.09137071576,8.58135,6.487539999999999,168225.66269495065,0.3341453493654618,0.33241712717254823
PTN,1898-01-08,0.8057909693599999,8.45574,6.48754,124205.93466244524,-0.08038801773985815,-0.08732742945567051
PTN,1899-01-21,0.7300595379999999,8.15285,6.48754,112532.56827703567,-0.05710181469690678,-0.05812722180905627
PTN,1900-01-20,0.7272792841600001,7.91197,6.380408759074381,113986.31523813341,0.0012274188071950132,0.0005959669874828766
PTN,1901-02-02,0.80249360828,8.06152,6.48754,123697.67404594038,0.1020851193836596,0.10350382609626751
PTN,1902-02-15,1.0716518612800001,8.49837,6.48754,165186.16629415774,0.33950481059124127,0.3568534033947768
PTN,1903-02-07,0.8263640923200001,8.44148,6.48754,127377.10940048154,-0.22208833655297777,-0.22225163490100974
PTN,1904-02-13,0.8016128114800001,7.85958,6.828290592103239,117395.8255975583,-0.023113135289880127,-0.056341566086458794
PTN,1905-02-26,0.7962237587200001,8.10259,6.76252,117740.68819315877,-0.011526925277914768,-0.012167416540919795
PTN,1906-02-25,0.80753077548,8.06517,6.76252,119412.70051400956,0.015785368614481765,0.01486590927867848
PTN,1907-03-10,0.78530511592,7.99283,6.76252,116126.10623258784,0.001677307918313664,0.00013124394441188514
PTN,1908-03-23,0.8332868122799999,8.14137,6.76252,123221.34533871987,0.047574555905617544,0.04528545451294974
PTN,1909-03-15,1.2582363455999999,8.17117,6.762520000000001,186060.27717478096,0.3871824473574923,0.383329435216317
PTN,1910-03-21,0.80358868772,7.75887,6.76252,118829.76874301296,-0.3381836874581782,-0.33814844568708646
PTN,1911-04-03,0.805119497,7.62848,6.76252,119056.13543471959,-0.0009691759114435206,-0.0024439704926532135
PTN,1912-04-02,0.7706209446000001,8.67077,6.76252,113954.70099903586,-0.007478505812121949,-0.016458033600618815
PTN,1913-04-15,0.72114796572,7.69268,6.76252,106638.94017614734,-0.043449823665464016,-0.04195732984761513
PTN,1914-04-28,0.70669010568,7.26048,6.76252,104501.00046728142,-0.03471792502417992,-0.02905439753068162
PTN,1915-04-20,0.69914055848,7.0049,6.76252,103384.61970981231,-0.018801245816259637,-0.0197228098923522
PTN,1916-04-26,0.99867798784,7.08422,6.76252,147678.37845063672,0.3349866246049358,0.33231814697549567
PTN,1917-05-09,0.85625915648,7.99937,6.819780959721776,125555.22846512838,-0.16292689200554689,-0.16556756641920256
PTN,1918-05-08,0.81456617112,7.84322,6.76252,120453.05169078981,-0.018855449089541176,-0.018501593597703536
PTN,1919-05-21,0.83271991608,7.99384,6.939684391408461,119993.91746272099,-0.007468408064446819,-0.009684241229518054
PTN,1920-06-03,0.8218893030400001,7.68728,6.76252,121535.95154469044,-0.0011270760793125056,-0.0020764503094544695
PTN,1921-05-26,0.84557827796,7.61542,6.76252,125038.93193070038,0.03852944856698648,0.03884549079702837
PTN,1922-06-01,0.85493176756,7.55949,6.76252,126422.0686312203,0.01539326957167475,0.015690587225833053
PTN,1923-06-14,0.8379452613999999,7.57793,6.644739243977394,126106.56801310752,0.024897897533046942,0.023371352119590405
PTN,1924-06-13,0.8460754260400001,7.43984,6.76252,125112.4471410066,0.00816456873072724,0.008186550948696025
PTN,1925-06-26,0.83667980084,7.47253,6.76252,123723.0796862708,-0.03788422507661615,-0.024909991186139013
PTN,1926-07-09,0.80067496652,7.40187,6.76252,118398.90551451234,-0.046234120251968824,-0.047144132893762625
HOH,1915-01-05,2.7911840346,11.13452,24.67384,113123.21205779076,0,0
HOH,1916-01-11,2.95770969988,11.59958,24.91088,118731.64255457858,0.021944488229599157,0.014739186459363562
HOH,1917-01-17,3.1035356315600002,11.5091,25.12105,123543.22894783459,0.0361117190307545,0.029532372454760925
HOH,1918-01-23,3.49311692392,11.81013,25.33811,137860.2004616761,0.13601188907754636,0.12866652758044483
HOH,1919-01-29,3.67764720596,13.0234,25.55328,143920.74935037692,0.05021401830346561,0.04394997225087338
HOH,1920-02-04,3.9396484556,13.30706,24.83056,158661.28092157407,0.04802145806694491,0.07096934773052532
HOH,1921-02-10,4.11859890832,14.30393,24.548159999999996,167776.2776648026,0.029388670242748827,0.039220264123315696
HOH,1922-02-16,4.36587473556,14.39909,24.931990000000003,175111.3623725984,0.035736110924401654,0.023622099236074945
HOH,1923-02-22,4.8205744714400005,15.1831,25.300829999999998,190530.2897746833,0.07712287885134939,0.06522830776723709
HOH,1924-02-28,4.815591405039999,14.73612,25.64831,187754.72555657662,-0.022794306084173765,-0.0324319918368029
HOH,1925-03-06,4.73768716512,14.24424,25.94566,182600.3718972653,0.004729842528097938,-0.004056885046745284
HOH,1926-03-12,4.06863107248,13.25811,26.15071,155583.96205992112,-0.1299442547121934,-0.13513376512530018
HOH,1927-03-18,4.10522128328,13.57486,26.38405,155594.81138339263,-0.022724477620229333,-0.029230840259894864
HOH,1928-03-24,3.9771280068,12.22477,26.49281,150121.03309539458,-0.0377610034793604,-0.04083098500910909
USA,1837-12-01,18.17947044004,11.14363,164.62564,110429.15575022214,0.0032281486086860323,-0.02106416554548296
USA,1838-12-14,19.181320115880002,11.09794,164.62564,116514.77932526186,0.029534081503627796,0.02814875845580711
USA,1839-12-13,19.6262373554,11.09869,171.99941,114106.42254761222,0.011357219684486664,-0.03139215469444656
USA,1840-12-26,19.70233463484,11.04276,176.70091,111501.03660948889,-0.0031226873482623763,-0.027584002131731067
USA,1842-01-08,20.13961661036,10.99363,182.34711,110446.59062795129,-0.007142068478706132,-0.016713380147710066
USA,1842-12-31,21.71262696876,10.78488,184.5699,117639.04606742486,0.04301830722850686,0.032557798374064584
USA,1844-01-06,21.434168096639997,10.78232,192.65439,111257.09669341039,-0.006632055179532581,-0.03751091541784313
USA,1845-01-19,22.23629313724,10.81169,196.63638,113083.31213806926,-0.00611034162268298,-0.022679123521394562
USA,1846-01-18,23.36298721484,10.47675,200.55129,116493.82666568736,0.0506706831340622,0.027698176648265793
USA,1847-01-31,22.42791208112,10.68503,209.93024000734744,106835.07092801416,-0.05556929440487701,-0.06611915453917416
USA,1848-02-13,22.459765356600002,10.6382,213.77102,105064.59367878771,0.010272966170929543,-0.014321451239124205
USA,1849-02-05,22.91185483444,10.83716,217.69782,105246.13813055179,0.01482968218428149,0.001700506816271874
USA,1850-02-11,23.50281883196,11.10788,232.34086,101156.63182085149,0.008837318496995872,-0.029802305457441114
USA,1851-02-24,23.867412781160002,11.12058,234.93746470865975,101590.49264772394,0.05108084475138197,0.02875118329591131
USA,1852-02-23,26.72066803848,10.83553,256.7872,104057.63230597164,0.08386953852575485,0.016026919525161887
USA,1853-03-08,27.2720471868,11.09123,263.5774503307686,103468.81780886704,0.015337663102037213,0.005841574509933389
USA,1854-03-21,28.865580598919998,11.05622,276.5385,104381.77902505438,0.0372711839180786,0.01997044177478946
USA,1855-03-13,28.64062106308,11.05212,282.62003,101339.67172489509,0.028599837294213337,0.007444190535583761
USA,1856-03-19,31.41714862416,11.22741,282.62003,111163.9136976951,0.060904651595486525,0.05669396733073717
USA,1857-04-01,33.84314083488,11.16794,282.62003,119747.84955928284,0.08475901066051295,0.08384542782501936
USA,1858-03-31,35.70547222788,10.8871,286.16534182686854,124772.17541417712,0.026253494037776104,0.02455280301126961
USA,1859-04-13,35.905729795,10.89069,282.62003,127045.9485656413,0.0005936533191459592,0.0006771946003227836
USA,1860-04-26,37.273942267120006,10.82699,282.62003000000004,131887.12161385024,0.022232019214283305,0.02351208263507165
USA,1861-04-18,34.1991885326,11.17925,282.62003,121007.66011736677,-0.10359783722661065,-0.1086112533121405
USA,1862-04-24,34.82256685076,11.07587,284.5810828345855,122364.30652349729,-0.0034841868609555293,-0.0036404849017891427
USA,1863-05-07,36.75543366144,11.01881,282.62003,130052.47243601241,0.04800426324116169,0.047811299789016326
USA,1864-05-06,38.50127180692,11.09693,282.9597332404012,136066.25708192022,0.03121359690365355,0.03339408899234786
USA,1865-05-19,40.04387625888,11.20253,282.62003,141688.03343089306,0.02129860397521055,0.02600078144765061
USA,1866-06-01,39.067520805040004,11.04643,279.05836094557196,139997.6717152001,-0.0034321384465055838,-0.0034667416845254317
USA,1867-05-24,41.1888123894,11.10276,282.62003,145739.18341668847,0.04251226265208241,0.04225119637143582
USA,1868-05-30,26.178636951999998,11.22662,282.62003,92628.38501574004,-0.3758482591331035,-0.3759977750071444
USA,1869-06-12,25.29398715792,10.95778,282.62003,89498.2112836093,-0.03173940067049685,-0.03178296882565812
USA,1870-06-11,25.8493031966,10.98146,282.62003,91463.09692416352,0.012586918402316183,0.011745521027520578
USA,1871-06-24,26.771557783360002,10.91314,282.62003,94726.32843241861,0.026941200963252143,0.027745976616147416
USA,1872-07-07,28.07181571636,10.88818,282.62003,99327.05660090689,0.019378391648378734,0.018938827116677492
USA,1873-06-29,29.51795964936,10.88341,282.62003,104443.97606694757,0.049551497737900574,0.04993551769492166
USA,1874-07-05,31.2518220664,10.87099,282.62003,110578.93549300097,0.03228553000292256,0.03166138490234194
USA,1875-07-18,31.600435871160002,10.88686,282.62003,111812.44256169672,-0.00723510026473051,-0.008519004485746495
USA,1876-07-17,35.21907593932,10.65442,282.62003,124616.34774902543,0.06547351789032851,0.06137350001606601
USA,1877-07-30,42.25128928644,10.86763,285.8236661420283,147822.9212322991,0.07718253720781942,0.053209165225238664
USA,1878-08-12,45.317510597840005,11.00954,282.62003,160347.837334247,0.06582233660763515,0.06670667516992035
USA,1879-08-04,47.36746889368,11.98838,282.62003,167601.2450132427,0.04531130723413668,0.04550548857279946
USA,1880-08-10,48.648168993320006,12.0784,282.62003,172132.77131603166,0.015436040269575457,0.015689316280947274
USA,1881-08-23,49.71028848084,12.29722,285.2027826203628,174298.04865196568,0.006675046347057512,0.006156281853201717
USA,1882-08-22,52.3667369342,12.48379,282.62003,185290.2532569967,0.048797539003518464,0.048097930809484435
USA,1883-09-04,53.29199531604,12.52291,280.9540988063929,189682.21336668887,0.026704682801039326,0.028420224925755688
USA,1884-09-17,56.20925988964,12.74707,282.62003,198886.32765922503,0.026468231936043418,0.02268917503957124
USA,1885-09-09,58.4304927544,12.63113,282.62003,206745.75950756215,0.04246402856330844,0.04224573074710225
USA,1886-09-15,57.481690845799996,12.63529,282.62003,203388.5950893148,0.0211901362600031,0.02026610039770871
USA,1887-09-28,61.22828001056,12.6598,283.0788407136388,216294.08915270443,0.041486824145743784,0.0421352191120099
USA,1888-09-27,64.32347057916,12.41912,282.62003,227596.99862447823,0.04921359192149244,0.052398740743158534
USA,1889-10-10,68.9136360328,12.13625,282.62003,243838.4711543623,0.057030835887353915,0.05532439042765902
USA,1890-10-23,69.37891542659999,11.98042,282.62003,245484.77836691192,0.004586421607936986,0.005130225741955208
USA,1891-10-15,79.7930537976,12.32511,282.62003,282333.32859528746,0.10115362236796943,0.098844627294852
USA,1892-10-21,81.57380924316,12.2701,282.62003,288634.2105446666,0.010841423309907228,0.010228518242708873
USA,1893-11-03,88.33732703640001,12.27169,282.62003,312565.69832081615,0.025037207467636824,0.026036612224585864
USA,1894-11-02,95.86709057432,12.23961,285.7487910799665,335494.2997728788,0.06425375963438995,0.05945848480826843
USA,1895-11-15,92.81775460776,12.36556,282.62003,328418.8831476665,-0.015907395104929778,-0.018849652888517143
USA,1896-11-28,99.95375164788,12.4829,282.62003,353668.32155484526,0.04924319379295139,0.05281590122524071
USA,1897-11-20,102.57062556311999,12.73315,282.62003,362927.6578985573,0.01426919801126858,0.014116348459542793
USA,1898-11-26,107.18076091788,12.82455,282.93913014279127,378812.08182052773,0.028734142353885606,0.02852275209632249
USA,1899-12-09,108.89037823716,13.07874,282.62003,385288.96284230106,0.009011350047120725,0.011773509702549534
USA,1900-12-08,116.664143765,12.72413,282.62003,412795.03000901954,0.04858508951315477,0.04750174869036927
USA,1901-12-21,120.26396067296,12.68025,282.62003,425532.33283911267,0.02272368210992437,0.02229369330879427
USA,1903-01-03,132.19264746844,12.19906,288.13995005467876,458779.30999625183,0.07679297235043858,0.07233243498761377
USA,1903-12-26,143.59032124008,12.13064,282.62003,508068.4523318464,0.06075772830184145,0.060778274822804956
USA,1905-01-01,156.01829976772,12.70137,282.62003,552042.6127182847,0.06604051673362199,0.06553842785671216
USA,1906-01-14,160.47336775132,12.81085,282.62003,567806.0672179534,0.01909037827768212,0.018760519151203248
USA,1907-01-13,175.06706302124,13.05129,282.62003,619443.2256667725,0.07142457111582345,0.07191205707740411
USA,1908-01-26,178.10352582048,12.86281,282.62003,630187.2015953009,0.019671274262581084,0.025113891148259126
USA,1909-02-08,189.94924135304,12.77162,282.62003,672101.1293963843,0.04899153885301222,0.04869300966464296
USA,1910-01-31,199.53832582736,12.73362,282.62003,706030.3752262712,0.023966019083540457,0.02331815858557862
USA,1911-02-06,206.0810769732,12.74993,282.62003,729180.7200402605,0.0314938076656428,0.030898878553797804
USA,1912-02-19,216.33340075672,12.76201,282.62003,765456.7185373239,0.03981206507699908,0.03913976909433159
DAI,1854-10-03,2.47202005024,8.71479,71.94885,34358.02031915729,0.047940202770906604,0.04804369342976145
DAI,1855-10-16,2.6208190580000004,8.4814,71.94885000000001,36426.14243313132,0.02642652552994762,0.023140449422804688
DAI,1856-10-15,2.7465763832,8.50432,73.73232,37250.64372313254,0.04146332416303511,0.027650964842561132
DAI,1857-10-28,2.88303441972,8.3842,73.73232,39101.36585584178,0.034865062848824735,0.0283417049117749
DAI,1858-11-10,3.03245760688,7.8584,75.93835,39933.15112693389,0.059813359007904854,0.05453979172538381
DAI,1859-11-02,2.9411874174799997,7.84017,75.93835,38731.25262110646,-0.020212533736790772,-0.019170502449400773
DAI,1860-11-08,2.80228621764,8.45847,75.93835,36902.12149250016,-0.045196149752183334,-0.044255004634870976
DAI,1861-11-21,3.081065468,6.49959,75.93835,40573.24748299114,0.08276027051573798,0.08676928834227926
DAI,1862-11-20,2.78298049016,8.28468,75.93835,36647.892535984785,-0.07207644531033963,-0.0673722527251025
DAI,1863-12-03,3.06737304276,9.42867,78.0056700485836,39322.43695682089,0.10755890287910108,0.1087053617553535
DAI,1864-12-16,3.2299435558000003,8.63313,75.93835,42533.76002770669,0.06428706056001143,0.07199359324731192
DAI,1865-12-08,2.99573583192,9.21832,75.93835,39449.57761025884,-0.05066174804758117,-0.050823033907269055
FTJ,1837-01-20,0.14471681536,6.5531,4.219324437251622,34298.57492880198,0,0
FTJ,1838-01-19,0.09305859992,8.72195,4.2136,22085.29521549269,-0.3115922695029374,-0.30264163606734196
FTJ,1839-02-01,0.09348310556,8.75248,4.2136,22186.04176001519,-0.005206328478615907,-0.005982699899088062
FTJ,1840-02-14,0.09659765648,9.47338,4.2136,22925.20801215113,0.02320556331033763,0.021848663716077743
FTJ,1841-02-06,0.14046136624,7.18313,4.2136,33335.23975697741,0.4300435704443537,0.4291527370853976
FTJ,1842-02-12,0.10108783776,8.5891,4.2136,23990.84814885134,-0.0771553327802299,-0.09883010964558947
FTJ,1843-02-25,0.1082094676,8.56864,4.2136,25681.00142396051,0.051801046342025536,0.051880111272611495
FTJ,1844-02-24,0.14192088560000002,8.46897,5.474466553240388,25924.148813366246,0.027892098975811797,0.03926615170399317
FTJ,1845-03-09,0.11244290616,7.71362,4.2136,26685.70964495918,-0.2256412484766006,-0.22781827293049295
FTJ,1846-03-22,0.11338358928,8.43769,4.2136,26908.95891399279,0.01599299466869164,0.017463072399347856
FTJ,1847-03-14,0.11654444412000001,8.37873,4.2136,27659.114325042723,0.021119965411028785,0.021147875558981566
FTJ,1848-03-20,0.12101433916,7.62734,4.217098080267223,28696.11682172015,0.030637641122765125,0.030301745094893917
FTJ,1849-04-02,0.12028293107999999,7.56218,4.2136,28546.357290677806,-0.003635021693284668,-0.0036682205187201777
FTJ,1850-04-01,0.12622992823999998,6.82772,4.2136,29957.7388076704,0.22682924017651995,0.20158638264680806
FTJ,1851-04-14,0.1291921774,6.81186,4.2136,30660.759777862164,-0.010743324925687525,-0.015278529507330996
FTJ,1852-04-27,0.13972932168,5.89046,4.1958963651813095,33301.423466869186,-0.10806880149472542,-0.12084221569534703
FTJ,1853-04-19,0.12944635808000002,7.47766,4.2136,30721.083652933365,-0.06778038996077229,-0.06729614666057282
FTJ,1854-04-25,0.13075135476,7.45055,4.2136,31030.79427567876,0.007830667044498751,0.00773238434855017
FTJ,1855-05-08,0.132967471,7.41643,4.2136,31556.737943801025,0.015157539117103713,0.015217013774853516
FTJ,1856-05-07,0.12985416236,6.52039,4.2136,30817.866517941908,0.017212917027263464,0.01581589091076574
FTJ,1857-05-20,0.1268182656,7.23586,4.2136,30097.36700208848,-0.0022929557382548316,0.0018452438815608208
FTJ,1858-06-02,0.12849560776,6.53072,4.2136,30495.44516802734,0.014891285108082686,0.016146160593931258
FTJ,1859-05-25,0.15815345676,6.52013,4.2136,37534.04612682742,0.03361057022869063,0.026046713206837158
FTJ,1860-05-31,0.13330078476,6.58614,4.2136,31635.842215682558,-0.07042389788729753,-0.0739937270505272
FTJ,1861-06-13,0.13247807248000001,6.56685,4.2136,31440.590582874505,-0.007351714262675446,-0.007355520559414019
FTJ,1862-06-12,0.13149113380000002,6.52622,4.2136,31206.36363204861,-0.0063412125275168485,-0.007492549897102241
FTJ,1863-06-25,0.12415483651999999,6.37729,4.210208617303188,29488.998718435545,-0.03272382926294504,-0.03003089717349805
FTJ,1864-07-08,0.12256739872,6.4254,4.2136,29088.5225745206,-0.009455129826905773,-0.009377709058074335
FTJ,1865-06-30,0.12423464144,7.06373,4.2136,29484.203873172588,-0.02508902792579415,-0.03191797909475347
FTJ,1866-07-06,0.12364431819999999,7.09054,4.2136,29344.1043763053,-0.00475552851419303,-0.00473670286961958
FTJ,1867-07-19,0.12300869308,7.09884,4.212131083719155,29203.434232010633,-0.0037287406525616795,-0.0037037927884531197
FTJ,1868-07-18,0.15112378788,7.1041,4.2136,35865.71764761724,0.05970215728081052,0.07121565929937868
FTJ,1869-07-31,0.11831614912,7.47493,4.2136,28079.587317258403,-0.2379288766150388,-0.23793993724037743
FTJ,1870-08-13,0.11863239232,7.48741,4.2136,28154.640288589333,0.007790190026810473,0.007769941126626767
FTJ,1871-08-05,0.11856676156,7.51587,4.2136,28139.06435352193,-0.01666962308163178,-0.01849258135148346
FTJ,1872-08-11,0.1390466246,7.35552,4.2136,32999.48371938486,0.04545355207434332,0.03236769043692034
FTJ,1873-08-24,0.11597264536,7.38531,4.2136,27523.41118283653,-0.1323104761424665,-0.13109572952622506
FTJ,1874-08-23,0.12665008251999998,7.38087,4.6086458362783045,27480.975327510918,0.007086805069928426,0.012082228623627733
FTJ,1875-09-05,0.12753894036,7.35496,4.2136,30268.402401746727,0.006496978492765537,0.006580653742377596
FTJ,1876-09-18,0.12816698596,7.31312,4.2136,30417.45442377065,0.0028225130422052658,0.002875507410512901
FTJ,1877-09-10,0.12901276648,7.07461,4.2136,30618.180767040067,0.005500347079331336,0.005453670114919484
FTJ,1878-09-16,0.13667901156,8.82586,4.221938064256987,32373.523599772172,0.009809348110928262,0.008194213330230848
FTJ,1879-09-29,0.13987702976,8.76142,4.2136,33196.561078412764,0.01793607280879339,0.017763429359175076
FTJ,1880-09-28,0.1421100876,7.6999,4.21316366581649,33730.018312132146,0.013880073809408477,0.013610447009488436
FTJ,1881-10-11,0.13755029652,7.45638,4.2136,32644.365037022977,-0.015256254302887684,-0.009816171930640216
FTJ,1882-10-24,0.13919664148,7.42262,4.217407668099102,33005.26115435732,0.008390340978826183,0.008288436958162615
FTJ,1883-10-16,0.18121937548,6.57348,4.2136,43008.20568634896,0.21141964729585339,0.21458674072709805
FTJ,1884-10-22,0.16233238112,7.37654,4.206319877891247,38592.49553825708,-0.02919554412882286,-0.036339382042552715
FTJ,1885-11-04,0.14189330012,6.78099,4.2136,33675.07597303968,-0.06009018144157996,-0.060235488170654494
CAN,1837-01-13,0.70059459236,11.30244,5.98283,117100.86904692261,0.16094995380628818,-0.13759049446759075
CAN,1838-01-19,0.74351474912,11.36154,6.42204,115775.4777485036,0.07790491722961757,0.04119044899362212
CAN,1839-01-25,0.74356515584,11.31361,6.9068,107656.96934036023,0.015263909620563787,-0.03819567597253304
CAN,1840-01-31,0.73505466424,11.44749,7.4019,99306.21384239181,-0.009513180564478252,-0.05742627358776886
CAN,1841-02-06,0.77970552192,12.10886,7.906889999999999,98610.89782708499,-0.01799475863486044,-0.06723027243817914
CAN,1842-02-12,0.7651413312399999,11.79709,8.41031,90976.59078440627,0.010666758476298721,-0.035945105071902184
CAN,1843-02-18,0.8543095709199999,11.3403,8.72693,97893.4826932266,0.07907260290067519,0.048787211560344046
CAN,1844-02-24,0.98768789184,11.71028,8.86151,111458.19299871015,0.09825379223336594,0.08546755668231265
CAN,1845-03-02,1.1396082256,11.64009,9.44324,120679.79058035166,0.11897051894311761,0.0610897975143212
CAN,1846-03-08,1.1031219622800001,11.70056,9.82639,112261.1622661018,-0.01834453785303458,-0.03931793778235548
CAN,1847-03-14,1.19349883952,11.51856,10.05967,118641.94745155655,0.030353295795217727,0.008485352614143293
CAN,1848-03-20,1.2554698311999999,11.46276,10.14863,123708.30655960458,0.03395789259221793,0.026535321898147446
CAN,1849-03-26,1.22339336808,11.51984,10.27427,119073.50771198343,0.0004924884851951195,-0.008769776370682325
CAN,1850-04-01,1.45068714856,11.37523,10.50588,138083.3541369214,0.11853987040929481,0.1013520402414001
CAN,1851-04-07,1.35377125936,11.97265,10.95976,123521.98034993467,-0.06365709543992137,-0.09491755273146196
CAN,1852-04-13,1.4387921158,11.75894,11.22558,128170.84870447674,0.026595487536190676,0.00987570012593264
CAN,1853-04-19,1.44506262056,11.5103,11.40029,126756.6544851052,-0.02329533026245656,-0.03469415138443055
CAN,1854-04-25,1.5045989244,11.68746,11.57827,129950.23646883342,0.010756518120935699,-0.0007893216241035006
CAN,1855-05-01,1.493823305,11.8036,12.01071,124374.2713794605,-0.021981195508141704,-0.04759145018940114
CAN,1856-05-07,1.80421166536,11.73235,12.379820000000002,145738.1177884654,0.1466502639211016,0.12374974982546827
CAN,1857-05-13,1.77018471968,11.81165,12.588679999999998,140617.18303110416,0.009265122537883475,-0.003012660920066468
CAN,1858-05-19,1.99708556424,11.94505,12.85886,155308.13495442053,0.08564493895000092,0.06889660036390666
CAN,1859-05-25,2.04143313348,11.91965,13.218099999999998,154442.25217542614,0.03600310890449854,0.015488265653433197
CAN,1860-05-31,2.07949403324,12.10841,13.694130000000001,151852.9496390059,0.008349581529488947,-0.021680343130042856
CAN,1861-06-06,2.10505148464,12.14299,14.189319999999999,148354.6417051698,0.02354431459000783,-0.002850216156079499
CAN,1862-06-12,2.1435396944,12.2643,14.85512,144296.35670395123,0.006724498199592421,-0.027665223105788783
CAN,1863-06-18,4.1329364673999995,11.92478,26.10273,158333.49490264044,0.09633095692023064,0.03758123331926444
CAN,1864-06-24,6.8739121999599995,11.39091,50.05347,137331.38181948225,0.5957075227081579,-0.16159022591386596
CAN,1865-06-30,6.90722384352,11.4975,51.598090000000006,133865.8823130856,-0.008981750997657745,-0.029040783056154096
CAN,1866-07-06,7.6070329738,11.31228,53.34431000000001,142602.51887783344,0.08352021551145539,0.05617712968592348
CAN,1867-07-12,7.71827168216,11.20787,54.7956,140855.68334245816,0.013142519227528293,-0.006678633661700628
CAN,1868-07-18,6.80386126316,11.12062,58.22903,116846.54996245,-0.07056195665760812,-0.11256716214689155
CAN,1869-07-24,8.71647919948,11.45104,61.79323,141058.8053008396,0.1266450144422273,0.0749601751084168
CAN,1870-07-30,8.96253333612,11.65701,64.04671,139937.45090294254,0.012834977282237148,-0.012177914447782934
CAN,1871-08-05,10.0404124132,12.19204,73.47437,136651.90206054167,0.08099379208325286,-0.048844487973842776
CAN,1872-08-11,10.723901291999999,12.84469,75.67369,141712.41407680794,0.0556836138403185,0.03256202772473116
CAN,1873-08-17,11.38809157096,13.02843,77.32053,147284.18921805115,0.04944018922659521,0.03282256548282114
CAN,1874-08-23,11.01069093072,13.04523,71.01832,155040.14922797383,-0.02424956800374889,0.060960455902261845
CAN,1875-08-29,11.39404935084,12.80223,72.82574,156456.34841252558,0.03259412700665254,0.013331732386925088
CAN,1876-09-04,12.545167356799999,12.76715,74.39231,168635.27099508,0.08908085213242845,0.07192490095068838
CAN,1877-09-10,13.40790684012,12.74461,75.77922,176933.819589592,0.024825936701155182,0.010899718640862144
CAN,1878-09-16,12.72433694012,12.9723,77.22087,164778.47167637452,-0.04975305998554347,-0.06266207616479147
CAN,1879-09-22,14.427766664999998,13.34715,78.7341,183246.7338167325,0.07778534770654177,0.0616776027463426
CAN,1880-09-28,14.8653275706,13.11507,80.34248,185024.50472776045,0.031044380716905184,0.015578630781682978
CAN,1881-10-04,15.44685410268,13.28827,82.4019,187457.4991921303,0.020254722254167135,0.0013312143262840248
CAN,1882-10-10,15.410705744200001,13.23587,83.95201,183565.65547626556,0.022149484895285898,0.008525340464790698
CAN,1883-10-16,17.355981036680003,13.20889,85.29629,203478.73320961557,0.09093711227530665,0.0773379976875439
CAN,1884-10-22,18.18535801264,13.26752,87.22443,208489.27316165896,0.0733285629410092,0.054879735023114495
CAN,1885-10-28,18.61054872456,13.4182,88.49577,210298.7377200063,0.035291200762482156,0.024233066516092805
CAN,1886-11-03,18.91704043684,13.49053,89.49829,211367.618720313,0.04420377295136668,0.03523239953561519
CAN,1887-11-09,19.625911734000002,13.50528,90.72249,216329.06828284808,0.015954319153633323,0.005911255286016992
CAN,1888-11-15,20.96189309084,13.4327,92.00184,227842.1071887258,0.03714715696866411,0.026271876754371926
CAN,1889-11-21,22.04294217424,13.18715,93.24408,236400.4468084194,0.06372783684484307,0.053687466679331886
CAN,1890-11-27,22.015475172600002,13.35254,94.35041,233337.35563629243,0.09039318121686035,0.08086556304414327
CAN,1891-12-03,24.07833580828,13.2994,95.4876,252161.91220933397,0.051071660630521265,0.04176113678037807
CAN,1892-12-09,24.974600639040002,13.27811,96.9457,257614.32058399703,0.009930206668550712,-0.0016694251256716974
CAN,1893-12-15,23.134567064440002,13.29087,97.8196,236502.36828243014,-0.076166647705041,-0.08212940069047714
CAN,1894-12-21,27.712966333,13.55976,99.65643999999999,278085.0523358049,0.11727357299447583,0.10140710935340636
CAN,1895-12-27,28.24546763376,13.64218,100.75878,280327.60652481107,0.005397526963427879,-0.003535208641208265
CAN,1897-01-02,29.627930926879998,14.16619,102.86006000000002,288041.15928845457,0.037608882043226766,0.023625235554876944
CAN,1898-01-08,32.55529998604,14.31493,105.19277,309482.2960365052,0.10184293702937386,0.08365708601150534
CAN,1899-01-14,33.650086353,14.30253,106.31704,316506.9903469848,0.013862255576551519,0.005728079613275261
CAN,1900-01-20,34.70189910044,14.67236,107.49624,322819.6549055111,0.024301756652738815,0.015440519316586077
CAN,1901-01-26,37.29585977728,15.34673,108.393,344079.96620888804,0.07074841958670053,0.06444410516925925
CAN,1902-02-01,41.79976386248,15.23805,109.39392,382103.1723013491,0.09236150621405304,0.08501161551056624
CAN,1903-02-07,46.42910971244,15.70818,110.44913,420366.45931425627,0.06039823559963997,0.052797613322580705
CAN,1904-02-13,46.898448883,16.54692,111.64872,420053.61891296203,0.05238030785266212,0.043875468314207744
CAN,1905-02-19,47.03780040856,16.62149,113.08297,415958.3039653097,0.002318768074023092,-0.007313986081681989
CAN,1906-02-25,51.92296987488,16.89108,114.79213,452321.68681668333,0.06579403894530045,0.054125607364658546
CAN,1907-03-03,56.2077051198,17.47834,116.50325,482456.1127676696,0.06233765733710106,0.05063695744004293
CAN,1908-03-09,60.12438694392,17.60254,121.18544,496135.40161194286,0.03928620159368701,0.007057119865159001
CAN,1909-03-15,61.734051887039996,17.35907,128.75882,479454.93665630056,0.03476303218226717,-0.010532015068443368
CAN,1910-03-21,62.79622068512,17.39916,145.67981,431056.4427913518,0.03611963034946197,-0.059836234767963736
CAN,1911-03-27,67.25158996296001,16.63006,152.16511,441964.58677656134,0.07659319281678845,0.044881837945963676
CAN,1912-04-02,75.95388472672,17.10622,156.31738,485895.32863664936,0.0926811475199163,0.0710341484459478
CAN,1913-04-08,79.44251047772,17.98936,160.9932,493452.5835732193,0.047675089801203274,0.02483636683010393
CAN,1914-04-14,83.59392946892001,18.20627,164.75294,507389.60694067134,0.041774457446469127,0.02390813330790431
CAN,1915-04-20,86.71228451704,18.08743,168.70169,513997.72294539545,0.03529041026362956,0.01653840878047208
CAN,1916-04-26,93.21358278388,18.45078,172.63442,539947.8434479056,0.060809824871716156,0.04249663292833472
CAN,1917-05-02,99.62865736096,18.7819,176.40977999999998,564756.9956776773,0.09614253261510419,0.07885970780804219
CAN,1918-05-08,109.06957078836,19.31302,179.04404,609177.3330648706,0.062277254551599714,0.050929337164744126
CAN,1919-05-14,115.85446613676,20.01213,180.90854,640403.5217837698,0.07784237943244277,0.06916789758680819
CAN,1920-05-20,122.10368777828,20.39501,182.65658,668487.7587124428,0.08115669972132422,0.07335705120448144
CAN,1921-05-26,118.45082258308,20.77068,184.14676,643241.4156137202,-0.018770313734059796,-0.024974780548138953
CAN,1922-06-01,126.75908129508001,21.07665,185.91646,681806.6635685727,0.054021550959915565,0.04645168098389374
CAN,1923-06-07,134.56380192112,21.22643,187.83649,716387.9708416612,0.07455751942694522,0.06669501485204288
CAN,1924-06-13,147.11174651471998,21.19185,199.42403,737683.1493913748,0.10010111377174602,0.051022787358296906
CAN,1925-06-19,139.79657678064,20.59758,209.1017,668557.8203364201,-0.05945279454538799,-0.09551464616016725
CAN,1926-06-25,133.64876918276,20.99951,211.84161,630890.0748193898,-0.01720051739842099,-0.027516547684117487
CAN,1927-07-01,154.20580853912,21.92985,213.53962,722141.4393222203,0.08556983574953025,0.07913006872892092
CAN,1928-06-30,152.93080341499999,21.93092,215.41980999999998,709919.8695561007,0.025414908659938895,0.018532426195442042
NGF,1837-01-13,11.58539884476,10.34843,141.78583,81710.55488944135,0,0
NGF,1838-01-19,11.57248472068,10.40239,143.46521,80664.04894036679,0.023467704855432814,0.014357789589587666
NGF,1839-01-25,11.73316082276,10.27758,144.5316,81180.59180663606,0.0035179453726057464,-0.002054244137293715
NGF,1840-01-31,12.234363339640002,10.26566,145.59082,84032.51894343339,0.04136432963394965,0.03567384452693467
NGF,1841-02-06,12.38610405916,10.24481,147.21545,84135.89782295268,0.011400545673162288,0.0027921107570443304
NGF,1842-02-12,12.00014913916,10.14292,148.95557,80561.93628180538,-0.018364355646711128,-0.027386151186045815
NGF,1843-02-18,12.63438282236,10.12085,149.95344,84255.37168310376,0.015631988542933017,0.010510181359774995
NGF,1844-02-24,12.572651783120001,9.43911,152.16986,82622.48373705543,0.012876465423880656,0.001206387312892243
NGF,1845-03-02,13.29001426168,10.01354,153.7985,86411.8587741753,0.028091937744499695,0.020125618398727063
NGF,1846-03-08,13.691732516279998,10.15794,154.58027,88573.60979043444,-0.0018948235238795963,-0.005587936030126306
NGF,1847-03-14,13.6157842002,10.16095,155.49478,87564.25264050666,-0.001996595317098504,-0.006391158979058287
NGF,1848-03-20,14.038741930719999,10.03363,156.68516,89598.4146215251,0.0286432955398066,0.022641411141530066
NGF,1849-03-26,14.07559564164,10.05092,158.18104,88984.08836887151,-0.019356884952645204,-0.026160595684118992
NGF,1850-04-01,10.199570332119999,10.20401,125.92751999999999,80995.56262300727,-0.2603993105782738,-0.06787309064012637
NGF,1851-04-07,12.61717662556,10.00446,158.50248,79602.392502376,0.16843502261006615,-0.06932819533230627
NGF,1852-04-13,21.6080757178,9.90148,260.33039,83002.50968701731,0.660962903036842,0.014106222632880527
NGF,1853-04-19,21.9701846156,10.29361,263.47913,83384.91407497817,0.01562893780089669,0.006747687407585579
NGF,1854-04-25,21.24536319412,10.25754,266.81515,79625.77535091242,-0.033832856895425145,-0.042599200785569225
NGF,1855-05-01,22.72028395676,10.32757,270.57562,83970.18163262455,0.06618102948167115,0.05503250777301538
NGF,1856-05-07,23.16524019524,10.19671,274.11116,84510.38693659901,0.008877568240073686,-0.001226251312564819
NGF,1857-05-13,25.83408330048,10.31365,277.24878,93180.15141664464,0.08892771683709721,0.0797524815587598
NGF,1858-05-19,26.0313997658,10.23975,280.01646,92963.81993329963,0.006791428098336327,-0.0007630396505543535
NGF,1859-05-25,26.92002352468,10.09189,282.37749,95333.46133461274,0.005930970477746822,-0.00046819628353877984
NGF,1860-05-31,27.60807485488,10.0567,284.49337,97042.94639583341,0.02405538699946419,0.018227203236143685
NGF,1861-06-06,28.40827188056,10.16519,286.70307,99086.04006423788,0.033300200380310896,0.027271633679283536
NGF,1862-06-12,28.99974614732,10.10481,289.07248,100319.98254320162,0.01739911119638804,0.011061207775987958
NGF,1863-06-18,31.23361414212,10.15879,291.34517,107204.84620397174,0.056502760927320095,0.050267105406307744
NGF,1864-06-24,31.703646715519998,10.20879,293.64178,107967.08396032745,0.028616165310638264,0.022518921886752752
NGF,1865-06-30,32.40773588728,10.16824,295.8697,109533.81129355251,0.018595792514166654,0.01287628038405586
NGF,1866-07-06,34.5584073016,10.27442,298.04383,115950.75563751814,0.027782453310325916,0.02217047600063271
NGF,1867-07-12,41.2218845662,10.48132,322.6361,127765.87792314624,0.06871426151328142,0.032214857743305236
NGF,1868-07-18,40.31533573704,10.06865,329.69019,122282.48507193981,-0.01574360281787046,-0.03545263921787023
NGF,1869-07-24,29.2201912912,9.43374,329.49386,88682.05098328691,-0.21861520594624395,-0.21830210128891692
NGF,1870-07-30,33.124802742199996,10.21581,294.91442,112320.05115992631,0.14484143084728007,0.20388678588576115
NGF,1871-08-05,35.773767405479994,10.46733,296.87965,120499.22386219465,0.06289388146126806,0.05767331606886339
NGF,1872-08-11,38.66755286576,10.73353,299.41092,129145.4328578263,0.06988706176794657,0.06302529970491344
NGF,1873-08-17,39.868548922799995,10.83073,283.79294,140484.63969117767,0.01357117531941987,0.01538495803685258
NGF,1874-08-23,40.46076486192,10.63844,304.35331,132940.11772673015,0.09204154195589154,0.020482278166641388
NGF,1875-08-29,51.54833498464,10.58503,361.66654,142530.00840121953,0.16237924987493746,0.011291888794402682
NGF,1876-09-04,50.52900581248,10.80641,364.03858,138801.23862827945,-0.011288179835250989,-0.01595844600176033
NGF,1877-09-10,42.68602405496,10.23977,359.00037,118902.45142354589,-0.14006905381989543,-0.12973638830163547
NGF,1878-09-16,39.2539673812,10.45217,356.04688,110249.4350777628,-0.03409996105967461,-0.028744384932898326
NGF,1879-09-22,38.04750867424,10.81976,354.68005,107272.76223807909,0.0025318013549475715,0.006117385507901307
NGF,1880-09-28,42.78308664604,11.23051,356.85792,119888.29236588052,0.02860518614860741,0.023842786884292977
NGF,1881-10-04,42.52435277688,11.31782,359.47584,118295.44031910463,0.013836551846029277,0.008377318682160961
NGF,1882-10-10,48.0825337382,11.71621,363.04717,132441.56052283786,0.09856977851568649,0.09052088082731302
NGF,1883-10-16,50.9634434608,11.82537,367.23408,138776.454137372,0.03116327481813852,0.022304402551898583
NGF,1884-10-22,55.37757335968,11.94432,371.62821,149013.37376858445,0.06585356741743387,0.05634227412217285
NGF,1885-10-28,56.132018573799996,12.1501,375.26862,149578.2369807526,0.011739670336693209,0.0045725815109272094
NGF,1886-11-03,52.497499208959994,11.75703,378.31148,138767.92533221564,-0.04816057793134265,-0.05417881863274332
NGF,1887-11-09,36.406203162160004,10.63404,377.02394,96562.04633095714,-0.25923107313295957,-0.2571832978344628
NGF,1888-11-15,31.80562731476,9.57627,369.34076,86114.58782604986,-0.05303918725694978,-0.0377929914979126
NGF,1889-11-21,36.46774513668,10.22152,315.13294,115721.78121614325,0.10688987063015332,0.29332325567066064
NGF,1890-11-27,41.678405650959995,10.93322,315.76712,131990.9610948727,0.06595499766063129,0.06431305072737592
NGF,1891-12-03,44.8456431852,11.29639,318.01625,141016.8291249268,0.04182216706860631,0.036213580047051774
NGF,1892-12-09,46.998585176919995,11.67397,321.00364,146411.3776931626,0.04101554375373806,0.03369294714489879
NGF,1893-12-15,51.432162170999995,11.81701,325.74973,157888.5795883852,0.07185663513441742,0.05960517925218656
NGF,1894-12-21,57.48384683132,12.06998,332.39846,172936.5618340109,0.07465679301122297,0.055504658458676914
NGF,1895-12-27,52.00711896432,11.31179,334.62139,155420.7845598872,-0.07450964243775393,-0.0794949475204948
NGF,1897-01-02,52.77290295004,11.63408,321.99729,163892.3822931553,-0.05272202951553617,-0.014576135273365876
NGF,1898-01-08,60.82962073292,12.13326,324.76057,187306.05360410595,0.08365652099168464,0.07663576543728712
NGF,1899-01-14,65.84040096244,12.59333,328.42105,200475.5814599582,0.0967643014486681,0.08750029550386573
NGF,1900-01-20,72.36671812188,13.06046,333.04303,217289.39387165676,0.07157846752402852,0.06062917613255414
NGF,1901-01-26,79.90562099675999,13.32807,338.3621,236154.17033042412,0.05564703091842382,0.04284033653353703
NGF,1902-02-01,93.75075898707999,13.95372,342.97237,273347.847195621,0.13661639490509137,0.12511759613583973
NGF,1903-02-07,97.21669159904,14.32808,347.8686,279463.8308805106,0.06586635074311964,0.05446667613755163
NGF,1904-02-13,104.30118212124,14.43936,351.97499,296331.2311515088,0.06336322999134492,0.05426079656247973
NGF,1905-02-19,90.18189841595999,13.64325,355.30911,253812.51388673935,-0.1169203609192736,-0.12324207726394265
NGF,1906-02-25,87.83985462876,13.2496,355.03538,247411.55269866344,-0.039185340046555606,-0.038696827321671345
NGF,1907-03-03,87.60542085099999,12.9621,352.84553,248282.6432603525,0.012783266345774091,0.017446184696956912
NGF,1908-03-09,85.58907946420001,12.85443,348.79589,245384.4265888569,-0.008590361559702164,0.0001070146323511878
NGF,1909-03-15,47.14129735276,11.73629,281.53368,167444.61036690176,-0.46248071070329677,-0.3353001231527787
NGF,1910-03-21,57.53413579784,12.78946,283.04332,203269.71785746436,0.16083099786673682,0.1561918595692715
NGF,1911-03-27,74.59047756888,13.56884,286.79378,260084.01426586029,0.24293653748064692,0.2304670267418405
NGF,1912-04-02,86.0335440536,14.93739,291.08054,295566.1139477067,0.09337441908227317,0.08126624876661404
NGF,1913-04-08,91.6541900586,15.95524,295.50536,310160.83789004706,0.047583474192227415,0.03580940148531342
NGF,1914-04-14,103.22102709047999,16.54116,299.88027,344207.46350028296,0.0794167633900662,0.06748226735815632
NGF,1915-04-20,119.13735617783999,16.97248,303.87365,392062.1487840094,0.10578213942991788,0.09495921916357708
NGF,1916-04-26,126.60216996596,18.19954,309.11713,409560.5117903366,0.018625204827545705,0.007013478731259681
NGF,1917-05-02,149.3543852892,18.40977,338.4864,441241.90894877905,0.11022485168996221,0.019162472156448285
NGF,1918-05-08,164.51297148936,18.25771,342.71053,480034.77304697933,0.07581760518826686,0.06585411548421516
NGF,1919-05-14,155.65731048816002,19.85241,346.93358,448666.02560686116,-0.05848683598392079,-0.06720665739936049
NGF,1920-05-20,171.0003967282,20.64265,352.00699,485786.93487933296,0.0637421304174226,0.05188729053390051
NGF,1921-05-26,189.29006626348,21.077,356.12969999999996,531520.0227992218,0.07444217028175992,0.06531433816158949
NGF,1922-06-01,197.68738573532,21.33521,360.74636,547995.510572359,0.06199748129553684,0.05170795795020755
NGF,1923-06-07,208.26994995820002,21.94455,365.2705700000001,570179.9352688063,0.06323730418856477,0.05331660830947027
NGF,1924-06-13,212.93065822704,22.18909,372.37504,571817.7518746691,0.01868304922263997,0.003237506475248786
NGF,1925-06-19,215.92220589680002,21.75921,407.90988,529338.0143104158,0.04869198035485467,-0.037776728109930935
NGF,1926-06-25,218.97013144032,21.8087,414.05593000000005,528841.9162124305,0.003448139581483156,-0.006534857450708809
NGF,1927-07-01,226.14964205651998,21.19787,430.30341999999996,525558.5513508584,0.012022708266770321,-0.023824472899097948
NGF,1928-06-16,213.32461594288,20.31558,433.99474,491537.330482116,-0.03256622371306517,-0.03880223433372609
RUS,1890-03-20,77.81107110607999,9.2184,1138.94149,68318.76069953339,0.01750679761534224,0.010445719014281929
RUS,1891-04-02,81.41457228163999,9.13378,1152.03174,70670.42465482766,0.003910735354359263,-0.0027293085780202286
RUS,1892-04-01,82.5909391632,9.21933,1174.05144,70346.95103580812,0.02061841107979623,0.017256196056917528
RUS,1893-04-14,84.54416260108,9.2613,1180.90181,71592.88086879975,0.0187362741911008,0.01110708209714284
MEX,1839-02-08,3.28215658576,9.48021,72.88049,45034.77660152944,-0.07069528675172554,-0.08136122018050973
MEX,1840-02-21,3.49796708092,9.53472,74.35192,47046.08947448835,0.07889034406550866,0.06005885273016709
MEX,1841-02-20,3.65619085416,9.38382,75.44789,48459.81582997218,0.00969081107103209,-0.010593390877179476
MEX,1842-03-05,3.9500497061999997,9.4157,76.52157021217872,51620.08170045802,0.06084876042626397,0.05088874986406289
MEX,1843-03-18,4.08965718512,8.82577,76.37754,53545.28550042329,0.016993676048998596,0.01941373860521378
MEX,1844-03-10,4.183767449159999,9.419,79.54973,52593.1068422231,0.003054873723391527,-0.03011738560265509
MEX,1845-03-16,4.53906403496,10.02531,80.36702,56479.18804206004,0.06618714956803262,0.056476670974753285
MEX,1846-03-29,4.909518354519999,10.10328,83.7977546219498,58587.7077097005,0.0642349963151736,0.01906880948438605
MEX,1847-03-28,5.21478484384,9.94873,85.80865,60772.2513271098,0.05653558222582866,0.04162104697863933
MEX,1848-04-10,5.323843146440001,9.5695,87.11168,61115.14720459989,0.004007313085467423,-0.01174494132009174
MEX,1849-04-23,5.4256451548,8.61909,89.16954,60846.39614379529,0.03148931484206274,0.02096215571615856
MEX,1850-04-15,5.9976866071199995,8.60536,90.44444,66313.49154375879,0.1104645140946392,0.09879180829546264
MON,1837-01-13,0.067230202,2.93173,1.1982833543692994,56105.429283364894,0,0
MON,1838-01-26,0.053455556960000004,2.52145,1.20396,44399.77819861125,0.04936770911055821,0.07705012972609437
MON,1839-01-25,0.0679703596,3.56049,1.20396,56455.66264659956,0.1741125963624084,0.14324843135195287
MON,1840-02-07,0.06442217964000001,3.8552,1.20396,53508.571414332706,-0.06265267564813692,-0.05927277431158795
MON,1841-02-20,0.06522743552,3.62937,1.2037620718104698,54186.31891424964,-0.002127426831348367,-0.003836129572493907
MON,1842-02-12,0.07568453827999999,3.61185,1.20396,62863.000664473904,0.03267548424275879,0.03338395304017183
MON,1843-02-18,0.06365298888,4.10749,1.20396,52869.68743147613,-0.08194344179749691,-0.09344019950226778
MON,1844-03-03,0.0441657242,4.05033,1.2039599999999997,36683.71391076116,-0.2988538811607432,-0.2981016604481852
MON,1845-03-02,0.0646821422,4.2122,1.20396,53724.49433535998,0.4312902194369348,0.35020725100695493
MON,1846-03-15,0.06329254776,4.49682,1.20396,52570.30778431178,-0.015844064192530705,-0.01630545103996961
MON,1847-03-28,0.06334514732,4.49199,1.20396,52613.9965779594,0.0027492810671463364,0.001940058217565932
MON,1848-03-20,0.06587968868,4.48962,1.20396,54719.16731452873,0.011365089036867726,0.010638305597425735
MON,1849-03-26,0.0633858472,4.41217,1.20396,52647.801588092625,0.18514870379599913,0.20510805165818624
MON,1850-04-08,0.06065756372,4.46873,1.20396,50381.71012325991,-0.03933005239216347,-0.03915990836010197
MON,1851-04-07,0.060402720560000005,4.51872,1.20396,50170.03933685505,-0.002362317889933685,-0.0023502191459887634
MON,1852-04-20,0.05701439172,5.10414,1.2592881588806157,45275.09555134722,-0.011718581303326925,-0.018686235885038593
MON,1853-05-03,0.05922670364,4.50504,1.20396,49193.24864613442,0.004953077318685439,-0.0009268630220282681
MON,1854-04-25,0.05854734704,4.57775,1.20396,48628.9802319014,-0.01000428905605999,-0.009962548820391826
MON,1855-05-01,0.04506655764,3.82757,1.20396,37431.93930030898,-0.21426584508416968,-0.2141697695948298
MON,1856-05-14,0.035662458,3.52168,1.2032008508104513,29639.654905478586,-0.09541809155320125,-0.10585325301825
MON,1857-05-13,0.03534702912,3.99863,1.20396,29358.972989135855,-0.004348762771501424,-0.004408731084087125
MON,1858-05-26,0.04683597932,4.71852,1.20396,38901.60746204193,0.20985792813617365,0.22486470647492585
MON,1859-06-08,0.03536097136,4.38153,1.20396,29370.553307418857,0.1183794140709018,0.13207971031125254
MON,1860-05-31,0.033528657760000004,4.4015,1.20396,27848.64759626566,-0.04186083545757768,-0.03875460615106041
MON,1861-06-06,0.04116123388,4.15494,1.20396,34188.207149739195,0.23921494555396472,0.24497035098418896
MON,1862-06-19,0.15797559075999998,8.96525,1.20396,131213.32167181635,2.611462543715097,2.6049356248448214
MON,1863-06-18,0.167493885,7.7793,1.173953691366232,142675.03584836706,0.037229116064810386,0.03126840675608422
MON,1864-07-01,0.21130598632,8.19229,1.20396,175509.14176550717,0.24127462112207088,0.24144753067343494
MON,1865-07-14,0.20804681351999998,8.19734,1.20396,172802.09767766373,-0.004865379081066323,-0.010698129679779345
MON,1866-07-06,0.20605018772,8.98791,1.20396,171143.71550549852,-0.006959206042446819,-0.00841762928874279
MON,1867-07-12,0.23997987572,8.79181,1.1794065397100204,203475.11026944418,0.10696639419447518,0.11244401837576845
MON,1868-07-25,0.27297364328,8.73723,1.20396,226729.82763546964,0.10527419454052489,0.10246348584536014
MON,1869-07-24,0.30170667592,7.74493,1.20396,250595.26555699526,0.14689164347669803,0.1495384246359972
MON,1870-08-06,0.30918634551999996,7.0149,1.20396,256807.8221203362,0.004868390369009878,0.005817831382100014
MON,1871-08-19,0.34167670316,7.19592,1.1870312996662147,287841.3595800525,0.09695309245021688,0.09883346605747767
MON,1872-08-11,0.38856640784,7.33034,1.20396,322740.2968869398,0.15777606208596184,0.15727437089180007
MON,1873-08-17,0.38929165496,7.91461,1.20396,323342.68161732954,-0.010536170013644375,-0.009458808564308585
MON,1874-08-30,0.39834407912,8.18909,1.20396,330861.556131433,0.0797066669311266,0.08171684281233449
MON,1875-08-29,0.41978159548,8.5302,1.20396,348667.39383368223,0.04790290983033674,0.04818831921199429
MON,1876-09-11,0.50265336784,8.34898,1.20396,417500.056347387,0.1929596468381536,0.1947208766966344
MON,1877-09-24,0.50019345324,7.90922,1.20396,415456.87002890464,-0.00971437934114261,-0.01775368113925102
MON,1878-09-16,0.42791951695999997,6.8742,1.20396,355426.6893916741,-0.23866249725124022,-0.23492151629786695
MON,1879-09-22,0.47660368391999997,7.81285,1.20396,395863.387421509,0.04956937246615856,0.05599850578372334
NSW,1870-12-03,0.65760547788,9.89892,5.74491,114467.4986866635,0.08740905594706994,0.08763876285925365
NSW,1871-12-16,0.76015298736,10.76594,5.9027,128780.55590831314,0.04785372322227954,0.022571216660449922
NSW,1872-12-15,0.45164769988,10.47598,5.9027,76515.44206549544,-0.2893341684562666,-0.3190392248478443
NSW,1873-12-28,0.21399930656,11.6736,5.9027,36254.477876226134,-0.5117335863408751,-0.51974263299833
NSW,1875-01-10,0.28943126784,11.08012,5.9027,49033.70793704575,0.34677024360846787,0.3764440270454099
NSW,1876-01-02,0.27774107348000004,10.76826,5.9027,47053.22538499331,-0.025649965307318,-0.02474486127192288
NSW,1877-01-08,0.27820285272,10.36261,5.9027,47131.45725176614,0.001535324434216001,0.0009180286565457774
NSW,1878-01-21,0.29400358779999997,10.12771,5.9027,49808.32293696105,0.03909400792859419,0.04053861096379019
NSW,1879-01-20,0.2871464388,10.09182,5.9027,48646.62591695326,-0.027988428728285664,-0.026960886275549045
NSW,1880-02-02,0.3169462634,10.83888,5.911803493104802,53612.449021634166,0.0766014964384838,0.07683502392977437
NSW,1881-02-15,0.29513420508,10.26787,5.9027,49999.86532942551,-0.05115132590325833,-0.044203659588251676
NSW,1882-02-07,0.43520911667999995,10.08861,5.9027,73730.51598082233,0.3077487366554732,0.2856247462054393
NSW,1883-02-13,0.4535963042,10.17712,5.9027,76845.56291188778,0.029071777006609567,0.028058637912359297
NSW,1884-02-26,0.33006463464,10.83994,5.998212370957268,55027.167133684576,-0.29285974096301426,-0.29441518493665786
NSW,1885-02-25,0.33032710256000003,10.95169,5.9027,55962.03475697563,-0.0034603411028810704,-0.0062857769271468245
NSW,1886-03-10,0.33552317344,11.24554,5.9027,56842.32189337083,0.02008238776789284,0.02344936512489504
NSW,1887-03-23,0.33774952016000004,11.29095,8.45833,39930.99348925852,0.00878276274108214,-0.29662668616143173
NSW,1888-03-15,0.41784356848000004,10.71793,8.62824,48427.439255282654,0.22988011746639692,0.2123627455649566
NSW,1889-03-21,0.28703090676,10.3013,8.62824,33266.449097382545,-0.3419320011541117,-0.3230457079265684
NSW,1890-04-03,0.29967409004,9.67884,8.62824,34731.77496685303,-0.003866409217818667,-0.004088500099402093
NSW,1891-04-02,0.3622954816,9.55158,8.604144478506482,42107.089496815104,0.21201368018530609,0.2118026061915208
NSW,1892-04-15,0.36975447652000004,9.64243,8.62824,42853.98604118569,0.011731745998560639,0.010670358461642326
NSW,1893-04-28,0.37228571380000003,9.55111,8.62824,43147.352623478255,0.005425054124426287,0.005626152083875624
NSW,1894-04-20,0.37809154864,9.51885,8.62824,43820.240123130556,0.010903504048179524,0.010780359806437101
NSW,1895-04-26,0.38031234904,9.46394,8.658751266580925,43922.309041009525,0.0007142794815637732,0.0005194450797205707
NSW,1896-05-09,0.3861005902,9.37431,8.62824,44748.47595801693,0.004323181058058623,0.000490510107493014
NSW,1897-05-08,0.49025492464,9.24498,6.20293,79036.0240467005,0.10279564567643473,0.5516575033494189
NSW,1898-05-21,0.45409655096,9.38093,6.20293,73206.78307831944,-0.07248952524298813,-0.07215594390564395
NSW,1899-06-03,0.45502733068,9.52776,6.215783062408786,73205.14987594572,-0.06727255429768508,-0.07495347809624653
NSW,1900-05-26,0.21532986696,11.03542,6.20293,34714.2184354813,-0.5304010021911657,-0.5307180701576901
NSW,1901-06-01,0.20488225992,11.75748,7.37637,27775.485763322613,-0.04548850543368521,-0.19714919774803763
NSW,1902-06-14,0.21728911152,12.41914,7.64208,28433.24219584197,0.14042161832187383,0.10398916704871963
NSW,1903-06-13,0.1848724722,12.74732,7.82395,23629.04571220419,-0.0944895930294487,-0.10589884896954738
NSW,1904-06-26,0.27836371576,11.81478,7.939530000000001,35060.477857001606,0.21473271787558934,0.17743477435229682
NSW,1905-07-09,0.26338731224,11.85353,8.12711,32408.48373407029,-0.1042416854917857,-0.0994709455295184
NSW,1906-07-01,0.22237786116,12.37725,8.29913,26795.322059059203,-0.0929432394132218,-0.09816249553337941
NSW,1907-07-07,0.24890894704,12.09531,8.54788,29119.37779192034,0.029470434178884952,0.010000468531163209
NSW,1908-07-20,0.26381145128,11.89157,8.70257,30314.2004350439,0.06825449964741281,0.039110402139504785
TID,1837-01-13,0.24476949536,5.68156,3.08348,79380.92524031289,0,0
TID,1838-01-19,0.26324938276,5.62656,3.05991,86031.7403975934,0.07090997229014806,0.0772179361425025
TID,1839-01-25,0.28034448624,6.11971,3.04412,92093.76970684467,0.04468092255834444,0.04887267906137094
TID,1840-01-31,0.30210609936,5.98652,3.03137,99659.92253007716,0.03541729198116905,0.0383692346944593
TID,1841-02-06,0.28333101367999997,5.4842,3.00761,94204.70529091204,0.016815642416715182,0.022921840484749767
TID,1842-02-12,0.28696890924,5.77198,2.98945,95993.8815634983,-0.06409547474365851,-0.059823803996329694
TID,1843-02-18,0.30915031524000003,5.85545,2.96865,104138.35084634431,-0.017721895938730747,-0.012639385442573592
TID,1844-02-24,0.31427871071999997,6.12273,2.95422,106382.97442979872,-0.04744046521217493,-0.043875227659382676
TID,1845-03-02,0.28328062828,6.09117,2.94556,96172.07874903244,-0.054038997968811286,-0.05192186334411464
TID,1846-03-08,0.30062768996,6.35845,2.94196,102186.19218480197,-0.009981630828275856,-0.00943738485929635
TID,1847-03-14,0.30510858976,6.17813,2.93519,103948.49728978363,-0.04075209995265405,-0.038974392802774815
TID,1848-03-20,0.08863549812,6.25188,1.20827,73357.36062303955,-0.051070214990781904,0.00694624075365291
TID,1849-03-26,0.08575602412,6.40524,1.2072,71037.13064943672,-0.026713373751035663,-0.02615422107626042
TID,1850-04-01,0.08362378231999999,6.70256,1.20611,69333.46238734444,0.1929358346080885,0.19388903709603467
TID,1851-04-07,0.08120642504,6.75979,1.2041000000000002,67441.59541566315,-0.03204890092296753,-0.03132586614530808
TID,1852-04-13,0.09086630124,6.77372,1.19819,75836.30412538913,-0.06310590694865459,-0.059603145356862064
TID,1853-04-19,0.09951090968,6.77092,1.19169,83504.02342891188,0.08514817563093602,0.08965761801565031
TID,1854-04-25,0.0950221532,6.54643,1.1849,80194.23850113933,0.03381596798715747,0.038106849461092995
TID,1855-05-01,0.0956213622,6.57876,1.17928,81084.52801709517,-0.007880780817747124,-0.0041429325048416565
TID,1856-05-07,0.09424518324,6.61647,1.17496,80211.39718798938,0.03659603349830398,0.039299291143708226
TID,1857-05-13,0.09494348656,6.65146,1.17105,81075.51902993041,0.019018683867511488,0.021553237376671364
TID,1858-05-19,0.09147810672,6.4635,1.16704,78384.72264875239,-0.08100558745773079,-0.0784585983214462
TID,1859-05-25,0.0856072126,6.51035,1.16211,73665.32651814372,-0.18104665535281628,-0.17864058213354095
TID,1860-05-31,0.28835628172000005,7.43727,1.15862,248879.08176969155,1.013546400975919,1.0179589795513433
TID,1861-06-06,0.25121610227999996,7.48431,1.15274,217929.54376528962,-0.06812039059680108,-0.06602691492177126
TID,1862-06-12,0.21494881148,6.8373,1.12453,191145.46653268478,-0.12819298269151835,-0.11118667085932465
TID,1863-06-18,0.29450437900000004,7.56507,1.11977,263004.3482143655,0.3582026330863186,0.3621456319321572
TID,1864-06-24,0.2621037848,6.90134,1.12029,233960.65732979853,-0.12886650334213057,-0.12910693580334942
TID,1865-06-30,0.27533265916,7.22161,1.12072,245674.7975944036,0.020161903061254982,0.01977302288197147
TID,1866-07-06,0.27226232124,7.15838,1.12133,242803.02965228795,0.010159332649383623,0.009779751089304956
TID,1867-07-12,0.28580812156,7.31386,1.12141,254864.9660338324,-0.0033691545677626555,-0.0035143746608256032
TID,1868-07-18,0.28275502892,8.52672,1.12276,251839.2434001924,0.012832776979230909,0.01208721602037266
TID,1869-07-24,0.35315061651999996,9.55493,1.12916,312755.1600481774,0.21526120084666944,0.21027484713610511
TID,1870-07-30,0.30019904616000004,9.68397,1.13681,264071.4333617755,-0.08023464690684134,-0.08496776212629842
TID,1871-08-05,0.29206394828,9.84817,1.14591,254875.1195818171,-0.05757592834439962,-0.06320396974856002
TID,1872-08-11,0.3418474904,9.73097,1.15556,295828.42119838006,0.004142336853917072,-0.002187854275543355
TID,1873-08-17,0.34017261511999997,9.97067,1.16502,291988.6483665516,-0.08576114035211302,-0.09154177023608334
TID,1874-08-23,0.2848453634,9.62297,1.17595,242225.74378162334,-0.16127492491795048,-0.16699658818244634
TID,1875-08-29,0.30120783472,8.74902,1.1832,254570.51615956725,-0.06943679116778156,-0.07375603157326704
TID,1876-09-04,0.32095348531999995,8.8971,1.18883,269974.24805901595,-0.02444638828556578,-0.028128694834634427
TID,1877-09-10,0.349438622,8.35949,1.19438,292569.0500510725,0.10633756612508738,0.10245292399230088
TID,1878-09-16,0.33582609476,8.45794,1.19949,279974.06794554356,-0.07594736865704177,-0.07902951402339242
TID,1879-09-22,0.33883896123999996,9.21649,1.20496,281203.49326118705,0.14706208215623828,0.14315136089615876
TID,1880-09-28,0.33683963248,9.98784,1.21182,277961.7702959185,-0.04701606561028526,-0.05107935749863746
TID,1881-10-04,0.34033541411999996,10.2523,1.22164,278588.95756524015,-0.004458600217010167,-0.010561188312503078
TID,1882-10-10,0.3337214816,10.4372,1.23208,270860.23764690605,0.012640662180280371,0.0061970547533418685
TID,1883-10-16,0.32057376572,10.27882,1.24201,258108.844308822,-0.03290537852106501,-0.038716396068737
TID,1884-10-22,0.28805671024,10.24743,1.25205,230068.05657921007,-0.07297870069989076,-0.07860577526278523
TID,1885-10-28,0.30862577252,9.97491,1.26342,244278.04888319006,0.05776722030070647,0.050628640626753985
TID,1886-11-03,0.30348382064,10.31369,1.27341,238323.72970213837,-0.01435133165831437,-0.020235294992004715
TID,1887-11-09,0.32470495824,10.66887,1.28429,252828.37851264124,0.029720182155348773,0.023047582517969456
TID,1888-11-15,0.3002284168,10.73948,1.29587,231680.96861567904,-0.010408514765818055,-0.016858035503433677
TID,1889-11-21,0.34774398100000004,10.68604,1.3061800000000001,266229.75470455835,0.10685934054068702,0.10017841146525308
TID,1890-11-27,0.36097667683999995,10.76044,1.31706,274077.62504365784,0.04982389389818853,0.043310128860250874
TID,1891-12-03,0.35324272776,10.76923,1.32812,265971.9963256332,-0.016675442234256765,-0.022834261435999648
TID,1892-12-09,0.37516027795999995,10.97483,1.33894,280192.00110535196,0.006848791508093477,0.0006353326554939809
TID,1893-12-15,0.35904136736,11.14154,1.35034,265889.6036257535,-0.049131985931382016,-0.05524536109387923
TID,1894-12-21,0.33244742180000003,11.51912,1.36225,244042.8862543586,0.007599536816353947,0.0010671312793253396
TID,1895-12-27,0.33902495588000003,11.30669,1.37487,246586.91794860607,0.015907358121113768,0.008715805126272125
TID,1897-01-02,0.36591842508,11.58225,1.3881599999999998,263599.6031293223,0.06646166808755982,0.058854361468367866
TID,1898-01-08,0.34425821248,11.09719,1.40132,245667.0942254446,-0.04905306585148261,-0.05579574225229522
TID,1899-01-14,0.35921890368,11.43009,1.41505,253855.97942122188,0.0213351803547861,0.013784152197142241
TID,1900-01-20,0.38500769059999995,11.24446,1.42933,269362.3520110821,0.0775666015359171,0.06960745937462454
TID,1901-01-26,0.35843871284,11.2949,1.44361,248293.31525827612,-0.07159245900172362,-0.0785555991347553
TID,1902-02-01,0.34344612275999997,11.36018,1.45922,235362.81215992107,-0.009686981143107953,-0.017684039111427796
TID,1903-02-07,0.34508623916,11.35605,1.47569,233847.3793005306,0.019415781448716363,0.010871998967697527
TID,1904-02-13,0.3454410752,11.70889,1.49266,231426.49712593624,0.06021778866756233,0.051071507731409005
TID,1905-02-19,0.3659304142,11.38318,1.51011,242320.37017170934,0.030822832878666162,0.021789114229818107
TID,1906-02-25,0.335465754,9.40761,1.52052,220625.67674216715,-0.2603782594096379,-0.2643045153939628
TID,1907-03-03,0.48114879748,11.47911,1.5324200000000001,313979.7167095183,0.1779044442829263,0.1706104485137807
TID,1908-03-09,0.48129240535999995,11.85091,1.55118,310275.01989453187,-0.002057617026378189,-0.011242116649383793
TID,1909-03-15,0.48913721064,11.91311,1.5715300000000003,311249.04433259304,0.01155836628621243,0.0017289797747830349
TID,1910-03-21,0.5041468073200001,11.99738,1.59185,316704.970518579,0.026796759963283012,0.016899757190456555
TID,1911-03-27,0.52339732588,12.69693,1.6146300000000002,324159.29710212245,0.028461372547769148,0.017405308847516565
TID,1912-04-02,0.52072035704,12.87347,1.63795,317909.8000793675,-0.020688434370181086,-0.03104281001125997
TID,1913-04-08,0.5439837519999999,13.33317,1.66347,327017.4707088195,-0.01412112414955824,-0.025411325717626387
TID,1914-04-14,0.57087972292,13.7007,1.6891899999999997,337960.6337475358,0.03202008689842861,0.01999549129058753
TID,1915-04-20,0.58538396904,13.47653,1.71647,341039.4408524472,0.03249030339704273,0.019925347231601886
TID,1916-04-26,0.44240430988,12.93103,1.74256,253881.8232255991,-0.08340703671524996,-0.0936029101286957
TID,1917-05-02,0.7867874793999999,13.06491,1.76778,445070.92477570736,0.6298455535283785,0.6120248510744817
TID,1918-05-08,0.7665295456,13.61474,1.79487,427066.8881868882,0.00010049464897221583,-0.011521081928659194
TID,1919-05-14,0.68727156784,12.72991,1.79944,381936.3623349487,-0.12881761206166964,-0.10552489366811879
TID,1920-05-20,0.77899193944,13.34831,1.81794,428502.5575321518,0.15618070709432796,0.14699182320155302
TID,1921-05-26,0.72975548308,13.21607,1.84124,396339.14268645045,-0.07146745340132843,-0.08054658921754976
TID,1922-06-01,0.91729516372,14.20601,1.85274,495101.9375195656,0.1671020664778553,0.16142696532486966
TID,1923-06-07,0.9541991394,14.35906,1.8716,509830.70068390685,0.06884286890563618,0.06088869759443161
TID,1924-06-13,0.80857115768,13.39392,1.89471,426751.93442795996,-0.1501252203284824,-0.15819645286779016
TID,1925-06-19,0.54473831932,13.30879,1.9176100000000003,284071.48446242977,-0.2865678961777073,-0.2930376384567095
TID,1926-06-25,0.80036769124,12.80851,1.93505,413616.0260665099,0.4385425891721333,0.428828595903995
TID,1927-07-01,0.95402217092,13.06486,1.95648,487621.7344005561,0.10001349689602201,0.09088436106812159
TID,1928-07-07,0.9925866210000001,12.97847,1.97968,501387.4065505536,0.02296155194684557,0.013853821042660863
HNA,1897-09-18,4.594946252000001,7.96264,170.99596,26871.66557619256,0.04230462379500266,0.046282245793282994
HNA,1898-09-24,8.52332845832,8.06653,329.82843,25841.703392033243,0.4220377062347327,-0.010096316335674538
HNA,1899-09-30,8.86034930872,8.12815,329.23048,26912.299580281873,0.03261916278390964,0.03418004473552538
HNA,1900-10-06,8.394777279720001,7.94683,328.55898,25550.290178402673,-0.06278386532803748,-0.061463193715737496
HNA,1901-10-12,9.10423306936,8.74786,329.76167,27608.524269542908,0.027045214556034036,0.02403121675303521
HNA,1902-10-18,9.75401355968,8.08404,330.2857,29532.049252147455,0.06408262733526726,0.06253495548745813
HNA,1903-10-24,9.5803278948,8.55189,330.38207,28997.7234381999,-0.017104706552043214,-0.017831078708916093
HNA,1904-10-30,9.75611450736,8.57972,331.15478,29460.889881643863,0.01935895874784621,0.017767650675215352
HNA,1905-11-05,9.99680039332,8.60637,331.67939,30139.950490502288,0.013002513007758454,0.011514568206595577
HNA,1906-11-11,10.0585863326,8.62409,332.29611,30269.94909028577,0.004526278406730366,0.0032375978753131918
HNA,1907-11-17,9.9935202718,8.22615,332.87142,30022.16372856522,-0.0035571215500854736,-0.004821168494179129
HNA,1908-11-23,10.3730687476,8.24257,332.91681,31158.14052045014,0.03295070220638574,0.03260373200421163
HNA,1909-11-29,10.30285793004,8.25923,332.41425,30994.03208508661,-0.01224820356139067,-0.011042499275671802
HNA,1910-12-05,9.6395564876,6.88659,326.03596,29565.93035811142,-0.08977045753756208,-0.07572603613122064
HNA,1911-12-11,10.158167973200001,7.51314,325.84416,31174.92722042341,0.10890245300403234,0.1066194616639009
HNA,1912-12-17,9.918389546,7.21234,323.03336,30703.917223905293,-0.019786763516067674,-0.012789631749470787
HNA,1913-12-23,9.86098766172,9.20802,324.14337,30421.68550823668,-0.020289171596032052,-0.022826943784150844
HNA,1914-12-29,9.7445669646,9.12154,326.86292,29812.396476786053,0.004476178649332807,-0.0017494443510085445
HNA,1916-01-04,9.60104086916,8.98199,329.03117,29179.730507477456,-0.006694561898788476,-0.011476910949253072
HNA,1917-01-10,10.079807302239999,8.23636,330.2744,30519.4931918429,0.0705863422776587,0.0664722611543509
HNA,1918-01-16,4.7316257965599995,7.48362,157.96689,29953.27562984876,-0.4441665851255373,-0.2178151131690632
HNA,1919-01-22,4.7235184828,9.1854,157.52278,29986.256481760924,0.005754683762537738,0.007845429649900648
HNA,1920-01-28,4.6162009452,7.58444,156.15417,29561.81666618317,-0.01499399651136879,-0.008176909303379665
HNA,1921-02-03,9.22322609416,9.42129,310.55604,29699.071684968676,1.0079085661761753,0.008853080829009485
HNA,1922-02-09,9.88043386148,9.21112,312.64596,31602.62765423228,0.06525629415781098,0.06002004535477745
HNA,1923-02-15,10.30046321304,8.93892,314.6943,32731.648501545784,0.01897347040598585,0.014067715137645376
HNA,1924-02-21,9.28848996036,8.84818,316.9656,29304.410195806737,-0.080730441517046,-0.08566854012741976
HNA,1925-02-27,9.44571412148,8.85113,319.04156,29606.531893462405,0.008826408875411307,0.003557601165379509
HNA,1926-03-05,9.73905300108,8.82666,321.16837,30323.823610276446,0.021837908381032722,0.01688991224260805
HNA,1927-03-11,9.99256149372,8.45689,322.92651,30943.763315436692,0.03503993398247984,0.030766881289305603
HNA,1928-03-17,10.06004767924,7.64338,322.9405,31151.396864871393,0.011726205080626162,0.011002991022628361
JOH,1897-04-17,0.28132360619999996,10.09166,11.02544,25515.862060833853,0.07234657323874139,0.06583498720546355
JOH,1898-04-30,0.30272730592,10.1039,11.02544,27457.163244278687,0.05584382207251015,0.05579038771293843
JOH,1899-04-29,0.32564705784000003,9.52386,11.02544,29535.969343627105,0.05206950194256188,0.0526535041735694
JOH,1900-05-12,0.41661421776,8.95336,11.02544,37786.62962747972,0.3707900447173904,0.3794853907509148
JOH,1901-05-25,0.44742817391999995,8.276,11.025439999999998,40581.434747275394,-0.039560261418787324,-0.042595649711247296
JOH,1902-05-17,0.40913316652000004,8.35672,11.87215,34461.590067510944,-0.0080388340422487,-0.03044236767545294
JOH,1903-05-23,0.52438001252,9.20187,11.87215,44168.91738396163,0.16471931159735154,0.16694388889967104
POR,1859-03-09,5.9739439364799996,9.21768,81.23785,73536.46036274963,0.01952248251680544,0.016393963781381693
POR,1860-03-22,6.38511286296,8.70314,82.82981,77087.1364181567,0.04512607128349244,0.04308602432463293
POR,1861-03-21,6.54984983484,9.10962,82.82981,79075.99733525889,0.011106705349116952,0.016613072725894407
POR,1862-04-03,6.78874894828,8.88274,88.61775,76607.10126673269,0.0278703279916086,-0.040745768364135904
POR,1863-04-16,6.8274819438800005,8.83892,92.05884999999999,74164.31927924366,0.011923612841594267,-0.01306231458571605
POR,1864-04-08,7.73849515608,9.05219,92.05885,84060.30659822494,0.1031565187229575,0.10205747555331879
POR,1865-04-14,8.19093145884,9.10507,92.05885,88974.94872942688,0.04416860882900009,0.04417150736952857
POR,1866-04-27,8.45409093932,9.00327,107.50276,78640.68735835247,0.05200090395609269,-0.09886798806922559
POR,1867-04-26,8.45942502756,9.32579,111.14233,76113.43965490015,0.00223154946223425,-0.01739919310299265
POR,1868-05-09,8.82546800148,9.37155,113.05602870492454,78062.78092886502,0.02290867852836964,0.009978589186110609
POR,1869-05-22,9.19326857956,9.41799,112.87991,81442.9120253551,0.032010441363333086,0.03392072339918184
POR,1870-05-14,9.9120850946,9.42157,120.53076,82236.97498132427,0.045492172822962695,-0.020827795571626506
POR,1871-05-20,10.042988406880001,9.21433,124.16891,80881.6668107983,-0.0205265812170653,-0.03743161051309696
POR,1872-06-02,10.148756138560001,9.18311,125.85589929316905,80637.90569657338,0.01190160158331488,-0.003293432488035708
POR,1873-06-01,10.574652504000001,9.18947,127.57055000000001,82892.58378207196,0.038856759168746535,0.038641524258790305
POR,1874-06-14,10.69600554256,9.11378,126.48685280219462,84562.19208242027,0.031715170132154524,0.030144464787973613
POR,1875-06-27,10.910505342879999,9.10124,127.57055,85525.26694350694,0.03220754555962646,0.029734376270638796
POR,1876-06-19,11.82715688908,9.27151,139.79167,84605.5912278607,0.05584163798186981,0.005855391543208688
POR,1877-06-25,12.3433088636,9.18332,139.79167,88297.88544338872,0.024106434776380414,0.02440531783192368
POR,1878-07-08,13.909281762480001,9.11871,150.11940910765634,92654.7862475606,0.10209411826654602,0.09539053275086196
POR,1879-07-07,13.96963846096,9.12893,144.61987,96595.56782176613,0.008438928425112957,0.005915359411630794
POR,1880-07-20,14.169233949519999,9.25786,144.61987,97975.70658527075,0.01444169542695617,0.01254727278628609
POR,1881-08-02,15.67308297828,9.31835,144.61987,108374.34011163197,0.07027042924498073,0.07136853402818044
POR,1882-07-25,15.98525840548,9.49559,144.6641,110499.1383866488,0.010534858742751174,0.010331275356894931
POR,1883-07-31,15.37738135076,9.39925,144.6641,106297.14871042644,-0.05561073461040544,-0.054671435741681096
POR,1884-08-13,16.40783453764,9.38259,144.6641,113420.22338396327,0.06158463517692092,0.0608295245636703
POR,1885-08-12,17.97117905544,9.76558,143.75764357442753,125010.25064546078,0.07996892850560822,0.08184828116817622
POR,1886-08-25,18.486069012839998,9.7634,144.6641,127786.15435923633,0.05376125859638359,0.05688429895531022
POR,1887-09-07,19.12279300048,9.86285,144.6641,132187.55033543223,0.02971663485102516,0.028252473374747122
POR,1888-08-30,18.99349492248,10.08783,144.6641,131293.7689618917,-0.00979274208771097,-0.00924447525296801
POR,1889-09-05,22.251411165879997,10.36526,145.63940520268548,152784.2765830638,0.10337665276535701,0.10457404095554002
POR,1890-09-18,22.40657941652,10.22654,144.6641,154886.9375091678,0.0028417390843524792,0.003268995201317848
POR,1891-09-17,24.56914066048,10.15606,144.6641,169835.78275798904,0.05007642531672363,0.05830177864133601
POR,1892-09-30,25.6524326318,10.29303,144.6641,177324.10896552773,0.04082138888449993,0.03872031647563734
POR,1893-10-13,24.69540863504,10.18054,168.06718707253384,146937.7161907401,-0.04788160528100227,-0.1754381306353514
POR,1894-10-05,23.43535748476,10.28555,167.59088,139836.7111907283,0.0033057323071954414,0.006747828935625311
POR,1895-10-11,23.73201707084,10.57575,167.59087999999997,141606.8527764757,-0.05306028807065444,-0.05427563125574131
POR,1896-10-24,26.53110448092,11.16587,139.85442,189705.1554103188,0.13555431137913998,0.35286121049501773
POR,1897-10-23,26.2499445598,11.60908,139.85442,187694.77975597768,-0.019741809172453162,-0.01933435368559544
POR,1898-11-05,25.76372390072,12.23673,139.85442,184218.1598602318,-0.07372686266633366,-0.0701199533799205
POR,1899-11-18,26.55153036744,12.27237,139.85442,189851.20647198707,0.03847800205787788,0.04428970102550167
POR,1900-11-10,24.4839788492,12.65051,139.85442,175067.60851176528,-0.03960243749196923,-0.040370717905370945
POR,1901-11-16,26.607700272920003,12.84179,139.85442,190252.8377216823,0.01983513480965926,0.015255216110602099
POR,1902-11-29,24.883115886720002,12.92143,130.53941,190617.65245238968,-0.03693482626346367,0.008338988911671397
POR,1903-11-28,23.215235501120002,12.93887,130.53941,177840.8183484206,-0.11583846280312249,-0.11795004405978271
POR,1904-12-11,21.285195731279998,12.03801,129.98081193162955,163756.44539346395,-0.08212789324836545,-0.08749055140897888
POR,1905-12-24,27.9344096746,12.65094,130.53941,213992.1551246478,0.27621565516329327,0.26945859892910295
POR,1906-12-16,31.556168284159998,13.82001,130.53941,241736.71601671862,0.15464498401493132,0.15337222459090838
POR,1907-12-22,33.851609654200004,13.77696,130.53941,259320.99474174122,0.04608453914789612,0.04295393805337211
POR,1909-01-04,32.11703671332,14.97639,134.55579192388402,238689.3663521231,-0.04813373174227509,-0.05019086751705626
POR,1910-01-03,33.1313099832,15.02009,127.79243,259258.78381998057,0.004696776169451855,0.02551707987975571
POR,1911-01-16,26.62404996784,14.16813,129.48624,205612.96681284436,-0.18940630318997143,-0.19980528371957507
POR,1912-01-29,25.82846880224,13.88031,123.7901,208647.28926012662,-0.05263132580850849,-0.03957194806978681
POR,1913-01-21,30.50795856056,14.49334,125.27398,243529.88993053467,0.1300501761120405,0.11269991411930347
POR,1914-01-27,32.55626639876,14.27715,125.27398,259880.5146827777,0.033876000316089394,0.03456423998148206
POR,1915-02-09,32.89915826496,14.56648,125.27398000000001,262617.65024915786,-0.012555247608841524,-0.0148409510708295
POR,1916-02-08,34.127708430919995,14.58162,125.27397999999998,272424.5564076435,0.045467720750804075,0.04774412221401514
POR,1917-02-21,39.6634265456,15.01591,136.36304,290866.4000567895,0.06564199951140837,-0.024754986047642036
POR,1918-03-06,45.639401046719996,15.13963,136.36304,334690.4047219833,0.06540194461153281,0.08605097850728671
POR,1919-02-26,43.184925461599995,15.58971,142.40043,303264.0102392949,-0.05658399951690685,-0.09075728555152829
POR,1920-03-04,45.0983749632,15.87457,138.91489768928054,324647.5051514943,0.005493324479687756,0.011849591396162262
POR,1921-03-17,45.508558707560006,16.02397,142.40043,319581.6101648008,-0.04627095931859493,-0.038002877545458724
POR,1922-03-16,51.85785284992,15.72855,154.40428,335857.61256048083,0.07470312288245773,-0.0002338461234754341
FRA,1853-07-12,33.9363675066,10.39394,451.7429,75123.18955450102,0.005423097529698051,0.0037871305424828083
FRA,1854-07-25,35.08761159436,10.48318,451.7429,77671.63932041876,0.02808361327576958,0.028312932101565602
FRA,1855-07-24,35.50917856356,10.58751,457.3085718182552,77648.18057613877,0.003365881678998317,0.005400497306785823
FRA,1856-08-06,37.566185000759994,10.72724,454.60322,82635.1054019371,0.04812378548154417,0.03940352895361632
FRA,1857-08-19,38.694403270120006,10.63521,458.3777400000001,84415.9737558809,0.03498269133100118,0.029189162998925378
FRA,1858-08-11,42.14063759048,10.8508,483.92716,87080.53829935893,0.060308113638134264,0.0023092818383734226
FRA,1859-08-17,43.31537434952,11.10368,483.5886581784348,89570.69943012904,0.024307350965553143,0.024251369351850016
FRA,1860-08-30,45.58433417356,11.11915,488.62781000000007,93290.50299769061,0.03982617544320877,0.03373822111230784
FRA,1861-08-29,46.525932050520005,11.02899,489.76277123540723,94996.87355402735,0.013627056326080744,0.01219045613235048
FRA,1862-09-11,46.25448040668,10.79665,498.0952500000001,92862.72135034413,-0.007409583979184675,-0.019497869398886203
FRA,1863-09-24,48.86209963388,10.48925,517.3372393782421,94449.22173513848,0.04098044304812398,0.029735711407332666
FRA,1864-09-16,49.060573715400004,10.66479,530.93407,92404.26728576676,-0.003507678339468079,-0.017678111410581288
FRA,1865-09-22,49.02271997272,11.07573,531.4026120222504,92251.56004816055,0.005308831618528798,0.006435533612565436
FRA,1866-10-05,53.314973036,11.06415,468.48459,113803.0453381615,0.06008911900150582,0.06445096305287756
FRA,1867-10-04,54.65999713304,11.08849,474.3537,115230.46438351805,0.01951130690603975,0.012941944812519424
FRA,1868-10-17,58.18846056556,11.02885,487.73252,119304.04100501644,0.047684025687885656,0.033908780751407575
FRA,1869-10-30,59.0637833604,11.35513,488.26912,120965.63337939537,0.008851717101727052,-0.007570327016755751
FRA,1870-10-22,62.01250348488,11.32512,496.40778,124922.5052131133,0.041672753164663456,0.028302202749873384
FRA,1871-10-28,62.96248747308,11.31033,503.13202,125141.08617670566,0.007399533300481709,-0.003816023593953277
FRA,1872-11-10,64.25683604808,11.29771,497.18565,129241.1316539003,0.00650552349695932,0.01536703660384009
FRA,1873-11-09,64.87094687631999,12.13096,503.11381,128938.91121040784,0.014329339052606915,0.004549995463655865
FRA,1874-11-22,69.2971767098,12.05793,525.77465,131800.14804783763,0.049150193649223795,0.013376774322984897
FRA,1875-12-05,71.0997181596,12.15474,521.52275,136331.00024802372,0.025436170565596106,0.030622612921547443
FRA,1876-11-27,71.91732022228,12.1194,527.83529,136249.54902556818,0.011855829391604233,-0.00017942508092805287
FRA,1877-12-03,71.94021146468,11.77954,538.12233,133687.4674289766,0.00187140276907094,-0.0066428300911925975
FRA,1878-12-16,74.14421450436001,11.39147,540.986509147118,137053.72176701901,0.028160206326111936,0.02668705157364082
FRA,1879-12-15,74.32895080468,11.83816,542.98379,136889.81544859748,0.009182888610745676,0.004228065685949689
FRA,1880-12-28,78.06051651996,11.85422,539.1817141813864,144775.8973771496,0.053755780954028554,0.05164573290203789
FRA,1882-01-10,80.264434965,11.95641,545.13395,147238.00446660863,0.014942053745580441,0.015592971833077396
FRA,1883-01-02,84.92592957992,12.01867,549.84527,154454.2332425993,0.04166477460411033,0.03248390089901898
FRA,1884-01-08,92.3085304024,12.21022,557.64946,165531.46200912667,0.04263164912428108,0.028604605854523957
FRA,1885-01-21,98.54292094608,12.38961,560.6395878240933,175768.75248595345,0.05572808422682085,0.04823956361431003
FRA,1886-01-20,101.14351932932,12.5802,561.21425,180222.64995822895,0.027214962784554153,0.02901418996138916
FRA,1887-02-02,108.90743471088,13.00435,561.21425,194056.78795732645,0.07039337900114462,0.0682650946107799
FRA,1888-02-15,116.71975951792,13.02762,561.21425,207977.18432473874,0.07006117429726544,0.06965430895518998
FRA,1889-02-07,116.79503026100001,13.0997,597.37584,195513.481531158,0.0008502039501088188,-0.060672326891035855
FRA,1890-02-13,114.11584659124,13.50014,597.37584,191028.56016279466,0.0034332000863013246,0.0025994611639019727
FRA,1891-02-26,106.25237649156,12.39302,597.37584,177865.20541500303,0.02325858231710498,0.006950134896752447
FRA,1892-02-25,113.14361942416001,12.29558,603.7789835691847,187392.4440948934,0.06868307421929076,0.07003315305968494
FRA,1893-03-10,113.90268055451999,12.42007,589.86391,193099.9313969217,-0.0006351337439993721,0.001067502731310288
FRA,1894-03-23,126.05109031892,12.45124,616.2466420158202,204546.49441429984,0.07310355462522145,0.06566073956650809
FRA,1895-03-15,125.01112741832,12.57153,612.16778,204210.56367638297,-0.002127245571355574,-0.011110397906299974
FRA,1896-03-21,127.78380688060001,12.46626,619.619519792514,206229.4727632043,0.011695964176949403,0.003136591099194508
FRA,1897-04-03,130.25048404316001,12.71016,662.07213,196731.56162480364,0.016919018512885575,-0.051719431804430394
FRA,1898-04-02,135.10353566268,12.16761,662.07213,204061.65663955678,0.014220735621610636,0.013905759523454408
FRA,1899-04-15,138.81199071064,12.16045,642.64574,216000.79494908036,0.028008000531179356,0.05844824503535473
FRA,1900-04-28,146.10995080344,12.25568,652.621259233442,223881.6905459965,0.03483186982948849,0.03025123156168741
FRA,1901-04-20,148.69929307428,11.52053,651.9447,228085.74573009028,0.01873862325613529,0.009606414709046218
FRA,1902-04-26,155.64975510291998,12.19852,658.69079,236301.70250736314,0.05666481091308251,0.043562519517022835
FRA,1903-05-09,164.18675792012,12.333,661.92386,248044.77953116843,0.04721331835088205,0.04372981761307315
KAT,1837-01-13,0.01049140092,6.90091,0.44442,23606.950452274876,0,0
KAT,1838-01-19,0.01288498536,7.09824,0.45042,28606.60130544825,0.24975685302206063,0.23691919798268568
KAT,1839-01-25,0.013367617120000001,7.09091,0.45679,29264.250793581297,0.009531077635961616,-0.000792139167527961
KAT,1840-01-31,0.01363504636,7.08974,0.46275,29465.254154511076,0.01616366186927154,0.006101479590296277
KAT,1841-02-06,0.0107633136,7.78661,0.46968,22916.26980071538,-0.20382653525439032,-0.21241194027178745
KAT,1842-02-12,0.010876008,7.75985,0.47677,22811.85477274157,0.008275203355008642,-0.003379052551941264
KAT,1843-02-18,0.011099724480000002,7.00142,0.48261,22999.36694225151,0.041393094372016215,0.03187699475571937
KAT,1844-02-24,0.01240928,7.78839,0.48983,25333.850519568015,0.11503624874214013,0.10304755466282334
KAT,1845-03-02,0.01141200684,7.74138,0.4965899999999999,22980.742342777747,-0.0738823205175394,-0.08355502924575975
KAT,1846-03-08,0.0116084982,7.74913,0.50322,23068.43567425778,0.0196120135999307,0.009243190661849754
KAT,1847-03-14,0.011933243920000001,7.75286,0.51015,23391.637596785262,0.025981867242426127,0.01576174083072779
KAT,1848-03-20,0.0103390612,8.58498,0.51724,19988.904957079885,-0.13710351923434205,-0.14607625541225921
KAT,1849-03-26,0.01049424532,8.48068,0.52523,19980.285436856237,-0.03834494134900013,-0.04956115635204028
KAT,1850-04-01,0.010631330319999998,8.48411,0.53324,19937.23336583902,0.06961435184537135,0.05770156047639441
KAT,1851-04-07,0.01109605172,8.48624,0.54092,20513.295348665237,0.040516782172028476,0.02908587178189137
KAT,1852-04-13,0.011538885280000001,8.4034,0.54897,21019.154562180083,-0.006441260586767306,-0.016983759321010372
KAT,1853-04-19,0.01123692856,8.40276,0.55641,20195.410866087957,-0.025278393127237564,-0.03539466325333418
KAT,1854-04-25,0.01137607484,8.29223,0.56355,20186.45167243368,-0.039672537222830706,-0.0490871438127205
KAT,1855-05-01,0.01149953896,8.29295,0.57098,20140.0030824197,0.06567035597727466,0.05557796706537843
KAT,1856-05-07,0.01154012028,7.74788,0.57724,19991.892938812278,0.003233066256406847,-0.0051572351190809496
KAT,1857-05-13,0.0116671932,7.76706,0.58317,20006.504449817377,0.0009466875740844483,-0.006806075712141646
KAT,1858-05-19,0.01176061016,7.7826,0.58946,19951.498252638008,0.006069904539720783,-0.0016598849288779194
KAT,1859-05-25,0.012304510920000001,7.52088,0.59347,20733.164136350613,-0.03555294212276028,-0.04062815079682791
KAT,1860-05-31,0.01259068356,7.55635,0.59703,21088.86246922265,0.1058495876163068,0.10105770014575777
KAT,1861-06-06,0.01609607376,7.90655,0.60018,26818.743976806956,0.28043312021965483,0.27548432438724846
KAT,1862-06-12,0.016653615160000003,7.90354,0.60342,27598.7126048192,-0.007544313417948256,-0.011803442518876106
KAT,1863-06-18,0.0349218688,4.8486,0.59991,58211.8464436332,1.0917126133716795,1.100059558858522
KAT,1864-06-24,0.034519692479999996,4.50572,0.57844,59677.22232210774,-0.010809196792645248,0.01619344841030923
KAT,1865-06-30,0.03375235552,5.58136,0.56152,60108.91067103575,-0.18603751092282295,-0.1687611152494144
KAT,1866-07-06,0.032088748640000005,5.43363,0.53703,59752.245945291696,-0.04050898725338037,-0.007994547815292963
KAT,1867-07-12,0.030727164,5.73125,0.5111,60119.67129720211,-0.03205268493170421,0.004711516666983551
KAT,1868-07-18,0.0300437176,5.88531,0.49303,60936.89552359896,-0.01600905393005103,0.00696512934982807
KAT,1869-07-24,0.028819348999999998,5.83756,0.46959,61371.300496177515,-0.030775221890135374,0.005181061620947558
KAT,1870-07-30,0.02062745204,6.29077,0.44975,45864.262456920515,-0.2817606824591298,-0.25502450769368257
KAT,1871-08-05,0.02512806608,6.24512,0.43203,58162.780547647155,-0.12672093390933392,-0.0986801269938784
KAT,1872-08-11,0.02534807548,3.83335,0.40134,63158.60736532616,-0.011272096155190314,0.04699184646105459
KAT,1873-08-17,0.02284221264,3.68425,0.37026,61692.35845081835,-0.053823061158636554,0.006449567244327881
KAT,1874-08-23,0.02061366892,3.75348,0.34334,60038.64658938662,-0.06981828280831393,-0.017720847387247995
KAT,1875-08-29,0.018182164,4.19453,0.32631,55720.52342864148,-0.10303011505404636,-0.06619275555960014
KAT,1876-09-04,0.0136047054,4.1957,0.25784,52764.13822525597,-0.1273201095326627,0.021725691204415032
KAT,1877-09-10,0.016695600999999997,4.027,0.30072,55518.758313381215,0.2497976086402438,0.12240942172714009
KAT,1878-09-16,0.01568161972,4.08183,0.28832,54389.63554384017,-0.03060951638266851,0.0006799316850347736
KAT,1879-09-22,0.01490869848,4.13308,0.27766,53694.080818266935,-0.03825319184980325,-0.010765255696482345
KAT,1880-09-28,0.01373282716,3.87418,0.26801,51239.98044849073,-0.07678026888917566,-0.05137394497272729
KAT,1881-10-04,0.01345479824,4.17286,0.25952,51844.93773119606,-0.01524818856255028,0.01014359525383024
KAT,1882-10-10,0.01288370616,4.21583,0.25188,51150.17532158171,-0.03102036824921761,-0.010740409727100664
KAT,1883-10-16,0.01244503416,4.23659,0.24676000000000003,50433.758145566535,-0.0342986764950155,-0.017491743097504564
KAT,1884-10-22,0.01205474504,4.25326,0.2405,50123.68,-0.02794004885663337,-0.010477156086628803
KAT,1885-10-28,0.01155761048,3.29409,0.23418,49353.53352122299,-0.03389326572839879,-0.013204335208736762
KAT,1886-11-03,0.0077784699199999995,4.02541,0.18872,41216.98770665536,-0.13814553484699288,-0.02145734724619941
KAT,1887-11-09,0.010412940720000001,3.47564,0.22488,46304.43223052295,0.373555509692421,0.1961586473195993
KAT,1888-11-15,0.01011243272,3.50434,0.22067,45826.04214437849,-0.02556507245322448,-0.010703622277219771
KAT,1889-11-21,0.0093607826,5.11512,0.21676,43185.00922679461,-0.060587335514698304,-0.04669220182940903
KAT,1890-11-27,0.00982169032,5.68176,0.21519,45641.94581532599,0.03890764863213403,0.04416353859448985
KAT,1891-12-03,0.00975127036,5.33946,0.21414,45536.89343420193,-0.021620225135452475,-0.018874105856783174
KAT,1892-12-09,0.009721459279999999,5.38735,0.21362,45508.188746372056,-0.0017033694106738384,0.0006960516253893267
KAT,1893-12-15,0.00974517856,4.9056,0.21195,45978.66742156169,-0.007850654342630436,-0.0024367338221119583
KAT,1894-12-21,0.00955493292,5.28515,0.2093,45651.85341614906,-0.012689990737479229,-0.002280873654737836
KAT,1895-12-27,0.00950630408,5.01373,0.20824,45650.71110257395,-0.016584537885513284,-0.01319782833615124
KAT,1897-01-02,0.0095166916,5.91405,0.20807,45737.932426587206,0.001556230223228372,0.002571955702250328
KAT,1898-01-08,0.009546718999999999,6.91715,0.20791,45917.55567312779,0.004676919680542513,0.003360125386025148
KAT,1899-01-14,0.00956962084,7.00932,0.20832,45937.12000768049,0.0024499592175522,0.0020470367717666527
KAT,1900-01-20,0.0058372366,4.51581,0.15971999999999997,36546.68544953669,-0.1333686041509109,-0.01089525361257071
KAT,1901-01-26,0.00885611584,7.195,0.20855999999999997,42463.156118143466,0.5296666374411603,0.19529844306136535
KAT,1902-02-01,0.00435428136,9.31232,0.21018,20716.91578646874,-0.47872916438607815,-0.48179645574902186
KAT,1903-02-07,0.0100461478,8.06309,0.21416,46909.543332088164,1.1289154546720885,1.097728421390665
KAT,1904-02-13,0.00912634008,5.76702,0.21348,42750.32827431141,-0.08780245214583593,-0.08533939386608458
KAT,1905-02-19,0.00744512964,8.32101,0.21504,34622.068638392855,-0.08543075324608473,-0.09027387428160649
KAT,1906-02-25,0.00498692116,9.31561,0.21821,22853.770038036753,-0.38827941429909807,-0.3949862648004282
KAT,1907-03-03,0.00898398696,8.49748,0.22245,40386.54511126096,0.528400752981379,0.5058246914858151
KAT,1908-03-09,0.01048688212,3.68782,0.21993,47682.81780566544,0.04384104223319185,0.05457937606498664
KAT,1909-03-15,0.00514121036,5.62254,0.21262,24180.276361584045,-0.4637884320366594,-0.45190760278481534
KAT,1910-03-21,0.004608838,6.62388,0.19655,23448.679725260747,-0.05529373338950028,0.0029000058067147894
KAT,1911-03-27,0.00337202268,6.75748,0.17104,19714.819223573435,-0.19870276769566086,-0.09841671429357157
KAT,1912-04-02,0.00313613352,6.27015,0.1685,18612.06836795252,-0.1067443731248483,-0.06628200575289844
KAT,1913-04-08,0.0026977813200000002,7.62461,0.1574,17139.65260482846,-0.3595479101844865,-0.2517689796785336
KAT,1914-04-14,0.00215053904,5.86546,0.14619,14710.575552363365,-0.14396139051028845,-0.09327182863254158
KAT,1915-04-20,0.00173198376,7.26298,0.13578,12755.809102960671,-0.20329084690803945,-0.1572973901554381
KAT,1916-04-26,0.0014574196,6.57842,0.12598,11568.658517224954,-0.17172053293456324,-0.12504695940196553
KAT,1917-05-02,0.00111613008,6.03818,0.11717,9525.732525390458,-0.19663165774616842,-0.15096647926979978
KAT,1918-05-08,0.0004872582,5.42812,0.20623,2362.6931096348735,0.0013931781475156058,-0.44021563032592037
KAT,1919-05-14,0.00177401432,4.22416,0.18899,9386.815810360336,-0.06615263560585694,-0.005618751426827329
KAT,1920-05-20,0.00128842428,4.19917,0.17341,7429.93068450493,-0.22102550426904177,-0.1683961411015651
KAT,1921-05-26,0.00084414148,4.39083,0.15894,5311.07008934189,-0.26180074897982686,-0.21229527255877678
KAT,1922-06-01,0.00024993956,5.54848,0.12487,2001.5981420677506,-0.5159762650629065,-0.4459156610837234
KAT,1923-06-07,0.0001698138,5.6437,0.11545,1470.8860978778691,-0.2902313340159042,-0.2463654983673964
KAT,1924-06-13,0.00016339856,5.76122,0.10666,1531.957247327958,-0.03182239477802018,0.027242697643499847
KAT,1925-06-19,0.00014551784000000001,6.41012,0.09887,1471.8098513199152,-0.09860351686574242,-0.04523253853089215
KAT,1926-06-25,0.00013120276000000002,6.53064,0.09187,1428.1349733318823,-0.07788085181399962,-0.024758204443736997
KAT,1927-07-01,0.00013194012,6.65238,0.0853,1546.777491207503,0.006427583505037804,0.06308164894128465
KAT,1928-06-16,0.0001190176,7.08313,0.08007,1486.41938303984,-0.05544901681499781,-0.005284503115387862
WAL,1837-01-13,1.67988885844,8.34592,22.46227,74787.13676044319,0,0
WAL,1838-01-19,1.6509777429599999,8.39502,22.514,73331.16029848094,0.013236608564661134,0.012582263518626569
WAL,1839-01-25,1.69620517456,8.33015,22.64763,74895.482421781,-0.01787434938676713,-0.02403034703132767
WAL,1840-01-31,1.74701705152,8.55126,22.766509999999997,76736.26970141669,0.007861540654888532,0.0040174206008603
WAL,1841-02-06,1.915708678,8.42114,22.93061,83543.7294515933,0.04969493801280933,0.04405662822869738
WAL,1842-02-12,1.9256062867600001,9.77092,22.92209,84006.57561156072,0.00041875812891190023,-0.00006407860267176879
WAL,1843-02-18,1.9225059609600001,9.85676,23.06569,83349.16323595782,-0.022343722822106726,-0.026335983435489152
WAL,1844-02-24,2.18684393668,9.79606,23.23037,94137.28393822396,0.1234681947321894,0.11731476542877917
WAL,1845-03-02,2.17636996148,9.88302,23.25483,93587.86804633705,-0.027021918185411775,-0.02895078593927891
WAL,1846-03-08,2.3903016633600003,10.04914,23.31282,102531.63981706204,0.08397776781668398,0.0797425641558267
WAL,1847-03-14,2.48242138196,10.05394,23.44345,105889.76374893627,0.0078069658626500615,0.0028969438058641384
WAL,1848-03-20,2.4266431118800003,10.20153,23.58424,102892.57198366367,-0.047684154997854944,-0.05176435756113784
WAL,1849-03-26,2.51159034776,10.40776,23.68973,106020.21837142085,0.04746645817787343,0.04351032450770487
WAL,1850-04-01,2.5952426318,11.28404,21.63101,119977.87582734233,0.015181145992005263,0.09913636347582
WAL,1851-04-07,2.9402182576,11.77169,21.10909,139286.83129400652,0.06798493314943355,0.0799225461994737
WAL,1852-04-13,3.3863301456399997,11.93567,21.27409,159176.26303357744,0.08734917616907434,0.08135118618194537
WAL,1853-04-19,3.69358819804,12.14774,21.47087,172027.8776798518,0.03760644228583998,0.030413270238567547
WAL,1854-04-25,3.8312366872,12.32031,21.77942,175910.86848042786,0.020584806352914153,0.009638163742431871
WAL,1855-05-01,4.03848799068,12.2482,21.97551,183772.20782043284,0.04280956070541109,0.035925357901551935
WAL,1856-05-07,4.480201230960001,12.42223,22.2628,201241.58825304997,0.08929738103081863,0.07851216110184689
WAL,1857-05-13,4.15168126256,12.8138,22.51117,184427.6091629178,-0.05688594725014007,-0.06498079469819673
WAL,1858-05-19,4.36579346476,12.64372,22.63648,192865.38652476005,0.00798518255851155,0.0035874708481178352
WAL,1859-05-25,4.46008385056,12.81746,22.74236,196113.5014378455,-0.04188134674452548,-0.04549668303790033
WAL,1860-05-31,4.44614914016,12.85161,23.0558,192842.97834644644,-0.0010633725760386126,-0.011037155947681954
WAL,1861-06-06,3.24840849996,11.03958,23.38931,138884.32364870963,-0.24229738219156072,-0.25079712181327374
WAL,1862-06-12,4.45761330092,12.71424,23.71195,187990.16111791733,0.4425078118741059,0.4276084799461848
WAL,1863-06-18,4.631763788080001,13.21508,24.12295,192006.52441264442,0.07985004348938607,0.06593668492906479
WAL,1864-06-24,5.12570135012,13.23121,24.55508,208743.01163425244,0.07632444680813122,0.06183938084312679
WAL,1865-06-30,5.34889865328,13.65552,25.01949,213789.27601162135,0.05812718677642481,0.04347060399247571
WAL,1866-07-06,5.79958031016,14.02203,25.48443,227573.47565395813,0.07584039113933705,0.060932154047369735
WAL,1867-07-12,6.07952817212,13.97402,25.9564,234220.77684578756,0.02127004402122612,0.007057762886927943
WAL,1868-07-18,5.8820548982,13.89578,26.45073,222377.7906394266,-0.014410329576469927,-0.028017270401253125
WAL,1869-07-24,5.8238185408,13.96343,26.924889999999998,216298.69391481264,0.018379767612113573,0.004554974009965962
WAL,1870-07-30,6.44458074572,13.89458,27.43365,234915.1770077988,0.06683630045243127,0.0519675382172311
WAL,1871-08-05,6.93816256744,14.16483,27.96461,248105.1073996741,0.04972596211980829,0.03519747503668369
WAL,1872-08-11,6.92783431028,14.26527,28.48896,243176.1043674462,0.02939523314930903,0.014933610376920647
WAL,1873-08-17,6.7675192884,13.76664,29.00599,233314.54256172603,-0.008927939335994117,-0.022112379022093287
WAL,1874-08-23,7.15662670216,13.509,29.58873,241870.01950269577,0.06877276037973146,0.053637295294901355
WAL,1875-08-29,7.77835046456,13.58192,30.39179,255935.91113126275,0.061643742408980184,0.04108786076067128
WAL,1876-09-04,8.18311579956,13.7574,31.1442,262749.26951278246,0.03777898227855747,0.019166939981259734
WAL,1877-09-10,8.544310577400001,14.05846,31.856379999999998,268213.48117394384,0.05464630002605175,0.03612365642494986
WAL,1878-09-16,8.54800373752,13.77713,32.61945,262052.3564168004,0.02264809399772738,0.004046833085193491
WAL,1879-09-22,8.728430412,13.72416,33.4127,261230.9215358232,0.02537094265934825,0.006819913535217159
WAL,1880-09-28,9.242168010399999,13.70436,34.23741,269943.5503561747,0.05877014181914886,0.03910428686389511
WAL,1881-10-04,9.64349612304,13.81878,34.62214,278535.5302427868,0.0297342917698451,0.01433539786614868
WAL,1882-10-10,9.53966525252,14.21879,33.11958,288037.0237943839,-0.02524017281104962,0.014125519120845809
WAL,1883-10-16,11.19022536684,14.61348,33.94388,329668.42231471476,0.06753702485332957,0.047795308809428505
WAL,1884-10-22,11.63526531856,14.88187,34.96943,332726.7650219063,-0.01967197802552212,-0.04149100894045421
WAL,1885-10-28,12.07446055452,15.64906,35.94165,335946.1948608369,-0.015889580682856952,-0.03655347679241083
WAL,1886-11-03,12.23639143116,16.38731,36.91134,331507.64592019684,0.021658671607770685,0.0013639080401677273
WAL,1887-11-09,11.771247709519999,16.74326,35.89876,327901.23417967634,-0.017084451262838862,0.004973160716971847
WAL,1888-11-15,12.167777720279998,17.44958,35.68228,341003.36974767304,0.021184186978678854,0.025642928202329607
WAL,1889-11-21,12.89493239632,17.30471,36.47468,353531.0630914377,0.059013923505659927,0.04136298064343813
WAL,1890-11-27,14.137747040039999,16.57038,37.21109,379933.6982614591,0.07466146894524162,0.05883508842036833
WAL,1891-12-03,14.720558317399998,16.88168,37.92236,388176.21892202913,0.024114712117726977,0.009431969925239647
WAL,1892-12-09,15.37899868232,17.31256,38.61612,398253.3377853601,0.03559600614282954,0.021584120349028346
WAL,1893-12-15,15.51868484348,17.45168,39.23056,395576.4292806425,0.01647378658655696,0.004683446500905131
WAL,1894-12-21,16.72148091432,17.51156,40.14484,416528.7721739581,0.05373308587666048,0.034871784258136085
WAL,1895-12-27,17.979887382599998,17.55486,41.26521,435715.397609754,0.10389362625035004,0.08197252854068404
WAL,1897-01-02,18.89514390504,17.73019,42.45224,445091.79975049605,0.020279396042757414,-0.0006941864982125123
WAL,1898-01-08,18.665002317000003,17.69867,43.47068,429369.9182299426,0.015859967620482696,-0.00265656280526394
WAL,1899-01-14,19.88926453644,17.36956,44.30393,448927.7708871425,0.0438115263038632,0.02914909432132262
WAL,1900-01-20,21.45034344076,17.91776,45.29331,473587.45564764424,0.05489581158211565,0.037568501626484174
WAL,1901-01-26,22.0560240732,18.00376,46.38836,475464.6224440786,0.03478427969098297,0.01652802868040837
WAL,1902-02-01,23.00218458668,17.92177,47.46218,484642.3949907063,0.030801677881834744,0.013395441251058626
WAL,1903-02-07,23.71638488908,18.35431,48.60356,487955.7153648827,0.015353230254518513,-0.002375701806125452
WAL,1904-02-13,23.43324523748,18.22,49.75222,470998.98733121855,0.009234072361183232,-0.008149672579678469
WAL,1905-02-19,24.02503891268,17.4611,50.6613,474228.6303880872,0.01584607445934716,0.0031217247780801483
WAL,1906-02-25,24.31675033944,17.49955,51.38434,473232.7074637915,0.02280644218839556,0.011809215566096265
WAL,1907-03-03,25.4988950138,17.43158,52.13942,489052.141619527,0.05113562100964142,0.039863102326603395
WAL,1908-03-09,24.06926748096,14.89468,52.80498,455814.34707408276,-0.1690009211948199,-0.17649342035540583
WAL,1909-03-15,25.94052736028,14.67314,53.64458,483562.8755091381,0.04002592320932852,0.027902946994479816
WAL,1910-03-21,26.342091052159997,15.50631,54.04403,487419.07389511843,0.022212887008160154,0.01681550153146616
WAL,1911-03-27,28.16468393336,15.8551,54.60412,515797.7810714649,0.04421246862735151,0.035696243001532624
WAL,1912-04-02,27.632174079640002,15.86703,55.25543,500080.6993926208,-0.02738657715197501,-0.035908110131420146
WAL,1913-04-08,28.76265347904,16.09005,55.88887,514640.09701824357,0.027202560374926188,0.018335314416135784
WAL,1914-04-14,29.1779411456,15.10835,56.36617,517649.88016038697,0.01312039775849727,0.006471403693574684
WAL,1915-04-20,30.601220863200002,16.27442,57.049009999999996,536402.3120331098,0.025974791460807056,0.01602304902904672
WAL,1916-04-26,31.714407557039998,16.71009,58.070589999999996,546135.445791751,0.03455759345468734,0.020459421035082803
WAL,1917-05-02,33.60468065344,17.32364,59.18426999999999,567797.5018267523,0.05030865470205992,0.03565772220204022
WAL,1918-05-08,26.08778442816,16.46587,59.99882,434804.9583001799,-0.08652332040148458,-0.09524876390804748
WAL,1919-05-14,30.57935243012,15.99309,61.15146,500059.2370177261,0.0621407800235676,0.04705955499196657
WAL,1920-05-20,32.68111279316,16.92413,62.11625999999999,526128.1473346915,0.04880788009115378,0.03656011825388106
WAL,1921-05-26,34.3714005154,17.37074,62.92273999999999,546247.6763631082,0.05437153515846416,0.044192069528242284
WAL,1922-06-01,36.14384968168,18.16688,63.70653000000001,567349.2133644698,0.049941219779249035,0.04000503162676705
WAL,1923-06-07,36.1140583934,18.67613,64.50691,559847.9045640227,-0.000301252823495024,-0.009627317867525464
WAL,1924-06-13,38.0436416906,18.23306,65.41111,581608.2572303085,0.03409883541468095,0.02320450364794646
WAL,1925-06-19,41.33606605908,19.45613,66.40624,622472.617920846,0.041652746793928275,0.02992162924791164
WAL,1926-06-25,41.572521990999995,19.52406,67.33638,617385.7577582875,-0.0009983212184985213,-0.011345875101298697
WAL,1927-07-01,41.16572808088,20.16658,68.2239,603391.5985582765,-0.0353817508762958,-0.044511318962538016
WAL,1928-06-09,43.905419130560006,20.48214,68.21494,643633.4786860475,0.030795417134815484,0.029708067932598725
ION,1837-01-13,0.11010904424000001,9.89181,1.91488,57501.798671457225,0,0
ION,1838-01-19,0.19009319524,10.14616,1.9463100000000002,97668.508737046,0.5255393366896508,0.5070934691023288
ION,1839-01-25,0.16606194176,10.29291,1.98558,83633.97181679912,-0.10224052797900995,-0.1152923136883458
ION,1840-01-31,0.1613131494,10.06852,2.02266,79752.97351013022,-0.039510950443893966,-0.053236830881981057
ION,1841-02-06,0.16259998092,10.04637,2.06076,78902.91975775927,0.02388490679353139,0.00962348146062908
ION,1842-02-12,0.16394501603999997,10.03067,2.09988,78073.51660094861,-0.0007789087336880218,-0.014637104878243212
ION,1843-02-18,0.17033843424,9.90208,2.13792,79674.84014369108,0.048869082550765164,0.03445008077946543
ION,1844-02-24,0.17705839371999998,9.89231,2.17812,81289.54957486273,-0.021689914100969654,-0.034860241613776766
ION,1845-03-02,0.20348048759999998,10.38714,2.17187,93689.07328707518,0.13470065190103564,0.13929082686613703
ION,1846-03-08,0.2154160866,10.63864,2.18675,98509.70005716247,0.008351064518176132,0.002364303587994998
ION,1847-03-14,0.21030072596000002,10.84124,2.19969,95604.71064559098,-0.03071870365606355,-0.03391365609889019
ION,1848-03-20,0.210510001,10.84631,2.22379,94662.71590392977,-0.006245922277843929,-0.014910810767950422
ION,1849-03-26,0.2322075236,10.95465,2.22516,104355.42774452174,0.041717763723913226,0.043150521623753546
ION,1850-04-01,0.28638853048,11.1973,2.2473,127436.71538290393,0.08934630343343852,0.08165608954583203
ION,1851-04-07,0.41826919679999996,11.06182,2.05943,203099.49685107043,0.2573319664851357,0.35700084262257525
ION,1852-04-13,0.46288665279999996,10.26943,2.0834,222178.48363252374,0.06910433508925795,0.05983525029020864
ION,1853-04-19,0.54762799832,11.4383,2.12797,257347.61219378095,0.2065401775108373,0.18472467498639844
ION,1854-04-25,0.50150152104,12.74814,2.1693,231181.26632554285,-0.034780595138458215,-0.046635183619673004
ION,1855-05-01,0.5061723487600001,12.46605,2.23372,226605.1021435095,0.019797588413975387,-0.002029793433793614
ION,1856-05-07,0.5693149633600001,12.00135,2.31047,246406.55942730268,0.09852604051689617,0.06709384631106974
ION,1857-05-13,0.7029303377199999,12.26552,2.3627,297511.46473102807,0.15868791520677838,0.13894165558222693
ION,1858-05-19,0.6963435154000001,12.4941,2.41802,287980.8750134408,-0.05652856696730202,-0.07432674129888373
ION,1859-05-25,0.71302045048,12.4013,2.4703900000000005,288626.67452507495,0.03133483889383237,0.012876266856439722
ION,1860-05-31,0.69351998248,13.13588,2.50852,276465.7975539362,-0.01681060018299796,-0.027980714882666957
ION,1861-06-06,0.70489878888,13.40901,2.55167,276249.98094581196,-0.03407104285243867,-0.04649870808330914
ION,1862-06-12,0.64655354868,13.14259,2.61382,247359.63022702406,-0.07042150710054418,-0.08811670806301908
ION,1863-06-18,0.69952350988,12.95695,2.70198,258892.92662417932,0.06408788718070046,0.03724186388361739
ION,1864-06-24,0.7312249911200001,12.89287,2.74882,266014.14102051064,0.07468418595985327,0.060814078488968804
ION,1865-06-30,0.7262677084,12.78026,2.79963,259415.60434771737,-0.016012817108843835,-0.029536767743301606
ION,1866-07-06,0.70374792852,12.65338,2.85149,246800.06891835495,0.014430917128046339,0.0006012936678456704
ION,1867-07-12,0.42061759272,10.3758,2.89934,145073.56595639008,-0.3197420839254128,-0.32827563794508596
ION,1868-07-18,0.73055226296,11.78476,2.9495,247686.81571791827,0.5158248982209441,0.49604376955242313
ION,1869-07-24,0.6941471264,12.30786,2.99686,231624.80943387412,-0.10770435336551132,-0.11811021341771077
ION,1870-07-30,0.7351966856,12.03584,3.07022,239460.58771032694,0.018175188219442973,-0.002069406845333188
ION,1871-08-05,0.74523411144,12.83796,3.14465,236984.75551810217,-0.022933140797781193,-0.04195036414500719
ION,1872-08-11,0.77113754796,13.07459,3.25007,237267.9812927106,0.007973500342022932,-0.015532691665899101
ION,1873-08-17,0.82408668836,13.58247,3.30983,248981.57559753826,0.06950440199028884,0.05496354652010926
ION,1874-08-23,0.72220947916,13.5592,3.37222,214164.40183617914,-0.0897031477559933,-0.10244259922750398
ION,1875-08-29,0.73848236124,13.84865,3.43533,214966.93512413654,-0.009459214158608176,-0.023197624506162473
ION,1876-09-04,0.78333480368,13.49187,3.49462,224154.50139929377,0.05245308118164216,0.03888934784190301
ION,1877-09-10,0.8143540626,14.02455,3.55422,229123.14448739807,0.04413685615256502,0.031138806411880493
ION,1878-09-16,0.89232186316,13.87151,3.61388,246915.18898247866,0.10913216680048632,0.0950777103984628
ION,1879-09-22,0.79936702352,13.88664,3.7520299999999995,213049.2089668793,-0.11234049607610974,-0.13789277561807367
ION,1880-09-28,0.78048439976,13.99867,3.81823,204410.00142998196,-0.006208739922230255,-0.01901835982311928
ION,1881-10-04,1.0272484877199999,14.3444,3.92994,261390.37433650385,0.20859744794461688,0.18023323966080196
ION,1882-10-10,1.0878613694,14.76311,4.03406,269669.10987937707,0.0510522845329584,0.02882924091387351
ION,1883-10-16,1.216813065,14.96027,4.11154,295950.68149647093,0.08368732255633415,0.06813272844566232
ION,1884-10-22,1.37524793328,15.3223,4.39881,312640.90362620796,0.09802086490699691,0.04091964678959714
ION,1885-10-28,1.5611759774,15.25471,4.54691,343348.77475032496,0.15838414598705852,0.12862929888511876
ION,1886-11-03,1.59414555768,15.46024,4.69449,339578.00691448915,0.019193458817814646,-0.002190427919640192
ION,1887-11-09,1.74161437944,15.32912,4.85257,358905.56538906187,0.05608310422768881,0.02680689612064291
ION,1888-11-15,1.77531243292,15.00354,4.95844,358038.5026177588,0.034163079188286094,0.018772361796786097
ION,1889-11-21,1.82580945612,15.41546,5.08866,358799.6557286201,0.03962282610325718,0.018827515836854714
ION,1890-11-27,2.0165117221599997,15.13226,5.21191,386904.555558327,0.10451525096963366,0.08569471004722451
ION,1891-12-03,2.12203173364,15.51497,5.33464,397783.4931016901,0.04459477986025617,0.029008308519260062
ION,1892-12-09,2.2683550827600003,15.78161,5.43575,417303.0552839995,0.044466519135646365,0.029685110928014513
ION,1893-12-15,2.23091002212,16.12424,5.55906,401310.65721902624,0.021761175488681284,0.003822561788356049
ION,1894-12-21,2.4289115734,16.47082,5.68596,427177.0419419061,0.05435651374655537,0.037605454291438356
ION,1895-12-27,2.68311615,16.62351,5.84217,459267.0446084246,0.06612662081802334,0.04655927747225874
ION,1897-01-02,2.85939696016,17.0386,5.96565,479310.2109845532,0.07361709651868198,0.05683323696514431
ION,1898-01-08,3.0837852151600003,16.75703,6.09422,506018.0326867097,0.0324481114755899,0.015313773675893927
ION,1899-01-14,3.2788679112800003,16.38503,6.29369,520977.02798835025,0.05275910163840214,0.028012714054454824
ION,1900-01-20,3.11621505572,16.33115,6.48853,480265.184212757,-0.006670257511034228,-0.02886340341671423
ION,1901-01-26,3.4065142747999997,16.8014,6.63223,513630.2985270414,0.0717000397342602,0.05570558793931313
ION,1902-02-01,3.13882422984,16.5013,6.74779,465163.2949217448,-0.02894866582589739,-0.04152392884732936
ION,1903-02-07,3.25928329636,15.96086,6.863,474906.49808538536,-0.03056926911858704,-0.04284576546269281
ION,1904-02-13,3.8732126206800004,15.66822,6.9820400000000005,554739.3914500633,0.14595600951133925,0.13096131561984126
ION,1905-02-19,3.66266227912,15.24081,7.12196,514277.2887126578,-0.06466567341411789,-0.0790933270381955
ION,1906-02-25,2.63390948808,15.9051,7.244480000000001,363574.6786629268,-0.08979287083837617,-0.10119460137196878
ION,1907-03-03,3.3452689452,15.39805,7.36781,454038.4381790518,0.2008722888737946,0.18552358335525998
ION,1908-03-09,4.074986382480001,15.47184,7.4940299999999995,543764.3540898556,0.18811249650278739,0.17331719920769584
ION,1909-03-15,4.1958102004,15.57973,7.61822,550759.9150982776,0.04031538670390944,0.027304324407434022
ION,1910-03-21,4.251214034079999,16.36062,7.77756,546599.9663236284,0.049235422653682415,0.034510913820560374
ION,1911-03-27,2.0900320714,15.88404,3.95676,528218.0550248183,-0.052154498134145966,0.029862946848106642
ION,1912-04-02,2.20792678288,15.84315,3.99239,553033.8426055571,0.052119202968721634,0.04447948591788897
ION,1913-04-08,1.51367743592,10.26655,7.94188,190594.34742403563,-0.386774087091836,-0.5849772017474377
ION,1914-04-14,2.05920817336,10.17006,7.706850000000001,267191.9361814489,0.20570584779816858,0.2371469405625375
ION,1915-04-20,2.73833143272,12.46528,7.69547,355836.80174440285,0.08128798004418547,0.08401146058075293
ION,1916-04-26,2.7537734988400002,11.67026,7.82351,351986.9596689977,0.07857737014054145,0.0645239278779064
ION,1917-05-02,3.49543885964,11.6472,7.91662,441531.72182572866,-0.03638937589206703,-0.045576335600104656
ION,1918-05-08,3.61435066044,12.8954,8.03604,449767.62938462227,0.006414075420180021,-0.005280391299569698
ION,1919-05-14,3.53640957644,13.9292,8.17254,432718.5399447418,-0.0573517291713429,-0.06913271581089764
ION,1920-05-20,3.7318826178399997,13.73039,8.31137,449009.32311279606,0.05752094360833815,0.04404284735660946
ION,1921-05-26,3.1664753562,13.27765,8.44843,374800.44886446354,-0.0375051779161969,-0.04930698198215844
ION,1922-06-01,3.2507065749599997,12.78388,8.40674,386678.61441652774,0.03998080255360792,0.04646149459086235
ION,1923-06-07,3.20349870568,13.47296,8.46353,378506.21498121944,-0.07054626742344616,-0.07563819524326143
ION,1924-06-13,3.7924431043199998,13.75546,8.50228,446050.1305908532,0.16998569045995282,0.16618348308245423
ION,1925-06-19,4.443909734160001,14.20196,8.6368,514531.9718136348,0.15962363865606832,0.14555007895839434
ION,1926-06-25,4.42327133092,15.91693,8.78501,503502.13954451954,-0.001836637493407789,-0.014677926016996357
ION,1927-07-01,4.80259463164,16.25387,8.93707,537379.0998213061,0.05290350044681191,0.039366855353209385
ION,1928-06-16,4.89624829928,16.23181,9.08349,539027.2130293533,0.012744989722220046,-0.00028580269091194044
MJT,1837-01-20,0.11428343628,6.12315,3.58094148509239,31914.35457847238,0,0
MJT,1838-01-19,0.09087613443999999,7.00329,3.6344,25004.43936825886,-0.20367959472567576,-0.21523528256025615
MJT,1839-02-01,0.08826542348,8.70227,3.6344,24286.105954215276,-0.02367404204221646,-0.023428740909299695
MJT,1840-02-14,0.10635318304000001,8.71748,3.6344,29262.927316751047,0.09962471277873153,0.11193318512525119
MJT,1841-02-06,0.15748113212,8.08769,3.6344,43330.709916354834,0.3229379655528086,0.307044709604388
MJT,1842-02-12,0.1561897324,8.07035,3.6343999999999994,42975.383116883124,-0.008698644873553874,-0.008879807882014479
MJT,1843-02-25,0.16137682496,8.15775,3.6344,44402.604270305965,0.02443522420966837,0.024989805017324507
MJT,1844-02-24,0.16088039240000002,8.15113,3.6641857314800825,43906.17839533348,0.0028216721296114855,0.0014269955585717309
MJT,1845-03-09,0.17959728904,6.48065,3.6344,49415.93909311028,0.1434980756130042,0.14171170570046
MJT,1846-03-22,0.14508776516000002,7.94869,3.6344,39920.692593000225,-0.024417944772161526,-0.008357305538758242
MJT,1847-03-14,0.14491082112,7.97022,3.6344,39872.006691613475,-0.0009641188946489798,-0.000959702238053195
MJT,1848-03-20,0.14908627136000002,8.03851,3.628170221658848,41091.311116002646,0.02133140268615663,0.020072711001243082
MJT,1849-04-02,0.15281997796,8.04461,3.6344,42048.19996698217,-0.05773309752648548,-0.04535529025538487
MJT,1850-04-01,0.15990906047999998,8.04415,3.6344,43998.750957517055,0.023944733319924083,0.024243856849491152
MJT,1851-04-14,0.15993328416000002,7.96634,3.6344,44005.41606867709,0.00011500153405452629,0.0001477461777088518
MJT,1852-04-27,0.15771773576,7.94203,3.634867578083254,43390.22876953555,-0.013992238881802677,-0.013973967512676433
MJT,1853-04-19,0.15704978276,7.92998,3.6344000000000003,43212.02475236628,-0.003006800345891958,-0.0028905946651959225
MJT,1854-04-25,0.19845960264,7.21361,3.6344,54605.877900066036,0.24631076429573961,0.2449637203064492
MJT,1855-05-08,0.16190999604,8.04596,3.6344,44549.305535989435,0.0098689262217182,-0.008146236729435818
MJT,1856-05-07,0.16928534896,8.2507,3.6344000000000003,46578.62342064715,0.04787105263306701,0.04772258727740941
MJT,1857-05-20,0.1811456816,8.36157,3.6344,49841.97710763813,0.05726290874528228,0.05403714277327176
MJT,1858-06-02,0.17807479508000001,7.73641,3.6344,48997.02704160247,-0.017000518067227133,-0.01664048028051901
MJT,1859-05-25,0.17031040676,7.65806,3.6344,46860.666618974254,-0.030428170803523447,-0.029162868702023115
MJT,1860-05-31,0.17208757228,7.59025,3.6344,47349.65118864187,0.009571857045953314,0.009527802655745932
MJT,1861-06-13,0.20210849152000002,5.99131,3.6344,55609.86449482721,0.19780593705094662,0.1978661608611676
MJT,1862-06-12,0.17144106148000002,8.00373,3.6344,47171.764659916356,-0.0964327151615344,-0.0811962938023304
MJT,1863-06-25,0.21150852216,6.66823,3.6021216384683292,58717.762304644515,0.24720612604684078,0.24667351130854853
MJT,1864-07-08,0.17641075036,7.16184,3.6344,48539.16749944971,-0.10064243689425678,-0.09076266842900327
MJT,1865-06-30,0.17562253904,7.16253,3.6344,48322.29227382787,-0.002502893270309725,-0.0022783290184693605
MJT,1866-07-06,0.17695986828,7.17335,3.6343999999999994,48690.256515518384,0.007314330072663244,0.007314886611655025
MJT,1867-07-19,0.17406120783999998,7.17004,3.6399359616445013,47819.854435395115,-0.005230500249565062,-0.0059687007888612476
MJT,1868-07-18,0.18690523748,7.20724,3.6344,51426.710730794635,0.04932431759014544,0.04893463267858622
MJT,1869-07-31,0.17219848672,8.10974,3.6344,47380.16913933524,-0.09735327737518995,-0.09628877561036109
MJT,1870-08-13,0.17757923092,8.11026,3.6343999999999994,48860.67326656395,0.09740653543937983,0.08417692764957407
MJT,1871-08-05,0.1617373472,7.98754,3.6344,44501.8014527845,-0.07642355460628414,-0.0808613551676336
MJT,1872-08-11,0.14856632284000001,7.92903,3.6344000000000003,40877.81279991195,-0.05842633167811628,-0.052493050791039275
MJT,1873-08-24,0.14785885816,7.7556,3.6344,40683.15489764473,0.005898099607466456,0.005037330425903708
MJT,1874-08-23,0.13221706472,9.23878,3.635428231471833,36369.04823904909,-0.10638135593569842,-0.10538979325216491
MJT,1875-09-05,0.13599415232,9.97722,3.6343999999999994,37418.59793088268,0.039627718191037165,0.03410742240312725
MJT,1876-09-18,0.17183574304,9.81571,3.6344,47280.36073079463,0.2279890976489607,0.20262623971079452
MJT,1877-09-10,0.13941629624,10.00133,3.6343999999999994,38360.19597182479,-0.02779077076342029,-0.01767533121969367
MJT,1878-09-16,0.139261629,10.11846,3.6348393526090037,38313.007946291,-0.0007550122752878474,-0.0008542377821603164
MJT,1879-09-29,0.14422984004,10.19414,3.6344000000000003,39684.635714285716,0.03094003313645466,0.031080480860867787
MJT,1880-09-28,0.14988599548,10.27833,3.6340913618964055,41244.421384547655,0.02717775787562049,0.021398856088306495
MJT,1881-10-11,0.166199176,9.56575,3.6344,45729.46731234867,0.07145501229786255,0.012157878025958802
MJT,1882-10-24,0.16871156484,10.35926,3.6356178963479464,46405.197039401275,0.021921058078422595,0.02208383012211046
MJT,1883-10-16,0.16518360456,10.30775,3.6343999999999994,45450.03427250716,-0.01992309271190429,-0.019905594536193005
MJT,1884-10-22,0.1925995006,9.29599,3.6639880287759574,52565.537629319835,0.162065886872512,0.16143446376004
MJT,1885-11-04,0.17545041592,10.19398,3.6344,48274.93284173454,-0.09527097679041996,-0.0958319503246724
MJT,1886-11-03,0.17548611652,10.16664,3.6344,48284.75581113802,0.0017530774104042024,0.0023516489426969045
MJT,1887-11-16,0.17140485804,10.17164,3.6343999999999994,47161.803334800796,-0.026558293803024213,-0.03002423151902467
MJT,1888-11-29,0.17225248871999999,10.14467,3.6877758233204823,46709.04549856923,-0.01566737455155609,-0.013081173861777429
MJT,1889-11-21,0.17018680432,9.94257,3.6344,46826.65758309487,-0.01326557571991882,-0.012676994895002403
MJT,1890-11-27,0.1695741892,9.76041,3.6344000000000003,46658.0974025974,0.0021403205154117977,0.0022101870301654003
MJT,1891-12-10,0.24231638704,9.61691,3.6344,66673.00986132512,0.2985539345832733,0.27132484662975176
MJT,1892-12-09,0.18429507044000001,9.50572,3.6344,50708.52697556681,-0.16418264560091855,-0.15086908492292606
MJT,1893-12-22,0.19981276588,8.84192,3.6344,54978.19884437596,0.09344675162495863,0.05539896925658261
MJT,1895-01-04,0.19851498107999999,8.50023,3.6344,54621.115199207576,0.000008575273782618353,0.0023345483949894774
MJT,1895-12-27,0.20011343299999998,8.42629,3.6344,55060.92697556681,0.008087341700185435,0.008195811558593391
MJT,1897-01-02,0.20140160508000002,8.13698,3.6344,55415.36569447502,-0.02376731722903047,-0.024311761260808917
MJT,1898-01-15,0.20235364708,8.18343,3.6344,55677.318699097515,0.007739149697186809,0.008740486230452094
MJT,1899-01-14,0.20367145136,8.07563,3.6343999999999994,56039.91067576492,0.007550809165826511,0.007120914058631689
MJT,1900-01-27,0.2079685998,8.00654,3.6546947237445657,56904.506537530266,0.009749518242326172,0.009500844591195712
MJT,1901-02-09,0.21208315596,7.98057,3.6344,58354.37925379705,0.01134655653623362,0.013240997131347854
MJT,1902-02-01,0.20750206308,7.82153,3.6344,57093.898051948054,-0.018924887975105498,-0.018445514767104876
MJT,1903-02-07,0.2086683118,7.75895,3.6344,57414.789731454985,0.006223673990251033,0.00594887335933203
MJT,1904-02-20,0.2073464354,7.29262,3.521793848343234,58875.23356812679,0.07894368287512532,0.07794541785404485
MJT,1905-02-19,0.2322861138,8.11389,3.6344,63913.194419986794,0.08221190935202705,0.078185517520029
MJT,1906-03-04,0.24370914619999998,8.73092,3.6344000000000003,67056.22556680607,0.028939065172389533,0.030073625557413664
MJT,1907-03-17,0.24564580456,8.56105,3.6343999999999994,67589.09436495708,0.007425984924245288,0.006508108840528992
MJT,1908-03-09,0.2475182996,8.48594,3.6344000000000003,68104.30871670702,0.019903052402367116,0.01902184338197377
MJT,1909-03-15,0.24880639836,8.39872,3.6344,68458.72726172133,-0.0037237629903545955,-0.0036121540387064055
MJT,1910-03-28,0.25053053584,8.34302,3.6344000000000003,68933.12124147039,0.0046027543309281604,0.003665782242612048
MJT,1911-03-27,0.24778370032,7.71031,3.6029270309933126,68772.88887299142,-0.000570920912774997,-0.0007180055431096344
MJT,1912-04-09,0.25248857504,7.74036,3.6344000000000003,69471.87294739159,0.0014946578083812057,0.0021746754167144555
MJT,1913-04-22,0.24555128104,7.76959,3.6344000000000003,67563.08635263042,-0.01802785014158992,-0.017120874358642957
MJT,1914-04-14,0.25176407048,8.03653,3.6344,69272.52654633502,0.025720399673261563,0.025586448640936066
MJT,1915-04-20,0.25384178456,7.83373,3.7146788846814482,68334.78543913714,-0.015969895147561086,-0.017291137758281616
MJT,1916-05-03,0.25334707216,7.74072,3.6344,69708.087211094,0.004506585256621731,0.0038816738127984696
MJT,1917-05-02,0.25289050592,7.73576,3.6344000000000003,69582.46365837552,-0.0010285753121893615,0.001978570413894598
MJT,1918-05-15,0.25089014652,8.23802,3.6344000000000003,69032.06760950913,0.003975926597011847,0.003904902697445589
MJT,1919-05-28,0.23900864468,7.62527,3.7436129617602174,63844.37897864848,-0.05634499838739315,-0.043577371112245245
MJT,1920-05-20,0.24082249307999998,7.67958,3.6343999999999994,66261.96705921198,-0.004914656604881107,-0.0026749962015867323
ABU,1837-01-13,0.043420913119999995,7.03012,0.6012,72223.74105123087,-0.015504901110659719,-0.007539548648140548
ABU,1838-01-19,0.04826160716,7.32037,0.6012,80275.46101131072,0.03501835618988558,0.03307137159662221
ABU,1839-02-01,0.01868721816,6.68775,0.6012,31083.197205588825,-0.351476422024377,-0.3428560733672863
ABU,1840-01-31,0.0469763268,7.1994,0.6012,78137.60279441118,1.145128218670203,1.2031386079636093
ABU,1841-02-13,0.05027980984,7.56302,0.5956157814628282,84416.51716566867,0.0524361191997289,0.05705738702515828
ABU,1842-02-26,0.05998754424,7.18035,0.6012,99779.68103792417,0.10255300796784028,0.09801557860992705
ABU,1843-02-18,0.06354159396,7.14497,0.6012,105691.27405189621,0.0763329666212349,0.07597397986542975
ABU,1844-02-24,0.06443547656,7.24832,0.6012,107178.10472388557,-0.013006064397049877,-0.010579032551490064
ABU,1845-03-09,0.06477890172,7.59135,0.6012,107749.33752495011,0.05635222094467962,0.05785985167166374
ABU,1846-03-08,0.07011740528,6.54408,0.6012,116629.08396540255,0.03051791576754015,0.028451480832366594
ABU,1847-03-21,0.0647352004,6.3803,0.6012,107676.64737192284,-0.09007012158103822,-0.09356072569104834
ABU,1848-04-03,0.06643671892,6.60678,0.6012,110506.851164338,0.007733232868135431,0.008177916597505774
ABU,1849-03-26,0.06606750904,6.9984,0.6012,109892.72960745178,-0.0037621604863105063,-0.00006417542123970943
ABU,1850-04-01,0.0758337294,7.33869,0.6012,126137.27445109781,0.11270578065980197,0.11173173344396714
ABU,1851-04-14,0.0783224234,7.86705,0.6012,130276.81869594146,0.01160889922587205,0.010998107559598624
ABU,1852-04-13,0.08081521032,7.39686,0.6060531518202033,133346.7371257485,0.021133124811755666,0.020194190757055752
ABU,1853-04-26,0.08412776683999999,7.57958,0.6012,139933.07857618097,0.049570513557245954,0.04567038578231708
ABU,1854-05-09,0.08985600260000001,7.73661,0.6041789834102861,148724.14477711244,0.03860323627145834,0.0401381758157473
ABU,1855-05-01,0.09028372444,7.8664,0.6012,150172.52900864938,0.0010824141546359467,0.001526661607057056
ABU,1856-05-07,0.07036796208,6.91973,0.5699220242403895,123469.45562208917,-0.1505220788440711,-0.14650925646700208
ABU,1857-05-20,0.07543009396,7.39942,0.6012,125465.89148369928,0.04431411726194101,0.04432818690759821
ABU,1858-05-19,0.08651666452000001,7.6817,0.6012,143906.6276114438,0.06805809483168246,0.07917819236573376
ABU,1859-06-01,0.10619210264,7.68194,0.6012,176633.57059214904,0.15911579432759404,0.15615646380875559
ABU,1860-06-14,0.1062717812,7.59958,0.5872709620216571,180958.68529607455,0.01936655470208004,0.020640536223549555
ABU,1861-06-06,0.10539903244,7.61784,0.6012,175314.4252162342,-0.02014130953179505,-0.019241341217983265
ABU,1862-06-12,0.10516041796,8.31268,0.6012,174917.5282102462,0.014589028958607475,0.015562273862246734
ABU,1863-06-25,0.08077427748,7.8289,0.6012,134355.08562874253,-0.13147132984215237,-0.12709634178957185
ABU,1864-06-24,0.09980108164,7.58022,0.6012,166003.12980705258,0.2522650002959148,0.2494010263607236
ABU,1865-07-07,0.09659321152,7.39356,0.6012,160667.351164338,0.01378943279295175,0.01742179007475242
ABU,1866-07-20,0.07517033887999999,7.75808,0.6012,125033.83047238855,-0.15704640108834078,-0.1660453930975242
ABU,1867-07-12,0.09241166324,7.09598,0.6012,153712.0147039255,0.36717672422449277,0.3703068784451993
ABU,1868-07-18,0.07541666547999999,6.62061,0.6012,125443.55535595476,-0.2866837467123813,-0.2918042503974806
ABU,1869-07-31,0.09485626852,7.15295,0.6012,157778.22441783102,0.26541380309580775,0.2655660054620401
ABU,1870-07-30,0.093084355,7.04981,0.6012,154830.92980705257,0.03361546672616322,0.051183056036286034
ABU,1871-08-12,0.09396414716,6.76046,0.5945159729949885,158051.50984697274,0.10689607026604264,0.11913073540174546
ABU,1872-08-25,0.06442127744,6.42215,0.6012,107154.4867598137,-0.2869233063297395,-0.2912898057192447
ABU,1873-08-17,0.0925801292,6.48028,0.6012,153992.23087159015,0.35319453832753966,0.3461277320907057
ABU,1874-08-23,0.09488150620000001,6.96028,0.6012,157820.2032601464,0.030535526001551183,0.03133609129743942
ABU,1875-09-05,0.09932666588,6.59189,0.6056379246697448,164003.37864271458,0.07897864487132411,0.07614503740487577
ABU,1876-09-04,0.09627847632,7.05916,0.6012,160143.8395209581,-0.03895224484821169,-0.038301708007756785
ABU,1877-09-17,0.0732307836,6.98058,0.6012,121807.69061876247,-0.12917659234603762,-0.1438937960142651
ABU,1878-09-30,0.05052224008,7.86808,0.6012,84035.66214238192,-0.0708631133665858,-0.06426028660497618
ABU,1879-09-22,0.015321091759999999,5.64305,0.6012,25484.184564204923,-0.6092562818264484,-0.6065640897488644
ABU,1880-09-28,0.01747454956,5.52012,0.6012,29066.117032601465,0.09816894542165655,0.08224548985507263
ABU,1881-10-11,0.061932825239999996,6.04979,0.6012,103015.34471057885,1.8745723584908611,1.8583457393235512
ABU,1882-10-10,0.06635591352,5.63904,0.6196647305011744,107083.57318695943,0.004686438874301757,0.0011367224004967813
ABU,1883-10-23,0.08752513120000001,6.63969,0.6012,145584.0505655356,0.22392868834447444,0.22581144199284298
ABU,1884-11-05,0.08575463416,6.46688,0.6012,142639.11204258152,-0.020150740298534697,-0.016272699113993427
ABU,1885-10-28,0.09354496112,6.77127,0.6012000000000001,155597.0743845642,0.08658034942878556,0.08749370091172315
ABU,1886-11-03,0.07411904863999999,8.98902,0.5577262828067135,132895.02561543582,-0.034442411157831865,-0.029718898278739636
ABU,1887-11-16,0.0284785566,7.73555,0.6012,47369.521956087825,-0.5029370160545132,-0.5043062972758785
ABU,1888-11-15,0.025773385559999997,7.35427,0.5978280700252148,43111.70192947439,-0.02627045704420905,-0.020778917506026895
ABU,1889-11-28,0.025560709719999998,7.35599,0.6012,42516.150565535594,-0.002164950416655209,0.0016409112888673416
ABU,1890-12-11,0.05550530908,8.25954,0.630152985324676,88082.2758483034,0.48156257175242967,0.5207239682591753
ABU,1891-12-03,0.0837459948,9.46296,0.6012,139298.06187624752,0.4697990342548226,0.4649238273852898
ABU,1892-12-09,0.07235865728,7.84902,0.6012,120357.04803725882,-0.4194686032387702,-0.4374396730346932
ABU,1893-12-22,0.11429957084,10.15791,0.6012,190119.04664005325,0.33511538111627526,0.3386255772268123
ABU,1894-12-21,0.02932538336,7.93652,0.6012,48778.08276779774,-0.6851158047257367,-0.6882825565831545
ABU,1896-01-03,0.1290436394,10.31962,0.6012,214643.44544244846,2.4997335166358052,2.3635459325503487
ABU,1897-01-16,0.11269489296,10.63681,0.6012,187449.92175648705,0.033084056124937256,0.06816870252728346
ABU,1898-01-08,0.11699242984,10.60037,0.6012,194598.18669328012,-0.04626822685084464,-0.05208652923574286
ABU,1899-01-14,0.12893312848,10.61784,0.6012,214459.62821024618,0.02412286521971052,0.018886468870210393
ABU,1900-01-27,0.08039392244,10.51242,0.6012,133722.4258815702,-0.19736577854494608,-0.19595284690539427
ABU,1901-01-26,0.12092053688,9.86657,0.6012,201131.9642049235,-0.027641939546102057,0.005590135768274385
ABU,1902-02-08,0.1089835448,9.98352,0.6012,181276.6879574185,-0.2197590837018838,-0.235748728718145
ABU,1903-02-21,0.14066401648,9.18175,0.6012,233972.08330006653,0.39350612911709093,0.38497756730820365
ABU,1904-02-13,0.13738949379999998,10.41281,0.6012,228525.4387890885,-0.0992770901593708,-0.09049126863213808
ABU,1905-02-19,0.10732481292,10.41318,0.6012,178517.65289421158,-0.17532605918500244,-0.175430526261526
ABU,1906-03-04,0.02647624824,6.63365,0.5853759627055896,45229.47631403859,-0.7075580955576877,-0.7072776373607611
ABU,1907-03-03,0.1575445846,8.02555,0.6012,262050.20725216236,2.8087082337479257,3.0520113227398733
ABU,1908-03-16,0.24986139048,11.5399,0.6012,415604.4419161677,0.4999035443800999,0.4401595085628389
ABU,1909-03-29,0.1704569438,10.42168,0.6012,283527.8506320692,-0.16286353242739338,-0.180909198813331
ABU,1910-03-21,0.07643683892,7.88329,0.6012,127140.4506320692,-0.5185343589927456,-0.5184712382284606
BTG,1904-09-04,2.40589117756,14.50464,9.51965,252728.9530140289,0,0
BTG,1905-09-10,2.66697271256,15.55955,9.72045,274367.2065141017,0.15144883428445732,0.13332150255632058
BTG,1906-09-16,1.2838136526800001,16.05909,10.18504,126048.95539732784,-0.30996101198301607,-0.33529447105687726
BTG,1907-09-22,1.9551937969200002,14.28224,10.37856,188387.77218804922,0.10783641566865532,0.09225446158352213
BTG,1908-09-28,1.88485272248,14.60287,10.5819,178120.44363299597,-0.11075428585004388,-0.12377876662848841
BTG,1909-10-04,1.5476936046,15.42987,10.79655,143350.75599149728,-0.14104729939049632,-0.1537986936989526
BTG,1910-10-10,1.62279628784,13.26435,11.00066,147518.0841731314,0.1003933206783687,0.08464771611719124
BTG,1911-10-16,1.20129777976,13.0944,11.21545,107110.9745716846,-0.14901163472605317,-0.16141627813642412
BTG,1912-10-22,1.51917290356,12.61882,11.444550000000001,132742.03909808598,0.17614153161426693,0.15872800925171537
BTG,1913-10-28,1.35808273536,12.94862,11.79893,115102.1944667864,-0.14539872467402792,-0.15860124208727822
BTG,1914-11-03,0.60642987548,13.20827,12.012,50485.33761904762,-0.4045434674262586,-0.412161061124807
BTG,1915-11-09,0.82962991436,12.18656,12.23616,67801.49281800826,0.3776985203918728,0.3580742172148277
BTG,1916-11-15,0.46571336552,12.14811,12.46662,37356.8269121863,-0.3166633572348375,-0.3261236203997475
BTG,1917-11-21,0.301210143,12.05205,12.74566,23632.3692143051,-0.21532881128271486,-0.22706823516660812
BTG,1918-11-27,0.34773470732,12.04502,13.2441,26255.82012518782,0.11202290002640858,0.08196740498869115
BTG,1919-12-03,0.3758160432,11.51267,13.48851,27861.939028106146,0.054539176606589246,0.040315960161520836
BTG,1920-12-09,0.38149568079999996,11.97145,13.73473,27775.986917835293,0.03535496536414162,0.020919147509396163
BTG,1921-12-15,0.42011275436,11.91418,13.97884,30053.47756752349,0.0889461094886359,0.07438512994691204
BTG,1922-12-21,0.33193174923999996,10.44522,13.92608,23835.26083722052,-0.14964352720465934,-0.14455540642446696
BTG,1923-12-27,0.38556043864,12.58266,14.03724,27466.969193374196,0.1795740196645348,0.16892838790835718
BTG,1925-01-02,0.42046686188,11.65913,14.28422,29435.759312024038,0.08321848201710913,0.06947507310883205
BTG,1926-01-08,0.44343867307999996,11.77152,14.5207,30538.381281894122,0.050747911066911344,0.03764610697974935
BTG,1927-01-14,0.4184460774,9.42175,14.72535,28416.715215597593,-0.02245558379840873,-0.03309453253578709
BTG,1928-01-20,0.4216037618,11.81657,14.93837,28222.87584254507,0.0020305283284201003,-0.008632663934685314
ULR,1890-08-28,0.1498678714,8.18457,4.06843,36836.7825918106,-0.06992878926862967,-0.08227141071118915
ULR,1891-09-10,0.07892217423999999,8.39222,4.01174981363586,19672.755756539216,-0.4213549510801975,-0.4304312318778999
ULR,1892-09-09,0.0544827634,6.96315,4.13964,13161.23223275454,-0.26573907814448805,-0.2625394635658208
ULR,1893-09-22,0.06896673316,7.90739,4.546144236434007,15170.37946294847,0.06542933870252488,0.057825974669559965
ULR,1894-10-05,0.06837916488,10.01848,4.13964,16518.14285300171,0.013571994462505677,0.029865593317317307
ULR,1895-09-27,0.06021763904,10.83157,4.13964,14546.588360340513,-0.1296968161841482,-0.1316651173155865
ULR,1896-10-03,0.06663223268,10.41448,4.13964,16096.141857746084,0.06246880748550088,0.06458697028896876
ULR,1897-10-16,0.06993833027999999,10.01781,4.13964,16894.785604545323,0.05147856579644072,0.05136013811713647
ULR,1898-10-15,0.06388149716,11.15873,4.13964,15431.655206732952,-0.03098305514859312,-0.009132645914406434
ULR,1899-10-28,0.06774360268,10.70936,4.13964,16364.612062884695,0.036444789295094315,0.03801081637113235
ULR,1900-11-10,0.061607998399999996,11.87164,4.13964,14882.453160178178,-0.11273014340043008,-0.11671114735007382
ULR,1901-11-02,0.05973687304,11.81664,3.57101,16728.28500620273,-0.05151279644044493,-0.024195441121045214
ULR,1902-11-08,0.0611346684,11.50716,3.5710100000000002,17119.71358243186,0.004570158910294442,0.003996398732383
ULR,1903-11-21,0.051645024080000004,9.19451,3.57101,14462.301724162073,-0.1746937897321842,-0.17077815089300508
ULR,1904-11-20,0.06187462632,11.26695,3.552256487057772,17418.40054214354,0.2193157172521929,0.23598590814744025
ULR,1905-12-03,0.06593584712,11.19216,3.5710100000000002,18464.201197980405,0.03291804690789979,0.030243124171458913
ULR,1906-12-16,0.06927631412,11.08892,3.609607072676128,19192.203673470533,-0.0007139779244482725,-0.0036923148702013853
ULR,1907-12-08,0.07146136504,11.05378,3.5710100000000002,20011.527562230294,0.015210304407976105,0.014489656932934025
ULR,1908-12-14,0.07138016963999999,10.91844,3.629649830387896,19665.855654282685,-0.012893914634166004,-0.013991010346292465
ULR,1909-12-27,0.07837290291999999,10.76035,4.23065,18525.026395471144,0.09286241066721579,-0.07982310065021658
ULR,1910-12-26,0.07849271248,11.05938,4.34872,18049.61286999393,-0.03861145148318934,-0.04546061713351157
ULR,1912-01-08,0.08873841444,10.75446,4.56861,19423.503962912135,0.12392084340058873,0.119484215680292
ULR,1913-01-21,0.07967751896,11.05222,4.7292828705679275,16847.695758666203,-0.024884183615797584,-0.007082577103198373
ULR,1914-01-13,0.07325170424,10.41319,4.81864,15201.738299603208,0.011735545114837542,-0.012104350779089224
ULR,1915-01-19,0.05014883796,10.76826,4.81864,10407.259716434512,-0.20778861801659676,-0.19400431510672755
ULR,1916-02-01,0.0455948714,8.70002,4.81864,9462.186716583932,-0.06963801105993772,-0.06524085902661625
ULR,1917-01-31,0.038723610119999995,7.19485,4.81864,8036.211487058588,-0.11304126143328785,-0.10809041613788706
ULR,1918-02-13,0.03640951184,7.27671,4.81864,7555.972606378563,-0.04682295285770499,-0.04707958974010429
ULR,1919-02-26,0.035138223639999994,7.34821,4.81864,7292.145426925438,-0.02780110224739385,-0.02741071507237569
ULR,1920-02-18,0.0348406292,7.40565,4.81864,7230.386416084207,-0.006007414363376262,-0.006019953071526474
ULR,1921-02-24,0.03283253532,7.90208,4.81864,6813.651843673734,-0.045541990010772526,-0.04372393697318111
ULR,1922-03-09,0.06606882464000001,11.56997,4.9891655691782795,13242.459830989656,0.8281360852302047,0.8125231075942292
ULR,1923-03-08,0.06639033336,11.00811,4.81864,13777.815599422243,0.07220990633381796,0.05345228954767123
ULR,1924-03-21,0.06332722032,11.49874,4.871258364100919,13000.176871482408,-0.029116075003192132,-0.026797717252738384
ULR,1925-04-03,0.07508020104,10.41533,4.81864,15581.201550644995,0.12348543936645107,0.11680853977624683
NET,1855-04-03,4.412524047880001,10.68807,35.42854,124547.16022393247,-0.016242939858596483,-0.016319911895665284
NET,1856-04-16,5.08247612756,10.6687,35.42854,143457.11473179533,0.14809814698405188,0.1472309728864345
NET,1857-04-15,5.394244765,10.74768,35.42854,152257.0437562485,0.04686887950919627,0.050449610400328915
NET,1858-04-28,5.47616915092,10.71464,35.42854,154569.42766820197,0.01336196723240013,0.016106496971050932
NET,1859-05-11,5.50144469524,10.64736,35.42854,155282.85092301294,-0.0012882977683208452,0.002427926025616367
NET,1860-05-03,5.64144939436,10.78576,35.42854,159234.59996827418,0.022852813288515295,0.025044107344395217
NET,1861-05-09,6.08308827568,10.75808,35.42854,171700.22461213474,0.014715650164429661,0.010747278316999287
NET,1862-05-22,6.603461476560001,10.79368,39.9981,165094.3788969976,0.12515410677838168,-0.0053647405091207245
NET,1863-05-21,6.766762215200001,11.20492,39.9981,169177.09129183638,0.04120536200493219,0.041882467952034874
NET,1864-06-03,7.137111508279999,11.24694,40.794365300610124,174953.36563486763,0.017697121549037353,0.01883870590201675
NET,1865-06-16,7.48485568948,11.24727,39.9981,187130.28092534395,0.0357230448531749,0.03392201149499918
NET,1866-06-08,7.65703411044,11.26898,39.9981,191434.94592093123,0.015674111471121632,0.015784543721300226
NET,1867-06-14,8.564960482519998,11.19935,39.9981,214134.1834367132,0.10204593211056134,0.10008314842259658
NET,1868-06-27,9.07065173144,11.42046,41.36033048168183,219308.0090464297,0.02754008623969595,0.024514794473203372
NET,1869-06-26,9.37594176012,11.56992,39.9981,234409.678462727,0.03532713309004576,0.03639045572249211
NET,1870-07-09,9.48179749192,11.64759,39.9981,237056.19746737968,-0.015642021572976783,-0.012859428545179186
NET,1871-07-22,9.66802186688,11.75427,39.9981,241712.02799332966,0.01500525634660188,0.015135927259605886
NET,1872-07-14,10.542151276799999,11.64289,39.9981,263566.30131931265,0.08022540557814484,0.07849639991069113
NET,1873-07-20,11.04737591776,12.10378,39.9981,276197.51732607296,0.06308042927149105,0.061397908304312576
NET,1874-08-02,11.4371474178,12.21458,39.9981,285942.2677027159,0.03125749899729624,0.029873533779155803
NET,1875-08-01,12.192986795080001,12.40329,40.332626891175686,302310.7527307547,0.03996536517594018,0.043437460773701586
NET,1876-08-14,13.02935526828,12.63678,39.9981,325749.35480135307,0.06572530083676686,0.07133513989876117
NET,1877-08-27,19.37296048324,12.40776,39.9981,484347.0185643818,0.14576524108554811,0.18768746586704088
NET,1878-08-19,21.047828958,12.15845,39.9981,526220.7194341731,0.04894190792135156,0.04815832861747671
NET,1879-08-25,19.77223870648,12.15272,38.08208853829611,519200.48152287235,-0.008663251297538643,-0.005495976519458767
NET,1880-09-07,21.68228393916,12.49246,39.998099999999994,542082.8474142522,0.06451887230376219,0.06565353474323077
NET,1881-09-06,23.06840939936,12.79265,79.46234,290306.19283751276,0.04499631227745149,-0.4753331211997347
NET,1882-09-19,23.18738312488,12.78997,79.46234,291803.4269426247,0.007696786604259653,0.01025457035893873
NET,1883-10-02,23.10501274796,12.95204,79.3008219270809,291359.0576552364,-0.005423212736926697,-0.004541871221515614
NET,1884-09-24,25.4493904756,13.01755,79.46234,320269.83443477756,0.08950678878923868,0.0881551275126018
NET,1885-09-30,25.79720761332,13.75056,79.46234,324646.96626502567,0.008912774171906168,0.008813379046288983
NET,1886-10-13,26.14292388552,13.78951,79.46234,328997.6595896874,-0.0015799369032289956,-0.00233089436106948
NET,1887-10-12,26.81989018488,14.05217,79.46234,337516.9946528129,0.003989009467494586,0.004306240846301934
NET,1888-10-25,26.85549801532,14.25872,79.46234,337965.10416531906,0.006333135929052158,0.005575600126159541
NET,1889-11-07,25.798884211879997,14.1604,79.46234,324668.06555004546,-0.03082183549126083,-0.03126022795777039
NET,1890-10-30,27.196584792,14.72574,79.46234,342257.53724342876,0.05593253401564091,0.05575334975174884
NET,1891-11-05,27.95088088312,15.03184,79.46234,351750.0350873131,0.007716118577812292,0.008110824185280974
NET,1892-11-18,29.127587557640002,15.26323,79.46234,366558.39178206935,0.02737562768518842,0.025625657691523474
NET,1893-11-17,30.27126453052,15.55053,79.46234,380951.08362678473,0.039405495011694214,0.04057504806062484
NET,1894-11-30,31.49601176072,15.57334,80.3376268811002,392045.5829163853,0.03240389829939083,0.03351621645942182
NET,1895-12-13,32.82352606676,15.67328,97.37598000000001,337080.31556406413,0.016115480147504524,-0.1722888378838746
NET,1896-12-05,32.63106871388,15.61817,100.81856,323661.3249969053,-0.010570011362338816,-0.016595008167578307
D03,1866-04-27,1.465326291,9.52109,45.55762,32164.24148144701,0,0
D03,1867-05-03,1.53350383316,9.37474,47.30351,32418.394177514518,0.023864773539569617,0.00260588660311889
D03,1868-05-09,1.64681871744,9.41626,48.28264,34107.88468567585,0.06084829770362621,0.047858500490173705
D03,1869-05-15,1.78972009476,9.47726,49.39905,36229.84844364416,0.0563438736144557,0.03854629552904787
D03,1870-05-21,2.14873894352,9.57466,59.34336,36208.582451684575,0.2059801585242429,0.007727052580361438
D03,1871-05-27,2.08137701772,9.4959,60.64651,34319.81523289633,-0.05897505228321076,-0.07266074192803196
D03,1872-06-02,2.4141297601200002,9.33572,66.09549,36524.87877947497,0.12833138283630352,0.046760911500121294
D03,1873-06-08,4.04889872972,9.0453,81.56368,49640.952072294924,0.34723245439584227,0.20822745562760026
D03,1874-06-14,4.08265467116,9.12516,83.25972,49035.17176324878,0.00018492668527536615,-0.016034004366170085
D03,1875-06-20,5.3736060872,8.91273,102.68755,52329.674699610616,0.27734537323514985,0.042953583714334664
D03,1876-06-26,5.71183945748,8.65518,104.07575,54881.55941686704,0.0317310347829427,0.020634333740411348
D03,1877-07-02,6.0652542002,8.64138,105.44893,57518.40440865545,0.06769490082417962,0.05652635916847637
D03,1878-07-08,6.2569607422399995,8.69321,107.05345,58447.0723945842,0.04413451057063589,0.032741815913681194
D03,1879-07-14,6.3061426776400005,8.54817,108.65863,58036.2800234091,-0.012772688466976989,-0.025080753966387204
D03,1880-07-20,6.58394444968,8.49772,110.55407,59554.06661808109,0.03213331837883793,0.019409601872556248
D03,1881-07-26,6.92710420428,8.59086,119.38898,58021.303174547604,0.052841696699430285,-0.022433021888432325
D03,1882-08-01,7.26058538712,8.61918,120.71416,60146.923833293455,0.039656529548779185,0.031170077352583814
D03,1883-08-07,7.26905698844,8.4961,122.18023,59494.543335202434,0.020666247811853777,0.01143812910112496
D03,1884-08-13,8.078507376160001,8.52385,123.49301,65416.71772483317,0.07794738683635227,0.06933675919509197
D03,1885-08-19,8.46855469044,8.91665,124.88058000000001,67813.22356478484,0.05621161452871348,0.04770118274337132
D03,1886-08-25,9.11096918368,8.99646,126.18758000000001,72201.79025289176,0.021669607545161007,0.013712058691394358
D03,1887-08-31,9.3177597864,8.97293,127.39614,73140.04793551829,0.02527479831574997,0.017943783605469887
D03,1888-09-06,10.97429830484,9.16158,128.78864,85211.69495104539,0.16918686077315037,0.15948354883529214
D03,1889-09-12,11.825735380680001,9.35087,133.69194,88455.11091154786,0.07313428906793273,0.03665526300414235
D03,1890-09-18,12.79740413068,8.52302,134.92385,94849.08806471206,0.07623599545431992,0.06843460659430245
D03,1891-09-24,8.31563007132,8.61642,98.01132,84843.56777686496,-0.27424486129920056,-0.06012605112695946
D03,1892-09-30,12.77358323852,8.37405,134.41117,95033.64369583272,0.48262990635383396,0.08214088117638418
D03,1893-10-06,14.140276970559999,8.59244,136.62587,103496.33616649614,0.0684855325182494,0.052303164606468444
D03,1894-10-12,16.03245392788,8.57875,137.20495,116850.40465289335,0.11124764207129467,0.10775033550515056
D03,1895-10-18,14.59950254256,8.42053,136.71095,106791.02546328586,-0.07907805355155828,-0.07584911579249687
D03,1896-10-24,14.835913569879999,8.7024,136.65471,108564.96325578533,0.0003469526762982511,0.00035748889644859894
D03,1897-10-30,16.06391603492,9.15317,137.60734,116737.34871206725,0.0631917059058209,0.05798499671741997
D03,1898-11-05,17.06130216648,9.07068,154.31725,110559.91579995108,0.04445224990206431,-0.0671205005887141
D03,1899-11-11,18.16300319392,9.08225,155.34632,116919.4300445611,0.06115423986374546,0.05590856508820696
D03,1900-11-17,18.95069023276,9.3594,156.58451,121025.31874168142,0.03959300471107019,0.033699319111269777
D03,1901-11-23,20.579588012880002,9.61915,157.93895,130300.90432334773,0.08819554112362704,0.08109506230762187
D03,1902-11-29,22.441999582079998,9.8019,159.42062,140772.25130651228,0.05525057219667229,0.04789085335957677
D03,1903-12-05,24.936455636039998,9.59333,160.90314,154978.05472310857,0.0829256885102807,0.07508172303152261
D03,1904-12-11,25.7320945648,9.41214,162.1364,158706.46298301924,0.012676603536012188,0.0069534401760933395
D03,1905-12-17,28.07261822716,9.41459,163.27851,171930.8819461912,0.0627053179986905,0.057064690683389374
D03,1906-12-23,29.33174757656,9.40994,164.44424,178368.95701886548,0.024206577301434606,0.018702076410643587
D03,1907-12-29,30.67858412788,9.33885,165.50828,185359.8147952477,0.04529252560775476,0.04030641540171365
D03,1909-01-04,32.825735590440004,9.87333,166.69929,196915.86923039687,0.03558843184107219,0.030073429939238894
D03,1910-01-10,45.9668120288,9.88036,209.75547,219144.75950877467,0.35407423696545215,0.07801540627244785
D03,1911-01-16,47.670960590760004,9.30769,170.57975,279464.3595782032,0.02200944404493077,0.034960672887062616
D03,1912-01-22,50.78117182216,9.6662,211.69595,239877.86172649972,0.23376990547400123,-0.004623959668419775
D03,1913-01-28,53.88160798436,10.0795,212.94054,253035.93192897888,0.0660351970113302,0.0612591683045387
D03,1914-02-03,60.155655396200004,9.80034,214.11535,280949.75627015997,0.07143536661127281,0.06698670456031497
D03,1915-02-09,47.825461212360004,9.89886,215.35669,222075.57709193992,-0.18574978559707533,-0.04400614641870215
D03,1916-02-15,62.438307091679995,9.54799,216.91168999999996,287851.2775944902,0.15165115292879716,0.13632324183605715
D03,1917-02-21,63.586996497440005,9.80844,218.20959999999997,291403.2952603369,0.022665113577339246,0.018060486858392677
D03,1918-02-27,65.4049861426,10.11912,219.60288,297833.00721101655,0.03273709027144567,0.027773844003047943
D03,1919-03-05,65.63665161819999,10.03627,221.05655,296922.44639753946,-0.045665171482340505,-0.05040996952247334
D03,1920-03-11,70.79724933684,10.07586,222.44812000000002,318264.09383383417,0.05708960663147855,0.052122000237662114
D03,1921-03-17,77.058854236,9.94485,223.31172999999998,345073.02521009534,0.059525914273989455,0.05602915011321352
D03,1922-03-23,59.87112088464,9.24357,220.21261,271878.71250715386,-0.09889377578681713,-0.08881864967855557
D03,1923-03-29,66.73345424928,9.7007,220.17938,303086.7570309263,0.0873941423528728,0.08746006693589381
D03,1924-04-04,68.37699222744,9.74592,220.76539,309726.9559664221,0.005325368419419441,0.0033249127450651894
D03,1925-04-10,64.10048190676,9.70623,219.84336999999996,291573.4138662449,-0.03915312070618582,-0.14476346808572704
D03,1926-04-16,73.41695001056,9.90105,220.98513,332225.747544914,0.1284785929281591,0.12404902043546095
D03,1927-04-22,80.46866103692,12.97547,223.15776,360590.91575807176,0.07819410118931036,0.07027578257972089
D03,1928-04-28,80.0382844638,12.70227,225.67591,354660.2934438151,-0.04944219745830014,-0.057413776778645786
BRG,1837-01-13,0.08142976764000001,6.33287,2.48352,32788.04585427136,0.5676768734497191,0.5616876613777679
BRG,1838-01-19,0.06496480068,7.67081,2.49583,26029.337206460375,-0.20069230318515008,-0.20357254408866698
BRG,1839-01-25,0.06513018252,7.75227,2.5159,25887.428959815577,0.002321397504763123,-0.0038491190808735976
BRG,1840-01-31,0.06844841588,8.45122,2.54209,26926.039550133944,0.04921356576585323,0.041288510978172877
BRG,1841-02-06,0.08845092464,7.80703,2.56854,34436.265209029254,0.09458439201395863,0.085735827207849
BRG,1842-02-12,0.07060174992,8.48333,2.58942,27265.468684106865,-0.21226494863126166,-0.21710481343172405
BRG,1843-02-18,0.09229663716,7.71983,2.6146599999999998,35299.6707640764,0.2487257176053812,0.23958258383124065
BRG,1844-02-24,0.07325825831999999,8.51971,2.62908,27864.598384225657,-0.2034459652735383,-0.20657740488451215
BRG,1845-03-02,0.07483760128,8.55911,2.65525,28184.766511627906,0.02009427306695799,0.012613748085242404
BRG,1846-03-08,0.103781665,8.61849,2.68126,38706.30412567226,0.05732204492587889,0.04954040146401684
BRG,1847-03-14,0.10887055920000001,6.53779,2.68941,40481.20561758899,0.05498822836899797,0.05271887959803934
BRG,1848-03-20,0.10367527352,7.20897,2.6901900000000003,38538.2718395355,-0.028060691074944244,-0.028159965160295064
BRG,1849-03-26,0.1057823702,7.18173,2.6987699999999997,39196.51181834688,0.027283041898161775,0.024759663069921167
BRG,1850-04-01,0.11016852548,7.19063,2.70778,40685.921854803564,0.05382961908318218,0.051151919677309365
BRG,1851-04-07,0.11015204044,7.20233,2.71715,40539.5507940305,0.017204905580749275,0.014620457529905373
BRG,1852-04-13,0.1014096694,7.11609,2.7261,37199.541249403905,-0.07315395114860634,-0.07550986916699454
BRG,1853-04-19,0.09823522748,7.16994,2.73437,35926.09174325347,-0.029213046757108674,-0.03142113725866913
BRG,1854-04-25,0.09603070568,7.18259,2.74315,35007.45700380949,-0.027591997407711344,-0.029917048930758083
BRG,1855-05-01,0.09738191528,7.11847,2.75172,35389.47105083366,0.011090748664631445,0.008679454140086529
BRG,1856-05-07,0.0968945796,6.97338,2.7585200000000003,35125.56718820237,0.017646452260326573,0.015774644661796566
BRG,1857-05-13,0.10131859296,6.96319,2.76481,36645.77058098024,0.02453329652894376,0.02277094174590788
BRG,1858-05-19,0.09735138139999999,7.05388,2.7712400000000006,35129.17733577748,-0.03534835303795991,-0.03704386540635851
BRG,1859-05-25,0.10575684496,7.06513,2.77842,38063.66386651406,0.058673968964714884,0.05666568137089101
BRG,1860-05-31,0.10747558952,7.09468,2.78504,38590.32169017321,0.0197973547388004,0.01790791355298027
BRG,1861-06-06,0.11320189452,7.15465,2.7973,40468.27101848211,0.03922597623931634,0.03580797302532601
BRG,1862-06-12,0.1149913804,7.19315,2.81948,40784.60581383801,0.0092520592591685,0.0034739676953170484
BRG,1863-06-18,0.12138595144,8.19166,2.84883,42609.05404674902,0.0367420076701892,0.028259384218283667
BRG,1864-06-24,0.11584190644,8.1688,2.88152,40201.66663427636,-0.036836714752685684,-0.04513922071245635
BRG,1865-06-30,0.11751733968,8.28436,2.91597,40301.28556878157,0.008565845165334096,-0.00024086260973954499
BRG,1866-07-06,0.12276085172000001,8.2984,2.94796,41642.64498839876,0.031161949250130716,0.022577274690315674
BRG,1867-07-12,0.12375421344000001,8.292,2.98419,41469.95112241513,-0.000742125505494684,-0.009602558091600377
BRG,1868-07-18,0.12802300991999999,8.27394,3.01875,42409.27864844721,0.022138836692911168,0.013101774708575098
BRG,1869-07-24,0.12001049372,8.12512,3.0516700000000005,39326.17016912051,-0.03554162062596866,-0.04350896145466465
BRG,1870-07-30,0.11984893492,8.11761,3.08694,38824.51065456407,0.012865468419917203,0.004464781624944791
BRG,1871-08-05,0.13191756812000002,8.12132,3.1200899999999994,42280.052216442484,0.09784575273673424,0.08878578800604942
BRG,1872-08-11,0.13514314632,7.90538,3.15223,42872.235312778575,0.019728647553526102,0.01178048732114223
BRG,1873-08-17,0.13100131356,7.15005,3.1812700000000005,41178.93594696457,-0.027264489776771983,-0.03380103026042236
BRG,1874-08-23,0.13249880904,6.90528,3.20006,41405.10147934726,0.014132012193464938,0.009595920645834477
BRG,1875-08-29,0.13293794748,6.47957,3.22232,41255.352503786096,0.0009852343271619102,-0.004262805268397507
BRG,1876-09-04,0.138040994,6.33788,3.24489,42541.03960380784,0.027348861490058773,0.021968446159212007
BRG,1877-09-10,0.14065670476,6.33799,3.26454,43086.22493827614,0.02235337113509339,0.0175732577307115
BRG,1878-09-16,0.13773011616,6.33986,3.28537,41922.25416315362,-0.01244118005244943,-0.01698216676265185
BRG,1879-09-22,0.1430103714,7.07712,3.31079,43195.24083375871,0.027659092756011194,0.021381528394554872
BRG,1880-09-28,0.14290334864,7.09535,3.33687,42825.56666576763,-0.008190513081339668,-0.014301502208242223
BRG,1881-10-04,0.14578367596,7.3418,3.35968,43392.131381560146,0.031646214517904836,0.0265719592897129
BRG,1882-10-10,0.14895866804,6.60016,3.3899100000000004,43941.77663713785,0.013232504998336614,0.00611409471843527
BRG,1883-10-16,0.14023373988,6.57282,3.41117,41110.15864937837,-0.03527561759559106,-0.03989810376247527
BRG,1884-10-22,0.14411478172,6.30045,3.4323099999999998,41987.69392042094,-0.015938457371440395,-0.020446333561421448
BRG,1885-10-28,0.15359795204,6.3138,3.44939,44529.01876563682,0.02353432770962205,0.019637048522820777
BRG,1886-11-03,0.15546736452,5.99726,3.4621,44905.50952312181,0.016222383492578762,0.013507957149282213
BRG,1887-11-09,0.15567985888000002,5.98778,3.47454,44805.89052939382,-0.0021391709575954154,-0.0048385434186848375
BRG,1888-11-15,0.15788404579999998,5.99888,3.4864999999999995,45284.395755055215,0.013483439577733236,0.010790166451797312
BRG,1889-11-21,0.15194224032,6.19612,3.50098,43399.91668618501,-0.03760290609400474,-0.04052799799289164
BRG,1890-11-27,0.13819633308,5.97332,3.5007,39476.771240037706,-0.09191920300265666,-0.09169350176360791
BRG,1891-12-03,0.13849492851999998,5.96924,3.49377,39640.53973787627,0.04360750501273669,0.04514864191749757
BRG,1892-12-09,0.13896311988,5.97678,3.4880100000000005,39840.229781451315,-0.009338802490886478,-0.008145437839260694
BRG,1893-12-15,0.12695611188,5.99172,3.4835,36444.986903975885,-0.03472748496319833,-0.033731929139416805
BRG,1894-12-21,0.14314928888,5.98312,3.4782499999999996,41155.54916409114,0.12093526451453918,0.12208803849958305
BRG,1895-12-27,0.1386223046,5.99494,3.47341,39909.57145859545,-0.021165516525941785,-0.020101227910956143
BRG,1897-01-02,0.14995133036,6.03151,3.4690499999999997,43225.47393666854,0.08322180562745696,0.08431923684883014
BRG,1898-01-08,0.14850243876,6.07221,3.46431,42866.38284680066,-0.01233576492841415,-0.011371892097541414
BRG,1899-01-14,0.12158308136,6.02268,3.45957,35143.98649543151,-0.09949201421172338,-0.0984607533181252
BRG,1900-01-20,0.141036792,6.04208,3.45507,40820.24155805815,0.0668879761675556,0.0679217531107108
BRG,1901-01-26,0.13895816376,6.07733,3.45034,40273.75961789273,-0.011664358816108722,-0.010745941798293579
BRG,1902-02-01,0.1382721548,6.08823,3.4460600000000006,40124.709030022685,-0.017714016528373455,-0.01673256208726226
BRG,1903-02-07,0.14157738243999998,6.09404,3.44212,41130.86773267637,0.015259316898901254,0.016190703330289047
BRG,1904-02-13,0.13736939892,6.08096,3.4361799999999993,39977.358264118884,0.014754032818298457,0.015982881900488355
BRG,1905-02-19,0.75765326572,8.93874,3.4575800000000005,219128.19536207404,2.8685572748698434,2.8500232227287965
BRG,1906-02-25,0.85760669904,9.57452,3.47717,246639.27821763098,0.16278872672289357,0.15810267117113463
BRG,1907-03-03,1.07915431,9.66849,3.50141,308205.64001359453,0.1401929411635887,0.1342609456999564
BRG,1908-03-09,1.06606934356,9.5485,3.52264,302633.63374060363,0.04666140490315063,0.041910164644078485
BRG,1909-03-15,0.99959772952,10.2593,3.54903,281653.78413820115,-0.07997579229552554,-0.08505549435097004
BRG,1910-03-21,0.98774201084,10.08845,3.58131,275804.6666834203,0.023778881022085363,0.016677019833517548
BRG,1911-03-27,1.1479159385200002,10.2395,3.6175899999999994,317315.1016339608,0.12838193253025154,0.11977279208212677
BRG,1912-04-02,1.0427405222,11.01537,3.6674299999999995,284324.5875722236,-0.08251699297829673,-0.09191031957994267
BRG,1913-04-08,0.86098098112,11.50675,3.72584,231083.72370257447,-0.085694549743638,-0.09656605987678368
BRG,1914-04-14,1.0859649678799999,11.17604,3.78726,286741.5936270549,0.1507204060418359,0.13667872042241092
BRG,1915-04-20,0.9158573891999999,11.22287,3.84611,238125.6358242484,-0.03537766449689239,-0.04639014104328465
BRG,1916-04-26,1.04544657568,11.20411,3.9030300000000007,267855.1217080063,0.22154673578518813,0.20791958764733343
BRG,1917-05-02,1.12224861008,11.04372,3.96162,283280.2262912647,0.01942208059648043,0.008148948475927398
BRG,1918-05-08,1.0280683842,11.4704,4.02238,255587.0863021395,-0.1342983276081462,-0.14422320893172202
BRG,1919-05-14,1.1499507021600002,11.75543,4.08552,281469.85014392296,0.11675467956006269,0.1036955952955021
BRG,1920-05-20,1.1900715933600001,11.82529,4.14859,286861.7032196481,-0.006410701955314568,-0.01802431907902291
BRG,1921-05-26,1.12631007944,12.0937,4.19768,268317.2798879381,-0.011083123942346784,-0.019757182622855862
BRG,1922-06-01,1.02913237804,11.51699,4.2473,242302.72833093966,-0.08106585026686086,-0.08889432925968954
BRG,1923-06-07,1.1655269475199999,11.70904,4.30971,270442.0825345557,0.057178754647054575,0.04559462594058128
BRG,1924-06-13,1.37032667928,12.19232,4.37673,313093.7204899548,0.1589130069657525,0.14536842121881755
BRG,1925-06-19,1.25793175248,12.74738,4.45363,282450.8889332971,-0.14445672848691793,-0.15550806173566545
BRG,1926-06-25,1.2629585092800002,12.42219,4.53641,278404.84199620405,0.017457580935124506,0.00342011437063805
BRG,1927-07-01,1.4173570470799999,12.19899,4.61941,306826.4230886628,0.22833137516781332,0.21136031952958878
BRG,1928-06-30,1.3304546216,12.10556,4.69727,283239.97164310334,-0.08787418800700209,-0.09946930425531941
LAH,1837-01-13,0.14123553547999998,8.48514,0.6637584908865664,212781.51228070178,0,0
LAH,1838-01-26,0.14257044151999998,8.20538,0.741,192402.7550877193,-0.008437778140258256,-0.008281017133414004
LAH,1839-01-25,0.14208820183999998,7.91941,0.741,191751.9592982456,-0.071167886364506,-0.08008741081514636
LAH,1840-02-07,0.1404913354,7.8609,0.741,189596.94385964915,-0.3228347576904832,-0.29840822291355906
LAH,1841-02-20,0.11347550604,9.44048,0.7279131124054822,155891.55368421052,0.07681873666720107,0.13676331691601407
LAH,1842-02-12,0.13216068007999998,9.15117,0.741,178354.4940350877,0.17043024306335575,0.16960290208485818
LAH,1843-02-18,0.13304403528,9.45176,0.741,179546.60631578948,-0.0008671914956661642,-0.00035599069569414166
LAH,1844-03-03,0.13577904132,9.65491,0.741,183237.57263157892,0.017866388809520295,0.017969898606454926
LAH,1845-03-02,0.09058538996,8.58123,0.741,122247.4898245614,-0.1896490763412556,-0.18968121502160085
LAH,1846-03-15,0.11219374192,8.34526,0.741,151408.55859649123,-0.09127884764059757,-0.05336727907786731
LAH,1847-03-28,0.10783120972,8.85649,0.741,145521.2007017544,0.037510499585160284,0.08398683054362754
LAH,1848-03-20,0.09941601332,7.07426,0.7410000000000001,134164.66035087718,-0.24560326066795446,-0.24589380065229804
LAH,1849-03-26,0.10419397248,7.46567,0.7409999999999999,140612.64842105264,0.04748956379915459,0.03952507560693852
LAH,1850-04-08,0.10556952848,7.50098,0.741,142468.99929824562,-0.013346262553398103,-0.011507099341593108
LAH,1851-04-07,0.11921946504,7.71881,0.741,160889.96631578947,0.12690453607335184,0.14496602703422878
LAH,1852-04-20,0.1346311564,7.65408,0.7275331543701075,185051.57543859648,0.15920100611863464,0.15561200310153178
LAH,1853-05-03,0.11989533088,7.82853,0.741,161802.06596491227,-0.14033912940139726,-0.1403226180957382
LAH,1854-04-25,0.12036202776,7.54771,0.741,162431.88631578948,0.008564928327765342,0.007960632890376962
LAH,1855-05-01,0.12348043448,7.27911,0.741,166640.26245614034,-0.00019342809673050798,-0.004063325625230263
LAH,1856-05-14,0.12720331572,8.35354,0.7324256129817508,173674.0407017544,0.12490765450692543,0.11022486127813491
LAH,1857-05-13,0.08595440412000001,8.20609,0.741,115997.84631578949,-0.3035739462368632,-0.3102847914332555
LAH,1858-05-26,0.08550717292,8.40131,0.741,115394.29543859648,-0.004992886756140513,-0.002292518871823024
LAH,1859-06-08,0.11028307576,8.5024,0.741,148830.06175438597,0.30178902401833807,0.3014871658532745
LAH,1860-05-31,0.08492203044,9.54704,0.741,114604.62947368421,-0.19958126354310346,-0.18599916522965032
LAH,1861-06-06,0.10225442032000001,8.23551,0.7410000000000001,137995.169122807,0.07178661160728117,0.06515716235131119
LAH,1862-06-19,0.1016720354,8.23035,0.741,137209.2245614035,-0.006457248618340072,-0.00620955565448722
LAH,1863-06-18,0.0994791564,8.19799,0.7355932649765478,135236.63298245615,-0.014940697244924195,-0.014184372329528072
LAH,1864-07-01,0.09577192612,7.89551,0.741,129246.86385964914,-0.02568788869609362,-0.025092192305737226
LAH,1865-07-14,0.0934878646,7.59338,0.741,126164.45964912281,0.005633307154800482,-0.001781006869159385
LAH,1866-07-06,0.0980142956,7.46761,0.7410000000000001,132273.00350877192,0.04636907795813072,0.04698985279927581
LAH,1867-07-12,0.0776051952,7.15872,0.7215171679936865,107558.34877192981,0.06266088737598863,0.046280845642922674
LAH,1868-07-25,0.07860796892,5.07736,0.741,106083.62877192983,-0.051105441389095785,-0.0461976830358497
LAH,1869-07-24,0.09015347432,5.18243,0.741,121664.60771929823,-0.10401538101361207,-0.07659308780443796
BAD,1837-01-13,0.60379358624,8.90631,13.03451,46322.69155035364,0,0
BAD,1838-01-19,0.57691981776,9.3355,12.1949,47308.28606712642,-0.043934083791436374,0.0113403605038489
BAD,1839-01-25,0.5968719016,9.3762,12.1659,49061.05603366787,0.007557047132170869,0.005481896135825393
BAD,1840-01-31,0.61845711876,9.3272,12.27849,50369.15115458008,0.028057571963683747,0.021089073404480407
BAD,1841-02-06,0.66870699584,9.32373,12.33169,54226.71149209881,0.04579509860672082,0.04253190754183467
BAD,1842-02-12,0.8137213224400001,9.53406,12.42348,65498.66240699064,0.11580171801754502,0.10932179818211885
BAD,1843-02-18,0.83027735752,9.79253,12.472899999999997,66566.50478397166,0.049169402956589225,0.04768061255718137
BAD,1844-02-24,0.92887945748,9.14001,12.381350000000001,75022.46988252492,0.016505364029667513,0.022293093071528824
BAD,1845-03-02,0.9335337076,10.09597,12.35149,75580.65525697709,0.026653050936656042,0.02911767720222591
BAD,1846-03-08,0.9250432802,10.08071,12.47252,74166.51007174172,-0.02517487909841276,-0.03283694253565128
BAD,1847-03-14,0.9045933577199999,10.01505,12.59985,71793.97831878951,-0.005726910652765538,-0.013820376539798285
BAD,1848-03-20,1.0114858286,10.06616,12.74628,79355.37494861246,0.06059044884366571,0.05124807204316695
BAD,1849-03-26,0.95220129992,10.18243,12.841590000000002,74149.79764343823,-0.0615047453786034,-0.06673346994080964
BAD,1850-04-01,0.7277508955599999,10.389,10.36815,70191.0076108081,-0.20187385226160282,-0.04325385317389041
BAD,1851-04-07,0.7597958497999999,10.03617,13.09601,58017.35412541682,0.08736775611100733,-0.1226447969224147
BAD,1852-04-13,0.8712713885200001,10.1454,13.2628,65692.8694182224,0.07339487780871057,0.06248987599211997
BAD,1853-04-19,0.89948612936,9.24408,13.330190000000002,67477.36749138609,0.044327041460216154,0.0392427000509703
BAD,1854-04-25,0.88829039728,9.30661,13.23023,67140.9640860363,0.007691288311890698,0.014686675200192623
BAD,1855-05-01,0.94546096372,9.44359,13.1509,71893.25169532123,0.04685979228792503,0.05312056249490271
BAD,1856-05-07,0.87646407212,9.12167,13.085939999999999,66977.5401782371,-0.04181846909847431,-0.03728748953071015
BAD,1857-05-13,0.93048842432,9.15895,13.206180000000002,70458.55988029846,0.03809924173993018,0.030944058382145867
BAD,1858-05-19,1.10700937932,9.36938,13.337790000000002,82997.9613804086,0.21138419097214367,0.2021142017072295
BAD,1859-05-25,1.1385308974,9.5206,13.47309,84504.06680278985,-0.01073627794776466,-0.018074441911579253
BAD,1860-05-31,1.1987424592,9.53068,13.62271,87995.88769048156,0.009500120425735448,0.0008629219238058816
BAD,1861-06-06,1.33998061132,9.62594,13.756199999999998,97409.21266919644,0.12048350518825002,0.1122169364429646
BAD,1862-06-12,1.51829867436,9.67864,13.94516,108876.38968358915,0.09810134633353851,0.088070499867968
BAD,1863-06-18,1.46644354064,9.73424,14.140900000000002,103702.27783521557,0.005304104924925612,-0.004929981720146803
BAD,1864-06-24,1.5564306882799999,9.8143,14.26612,109099.78945081071,0.056335838634054,0.04882733553475371
BAD,1865-06-30,1.5855487970400002,10.94324,14.41839,109967.11817616253,0.022247784171419926,0.01397871868919176
BAD,1866-07-06,1.824319614,11.38752,14.52465,125601.62303394575,0.056510790789596976,0.05029504458852574
BAD,1867-07-12,1.8077900365200001,11.13773,14.65744,123336.00113798864,0.027631291163516147,0.021014980079190337
BAD,1868-07-18,0.41624467872000004,10.31928,14.58442,28540.365590129742,-0.264366804815391,-0.25964840212044615
BAD,1869-07-24,0.88604986288,8.5814,14.01941,63201.65134481408,0.8731808602466622,0.9380063677413657
BAD,1870-07-30,1.33947910096,10.18638,11.15326,120097.54107408955,0.28158612667506056,0.6089311949215923
BAD,1871-08-05,1.33250837512,10.17888,13.91651,95750.18270529032,-0.03145392095933963,-0.22428183734888574
BAD,1872-08-11,1.4051214372,10.3236,13.92507,100905.87962573976,0.045535775744595997,0.044949831232312665
BAD,1873-08-17,1.58179904324,10.66916,13.852,114192.82726248917,0.10431794147249929,0.11026836792911232
BAD,1874-08-23,1.64566029784,10.79196,13.84114,118896.29740324858,0.06414528000696995,0.06359151333902036
BAD,1875-08-29,1.80967483528,10.97103,13.8097,131043.74716901888,0.04568845634100338,0.047698215809180766
BAD,1876-09-04,2.12760571556,11.32132,13.85394,153574.05298131795,0.0979404459679758,0.09617429587695536
BAD,1877-09-10,2.1227496123600003,11.47942,13.87218,153022.06375349802,0.011790489244071445,0.008666720278204698
BAD,1878-09-16,1.69091897728,11.327,13.82666,122294.10264517966,-0.23257076577136593,-0.23010136274058302
BAD,1879-09-22,1.92923235856,11.5341,13.934309999999998,138451.94764290447,0.09772827139668139,0.09135382106236856
BAD,1880-09-28,2.1866069732,11.58352,13.91846,157101.2147320896,0.1000528091618671,0.1013936620644591
BAD,1881-10-04,2.19047561356,11.82635,13.759539999999998,159196.8636713146,0.011133404374674472,0.021981645865668087
BAD,1882-10-10,2.5681916181999997,12.15366,14.02531,183111.21951671658,0.12346756046801421,0.10697835675931988
BAD,1883-10-16,3.1886380551999998,13.94176,14.26503,223528.31050477986,0.15785196965035486,0.14257098774730048
BAD,1884-10-22,3.3584086265599997,14.38302,14.55577,230726.96439693673,0.05549167116013187,0.039907963428469584
BAD,1885-10-28,3.52021191756,14.75867,14.80361,237794.15409889884,0.11279167734713003,0.09878372306557726
BAD,1886-11-03,4.264762642919999,15.9916,15.09422,282542.7642448566,0.1086116080130779,0.0922442716905032
BAD,1887-11-09,4.8089398214,16.40531,15.36141,313053.28230937134,0.11572223309581409,0.101340054309778
BAD,1888-11-15,5.474715857,17.05418,15.76408,347290.5400759194,0.11457178417280023,0.0924677676486243
BAD,1889-11-21,6.28211350884,17.70923,16.15368,388896.7411041942,0.13270269800406242,0.11259186033817037
BAD,1890-11-27,6.268849740399999,17.94803,16.54239,378956.71305053256,-0.058715361043940595,-0.07557945142134359
BAD,1891-12-03,0.7016281012000001,9.59537,16.25815,43155.46979207351,-0.8719922330190158,-0.870515377720853
BAD,1892-12-09,0.36347290356,6.16862,15.60636,23290.04992579948,-0.5164747509527033,-0.5051714905138192
BAD,1893-12-15,0.3757574236,10.16633,13.35016,28146.28615687003,0.01560974667550652,0.16159109291404827
BAD,1894-12-21,0.7411961289200001,9.22527,13.51012,54862.290558485045,0.3703073889663868,0.35810108638150306
BAD,1895-12-27,0.6608073487599999,9.35756,13.68079,48301.841396586016,-0.10509191103310123,-0.11337434361030752
BAD,1897-01-02,0.51949783808,9.64647,13.87194,37449.54477023401,-0.25666143551181175,-0.2645306640802322
BAD,1898-01-08,0.5838196416,9.09879,14.05137,41548.94801005169,0.14466931269367467,0.13358746781827913
BAD,1899-01-14,0.717163603,9.29752,14.23365,50385.08063637928,0.12723385174155633,0.11656231403294637
BAD,1900-01-20,0.7576898518799999,9.34931,14.04083,53963.3235271704,0.03716456627261677,0.038219832407860865
BAD,1901-01-26,0.58343702196,9.78582,13.20599,44179.72616668649,-0.1731446262443882,-0.1260612638954537
BAD,1902-02-01,0.73319337,10.26363,13.41662,54648.143123976086,0.13865246511143048,0.12470964928134887
BAD,1903-02-07,0.99566148396,12.03812,13.6598,72889.90204541794,0.20721904543530378,0.19058548057858826
BAD,1904-02-13,1.1988394808,11.83298,13.91581,86149.45740132986,0.13052297187633055,0.11544483800234073
BAD,1905-02-19,1.3534936448800001,11.67046,14.155269999999998,95617.6494605896,0.1408718970247118,0.12547289634317194
BAD,1906-02-25,1.5062814582400001,11.97081,14.367850000000002,104836.94207832069,0.058025167415306944,0.04624989151672776
BAD,1907-03-03,1.60837454284,12.32266,14.59184,110224.2447038893,0.04784605815374743,0.035773695807107986
BAD,1908-03-09,1.70221065352,12.03567,14.80635,114964.90718644366,0.03592422027499742,0.02452855955069455
BAD,1909-03-15,1.72286488088,12.11258,15.03917,114558.50827406034,0.014404239563940102,0.00256369646100163
BAD,1910-03-21,1.95810227444,12.51004,15.28252,128126.92372985608,0.11118800748248558,0.09785085430802387
BAD,1911-03-27,2.14026073196,12.94288,15.52567,137853.03513213922,0.08978076709409621,0.07673420136558429
BAD,1912-04-02,1.90393945092,12.8136,15.76887,120740.38602131922,-0.06490908042375243,-0.07580675140672044
BAD,1913-04-08,2.39790639972,13.39186,16.00917,149783.30542557797,0.23829308965141527,0.2238950352371809
BAD,1914-04-14,2.2485808758399997,13.22223,16.25047,138370.20565189805,-0.1501610858181277,-0.15974399733822797
BAD,1915-04-20,2.29307660556,13.34582,16.49177,139043.69303961916,0.021700412525545998,0.010459491965199241
BAD,1916-04-26,2.45964481464,13.85006,16.70332,147254.84602103053,0.07204966637729049,0.06131373337577206
BAD,1917-05-02,2.42147453756,14.74596,16.88196,143435.6281829835,-0.011018078800093867,-0.01871786615392701
BAD,1918-05-08,2.54560184112,14.89757,17.07213,149108.62564425176,0.0587515682854971,0.04977741851134043
BAD,1919-05-14,2.43836985808,15.45707,17.26661,141218.79500840063,0.006786304403096022,-0.0019635555964321316
BAD,1920-05-20,2.62484674504,15.03811,17.45734,150357.77186215084,0.06626967584479004,0.05742371417158565
BAD,1921-05-26,2.570165312,14.59114,17.63909,145708.49811413174,0.006867714439694694,-0.0010089649958059388
BAD,1922-06-01,2.50519479496,14.59154,17.82185,140568.72855287188,-0.014693856788632553,-0.02247362146573262
BAD,1923-06-07,2.5199243867199996,14.75338,18.00328,139970.29356428384,-0.015673360660017233,-0.023062407238763405
BAD,1924-06-13,2.7331301576800002,14.77315,18.17532,150375.9030201394,0.03255791160027255,0.025202919166569027
BAD,1925-06-19,2.2239536129200004,14.03463,18.35168,121185.2872826902,-0.10284421992176018,-0.10946534450105061
BAD,1926-06-25,2.3206747824,13.78726,18.45642,125738.07826219818,0.013649041554028685,0.009642525208487962
BAD,1927-07-01,2.89361576504,15.22846,18.61392,155454.39998882555,0.23130841489169773,0.22324376178288263
BAD,1928-06-09,3.09838887436,15.39742,18.78263,164960.33166601267,0.04382550313684419,0.03624271524068412
D13,1926-12-17,9.77010548332,8.75545,23.75097,411356.06180800195,0.09607519973769252,0.08197089941748281
D13,1927-12-23,11.34613668032,8.99711,24.1823,469191.7923572199,0.12450099940470039,0.10778257252597223
KNK,1858-07-07,0.00254137104,12.26341,0.12042,21104.22720478326,0,0
KNK,1859-07-13,0.02238116608,7.75961,0.6096,36714.51128608923,8.765489078791244,0.9156052036859319
KNK,1860-07-19,0.0240244342,8.04733,0.564,42596.5145390071,0.10293068820741391,0.17085363550331611
KNK,1861-07-25,0.019097468,8.05397,0.53871,35450.36847283325,-0.16735765071603248,-0.14185693403428135
KNK,1862-07-31,0.01896243804,9.89213,0.49568,38255.40275984506,-0.024472765327045565,0.03828210980649582
KNK,1863-08-06,0.01699435504,10.73921,0.48171,35279.22409748603,-0.060875645236088904,-0.04166260175960579
KNK,1864-08-12,0.01567799584,11.32756,0.48344,32430.075790170446,-0.06545706536188145,-0.06780722091043989
KNK,1865-08-18,0.015243068359999999,11.17185,0.48569,31384.35701785089,-0.012607407223849565,-0.016533533329346706
KNK,1866-08-24,0.015397328960000001,9.30599,0.48705,31613.446175957295,0.009196930480746435,0.007249061793671352
KNK,1867-08-30,0.015948959000000002,9.4502,0.48796,32684.972128863024,0.02300009232083111,0.021126849884838927
KNK,1868-09-05,0.03848519584,9.64204,0.49174,78263.3014194493,0.60959006789357,0.5996086876891304
KNK,1869-09-11,0.09323710240000001,9.44298,0.49413,188689.41857405947,0.39307957912676095,0.38815149466009724
KNK,1870-09-17,0.09343886968000001,9.56419,0.49871,187361.13107818173,0.010209445998794697,0.003405347580775153
KNK,1871-09-23,0.09612630768,9.39031,0.50354,190901.0360249434,0.031379473702027205,0.023625568029517652
KNK,1872-09-29,0.07933602508000001,9.30933,0.50787,156213.2535491366,-0.020016364713191792,-0.026318064749350722
KNK,1873-10-05,0.08620493336,9.66051,0.51177,168444.67897688417,0.07372594137811728,0.06722766824794624
KNK,1874-10-11,0.08228321608,9.18716,0.5134,160271.16493961823,0.05051874668972567,0.048033790931035325
KNK,1875-10-17,0.08464975168,9.63353,0.51767,163520.68244248268,0.027896943472581315,0.021565378971963423
KNK,1876-10-23,0.08527887472000001,9.63228,0.52296,163069.59369741473,0.0057628231571216215,-0.001940728180225726
KNK,1877-10-29,0.0862584762,9.68094,0.52804,163355.95068555415,0.040620662562968146,0.032958693305035425
KNK,1878-11-04,0.09385829336,9.73315,0.53306,176074.53825085357,0.059236630386051425,0.0516726458077279
KNK,1879-11-10,0.11653745064,9.88257,0.53814,216556.008919612,0.1632462045829648,0.1550245471029097
KNK,1880-11-16,0.11450698688,9.87004,0.54386,210544.96907292318,-0.055324928757848,-0.0629856188726241
KNK,1881-11-22,0.11125222472,9.88784,0.54996,202291.4843261328,-0.03760497200135271,-0.04540393165264889
KNK,1882-11-28,0.11476164804,9.9543,0.55575,206498.69192982456,0.027688726667709718,0.01936708143370791
KNK,1883-12-04,0.12163629399999999,10.00017,0.56248,216249.98933295405,-0.002995984420483655,-0.011832689713598299
KNK,1884-12-10,0.11560577756,10.03852,0.56789,203570.72242863936,-0.036992823130157726,-0.044104014327543406
KNK,1885-12-16,0.12440203307999999,9.94578,0.57274,217205.0722491881,0.05010737468820681,0.04338748859956487
KNK,1886-12-22,0.12681985524,9.99521,0.57934,218904.02050609316,0.011324149209352985,0.0026245705015777165
KNK,1887-12-28,0.12382726668,10.00624,0.58616,211251.64917428687,-0.02425661581194627,-0.03278164132690764
KNK,1889-01-03,0.13215834268,10.29039,0.59292,222894.0543074951,0.018596931765341607,0.00967849849182767
KNK,1890-01-09,0.1311734762,10.17154,0.60007,218596.95735497525,-0.00930079140722695,-0.018087854813800486
KNK,1891-01-15,0.13524839379999998,10.30371,0.60587,223230.05562249327,0.06765167549715634,0.06002573603829142
KNK,1892-01-21,0.13743830932,10.93358,0.61235,224444.04232873357,-0.011989766255902645,-0.020216544892859845
KNK,1893-01-27,0.13295251996000002,10.47484,0.62121,214021.86049806024,-0.056138925894184566,-0.06598351233946809
KNK,1894-02-02,0.13723031400000002,11.43741,0.63074,217570.33643022485,0.008058723884301955,-0.0037981874792805126
KNK,1895-02-08,0.13592062796,11.42076,0.64115,211995.0525774,-0.016960703795863563,-0.02886603915557384
KNK,1896-02-14,0.13778101792000003,11.66901,0.65218,211262.2556962802,0.017280253573109583,0.004200560174812962
KNK,1897-02-20,0.1283358492,11.72324,0.66248,193720.33751962325,-0.04824678960282158,-0.05957349323212058
KNK,1898-02-26,0.12259657956,11.00974,0.6738,181948.0254674978,0.017355030288681128,0.00435592017772235
KNK,1899-03-04,0.13168485564,11.06165,0.68512,192206.99386968708,0.09413460851334032,0.08063337455131037
KNK,1900-03-10,0.13042116516,11.08706,0.69648,187257.5883873191,0.025089486043263554,0.012154097095612215
KNK,1901-03-16,0.12731710992,9.89394,0.70783,179869.61547264174,-0.07983538107906007,-0.09103417652133672
KNK,1902-03-22,0.17328647128,11.29374,0.71884,241064.0355016415,0.3475596345720604,0.3317906532162602
KNK,1903-03-28,0.19529466008,11.41919,0.73119,267091.5358251617,0.13307701218755685,0.11832940077711185
KNK,1904-04-03,0.19634974632000002,10.67608,0.74123,264897.1929360657,0.042037362113728216,0.031952042998977026
KNK,1905-04-09,0.17616056172,10.98949,0.75172,234343.32160910976,-0.09571804706693054,-0.10534697085757405
KNK,1906-04-15,0.1813497348,11.01351,0.76416,237319.06250000003,0.04017572668718761,0.027328233280787817
KNK,1907-04-21,0.156110149,11.49583,0.77696,200924.30627059308,-0.15753228360124305,-0.1679767782414182
KNK,1908-04-27,0.16735735899999998,12.05084,0.78858,212226.22815694034,0.052757476903015244,0.04072419192603083
KNK,1909-05-03,0.16046695964,11.2253,0.79999,200586.20687758597,-0.04027792176003797,-0.05057376089440213
KNK,1910-05-09,0.16522615200000002,11.21052,0.81093,203748.96970145387,0.005283646514302909,-0.004897540159081837
KNK,1911-05-15,0.15132499148,11.2502,0.8218199999999999,184133.98491153782,-0.0855275985191073,-0.09476176548543036
KNK,1912-05-21,0.15900644811999998,11.19618,0.83361,190744.4105996809,0.056444431054744726,0.0454532576637221
KNK,1913-05-27,0.16018605876000003,11.17854,0.84156,190344.19264223587,0.004513883310533151,-0.0024591908150729536
KNK,1914-06-02,0.14660296664,12.2115,0.85327,171813.10328500945,-0.07538172179044356,-0.08518020017378103
KNK,1915-06-08,0.18474892852,11.5255,0.86566,213419.7358316198,0.2514373832502599,0.23844656388178365
KNK,1916-06-14,0.15947872148,11.60823,0.8778499999999999,181669.6719029447,-0.09081614987091624,-0.10050055692403959
KNK,1917-06-20,0.18707683747999998,11.15319,0.88896,210444.60659647227,0.05722949482747475,0.04733382944841802
KNK,1918-06-26,0.19304647128,11.09147,0.89897,214741.83930498236,-0.0020649591871485518,-0.010159026758665757
KNK,1919-07-02,0.19650776548,11.35237,0.911,215705.56035126233,0.0009712027018480285,-0.00924146707942175
KNK,1920-07-08,0.20875529376,11.47712,0.92339,226074.8911727439,0.05011874210393197,0.03943362207126677
KNK,1921-07-14,0.2135510494,11.63155,0.93633,228072.420407335,-0.0010389956755668672,-0.011344966482499608
KNK,1922-07-20,0.27853928284,11.36617,0.94909,293480.3683949889,0.2102238171817119,0.19772281084426813
KNK,1923-07-26,0.29796004368,11.31163,0.9617900000000001,309797.40242672514,0.07498353775604083,0.06445168286761227
KNK,1924-08-01,0.25847569748,11.60002,0.97493,265122.3138892023,-0.0999838123724508,-0.10925374805899646
KNK,1925-08-07,0.20941278279999997,11.56327,0.98887,211769.7804564806,-0.04160256361598802,-0.05193578593629833
KNK,1926-08-13,0.2516989696,11.1769,1.00192,251216.63366336637,0.07285608097441365,0.06252844354147702
KNK,1927-08-19,0.27103236940000003,11.10858,1.01341,267445.9196179237,0.09140330778758399,0.08153913067142637
SOK,1837-01-13,2.20908586392,8.19222,55.08926,40100.118678668034,0.21218873677566163,0.19849279575238543
SOK,1838-01-19,1.94748757476,8.89259,55.93142,34819.20492560353,-0.05375226938060118,-0.06450364118484864
SOK,1839-01-25,2.3763836023200002,8.3032,56.89532,41767.64630764007,0.2100682807289893,0.19445538100931836
SOK,1840-01-31,2.49902764592,8.29586,57.64148,43354.675242897996,0.09922394668226509,0.08821446928770915
SOK,1841-02-06,2.53449270516,8.53518,58.39107,43405.484865408354,-0.030300526912203862,-0.03963826004408444
SOK,1842-02-12,2.2263548684,8.82258,59.15871,37633.59391034727,-0.09007728593222031,-0.09897998548014408
SOK,1843-02-18,2.5265340307999997,8.08328,59.80671,42244.99275750162,0.11276551454767247,0.1036604899155964
SOK,1844-02-24,2.4876604375999998,8.43837,60.44893,41153.09299271302,-0.030259501520131682,-0.03783941147255232
SOK,1845-03-02,3.01692067456,7.88898,61.09651,49379.590987439384,0.10060614611250118,0.09169767948671592
SOK,1846-03-08,3.21825571704,8.5629,61.76784,52102.44873448707,0.07536217913113541,0.06629689810421002
SOK,1847-03-14,3.51502911656,8.60533,62.47174,56265.90705749512,0.10501999025956477,0.09563995214381982
SOK,1848-03-20,3.15981899792,7.97444,63.1598,50028.958260159154,0.0507866119246565,0.0416786227660737
SOK,1849-03-26,3.65508981396,7.84102,63.72206,57359.88155373508,0.020220630944824736,0.013327065966973306
SOK,1850-04-01,3.2730254257999998,8.63062,64.38365,50836.282593484524,-0.08067933849876263,-0.0877293836909131
SOK,1851-04-07,3.87582724776,8.11033,64.97643,59649.74141792648,-0.008523235713712385,-0.0154789090955183
SOK,1852-04-13,3.92062818888,8.00757,65.51374,59844.36530230147,0.014485731003439417,0.007994716553646919
SOK,1853-04-19,4.19579741828,8.00767,66.0301,63543.70837360536,0.09861248803966172,0.09208727877300982
SOK,1854-04-25,4.23996929512,8.82702,66.62117,63642.97257343273,-0.09291957426222963,-0.09922618708721354
SOK,1855-05-01,3.74516894232,8.82391,67.29918,55649.547919008815,-0.1485128381617692,-0.1550178141463069
SOK,1856-05-07,4.26726538836,8.83046,67.96877,62782.73666508898,0.08056848357519697,0.0726992337693535
SOK,1857-05-13,4.84033531436,8.33922,68.52241,70638.71971753475,0.13916477583826925,0.13197317162539512
SOK,1858-05-19,4.789117266440001,8.39791,69.10585,69301.18458046606,0.04935439376817463,0.04241900548775912
SOK,1859-05-25,4.90080517108,8.59915,69.75726,70255.1271520699,0.05240598077148095,0.044849476789936116
SOK,1860-05-31,4.51249552884,8.58698,70.32768,64163.8616379781,-0.03147838224853294,-0.03743460356685069
SOK,1861-06-06,5.2506872298400005,8.90848,70.99024,73963.50864344169,0.05954105438916235,0.05216746906675529
SOK,1862-06-12,4.75007149864,8.8661,71.58137,66359.04703472425,-0.08900832576177753,-0.09471741789604371
SOK,1863-06-18,4.83517646144,8.32295,72.17075,66996.34493808087,0.12081768862724207,0.1136963532069748
SOK,1864-06-24,5.01204516384,8.91441,72.81667,68831.01306115756,0.05138544185676808,0.04443529164291693
SOK,1865-06-30,5.455043714119999,8.57258,73.41212,74307.12686297575,0.09321538505607041,0.0864813333158736
SOK,1866-07-06,5.11451656508,9.07069,74.15826,68967.59127142411,0.026705115236268506,0.018888877672158078
SOK,1867-07-12,5.22729295504,9.23972,74.90593,69784.76810901354,0.046635047715040345,0.038992938583534587
SOK,1868-07-18,5.84992783908,9.14166,75.70203,77275.70633284208,0.0461952999415185,0.03777854702425709
SOK,1869-07-24,6.13759761264,8.5677,76.45508,80277.17206809542,0.02885913011583985,0.02120064990438153
SOK,1870-07-30,5.489504358,8.79177,77.07944,71218.78879763526,-0.041019827750019444,-0.04686051600945307
SOK,1871-08-05,6.47355935044,8.86366,77.79021,83218.17553185677,0.00662630248739382,-0.00038770749720029585
SOK,1872-08-11,6.28280679572,8.81773,78.47168,80064.63982573074,-0.04091111519180568,-0.0470630877466085
SOK,1873-08-17,6.82461950768,8.55209,79.13956,86235.24704559894,0.12383904420252256,0.11639640362147707
SOK,1874-08-23,5.77951051496,8.2356,79.33868,72846.06342026361,-0.05856431832793341,-0.060572110446488914
SOK,1875-08-29,8.09687408764,9.36789,80.34865,100771.75021160902,0.2882930192425963,0.276330572434796
SOK,1876-09-04,8.77404926788,9.25567,81.46309,107705.82441545,0.06213643338682351,0.051076372474210485
SOK,1877-09-10,9.36033688564,9.35994,82.61019,113307.29157795184,0.07889935958223449,0.06743266484118915
SOK,1878-09-16,10.242368348160001,9.56015,83.79002,122238.52373063046,0.0803180792346676,0.06901056298084818
SOK,1879-09-22,11.65494725408,9.79259,84.99673,137122.30169419458,0.09900137816078813,0.08707119372392325
SOK,1880-09-28,12.81519603936,9.88316,86.2504,148581.2939923757,0.07644064485050461,0.06481179652848512
SOK,1881-10-04,14.01507031236,9.76651,87.52538,160125.7865131234,0.07818250423611173,0.0659409029803475
SOK,1882-10-10,15.8124930054,10.06933,88.75542,178158.05508441062,0.11226729602321428,0.10059300059382847
SOK,1883-10-16,16.38419564704,10.17527,90.00568,182035.12986113766,0.03306560813309911,0.022276384224196866
SOK,1884-10-22,16.68711731648,10.30353,91.22798,182916.65908288225,0.03196665348149219,0.021540918022934674
SOK,1885-10-28,18.60199871244,10.40518,92.47921,201147.8981323478,0.07436007568428815,0.0631476614335964
SOK,1886-11-03,20.38619868064,10.24318,93.82939,217268.7969157638,0.05550656246412644,0.04403303621172161
SOK,1887-11-09,22.240384288199998,10.34222,95.15213,233735.01242904388,0.06807485867545404,0.056764202490940274
SOK,1888-11-15,25.23930329856,10.98928,96.58827,261308.1619389187,0.11816673680097445,0.10547337182140382
SOK,1889-11-21,24.47864987048,11.21446,98.10166,249523.2993048232,-0.031538202075297006,-0.04290953290480204
SOK,1890-11-27,22.650980613559998,9.99243,99.14163,228470.93207525433,-0.06413841838101908,-0.07143298890578809
SOK,1891-12-03,24.897711922200003,9.71587,99.68,249776.40371388444,0.11457023706773506,0.11017079682201847
SOK,1892-12-09,24.37653084464,9.64804,100.30036,243035.32753661106,-0.020907807546667434,-0.025483961562982382
SOK,1893-12-15,25.63786725032,9.95583,100.96271,253934.02425826326,0.0786028811750128,0.07330402844363393
SOK,1894-12-21,28.389833340440003,10.06866,101.61055000000002,279398.48116598127,0.06575692597611349,0.0607474858903303
SOK,1895-12-27,29.37329051852,10.47091,102.42115,286789.30590527446,0.042923500182106444,0.03667579357957362
SOK,1897-01-02,30.69862924648,10.84153,103.33542,297077.5097878346,0.05183027174297816,0.04478205477235453
SOK,1898-01-08,32.520771473319996,11.15581,104.40713,311480.3699069211,0.03102145935282774,0.023083194431516407
SOK,1899-01-14,32.59277667256,10.97063,105.41525,309184.64522505045,0.004286868018153811,-0.002990674770722901
SOK,1900-01-20,33.93370679088,11.08469,106.36304,319036.63895729196,0.04828718522293274,0.04122723602101419
SOK,1901-01-26,36.287580797,11.45637,107.36685,337977.5116528053,0.06027390749830541,0.05275528988544642
SOK,1902-02-01,37.19050014784,12.92984,108.84395000000002,341686.42490317556,0.027028413174514876,0.016373358119594172
SOK,1903-02-07,38.76761952856,13.50172,110.47602,350914.33895391953,0.030634293650537492,0.019036032565307393
SOK,1904-02-13,37.874474899039996,13.52641,112.23874,337445.65289168427,0.02167253095093291,0.009538370085458103
SOK,1905-02-19,40.274262570359994,13.50465,114.02452,353207.03450766555,0.06269985630506314,0.050114801846872004
SOK,1906-02-25,40.0004761884,13.50531,115.78956,345458.4004671924,-0.02034921081780916,-0.03162248238713161
SOK,1907-03-03,41.875007256159996,14.13318,117.64572,355941.6122929079,0.028185178476969552,0.015908891725436858
SOK,1908-03-09,44.07553695168,14.33677,119.58257,368578.27149625565,0.048695132289241494,0.03582419254721225
SOK,1909-03-15,41.91138219424,14.73155,121.60341,344656.30687692063,-0.036777436906747285,-0.04889697672353155
SOK,1910-03-21,45.0262721532,14.81127,123.70503,363980.9323291058,0.05559570650868895,0.042034638964239646
SOK,1911-03-27,46.24713298556,14.94513,125.77971,367683.57142467576,0.021154011597183553,0.00836077361946641
SOK,1912-04-02,35.56720525592,14.30282,127.46741,279029.7947994707,-0.24957667683817408,-0.2258384336451611
SOK,1913-04-08,46.96929506308,15.00344,129.51446,362656.7648359882,0.2456364671103699,0.230843079170731
SOK,1914-04-14,48.264831124640004,15.09624,131.76743,366288.0206788583,0.019303552467290652,0.006135475687744529
SOK,1915-04-20,45.144323791320005,14.08678,133.98095,336945.8403699929,-0.044881362863819274,-0.05688199880040201
SOK,1916-04-26,49.51500673496,14.42827,136.13769,363712.69951003283,0.059337305707002796,0.04665195989075843
SOK,1917-05-02,50.21460657876,14.81521,138.40159,362818.1336555454,0.013260787304664179,0.0007752229015811629
SOK,1918-05-08,54.1745939384,15.05938,140.80505,384748.9414506085,0.04377799827989115,0.030344256644955436
SOK,1919-05-14,55.27262473252,15.12331,143.24882,385850.47145603015,0.0038873421472702674,-0.009073231577773955
SOK,1920-05-20,46.59858564868,14.8321,145.53806,320181.44015854,-0.05162837648746055,-0.06316500584603135
SOK,1921-05-26,46.04155289136,13.76105,146.45077,314382.4569263787,-0.016632555991235365,-0.02147448785733108
SOK,1922-06-01,43.9282799956,14.05462,147.00275,298826.24641783914,-0.03685312951285313,-0.03893401963410703
SOK,1923-06-07,57.683509463840004,15.14289,149.05776,386987.631263478,0.20725080179061828,0.19461308482421869
SOK,1924-06-13,60.89483995712,15.19303,151.3484,402348.75266021973,0.06838860659985757,0.056145708828237995
SOK,1925-06-19,59.71535509784,15.36429,153.80454,388254.8271841651,-0.013411504699285204,-0.02525535351610042
SOK,1926-06-25,57.90047814148,15.41105,156.36426,370292.2786925861,-0.03784554107132598,-0.04980939778694382
SOK,1927-07-01,64.37872559144,16.01382,159.06083,404742.79928905185,0.0927402449594188,0.0786877366059453
SOK,1928-06-30,63.089173099679996,15.83807,161.67711,390217.10061294393,-0.024743291924975264,-0.036943095711929774
KON,1867-09-27,0.45415228976,8.15683,15.93829,28494.41751655918,0.01872500808940547,0.011304685468712217
KON,1868-10-10,0.44789108,8.11005,16.13284,27762.692743497115,0.0004174846786575426,-0.010660392785035278
KON,1869-10-09,0.46254097967999996,7.76532,16.13284,28670.772144272178,0.03018725842804315,0.029559868736287687
KON,1870-10-22,0.45841391648,7.73551,16.57583,27655.563340116303,-0.010608467280320721,-0.03668373105990652
KON,1871-11-04,0.5824014840799999,7.34615,16.57583,35135.58501022271,0.24551800395356516,0.24274649272658322
KON,1872-10-27,0.5487677,7.32669,16.57583,33106.49904107366,0.0255816634973014,0.029075739268366485
KON,1873-11-02,0.75923980808,7.59422,17.3567,43743.32724999568,0.04122185368753373,-0.02028072841192019
KON,1874-11-15,0.5257990925199999,7.87764,17.3567,30293.724758738696,-0.21628473700065376,-0.21223779879996152
KON,1875-11-14,0.54897635208,8.29479,17.3567,31629.07419497946,0.07618906468614961,0.053693918667416574
KON,1876-11-27,0.6800061762,7.73554,17.486182514003712,38888.20076397011,0.18050675186904197,0.1759450393517048
KON,1877-12-10,0.51570205232,8.87709,17.3567,29711.987435399587,-0.10505390277033766,-0.0908715856564345
KON,1878-12-02,0.47635559972,9.14183,17.3567,27445.05578364551,-0.05353078060838967,-0.05225643766054211
KON,1879-12-08,0.61529978276,9.13108,17.3567,35450.27469276994,0.14540897668184427,0.13481099550083187
KON,1880-12-21,0.5430582861600001,8.87449,19.588695679845177,27723.044710871338,0.02912628803295436,-0.09056619405585464
KON,1881-12-20,0.52789356152,8.67899,19.54424,27010.18619910521,-0.1446696691499738,-0.17121632108643203
KON,1883-01-02,0.5521835488,8.80435,19.54424,28253.006962665215,0.036923993525530996,0.03384247343474378
KON,1884-01-15,0.54699346832,8.92558,19.54424,27987.45145986746,-0.0018716600569992359,-0.0031215834963692624
KON,1885-01-07,0.56202416088,8.71601,20.90712,26881.95030592449,0.037084706788209854,-0.0301484988717301
KON,1886-01-13,0.57215409212,8.51864,20.90712,27366.470949609513,0.014734461297724044,0.014322458299741658
KON,1887-01-26,0.58244424576,8.48878,20.90712,27858.65512610058,0.010507627459368285,0.011236473808456715
KON,1888-01-25,0.57442528936,8.53725,22.281995590431233,25779.795486840547,-0.006527739973421709,-0.07656292866132464
KON,1889-02-07,0.594223045,8.49615,22.47738,26436.49059632395,0.030414260843051988,0.02814665931566185
KON,1890-02-20,0.65565171152,8.7952,22.47738,29169.401038733162,0.06665811382730236,0.06453666513587275
KON,1891-02-12,0.8764234414000001,7.74325,23.70498,36972.12321630307,0.2777232943539847,0.23545405795686158
KON,1892-02-18,0.6670639700400001,8.92978,23.733183335931553,28106.80558937405,-0.12231080005947914,-0.1344766951023253
KON,1893-03-03,0.72134461464,9.11764,23.70498,30430.087460103325,0.061037309133212814,0.06018361576968423
KON,1894-03-02,0.7695538723600001,9.15679,23.70498,32463.80601713227,0.03489190928839392,0.036581089213609363
KON,1895-03-15,0.6921714956,9.01086,23.70498,29199.41276474395,-0.08721120458225151,-0.08358776097270715
KON,1896-03-28,0.70133871548,8.97322,26.279649958495153,26687.521203199492,0.005408496260736362,-0.09031429761976739
KON,1897-03-20,0.69988694464,9.0301,26.4208,26489.9982074729,-0.023507466935839938,-0.030039799916831034
KON,1898-03-26,0.73439941536,8.32592,27.05343,27146.25891652186,0.1729528748581144,0.14436537327089827
KON,1899-04-08,0.70431530936,8.33682,27.05343,26034.233343424476,-0.01885852925631326,-0.020675592747523952
KON,1900-04-07,0.71265451452,8.14858,27.05343,26342.482802365543,0.01248272915867421,0.013277940058033177
KON,1901-04-20,0.74236058156,8.20765,27.05343,27440.53458507849,0.02163808002700085,0.02545302670164018
KON,1902-05-03,0.74390800744,8.19805,28.15852,26418.57624051264,-0.010613931667855292,-0.0046988269546949235
KON,1903-04-25,0.7464839704399999,6.90918,28.15852,26510.05700725748,0.0022005791703962885,0.001596755313306275
KON,1904-05-01,0.77933948456,8.51899,28.89061,26975.52888499066,0.05607016304165424,0.03991698443826652
KON,1905-05-14,0.7847287006,8.71152,28.89061,27162.06755759051,0.005404966819217316,0.005363368186886985
KON,1906-05-13,0.7902703301999999,8.70367,28.89061,27353.88176988994,0.00520557945793132,0.00529629623547212
VNZ,1837-01-06,0.38333454015999996,8.33664,10.17205,37685.08217714226,0,0
VNZ,1838-01-05,0.35067172036,8.43766,10.28379,34099.46336516012,-0.0811619908802399,-0.08873978451852216
VNZ,1839-01-04,0.31943674048,9.11221,10.40711,30694.087069320878,-0.0896548450659056,-0.09792533012365445
VNZ,1840-01-03,0.37654437236,9.11815,10.55373,35678.795303650935,0.06163716658649765,0.05056467486411309
VNZ,1841-01-02,0.55065849436,8.76993,10.6694,51611.00852531539,0.19879779497972971,0.1891873021680106
VNZ,1842-01-08,0.72301692892,9.14887,10.80387,66922.031542401,0.18695425349772932,0.17528983252888675
VNZ,1843-01-07,0.77737798944,9.03879,10.92876,71131.39911938774,0.07264664601173076,0.06329852714890905
VNZ,1844-01-06,0.8382115804400001,9.46855,11.36635,73745.00877062557,0.04369085426455088,0.014092229579744764
VNZ,1845-01-05,0.95814978324,9.15262,11.93231,80298.76723283254,0.13307924135419236,0.09038506575124017
VNZ,1846-01-04,1.06280532488,8.84299,12.04642,88225.82351271166,0.045364797331753914,0.038295584953562445
VNZ,1847-01-03,1.1545450826,9.34912,12.19862,94645.54864402696,0.08399444923843724,0.07343943090041427
VNZ,1848-01-02,1.29741943136,9.40093,12.35577,105005.14588406874,0.05229462044651889,0.041831033557605535
VNZ,1849-01-08,1.41985435852,9.30393,12.51507,113451.57146703934,0.026327551567928875,0.01629430256138753
VNZ,1850-01-07,1.4397256302,9.89122,13.06121,110229.11584761289,0.013312859068713712,-0.0180208429105575
VNZ,1851-01-06,1.36529532672,9.90856,13.545519999999998,100793.12767025556,-0.04777313932948657,-0.07595071869264225
VNZ,1852-01-05,1.60784873444,9.94227,13.7233,117161.96063920486,0.10511395897592091,0.09361944782102105
VNZ,1853-01-04,1.63830129684,9.90888,14.00436,116985.08870380367,0.0011057295617535878,-0.014628308314734717
VNZ,1854-01-03,1.71472059148,9.68051,14.28586,120029.21710558553,-0.0041181167871237045,-0.019335804927577915
VNZ,1855-01-02,1.92471456476,9.81845,14.55549,132232.8938950183,0.10309868183358195,0.08705847892036966
VNZ,1856-01-08,2.3302458873200003,9.88574,14.820560000000002,157230.62335836163,0.15588748730637159,0.14024638951736956
VNZ,1857-01-07,2.60422402864,9.97981,15.083679999999998,172651.76857636866,0.10693432569389771,0.09199349924050404
VNZ,1858-01-06,2.77754843028,9.85006,16.73558,165966.66684273866,0.07175753179664945,-0.014294746215421594
VNZ,1859-01-05,3.10235952416,9.94785,18.4139,168479.2208147106,0.09416247031831548,0.012663102204601095
VNZ,1860-01-04,3.37592853624,9.94978,21.307000000000002,158442.2272605247,0.06827337396555677,-0.0570102930527594
VNZ,1861-01-03,3.51648563656,10.0439,22.42499,156811.02361963148,0.03677856372929056,0.0028401911757769405
VNZ,1862-01-02,3.8137271099200003,10.16343,22.8633,166805.62779301326,0.06106544180753248,0.04487422208778735
VNZ,1863-01-08,3.9965539702400004,9.81853,23.312170000000002,171436.3772330075,0.05202409894591242,0.03660752167451764
VNZ,1864-01-07,4.33458415624,11.10844,23.76363,182404.12581074526,0.07067141785309938,0.05478750431954138
VNZ,1865-01-06,4.423702538320001,10.95777,25.235700000000005,175295.41634747598,0.0204173920798425,-0.026156518985504085
VNZ,1866-01-05,4.88341693944,10.84661,25.74861,189657.49760627854,0.06576200763336781,0.049358824791744915
VNZ,1867-01-04,5.0498801776799995,11.14378,26.28079,192151.00374379917,0.05288732704331611,0.03641655820913292
VNZ,1868-01-03,5.67529229696,11.28119,28.117940000000004,201838.8365918698,0.07402483445656749,0.017783884425470298
VNZ,1869-01-02,5.7086710538,11.44554,29.05208,196497.84297027957,-0.0031742860559401676,-0.02558522357050763
VNZ,1870-01-08,5.97629656572,11.97788,30.02148,199067.3532990379,0.038743567499355924,0.013351887317536892
VNZ,1871-01-07,6.134553819160001,11.80725,32.02669,191545.04630856327,0.025783493382327993,-0.02360016990354996
VNZ,1872-01-06,6.8050000902,11.85978,34.5867,196751.93326336425,0.11321234057376928,0.046728459679087564
VNZ,1873-01-05,7.26027995472,11.97356,35.30139,205665.55466286172,0.02708543279037401,0.011012407146352654
VNZ,1874-01-04,7.3805491136,11.91304,36.10375,204426.10846795695,0.015256950181823381,-0.0007932683813672847
VNZ,1875-01-03,8.096660160679999,12.53318,38.3477,211138.09069852947,0.03787338200506252,-0.009508436026973155
VNZ,1876-01-02,9.284349329840001,12.55502,39.37013,235822.16593747595,0.10147265040022324,0.07978977432827161
VNZ,1877-01-08,11.111206883920001,12.89977,43.08891,257866.97514325616,0.1181965148601345,0.04183898505805694
VNZ,1878-01-07,11.59691569452,12.56181,44.4545,260871.58093151424,0.010162528178867536,-0.010345884063985178
VNZ,1879-01-06,11.81903124948,12.58651,45.332,260721.59290302655,0.03096062383093856,0.015553897898179736
VNZ,1880-01-05,12.62409183724,12.40252,48.54077,260071.93205299377,0.05151972018192441,0.00047852082741983715
VNZ,1881-01-04,13.899735286839999,12.86453,51.52863000000001,269747.81372685434,0.09249027026988843,0.040315656751791495
VNZ,1882-01-03,14.714911099199998,13.23673,52.5328,280109.01949258364,0.019236457865101864,0.0041626253265993896
VNZ,1883-01-02,15.11943207944,13.35565,53.54845,282350.50836093293,0.01950215712300829,0.004640815944529697
VNZ,1884-01-08,16.53919170124,13.93191,55.3988,298547.8331884445,0.06787737321674747,0.041009341129153665
VNZ,1885-01-07,17.006022587839997,14.19041,57.888560000000005,293771.73292685114,0.014297193486114912,-0.01878836489930702
VNZ,1886-01-06,17.94452587616,14.77337,59.788,300135.9114899311,0.027364002173575486,0.0015673303421033236
VNZ,1887-01-05,18.67522139496,15.04336,62.198899999999995,300250.02684870636,0.02347282648507676,0.0023306302203394136
VNZ,1888-01-04,20.7050041796,14.75525,75.96474,272560.71934952977,0.08087910874718562,-0.07909670652992484
VNZ,1889-01-03,22.70781194968,14.82546,78.26284,290148.069628958,0.08372355413632016,0.06037816202318069
VNZ,1890-01-02,24.14074563004,14.96074,80.19091,301040.9238408693,0.05348189494579891,0.035764438222135375
VNZ,1891-01-08,25.8773845668,14.52838,91.23787999999999,283625.44775043,0.05978349305573438,-0.05062543238826289
VNZ,1892-01-07,28.335839818519997,14.35478,100.26053,282622.08287269174,0.06806439396109876,-0.010024792549671258
VNZ,1893-01-06,30.69467570156,14.43468,105.70542,290379.39304871974,0.06398825835518651,0.024757331202133415
VNZ,1894-01-05,33.16097095688,15.11241,108.97885,304288.1344121359,0.06517787459910429,0.042016157787470254
VNZ,1895-01-04,33.681357175959995,14.99834,112.77557,298658.2748015372,0.011855768809011291,-0.01617425245136639
VNZ,1896-01-03,35.062194535159996,15.50129,115.71942,302993.1755202368,0.046257290050325306,0.0260989907914162
VNZ,1897-01-02,37.045862041759996,15.13157,122.39585,302672.5337645026,0.04533875009438959,0.005363025361575957
VNZ,1898-01-08,39.963845832560004,14.81722,131.21302,304572.25839752797,0.0362753584953146,-0.01969804533354269
VNZ,1899-01-07,40.76203969084,15.06341,134.23527,303661.17407772184,0.0151743716124344,-0.0027448949085937535
VNZ,1900-01-06,39.59428070468,14.32993,136.71049,289621.3794909228,-0.004226170314435063,-0.01778109679305906
VNZ,1901-01-05,42.402057464,14.30953,138.94614,305169.0206291445,0.04305411927522518,0.030130738538498347
VNZ,1902-01-04,41.27422541944,14.18046,141.15775,292397.86989690614,-0.02173376180878217,-0.033629086152164644
VNZ,1903-01-03,41.72058914868,14.17827,143.18926,291366.74879582453,0.003530591399642846,-0.007423771804960566
VNZ,1904-01-02,43.409134418,14.9978,145.57714,298186.4763794645,0.013408911607955654,0.0007897022171805546
VNZ,1905-01-08,44.10672511232,15.42852,148.35144,297312.4164640397,-0.0004486621751172981,-0.014894149028022552
VNZ,1906-01-07,45.24925132624,15.6934,150.94498,299773.14466661966,0.025896560420443526,0.012686728276774195
VNZ,1907-01-06,45.67812367352,16.18185,153.59585,297391.65266196965,0.030989843399815475,0.016963897925260873
VNZ,1908-01-05,50.18741601484,15.53495,156.06525,321579.6983302817,0.07986533386713823,0.06658690891921193
VNZ,1909-01-04,52.3326117496,15.18804,158.27331,330647.10499578225,0.03249366821186084,0.021376383158487
VNZ,1910-01-03,52.61932584532,15.39741,160.23635,328385.6992830903,0.03560941528145767,0.025794202513210962
VNZ,1911-01-02,57.768809743320006,15.64454,162.16657,356231.31045640295,0.0791386577395834,0.06929009782064743
VNZ,1912-01-08,71.54807726768,16.61516,164.21194,435705.6939201864,0.21553521914644969,0.20418035767685194
VNZ,1913-01-07,71.03079890608,16.90946,166.32528,427059.54804994166,-0.007963425798002022,-0.01764084199167637
VNZ,1914-01-06,65.803133682,16.90475,168.51825,390480.75613175426,-0.03653060846935108,-0.046194375099646856
VNZ,1915-01-05,64.63872096812,16.58879,170.71952,378625.25016541756,0.006870549395376013,-0.0031437897143602456
VNZ,1916-01-04,70.71588850404001,16.41458,172.84099,409138.4138915196,0.08292015358644123,0.07264844988883046
VNZ,1917-01-03,82.48081558392,17.45965,175.12799,470974.48890905443,0.09630830527401102,0.08533330222749869
VNZ,1918-01-02,98.46873981204,18.5134,177.51347999999996,554711.33691954,0.09661658010231755,0.08533615234873104
VNZ,1919-01-08,123.17336349552,19.58642,179.87549,684770.1345832052,0.16371019261716913,0.1522160057494022
VNZ,1920-01-07,121.9902773492,19.49537,182.62745,667973.392549696,-0.01696371937134955,-0.02842357632833481
VNZ,1921-01-06,120.8183895672,19.37194,190.86747,632996.2332879459,-0.002850774147244217,-0.03848985486282186
VNZ,1922-01-05,126.10878401576001,19.07333,205.68631,613112.1901878642,0.04081514946596454,-0.00979246442879289
VNZ,1923-01-04,140.01758018976,20.89682,231.98099999999997,603573.4831290494,0.07477706274391616,-0.015607578219079765
VNZ,1924-01-03,165.39412162832002,22.72911,249.12927,663888.7579461057,0.1710864841616757,0.11232631407912042
VNZ,1925-01-02,186.05340400088,23.58511,274.70083,677294.6554288897,0.12158260480519356,0.039205549106097415
VNZ,1926-01-08,186.23416941688,24.16943,281.16969,662355.0689865611,-0.007199038272617697,-0.02460213971057712
VNZ,1927-01-07,189.70227386448,24.94392,289.13527,656102.1554529823,0.04562337195424804,0.022086900839056733
VNZ,1928-01-06,280.18897717876,26.72216,295.80207,947217.7702433252,0.27976210729492323,0.2599805922100329
